WG_METRICS_HEADER frame,q1_shards,q1_shard_capacity,gpu_frame_ms,reset_ms,reset_barrier_ms,compute_ms,metrics_copy_ms,render_ms,q2_shards,q2_shard_capacity,edges,vertices,edges_per_ms,vertices_per_ms,q1_deq_attempt_mean,q1_deq_attempt_max,q1_deq_attempt_imbalance,q1_deq_cas_fail_mean,q1_deq_cas_fail_max,q1_deq_probe_mean,q1_deq_probe_max,q1_deq_probe_imbalance,q1_enq_attempt_mean,q1_enq_attempt_max,q1_enq_attempt_imbalance,q1_high_water_mean,q1_high_water_max,q1_enq_ok,q1_enq_cas_fail,q1_enq_full,q1_deq_ok,q1_deq_cas_fail,q1_deq_empty,q1_ready_cas_fail,q1_ready_max_spin,q1_high_water,q2_enq_ok,q2_enq_cas_fail,q2_enq_full,q2_deq_ok,q2_deq_cas_fail,q2_deq_empty,q2_ready_cas_fail,q2_ready_max_spin,q2_high_water,q2_deq_batches,q2_deq_batch_slots,q2_deq_batch_cas_attempts,q2_deq_batch_cas_fail,q2_deq_batch_empty,q2_deq_batch_partial,q2_deq_slots_per_batch,q2_deq_batch_enabled,q2_deq_batch_limit,node_a_seed,node_b_tasks,node_b_subdivide,node_b_final,node_c_output,stop_writes
WG_METRICS 1,256,768,1.0860,0.0097,0.0074,1.0164,0.0238,0.0287,256,768,196608,393216,193443.2656,386886.5312,0.0000,0,0.0000,0.0000,0,0.0000,0,0.0000,0.0000,0,0.0000,0.0000,0,0,0,0,0,0,0,0,0,0,0,0,0,0,0,0,0,0,0,0,0,0,0,0,0,0.0000,0,32,0,0,0,0,0,0
WG_METRICS 2,256,768,1.0805,0.0081,0.0075,1.0139,0.0238,0.0273,256,768,196608,393216,193916.4375,387832.8750,0.0000,0,0.0000,0.0000,0,0.0000,0,0.0000,0.0000,0,0.0000,0.0000,0,0,0,0,0,0,0,0,0,0,0,0,0,0,0,0,0,0,0,0,0,0,0,0,0,0.0000,0,32,0,0,0,0,0,0
WG_METRICS 3,256,768,1.0830,0.0106,0.0073,1.0144,0.0228,0.0279,256,768,196608,393216,193824.6875,387649.3750,0.0000,0,0.0000,0.0000,0,0.0000,0,0.0000,0.0000,0,0.0000,0.0000,0,0,0,0,0,0,0,0,0,0,0,0,0,0,0,0,0,0,0,0,0,0,0,0,0,0.0000,0,32,0,0,0,0,0,0
WG_METRICS 4,256,768,1.0548,0.0081,0.0074,0.9971,0.0146,0.0276,256,768,196608,393216,197183.7656,394367.5312,0.0000,0,0.0000,0.0000,0,0.0000,0,0.0000,0.0000,0,0.0000,0.0000,0,0,0,0,0,0,0,0,0,0,0,0,0,0,0,0,0,0,0,0,0,0,0,0,0,0.0000,0,32,0,0,0,0,0,0
WG_METRICS 5,256,768,1.0586,0.0076,0.0068,1.0099,0.0164,0.0179,256,768,196608,393216,194676.8125,389353.6250,0.0000,0,0.0000,0.0000,0,0.0000,0,0.0000,0.0000,0,0.0000,0.0000,0,0,0,0,0,0,0,0,0,0,0,0,0,0,0,0,0,0,0,0,0,0,0,0,0,0.0000,0,32,0,0,0,0,0,0
WG_METRICS 6,256,768,1.0536,0.0076,0.0068,1.0055,0.0164,0.0173,256,768,196608,393216,195536.4531,391072.9062,0.0000,0,0.0000,0.0000,0,0.0000,0,0.0000,0.0000,0,0.0000,0.0000,0,0,0,0,0,0,0,0,0,0,0,0,0,0,0,0,0,0,0,0,0,0,0,0,0,0.0000,0,32,0,0,0,0,0,0
WG_METRICS 7,256,768,1.0556,0.0076,0.0067,1.0075,0.0164,0.0174,256,768,196608,393216,195140.5469,390281.0938,0.0000,0,0.0000,0.0000,0,0.0000,0,0.0000,0.0000,0,0.0000,0.0000,0,0,0,0,0,0,0,0,0,0,0,0,0,0,0,0,0,0,0,0,0,0,0,0,0,0.0000,0,32,0,0,0,0,0,0
WG_METRICS 8,256,768,1.0852,0.0085,0.0074,1.0188,0.0232,0.0273,256,768,196608,393216,192987.5625,385975.1250,0.0000,0,0.0000,0.0000,0,0.0000,0,0.0000,0.0000,0,0.0000,0.0000,0,0,0,0,0,0,0,0,0,0,0,0,0,0,0,0,0,0,0,0,0,0,0,0,0,0.0000,0,32,0,0,0,0,0,0
WG_METRICS 9,256,768,1.0654,0.0080,0.0074,1.0062,0.0166,0.0271,256,768,196608,393216,195404.3125,390808.6250,0.0000,0,0.0000,0.0000,0,0.0000,0,0.0000,0.0000,0,0.0000,0.0000,0,0,0,0,0,0,0,0,0,0,0,0,0,0,0,0,0,0,0,0,0,0,0,0,0,0.0000,0,32,0,0,0,0,0,0
WG_METRICS 10,256,768,1.0774,0.0081,0.0074,1.0178,0.0166,0.0276,256,768,196608,393216,193169.5938,386339.1875,0.0000,0,0.0000,0.0000,0,0.0000,0,0.0000,0.0000,0,0.0000,0.0000,0,0,0,0,0,0,0,0,0,0,0,0,0,0,0,0,0,0,0,0,0,0,0,0,0,0.0000,0,32,0,0,0,0,0,0
WG_METRICS 11,256,768,1.0755,0.0081,0.0074,1.0088,0.0230,0.0282,256,768,196608,393216,194892.9375,389785.8750,0.0000,0,0.0000,0.0000,0,0.0000,0,0.0000,0.0000,0,0.0000,0.0000,0,0,0,0,0,0,0,0,0,0,0,0,0,0,0,0,0,0,0,0,0,0,0,0,0,0.0000,0,32,0,0,0,0,0,0
WG_METRICS 12,256,768,1.0660,0.0076,0.0069,1.0116,0.0226,0.0174,256,768,196608,393216,194361.1875,388722.3750,0.0000,0,0.0000,0.0000,0,0.0000,0,0.0000,0.0000,0,0.0000,0.0000,0,0,0,0,0,0,0,0,0,0,0,0,0,0,0,0,0,0,0,0,0,0,0,0,0,0.0000,0,32,0,0,0,0,0,0
WG_METRICS 13,256,768,1.0936,0.0081,0.0074,1.0271,0.0233,0.0276,256,768,196608,393216,191416.7812,382833.5625,0.0000,0,0.0000,0.0000,0,0.0000,0,0.0000,0.0000,0,0.0000,0.0000,0,0,0,0,0,0,0,0,0,0,0,0,0,0,0,0,0,0,0,0,0,0,0,0,0,0.0000,0,32,0,0,0,0,0,0
WG_METRICS 14,256,768,1.0744,0.0082,0.0074,1.0078,0.0231,0.0280,256,768,196608,393216,195086.3281,390172.6562,0.0000,0,0.0000,0.0000,0,0.0000,0,0.0000,0.0000,0,0.0000,0.0000,0,0,0,0,0,0,0,0,0,0,0,0,0,0,0,0,0,0,0,0,0,0,0,0,0,0.0000,0,32,0,0,0,0,0,0
WG_METRICS 15,256,768,1.0534,0.0081,0.0075,0.9936,0.0154,0.0288,256,768,196608,393216,197866.4219,395732.8438,0.0000,0,0.0000,0.0000,0,0.0000,0,0.0000,0.0000,0,0.0000,0.0000,0,0,0,0,0,0,0,0,0,0,0,0,0,0,0,0,0,0,0,0,0,0,0,0,0,0.0000,0,32,0,0,0,0,0,0
WG_METRICS 16,256,768,1.0500,0.0082,0.0073,0.9919,0.0154,0.0272,256,768,196608,393216,198217.5312,396435.0625,0.0000,0,0.0000,0.0000,0,0.0000,0,0.0000,0.0000,0,0.0000,0.0000,0,0,0,0,0,0,0,0,0,0,0,0,0,0,0,0,0,0,0,0,0,0,0,0,0,0.0000,0,32,0,0,0,0,0,0
WG_METRICS 17,256,768,1.0920,0.0084,0.0075,1.0249,0.0234,0.0278,256,768,196608,393216,191835.1250,383670.2500,0.0000,0,0.0000,0.0000,0,0.0000,0,0.0000,0.0000,0,0.0000,0.0000,0,0,0,0,0,0,0,0,0,0,0,0,0,0,0,0,0,0,0,0,0,0,0,0,0,0.0000,0,32,0,0,0,0,0,0
WG_METRICS 18,256,768,1.0762,0.0082,0.0073,1.0175,0.0147,0.0284,256,768,196608,393216,193230.3281,386460.6562,0.0000,0,0.0000,0.0000,0,0.0000,0,0.0000,0.0000,0,0.0000,0.0000,0,0,0,0,0,0,0,0,0,0,0,0,0,0,0,0,0,0,0,0,0,0,0,0,0,0.0000,0,32,0,0,0,0,0,0
WG_METRICS 19,256,768,1.0723,0.0081,0.0075,1.0040,0.0235,0.0293,256,768,196608,393216,195832.5000,391665.0000,0.0000,0,0.0000,0.0000,0,0.0000,0,0.0000,0.0000,0,0.0000,0.0000,0,0,0,0,0,0,0,0,0,0,0,0,0,0,0,0,0,0,0,0,0,0,0,0,0,0.0000,0,32,0,0,0,0,0,0
WG_METRICS 20,256,768,1.0436,0.0082,0.0073,0.9893,0.0098,0.0289,256,768,196608,393216,198730.4375,397460.8750,0.0000,0,0.0000,0.0000,0,0.0000,0,0.0000,0.0000,0,0.0000,0.0000,0,0,0,0,0,0,0,0,0,0,0,0,0,0,0,0,0,0,0,0,0,0,0,0,0,0.0000,0,32,0,0,0,0,0,0
WG_METRICS 21,256,768,1.0788,0.0082,0.0073,1.0192,0.0145,0.0296,256,768,196608,393216,192904.2500,385808.5000,0.0000,0,0.0000,0.0000,0,0.0000,0,0.0000,0.0000,0,0.0000,0.0000,0,0,0,0,0,0,0,0,0,0,0,0,0,0,0,0,0,0,0,0,0,0,0,0,0,0.0000,0,32,0,0,0,0,0,0
WG_METRICS 22,256,768,1.0576,0.0082,0.0074,0.9999,0.0144,0.0277,256,768,196608,393216,196623.7344,393247.4688,0.0000,0,0.0000,0.0000,0,0.0000,0,0.0000,0.0000,0,0.0000,0.0000,0,0,0,0,0,0,0,0,0,0,0,0,0,0,0,0,0,0,0,0,0,0,0,0,0,0.0000,0,32,0,0,0,0,0,0
WG_METRICS 23,256,768,1.0714,0.0081,0.0075,1.0053,0.0233,0.0272,256,768,196608,393216,195575.3594,391150.7188,0.0000,0,0.0000,0.0000,0,0.0000,0,0.0000,0.0000,0,0.0000,0.0000,0,0,0,0,0,0,0,0,0,0,0,0,0,0,0,0,0,0,0,0,0,0,0,0,0,0.0000,0,32,0,0,0,0,0,0
WG_METRICS 24,256,768,1.0896,0.0081,0.0074,1.0225,0.0241,0.0275,256,768,196608,393216,192285.4219,384570.8438,0.0000,0,0.0000,0.0000,0,0.0000,0,0.0000,0.0000,0,0.0000,0.0000,0,0,0,0,0,0,0,0,0,0,0,0,0,0,0,0,0,0,0,0,0,0,0,0,0,0.0000,0,32,0,0,0,0,0,0
WG_METRICS 25,256,768,1.0481,0.0081,0.0074,0.9892,0.0148,0.0287,256,768,196608,393216,198762.5938,397525.1875,0.0000,0,0.0000,0.0000,0,0.0000,0,0.0000,0.0000,0,0.0000,0.0000,0,0,0,0,0,0,0,0,0,0,0,0,0,0,0,0,0,0,0,0,0,0,0,0,0,0.0000,0,32,0,0,0,0,0,0
WG_METRICS 26,256,768,1.0628,0.0081,0.0075,0.9962,0.0231,0.0278,256,768,196608,393216,197357.9531,394715.9062,0.0000,0,0.0000,0.0000,0,0.0000,0,0.0000,0.0000,0,0.0000,0.0000,0,0,0,0,0,0,0,0,0,0,0,0,0,0,0,0,0,0,0,0,0,0,0,0,0,0.0000,0,32,0,0,0,0,0,0
WG_METRICS 27,256,768,1.0789,0.0082,0.0074,1.0116,0.0238,0.0280,256,768,196608,393216,194361.1875,388722.3750,0.0000,0,0.0000,0.0000,0,0.0000,0,0.0000,0.0000,0,0.0000,0.0000,0,0,0,0,0,0,0,0,0,0,0,0,0,0,0,0,0,0,0,0,0,0,0,0,0,0.0000,0,32,0,0,0,0,0,0
WG_METRICS 28,256,768,1.0684,0.0080,0.0074,1.0024,0.0232,0.0274,256,768,196608,393216,196137.2656,392274.5312,0.0000,0,0.0000,0.0000,0,0.0000,0,0.0000,0.0000,0,0.0000,0.0000,0,0,0,0,0,0,0,0,0,0,0,0,0,0,0,0,0,0,0,0,0,0,0,0,0,0.0000,0,32,0,0,0,0,0,0
WG_METRICS 29,256,768,1.0827,0.0082,0.0073,1.0167,0.0231,0.0274,256,768,196608,393216,193382.3750,386764.7500,0.0000,0,0.0000,0.0000,0,0.0000,0,0.0000,0.0000,0,0.0000,0.0000,0,0,0,0,0,0,0,0,0,0,0,0,0,0,0,0,0,0,0,0,0,0,0,0,0,0.0000,0,32,0,0,0,0,0,0
WG_METRICS 30,256,768,1.0613,0.0082,0.0074,0.9947,0.0238,0.0273,256,768,196608,393216,197659.5469,395319.0938,0.0000,0,0.0000,0.0000,0,0.0000,0,0.0000,0.0000,0,0.0000,0.0000,0,0,0,0,0,0,0,0,0,0,0,0,0,0,0,0,0,0,0,0,0,0,0,0,0,0.0000,0,32,0,0,0,0,0,0
WG_METRICS 31,256,768,1.0586,0.0083,0.0073,0.9911,0.0232,0.0286,256,768,196608,393216,198369.5312,396739.0625,0.0000,0,0.0000,0.0000,0,0.0000,0,0.0000,0.0000,0,0.0000,0.0000,0,0,0,0,0,0,0,0,0,0,0,0,0,0,0,0,0,0,0,0,0,0,0,0,0,0.0000,0,32,0,0,0,0,0,0
WG_METRICS 32,256,768,1.0771,0.0082,0.0074,1.0097,0.0239,0.0280,256,768,196608,393216,194715.3750,389430.7500,0.0000,0,0.0000,0.0000,0,0.0000,0,0.0000,0.0000,0,0.0000,0.0000,0,0,0,0,0,0,0,0,0,0,0,0,0,0,0,0,0,0,0,0,0,0,0,0,0,0.0000,0,32,0,0,0,0,0,0
WG_METRICS 33,256,768,1.0610,0.0081,0.0074,0.9944,0.0231,0.0281,256,768,196608,393216,197715.2031,395430.4062,0.0000,0,0.0000,0.0000,0,0.0000,0,0.0000,0.0000,0,0.0000,0.0000,0,0,0,0,0,0,0,0,0,0,0,0,0,0,0,0,0,0,0,0,0,0,0,0,0,0.0000,0,32,0,0,0,0,0,0
WG_METRICS 34,256,768,1.0688,0.0081,0.0074,1.0028,0.0232,0.0272,256,768,196608,393216,196059.0312,392118.0625,0.0000,0,0.0000,0.0000,0,0.0000,0,0.0000,0.0000,0,0.0000,0.0000,0,0,0,0,0,0,0,0,0,0,0,0,0,0,0,0,0,0,0,0,0,0,0,0,0,0.0000,0,32,0,0,0,0,0,0
WG_METRICS 35,256,768,1.0813,0.0080,0.0076,1.0152,0.0230,0.0275,256,768,196608,393216,193656.6875,387313.3750,0.0000,0,0.0000,0.0000,0,0.0000,0,0.0000,0.0000,0,0.0000,0.0000,0,0,0,0,0,0,0,0,0,0,0,0,0,0,0,0,0,0,0,0,0,0,0,0,0,0.0000,0,32,0,0,0,0,0,0
WG_METRICS 36,256,768,1.0659,0.0081,0.0074,0.9997,0.0235,0.0272,256,768,196608,393216,196663.0625,393326.1250,0.0000,0,0.0000,0.0000,0,0.0000,0,0.0000,0.0000,0,0.0000,0.0000,0,0,0,0,0,0,0,0,0,0,0,0,0,0,0,0,0,0,0,0,0,0,0,0,0,0.0000,0,32,0,0,0,0,0,0
WG_METRICS 37,256,768,1.0644,0.0081,0.0074,0.9986,0.0233,0.0269,256,768,196608,393216,196875.7500,393751.5000,0.0000,0,0.0000,0.0000,0,0.0000,0,0.0000,0.0000,0,0.0000,0.0000,0,0,0,0,0,0,0,0,0,0,0,0,0,0,0,0,0,0,0,0,0,0,0,0,0,0.0000,0,32,0,0,0,0,0,0
WG_METRICS 38,256,768,1.0664,0.0082,0.0074,1.0075,0.0147,0.0286,256,768,196608,393216,195148.2812,390296.5625,0.0000,0,0.0000,0.0000,0,0.0000,0,0.0000,0.0000,0,0.0000,0.0000,0,0,0,0,0,0,0,0,0,0,0,0,0,0,0,0,0,0,0,0,0,0,0,0,0,0.0000,0,32,0,0,0,0,0,0
WG_METRICS 39,256,768,1.0867,0.0104,0.0074,1.0174,0.0228,0.0286,256,768,196608,393216,193245.5156,386491.0312,0.0000,0,0.0000,0.0000,0,0.0000,0,0.0000,0.0000,0,0.0000,0.0000,0,0,0,0,0,0,0,0,0,0,0,0,0,0,0,0,0,0,0,0,0,0,0,0,0,0.0000,0,32,0,0,0,0,0,0
WG_METRICS 40,256,768,1.0813,0.0082,0.0073,1.0155,0.0233,0.0270,256,768,196608,393216,193610.8906,387221.7812,0.0000,0,0.0000,0.0000,0,0.0000,0,0.0000,0.0000,0,0.0000,0.0000,0,0,0,0,0,0,0,0,0,0,0,0,0,0,0,0,0,0,0,0,0,0,0,0,0,0.0000,0,32,0,0,0,0,0,0
WG_METRICS 41,256,768,1.0704,0.0081,0.0074,1.0024,0.0240,0.0284,256,768,196608,393216,196129.4531,392258.9062,0.0000,0,0.0000,0.0000,0,0.0000,0,0.0000,0.0000,0,0.0000,0.0000,0,0,0,0,0,0,0,0,0,0,0,0,0,0,0,0,0,0,0,0,0,0,0,0,0,0.0000,0,32,0,0,0,0,0,0
WG_METRICS 42,256,768,1.0610,0.0080,0.0074,1.0020,0.0155,0.0282,256,768,196608,393216,196223.3906,392446.7812,0.0000,0,0.0000,0.0000,0,0.0000,0,0.0000,0.0000,0,0.0000,0.0000,0,0,0,0,0,0,0,0,0,0,0,0,0,0,0,0,0,0,0,0,0,0,0,0,0,0.0000,0,32,0,0,0,0,0,0
WG_METRICS 43,256,768,1.0564,0.0081,0.0074,0.9890,0.0240,0.0279,256,768,196608,393216,198802.7812,397605.5625,0.0000,0,0.0000,0.0000,0,0.0000,0,0.0000,0.0000,0,0.0000,0.0000,0,0,0,0,0,0,0,0,0,0,0,0,0,0,0,0,0,0,0,0,0,0,0,0,0,0.0000,0,32,0,0,0,0,0,0
WG_METRICS 44,256,768,1.0644,0.0081,0.0074,0.9981,0.0233,0.0275,256,768,196608,393216,196986.2031,393972.4062,0.0000,0,0.0000,0.0000,0,0.0000,0,0.0000,0.0000,0,0.0000,0.0000,0,0,0,0,0,0,0,0,0,0,0,0,0,0,0,0,0,0,0,0,0,0,0,0,0,0.0000,0,32,0,0,0,0,0,0
WG_METRICS 45,256,768,1.0625,0.0081,0.0074,1.0052,0.0148,0.0270,256,768,196608,393216,195583.1562,391166.3125,0.0000,0,0.0000,0.0000,0,0.0000,0,0.0000,0.0000,0,0.0000,0.0000,0,0,0,0,0,0,0,0,0,0,0,0,0,0,0,0,0,0,0,0,0,0,0,0,0,0.0000,0,32,0,0,0,0,0,0
WG_METRICS 46,256,768,1.0650,0.0081,0.0075,0.9988,0.0231,0.0276,256,768,196608,393216,196844.2188,393688.4375,0.0000,0,0.0000,0.0000,0,0.0000,0,0.0000,0.0000,0,0.0000,0.0000,0,0,0,0,0,0,0,0,0,0,0,0,0,0,0,0,0,0,0,0,0,0,0,0,0,0.0000,0,32,0,0,0,0,0,0
WG_METRICS 47,256,768,1.0530,0.0082,0.0075,0.9923,0.0154,0.0296,256,768,196608,393216,198129.6406,396259.2812,0.0000,0,0.0000,0.0000,0,0.0000,0,0.0000,0.0000,0,0.0000,0.0000,0,0,0,0,0,0,0,0,0,0,0,0,0,0,0,0,0,0,0,0,0,0,0,0,0,0.0000,0,32,0,0,0,0,0,0
WG_METRICS 48,256,768,1.0590,0.0082,0.0073,0.9917,0.0241,0.0277,256,768,196608,393216,198257.5000,396515.0000,0.0000,0,0.0000,0.0000,0,0.0000,0,0.0000,0.0000,0,0.0000,0.0000,0,0,0,0,0,0,0,0,0,0,0,0,0,0,0,0,0,0,0,0,0,0,0,0,0,0.0000,0,32,0,0,0,0,0,0
WG_METRICS 49,256,768,1.0959,0.0081,0.0074,1.0294,0.0234,0.0276,256,768,196608,393216,191000.2188,382000.4375,0.0000,0,0.0000,0.0000,0,0.0000,0,0.0000,0.0000,0,0.0000,0.0000,0,0,0,0,0,0,0,0,0,0,0,0,0,0,0,0,0,0,0,0,0,0,0,0,0,0.0000,0,32,0,0,0,0,0,0
WG_METRICS 50,256,768,1.0903,0.0081,0.0074,1.0245,0.0234,0.0269,256,768,196608,393216,191910.0469,383820.0938,0.0000,0,0.0000,0.0000,0,0.0000,0,0.0000,0.0000,0,0.0000,0.0000,0,0,0,0,0,0,0,0,0,0,0,0,0,0,0,0,0,0,0,0,0,0,0,0,0,0.0000,0,32,0,0,0,0,0,0
WG_METRICS 51,256,768,1.0518,0.0081,0.0074,0.9856,0.0231,0.0276,256,768,196608,393216,199488.6094,398977.2188,0.0000,0,0.0000,0.0000,0,0.0000,0,0.0000,0.0000,0,0.0000,0.0000,0,0,0,0,0,0,0,0,0,0,0,0,0,0,0,0,0,0,0,0,0,0,0,0,0,0.0000,0,32,0,0,0,0,0,0
WG_METRICS 52,256,768,1.0645,0.0082,0.0074,0.9989,0.0230,0.0270,256,768,196608,393216,196820.5625,393641.1250,0.0000,0,0.0000,0.0000,0,0.0000,0,0.0000,0.0000,0,0.0000,0.0000,0,0,0,0,0,0,0,0,0,0,0,0,0,0,0,0,0,0,0,0,0,0,0,0,0,0.0000,0,32,0,0,0,0,0,0
WG_METRICS 53,256,768,1.0532,0.0082,0.0074,0.9870,0.0233,0.0272,256,768,196608,393216,199197.5781,398395.1562,0.0000,0,0.0000,0.0000,0,0.0000,0,0.0000,0.0000,0,0.0000,0.0000,0,0,0,0,0,0,0,0,0,0,0,0,0,0,0,0,0,0,0,0,0,0,0,0,0,0.0000,0,32,0,0,0,0,0,0
WG_METRICS 54,256,768,1.0844,0.0081,0.0074,1.0174,0.0232,0.0283,256,768,196608,393216,193237.9375,386475.8750,0.0000,0,0.0000,0.0000,0,0.0000,0,0.0000,0.0000,0,0.0000,0.0000,0,0,0,0,0,0,0,0,0,0,0,0,0,0,0,0,0,0,0,0,0,0,0,0,0,0.0000,0,32,0,0,0,0,0,0
WG_METRICS 55,256,768,1.0658,0.0082,0.0074,1.0083,0.0150,0.0270,256,768,196608,393216,194993.4531,389986.9062,0.0000,0,0.0000,0.0000,0,0.0000,0,0.0000,0.0000,0,0.0000,0.0000,0,0,0,0,0,0,0,0,0,0,0,0,0,0,0,0,0,0,0,0,0,0,0,0,0,0.0000,0,32,0,0,0,0,0,0
WG_METRICS 56,256,768,1.0596,0.0080,0.0074,1.0018,0.0145,0.0279,256,768,196608,393216,196254.7500,392509.5000,0.0000,0,0.0000,0.0000,0,0.0000,0,0.0000,0.0000,0,0.0000,0.0000,0,0,0,0,0,0,0,0,0,0,0,0,0,0,0,0,0,0,0,0,0,0,0,0,0,0.0000,0,32,0,0,0,0,0,0
WG_METRICS 57,256,768,1.0755,0.0082,0.0074,1.0088,0.0240,0.0271,256,768,196608,393216,194892.9375,389785.8750,0.0000,0,0.0000,0.0000,0,0.0000,0,0.0000,0.0000,0,0.0000,0.0000,0,0,0,0,0,0,0,0,0,0,0,0,0,0,0,0,0,0,0,0,0,0,0,0,0,0.0000,0,32,0,0,0,0,0,0
WG_METRICS 58,256,768,1.0692,0.0090,0.0080,1.0005,0.0241,0.0275,256,768,196608,393216,196505.8125,393011.6250,0.0000,0,0.0000,0.0000,0,0.0000,0,0.0000,0.0000,0,0.0000,0.0000,0,0,0,0,0,0,0,0,0,0,0,0,0,0,0,0,0,0,0,0,0,0,0,0,0,0.0000,0,32,0,0,0,0,0,0
WG_METRICS 59,256,768,1.0695,0.0082,0.0074,1.0040,0.0230,0.0269,256,768,196608,393216,195824.7188,391649.4375,0.0000,0,0.0000,0.0000,0,0.0000,0,0.0000,0.0000,0,0.0000,0.0000,0,0,0,0,0,0,0,0,0,0,0,0,0,0,0,0,0,0,0,0,0,0,0,0,0,0.0000,0,32,0,0,0,0,0,0
WG_METRICS 60,256,768,1.0917,0.0098,0.0074,1.0244,0.0232,0.0269,256,768,196608,393216,191917.5312,383835.0625,0.0000,0,0.0000,0.0000,0,0.0000,0,0.0000,0.0000,0,0.0000,0.0000,0,0,0,0,0,0,0,0,0,0,0,0,0,0,0,0,0,0,0,0,0,0,0,0,0,0.0000,0,32,0,0,0,0,0,0
WG_METRICS 61,256,768,1.0562,0.0081,0.0074,0.9984,0.0145,0.0277,256,768,196608,393216,196915.1875,393830.3750,0.0000,0,0.0000,0.0000,0,0.0000,0,0.0000,0.0000,0,0.0000,0.0000,0,0,0,0,0,0,0,0,0,0,0,0,0,0,0,0,0,0,0,0,0,0,0,0,0,0.0000,0,32,0,0,0,0,0,0
WG_METRICS 62,256,768,1.0712,0.0082,0.0074,1.0044,0.0235,0.0277,256,768,196608,393216,195738.9219,391477.8438,0.0000,0,0.0000,0.0000,0,0.0000,0,0.0000,0.0000,0,0.0000,0.0000,0,0,0,0,0,0,0,0,0,0,0,0,0,0,0,0,0,0,0,0,0,0,0,0,0,0.0000,0,32,0,0,0,0,0,0
WG_METRICS 63,256,768,1.0508,0.0081,0.0076,0.9928,0.0144,0.0280,256,768,196608,393216,198033.8438,396067.6875,0.0000,0,0.0000,0.0000,0,0.0000,0,0.0000,0.0000,0,0.0000,0.0000,0,0,0,0,0,0,0,0,0,0,0,0,0,0,0,0,0,0,0,0,0,0,0,0,0,0.0000,0,32,0,0,0,0,0,0
WG_METRICS 64,256,768,1.0642,0.0082,0.0073,0.9980,0.0238,0.0268,256,768,196608,393216,196994.1094,393988.2188,0.0000,0,0.0000,0.0000,0,0.0000,0,0.0000,0.0000,0,0.0000,0.0000,0,0,0,0,0,0,0,0,0,0,0,0,0,0,0,0,0,0,0,0,0,0,0,0,0,0.0000,0,32,0,0,0,0,0,0
WG_METRICS 65,256,768,1.0656,0.0103,0.0076,0.9954,0.0237,0.0286,256,768,196608,393216,197516.5781,395033.1562,0.0000,0,0.0000,0.0000,0,0.0000,0,0.0000,0.0000,0,0.0000,0.0000,0,0,0,0,0,0,0,0,0,0,0,0,0,0,0,0,0,0,0,0,0,0,0,0,0,0.0000,0,32,0,0,0,0,0,0
WG_METRICS 66,256,768,1.0787,0.0081,0.0074,1.0123,0.0232,0.0277,256,768,196608,393216,194215.2656,388430.5312,0.0000,0,0.0000,0.0000,0,0.0000,0,0.0000,0.0000,0,0.0000,0.0000,0,0,0,0,0,0,0,0,0,0,0,0,0,0,0,0,0,0,0,0,0,0,0,0,0,0.0000,0,32,0,0,0,0,0,0
WG_METRICS 67,256,768,1.0724,0.0082,0.0075,1.0064,0.0232,0.0273,256,768,196608,393216,195365.4688,390730.9375,0.0000,0,0.0000,0.0000,0,0.0000,0,0.0000,0.0000,0,0.0000,0.0000,0,0,0,0,0,0,0,0,0,0,0,0,0,0,0,0,0,0,0,0,0,0,0,0,0,0.0000,0,32,0,0,0,0,0,0
WG_METRICS 68,256,768,1.0638,0.0081,0.0074,0.9977,0.0231,0.0276,256,768,196608,393216,197057.2969,394114.5938,0.0000,0,0.0000,0.0000,0,0.0000,0,0.0000,0.0000,0,0.0000,0.0000,0,0,0,0,0,0,0,0,0,0,0,0,0,0,0,0,0,0,0,0,0,0,0,0,0,0.0000,0,32,0,0,0,0,0,0
WG_METRICS 69,256,768,1.0510,0.0110,0.0072,0.9911,0.0134,0.0283,256,768,196608,393216,198377.5312,396755.0625,0.0000,0,0.0000,0.0000,0,0.0000,0,0.0000,0.0000,0,0.0000,0.0000,0,0,0,0,0,0,0,0,0,0,0,0,0,0,0,0,0,0,0,0,0,0,0,0,0,0.0000,0,32,0,0,0,0,0,0
WG_METRICS 70,256,768,1.0530,0.0082,0.0074,0.9944,0.0146,0.0283,256,768,196608,393216,197707.2500,395414.5000,0.0000,0,0.0000,0.0000,0,0.0000,0,0.0000,0.0000,0,0.0000,0.0000,0,0,0,0,0,0,0,0,0,0,0,0,0,0,0,0,0,0,0,0,0,0,0,0,0,0.0000,0,32,0,0,0,0,0,0
WG_METRICS 71,256,768,1.0788,0.0082,0.0074,1.0124,0.0232,0.0277,256,768,196608,393216,194192.2500,388384.5000,0.0000,0,0.0000,0.0000,0,0.0000,0,0.0000,0.0000,0,0.0000,0.0000,0,0,0,0,0,0,0,0,0,0,0,0,0,0,0,0,0,0,0,0,0,0,0,0,0,0.0000,0,32,0,0,0,0,0,0
WG_METRICS 72,256,768,1.0699,0.0082,0.0074,1.0125,0.0146,0.0272,256,768,196608,393216,194176.9062,388353.8125,0.0000,0,0.0000,0.0000,0,0.0000,0,0.0000,0.0000,0,0.0000,0.0000,0,0,0,0,0,0,0,0,0,0,0,0,0,0,0,0,0,0,0,0,0,0,0,0,0,0.0000,0,32,0,0,0,0,0,0
WG_METRICS 73,256,768,1.0634,0.0080,0.0076,0.9972,0.0230,0.0276,256,768,196608,393216,197160.0469,394320.0938,0.0000,0,0.0000,0.0000,0,0.0000,0,0.0000,0.0000,0,0.0000,0.0000,0,0,0,0,0,0,0,0,0,0,0,0,0,0,0,0,0,0,0,0,0,0,0,0,0,0.0000,0,32,0,0,0,0,0,0
WG_METRICS 74,256,768,1.0723,0.0080,0.0075,1.0048,0.0233,0.0287,256,768,196608,393216,195661.0000,391322.0000,0.0000,0,0.0000,0.0000,0,0.0000,0,0.0000,0.0000,0,0.0000,0.0000,0,0,0,0,0,0,0,0,0,0,0,0,0,0,0,0,0,0,0,0,0,0,0,0,0,0.0000,0,32,0,0,0,0,0,0
WG_METRICS 75,256,768,1.0488,0.0081,0.0074,0.9916,0.0147,0.0270,256,768,196608,393216,198281.5000,396563.0000,0.0000,0,0.0000,0.0000,0,0.0000,0,0.0000,0.0000,0,0.0000,0.0000,0,0,0,0,0,0,0,0,0,0,0,0,0,0,0,0,0,0,0,0,0,0,0,0,0,0.0000,0,32,0,0,0,0,0,0
WG_METRICS 76,256,768,1.0620,0.0081,0.0074,0.9944,0.0243,0.0277,256,768,196608,393216,197707.2500,395414.5000,0.0000,0,0.0000,0.0000,0,0.0000,0,0.0000,0.0000,0,0.0000,0.0000,0,0,0,0,0,0,0,0,0,0,0,0,0,0,0,0,0,0,0,0,0,0,0,0,0,0.0000,0,32,0,0,0,0,0,0
WG_METRICS 77,256,768,1.0570,0.0081,0.0074,0.9982,0.0150,0.0282,256,768,196608,393216,196962.5312,393925.0625,0.0000,0,0.0000,0.0000,0,0.0000,0,0.0000,0.0000,0,0.0000,0.0000,0,0,0,0,0,0,0,0,0,0,0,0,0,0,0,0,0,0,0,0,0,0,0,0,0,0.0000,0,32,0,0,0,0,0,0
WG_METRICS 78,256,768,1.0619,0.0081,0.0074,0.9958,0.0230,0.0276,256,768,196608,393216,197437.2344,394874.4688,0.0000,0,0.0000,0.0000,0,0.0000,0,0.0000,0.0000,0,0.0000,0.0000,0,0,0,0,0,0,0,0,0,0,0,0,0,0,0,0,0,0,0,0,0,0,0,0,0,0.0000,0,32,0,0,0,0,0,0
WG_METRICS 79,256,768,1.0606,0.0082,0.0074,0.9932,0.0236,0.0283,256,768,196608,393216,197946.1094,395892.2188,0.0000,0,0.0000,0.0000,0,0.0000,0,0.0000,0.0000,0,0.0000,0.0000,0,0,0,0,0,0,0,0,0,0,0,0,0,0,0,0,0,0,0,0,0,0,0,0,0,0.0000,0,32,0,0,0,0,0,0
WG_METRICS 80,256,768,1.0543,0.0082,0.0073,0.9878,0.0234,0.0276,256,768,196608,393216,199036.2344,398072.4688,0.0000,0,0.0000,0.0000,0,0.0000,0,0.0000,0.0000,0,0.0000,0.0000,0,0,0,0,0,0,0,0,0,0,0,0,0,0,0,0,0,0,0,0,0,0,0,0,0,0.0000,0,32,0,0,0,0,0,0
WG_METRICS 81,256,768,1.0684,0.0082,0.0074,1.0010,0.0239,0.0278,256,768,196608,393216,196411.5781,392823.1562,0.0000,0,0.0000,0.0000,0,0.0000,0,0.0000,0.0000,0,0.0000,0.0000,0,0,0,0,0,0,0,0,0,0,0,0,0,0,0,0,0,0,0,0,0,0,0,0,0,0.0000,0,32,0,0,0,0,0,0
WG_METRICS 82,256,768,1.0855,0.0095,0.0074,1.0182,0.0232,0.0273,256,768,196608,393216,193101.2812,386202.5625,0.0000,0,0.0000,0.0000,0,0.0000,0,0.0000,0.0000,0,0.0000,0.0000,0,0,0,0,0,0,0,0,0,0,0,0,0,0,0,0,0,0,0,0,0,0,0,0,0,0.0000,0,32,0,0,0,0,0,0
WG_METRICS 83,256,768,1.0495,0.0082,0.0074,0.9827,0.0232,0.0279,256,768,196608,393216,200065.1250,400130.2500,0.0000,0,0.0000,0.0000,0,0.0000,0,0.0000,0.0000,0,0.0000,0.0000,0,0,0,0,0,0,0,0,0,0,0,0,0,0,0,0,0,0,0,0,0,0,0,0,0,0.0000,0,32,0,0,0,0,0,0
WG_METRICS 84,256,768,1.0800,0.0081,0.0074,1.0137,0.0232,0.0276,256,768,196608,393216,193954.7031,387909.4062,0.0000,0,0.0000,0.0000,0,0.0000,0,0.0000,0.0000,0,0.0000,0.0000,0,0,0,0,0,0,0,0,0,0,0,0,0,0,0,0,0,0,0,0,0,0,0,0,0,0.0000,0,32,0,0,0,0,0,0
WG_METRICS 85,256,768,1.0734,0.0081,0.0075,1.0067,0.0236,0.0276,256,768,196608,393216,195303.3750,390606.7500,0.0000,0,0.0000,0.0000,0,0.0000,0,0.0000,0.0000,0,0.0000,0.0000,0,0,0,0,0,0,0,0,0,0,0,0,0,0,0,0,0,0,0,0,0,0,0,0,0,0.0000,0,32,0,0,0,0,0,0
WG_METRICS 86,256,768,1.0614,0.0081,0.0074,0.9943,0.0238,0.0279,256,768,196608,393216,197739.0781,395478.1562,0.0000,0,0.0000,0.0000,0,0.0000,0,0.0000,0.0000,0,0.0000,0.0000,0,0,0,0,0,0,0,0,0,0,0,0,0,0,0,0,0,0,0,0,0,0,0,0,0,0.0000,0,32,0,0,0,0,0,0
WG_METRICS 87,256,768,1.0887,0.0082,0.0074,1.0216,0.0234,0.0281,256,768,196608,393216,192443.5312,384887.0625,0.0000,0,0.0000,0.0000,0,0.0000,0,0.0000,0.0000,0,0.0000,0.0000,0,0,0,0,0,0,0,0,0,0,0,0,0,0,0,0,0,0,0,0,0,0,0,0,0,0.0000,0,32,0,0,0,0,0,0
WG_METRICS 88,256,768,1.0669,0.0081,0.0074,1.0090,0.0145,0.0278,256,768,196608,393216,194846.5938,389693.1875,0.0000,0,0.0000,0.0000,0,0.0000,0,0.0000,0.0000,0,0.0000,0.0000,0,0,0,0,0,0,0,0,0,0,0,0,0,0,0,0,0,0,0,0,0,0,0,0,0,0.0000,0,32,0,0,0,0,0,0
WG_METRICS 89,256,768,1.0662,0.0081,0.0074,0.9994,0.0244,0.0269,256,768,196608,393216,196718.1562,393436.3125,0.0000,0,0.0000,0.0000,0,0.0000,0,0.0000,0.0000,0,0.0000,0.0000,0,0,0,0,0,0,0,0,0,0,0,0,0,0,0,0,0,0,0,0,0,0,0,0,0,0.0000,0,32,0,0,0,0,0,0
WG_METRICS 90,256,768,1.0592,0.0096,0.0072,0.9997,0.0147,0.0280,256,768,196608,393216,196670.9375,393341.8750,0.0000,0,0.0000,0.0000,0,0.0000,0,0.0000,0.0000,0,0.0000,0.0000,0,0,0,0,0,0,0,0,0,0,0,0,0,0,0,0,0,0,0,0,0,0,0,0,0,0.0000,0,32,0,0,0,0,0,0
WG_METRICS 91,256,768,1.0701,0.0081,0.0075,1.0022,0.0240,0.0283,256,768,196608,393216,196184.2500,392368.5000,0.0000,0,0.0000,0.0000,0,0.0000,0,0.0000,0.0000,0,0.0000,0.0000,0,0,0,0,0,0,0,0,0,0,0,0,0,0,0,0,0,0,0,0,0,0,0,0,0,0.0000,0,32,0,0,0,0,0,0
WG_METRICS 92,256,768,1.0702,0.0080,0.0074,1.0035,0.0230,0.0282,256,768,196608,393216,195918.3594,391836.7188,0.0000,0,0.0000,0.0000,0,0.0000,0,0.0000,0.0000,0,0.0000,0.0000,0,0,0,0,0,0,0,0,0,0,0,0,0,0,0,0,0,0,0,0,0,0,0,0,0,0.0000,0,32,0,0,0,0,0,0
WG_METRICS 93,256,768,1.0680,0.0089,0.0074,1.0024,0.0231,0.0263,256,768,196608,393216,196137.2656,392274.5312,0.0000,0,0.0000,0.0000,0,0.0000,0,0.0000,0.0000,0,0.0000,0.0000,0,0,0,0,0,0,0,0,0,0,0,0,0,0,0,0,0,0,0,0,0,0,0,0,0,0.0000,0,32,0,0,0,0,0,0
WG_METRICS 94,256,768,1.0636,0.0081,0.0074,1.0045,0.0144,0.0292,256,768,196608,393216,195723.3125,391446.6250,0.0000,0,0.0000,0.0000,0,0.0000,0,0.0000,0.0000,0,0.0000,0.0000,0,0,0,0,0,0,0,0,0,0,0,0,0,0,0,0,0,0,0,0,0,0,0,0,0,0.0000,0,32,0,0,0,0,0,0
WG_METRICS 95,256,768,1.0775,0.0082,0.0073,1.0103,0.0232,0.0284,256,768,196608,393216,194599.7344,389199.4688,0.0000,0,0.0000,0.0000,0,0.0000,0,0.0000,0.0000,0,0.0000,0.0000,0,0,0,0,0,0,0,0,0,0,0,0,0,0,0,0,0,0,0,0,0,0,0,0,0,0.0000,0,32,0,0,0,0,0,0
WG_METRICS 96,256,768,1.0704,0.0080,0.0074,1.0043,0.0242,0.0266,256,768,196608,393216,195770.1094,391540.2188,0.0000,0,0.0000,0.0000,0,0.0000,0,0.0000,0.0000,0,0.0000,0.0000,0,0,0,0,0,0,0,0,0,0,0,0,0,0,0,0,0,0,0,0,0,0,0,0,0,0.0000,0,32,0,0,0,0,0,0
WG_METRICS 97,256,768,1.0700,0.0082,0.0074,1.0037,0.0231,0.0276,256,768,196608,393216,195887.1406,391774.2812,0.0000,0,0.0000,0.0000,0,0.0000,0,0.0000,0.0000,0,0.0000,0.0000,0,0,0,0,0,0,0,0,0,0,0,0,0,0,0,0,0,0,0,0,0,0,0,0,0,0.0000,0,32,0,0,0,0,0,0
WG_METRICS 98,256,768,1.0658,0.0082,0.0073,0.9995,0.0234,0.0274,256,768,196608,393216,196710.2812,393420.5625,0.0000,0,0.0000,0.0000,0,0.0000,0,0.0000,0.0000,0,0.0000,0.0000,0,0,0,0,0,0,0,0,0,0,0,0,0,0,0,0,0,0,0,0,0,0,0,0,0,0.0000,0,32,0,0,0,0,0,0
WG_METRICS 99,256,768,1.0491,0.0081,0.0074,0.9902,0.0148,0.0286,256,768,196608,393216,198561.8438,397123.6875,0.0000,0,0.0000,0.0000,0,0.0000,0,0.0000,0.0000,0,0.0000,0.0000,0,0,0,0,0,0,0,0,0,0,0,0,0,0,0,0,0,0,0,0,0,0,0,0,0,0.0000,0,32,0,0,0,0,0,0
WG_METRICS 100,256,768,1.0680,0.0081,0.0075,1.0015,0.0234,0.0276,256,768,196608,393216,196317.4531,392634.9062,0.0000,0,0.0000,0.0000,0,0.0000,0,0.0000,0.0000,0,0.0000,0.0000,0,0,0,0,0,0,0,0,0,0,0,0,0,0,0,0,0,0,0,0,0,0,0,0,0,0.0000,0,32,0,0,0,0,0,0
WG_METRICS 101,256,768,1.0498,0.0081,0.0074,0.9924,0.0146,0.0273,256,768,196608,393216,198113.6719,396227.3438,0.0000,0,0.0000,0.0000,0,0.0000,0,0.0000,0.0000,0,0.0000,0.0000,0,0,0,0,0,0,0,0,0,0,0,0,0,0,0,0,0,0,0,0,0,0,0,0,0,0.0000,0,32,0,0,0,0,0,0
WG_METRICS 102,256,768,1.0682,0.0082,0.0073,1.0022,0.0229,0.0276,256,768,196608,393216,196176.4062,392352.8125,0.0000,0,0.0000,0.0000,0,0.0000,0,0.0000,0.0000,0,0.0000,0.0000,0,0,0,0,0,0,0,0,0,0,0,0,0,0,0,0,0,0,0,0,0,0,0,0,0,0.0000,0,32,0,0,0,0,0,0
WG_METRICS 103,256,768,1.0492,0.0081,0.0075,0.9912,0.0146,0.0279,256,768,196608,393216,198361.5156,396723.0312,0.0000,0,0.0000,0.0000,0,0.0000,0,0.0000,0.0000,0,0.0000,0.0000,0,0,0,0,0,0,0,0,0,0,0,0,0,0,0,0,0,0,0,0,0,0,0,0,0,0.0000,0,32,0,0,0,0,0,0
WG_METRICS 104,256,768,1.0652,0.0080,0.0075,1.0072,0.0145,0.0279,256,768,196608,393216,195194.7812,390389.5625,0.0000,0,0.0000,0.0000,0,0.0000,0,0.0000,0.0000,0,0.0000,0.0000,0,0,0,0,0,0,0,0,0,0,0,0,0,0,0,0,0,0,0,0,0,0,0,0,0,0.0000,0,32,0,0,0,0,0,0
WG_METRICS 105,256,768,1.0670,0.0082,0.0074,1.0004,0.0232,0.0278,256,768,196608,393216,196537.2500,393074.5000,0.0000,0,0.0000,0.0000,0,0.0000,0,0.0000,0.0000,0,0.0000,0.0000,0,0,0,0,0,0,0,0,0,0,0,0,0,0,0,0,0,0,0,0,0,0,0,0,0,0.0000,0,32,0,0,0,0,0,0
WG_METRICS 106,256,768,1.0599,0.0081,0.0074,1.0030,0.0146,0.0269,256,768,196608,393216,196027.7656,392055.5312,0.0000,0,0.0000,0.0000,0,0.0000,0,0.0000,0.0000,0,0.0000,0.0000,0,0,0,0,0,0,0,0,0,0,0,0,0,0,0,0,0,0,0,0,0,0,0,0,0,0.0000,0,32,0,0,0,0,0,0
WG_METRICS 107,256,768,1.0693,0.0082,0.0074,1.0031,0.0231,0.0276,256,768,196608,393216,196004.3125,392008.6250,0.0000,0,0.0000,0.0000,0,0.0000,0,0.0000,0.0000,0,0.0000,0.0000,0,0,0,0,0,0,0,0,0,0,0,0,0,0,0,0,0,0,0,0,0,0,0,0,0,0.0000,0,32,0,0,0,0,0,0
WG_METRICS 108,256,768,1.0500,0.0082,0.0073,0.9923,0.0148,0.0275,256,768,196608,393216,198137.6250,396275.2500,0.0000,0,0.0000,0.0000,0,0.0000,0,0.0000,0.0000,0,0.0000,0.0000,0,0,0,0,0,0,0,0,0,0,0,0,0,0,0,0,0,0,0,0,0,0,0,0,0,0.0000,0,32,0,0,0,0,0,0
WG_METRICS 109,256,768,1.0596,0.0081,0.0075,0.9922,0.0240,0.0277,256,768,196608,393216,198145.6094,396291.2188,0.0000,0,0.0000,0.0000,0,0.0000,0,0.0000,0.0000,0,0.0000,0.0000,0,0,0,0,0,0,0,0,0,0,0,0,0,0,0,0,0,0,0,0,0,0,0,0,0,0.0000,0,32,0,0,0,0,0,0
WG_METRICS 110,256,768,1.0484,0.0081,0.0075,0.9902,0.0148,0.0278,256,768,196608,393216,198545.8125,397091.6250,0.0000,0,0.0000,0.0000,0,0.0000,0,0.0000,0.0000,0,0.0000,0.0000,0,0,0,0,0,0,0,0,0,0,0,0,0,0,0,0,0,0,0,0,0,0,0,0,0,0.0000,0,32,0,0,0,0,0,0
WG_METRICS 111,256,768,1.0848,0.0082,0.0074,1.0182,0.0228,0.0282,256,768,196608,393216,193086.1094,386172.2188,0.0000,0,0.0000,0.0000,0,0.0000,0,0.0000,0.0000,0,0.0000,0.0000,0,0,0,0,0,0,0,0,0,0,0,0,0,0,0,0,0,0,0,0,0,0,0,0,0,0.0000,0,32,0,0,0,0,0,0
WG_METRICS 112,256,768,1.0457,0.0082,0.0074,0.9890,0.0145,0.0267,256,768,196608,393216,198794.7344,397589.4688,0.0000,0,0.0000,0.0000,0,0.0000,0,0.0000,0.0000,0,0.0000,0.0000,0,0,0,0,0,0,0,0,0,0,0,0,0,0,0,0,0,0,0,0,0,0,0,0,0,0.0000,0,32,0,0,0,0,0,0
WG_METRICS 113,256,768,1.0690,0.0080,0.0074,1.0120,0.0146,0.0270,256,768,196608,393216,194276.6875,388553.3750,0.0000,0,0.0000,0.0000,0,0.0000,0,0.0000,0.0000,0,0.0000,0.0000,0,0,0,0,0,0,0,0,0,0,0,0,0,0,0,0,0,0,0,0,0,0,0,0,0,0.0000,0,32,0,0,0,0,0,0
WG_METRICS 114,256,768,1.0801,0.0082,0.0074,1.0127,0.0236,0.0282,256,768,196608,393216,194138.5625,388277.1250,0.0000,0,0.0000,0.0000,0,0.0000,0,0.0000,0.0000,0,0.0000,0.0000,0,0,0,0,0,0,0,0,0,0,0,0,0,0,0,0,0,0,0,0,0,0,0,0,0,0.0000,0,32,0,0,0,0,0,0
WG_METRICS 115,256,768,1.0684,0.0083,0.0074,1.0099,0.0147,0.0281,256,768,196608,393216,194676.8125,389353.6250,0.0000,0,0.0000,0.0000,0,0.0000,0,0.0000,0.0000,0,0.0000,0.0000,0,0,0,0,0,0,0,0,0,0,0,0,0,0,0,0,0,0,0,0,0,0,0,0,0,0.0000,0,32,0,0,0,0,0,0
WG_METRICS 116,256,768,1.0596,0.0081,0.0074,1.0010,0.0155,0.0277,256,768,196608,393216,196419.4375,392838.8750,0.0000,0,0.0000,0.0000,0,0.0000,0,0.0000,0.0000,0,0.0000,0.0000,0,0,0,0,0,0,0,0,0,0,0,0,0,0,0,0,0,0,0,0,0,0,0,0,0,0.0000,0,32,0,0,0,0,0,0
WG_METRICS 117,256,768,1.0557,0.0081,0.0074,0.9886,0.0232,0.0283,256,768,196608,393216,198867.1250,397734.2500,0.0000,0,0.0000,0.0000,0,0.0000,0,0.0000,0.0000,0,0.0000,0.0000,0,0,0,0,0,0,0,0,0,0,0,0,0,0,0,0,0,0,0,0,0,0,0,0,0,0.0000,0,32,0,0,0,0,0,0
WG_METRICS 118,256,768,1.0598,0.0082,0.0075,1.0021,0.0144,0.0276,256,768,196608,393216,196199.9062,392399.8125,0.0000,0,0.0000,0.0000,0,0.0000,0,0.0000,0.0000,0,0.0000,0.0000,0,0,0,0,0,0,0,0,0,0,0,0,0,0,0,0,0,0,0,0,0,0,0,0,0,0.0000,0,32,0,0,0,0,0,0
WG_METRICS 119,256,768,1.0676,0.0081,0.0074,1.0005,0.0234,0.0283,256,768,196608,393216,196513.6562,393027.3125,0.0000,0,0.0000,0.0000,0,0.0000,0,0.0000,0.0000,0,0.0000,0.0000,0,0,0,0,0,0,0,0,0,0,0,0,0,0,0,0,0,0,0,0,0,0,0,0,0,0.0000,0,32,0,0,0,0,0,0
WG_METRICS 120,256,768,1.0610,0.0081,0.0074,0.9940,0.0230,0.0284,256,768,196608,393216,197794.7656,395589.5312,0.0000,0,0.0000,0.0000,0,0.0000,0,0.0000,0.0000,0,0.0000,0.0000,0,0,0,0,0,0,0,0,0,0,0,0,0,0,0,0,0,0,0,0,0,0,0,0,0,0.0000,0,32,0,0,0,0,0,0
WG_METRICS 121,256,768,1.0592,0.0080,0.0075,1.0014,0.0146,0.0277,256,768,196608,393216,196333.1406,392666.2812,0.0000,0,0.0000,0.0000,0,0.0000,0,0.0000,0.0000,0,0.0000,0.0000,0,0,0,0,0,0,0,0,0,0,0,0,0,0,0,0,0,0,0,0,0,0,0,0,0,0.0000,0,32,0,0,0,0,0,0
WG_METRICS 122,256,768,1.0661,0.0082,0.0073,0.9990,0.0231,0.0284,256,768,196608,393216,196796.9219,393593.8438,0.0000,0,0.0000,0.0000,0,0.0000,0,0.0000,0.0000,0,0.0000,0.0000,0,0,0,0,0,0,0,0,0,0,0,0,0,0,0,0,0,0,0,0,0,0,0,0,0,0.0000,0,32,0,0,0,0,0,0
WG_METRICS 123,256,768,1.0522,0.0080,0.0075,0.9942,0.0151,0.0273,256,768,196608,393216,197747.0312,395494.0625,0.0000,0,0.0000,0.0000,0,0.0000,0,0.0000,0.0000,0,0.0000,0.0000,0,0,0,0,0,0,0,0,0,0,0,0,0,0,0,0,0,0,0,0,0,0,0,0,0,0.0000,0,32,0,0,0,0,0,0
WG_METRICS 124,256,768,1.0751,0.0098,0.0072,1.0063,0.0236,0.0283,256,768,196608,393216,195381.0156,390762.0312,0.0000,0,0.0000,0.0000,0,0.0000,0,0.0000,0.0000,0,0.0000,0.0000,0,0,0,0,0,0,0,0,0,0,0,0,0,0,0,0,0,0,0,0,0,0,0,0,0,0.0000,0,32,0,0,0,0,0,0
WG_METRICS 125,256,768,1.0716,0.0080,0.0075,1.0040,0.0236,0.0284,256,768,196608,393216,195824.7188,391649.4375,0.0000,0,0.0000,0.0000,0,0.0000,0,0.0000,0.0000,0,0.0000,0.0000,0,0,0,0,0,0,0,0,0,0,0,0,0,0,0,0,0,0,0,0,0,0,0,0,0,0.0000,0,32,0,0,0,0,0,0
WG_METRICS 126,256,768,1.0730,0.0081,0.0074,1.0056,0.0231,0.0288,256,768,196608,393216,195505.3438,391010.6875,0.0000,0,0.0000,0.0000,0,0.0000,0,0.0000,0.0000,0,0.0000,0.0000,0,0,0,0,0,0,0,0,0,0,0,0,0,0,0,0,0,0,0,0,0,0,0,0,0,0.0000,0,32,0,0,0,0,0,0
WG_METRICS 127,256,768,1.0741,0.0082,0.0074,1.0072,0.0232,0.0281,256,768,196608,393216,195202.5469,390405.0938,0.0000,0,0.0000,0.0000,0,0.0000,0,0.0000,0.0000,0,0.0000,0.0000,0,0,0,0,0,0,0,0,0,0,0,0,0,0,0,0,0,0,0,0,0,0,0,0,0,0.0000,0,32,0,0,0,0,0,0
WG_METRICS 128,256,768,1.0648,0.0082,0.0074,0.9977,0.0230,0.0285,256,768,196608,393216,197065.1875,394130.3750,0.0000,0,0.0000,0.0000,0,0.0000,0,0.0000,0.0000,0,0.0000,0.0000,0,0,0,0,0,0,0,0,0,0,0,0,0,0,0,0,0,0,0,0,0,0,0,0,0,0.0000,0,32,0,0,0,0,0,0
WG_METRICS 129,256,768,1.0628,0.0081,0.0074,1.0050,0.0143,0.0280,256,768,196608,393216,195637.6562,391275.3125,0.0000,0,0.0000,0.0000,0,0.0000,0,0.0000,0.0000,0,0.0000,0.0000,0,0,0,0,0,0,0,0,0,0,0,0,0,0,0,0,0,0,0,0,0,0,0,0,0,0.0000,0,32,0,0,0,0,0,0
WG_METRICS 130,256,768,1.0708,0.0081,0.0075,1.0048,0.0232,0.0272,256,768,196608,393216,195661.0000,391322.0000,0.0000,0,0.0000,0.0000,0,0.0000,0,0.0000,0.0000,0,0.0000,0.0000,0,0,0,0,0,0,0,0,0,0,0,0,0,0,0,0,0,0,0,0,0,0,0,0,0,0.0000,0,32,0,0,0,0,0,0
WG_METRICS 131,256,768,1.0709,0.0082,0.0074,1.0116,0.0153,0.0285,256,768,196608,393216,194353.5000,388707.0000,0.0000,0,0.0000,0.0000,0,0.0000,0,0.0000,0.0000,0,0.0000,0.0000,0,0,0,0,0,0,0,0,0,0,0,0,0,0,0,0,0,0,0,0,0,0,0,0,0,0.0000,0,32,0,0,0,0,0,0
WG_METRICS 132,256,768,1.0602,0.0082,0.0074,1.0020,0.0145,0.0282,256,768,196608,393216,196223.3906,392446.7812,0.0000,0,0.0000,0.0000,0,0.0000,0,0.0000,0.0000,0,0.0000,0.0000,0,0,0,0,0,0,0,0,0,0,0,0,0,0,0,0,0,0,0,0,0,0,0,0,0,0.0000,0,32,0,0,0,0,0,0
WG_METRICS 133,256,768,1.0776,0.0103,0.0074,1.0083,0.0236,0.0278,256,768,196608,393216,194985.7188,389971.4375,0.0000,0,0.0000,0.0000,0,0.0000,0,0.0000,0.0000,0,0.0000,0.0000,0,0,0,0,0,0,0,0,0,0,0,0,0,0,0,0,0,0,0,0,0,0,0,0,0,0.0000,0,32,0,0,0,0,0,0
WG_METRICS 134,256,768,1.0719,0.0082,0.0074,0.9885,0.0408,0.0270,256,768,196608,393216,198891.2656,397782.5312,0.0000,0,0.0000,0.0000,0,0.0000,0,0.0000,0.0000,0,0.0000,0.0000,0,0,0,0,0,0,0,0,0,0,0,0,0,0,0,0,0,0,0,0,0,0,0,0,0,0.0000,0,32,0,0,0,0,0,0
WG_METRICS 135,256,768,1.0963,0.0080,0.0075,1.0300,0.0233,0.0274,256,768,196608,393216,190874.1406,381748.2812,0.0000,0,0.0000,0.0000,0,0.0000,0,0.0000,0.0000,0,0.0000,0.0000,0,0,0,0,0,0,0,0,0,0,0,0,0,0,0,0,0,0,0,0,0,0,0,0,0,0.0000,0,32,0,0,0,0,0,0
WG_METRICS 136,256,768,1.0553,0.0082,0.0074,0.9970,0.0153,0.0274,256,768,196608,393216,197191.6875,394383.3750,0.0000,0,0.0000,0.0000,0,0.0000,0,0.0000,0.0000,0,0.0000,0.0000,0,0,0,0,0,0,0,0,0,0,0,0,0,0,0,0,0,0,0,0,0,0,0,0,0,0.0000,0,32,0,0,0,0,0,0
WG_METRICS 137,256,768,1.0844,0.0081,0.0074,1.0167,0.0238,0.0284,256,768,196608,393216,193374.7656,386749.5312,0.0000,0,0.0000,0.0000,0,0.0000,0,0.0000,0.0000,0,0.0000,0.0000,0,0,0,0,0,0,0,0,0,0,0,0,0,0,0,0,0,0,0,0,0,0,0,0,0,0.0000,0,32,0,0,0,0,0,0
WG_METRICS 138,256,768,1.0719,0.0082,0.0074,1.0059,0.0235,0.0270,256,768,196608,393216,195450.9219,390901.8438,0.0000,0,0.0000,0.0000,0,0.0000,0,0.0000,0.0000,0,0.0000,0.0000,0,0,0,0,0,0,0,0,0,0,0,0,0,0,0,0,0,0,0,0,0,0,0,0,0,0.0000,0,32,0,0,0,0,0,0
WG_METRICS 139,256,768,1.0741,0.0082,0.0074,1.0068,0.0237,0.0280,256,768,196608,393216,195272.3438,390544.6875,0.0000,0,0.0000,0.0000,0,0.0000,0,0.0000,0.0000,0,0.0000,0.0000,0,0,0,0,0,0,0,0,0,0,0,0,0,0,0,0,0,0,0,0,0,0,0,0,0,0.0000,0,32,0,0,0,0,0,0
WG_METRICS 140,256,768,1.0847,0.0082,0.0074,1.0263,0.0143,0.0285,256,768,196608,393216,191573.4375,383146.8750,0.0000,0,0.0000,0.0000,0,0.0000,0,0.0000,0.0000,0,0.0000,0.0000,0,0,0,0,0,0,0,0,0,0,0,0,0,0,0,0,0,0,0,0,0,0,0,0,0,0.0000,0,32,0,0,0,0,0,0
WG_METRICS 141,256,768,1.0712,0.0081,0.0074,1.0041,0.0233,0.0282,256,768,196608,393216,195809.0938,391618.1875,0.0000,0,0.0000,0.0000,0,0.0000,0,0.0000,0.0000,0,0.0000,0.0000,0,0,0,0,0,0,0,0,0,0,0,0,0,0,0,0,0,0,0,0,0,0,0,0,0,0.0000,0,32,0,0,0,0,0,0
WG_METRICS 142,256,768,1.0650,0.0082,0.0075,0.9990,0.0236,0.0268,256,768,196608,393216,196804.7969,393609.5938,0.0000,0,0.0000,0.0000,0,0.0000,0,0.0000,0.0000,0,0.0000,0.0000,0,0,0,0,0,0,0,0,0,0,0,0,0,0,0,0,0,0,0,0,0,0,0,0,0,0.0000,0,32,0,0,0,0,0,0
WG_METRICS 143,256,768,1.0610,0.0081,0.0074,0.9951,0.0230,0.0274,256,768,196608,393216,197572.1562,395144.3125,0.0000,0,0.0000,0.0000,0,0.0000,0,0.0000,0.0000,0,0.0000,0.0000,0,0,0,0,0,0,0,0,0,0,0,0,0,0,0,0,0,0,0,0,0,0,0,0,0,0.0000,0,32,0,0,0,0,0,0
WG_METRICS 144,256,768,1.0700,0.0108,0.0072,1.0006,0.0241,0.0273,256,768,196608,393216,196490.1094,392980.2188,0.0000,0,0.0000,0.0000,0,0.0000,0,0.0000,0.0000,0,0.0000,0.0000,0,0,0,0,0,0,0,0,0,0,0,0,0,0,0,0,0,0,0,0,0,0,0,0,0,0.0000,0,32,0,0,0,0,0,0
WG_METRICS 145,256,768,1.0696,0.0081,0.0074,1.0117,0.0152,0.0272,256,768,196608,393216,194330.4531,388660.9062,0.0000,0,0.0000,0.0000,0,0.0000,0,0.0000,0.0000,0,0.0000,0.0000,0,0,0,0,0,0,0,0,0,0,0,0,0,0,0,0,0,0,0,0,0,0,0,0,0,0.0000,0,32,0,0,0,0,0,0
WG_METRICS 146,256,768,1.0609,0.0081,0.0074,1.0037,0.0142,0.0275,256,768,196608,393216,195887.1406,391774.2812,0.0000,0,0.0000,0.0000,0,0.0000,0,0.0000,0.0000,0,0.0000,0.0000,0,0,0,0,0,0,0,0,0,0,0,0,0,0,0,0,0,0,0,0,0,0,0,0,0,0.0000,0,32,0,0,0,0,0,0
WG_METRICS 147,256,768,1.0710,0.0081,0.0075,1.0042,0.0236,0.0276,256,768,196608,393216,195793.4844,391586.9688,0.0000,0,0.0000,0.0000,0,0.0000,0,0.0000,0.0000,0,0.0000,0.0000,0,0,0,0,0,0,0,0,0,0,0,0,0,0,0,0,0,0,0,0,0,0,0,0,0,0.0000,0,32,0,0,0,0,0,0
WG_METRICS 148,256,768,1.0654,0.0081,0.0074,0.9982,0.0233,0.0284,256,768,196608,393216,196970.4219,393940.8438,0.0000,0,0.0000,0.0000,0,0.0000,0,0.0000,0.0000,0,0.0000,0.0000,0,0,0,0,0,0,0,0,0,0,0,0,0,0,0,0,0,0,0,0,0,0,0,0,0,0.0000,0,32,0,0,0,0,0,0
WG_METRICS 149,256,768,1.0684,0.0082,0.0070,1.0007,0.0241,0.0284,256,768,196608,393216,196466.5469,392933.0938,0.0000,0,0.0000,0.0000,0,0.0000,0,0.0000,0.0000,0,0.0000,0.0000,0,0,0,0,0,0,0,0,0,0,0,0,0,0,0,0,0,0,0,0,0,0,0,0,0,0.0000,0,32,0,0,0,0,0,0
WG_METRICS 150,256,768,1.0683,0.0081,0.0074,1.0020,0.0236,0.0272,256,768,196608,393216,196207.7344,392415.4688,0.0000,0,0.0000,0.0000,0,0.0000,0,0.0000,0.0000,0,0.0000,0.0000,0,0,0,0,0,0,0,0,0,0,0,0,0,0,0,0,0,0,0,0,0,0,0,0,0,0.0000,0,32,0,0,0,0,0,0
WG_METRICS 151,256,768,1.0710,0.0082,0.0074,1.0044,0.0237,0.0274,256,768,196608,393216,195754.5156,391509.0312,0.0000,0,0.0000,0.0000,0,0.0000,0,0.0000,0.0000,0,0.0000,0.0000,0,0,0,0,0,0,0,0,0,0,0,0,0,0,0,0,0,0,0,0,0,0,0,0,0,0.0000,0,32,0,0,0,0,0,0
WG_METRICS 152,256,768,1.0629,0.0082,0.0074,1.0057,0.0146,0.0270,256,768,196608,393216,195489.7969,390979.5938,0.0000,0,0.0000,0.0000,0,0.0000,0,0.0000,0.0000,0,0.0000,0.0000,0,0,0,0,0,0,0,0,0,0,0,0,0,0,0,0,0,0,0,0,0,0,0,0,0,0.0000,0,32,0,0,0,0,0,0
WG_METRICS 153,256,768,1.0671,0.0081,0.0074,1.0010,0.0232,0.0273,256,768,196608,393216,196403.7500,392807.5000,0.0000,0,0.0000,0.0000,0,0.0000,0,0.0000,0.0000,0,0.0000,0.0000,0,0,0,0,0,0,0,0,0,0,0,0,0,0,0,0,0,0,0,0,0,0,0,0,0,0.0000,0,32,0,0,0,0,0,0
WG_METRICS 154,256,768,1.0538,0.0081,0.0074,0.9961,0.0145,0.0277,256,768,196608,393216,197373.8125,394747.6250,0.0000,0,0.0000,0.0000,0,0.0000,0,0.0000,0.0000,0,0.0000,0.0000,0,0,0,0,0,0,0,0,0,0,0,0,0,0,0,0,0,0,0,0,0,0,0,0,0,0.0000,0,32,0,0,0,0,0,0
WG_METRICS 155,256,768,1.0691,0.0101,0.0074,1.0013,0.0230,0.0273,256,768,196608,393216,196348.8125,392697.6250,0.0000,0,0.0000,0.0000,0,0.0000,0,0.0000,0.0000,0,0.0000,0.0000,0,0,0,0,0,0,0,0,0,0,0,0,0,0,0,0,0,0,0,0,0,0,0,0,0,0.0000,0,32,0,0,0,0,0,0
WG_METRICS 156,256,768,1.0632,0.0082,0.0073,1.0056,0.0147,0.0274,256,768,196608,393216,195520.8906,391041.7812,0.0000,0,0.0000,0.0000,0,0.0000,0,0.0000,0.0000,0,0.0000,0.0000,0,0,0,0,0,0,0,0,0,0,0,0,0,0,0,0,0,0,0,0,0,0,0,0,0,0.0000,0,32,0,0,0,0,0,0
WG_METRICS 157,256,768,1.0620,0.0081,0.0075,0.9958,0.0232,0.0275,256,768,196608,393216,197445.1562,394890.3125,0.0000,0,0.0000,0.0000,0,0.0000,0,0.0000,0.0000,0,0.0000,0.0000,0,0,0,0,0,0,0,0,0,0,0,0,0,0,0,0,0,0,0,0,0,0,0,0,0,0.0000,0,32,0,0,0,0,0,0
WG_METRICS 158,256,768,1.0866,0.0081,0.0075,1.0281,0.0143,0.0286,256,768,196608,393216,191238.0312,382476.0625,0.0000,0,0.0000,0.0000,0,0.0000,0,0.0000,0.0000,0,0.0000,0.0000,0,0,0,0,0,0,0,0,0,0,0,0,0,0,0,0,0,0,0,0,0,0,0,0,0,0.0000,0,32,0,0,0,0,0,0
WG_METRICS 159,256,768,1.0677,0.0082,0.0074,1.0005,0.0238,0.0278,256,768,196608,393216,196505.8125,393011.6250,0.0000,0,0.0000,0.0000,0,0.0000,0,0.0000,0.0000,0,0.0000,0.0000,0,0,0,0,0,0,0,0,0,0,0,0,0,0,0,0,0,0,0,0,0,0,0,0,0,0.0000,0,32,0,0,0,0,0,0
WG_METRICS 160,256,768,1.0646,0.0081,0.0074,0.9978,0.0234,0.0278,256,768,196608,393216,197033.5938,394067.1875,0.0000,0,0.0000,0.0000,0,0.0000,0,0.0000,0.0000,0,0.0000,0.0000,0,0,0,0,0,0,0,0,0,0,0,0,0,0,0,0,0,0,0,0,0,0,0,0,0,0.0000,0,32,0,0,0,0,0,0
WG_METRICS 161,256,768,1.0653,0.0080,0.0075,0.9985,0.0233,0.0280,256,768,196608,393216,196907.2969,393814.5938,0.0000,0,0.0000,0.0000,0,0.0000,0,0.0000,0.0000,0,0.0000,0.0000,0,0,0,0,0,0,0,0,0,0,0,0,0,0,0,0,0,0,0,0,0,0,0,0,0,0.0000,0,32,0,0,0,0,0,0
WG_METRICS 162,256,768,1.0657,0.0080,0.0075,1.0000,0.0234,0.0268,256,768,196608,393216,196615.8594,393231.7188,0.0000,0,0.0000,0.0000,0,0.0000,0,0.0000,0.0000,0,0.0000,0.0000,0,0,0,0,0,0,0,0,0,0,0,0,0,0,0,0,0,0,0,0,0,0,0,0,0,0.0000,0,32,0,0,0,0,0,0
WG_METRICS 163,256,768,1.0460,0.0082,0.0074,0.9887,0.0146,0.0272,256,768,196608,393216,198851.0469,397702.0938,0.0000,0,0.0000,0.0000,0,0.0000,0,0.0000,0.0000,0,0.0000,0.0000,0,0,0,0,0,0,0,0,0,0,0,0,0,0,0,0,0,0,0,0,0,0,0,0,0,0.0000,0,32,0,0,0,0,0,0
WG_METRICS 164,256,768,1.0547,0.0082,0.0074,0.9868,0.0235,0.0288,256,768,196608,393216,199229.8594,398459.7188,0.0000,0,0.0000,0.0000,0,0.0000,0,0.0000,0.0000,0,0.0000,0.0000,0,0,0,0,0,0,0,0,0,0,0,0,0,0,0,0,0,0,0,0,0,0,0,0,0,0.0000,0,32,0,0,0,0,0,0
WG_METRICS 165,256,768,1.0649,0.0081,0.0074,0.9980,0.0238,0.0276,256,768,196608,393216,197009.9062,394019.8125,0.0000,0,0.0000,0.0000,0,0.0000,0,0.0000,0.0000,0,0.0000,0.0000,0,0,0,0,0,0,0,0,0,0,0,0,0,0,0,0,0,0,0,0,0,0,0,0,0,0.0000,0,32,0,0,0,0,0,0
WG_METRICS 166,256,768,1.0754,0.0081,0.0074,1.0090,0.0229,0.0280,256,768,196608,393216,194862.0312,389724.0625,0.0000,0,0.0000,0.0000,0,0.0000,0,0.0000,0.0000,0,0.0000,0.0000,0,0,0,0,0,0,0,0,0,0,0,0,0,0,0,0,0,0,0,0,0,0,0,0,0,0.0000,0,32,0,0,0,0,0,0
WG_METRICS 167,256,768,1.0687,0.0081,0.0074,1.0019,0.0231,0.0282,256,768,196608,393216,196239.0625,392478.1250,0.0000,0,0.0000,0.0000,0,0.0000,0,0.0000,0.0000,0,0.0000,0.0000,0,0,0,0,0,0,0,0,0,0,0,0,0,0,0,0,0,0,0,0,0,0,0,0,0,0.0000,0,32,0,0,0,0,0,0
WG_METRICS 168,256,768,1.0756,0.0081,0.0074,1.0089,0.0232,0.0280,256,768,196608,393216,194877.4844,389754.9688,0.0000,0,0.0000,0.0000,0,0.0000,0,0.0000,0.0000,0,0.0000,0.0000,0,0,0,0,0,0,0,0,0,0,0,0,0,0,0,0,0,0,0,0,0,0,0,0,0,0.0000,0,32,0,0,0,0,0,0
WG_METRICS 169,256,768,1.0722,0.0085,0.0074,1.0046,0.0235,0.0283,256,768,196608,393216,195707.7344,391415.4688,0.0000,0,0.0000,0.0000,0,0.0000,0,0.0000,0.0000,0,0.0000,0.0000,0,0,0,0,0,0,0,0,0,0,0,0,0,0,0,0,0,0,0,0,0,0,0,0,0,0.0000,0,32,0,0,0,0,0,0
WG_METRICS 170,256,768,1.0761,0.0082,0.0074,1.0105,0.0230,0.0270,256,768,196608,393216,194561.2188,389122.4375,0.0000,0,0.0000,0.0000,0,0.0000,0,0.0000,0.0000,0,0.0000,0.0000,0,0,0,0,0,0,0,0,0,0,0,0,0,0,0,0,0,0,0,0,0,0,0,0,0,0.0000,0,32,0,0,0,0,0,0
WG_METRICS 171,256,768,1.0734,0.0082,0.0074,1.0075,0.0230,0.0273,256,768,196608,393216,195148.2812,390296.5625,0.0000,0,0.0000,0.0000,0,0.0000,0,0.0000,0.0000,0,0.0000,0.0000,0,0,0,0,0,0,0,0,0,0,0,0,0,0,0,0,0,0,0,0,0,0,0,0,0,0.0000,0,32,0,0,0,0,0,0
WG_METRICS 172,256,768,1.0722,0.0080,0.0075,1.0142,0.0144,0.0280,256,768,196608,393216,193855.2656,387710.5312,0.0000,0,0.0000,0.0000,0,0.0000,0,0.0000,0.0000,0,0.0000,0.0000,0,0,0,0,0,0,0,0,0,0,0,0,0,0,0,0,0,0,0,0,0,0,0,0,0,0.0000,0,32,0,0,0,0,0,0
WG_METRICS 173,256,768,1.0708,0.0081,0.0074,1.0036,0.0232,0.0285,256,768,196608,393216,195910.5625,391821.1250,0.0000,0,0.0000,0.0000,0,0.0000,0,0.0000,0.0000,0,0.0000,0.0000,0,0,0,0,0,0,0,0,0,0,0,0,0,0,0,0,0,0,0,0,0,0,0,0,0,0.0000,0,32,0,0,0,0,0,0
WG_METRICS 174,256,768,1.0661,0.0081,0.0074,1.0082,0.0145,0.0278,256,768,196608,393216,195008.9219,390017.8438,0.0000,0,0.0000,0.0000,0,0.0000,0,0.0000,0.0000,0,0.0000,0.0000,0,0,0,0,0,0,0,0,0,0,0,0,0,0,0,0,0,0,0,0,0,0,0,0,0,0.0000,0,32,0,0,0,0,0,0
WG_METRICS 175,256,768,1.1013,0.0082,0.0074,1.0304,0.0104,0.0449,256,768,196608,393216,190807.4531,381614.9062,0.0000,0,0.0000,0.0000,0,0.0000,0,0.0000,0.0000,0,0.0000,0.0000,0,0,0,0,0,0,0,0,0,0,0,0,0,0,0,0,0,0,0,0,0,0,0,0,0,0.0000,0,32,0,0,0,0,0,0
WG_METRICS 176,256,768,1.1111,0.0084,0.0075,1.0434,0.0147,0.0372,256,768,196608,393216,188437.3594,376874.7188,0.0000,0,0.0000,0.0000,0,0.0000,0,0.0000,0.0000,0,0.0000,0.0000,0,0,0,0,0,0,0,0,0,0,0,0,0,0,0,0,0,0,0,0,0,0,0,0,0,0.0000,0,32,0,0,0,0,0,0
WG_METRICS 177,256,768,1.0822,0.0080,0.0069,1.0257,0.0226,0.0190,256,768,196608,393216,191678.0469,383356.0938,0.0000,0,0.0000,0.0000,0,0.0000,0,0.0000,0.0000,0,0.0000,0.0000,0,0,0,0,0,0,0,0,0,0,0,0,0,0,0,0,0,0,0,0,0,0,0,0,0,0.0000,0,32,0,0,0,0,0,0
WG_METRICS 178,256,768,1.1382,0.0077,0.0068,1.0884,0.0168,0.0186,256,768,196608,393216,180639.4688,361278.9375,0.0000,0,0.0000,0.0000,0,0.0000,0,0.0000,0.0000,0,0.0000,0.0000,0,0,0,0,0,0,0,0,0,0,0,0,0,0,0,0,0,0,0,0,0,0,0,0,0,0.0000,0,32,0,0,0,0,0,0
WG_METRICS 179,256,768,1.1863,0.0078,0.0068,1.1355,0.0166,0.0196,256,768,196608,393216,173149.6719,346299.3438,0.0000,0,0.0000,0.0000,0,0.0000,0,0.0000,0.0000,0,0.0000,0.0000,0,0,0,0,0,0,0,0,0,0,0,0,0,0,0,0,0,0,0,0,0,0,0,0,0,0.0000,0,32,0,0,0,0,0,0
WG_METRICS 180,256,768,1.2828,0.0080,0.0068,1.2299,0.0167,0.0213,256,768,196608,393216,159854.2969,319708.5938,0.0000,0,0.0000,0.0000,0,0.0000,0,0.0000,0.0000,0,0.0000,0.0000,0,0,0,0,0,0,0,0,0,0,0,0,0,0,0,0,0,0,0,0,0,0,0,0,0,0.0000,0,32,0,0,0,0,0,0
WG_METRICS 181,256,768,1.4170,0.0081,0.0068,1.3617,0.0170,0.0234,256,768,196608,393216,144382.1094,288764.2188,0.0000,0,0.0000,0.0000,0,0.0000,0,0.0000,0.0000,0,0.0000,0.0000,0,0,0,0,0,0,0,0,0,0,0,0,0,0,0,0,0,0,0,0,0,0,0,0,0,0.0000,0,32,0,0,0,0,0,0
WG_METRICS 182,256,768,1.5778,0.0083,0.0069,1.5228,0.0157,0.0242,256,768,196608,393216,129112.9219,258225.8438,0.0000,0,0.0000,0.0000,0,0.0000,0,0.0000,0.0000,0,0.0000,0.0000,0,0,0,0,0,0,0,0,0,0,0,0,0,0,0,0,0,0,0,0,0,0,0,0,0,0.0000,0,32,0,0,0,0,0,0
WG_METRICS 183,256,768,1.6666,0.0084,0.0069,1.5624,0.0639,0.0250,256,768,196608,393216,125837.1719,251674.3438,0.0000,0,0.0000,0.0000,0,0.0000,0,0.0000,0.0000,0,0.0000,0.0000,0,0,0,0,0,0,0,0,0,0,0,0,0,0,0,0,0,0,0,0,0,0,0,0,0,0.0000,0,32,0,0,0,0,0,0
WG_METRICS 184,256,768,1.7979,0.0089,0.0070,1.7366,0.0175,0.0280,256,768,196608,393216,113216.9375,226433.8750,0.0000,0,0.0000,0.0000,0,0.0000,0,0.0000,0.0000,0,0.0000,0.0000,0,0,0,0,0,0,0,0,0,0,0,0,0,0,0,0,0,0,0,0,0,0,0,0,0,0.0000,0,32,0,0,0,0,0,0
WG_METRICS 185,256,768,1.7802,0.0086,0.0070,1.7135,0.0242,0.0269,256,768,196608,393216,114741.9297,229483.8594,0.0000,0,0.0000,0.0000,0,0.0000,0,0.0000,0.0000,0,0.0000,0.0000,0,0,0,0,0,0,0,0,0,0,0,0,0,0,0,0,0,0,0,0,0,0,0,0,0,0.0000,0,32,0,0,0,0,0,0
WG_METRICS 186,256,768,2.5781,0.0100,0.0073,2.4928,0.0264,0.0417,256,768,196608,393216,78871.6172,157743.2344,0.0000,0,0.0000,0.0000,0,0.0000,0,0.0000,0.0000,0,0.0000,0.0000,0,0,0,0,0,0,0,0,0,0,0,0,0,0,0,0,0,0,0,0,0,0,0,0,0,0.0000,0,32,0,0,0,0,0,0
WG_METRICS 187,256,768,2.4204,0.0100,0.0073,2.3424,0.0258,0.0348,256,768,196608,393216,83933.0000,167866.0000,0.0000,0,0.0000,0.0000,0,0.0000,0,0.0000,0.0000,0,0.0000,0.0000,0,0,0,0,0,0,0,0,0,0,0,0,0,0,0,0,0,0,0,0,0,0,0,0,0,0.0000,0,32,0,0,0,0,0,0
WG_METRICS 188,256,768,2.5294,0.0101,0.0073,2.4440,0.0266,0.0414,256,768,196608,393216,80443.8516,160887.7031,0.0000,0,0.0000,0.0000,0,0.0000,0,0.0000,0.0000,0,0.0000,0.0000,0,0,0,0,0,0,0,0,0,0,0,0,0,0,0,0,0,0,0,0,0,0,0,0,0,0.0000,0,32,0,0,0,0,0,0
WG_METRICS 189,256,768,2.5908,0.0101,0.0073,2.5053,0.0267,0.0414,256,768,196608,393216,78477.4531,156954.9062,0.0000,0,0.0000,0.0000,0,0.0000,0,0.0000,0.0000,0,0.0000,0.0000,0,0,0,0,0,0,0,0,0,0,0,0,0,0,0,0,0,0,0,0,0,0,0,0,0,0.0000,0,32,0,0,0,0,0,0
WG_METRICS 190,256,768,2.5756,0.0100,0.0073,2.4916,0.0247,0.0420,256,768,196608,393216,78907.0625,157814.1250,0.0000,0,0.0000,0.0000,0,0.0000,0,0.0000,0.0000,0,0.0000,0.0000,0,0,0,0,0,0,0,0,0,0,0,0,0,0,0,0,0,0,0,0,0,0,0,0,0,0.0000,0,32,0,0,0,0,0,0
WG_METRICS 191,256,768,2.5974,0.0100,0.0073,2.5257,0.0129,0.0415,256,768,196608,393216,77843.5859,155687.1719,0.0000,0,0.0000,0.0000,0,0.0000,0,0.0000,0.0000,0,0.0000,0.0000,0,0,0,0,0,0,0,0,0,0,0,0,0,0,0,0,0,0,0,0,0,0,0,0,0,0.0000,0,32,0,0,0,0,0,0
WG_METRICS 192,256,768,2.5810,0.0102,0.0074,2.5030,0.0189,0.0417,256,768,196608,393216,78550.1953,157100.3906,0.0000,0,0.0000,0.0000,0,0.0000,0,0.0000,0.0000,0,0.0000,0.0000,0,0,0,0,0,0,0,0,0,0,0,0,0,0,0,0,0,0,0,0,0,0,0,0,0,0.0000,0,32,0,0,0,0,0,0
WG_METRICS 193,256,768,2.5747,0.0100,0.0073,2.4979,0.0187,0.0407,256,768,196608,393216,78708.6875,157417.3750,0.0000,0,0.0000,0.0000,0,0.0000,0,0.0000,0.0000,0,0.0000,0.0000,0,0,0,0,0,0,0,0,0,0,0,0,0,0,0,0,0,0,0,0,0,0,0,0,0,0.0000,0,32,0,0,0,0,0,0
WG_METRICS 194,256,768,2.5437,0.0100,0.0073,2.4590,0.0265,0.0409,256,768,196608,393216,79953.1562,159906.3125,0.0000,0,0.0000,0.0000,0,0.0000,0,0.0000,0.0000,0,0.0000,0.0000,0,0,0,0,0,0,0,0,0,0,0,0,0,0,0,0,0,0,0,0,0,0,0,0,0,0.0000,0,32,0,0,0,0,0,0
WG_METRICS 195,256,768,2.5463,0.0101,0.0073,2.4698,0.0187,0.0405,256,768,196608,393216,79606.1172,159212.2344,0.0000,0,0.0000,0.0000,0,0.0000,0,0.0000,0.0000,0,0.0000,0.0000,0,0,0,0,0,0,0,0,0,0,0,0,0,0,0,0,0,0,0,0,0,0,0,0,0,0.0000,0,32,0,0,0,0,0,0
WG_METRICS 196,256,768,2.5645,0.0100,0.0073,2.4863,0.0188,0.0421,256,768,196608,393216,79077.1797,158154.3594,0.0000,0,0.0000,0.0000,0,0.0000,0,0.0000,0.0000,0,0.0000,0.0000,0,0,0,0,0,0,0,0,0,0,0,0,0,0,0,0,0,0,0,0,0,0,0,0,0,0.0000,0,32,0,0,0,0,0,0
WG_METRICS 197,256,768,2.5352,0.0100,0.0073,2.4610,0.0184,0.0384,256,768,196608,393216,79890.7734,159781.5469,0.0000,0,0.0000,0.0000,0,0.0000,0,0.0000,0.0000,0,0.0000,0.0000,0,0,0,0,0,0,0,0,0,0,0,0,0,0,0,0,0,0,0,0,0,0,0,0,0,0.0000,0,32,0,0,0,0,0,0
WG_METRICS 198,256,768,2.5482,0.0100,0.0073,2.4702,0.0189,0.0418,256,768,196608,393216,79591.9375,159183.8750,0.0000,0,0.0000,0.0000,0,0.0000,0,0.0000,0.0000,0,0.0000,0.0000,0,0,0,0,0,0,0,0,0,0,0,0,0,0,0,0,0,0,0,0,0,0,0,0,0,0.0000,0,32,0,0,0,0,0,0
WG_METRICS 199,256,768,2.6098,0.0098,0.0073,2.5238,0.0267,0.0422,256,768,196608,393216,77900.3438,155800.6875,0.0000,0,0.0000,0.0000,0,0.0000,0,0.0000,0.0000,0,0.0000,0.0000,0,0,0,0,0,0,0,0,0,0,0,0,0,0,0,0,0,0,0,0,0,0,0,0,0,0.0000,0,32,0,0,0,0,0,0
WG_METRICS 200,256,768,2.5406,0.0099,0.0073,2.4669,0.0185,0.0380,256,768,196608,393216,79697.7656,159395.5312,0.0000,0,0.0000,0.0000,0,0.0000,0,0.0000,0.0000,0,0.0000,0.0000,0,0,0,0,0,0,0,0,0,0,0,0,0,0,0,0,0,0,0,0,0,0,0,0,0,0.0000,0,32,0,0,0,0,0,0
WG_METRICS 201,256,768,2.5718,0.0098,0.0073,2.4953,0.0187,0.0406,256,768,196608,393216,78790.6953,157581.3906,0.0000,0,0.0000,0.0000,0,0.0000,0,0.0000,0.0000,0,0.0000,0.0000,0,0,0,0,0,0,0,0,0,0,0,0,0,0,0,0,0,0,0,0,0,0,0,0,0,0.0000,0,32,0,0,0,0,0,0
WG_METRICS 202,256,768,2.5868,0.0102,0.0073,2.5007,0.0267,0.0420,256,768,196608,393216,78620.5547,157241.1094,0.0000,0,0.0000,0.0000,0,0.0000,0,0.0000,0.0000,0,0.0000,0.0000,0,0,0,0,0,0,0,0,0,0,0,0,0,0,0,0,0,0,0,0,0,0,0,0,0,0.0000,0,32,0,0,0,0,0,0
WG_METRICS 203,256,768,2.5756,0.0100,0.0074,2.4982,0.0188,0.0413,256,768,196608,393216,78701.1250,157402.2500,0.0000,0,0.0000,0.0000,0,0.0000,0,0.0000,0.0000,0,0.0000,0.0000,0,0,0,0,0,0,0,0,0,0,0,0,0,0,0,0,0,0,0,0,0,0,0,0,0,0.0000,0,32,0,0,0,0,0,0
WG_METRICS 204,256,768,2.6192,0.0100,0.0073,2.4742,0.0864,0.0413,256,768,196608,393216,79461.9766,158923.9531,0.0000,0,0.0000,0.0000,0,0.0000,0,0.0000,0.0000,0,0.0000,0.0000,0,0,0,0,0,0,0,0,0,0,0,0,0,0,0,0,0,0,0,0,0,0,0,0,0,0.0000,0,32,0,0,0,0,0,0
WG_METRICS 205,256,768,2.5345,0.0099,0.0073,2.4572,0.0188,0.0413,256,768,196608,393216,80011.7188,160023.4375,0.0000,0,0.0000,0.0000,0,0.0000,0,0.0000,0.0000,0,0.0000,0.0000,0,0,0,0,0,0,0,0,0,0,0,0,0,0,0,0,0,0,0,0,0,0,0,0,0,0.0000,0,32,0,0,0,0,0,0
WG_METRICS 206,256,768,2.6120,0.0100,0.0073,2.5334,0.0191,0.0422,256,768,196608,393216,77606.3750,155212.7500,0.0000,0,0.0000,0.0000,0,0.0000,0,0.0000,0.0000,0,0.0000,0.0000,0,0,0,0,0,0,0,0,0,0,0,0,0,0,0,0,0,0,0,0,0,0,0,0,0,0.0000,0,32,0,0,0,0,0,0
WG_METRICS 207,256,768,2.5939,0.0100,0.0073,2.5077,0.0272,0.0417,256,768,196608,393216,78402.3516,156804.7031,0.0000,0,0.0000,0.0000,0,0.0000,0,0.0000,0.0000,0,0.0000,0.0000,0,0,0,0,0,0,0,0,0,0,0,0,0,0,0,0,0,0,0,0,0,0,0,0,0,0.0000,0,32,0,0,0,0,0,0
WG_METRICS 208,256,768,2.6243,0.0100,0.0073,2.5230,0.0454,0.0386,256,768,196608,393216,77927.5156,155855.0312,0.0000,0,0.0000,0.0000,0,0.0000,0,0.0000,0.0000,0,0.0000,0.0000,0,0,0,0,0,0,0,0,0,0,0,0,0,0,0,0,0,0,0,0,0,0,0,0,0,0.0000,0,32,0,0,0,0,0,0
WG_METRICS 209,256,768,2.6317,0.0100,0.0073,2.5538,0.0193,0.0414,256,768,196608,393216,76987.6562,153975.3125,0.0000,0,0.0000,0.0000,0,0.0000,0,0.0000,0.0000,0,0.0000,0.0000,0,0,0,0,0,0,0,0,0,0,0,0,0,0,0,0,0,0,0,0,0,0,0,0,0,0.0000,0,32,0,0,0,0,0,0
WG_METRICS 210,256,768,2.4923,0.0100,0.0073,2.4154,0.0188,0.0407,256,768,196608,393216,81396.3438,162792.6875,0.0000,0,0.0000,0.0000,0,0.0000,0,0.0000,0.0000,0,0.0000,0.0000,0,0,0,0,0,0,0,0,0,0,0,0,0,0,0,0,0,0,0,0,0,0,0,0,0,0.0000,0,32,0,0,0,0,0,0
WG_METRICS 211,256,768,2.5370,0.0099,0.0073,2.4595,0.0192,0.0412,256,768,196608,393216,79937.5469,159875.0938,0.0000,0,0.0000,0.0000,0,0.0000,0,0.0000,0.0000,0,0.0000,0.0000,0,0,0,0,0,0,0,0,0,0,0,0,0,0,0,0,0,0,0,0,0,0,0,0,0,0.0000,0,32,0,0,0,0,0,0
WG_METRICS 212,256,768,2.5663,0.0099,0.0073,2.4955,0.0117,0.0419,256,768,196608,393216,78784.3750,157568.7500,0.0000,0,0.0000,0.0000,0,0.0000,0,0.0000,0.0000,0,0.0000,0.0000,0,0,0,0,0,0,0,0,0,0,0,0,0,0,0,0,0,0,0,0,0,0,0,0,0,0.0000,0,32,0,0,0,0,0,0
WG_METRICS 213,256,768,2.5210,0.0100,0.0073,2.4434,0.0193,0.0410,256,768,196608,393216,80464.9297,160929.8594,0.0000,0,0.0000,0.0000,0,0.0000,0,0.0000,0.0000,0,0.0000,0.0000,0,0,0,0,0,0,0,0,0,0,0,0,0,0,0,0,0,0,0,0,0,0,0,0,0,0.0000,0,32,0,0,0,0,0,0
WG_METRICS 214,256,768,2.5832,0.0099,0.0073,2.5052,0.0194,0.0415,256,768,196608,393216,78481.2109,156962.4219,0.0000,0,0.0000,0.0000,0,0.0000,0,0.0000,0.0000,0,0.0000,0.0000,0,0,0,0,0,0,0,0,0,0,0,0,0,0,0,0,0,0,0,0,0,0,0,0,0,0.0000,0,32,0,0,0,0,0,0
WG_METRICS 215,256,768,2.5837,0.0102,0.0073,2.5058,0.0186,0.0418,256,768,196608,393216,78459.9141,156919.8281,0.0000,0,0.0000,0.0000,0,0.0000,0,0.0000,0.0000,0,0.0000,0.0000,0,0,0,0,0,0,0,0,0,0,0,0,0,0,0,0,0,0,0,0,0,0,0,0,0,0.0000,0,32,0,0,0,0,0,0
WG_METRICS 216,256,768,2.5851,0.0099,0.0073,2.5072,0.0193,0.0414,256,768,196608,393216,78417.3594,156834.7188,0.0000,0,0.0000,0.0000,0,0.0000,0,0.0000,0.0000,0,0.0000,0.0000,0,0,0,0,0,0,0,0,0,0,0,0,0,0,0,0,0,0,0,0,0,0,0,0,0,0.0000,0,32,0,0,0,0,0,0
WG_METRICS 217,256,768,2.5898,0.0102,0.0073,2.5115,0.0193,0.0416,256,768,196608,393216,78283.7188,156567.4375,0.0000,0,0.0000,0.0000,0,0.0000,0,0.0000,0.0000,0,0.0000,0.0000,0,0,0,0,0,0,0,0,0,0,0,0,0,0,0,0,0,0,0,0,0,0,0,0,0,0.0000,0,32,0,0,0,0,0,0
WG_METRICS 218,256,768,2.5039,0.0099,0.0073,2.4290,0.0191,0.0386,256,768,196608,393216,80940.6172,161881.2344,0.0000,0,0.0000,0.0000,0,0.0000,0,0.0000,0.0000,0,0.0000,0.0000,0,0,0,0,0,0,0,0,0,0,0,0,0,0,0,0,0,0,0,0,0,0,0,0,0,0.0000,0,32,0,0,0,0,0,0
WG_METRICS 219,256,768,2.5657,0.0100,0.0073,2.4881,0.0191,0.0412,256,768,196608,393216,79018.6953,158037.3906,0.0000,0,0.0000,0.0000,0,0.0000,0,0.0000,0.0000,0,0.0000,0.0000,0,0,0,0,0,0,0,0,0,0,0,0,0,0,0,0,0,0,0,0,0,0,0,0,0,0.0000,0,32,0,0,0,0,0,0
WG_METRICS 220,256,768,2.5604,0.0100,0.0073,2.4820,0.0187,0.0424,256,768,196608,393216,79212.2656,158424.5312,0.0000,0,0.0000,0.0000,0,0.0000,0,0.0000,0.0000,0,0.0000,0.0000,0,0,0,0,0,0,0,0,0,0,0,0,0,0,0,0,0,0,0,0,0,0,0,0,0,0.0000,0,32,0,0,0,0,0,0
WG_METRICS 221,256,768,2.5913,0.0099,0.0073,2.5124,0.0193,0.0424,256,768,196608,393216,78253.8125,156507.6250,0.0000,0,0.0000,0.0000,0,0.0000,0,0.0000,0.0000,0,0.0000,0.0000,0,0,0,0,0,0,0,0,0,0,0,0,0,0,0,0,0,0,0,0,0,0,0,0,0,0.0000,0,32,0,0,0,0,0,0
WG_METRICS 222,256,768,2.6004,0.0100,0.0073,2.5222,0.0194,0.0416,256,768,196608,393216,77952.2266,155904.4531,0.0000,0,0.0000,0.0000,0,0.0000,0,0.0000,0.0000,0,0.0000,0.0000,0,0,0,0,0,0,0,0,0,0,0,0,0,0,0,0,0,0,0,0,0,0,0,0,0,0.0000,0,32,0,0,0,0,0,0
WG_METRICS 223,256,768,2.5623,0.0100,0.0073,2.4736,0.0272,0.0442,256,768,196608,393216,79483.8203,158967.6406,0.0000,0,0.0000,0.0000,0,0.0000,0,0.0000,0.0000,0,0.0000,0.0000,0,0,0,0,0,0,0,0,0,0,0,0,0,0,0,0,0,0,0,0,0,0,0,0,0,0.0000,0,32,0,0,0,0,0,0
WG_METRICS 224,256,768,2.5886,0.0100,0.0073,2.5100,0.0194,0.0420,256,768,196608,393216,78331.1328,156662.2656,0.0000,0,0.0000,0.0000,0,0.0000,0,0.0000,0.0000,0,0.0000,0.0000,0,0,0,0,0,0,0,0,0,0,0,0,0,0,0,0,0,0,0,0,0,0,0,0,0,0.0000,0,32,0,0,0,0,0,0
WG_METRICS 225,256,768,2.5540,0.0098,0.0073,2.4822,0.0123,0.0423,256,768,196608,393216,79207.1562,158414.3125,0.0000,0,0.0000,0.0000,0,0.0000,0,0.0000,0.0000,0,0.0000,0.0000,0,0,0,0,0,0,0,0,0,0,0,0,0,0,0,0,0,0,0,0,0,0,0,0,0,0.0000,0,32,0,0,0,0,0,0
WG_METRICS 226,256,768,2.6146,0.0100,0.0073,2.5360,0.0194,0.0418,256,768,196608,393216,77526.8125,155053.6250,0.0000,0,0.0000,0.0000,0,0.0000,0,0.0000,0.0000,0,0.0000,0.0000,0,0,0,0,0,0,0,0,0,0,0,0,0,0,0,0,0,0,0,0,0,0,0,0,0,0.0000,0,32,0,0,0,0,0,0
WG_METRICS 227,256,768,2.6158,0.0100,0.0073,2.5344,0.0194,0.0446,256,768,196608,393216,77574.5312,155149.0625,0.0000,0,0.0000,0.0000,0,0.0000,0,0.0000,0.0000,0,0.0000,0.0000,0,0,0,0,0,0,0,0,0,0,0,0,0,0,0,0,0,0,0,0,0,0,0,0,0,0.0000,0,32,0,0,0,0,0,0
WG_METRICS 228,256,768,2.5608,0.0099,0.0073,2.4836,0.0183,0.0417,256,768,196608,393216,79161.2344,158322.4688,0.0000,0,0.0000,0.0000,0,0.0000,0,0.0000,0.0000,0,0.0000,0.0000,0,0,0,0,0,0,0,0,0,0,0,0,0,0,0,0,0,0,0,0,0,0,0,0,0,0.0000,0,32,0,0,0,0,0,0
WG_METRICS 229,256,768,2.6046,0.0101,0.0073,2.5257,0.0194,0.0422,256,768,196608,393216,77843.5859,155687.1719,0.0000,0,0.0000,0.0000,0,0.0000,0,0.0000,0.0000,0,0.0000,0.0000,0,0,0,0,0,0,0,0,0,0,0,0,0,0,0,0,0,0,0,0,0,0,0,0,0,0.0000,0,32,0,0,0,0,0,0
WG_METRICS 230,256,768,2.5723,0.0100,0.0073,2.4938,0.0194,0.0419,256,768,196608,393216,78838.7188,157677.4375,0.0000,0,0.0000,0.0000,0,0.0000,0,0.0000,0.0000,0,0.0000,0.0000,0,0,0,0,0,0,0,0,0,0,0,0,0,0,0,0,0,0,0,0,0,0,0,0,0,0.0000,0,32,0,0,0,0,0,0
WG_METRICS 231,256,768,2.5896,0.0100,0.0073,2.5032,0.0272,0.0420,256,768,196608,393216,78543.9219,157087.8438,0.0000,0,0.0000,0.0000,0,0.0000,0,0.0000,0.0000,0,0.0000,0.0000,0,0,0,0,0,0,0,0,0,0,0,0,0,0,0,0,0,0,0,0,0,0,0,0,0,0.0000,0,32,0,0,0,0,0,0
WG_METRICS 232,256,768,2.6327,0.0101,0.0073,2.5532,0.0194,0.0427,256,768,196608,393216,77003.3359,154006.6719,0.0000,0,0.0000,0.0000,0,0.0000,0,0.0000,0.0000,0,0.0000,0.0000,0,0,0,0,0,0,0,0,0,0,0,0,0,0,0,0,0,0,0,0,0,0,0,0,0,0.0000,0,32,0,0,0,0,0,0
WG_METRICS 233,256,768,2.5625,0.0100,0.0073,2.4834,0.0194,0.0424,256,768,196608,393216,79167.6094,158335.2188,0.0000,0,0.0000,0.0000,0,0.0000,0,0.0000,0.0000,0,0.0000,0.0000,0,0,0,0,0,0,0,0,0,0,0,0,0,0,0,0,0,0,0,0,0,0,0,0,0,0.0000,0,32,0,0,0,0,0,0
WG_METRICS 234,256,768,2.6233,0.0100,0.0073,2.5444,0.0194,0.0422,256,768,196608,393216,77269.6562,154539.3125,0.0000,0,0.0000,0.0000,0,0.0000,0,0.0000,0.0000,0,0.0000,0.0000,0,0,0,0,0,0,0,0,0,0,0,0,0,0,0,0,0,0,0,0,0,0,0,0,0,0.0000,0,32,0,0,0,0,0,0
WG_METRICS 235,256,768,2.5936,0.0100,0.0073,2.5148,0.0193,0.0422,256,768,196608,393216,78180.3672,156360.7344,0.0000,0,0.0000,0.0000,0,0.0000,0,0.0000,0.0000,0,0.0000,0.0000,0,0,0,0,0,0,0,0,0,0,0,0,0,0,0,0,0,0,0,0,0,0,0,0,0,0.0000,0,32,0,0,0,0,0,0
WG_METRICS 236,256,768,2.5926,0.0101,0.0073,2.5131,0.0187,0.0433,256,768,196608,393216,78232.6406,156465.2812,0.0000,0,0.0000,0.0000,0,0.0000,0,0.0000,0.0000,0,0.0000,0.0000,0,0,0,0,0,0,0,0,0,0,0,0,0,0,0,0,0,0,0,0,0,0,0,0,0,0.0000,0,32,0,0,0,0,0,0
WG_METRICS 237,256,768,2.6009,0.0099,0.0073,2.5223,0.0194,0.0419,256,768,196608,393216,77947.2891,155894.5781,0.0000,0,0.0000,0.0000,0,0.0000,0,0.0000,0.0000,0,0.0000,0.0000,0,0,0,0,0,0,0,0,0,0,0,0,0,0,0,0,0,0,0,0,0,0,0,0,0,0.0000,0,32,0,0,0,0,0,0
WG_METRICS 238,256,768,2.5904,0.0101,0.0073,2.5114,0.0194,0.0422,256,768,196608,393216,78284.9688,156569.9375,0.0000,0,0.0000,0.0000,0,0.0000,0,0.0000,0.0000,0,0.0000,0.0000,0,0,0,0,0,0,0,0,0,0,0,0,0,0,0,0,0,0,0,0,0,0,0,0,0,0.0000,0,32,0,0,0,0,0,0
WG_METRICS 239,256,768,2.5807,0.0100,0.0073,2.4942,0.0272,0.0420,256,768,196608,393216,78824.8125,157649.6250,0.0000,0,0.0000,0.0000,0,0.0000,0,0.0000,0.0000,0,0.0000,0.0000,0,0,0,0,0,0,0,0,0,0,0,0,0,0,0,0,0,0,0,0,0,0,0,0,0,0.0000,0,32,0,0,0,0,0,0
WG_METRICS 240,256,768,2.6119,0.0099,0.0073,2.5332,0.0196,0.0420,256,768,196608,393216,77613.7344,155227.4688,0.0000,0,0.0000,0.0000,0,0.0000,0,0.0000,0.0000,0,0.0000,0.0000,0,0,0,0,0,0,0,0,0,0,0,0,0,0,0,0,0,0,0,0,0,0,0,0,0,0.0000,0,32,0,0,0,0,0,0
WG_METRICS 241,256,768,2.5935,0.0101,0.0073,2.5150,0.0193,0.0419,256,768,196608,393216,78175.3984,156350.7969,0.0000,0,0.0000,0.0000,0,0.0000,0,0.0000,0.0000,0,0.0000,0.0000,0,0,0,0,0,0,0,0,0,0,0,0,0,0,0,0,0,0,0,0,0,0,0,0,0,0.0000,0,32,0,0,0,0,0,0
WG_METRICS 242,256,768,2.6331,0.0100,0.0073,2.5541,0.0195,0.0422,256,768,196608,393216,76978.0078,153956.0156,0.0000,0,0.0000,0.0000,0,0.0000,0,0.0000,0.0000,0,0.0000,0.0000,0,0,0,0,0,0,0,0,0,0,0,0,0,0,0,0,0,0,0,0,0,0,0,0,0,0.0000,0,32,0,0,0,0,0,0
WG_METRICS 243,256,768,2.5760,0.0100,0.0073,2.4975,0.0194,0.0419,256,768,196608,393216,78721.2891,157442.5781,0.0000,0,0.0000,0.0000,0,0.0000,0,0.0000,0.0000,0,0.0000,0.0000,0,0,0,0,0,0,0,0,0,0,0,0,0,0,0,0,0,0,0,0,0,0,0,0,0,0.0000,0,32,0,0,0,0,0,0
WG_METRICS 244,256,768,2.5756,0.0098,0.0073,2.4892,0.0269,0.0423,256,768,196608,393216,78984.4062,157968.8125,0.0000,0,0.0000,0.0000,0,0.0000,0,0.0000,0.0000,0,0.0000,0.0000,0,0,0,0,0,0,0,0,0,0,0,0,0,0,0,0,0,0,0,0,0,0,0,0,0,0.0000,0,32,0,0,0,0,0,0
WG_METRICS 245,256,768,2.5745,0.0100,0.0073,2.4957,0.0194,0.0420,256,768,196608,393216,78778.0703,157556.1406,0.0000,0,0.0000,0.0000,0,0.0000,0,0.0000,0.0000,0,0.0000,0.0000,0,0,0,0,0,0,0,0,0,0,0,0,0,0,0,0,0,0,0,0,0,0,0,0,0,0.0000,0,32,0,0,0,0,0,0
WG_METRICS 246,256,768,2.5962,0.0100,0.0073,2.5156,0.0194,0.0438,256,768,196608,393216,78154.2656,156308.5312,0.0000,0,0.0000,0.0000,0,0.0000,0,0.0000,0.0000,0,0.0000,0.0000,0,0,0,0,0,0,0,0,0,0,0,0,0,0,0,0,0,0,0,0,0,0,0,0,0,0.0000,0,32,0,0,0,0,0,0
WG_METRICS 247,256,768,2.5718,0.0100,0.0073,2.4926,0.0194,0.0424,256,768,196608,393216,78876.6797,157753.3594,0.0000,0,0.0000,0.0000,0,0.0000,0,0.0000,0.0000,0,0.0000,0.0000,0,0,0,0,0,0,0,0,0,0,0,0,0,0,0,0,0,0,0,0,0,0,0,0,0,0.0000,0,32,0,0,0,0,0,0
WG_METRICS 248,256,768,2.5975,0.0100,0.0073,2.5184,0.0195,0.0423,256,768,196608,393216,78067.3750,156134.7500,0.0000,0,0.0000,0.0000,0,0.0000,0,0.0000,0.0000,0,0.0000,0.0000,0,0,0,0,0,0,0,0,0,0,0,0,0,0,0,0,0,0,0,0,0,0,0,0,0,0.0000,0,32,0,0,0,0,0,0
WG_METRICS 249,256,768,2.5938,0.0100,0.0073,2.5222,0.0122,0.0421,256,768,196608,393216,77949.7578,155899.5156,0.0000,0,0.0000,0.0000,0,0.0000,0,0.0000,0.0000,0,0.0000,0.0000,0,0,0,0,0,0,0,0,0,0,0,0,0,0,0,0,0,0,0,0,0,0,0,0,0,0.0000,0,32,0,0,0,0,0,0
WG_METRICS 250,256,768,2.5792,0.0100,0.0073,2.4994,0.0195,0.0430,256,768,196608,393216,78662.0859,157324.1719,0.0000,0,0.0000,0.0000,0,0.0000,0,0.0000,0.0000,0,0.0000,0.0000,0,0,0,0,0,0,0,0,0,0,0,0,0,0,0,0,0,0,0,0,0,0,0,0,0,0.0000,0,32,0,0,0,0,0,0
WG_METRICS 251,256,768,2.6028,0.0100,0.0073,2.5236,0.0194,0.0424,256,768,196608,393216,77906.5156,155813.0312,0.0000,0,0.0000,0.0000,0,0.0000,0,0.0000,0.0000,0,0.0000,0.0000,0,0,0,0,0,0,0,0,0,0,0,0,0,0,0,0,0,0,0,0,0,0,0,0,0,0.0000,0,32,0,0,0,0,0,0
WG_METRICS 252,256,768,2.6300,0.0098,0.0073,2.5437,0.0271,0.0421,256,768,196608,393216,77291.5234,154583.0469,0.0000,0,0.0000,0.0000,0,0.0000,0,0.0000,0.0000,0,0.0000,0.0000,0,0,0,0,0,0,0,0,0,0,0,0,0,0,0,0,0,0,0,0,0,0,0,0,0,0.0000,0,32,0,0,0,0,0,0
WG_METRICS 253,256,768,2.5879,0.0099,0.0073,2.5093,0.0194,0.0420,256,768,196608,393216,78351.1094,156702.2188,0.0000,0,0.0000,0.0000,0,0.0000,0,0.0000,0.0000,0,0.0000,0.0000,0,0,0,0,0,0,0,0,0,0,0,0,0,0,0,0,0,0,0,0,0,0,0,0,0,0.0000,0,32,0,0,0,0,0,0
WG_METRICS 254,256,768,2.5850,0.0099,0.0073,2.5064,0.0196,0.0418,256,768,196608,393216,78441.1406,156882.2812,0.0000,0,0.0000,0.0000,0,0.0000,0,0.0000,0.0000,0,0.0000,0.0000,0,0,0,0,0,0,0,0,0,0,0,0,0,0,0,0,0,0,0,0,0,0,0,0,0,0.0000,0,32,0,0,0,0,0,0
WG_METRICS 255,256,768,2.5899,0.0099,0.0074,2.5099,0.0193,0.0434,256,768,196608,393216,78332.3828,156664.7656,0.0000,0,0.0000,0.0000,0,0.0000,0,0.0000,0.0000,0,0.0000,0.0000,0,0,0,0,0,0,0,0,0,0,0,0,0,0,0,0,0,0,0,0,0,0,0,0,0,0.0000,0,32,0,0,0,0,0,0
WG_METRICS 256,256,768,2.5774,0.0101,0.0073,2.4982,0.0196,0.0422,256,768,196608,393216,78701.1250,157402.2500,0.0000,0,0.0000,0.0000,0,0.0000,0,0.0000,0.0000,0,0.0000,0.0000,0,0,0,0,0,0,0,0,0,0,0,0,0,0,0,0,0,0,0,0,0,0,0,0,0,0.0000,0,32,0,0,0,0,0,0
WG_METRICS 257,256,768,2.6200,0.0099,0.0073,2.5323,0.0274,0.0430,256,768,196608,393216,77640.7031,155281.4062,0.0000,0,0.0000,0.0000,0,0.0000,0,0.0000,0.0000,0,0.0000,0.0000,0,0,0,0,0,0,0,0,0,0,0,0,0,0,0,0,0,0,0,0,0,0,0,0,0,0.0000,0,32,0,0,0,0,0,0
WG_METRICS 258,256,768,2.5890,0.0099,0.0073,2.5091,0.0194,0.0433,256,768,196608,393216,78357.3516,156714.7031,0.0000,0,0.0000,0.0000,0,0.0000,0,0.0000,0.0000,0,0.0000,0.0000,0,0,0,0,0,0,0,0,0,0,0,0,0,0,0,0,0,0,0,0,0,0,0,0,0,0.0000,0,32,0,0,0,0,0,0
WG_METRICS 259,256,768,2.6156,0.0101,0.0073,2.5367,0.0194,0.0422,256,768,196608,393216,77506.0312,155012.0625,0.0000,0,0.0000,0.0000,0,0.0000,0,0.0000,0.0000,0,0.0000,0.0000,0,0,0,0,0,0,0,0,0,0,0,0,0,0,0,0,0,0,0,0,0,0,0,0,0,0.0000,0,32,0,0,0,0,0,0
WG_METRICS 260,256,768,2.5716,0.0100,0.0073,2.4917,0.0194,0.0432,256,768,196608,393216,78904.5312,157809.0625,0.0000,0,0.0000,0.0000,0,0.0000,0,0.0000,0.0000,0,0.0000,0.0000,0,0,0,0,0,0,0,0,0,0,0,0,0,0,0,0,0,0,0,0,0,0,0,0,0,0.0000,0,32,0,0,0,0,0,0
WG_METRICS 261,256,768,2.5555,0.0104,0.0073,2.4764,0.0194,0.0421,256,768,196608,393216,79392.6719,158785.3438,0.0000,0,0.0000,0.0000,0,0.0000,0,0.0000,0.0000,0,0.0000,0.0000,0,0,0,0,0,0,0,0,0,0,0,0,0,0,0,0,0,0,0,0,0,0,0,0,0,0.0000,0,32,0,0,0,0,0,0
WG_METRICS 262,256,768,2.5752,0.0101,0.0073,2.5036,0.0122,0.0420,256,768,196608,393216,78530.1172,157060.2344,0.0000,0,0.0000,0.0000,0,0.0000,0,0.0000,0.0000,0,0.0000,0.0000,0,0,0,0,0,0,0,0,0,0,0,0,0,0,0,0,0,0,0,0,0,0,0,0,0,0.0000,0,32,0,0,0,0,0,0
WG_METRICS 263,256,768,2.5850,0.0102,0.0073,2.5058,0.0193,0.0425,256,768,196608,393216,78462.4219,156924.8438,0.0000,0,0.0000,0.0000,0,0.0000,0,0.0000,0.0000,0,0.0000,0.0000,0,0,0,0,0,0,0,0,0,0,0,0,0,0,0,0,0,0,0,0,0,0,0,0,0,0.0000,0,32,0,0,0,0,0,0
WG_METRICS 264,256,768,2.6020,0.0100,0.0073,2.5224,0.0194,0.0429,256,768,196608,393216,77943.5781,155887.1562,0.0000,0,0.0000,0.0000,0,0.0000,0,0.0000,0.0000,0,0.0000,0.0000,0,0,0,0,0,0,0,0,0,0,0,0,0,0,0,0,0,0,0,0,0,0,0,0,0,0.0000,0,32,0,0,0,0,0,0
WG_METRICS 265,256,768,2.5660,0.0098,0.0073,2.4877,0.0187,0.0424,256,768,196608,393216,79031.3984,158062.7969,0.0000,0,0.0000,0.0000,0,0.0000,0,0.0000,0.0000,0,0.0000,0.0000,0,0,0,0,0,0,0,0,0,0,0,0,0,0,0,0,0,0,0,0,0,0,0,0,0,0.0000,0,32,0,0,0,0,0,0
WG_METRICS 266,256,768,2.5572,0.0101,0.0073,2.4783,0.0196,0.0420,256,768,196608,393216,79331.1641,158662.3281,0.0000,0,0.0000,0.0000,0,0.0000,0,0.0000,0.0000,0,0.0000,0.0000,0,0,0,0,0,0,0,0,0,0,0,0,0,0,0,0,0,0,0,0,0,0,0,0,0,0.0000,0,32,0,0,0,0,0,0
WG_METRICS 267,256,768,2.5901,0.0098,0.0073,2.5112,0.0194,0.0423,256,768,196608,393216,78292.4531,156584.9062,0.0000,0,0.0000,0.0000,0,0.0000,0,0.0000,0.0000,0,0.0000,0.0000,0,0,0,0,0,0,0,0,0,0,0,0,0,0,0,0,0,0,0,0,0,0,0,0,0,0.0000,0,32,0,0,0,0,0,0
WG_METRICS 268,256,768,2.6184,0.0100,0.0073,2.5397,0.0194,0.0419,256,768,196608,393216,77413.2578,154826.5156,0.0000,0,0.0000,0.0000,0,0.0000,0,0.0000,0.0000,0,0.0000,0.0000,0,0,0,0,0,0,0,0,0,0,0,0,0,0,0,0,0,0,0,0,0,0,0,0,0,0.0000,0,32,0,0,0,0,0,0
WG_METRICS 269,256,768,2.6366,0.0099,0.0073,2.5582,0.0194,0.0418,256,768,196608,393216,76854.0391,153708.0781,0.0000,0,0.0000,0.0000,0,0.0000,0,0.0000,0.0000,0,0.0000,0.0000,0,0,0,0,0,0,0,0,0,0,0,0,0,0,0,0,0,0,0,0,0,0,0,0,0,0.0000,0,32,0,0,0,0,0,0
WG_METRICS 270,256,768,2.6076,0.0099,0.0073,2.5304,0.0104,0.0495,256,768,196608,393216,77697.1562,155394.3125,0.0000,0,0.0000,0.0000,0,0.0000,0,0.0000,0.0000,0,0.0000,0.0000,0,0,0,0,0,0,0,0,0,0,0,0,0,0,0,0,0,0,0,0,0,0,0,0,0,0.0000,0,32,0,0,0,0,0,0
WG_METRICS 271,256,768,2.5902,0.0098,0.0073,2.5117,0.0194,0.0420,256,768,196608,393216,78276.2422,156552.4844,0.0000,0,0.0000,0.0000,0,0.0000,0,0.0000,0.0000,0,0.0000,0.0000,0,0,0,0,0,0,0,0,0,0,0,0,0,0,0,0,0,0,0,0,0,0,0,0,0,0.0000,0,32,0,0,0,0,0,0
WG_METRICS 272,256,768,2.5768,0.0101,0.0073,2.4976,0.0189,0.0428,256,768,196608,393216,78717.5156,157435.0312,0.0000,0,0.0000,0.0000,0,0.0000,0,0.0000,0.0000,0,0.0000,0.0000,0,0,0,0,0,0,0,0,0,0,0,0,0,0,0,0,0,0,0,0,0,0,0,0,0,0.0000,0,32,0,0,0,0,0,0
WG_METRICS 273,256,768,2.5928,0.0099,0.0073,2.5068,0.0266,0.0423,256,768,196608,393216,78431.1250,156862.2500,0.0000,0,0.0000,0.0000,0,0.0000,0,0.0000,0.0000,0,0.0000,0.0000,0,0,0,0,0,0,0,0,0,0,0,0,0,0,0,0,0,0,0,0,0,0,0,0,0,0.0000,0,32,0,0,0,0,0,0
WG_METRICS 274,256,768,2.6418,0.0100,0.0073,2.5633,0.0190,0.0422,256,768,196608,393216,76701.7266,153403.4531,0.0000,0,0.0000,0.0000,0,0.0000,0,0.0000,0.0000,0,0.0000,0.0000,0,0,0,0,0,0,0,0,0,0,0,0,0,0,0,0,0,0,0,0,0,0,0,0,0,0.0000,0,32,0,0,0,0,0,0
WG_METRICS 275,256,768,2.5644,0.0098,0.0073,2.4852,0.0189,0.0431,256,768,196608,393216,79110.2656,158220.5312,0.0000,0,0.0000,0.0000,0,0.0000,0,0.0000,0.0000,0,0.0000,0.0000,0,0,0,0,0,0,0,0,0,0,0,0,0,0,0,0,0,0,0,0,0,0,0,0,0,0.0000,0,32,0,0,0,0,0,0
WG_METRICS 276,256,768,2.5943,0.0099,0.0073,2.5157,0.0189,0.0424,256,768,196608,393216,78151.7812,156303.5625,0.0000,0,0.0000,0.0000,0,0.0000,0,0.0000,0.0000,0,0.0000,0.0000,0,0,0,0,0,0,0,0,0,0,0,0,0,0,0,0,0,0,0,0,0,0,0,0,0,0.0000,0,32,0,0,0,0,0,0
WG_METRICS 277,256,768,2.5738,0.0100,0.0073,2.4956,0.0189,0.0420,256,768,196608,393216,78781.8594,157563.7188,0.0000,0,0.0000,0.0000,0,0.0000,0,0.0000,0.0000,0,0.0000,0.0000,0,0,0,0,0,0,0,0,0,0,0,0,0,0,0,0,0,0,0,0,0,0,0,0,0,0.0000,0,32,0,0,0,0,0,0
WG_METRICS 278,256,768,2.6037,0.0100,0.0073,2.5241,0.0180,0.0444,256,768,196608,393216,77891.6953,155783.3906,0.0000,0,0.0000,0.0000,0,0.0000,0,0.0000,0.0000,0,0.0000,0.0000,0,0,0,0,0,0,0,0,0,0,0,0,0,0,0,0,0,0,0,0,0,0,0,0,0,0.0000,0,32,0,0,0,0,0,0
WG_METRICS 279,256,768,2.6373,0.0101,0.0073,2.5581,0.0189,0.0430,256,768,196608,393216,76857.6406,153715.2812,0.0000,0,0.0000,0.0000,0,0.0000,0,0.0000,0.0000,0,0.0000,0.0000,0,0,0,0,0,0,0,0,0,0,0,0,0,0,0,0,0,0,0,0,0,0,0,0,0,0.0000,0,32,0,0,0,0,0,0
WG_METRICS 280,256,768,2.6005,0.0100,0.0073,2.5222,0.0189,0.0422,256,768,196608,393216,77952.2266,155904.4531,0.0000,0,0.0000,0.0000,0,0.0000,0,0.0000,0.0000,0,0.0000,0.0000,0,0,0,0,0,0,0,0,0,0,0,0,0,0,0,0,0,0,0,0,0,0,0,0,0,0.0000,0,32,0,0,0,0,0,0
WG_METRICS 281,256,768,2.6045,0.0100,0.0079,2.5178,0.0268,0.0420,256,768,196608,393216,78087.2188,156174.4375,0.0000,0,0.0000,0.0000,0,0.0000,0,0.0000,0.0000,0,0.0000,0.0000,0,0,0,0,0,0,0,0,0,0,0,0,0,0,0,0,0,0,0,0,0,0,0,0,0,0.0000,0,32,0,0,0,0,0,0
WG_METRICS 282,256,768,2.5885,0.0102,0.0073,2.5100,0.0190,0.0420,256,768,196608,393216,78329.8828,156659.7656,0.0000,0,0.0000,0.0000,0,0.0000,0,0.0000,0.0000,0,0.0000,0.0000,0,0,0,0,0,0,0,0,0,0,0,0,0,0,0,0,0,0,0,0,0,0,0,0,0,0.0000,0,32,0,0,0,0,0,0
WG_METRICS 283,256,768,2.5748,0.0099,0.0073,2.4960,0.0188,0.0427,256,768,196608,393216,78770.4922,157540.9844,0.0000,0,0.0000,0.0000,0,0.0000,0,0.0000,0.0000,0,0.0000,0.0000,0,0,0,0,0,0,0,0,0,0,0,0,0,0,0,0,0,0,0,0,0,0,0,0,0,0.0000,0,32,0,0,0,0,0,0
WG_METRICS 284,256,768,2.6627,0.0100,0.0073,2.5835,0.0190,0.0430,256,768,196608,393216,76100.8281,152201.6562,0.0000,0,0.0000,0.0000,0,0.0000,0,0.0000,0.0000,0,0.0000,0.0000,0,0,0,0,0,0,0,0,0,0,0,0,0,0,0,0,0,0,0,0,0,0,0,0,0,0.0000,0,32,0,0,0,0,0,0
WG_METRICS 285,256,768,2.5859,0.0100,0.0073,2.5074,0.0189,0.0423,256,768,196608,393216,78412.3516,156824.7031,0.0000,0,0.0000,0.0000,0,0.0000,0,0.0000,0.0000,0,0.0000,0.0000,0,0,0,0,0,0,0,0,0,0,0,0,0,0,0,0,0,0,0,0,0,0,0,0,0,0.0000,0,32,0,0,0,0,0,0
WG_METRICS 286,256,768,2.6036,0.0100,0.0073,2.5168,0.0268,0.0427,256,768,196608,393216,78118.2500,156236.5000,0.0000,0,0.0000,0.0000,0,0.0000,0,0.0000,0.0000,0,0.0000,0.0000,0,0,0,0,0,0,0,0,0,0,0,0,0,0,0,0,0,0,0,0,0,0,0,0,0,0.0000,0,32,0,0,0,0,0,0
WG_METRICS 287,256,768,2.5871,0.0100,0.0073,2.5091,0.0188,0.0418,256,768,196608,393216,78358.6016,156717.2031,0.0000,0,0.0000,0.0000,0,0.0000,0,0.0000,0.0000,0,0.0000,0.0000,0,0,0,0,0,0,0,0,0,0,0,0,0,0,0,0,0,0,0,0,0,0,0,0,0,0.0000,0,32,0,0,0,0,0,0
WG_METRICS 288,256,768,2.5898,0.0099,0.0073,2.5116,0.0190,0.0419,256,768,196608,393216,78278.7344,156557.4688,0.0000,0,0.0000,0.0000,0,0.0000,0,0.0000,0.0000,0,0.0000,0.0000,0,0,0,0,0,0,0,0,0,0,0,0,0,0,0,0,0,0,0,0,0,0,0,0,0,0.0000,0,32,0,0,0,0,0,0
WG_METRICS 289,256,768,2.5615,0.0100,0.0073,2.4803,0.0189,0.0450,256,768,196608,393216,79267.1953,158534.3906,0.0000,0,0.0000,0.0000,0,0.0000,0,0.0000,0.0000,0,0.0000,0.0000,0,0,0,0,0,0,0,0,0,0,0,0,0,0,0,0,0,0,0,0,0,0,0,0,0,0.0000,0,32,0,0,0,0,0,0
WG_METRICS 290,256,768,2.6177,0.0100,0.0073,2.5415,0.0145,0.0444,256,768,196608,393216,77359.6484,154719.2969,0.0000,0,0.0000,0.0000,0,0.0000,0,0.0000,0.0000,0,0.0000,0.0000,0,0,0,0,0,0,0,0,0,0,0,0,0,0,0,0,0,0,0,0,0,0,0,0,0,0.0000,0,32,0,0,0,0,0,0
WG_METRICS 291,256,768,2.0057,0.0090,0.0070,1.9395,0.0178,0.0322,256,768,196608,393216,101369.4141,202738.8281,0.0000,0,0.0000,0.0000,0,0.0000,0,0.0000,0.0000,0,0.0000,0.0000,0,0,0,0,0,0,0,0,0,0,0,0,0,0,0,0,0,0,0,0,0,0,0,0,0,0.0000,0,32,0,0,0,0,0,0
WG_METRICS 292,256,768,1.9733,0.0090,0.0070,1.9072,0.0179,0.0322,256,768,196608,393216,103085.0859,206170.1719,0.0000,0,0.0000,0.0000,0,0.0000,0,0.0000,0.0000,0,0.0000,0.0000,0,0,0,0,0,0,0,0,0,0,0,0,0,0,0,0,0,0,0,0,0,0,0,0,0,0.0000,0,32,0,0,0,0,0,0
WG_METRICS 293,256,768,1.9695,0.0091,0.0070,1.9036,0.0178,0.0320,256,768,196608,393216,103282.2031,206564.4062,0.0000,0,0.0000,0.0000,0,0.0000,0,0.0000,0.0000,0,0.0000,0.0000,0,0,0,0,0,0,0,0,0,0,0,0,0,0,0,0,0,0,0,0,0,0,0,0,0,0.0000,0,32,0,0,0,0,0,0
WG_METRICS 294,256,768,1.9975,0.0090,0.0070,1.9242,0.0250,0.0322,256,768,196608,393216,102174.3672,204348.7344,0.0000,0,0.0000,0.0000,0,0.0000,0,0.0000,0.0000,0,0.0000,0.0000,0,0,0,0,0,0,0,0,0,0,0,0,0,0,0,0,0,0,0,0,0,0,0,0,0,0.0000,0,32,0,0,0,0,0,0
WG_METRICS 295,256,768,1.9618,0.0090,0.0070,1.8957,0.0178,0.0323,256,768,196608,393216,103713.7109,207427.4219,0.0000,0,0.0000,0.0000,0,0.0000,0,0.0000,0.0000,0,0.0000,0.0000,0,0,0,0,0,0,0,0,0,0,0,0,0,0,0,0,0,0,0,0,0,0,0,0,0,0.0000,0,32,0,0,0,0,0,0
WG_METRICS 296,256,768,2.0280,0.0088,0.0070,1.9620,0.0179,0.0323,256,768,196608,393216,100210.0000,200420.0000,0.0000,0,0.0000,0.0000,0,0.0000,0,0.0000,0.0000,0,0.0000,0.0000,0,0,0,0,0,0,0,0,0,0,0,0,0,0,0,0,0,0,0,0,0,0,0,0,0,0.0000,0,32,0,0,0,0,0,0
WG_METRICS 297,256,768,1.9326,0.0090,0.0070,1.8645,0.0178,0.0342,256,768,196608,393216,105449.2422,210898.4844,0.0000,0,0.0000,0.0000,0,0.0000,0,0.0000,0.0000,0,0.0000,0.0000,0,0,0,0,0,0,0,0,0,0,0,0,0,0,0,0,0,0,0,0,0,0,0,0,0,0.0000,0,32,0,0,0,0,0,0
WG_METRICS 298,256,768,1.9612,0.0090,0.0070,1.8951,0.0179,0.0322,256,768,196608,393216,103746.5469,207493.0938,0.0000,0,0.0000,0.0000,0,0.0000,0,0.0000,0.0000,0,0.0000,0.0000,0,0,0,0,0,0,0,0,0,0,0,0,0,0,0,0,0,0,0,0,0,0,0,0,0,0.0000,0,32,0,0,0,0,0,0
WG_METRICS 299,256,768,1.9776,0.0090,0.0070,1.9119,0.0178,0.0320,256,768,196608,393216,102834.9062,205669.8125,0.0000,0,0.0000,0.0000,0,0.0000,0,0.0000,0.0000,0,0.0000,0.0000,0,0,0,0,0,0,0,0,0,0,0,0,0,0,0,0,0,0,0,0,0,0,0,0,0,0.0000,0,32,0,0,0,0,0,0
WG_METRICS 300,256,768,1.9547,0.0091,0.0070,1.8886,0.0180,0.0319,256,768,196608,393216,104102.5078,208205.0156,0.0000,0,0.0000,0.0000,0,0.0000,0,0.0000,0.0000,0,0.0000,0.0000,0,0,0,0,0,0,0,0,0,0,0,0,0,0,0,0,0,0,0,0,0,0,0,0,0,0.0000,0,32,0,0,0,0,0,0
WG_METRICS 301,256,768,2.0000,0.0090,0.0071,1.9340,0.0180,0.0319,256,768,196608,393216,101658.7344,203317.4688,0.0000,0,0.0000,0.0000,0,0.0000,0,0.0000,0.0000,0,0.0000,0.0000,0,0,0,0,0,0,0,0,0,0,0,0,0,0,0,0,0,0,0,0,0,0,0,0,0,0.0000,0,32,0,0,0,0,0,0
WG_METRICS 302,256,768,1.9925,0.0090,0.0070,1.9197,0.0251,0.0317,256,768,196608,393216,102414.9297,204829.8594,0.0000,0,0.0000,0.0000,0,0.0000,0,0.0000,0.0000,0,0.0000,0.0000,0,0,0,0,0,0,0,0,0,0,0,0,0,0,0,0,0,0,0,0,0,0,0,0,0,0.0000,0,32,0,0,0,0,0,0
WG_METRICS 303,256,768,1.9654,0.0089,0.0070,1.8993,0.0178,0.0324,256,768,196608,393216,103514.9453,207029.8906,0.0000,0,0.0000,0.0000,0,0.0000,0,0.0000,0.0000,0,0.0000,0.0000,0,0,0,0,0,0,0,0,0,0,0,0,0,0,0,0,0,0,0,0,0,0,0,0,0,0.0000,0,32,0,0,0,0,0,0
WG_METRICS 304,256,768,1.9542,0.0089,0.0071,1.8876,0.0180,0.0326,256,768,196608,393216,104157.6641,208315.3281,0.0000,0,0.0000,0.0000,0,0.0000,0,0.0000,0.0000,0,0.0000,0.0000,0,0,0,0,0,0,0,0,0,0,0,0,0,0,0,0,0,0,0,0,0,0,0,0,0,0.0000,0,32,0,0,0,0,0,0
WG_METRICS 305,256,768,1.9514,0.0090,0.0070,1.8854,0.0180,0.0320,256,768,196608,393216,104279.1953,208558.3906,0.0000,0,0.0000,0.0000,0,0.0000,0,0.0000,0.0000,0,0.0000,0.0000,0,0,0,0,0,0,0,0,0,0,0,0,0,0,0,0,0,0,0,0,0,0,0,0,0,0.0000,0,32,0,0,0,0,0,0
WG_METRICS 306,256,768,1.9700,0.0089,0.0070,1.9042,0.0180,0.0318,256,768,196608,393216,103247.4922,206494.9844,0.0000,0,0.0000,0.0000,0,0.0000,0,0.0000,0.0000,0,0.0000,0.0000,0,0,0,0,0,0,0,0,0,0,0,0,0,0,0,0,0,0,0,0,0,0,0,0,0,0.0000,0,32,0,0,0,0,0,0
WG_METRICS 307,256,768,1.9669,0.0089,0.0071,1.9012,0.0179,0.0318,256,768,196608,393216,103412.5781,206825.1562,0.0000,0,0.0000,0.0000,0,0.0000,0,0.0000,0.0000,0,0.0000,0.0000,0,0,0,0,0,0,0,0,0,0,0,0,0,0,0,0,0,0,0,0,0,0,0,0,0,0.0000,0,32,0,0,0,0,0,0
WG_METRICS 308,256,768,1.9571,0.0091,0.0070,1.8908,0.0179,0.0322,256,768,196608,393216,103979.1797,207958.3594,0.0000,0,0.0000,0.0000,0,0.0000,0,0.0000,0.0000,0,0.0000,0.0000,0,0,0,0,0,0,0,0,0,0,0,0,0,0,0,0,0,0,0,0,0,0,0,0,0,0.0000,0,32,0,0,0,0,0,0
WG_METRICS 309,256,768,1.9560,0.0089,0.0070,1.8904,0.0178,0.0319,256,768,196608,393216,104001.1875,208002.3750,0.0000,0,0.0000,0.0000,0,0.0000,0,0.0000,0.0000,0,0.0000,0.0000,0,0,0,0,0,0,0,0,0,0,0,0,0,0,0,0,0,0,0,0,0,0,0,0,0,0.0000,0,32,0,0,0,0,0,0
WG_METRICS 310,256,768,1.9522,0.0090,0.0070,1.8792,0.0252,0.0318,256,768,196608,393216,104623.2422,209246.4844,0.0000,0,0.0000,0.0000,0,0.0000,0,0.0000,0.0000,0,0.0000,0.0000,0,0,0,0,0,0,0,0,0,0,0,0,0,0,0,0,0,0,0,0,0,0,0,0,0,0.0000,0,32,0,0,0,0,0,0
WG_METRICS 311,256,768,1.9363,0.0090,0.0070,1.8698,0.0178,0.0326,256,768,196608,393216,105151.4609,210302.9219,0.0000,0,0.0000,0.0000,0,0.0000,0,0.0000,0.0000,0,0.0000,0.0000,0,0,0,0,0,0,0,0,0,0,0,0,0,0,0,0,0,0,0,0,0,0,0,0,0,0.0000,0,32,0,0,0,0,0,0
WG_METRICS 312,256,768,1.9741,0.0090,0.0070,1.9081,0.0180,0.0320,256,768,196608,393216,103037.5391,206075.0781,0.0000,0,0.0000,0.0000,0,0.0000,0,0.0000,0.0000,0,0.0000,0.0000,0,0,0,0,0,0,0,0,0,0,0,0,0,0,0,0,0,0,0,0,0,0,0,0,0,0.0000,0,32,0,0,0,0,0,0
WG_METRICS 313,256,768,1.9677,0.0089,0.0070,1.9020,0.0178,0.0319,256,768,196608,393216,103369.0859,206738.1719,0.0000,0,0.0000,0.0000,0,0.0000,0,0.0000,0.0000,0,0.0000,0.0000,0,0,0,0,0,0,0,0,0,0,0,0,0,0,0,0,0,0,0,0,0,0,0,0,0,0.0000,0,32,0,0,0,0,0,0
WG_METRICS 314,256,768,1.9362,0.0089,0.0070,1.8706,0.0179,0.0318,256,768,196608,393216,105104.2422,210208.4844,0.0000,0,0.0000,0.0000,0,0.0000,0,0.0000,0.0000,0,0.0000,0.0000,0,0,0,0,0,0,0,0,0,0,0,0,0,0,0,0,0,0,0,0,0,0,0,0,0,0.0000,0,32,0,0,0,0,0,0
WG_METRICS 315,256,768,1.9605,0.0090,0.0070,1.9028,0.0100,0.0317,256,768,196608,393216,103325.6250,206651.2500,0.0000,0,0.0000,0.0000,0,0.0000,0,0.0000,0.0000,0,0.0000,0.0000,0,0,0,0,0,0,0,0,0,0,0,0,0,0,0,0,0,0,0,0,0,0,0,0,0,0.0000,0,32,0,0,0,0,0,0
WG_METRICS 316,256,768,1.9626,0.0090,0.0070,1.8951,0.0180,0.0335,256,768,196608,393216,103744.3516,207488.7031,0.0000,0,0.0000,0.0000,0,0.0000,0,0.0000,0.0000,0,0.0000,0.0000,0,0,0,0,0,0,0,0,0,0,0,0,0,0,0,0,0,0,0,0,0,0,0,0,0,0.0000,0,32,0,0,0,0,0,0
WG_METRICS 317,256,768,1.9553,0.0089,0.0071,1.8893,0.0180,0.0321,256,768,196608,393216,104065.0391,208130.0781,0.0000,0,0.0000,0.0000,0,0.0000,0,0.0000,0.0000,0,0.0000,0.0000,0,0,0,0,0,0,0,0,0,0,0,0,0,0,0,0,0,0,0,0,0,0,0,0,0,0.0000,0,32,0,0,0,0,0,0
WG_METRICS 318,256,768,1.9763,0.0090,0.0070,1.9105,0.0180,0.0318,256,768,196608,393216,102910.2656,205820.5312,0.0000,0,0.0000,0.0000,0,0.0000,0,0.0000,0.0000,0,0.0000,0.0000,0,0,0,0,0,0,0,0,0,0,0,0,0,0,0,0,0,0,0,0,0,0,0,0,0,0.0000,0,32,0,0,0,0,0,0
WG_METRICS 319,256,768,1.9497,0.0090,0.0070,1.8836,0.0180,0.0321,256,768,196608,393216,104376.6328,208753.2656,0.0000,0,0.0000,0.0000,0,0.0000,0,0.0000,0.0000,0,0.0000,0.0000,0,0,0,0,0,0,0,0,0,0,0,0,0,0,0,0,0,0,0,0,0,0,0,0,0,0.0000,0,32,0,0,0,0,0,0
WG_METRICS 320,256,768,1.9630,0.0090,0.0070,1.8973,0.0179,0.0318,256,768,196608,393216,103626.2422,207252.4844,0.0000,0,0.0000,0.0000,0,0.0000,0,0.0000,0.0000,0,0.0000,0.0000,0,0,0,0,0,0,0,0,0,0,0,0,0,0,0,0,0,0,0,0,0,0,0,0,0,0.0000,0,32,0,0,0,0,0,0
WG_METRICS 321,256,768,1.9557,0.0090,0.0071,1.8888,0.0178,0.0330,256,768,196608,393216,104091.4844,208182.9688,0.0000,0,0.0000,0.0000,0,0.0000,0,0.0000,0.0000,0,0.0000,0.0000,0,0,0,0,0,0,0,0,0,0,0,0,0,0,0,0,0,0,0,0,0,0,0,0,0,0.0000,0,32,0,0,0,0,0,0
WG_METRICS 322,256,768,1.9813,0.0090,0.0070,1.9155,0.0180,0.0318,256,768,196608,393216,102641.6328,205283.2656,0.0000,0,0.0000,0.0000,0,0.0000,0,0.0000,0.0000,0,0.0000,0.0000,0,0,0,0,0,0,0,0,0,0,0,0,0,0,0,0,0,0,0,0,0,0,0,0,0,0.0000,0,32,0,0,0,0,0,0
WG_METRICS 323,256,768,1.9633,0.0089,0.0070,1.8983,0.0162,0.0328,256,768,196608,393216,103569.4766,207138.9531,0.0000,0,0.0000,0.0000,0,0.0000,0,0.0000,0.0000,0,0.0000,0.0000,0,0,0,0,0,0,0,0,0,0,0,0,0,0,0,0,0,0,0,0,0,0,0,0,0,0.0000,0,32,0,0,0,0,0,0
WG_METRICS 324,256,768,1.9392,0.0089,0.0071,1.8736,0.0179,0.0318,256,768,196608,393216,104938.1953,209876.3906,0.0000,0,0.0000,0.0000,0,0.0000,0,0.0000,0.0000,0,0.0000,0.0000,0,0,0,0,0,0,0,0,0,0,0,0,0,0,0,0,0,0,0,0,0,0,0,0,0,0.0000,0,32,0,0,0,0,0,0
WG_METRICS 325,256,768,1.9562,0.0090,0.0070,1.8898,0.0178,0.0326,256,768,196608,393216,104034.2031,208068.4062,0.0000,0,0.0000,0.0000,0,0.0000,0,0.0000,0.0000,0,0.0000,0.0000,0,0,0,0,0,0,0,0,0,0,0,0,0,0,0,0,0,0,0,0,0,0,0,0,0,0.0000,0,32,0,0,0,0,0,0
WG_METRICS 326,256,768,1.9410,0.0090,0.0070,1.8750,0.0178,0.0322,256,768,196608,393216,104859.8438,209719.6875,0.0000,0,0.0000,0.0000,0,0.0000,0,0.0000,0.0000,0,0.0000,0.0000,0,0,0,0,0,0,0,0,0,0,0,0,0,0,0,0,0,0,0,0,0,0,0,0,0,0.0000,0,32,0,0,0,0,0,0
WG_METRICS 327,256,768,1.9475,0.0090,0.0070,1.8810,0.0179,0.0326,256,768,196608,393216,104523.1250,209046.2500,0.0000,0,0.0000,0.0000,0,0.0000,0,0.0000,0.0000,0,0.0000,0.0000,0,0,0,0,0,0,0,0,0,0,0,0,0,0,0,0,0,0,0,0,0,0,0,0,0,0.0000,0,32,0,0,0,0,0,0
WG_METRICS 328,256,768,1.9597,0.0090,0.0070,1.9013,0.0107,0.0317,256,768,196608,393216,103408.2266,206816.4531,0.0000,0,0.0000,0.0000,0,0.0000,0,0.0000,0.0000,0,0.0000,0.0000,0,0,0,0,0,0,0,0,0,0,0,0,0,0,0,0,0,0,0,0,0,0,0,0,0,0.0000,0,32,0,0,0,0,0,0
WG_METRICS 329,256,768,2.0205,0.0090,0.0070,1.9544,0.0178,0.0323,256,768,196608,393216,100599.6875,201199.3750,0.0000,0,0.0000,0.0000,0,0.0000,0,0.0000,0.0000,0,0.0000,0.0000,0,0,0,0,0,0,0,0,0,0,0,0,0,0,0,0,0,0,0,0,0,0,0,0,0,0.0000,0,32,0,0,0,0,0,0
WG_METRICS 330,256,768,1.9593,0.0089,0.0070,1.8933,0.0179,0.0322,256,768,196608,393216,103842.9844,207685.9688,0.0000,0,0.0000,0.0000,0,0.0000,0,0.0000,0.0000,0,0.0000,0.0000,0,0,0,0,0,0,0,0,0,0,0,0,0,0,0,0,0,0,0,0,0,0,0,0,0,0.0000,0,32,0,0,0,0,0,0
WG_METRICS 331,256,768,1.9416,0.0090,0.0071,1.8775,0.0164,0.0316,256,768,196608,393216,104719.0938,209438.1875,0.0000,0,0.0000,0.0000,0,0.0000,0,0.0000,0.0000,0,0.0000,0.0000,0,0,0,0,0,0,0,0,0,0,0,0,0,0,0,0,0,0,0,0,0,0,0,0,0,0.0000,0,32,0,0,0,0,0,0
WG_METRICS 332,256,768,1.9703,0.0089,0.0070,1.9034,0.0180,0.0330,256,768,196608,393216,103295.2266,206590.4531,0.0000,0,0.0000,0.0000,0,0.0000,0,0.0000,0.0000,0,0.0000,0.0000,0,0,0,0,0,0,0,0,0,0,0,0,0,0,0,0,0,0,0,0,0,0,0,0,0,0.0000,0,32,0,0,0,0,0,0
WG_METRICS 333,256,768,1.9504,0.0090,0.0070,1.8848,0.0178,0.0318,256,768,196608,393216,104310.1797,208620.3594,0.0000,0,0.0000,0.0000,0,0.0000,0,0.0000,0.0000,0,0.0000,0.0000,0,0,0,0,0,0,0,0,0,0,0,0,0,0,0,0,0,0,0,0,0,0,0,0,0,0.0000,0,32,0,0,0,0,0,0
WG_METRICS 334,256,768,1.9834,0.0090,0.0070,1.9174,0.0179,0.0321,256,768,196608,393216,102538.8516,205077.7031,0.0000,0,0.0000,0.0000,0,0.0000,0,0.0000,0.0000,0,0.0000,0.0000,0,0,0,0,0,0,0,0,0,0,0,0,0,0,0,0,0,0,0,0,0,0,0,0,0,0.0000,0,32,0,0,0,0,0,0
WG_METRICS 335,256,768,1.9883,0.0090,0.0070,1.9224,0.0180,0.0320,256,768,196608,393216,102274.2891,204548.5781,0.0000,0,0.0000,0.0000,0,0.0000,0,0.0000,0.0000,0,0.0000,0.0000,0,0,0,0,0,0,0,0,0,0,0,0,0,0,0,0,0,0,0,0,0,0,0,0,0,0.0000,0,32,0,0,0,0,0,0
WG_METRICS 336,256,768,1.9759,0.0089,0.0070,1.9079,0.0180,0.0340,256,768,196608,393216,103050.5078,206101.0156,0.0000,0,0.0000,0.0000,0,0.0000,0,0.0000,0.0000,0,0.0000,0.0000,0,0,0,0,0,0,0,0,0,0,0,0,0,0,0,0,0,0,0,0,0,0,0,0,0,0.0000,0,32,0,0,0,0,0,0
WG_METRICS 337,256,768,1.9727,0.0090,0.0071,1.9068,0.0178,0.0320,256,768,196608,393216,103111.0391,206222.0781,0.0000,0,0.0000,0.0000,0,0.0000,0,0.0000,0.0000,0,0.0000,0.0000,0,0,0,0,0,0,0,0,0,0,0,0,0,0,0,0,0,0,0,0,0,0,0,0,0,0.0000,0,32,0,0,0,0,0,0
WG_METRICS 338,256,768,1.9482,0.0088,0.0071,1.8867,0.0136,0.0320,256,768,196608,393216,104206.2422,208412.4844,0.0000,0,0.0000,0.0000,0,0.0000,0,0.0000,0.0000,0,0.0000,0.0000,0,0,0,0,0,0,0,0,0,0,0,0,0,0,0,0,0,0,0,0,0,0,0,0,0,0.0000,0,32,0,0,0,0,0,0
WG_METRICS 339,256,768,1.9844,0.0089,0.0070,1.9115,0.0254,0.0316,256,768,196608,393216,102854.2734,205708.5469,0.0000,0,0.0000,0.0000,0,0.0000,0,0.0000,0.0000,0,0.0000,0.0000,0,0,0,0,0,0,0,0,0,0,0,0,0,0,0,0,0,0,0,0,0,0,0,0,0,0.0000,0,32,0,0,0,0,0,0
WG_METRICS 340,256,768,1.9815,0.0090,0.0070,1.9159,0.0180,0.0317,256,768,196608,393216,102620.2109,205240.4219,0.0000,0,0.0000,0.0000,0,0.0000,0,0.0000,0.0000,0,0.0000,0.0000,0,0,0,0,0,0,0,0,0,0,0,0,0,0,0,0,0,0,0,0,0,0,0,0,0,0.0000,0,32,0,0,0,0,0,0
WG_METRICS 341,256,768,1.9373,0.0090,0.0070,1.8704,0.0178,0.0331,256,768,196608,393216,105117.7266,210235.4531,0.0000,0,0.0000,0.0000,0,0.0000,0,0.0000,0.0000,0,0.0000,0.0000,0,0,0,0,0,0,0,0,0,0,0,0,0,0,0,0,0,0,0,0,0,0,0,0,0,0.0000,0,32,0,0,0,0,0,0
WG_METRICS 342,256,768,1.9644,0.0090,0.0070,1.8984,0.0180,0.0320,256,768,196608,393216,103567.2891,207134.5781,0.0000,0,0.0000,0.0000,0,0.0000,0,0.0000,0.0000,0,0.0000,0.0000,0,0,0,0,0,0,0,0,0,0,0,0,0,0,0,0,0,0,0,0,0,0,0,0,0,0.0000,0,32,0,0,0,0,0,0
WG_METRICS 343,256,768,1.9730,0.0090,0.0070,1.9073,0.0178,0.0318,256,768,196608,393216,103080.7578,206161.5156,0.0000,0,0.0000,0.0000,0,0.0000,0,0.0000,0.0000,0,0.0000,0.0000,0,0,0,0,0,0,0,0,0,0,0,0,0,0,0,0,0,0,0,0,0,0,0,0,0,0.0000,0,32,0,0,0,0,0,0
WG_METRICS 344,256,768,1.9702,0.0089,0.0070,1.9064,0.0161,0.0318,256,768,196608,393216,103130.5078,206261.0156,0.0000,0,0.0000,0.0000,0,0.0000,0,0.0000,0.0000,0,0.0000,0.0000,0,0,0,0,0,0,0,0,0,0,0,0,0,0,0,0,0,0,0,0,0,0,0,0,0,0.0000,0,32,0,0,0,0,0,0
WG_METRICS 345,256,768,1.9476,0.0091,0.0070,1.8819,0.0178,0.0318,256,768,196608,393216,104474.2500,208948.5000,0.0000,0,0.0000,0.0000,0,0.0000,0,0.0000,0.0000,0,0.0000,0.0000,0,0,0,0,0,0,0,0,0,0,0,0,0,0,0,0,0,0,0,0,0,0,0,0,0,0.0000,0,32,0,0,0,0,0,0
WG_METRICS 346,256,768,1.9641,0.0090,0.0070,1.8982,0.0180,0.0319,256,768,196608,393216,103573.8359,207147.6719,0.0000,0,0.0000,0.0000,0,0.0000,0,0.0000,0.0000,0,0.0000,0.0000,0,0,0,0,0,0,0,0,0,0,0,0,0,0,0,0,0,0,0,0,0,0,0,0,0,0.0000,0,32,0,0,0,0,0,0
WG_METRICS 347,256,768,1.9804,0.0089,0.0070,1.9124,0.0178,0.0342,256,768,196608,393216,102804.7969,205609.5938,0.0000,0,0.0000,0.0000,0,0.0000,0,0.0000,0.0000,0,0.0000,0.0000,0,0,0,0,0,0,0,0,0,0,0,0,0,0,0,0,0,0,0,0,0,0,0,0,0,0.0000,0,32,0,0,0,0,0,0
WG_METRICS 348,256,768,1.9598,0.0090,0.0071,1.8940,0.0178,0.0320,256,768,196608,393216,103807.8984,207615.7969,0.0000,0,0.0000,0.0000,0,0.0000,0,0.0000,0.0000,0,0.0000,0.0000,0,0,0,0,0,0,0,0,0,0,0,0,0,0,0,0,0,0,0,0,0,0,0,0,0,0.0000,0,32,0,0,0,0,0,0
WG_METRICS 349,256,768,1.9761,0.0090,0.0070,1.9106,0.0179,0.0317,256,768,196608,393216,102905.9531,205811.9062,0.0000,0,0.0000,0.0000,0,0.0000,0,0.0000,0.0000,0,0.0000,0.0000,0,0,0,0,0,0,0,0,0,0,0,0,0,0,0,0,0,0,0,0,0,0,0,0,0,0.0000,0,32,0,0,0,0,0,0
WG_METRICS 350,256,768,1.9552,0.0090,0.0070,1.8880,0.0181,0.0330,256,768,196608,393216,104133.3906,208266.7812,0.0000,0,0.0000,0.0000,0,0.0000,0,0.0000,0.0000,0,0.0000,0.0000,0,0,0,0,0,0,0,0,0,0,0,0,0,0,0,0,0,0,0,0,0,0,0,0,0,0.0000,0,32,0,0,0,0,0,0
WG_METRICS 351,256,768,1.9670,0.0090,0.0070,1.9007,0.0178,0.0324,256,768,196608,393216,103438.6953,206877.3906,0.0000,0,0.0000,0.0000,0,0.0000,0,0.0000,0.0000,0,0.0000,0.0000,0,0,0,0,0,0,0,0,0,0,0,0,0,0,0,0,0,0,0,0,0,0,0,0,0,0.0000,0,32,0,0,0,0,0,0
WG_METRICS 352,256,768,1.9737,0.0090,0.0070,1.9010,0.0250,0.0316,256,768,196608,393216,103421.2891,206842.5781,0.0000,0,0.0000,0.0000,0,0.0000,0,0.0000,0.0000,0,0.0000,0.0000,0,0,0,0,0,0,0,0,0,0,0,0,0,0,0,0,0,0,0,0,0,0,0,0,0,0.0000,0,32,0,0,0,0,0,0
WG_METRICS 353,256,768,1.9389,0.0089,0.0070,1.8726,0.0178,0.0326,256,768,196608,393216,104994.2344,209988.4688,0.0000,0,0.0000,0.0000,0,0.0000,0,0.0000,0.0000,0,0.0000,0.0000,0,0,0,0,0,0,0,0,0,0,0,0,0,0,0,0,0,0,0,0,0,0,0,0,0,0.0000,0,32,0,0,0,0,0,0
WG_METRICS 354,256,768,1.9684,0.0089,0.0070,1.9024,0.0180,0.0320,256,768,196608,393216,103345.1797,206690.3594,0.0000,0,0.0000,0.0000,0,0.0000,0,0.0000,0.0000,0,0.0000,0.0000,0,0,0,0,0,0,0,0,0,0,0,0,0,0,0,0,0,0,0,0,0,0,0,0,0,0.0000,0,32,0,0,0,0,0,0
WG_METRICS 355,256,768,1.9370,0.0090,0.0070,1.8712,0.0178,0.0320,256,768,196608,393216,105070.5469,210141.0938,0.0000,0,0.0000,0.0000,0,0.0000,0,0.0000,0.0000,0,0.0000,0.0000,0,0,0,0,0,0,0,0,0,0,0,0,0,0,0,0,0,0,0,0,0,0,0,0,0,0.0000,0,32,0,0,0,0,0,0
WG_METRICS 356,256,768,1.9463,0.0092,0.0070,1.8783,0.0179,0.0339,256,768,196608,393216,104674.4844,209348.9688,0.0000,0,0.0000,0.0000,0,0.0000,0,0.0000,0.0000,0,0.0000,0.0000,0,0,0,0,0,0,0,0,0,0,0,0,0,0,0,0,0,0,0,0,0,0,0,0,0,0.0000,0,32,0,0,0,0,0,0
WG_METRICS 357,256,768,1.9738,0.0090,0.0070,1.9080,0.0179,0.0318,256,768,196608,393216,103044.0234,206088.0469,0.0000,0,0.0000,0.0000,0,0.0000,0,0.0000,0.0000,0,0.0000,0.0000,0,0,0,0,0,0,0,0,0,0,0,0,0,0,0,0,0,0,0,0,0,0,0,0,0,0.0000,0,32,0,0,0,0,0,0
WG_METRICS 358,256,768,1.9678,0.0090,0.0070,1.9017,0.0179,0.0322,256,768,196608,393216,103384.3047,206768.6094,0.0000,0,0.0000,0.0000,0,0.0000,0,0.0000,0.0000,0,0.0000,0.0000,0,0,0,0,0,0,0,0,0,0,0,0,0,0,0,0,0,0,0,0,0,0,0,0,0,0.0000,0,32,0,0,0,0,0,0
WG_METRICS 359,256,768,1.9701,0.0090,0.0070,1.9047,0.0178,0.0316,256,768,196608,393216,103221.4766,206442.9531,0.0000,0,0.0000,0.0000,0,0.0000,0,0.0000,0.0000,0,0.0000,0.0000,0,0,0,0,0,0,0,0,0,0,0,0,0,0,0,0,0,0,0,0,0,0,0,0,0,0.0000,0,32,0,0,0,0,0,0
WG_METRICS 360,256,768,1.9590,0.0090,0.0070,1.8864,0.0249,0.0317,256,768,196608,393216,104226.1250,208452.2500,0.0000,0,0.0000,0.0000,0,0.0000,0,0.0000,0.0000,0,0.0000,0.0000,0,0,0,0,0,0,0,0,0,0,0,0,0,0,0,0,0,0,0,0,0,0,0,0,0,0.0000,0,32,0,0,0,0,0,0
WG_METRICS 361,256,768,1.9631,0.0090,0.0070,1.8974,0.0179,0.0318,256,768,196608,393216,103619.6875,207239.3750,0.0000,0,0.0000,0.0000,0,0.0000,0,0.0000,0.0000,0,0.0000,0.0000,0,0,0,0,0,0,0,0,0,0,0,0,0,0,0,0,0,0,0,0,0,0,0,0,0,0.0000,0,32,0,0,0,0,0,0
WG_METRICS 362,256,768,1.9872,0.0091,0.0070,1.9210,0.0180,0.0322,256,768,196608,393216,102346.6953,204693.3906,0.0000,0,0.0000,0.0000,0,0.0000,0,0.0000,0.0000,0,0.0000,0.0000,0,0,0,0,0,0,0,0,0,0,0,0,0,0,0,0,0,0,0,0,0,0,0,0,0,0.0000,0,32,0,0,0,0,0,0
WG_METRICS 363,256,768,1.9624,0.0090,0.0070,1.8953,0.0178,0.0332,256,768,196608,393216,103733.4062,207466.8125,0.0000,0,0.0000,0.0000,0,0.0000,0,0.0000,0.0000,0,0.0000,0.0000,0,0,0,0,0,0,0,0,0,0,0,0,0,0,0,0,0,0,0,0,0,0,0,0,0,0.0000,0,32,0,0,0,0,0,0
WG_METRICS 364,256,768,1.9671,0.0090,0.0070,1.9014,0.0179,0.0319,256,768,196608,393216,103401.7031,206803.4062,0.0000,0,0.0000,0.0000,0,0.0000,0,0.0000,0.0000,0,0.0000,0.0000,0,0,0,0,0,0,0,0,0,0,0,0,0,0,0,0,0,0,0,0,0,0,0,0,0,0.0000,0,32,0,0,0,0,0,0
WG_METRICS 365,256,768,1.9796,0.0090,0.0070,1.9138,0.0178,0.0319,256,768,196608,393216,102729.5859,205459.1719,0.0000,0,0.0000,0.0000,0,0.0000,0,0.0000,0.0000,0,0.0000,0.0000,0,0,0,0,0,0,0,0,0,0,0,0,0,0,0,0,0,0,0,0,0,0,0,0,0,0.0000,0,32,0,0,0,0,0,0
WG_METRICS 366,256,768,1.9428,0.0090,0.0071,1.8768,0.0180,0.0320,256,768,196608,393216,104757.0391,209514.0781,0.0000,0,0.0000,0.0000,0,0.0000,0,0.0000,0.0000,0,0.0000,0.0000,0,0,0,0,0,0,0,0,0,0,0,0,0,0,0,0,0,0,0,0,0,0,0,0,0,0.0000,0,32,0,0,0,0,0,0
WG_METRICS 367,256,768,1.9681,0.0090,0.0070,1.9020,0.0178,0.0323,256,768,196608,393216,103369.0859,206738.1719,0.0000,0,0.0000,0.0000,0,0.0000,0,0.0000,0.0000,0,0.0000,0.0000,0,0,0,0,0,0,0,0,0,0,0,0,0,0,0,0,0,0,0,0,0,0,0,0,0,0.0000,0,32,0,0,0,0,0,0
WG_METRICS 368,256,768,1.9799,0.0090,0.0070,1.9068,0.0252,0.0318,256,768,196608,393216,103106.7109,206213.4219,0.0000,0,0.0000,0.0000,0,0.0000,0,0.0000,0.0000,0,0.0000,0.0000,0,0,0,0,0,0,0,0,0,0,0,0,0,0,0,0,0,0,0,0,0,0,0,0,0,0.0000,0,32,0,0,0,0,0,0
WG_METRICS 369,256,768,1.9494,0.0090,0.0070,1.8834,0.0178,0.0321,256,768,196608,393216,104389.9375,208779.8750,0.0000,0,0.0000,0.0000,0,0.0000,0,0.0000,0.0000,0,0.0000,0.0000,0,0,0,0,0,0,0,0,0,0,0,0,0,0,0,0,0,0,0,0,0,0,0,0,0,0.0000,0,32,0,0,0,0,0,0
WG_METRICS 370,256,768,1.9620,0.0091,0.0070,1.8961,0.0179,0.0318,256,768,196608,393216,103689.6406,207379.2812,0.0000,0,0.0000,0.0000,0,0.0000,0,0.0000,0.0000,0,0.0000,0.0000,0,0,0,0,0,0,0,0,0,0,0,0,0,0,0,0,0,0,0,0,0,0,0,0,0,0.0000,0,32,0,0,0,0,0,0
WG_METRICS 371,256,768,1.9771,0.0090,0.0070,1.9085,0.0178,0.0348,256,768,196608,393216,103018.1094,206036.2188,0.0000,0,0.0000,0.0000,0,0.0000,0,0.0000,0.0000,0,0.0000,0.0000,0,0,0,0,0,0,0,0,0,0,0,0,0,0,0,0,0,0,0,0,0,0,0,0,0,0.0000,0,32,0,0,0,0,0,0
WG_METRICS 372,256,768,1.9535,0.0090,0.0070,1.8875,0.0180,0.0319,256,768,196608,393216,104162.0781,208324.1562,0.0000,0,0.0000,0.0000,0,0.0000,0,0.0000,0.0000,0,0.0000,0.0000,0,0,0,0,0,0,0,0,0,0,0,0,0,0,0,0,0,0,0,0,0,0,0,0,0,0.0000,0,32,0,0,0,0,0,0
WG_METRICS 373,256,768,1.9502,0.0090,0.0070,1.8844,0.0178,0.0319,256,768,196608,393216,104336.7500,208673.5000,0.0000,0,0.0000,0.0000,0,0.0000,0,0.0000,0.0000,0,0.0000,0.0000,0,0,0,0,0,0,0,0,0,0,0,0,0,0,0,0,0,0,0,0,0,0,0,0,0,0.0000,0,32,0,0,0,0,0,0
WG_METRICS 374,256,768,1.9514,0.0092,0.0070,1.8855,0.0179,0.0318,256,768,196608,393216,104274.7734,208549.5469,0.0000,0,0.0000,0.0000,0,0.0000,0,0.0000,0.0000,0,0.0000,0.0000,0,0,0,0,0,0,0,0,0,0,0,0,0,0,0,0,0,0,0,0,0,0,0,0,0,0.0000,0,32,0,0,0,0,0,0
WG_METRICS 375,256,768,1.9562,0.0091,0.0071,1.8904,0.0180,0.0317,256,768,196608,393216,104003.3828,208006.7656,0.0000,0,0.0000,0.0000,0,0.0000,0,0.0000,0.0000,0,0.0000,0.0000,0,0,0,0,0,0,0,0,0,0,0,0,0,0,0,0,0,0,0,0,0,0,0,0,0,0.0000,0,32,0,0,0,0,0,0
WG_METRICS 376,256,768,1.9705,0.0089,0.0071,1.9048,0.0178,0.0318,256,768,196608,393216,103214.9688,206429.9375,0.0000,0,0.0000,0.0000,0,0.0000,0,0.0000,0.0000,0,0.0000,0.0000,0,0,0,0,0,0,0,0,0,0,0,0,0,0,0,0,0,0,0,0,0,0,0,0,0,0.0000,0,32,0,0,0,0,0,0
WG_METRICS 377,256,768,1.9830,0.0091,0.0070,1.9174,0.0178,0.0317,256,768,196608,393216,102541.0000,205082.0000,0.0000,0,0.0000,0.0000,0,0.0000,0,0.0000,0.0000,0,0.0000,0.0000,0,0,0,0,0,0,0,0,0,0,0,0,0,0,0,0,0,0,0,0,0,0,0,0,0,0.0000,0,32,0,0,0,0,0,0
WG_METRICS 378,256,768,1.9460,0.0089,0.0070,1.8803,0.0178,0.0318,256,768,196608,393216,104560.9297,209121.8594,0.0000,0,0.0000,0.0000,0,0.0000,0,0.0000,0.0000,0,0.0000,0.0000,0,0,0,0,0,0,0,0,0,0,0,0,0,0,0,0,0,0,0,0,0,0,0,0,0,0.0000,0,32,0,0,0,0,0,0
WG_METRICS 379,256,768,1.9584,0.0090,0.0070,1.8926,0.0179,0.0318,256,768,196608,393216,103882.4844,207764.9688,0.0000,0,0.0000,0.0000,0,0.0000,0,0.0000,0.0000,0,0.0000,0.0000,0,0,0,0,0,0,0,0,0,0,0,0,0,0,0,0,0,0,0,0,0,0,0,0,0,0.0000,0,32,0,0,0,0,0,0
WG_METRICS 380,256,768,1.9730,0.0090,0.0070,1.9063,0.0180,0.0326,256,768,196608,393216,103134.8359,206269.6719,0.0000,0,0.0000,0.0000,0,0.0000,0,0.0000,0.0000,0,0.0000,0.0000,0,0,0,0,0,0,0,0,0,0,0,0,0,0,0,0,0,0,0,0,0,0,0,0,0,0.0000,0,32,0,0,0,0,0,0
WG_METRICS 381,256,768,1.9503,0.0089,0.0070,1.8897,0.0120,0.0326,256,768,196608,393216,104040.8125,208081.6250,0.0000,0,0.0000,0.0000,0,0.0000,0,0.0000,0.0000,0,0.0000,0.0000,0,0,0,0,0,0,0,0,0,0,0,0,0,0,0,0,0,0,0,0,0,0,0,0,0,0.0000,0,32,0,0,0,0,0,0
WG_METRICS 382,256,768,1.9788,0.0090,0.0070,1.9125,0.0179,0.0324,256,768,196608,393216,102802.6406,205605.2812,0.0000,0,0.0000,0.0000,0,0.0000,0,0.0000,0.0000,0,0.0000,0.0000,0,0,0,0,0,0,0,0,0,0,0,0,0,0,0,0,0,0,0,0,0,0,0,0,0,0.0000,0,32,0,0,0,0,0,0
WG_METRICS 383,256,768,1.9685,0.0089,0.0070,1.9031,0.0178,0.0316,256,768,196608,393216,103310.4219,206620.8438,0.0000,0,0.0000,0.0000,0,0.0000,0,0.0000,0.0000,0,0.0000,0.0000,0,0,0,0,0,0,0,0,0,0,0,0,0,0,0,0,0,0,0,0,0,0,0,0,0,0.0000,0,32,0,0,0,0,0,0
WG_METRICS 384,256,768,1.9839,0.0089,0.0070,1.9111,0.0250,0.0319,256,768,196608,393216,102877.9531,205755.9062,0.0000,0,0.0000,0.0000,0,0.0000,0,0.0000,0.0000,0,0.0000,0.0000,0,0,0,0,0,0,0,0,0,0,0,0,0,0,0,0,0,0,0,0,0,0,0,0,0,0.0000,0,32,0,0,0,0,0,0
WG_METRICS 385,256,768,2.0119,0.0090,0.0071,1.9458,0.0178,0.0322,256,768,196608,393216,101042.2500,202084.5000,0.0000,0,0.0000,0.0000,0,0.0000,0,0.0000,0.0000,0,0.0000,0.0000,0,0,0,0,0,0,0,0,0,0,0,0,0,0,0,0,0,0,0,0,0,0,0,0,0,0.0000,0,32,0,0,0,0,0,0
WG_METRICS 386,256,768,1.9826,0.0090,0.0070,1.9167,0.0178,0.0320,256,768,196608,393216,102577.3750,205154.7500,0.0000,0,0.0000,0.0000,0,0.0000,0,0.0000,0.0000,0,0.0000,0.0000,0,0,0,0,0,0,0,0,0,0,0,0,0,0,0,0,0,0,0,0,0,0,0,0,0,0.0000,0,32,0,0,0,0,0,0
WG_METRICS 387,256,768,1.9822,0.0089,0.0070,1.9153,0.0178,0.0331,256,768,196608,393216,102650.2109,205300.4219,0.0000,0,0.0000,0.0000,0,0.0000,0,0.0000,0.0000,0,0.0000,0.0000,0,0,0,0,0,0,0,0,0,0,0,0,0,0,0,0,0,0,0,0,0,0,0,0,0,0.0000,0,32,0,0,0,0,0,0
WG_METRICS 388,256,768,1.9682,0.0090,0.0070,1.9028,0.0178,0.0316,256,768,196608,393216,103325.6250,206651.2500,0.0000,0,0.0000,0.0000,0,0.0000,0,0.0000,0.0000,0,0.0000,0.0000,0,0,0,0,0,0,0,0,0,0,0,0,0,0,0,0,0,0,0,0,0,0,0,0,0,0.0000,0,32,0,0,0,0,0,0
WG_METRICS 389,256,768,1.9486,0.0091,0.0070,1.8891,0.0115,0.0318,256,768,196608,393216,104073.8516,208147.7031,0.0000,0,0.0000,0.0000,0,0.0000,0,0.0000,0.0000,0,0.0000,0.0000,0,0,0,0,0,0,0,0,0,0,0,0,0,0,0,0,0,0,0,0,0,0,0,0,0,0.0000,0,32,0,0,0,0,0,0
WG_METRICS 390,256,768,1.9453,0.0091,0.0070,1.8791,0.0178,0.0322,256,768,196608,393216,104629.9219,209259.8438,0.0000,0,0.0000,0.0000,0,0.0000,0,0.0000,0.0000,0,0.0000,0.0000,0,0,0,0,0,0,0,0,0,0,0,0,0,0,0,0,0,0,0,0,0,0,0,0,0,0.0000,0,32,0,0,0,0,0,0
WG_METRICS 391,256,768,1.9586,0.0089,0.0070,1.8930,0.0178,0.0318,256,768,196608,393216,103858.3438,207716.6875,0.0000,0,0.0000,0.0000,0,0.0000,0,0.0000,0.0000,0,0.0000,0.0000,0,0,0,0,0,0,0,0,0,0,0,0,0,0,0,0,0,0,0,0,0,0,0,0,0,0.0000,0,32,0,0,0,0,0,0
WG_METRICS 392,256,768,1.9750,0.0090,0.0070,1.8999,0.0250,0.0342,256,768,196608,393216,103482.2500,206964.5000,0.0000,0,0.0000,0.0000,0,0.0000,0,0.0000,0.0000,0,0.0000,0.0000,0,0,0,0,0,0,0,0,0,0,0,0,0,0,0,0,0,0,0,0,0,0,0,0,0,0.0000,0,32,0,0,0,0,0,0
WG_METRICS 393,256,768,1.9515,0.0090,0.0070,1.8856,0.0178,0.0320,256,768,196608,393216,104268.1406,208536.2812,0.0000,0,0.0000,0.0000,0,0.0000,0,0.0000,0.0000,0,0.0000,0.0000,0,0,0,0,0,0,0,0,0,0,0,0,0,0,0,0,0,0,0,0,0,0,0,0,0,0.0000,0,32,0,0,0,0,0,0
WG_METRICS 394,256,768,1.9733,0.0088,0.0070,1.9079,0.0179,0.0317,256,768,196608,393216,103050.5078,206101.0156,0.0000,0,0.0000,0.0000,0,0.0000,0,0.0000,0.0000,0,0.0000,0.0000,0,0,0,0,0,0,0,0,0,0,0,0,0,0,0,0,0,0,0,0,0,0,0,0,0,0.0000,0,32,0,0,0,0,0,0
WG_METRICS 395,256,768,2.0140,0.0091,0.0070,1.9483,0.0178,0.0318,256,768,196608,393216,100911.5547,201823.1094,0.0000,0,0.0000,0.0000,0,0.0000,0,0.0000,0.0000,0,0.0000,0.0000,0,0,0,0,0,0,0,0,0,0,0,0,0,0,0,0,0,0,0,0,0,0,0,0,0,0.0000,0,32,0,0,0,0,0,0
WG_METRICS 396,256,768,1.9677,0.0090,0.0070,1.9015,0.0179,0.0323,256,768,196608,393216,103395.1797,206790.3594,0.0000,0,0.0000,0.0000,0,0.0000,0,0.0000,0.0000,0,0.0000,0.0000,0,0,0,0,0,0,0,0,0,0,0,0,0,0,0,0,0,0,0,0,0,0,0,0,0,0.0000,0,32,0,0,0,0,0,0
WG_METRICS 397,256,768,1.9762,0.0089,0.0070,1.9107,0.0179,0.0316,256,768,196608,393216,102897.3359,205794.6719,0.0000,0,0.0000,0.0000,0,0.0000,0,0.0000,0.0000,0,0.0000,0.0000,0,0,0,0,0,0,0,0,0,0,0,0,0,0,0,0,0,0,0,0,0,0,0,0,0,0.0000,0,32,0,0,0,0,0,0
WG_METRICS 398,256,768,1.9816,0.0092,0.0070,1.9189,0.0138,0.0327,256,768,196608,393216,102457.6328,204915.2656,0.0000,0,0.0000,0.0000,0,0.0000,0,0.0000,0.0000,0,0.0000,0.0000,0,0,0,0,0,0,0,0,0,0,0,0,0,0,0,0,0,0,0,0,0,0,0,0,0,0.0000,0,32,0,0,0,0,0,0
WG_METRICS 399,256,768,1.9779,0.0090,0.0070,1.9122,0.0178,0.0318,256,768,196608,393216,102817.6953,205635.3906,0.0000,0,0.0000,0.0000,0,0.0000,0,0.0000,0.0000,0,0.0000,0.0000,0,0,0,0,0,0,0,0,0,0,0,0,0,0,0,0,0,0,0,0,0,0,0,0,0,0.0000,0,32,0,0,0,0,0,0
WG_METRICS 400,256,768,1.9481,0.0089,0.0070,1.8748,0.0251,0.0323,256,768,196608,393216,104868.7891,209737.5781,0.0000,0,0.0000,0.0000,0,0.0000,0,0.0000,0.0000,0,0.0000,0.0000,0,0,0,0,0,0,0,0,0,0,0,0,0,0,0,0,0,0,0,0,0,0,0,0,0,0.0000,0,32,0,0,0,0,0,0
WG_METRICS 401,256,768,1.9522,0.0090,0.0070,1.8866,0.0178,0.0318,256,768,196608,393216,104215.0781,208430.1562,0.0000,0,0.0000,0.0000,0,0.0000,0,0.0000,0.0000,0,0.0000,0.0000,0,0,0,0,0,0,0,0,0,0,0,0,0,0,0,0,0,0,0,0,0,0,0,0,0,0.0000,0,32,0,0,0,0,0,0
WG_METRICS 402,256,768,1.9405,0.0090,0.0070,1.8745,0.0179,0.0320,256,768,196608,393216,104884.4531,209768.9062,0.0000,0,0.0000,0.0000,0,0.0000,0,0.0000,0.0000,0,0.0000,0.0000,0,0,0,0,0,0,0,0,0,0,0,0,0,0,0,0,0,0,0,0,0,0,0,0,0,0.0000,0,32,0,0,0,0,0,0
WG_METRICS 403,256,768,2.0005,0.0089,0.0070,1.9324,0.0178,0.0344,256,768,196608,393216,101745.0156,203490.0312,0.0000,0,0.0000,0.0000,0,0.0000,0,0.0000,0.0000,0,0.0000,0.0000,0,0,0,0,0,0,0,0,0,0,0,0,0,0,0,0,0,0,0,0,0,0,0,0,0,0.0000,0,32,0,0,0,0,0,0
WG_METRICS 404,256,768,1.9679,0.0089,0.0070,1.9005,0.0180,0.0335,256,768,196608,393216,103451.7578,206903.5156,0.0000,0,0.0000,0.0000,0,0.0000,0,0.0000,0.0000,0,0.0000,0.0000,0,0,0,0,0,0,0,0,0,0,0,0,0,0,0,0,0,0,0,0,0,0,0,0,0,0.0000,0,32,0,0,0,0,0,0
WG_METRICS 405,256,768,1.9704,0.0090,0.0070,1.9045,0.0178,0.0320,256,768,196608,393216,103234.4766,206468.9531,0.0000,0,0.0000,0.0000,0,0.0000,0,0.0000,0.0000,0,0.0000,0.0000,0,0,0,0,0,0,0,0,0,0,0,0,0,0,0,0,0,0,0,0,0,0,0,0,0,0.0000,0,32,0,0,0,0,0,0
WG_METRICS 406,256,768,1.9828,0.0090,0.0070,1.9171,0.0180,0.0318,256,768,196608,393216,102555.9688,205111.9375,0.0000,0,0.0000,0.0000,0,0.0000,0,0.0000,0.0000,0,0.0000,0.0000,0,0,0,0,0,0,0,0,0,0,0,0,0,0,0,0,0,0,0,0,0,0,0,0,0,0.0000,0,32,0,0,0,0,0,0
