WG_METRICS_HEADER frame,q1_shards,q1_shard_capacity,gpu_frame_ms,reset_ms,reset_barrier_ms,compute_ms,metrics_copy_ms,render_ms,q2_shards,q2_shard_capacity,edges,vertices,edges_per_ms,vertices_per_ms,q1_deq_attempt_mean,q1_deq_attempt_max,q1_deq_attempt_imbalance,q1_deq_cas_fail_mean,q1_deq_cas_fail_max,q1_deq_probe_mean,q1_deq_probe_max,q1_deq_probe_imbalance,q1_enq_attempt_mean,q1_enq_attempt_max,q1_enq_attempt_imbalance,q1_high_water_mean,q1_high_water_max,q1_enq_ok,q1_enq_cas_fail,q1_enq_full,q1_deq_ok,q1_deq_cas_fail,q1_deq_empty,q1_ready_cas_fail,q1_ready_max_spin,q1_high_water,q2_enq_ok,q2_enq_cas_fail,q2_enq_full,q2_deq_ok,q2_deq_cas_fail,q2_deq_empty,q2_ready_cas_fail,q2_ready_max_spin,q2_high_water,node_a_seed,node_b_tasks,node_b_subdivide,node_b_final,node_c_output,stop_writes
WG_METRICS 1,256,768,1.9898,0.0162,0.0080,1.9126,0.0101,0.0429,256,768,196608,393216,102796.1953,205592.3906,0.0000,0,0.0000,0.0000,0,0.0000,0,0.0000,0.0000,0,0.0000,0.0000,0,0,0,0,0,0,0,0,0,0,0,0,0,0,0,0,0,0,0,0,0,0,0,0,0
WG_METRICS 2,256,768,2.1688,0.0156,0.0083,2.0898,0.0136,0.0416,256,768,196608,393216,94079.8203,188159.6406,0.0000,0,0.0000,0.0000,0,0.0000,0,0.0000,0.0000,0,0.0000,0.0000,0,0,0,0,0,0,0,0,0,0,0,0,0,0,0,0,0,0,0,0,0,0,0,0,0
WG_METRICS 3,256,768,1.9542,0.0181,0.0087,1.8598,0.0238,0.0438,256,768,196608,393216,105716.8672,211433.7344,0.0000,0,0.0000,0.0000,0,0.0000,0,0.0000,0.0000,0,0.0000,0.0000,0,0,0,0,0,0,0,0,0,0,0,0,0,0,0,0,0,0,0,0,0,0,0,0,0
WG_METRICS 4,256,768,1.9368,0.0092,0.0076,1.8615,0.0229,0.0356,256,768,196608,393216,105619.1875,211238.3750,0.0000,0,0.0000,0.0000,0,0.0000,0,0.0000,0.0000,0,0.0000,0.0000,0,0,0,0,0,0,0,0,0,0,0,0,0,0,0,0,0,0,0,0,0,0,0,0,0
WG_METRICS 5,256,768,1.9164,0.0092,0.0076,1.8466,0.0168,0.0362,256,768,196608,393216,106470.2656,212940.5312,0.0000,0,0.0000,0.0000,0,0.0000,0,0.0000,0.0000,0,0.0000,0.0000,0,0,0,0,0,0,0,0,0,0,0,0,0,0,0,0,0,0,0,0,0,0,0,0,0
WG_METRICS 6,256,768,1.9476,0.0090,0.0070,1.8837,0.0140,0.0338,256,768,196608,393216,104372.1953,208744.3906,0.0000,0,0.0000,0.0000,0,0.0000,0,0.0000,0.0000,0,0.0000,0.0000,0,0,0,0,0,0,0,0,0,0,0,0,0,0,0,0,0,0,0,0,0,0,0,0,0
WG_METRICS 7,256,768,2.0158,0.0088,0.0070,1.9605,0.0099,0.0295,256,768,196608,393216,100285.6484,200571.2969,0.0000,0,0.0000,0.0000,0,0.0000,0,0.0000,0.0000,0,0.0000,0.0000,0,0,0,0,0,0,0,0,0,0,0,0,0,0,0,0,0,0,0,0,0,0,0,0,0
WG_METRICS 8,256,768,1.9323,0.0088,0.0070,1.8691,0.0180,0.0293,256,768,196608,393216,105187.4688,210374.9375,0.0000,0,0.0000,0.0000,0,0.0000,0,0.0000,0.0000,0,0.0000,0.0000,0,0,0,0,0,0,0,0,0,0,0,0,0,0,0,0,0,0,0,0,0,0,0,0,0
WG_METRICS 9,256,768,1.8973,0.0089,0.0070,1.8350,0.0178,0.0286,256,768,196608,393216,107145.6641,214291.3281,0.0000,0,0.0000,0.0000,0,0.0000,0,0.0000,0.0000,0,0.0000,0.0000,0,0,0,0,0,0,0,0,0,0,0,0,0,0,0,0,0,0,0,0,0,0,0,0,0
WG_METRICS 10,256,768,1.9517,0.0087,0.0070,1.9016,0.0047,0.0297,256,768,196608,393216,103393.0078,206786.0156,0.0000,0,0.0000,0.0000,0,0.0000,0,0.0000,0.0000,0,0.0000,0.0000,0,0,0,0,0,0,0,0,0,0,0,0,0,0,0,0,0,0,0,0,0,0,0,0,0
WG_METRICS 11,256,768,1.9386,0.0088,0.0070,1.8763,0.0178,0.0288,256,768,196608,393216,104786.0703,209572.1406,0.0000,0,0.0000,0.0000,0,0.0000,0,0.0000,0.0000,0,0.0000,0.0000,0,0,0,0,0,0,0,0,0,0,0,0,0,0,0,0,0,0,0,0,0,0,0,0,0
WG_METRICS 12,256,768,1.9169,0.0088,0.0070,1.8484,0.0178,0.0348,256,768,196608,393216,106364.2812,212728.5625,0.0000,0,0.0000,0.0000,0,0.0000,0,0.0000,0.0000,0,0.0000,0.0000,0,0,0,0,0,0,0,0,0,0,0,0,0,0,0,0,0,0,0,0,0,0,0,0,0
WG_METRICS 13,256,768,1.8948,0.0092,0.0076,1.8331,0.0100,0.0349,256,768,196608,393216,107253.2109,214506.4219,0.0000,0,0.0000,0.0000,0,0.0000,0,0.0000,0.0000,0,0.0000,0.0000,0,0,0,0,0,0,0,0,0,0,0,0,0,0,0,0,0,0,0,0,0,0,0,0,0
WG_METRICS 14,256,768,1.9466,0.0092,0.0076,1.8799,0.0119,0.0379,256,768,196608,393216,104583.1719,209166.3438,0.0000,0,0.0000,0.0000,0,0.0000,0,0.0000,0.0000,0,0.0000,0.0000,0,0,0,0,0,0,0,0,0,0,0,0,0,0,0,0,0,0,0,0,0,0,0,0,0
WG_METRICS 15,256,768,1.9389,0.0206,0.0168,1.8374,0.0222,0.0418,256,768,196608,393216,107003.3750,214006.7500,0.0000,0,0.0000,0.0000,0,0.0000,0,0.0000,0.0000,0,0.0000,0.0000,0,0,0,0,0,0,0,0,0,0,0,0,0,0,0,0,0,0,0,0,0,0,0,0,0
WG_METRICS 16,256,768,1.9658,0.0236,0.0259,1.8528,0.0207,0.0428,256,768,196608,393216,106116.2812,212232.5625,0.0000,0,0.0000,0.0000,0,0.0000,0,0.0000,0.0000,0,0.0000,0.0000,0,0,0,0,0,0,0,0,0,0,0,0,0,0,0,0,0,0,0,0,0,0,0,0,0
WG_METRICS 17,256,768,1.9331,0.0089,0.0070,1.8616,0.0261,0.0294,256,768,196608,393216,105610.1094,211220.2188,0.0000,0,0.0000,0.0000,0,0.0000,0,0.0000,0.0000,0,0.0000,0.0000,0,0,0,0,0,0,0,0,0,0,0,0,0,0,0,0,0,0,0,0,0,0,0,0,0
WG_METRICS 18,256,768,1.8292,0.0088,0.0068,1.7698,0.0158,0.0280,256,768,196608,393216,111090.5234,222181.0469,0.0000,0,0.0000,0.0000,0,0.0000,0,0.0000,0.0000,0,0.0000,0.0000,0,0,0,0,0,0,0,0,0,0,0,0,0,0,0,0,0,0,0,0,0,0,0,0,0
WG_METRICS 19,256,768,1.0229,0.0074,0.0068,0.9784,0.0145,0.0158,256,768,196608,393216,200948.4844,401896.9688,0.0000,0,0.0000,0.0000,0,0.0000,0,0.0000,0.0000,0,0.0000,0.0000,0,0,0,0,0,0,0,0,0,0,0,0,0,0,0,0,0,0,0,0,0,0,0,0,0
WG_METRICS 20,256,768,1.9575,0.0090,0.0136,1.8775,0.0192,0.0382,256,768,196608,393216,104716.8594,209433.7188,0.0000,0,0.0000,0.0000,0,0.0000,0,0.0000,0.0000,0,0.0000,0.0000,0,0,0,0,0,0,0,0,0,0,0,0,0,0,0,0,0,0,0,0,0,0,0,0,0
WG_METRICS 21,256,768,1.9672,0.0090,0.0070,1.9145,0.0078,0.0289,256,768,196608,393216,102693.1016,205386.2031,0.0000,0,0.0000,0.0000,0,0.0000,0,0.0000,0.0000,0,0.0000,0.0000,0,0,0,0,0,0,0,0,0,0,0,0,0,0,0,0,0,0,0,0,0,0,0,0,0
WG_METRICS 22,256,768,1.9966,0.0100,0.0071,1.9410,0.0072,0.0313,256,768,196608,393216,101290.0312,202580.0625,0.0000,0,0.0000,0.0000,0,0.0000,0,0.0000,0.0000,0,0.0000,0.0000,0,0,0,0,0,0,0,0,0,0,0,0,0,0,0,0,0,0,0,0,0,0,0,0,0
WG_METRICS 23,256,768,2.0112,0.0102,0.0073,1.9571,0.0068,0.0299,256,768,196608,393216,100457.8203,200915.6406,0.0000,0,0.0000,0.0000,0,0.0000,0,0.0000,0.0000,0,0.0000,0.0000,0,0,0,0,0,0,0,0,0,0,0,0,0,0,0,0,0,0,0,0,0,0,0,0,0
WG_METRICS 24,256,768,1.0316,0.0076,0.0066,0.9777,0.0227,0.0170,256,768,196608,393216,201088.2344,402176.4688,0.0000,0,0.0000,0.0000,0,0.0000,0,0.0000,0.0000,0,0.0000,0.0000,0,0,0,0,0,0,0,0,0,0,0,0,0,0,0,0,0,0,0,0,0,0,0,0,0
WG_METRICS 25,256,768,1.9649,0.0100,0.0071,1.9007,0.0166,0.0306,256,768,196608,393216,103438.6953,206877.3906,0.0000,0,0.0000,0.0000,0,0.0000,0,0.0000,0.0000,0,0.0000,0.0000,0,0,0,0,0,0,0,0,0,0,0,0,0,0,0,0,0,0,0,0,0,0,0,0,0
WG_METRICS 26,256,768,1.8504,0.0098,0.0070,1.7905,0.0162,0.0268,256,768,196608,393216,109804.9766,219609.9531,0.0000,0,0.0000,0.0000,0,0.0000,0,0.0000,0.0000,0,0.0000,0.0000,0,0,0,0,0,0,0,0,0,0,0,0,0,0,0,0,0,0,0,0,0,0,0,0,0
WG_METRICS 27,256,768,1.0411,0.0074,0.0069,0.9868,0.0235,0.0164,256,768,196608,393216,199229.8594,398459.7188,0.0000,0,0.0000,0.0000,0,0.0000,0,0.0000,0.0000,0,0.0000,0.0000,0,0,0,0,0,0,0,0,0,0,0,0,0,0,0,0,0,0,0,0,0,0,0,0,0
WG_METRICS 28,256,768,1.0210,0.0079,0.0064,0.9760,0.0143,0.0164,256,768,196608,393216,201442.6250,402885.2500,0.0000,0,0.0000,0.0000,0,0.0000,0,0.0000,0.0000,0,0.0000,0.0000,0,0,0,0,0,0,0,0,0,0,0,0,0,0,0,0,0,0,0,0,0,0,0,0,0
WG_METRICS 29,256,768,1.0128,0.0075,0.0068,0.9633,0.0190,0.0162,256,768,196608,393216,204094.1719,408188.3438,0.0000,0,0.0000,0.0000,0,0.0000,0,0.0000,0.0000,0,0.0000,0.0000,0,0,0,0,0,0,0,0,0,0,0,0,0,0,0,0,0,0,0,0,0,0,0,0,0
WG_METRICS 30,256,768,1.0601,0.0075,0.0069,1.0065,0.0231,0.0162,256,768,196608,393216,195342.1875,390684.3750,0.0000,0,0.0000,0.0000,0,0.0000,0,0.0000,0.0000,0,0.0000,0.0000,0,0,0,0,0,0,0,0,0,0,0,0,0,0,0,0,0,0,0,0,0,0,0,0,0
WG_METRICS 31,256,768,1.0269,0.0074,0.0066,0.9820,0.0140,0.0169,256,768,196608,393216,200211.8125,400423.6250,0.0000,0,0.0000,0.0000,0,0.0000,0,0.0000,0.0000,0,0.0000,0.0000,0,0,0,0,0,0,0,0,0,0,0,0,0,0,0,0,0,0,0,0,0,0,0,0,0
WG_METRICS 32,256,768,1.0257,0.0080,0.0069,0.9717,0.0227,0.0164,256,768,196608,393216,202329.8906,404659.7812,0.0000,0,0.0000,0.0000,0,0.0000,0,0.0000,0.0000,0,0.0000,0.0000,0,0,0,0,0,0,0,0,0,0,0,0,0,0,0,0,0,0,0,0,0,0,0,0,0
WG_METRICS 33,256,768,1.0419,0.0076,0.0063,0.9887,0.0228,0.0165,256,768,196608,393216,198851.0469,397702.0938,0.0000,0,0.0000,0.0000,0,0.0000,0,0.0000,0.0000,0,0.0000,0.0000,0,0,0,0,0,0,0,0,0,0,0,0,0,0,0,0,0,0,0,0,0,0,0,0,0
WG_METRICS 34,256,768,1.0208,0.0066,0.0053,0.9786,0.0141,0.0163,256,768,196608,393216,200915.6406,401831.2812,0.0000,0,0.0000,0.0000,0,0.0000,0,0.0000,0.0000,0,0.0000,0.0000,0,0,0,0,0,0,0,0,0,0,0,0,0,0,0,0,0,0,0,0,0,0,0,0,0
WG_METRICS 35,256,768,1.0343,0.0076,0.0068,0.9809,0.0231,0.0159,256,768,196608,393216,200432.2500,400864.5000,0.0000,0,0.0000,0.0000,0,0.0000,0,0.0000,0.0000,0,0.0000,0.0000,0,0,0,0,0,0,0,0,0,0,0,0,0,0,0,0,0,0,0,0,0,0,0,0,0
WG_METRICS 36,256,768,1.0399,0.0096,0.0057,0.9842,0.0232,0.0172,256,768,196608,393216,199772.3906,399544.7812,0.0000,0,0.0000,0.0000,0,0.0000,0,0.0000,0.0000,0,0.0000,0.0000,0,0,0,0,0,0,0,0,0,0,0,0,0,0,0,0,0,0,0,0,0,0,0,0,0
WG_METRICS 37,256,768,1.0278,0.0077,0.0065,0.9740,0.0232,0.0164,256,768,196608,393216,201864.5625,403729.1250,0.0000,0,0.0000,0.0000,0,0.0000,0,0.0000,0.0000,0,0.0000,0.0000,0,0,0,0,0,0,0,0,0,0,0,0,0,0,0,0,0,0,0,0,0,0,0,0,0
WG_METRICS 38,256,768,1.0408,0.0076,0.0067,0.9868,0.0229,0.0168,256,768,196608,393216,199246.0156,398492.0312,0.0000,0,0.0000,0.0000,0,0.0000,0,0.0000,0.0000,0,0.0000,0.0000,0,0,0,0,0,0,0,0,0,0,0,0,0,0,0,0,0,0,0,0,0,0,0,0,0
WG_METRICS 39,256,768,2.0700,0.0198,0.0200,1.9574,0.0278,0.0449,256,768,196608,393216,100441.3906,200882.7812,0.0000,0,0.0000,0.0000,0,0.0000,0,0.0000,0.0000,0,0.0000,0.0000,0,0,0,0,0,0,0,0,0,0,0,0,0,0,0,0,0,0,0,0,0,0,0,0,0
WG_METRICS 40,256,768,1.5726,0.0090,0.0071,1.5097,0.0241,0.0227,256,768,196608,393216,130231.5703,260463.1406,0.0000,0,0.0000,0.0000,0,0.0000,0,0.0000,0.0000,0,0.0000,0.0000,0,0,0,0,0,0,0,0,0,0,0,0,0,0,0,0,0,0,0,0,0,0,0,0,0
WG_METRICS 41,256,768,1.9690,0.0174,0.0116,1.8709,0.0272,0.0418,256,768,196608,393216,105088.5156,210177.0312,0.0000,0,0.0000,0.0000,0,0.0000,0,0.0000,0.0000,0,0.0000,0.0000,0,0,0,0,0,0,0,0,0,0,0,0,0,0,0,0,0,0,0,0,0,0,0,0,0
WG_METRICS 42,256,768,1.7513,0.0089,0.0071,1.6906,0.0163,0.0284,256,768,196608,393216,116294.8047,232589.6094,0.0000,0,0.0000,0.0000,0,0.0000,0,0.0000,0.0000,0,0.0000,0.0000,0,0,0,0,0,0,0,0,0,0,0,0,0,0,0,0,0,0,0,0,0,0,0,0,0
WG_METRICS 43,256,768,1.0100,0.0078,0.0070,0.9640,0.0146,0.0166,256,768,196608,393216,203958.6719,407917.3438,0.0000,0,0.0000,0.0000,0,0.0000,0,0.0000,0.0000,0,0.0000,0.0000,0,0,0,0,0,0,0,0,0,0,0,0,0,0,0,0,0,0,0,0,0,0,0,0,0
WG_METRICS 44,256,768,1.0158,0.0075,0.0069,0.9702,0.0146,0.0166,256,768,196608,393216,202638.5156,405277.0312,0.0000,0,0.0000,0.0000,0,0.0000,0,0.0000,0.0000,0,0.0000,0.0000,0,0,0,0,0,0,0,0,0,0,0,0,0,0,0,0,0,0,0,0,0,0,0,0,0
WG_METRICS 45,256,768,1.0310,0.0077,0.0066,0.9862,0.0142,0.0163,256,768,196608,393216,199359.1562,398718.3125,0.0000,0,0.0000,0.0000,0,0.0000,0,0.0000,0.0000,0,0.0000,0.0000,0,0,0,0,0,0,0,0,0,0,0,0,0,0,0,0,0,0,0,0,0,0,0,0,0
WG_METRICS 46,256,768,1.0263,0.0086,0.0070,0.9788,0.0143,0.0175,256,768,196608,393216,200858.1562,401716.3125,0.0000,0,0.0000,0.0000,0,0.0000,0,0.0000,0.0000,0,0.0000,0.0000,0,0,0,0,0,0,0,0,0,0,0,0,0,0,0,0,0,0,0,0,0,0,0,0,0
WG_METRICS 47,256,768,1.0311,0.0077,0.0062,0.9863,0.0143,0.0166,256,768,196608,393216,199342.9844,398685.9688,0.0000,0,0.0000,0.0000,0,0.0000,0,0.0000,0.0000,0,0.0000,0.0000,0,0,0,0,0,0,0,0,0,0,0,0,0,0,0,0,0,0,0,0,0,0,0,0,0
WG_METRICS 48,256,768,1.0285,0.0076,0.0070,0.9828,0.0147,0.0164,256,768,196608,393216,200048.8438,400097.6875,0.0000,0,0.0000,0.0000,0,0.0000,0,0.0000,0.0000,0,0.0000,0.0000,0,0,0,0,0,0,0,0,0,0,0,0,0,0,0,0,0,0,0,0,0,0,0,0,0
WG_METRICS 49,256,768,1.0412,0.0072,0.0063,0.9884,0.0230,0.0162,256,768,196608,393216,198907.3750,397814.7500,0.0000,0,0.0000,0.0000,0,0.0000,0,0.0000,0.0000,0,0.0000,0.0000,0,0,0,0,0,0,0,0,0,0,0,0,0,0,0,0,0,0,0,0,0,0,0,0,0
WG_METRICS 50,256,768,1.0246,0.0100,0.0069,0.9672,0.0233,0.0172,256,768,196608,393216,203267.0312,406534.0625,0.0000,0,0.0000,0.0000,0,0.0000,0,0.0000,0.0000,0,0.0000,0.0000,0,0,0,0,0,0,0,0,0,0,0,0,0,0,0,0,0,0,0,0,0,0,0,0,0
WG_METRICS 51,256,768,1.0266,0.0074,0.0065,0.9737,0.0229,0.0161,256,768,196608,393216,201914.3125,403828.6250,0.0000,0,0.0000,0.0000,0,0.0000,0,0.0000,0.0000,0,0.0000,0.0000,0,0,0,0,0,0,0,0,0,0,0,0,0,0,0,0,0,0,0,0,0,0,0,0,0
WG_METRICS 52,256,768,1.0283,0.0078,0.0064,0.9748,0.0228,0.0164,256,768,196608,393216,201698.8750,403397.7500,0.0000,0,0.0000,0.0000,0,0.0000,0,0.0000,0.0000,0,0.0000,0.0000,0,0,0,0,0,0,0,0,0,0,0,0,0,0,0,0,0,0,0,0,0,0,0,0,0
WG_METRICS 53,256,768,1.0501,0.0074,0.0068,1.0060,0.0142,0.0156,256,768,196608,393216,195427.6250,390855.2500,0.0000,0,0.0000,0.0000,0,0.0000,0,0.0000,0.0000,0,0.0000,0.0000,0,0,0,0,0,0,0,0,0,0,0,0,0,0,0,0,0,0,0,0,0,0,0,0,0
WG_METRICS 54,256,768,1.0372,0.0070,0.0063,0.9842,0.0233,0.0164,256,768,196608,393216,199756.1562,399512.3125,0.0000,0,0.0000,0.0000,0,0.0000,0,0.0000,0.0000,0,0.0000,0.0000,0,0,0,0,0,0,0,0,0,0,0,0,0,0,0,0,0,0,0,0,0,0,0,0,0
WG_METRICS 55,256,768,1.0104,0.0093,0.0070,0.9630,0.0146,0.0166,256,768,196608,393216,204170.4688,408340.9375,0.0000,0,0.0000,0.0000,0,0.0000,0,0.0000,0.0000,0,0.0000,0.0000,0,0,0,0,0,0,0,0,0,0,0,0,0,0,0,0,0,0,0,0,0,0,0,0,0
WG_METRICS 56,256,768,1.0424,0.0075,0.0068,0.9895,0.0232,0.0154,256,768,196608,393216,198690.2656,397380.5312,0.0000,0,0.0000,0.0000,0,0.0000,0,0.0000,0.0000,0,0.0000,0.0000,0,0,0,0,0,0,0,0,0,0,0,0,0,0,0,0,0,0,0,0,0,0,0,0,0
WG_METRICS 57,256,768,1.0334,0.0076,0.0066,0.9890,0.0140,0.0162,256,768,196608,393216,198802.7812,397605.5625,0.0000,0,0.0000,0.0000,0,0.0000,0,0.0000,0.0000,0,0.0000,0.0000,0,0,0,0,0,0,0,0,0,0,0,0,0,0,0,0,0,0,0,0,0,0,0,0,0
WG_METRICS 58,256,768,1.0450,0.0074,0.0067,1.0014,0.0122,0.0172,256,768,196608,393216,196333.1406,392666.2812,0.0000,0,0.0000,0.0000,0,0.0000,0,0.0000,0.0000,0,0.0000,0.0000,0,0,0,0,0,0,0,0,0,0,0,0,0,0,0,0,0,0,0,0,0,0,0,0,0
WG_METRICS 59,256,768,1.0313,0.0077,0.0069,0.9760,0.0233,0.0174,256,768,196608,393216,201434.3594,402868.7188,0.0000,0,0.0000,0.0000,0,0.0000,0,0.0000,0.0000,0,0.0000,0.0000,0,0,0,0,0,0,0,0,0,0,0,0,0,0,0,0,0,0,0,0,0,0,0,0,0
WG_METRICS 60,256,768,1.0276,0.0076,0.0070,0.9818,0.0147,0.0165,256,768,196608,393216,200260.7500,400521.5000,0.0000,0,0.0000,0.0000,0,0.0000,0,0.0000,0.0000,0,0.0000,0.0000,0,0,0,0,0,0,0,0,0,0,0,0,0,0,0,0,0,0,0,0,0,0,0,0,0
WG_METRICS 61,256,768,1.0287,0.0077,0.0070,0.9752,0.0232,0.0157,256,768,196608,393216,201616.1406,403232.2812,0.0000,0,0.0000,0.0000,0,0.0000,0,0.0000,0.0000,0,0.0000,0.0000,0,0,0,0,0,0,0,0,0,0,0,0,0,0,0,0,0,0,0,0,0,0,0,0,0
WG_METRICS 62,256,768,1.0298,0.0078,0.0066,0.9848,0.0143,0.0162,256,768,196608,393216,199642.5781,399285.1562,0.0000,0,0.0000,0.0000,0,0.0000,0,0.0000,0.0000,0,0.0000,0.0000,0,0,0,0,0,0,0,0,0,0,0,0,0,0,0,0,0,0,0,0,0,0,0,0,0
WG_METRICS 63,256,768,1.0343,0.0074,0.0063,0.9816,0.0228,0.0162,256,768,196608,393216,200301.5625,400603.1250,0.0000,0,0.0000,0.0000,0,0.0000,0,0.0000,0.0000,0,0.0000,0.0000,0,0,0,0,0,0,0,0,0,0,0,0,0,0,0,0,0,0,0,0,0,0,0,0,0
WG_METRICS 64,256,768,1.0441,0.0077,0.0066,1.0059,0.0075,0.0163,256,768,196608,393216,195450.9219,390901.8438,0.0000,0,0.0000,0.0000,0,0.0000,0,0.0000,0.0000,0,0.0000,0.0000,0,0,0,0,0,0,0,0,0,0,0,0,0,0,0,0,0,0,0,0,0,0,0,0,0
WG_METRICS 65,256,768,1.0404,0.0076,0.0063,0.9870,0.0232,0.0163,256,768,196608,393216,199205.6406,398411.2812,0.0000,0,0.0000,0.0000,0,0.0000,0,0.0000,0.0000,0,0.0000,0.0000,0,0,0,0,0,0,0,0,0,0,0,0,0,0,0,0,0,0,0,0,0,0,0,0,0
WG_METRICS 66,256,768,1.0244,0.0073,0.0062,0.9717,0.0227,0.0166,256,768,196608,393216,202329.8906,404659.7812,0.0000,0,0.0000,0.0000,0,0.0000,0,0.0000,0.0000,0,0.0000,0.0000,0,0,0,0,0,0,0,0,0,0,0,0,0,0,0,0,0,0,0,0,0,0,0,0,0
WG_METRICS 67,256,768,1.0355,0.0075,0.0062,0.9996,0.0055,0.0167,256,768,196608,393216,196686.6719,393373.3438,0.0000,0,0.0000,0.0000,0,0.0000,0,0.0000,0.0000,0,0.0000,0.0000,0,0,0,0,0,0,0,0,0,0,0,0,0,0,0,0,0,0,0,0,0,0,0,0,0
WG_METRICS 68,256,768,1.0299,0.0074,0.0068,0.9846,0.0146,0.0165,256,768,196608,393216,199683.1250,399366.2500,0.0000,0,0.0000,0.0000,0,0.0000,0,0.0000,0.0000,0,0.0000,0.0000,0,0,0,0,0,0,0,0,0,0,0,0,0,0,0,0,0,0,0,0,0,0,0,0,0
WG_METRICS 69,256,768,1.0379,0.0077,0.0096,0.9800,0.0231,0.0175,256,768,196608,393216,200628.5938,401257.1875,0.0000,0,0.0000,0.0000,0,0.0000,0,0.0000,0.0000,0,0.0000,0.0000,0,0,0,0,0,0,0,0,0,0,0,0,0,0,0,0,0,0,0,0,0,0,0,0,0
WG_METRICS 70,256,768,1.0226,0.0077,0.0070,0.9766,0.0150,0.0163,256,768,196608,393216,201318.8594,402637.7188,0.0000,0,0.0000,0.0000,0,0.0000,0,0.0000,0.0000,0,0.0000,0.0000,0,0,0,0,0,0,0,0,0,0,0,0,0,0,0,0,0,0,0,0,0,0,0,0,0
WG_METRICS 71,256,768,1.0400,0.0083,0.0068,0.9940,0.0145,0.0164,256,768,196608,393216,197786.8125,395573.6250,0.0000,0,0.0000,0.0000,0,0.0000,0,0.0000,0.0000,0,0.0000,0.0000,0,0,0,0,0,0,0,0,0,0,0,0,0,0,0,0,0,0,0,0,0,0,0,0,0
WG_METRICS 72,256,768,1.0456,0.0077,0.0066,0.9923,0.0228,0.0162,256,768,196608,393216,198137.6250,396275.2500,0.0000,0,0.0000,0.0000,0,0.0000,0,0.0000,0.0000,0,0.0000,0.0000,0,0,0,0,0,0,0,0,0,0,0,0,0,0,0,0,0,0,0,0,0,0,0,0,0
WG_METRICS 73,256,768,1.0410,0.0076,0.0067,0.9880,0.0230,0.0156,256,768,196608,393216,198987.9062,397975.8125,0.0000,0,0.0000,0.0000,0,0.0000,0,0.0000,0.0000,0,0.0000,0.0000,0,0,0,0,0,0,0,0,0,0,0,0,0,0,0,0,0,0,0,0,0,0,0,0,0
WG_METRICS 74,256,768,1.0270,0.0079,0.0068,0.9724,0.0231,0.0168,256,768,196608,393216,202188.3906,404376.7812,0.0000,0,0.0000,0.0000,0,0.0000,0,0.0000,0.0000,0,0.0000,0.0000,0,0,0,0,0,0,0,0,0,0,0,0,0,0,0,0,0,0,0,0,0,0,0,0,0
WG_METRICS 75,256,768,1.0355,0.0078,0.0064,0.9861,0.0185,0.0167,256,768,196608,393216,199383.4219,398766.8438,0.0000,0,0.0000,0.0000,0,0.0000,0,0.0000,0.0000,0,0.0000,0.0000,0,0,0,0,0,0,0,0,0,0,0,0,0,0,0,0,0,0,0,0,0,0,0,0,0
WG_METRICS 76,256,768,1.0317,0.0079,0.0070,0.9855,0.0147,0.0165,256,768,196608,393216,199496.7188,398993.4375,0.0000,0,0.0000,0.0000,0,0.0000,0,0.0000,0.0000,0,0.0000,0.0000,0,0,0,0,0,0,0,0,0,0,0,0,0,0,0,0,0,0,0,0,0,0,0,0,0
WG_METRICS 77,256,768,1.0396,0.0080,0.0065,0.9934,0.0149,0.0168,256,768,196608,393216,197914.2344,395828.4688,0.0000,0,0.0000,0.0000,0,0.0000,0,0.0000,0.0000,0,0.0000,0.0000,0,0,0,0,0,0,0,0,0,0,0,0,0,0,0,0,0,0,0,0,0,0,0,0,0
WG_METRICS 78,256,768,1.0551,0.0076,0.0070,1.0007,0.0233,0.0165,256,768,196608,393216,196474.4062,392948.8125,0.0000,0,0.0000,0.0000,0,0.0000,0,0.0000,0.0000,0,0.0000,0.0000,0,0,0,0,0,0,0,0,0,0,0,0,0,0,0,0,0,0,0,0,0,0,0,0,0
WG_METRICS 79,256,768,1.0315,0.0076,0.0069,0.9868,0.0139,0.0162,256,768,196608,393216,199229.8594,398459.7188,0.0000,0,0.0000,0.0000,0,0.0000,0,0.0000,0.0000,0,0.0000,0.0000,0,0,0,0,0,0,0,0,0,0,0,0,0,0,0,0,0,0,0,0,0,0,0,0,0
WG_METRICS 80,256,768,1.0404,0.0076,0.0068,0.9860,0.0234,0.0166,256,768,196608,393216,199391.5000,398783.0000,0.0000,0,0.0000,0.0000,0,0.0000,0,0.0000,0.0000,0,0.0000,0.0000,0,0,0,0,0,0,0,0,0,0,0,0,0,0,0,0,0,0,0,0,0,0,0,0,0
WG_METRICS 81,256,768,1.0399,0.0160,0.0068,0.9861,0.0145,0.0166,256,768,196608,393216,199375.3281,398750.6562,0.0000,0,0.0000,0.0000,0,0.0000,0,0.0000,0.0000,0,0.0000,0.0000,0,0,0,0,0,0,0,0,0,0,0,0,0,0,0,0,0,0,0,0,0,0,0,0,0
WG_METRICS 82,256,768,1.0279,0.0076,0.0063,0.9834,0.0143,0.0164,256,768,196608,393216,199934.9219,399869.8438,0.0000,0,0.0000,0.0000,0,0.0000,0,0.0000,0.0000,0,0.0000,0.0000,0,0,0,0,0,0,0,0,0,0,0,0,0,0,0,0,0,0,0,0,0,0,0,0,0
WG_METRICS 83,256,768,1.0159,0.0076,0.0065,0.9794,0.0056,0.0168,256,768,196608,393216,200743.3125,401486.6250,0.0000,0,0.0000,0.0000,0,0.0000,0,0.0000,0.0000,0,0.0000,0.0000,0,0,0,0,0,0,0,0,0,0,0,0,0,0,0,0,0,0,0,0,0,0,0,0,0
WG_METRICS 84,256,768,1.0191,0.0087,0.0069,0.9722,0.0146,0.0166,256,768,196608,393216,202221.6719,404443.3438,0.0000,0,0.0000,0.0000,0,0.0000,0,0.0000,0.0000,0,0.0000,0.0000,0,0,0,0,0,0,0,0,0,0,0,0,0,0,0,0,0,0,0,0,0,0,0,0,0
WG_METRICS 85,256,768,1.0249,0.0077,0.0063,0.9798,0.0144,0.0166,256,768,196608,393216,200653.1719,401306.3438,0.0000,0,0.0000,0.0000,0,0.0000,0,0.0000,0.0000,0,0.0000,0.0000,0,0,0,0,0,0,0,0,0,0,0,0,0,0,0,0,0,0,0,0,0,0,0,0,0
WG_METRICS 86,256,768,1.0610,0.0076,0.0086,1.0055,0.0228,0.0165,256,768,196608,393216,195528.6875,391057.3750,0.0000,0,0.0000,0.0000,0,0.0000,0,0.0000,0.0000,0,0.0000,0.0000,0,0,0,0,0,0,0,0,0,0,0,0,0,0,0,0,0,0,0,0,0,0,0,0,0
WG_METRICS 87,256,768,1.0587,0.0084,0.0066,1.0040,0.0234,0.0164,256,768,196608,393216,195824.7188,391649.4375,0.0000,0,0.0000,0.0000,0,0.0000,0,0.0000,0.0000,0,0.0000,0.0000,0,0,0,0,0,0,0,0,0,0,0,0,0,0,0,0,0,0,0,0,0,0,0,0,0
WG_METRICS 88,256,768,1.0212,0.0078,0.0067,0.9760,0.0143,0.0164,256,768,196608,393216,201434.3594,402868.7188,0.0000,0,0.0000,0.0000,0,0.0000,0,0.0000,0.0000,0,0.0000,0.0000,0,0,0,0,0,0,0,0,0,0,0,0,0,0,0,0,0,0,0,0,0,0,0,0,0
WG_METRICS 89,256,768,1.0242,0.0076,0.0064,0.9795,0.0140,0.0166,256,768,196608,393216,200718.7188,401437.4375,0.0000,0,0.0000,0.0000,0,0.0000,0,0.0000,0.0000,0,0.0000,0.0000,0,0,0,0,0,0,0,0,0,0,0,0,0,0,0,0,0,0,0,0,0,0,0,0,0
WG_METRICS 90,256,768,1.0260,0.0078,0.0068,0.9713,0.0232,0.0169,256,768,196608,393216,202421.5469,404843.0938,0.0000,0,0.0000,0.0000,0,0.0000,0,0.0000,0.0000,0,0.0000,0.0000,0,0,0,0,0,0,0,0,0,0,0,0,0,0,0,0,0,0,0,0,0,0,0,0,0
WG_METRICS 91,256,768,1.0224,0.0076,0.0068,0.9771,0.0145,0.0164,256,768,196608,393216,201219.9688,402439.9375,0.0000,0,0.0000,0.0000,0,0.0000,0,0.0000,0.0000,0,0.0000,0.0000,0,0,0,0,0,0,0,0,0,0,0,0,0,0,0,0,0,0,0,0,0,0,0,0,0
WG_METRICS 92,256,768,1.0439,0.0077,0.0062,0.9903,0.0230,0.0166,256,768,196608,393216,198537.7969,397075.5938,0.0000,0,0.0000,0.0000,0,0.0000,0,0.0000,0.0000,0,0.0000,0.0000,0,0,0,0,0,0,0,0,0,0,0,0,0,0,0,0,0,0,0,0,0,0,0,0,0
WG_METRICS 93,256,768,1.0588,0.0080,0.0070,1.0146,0.0125,0.0167,256,768,196608,393216,193778.8281,387557.6562,0.0000,0,0.0000,0.0000,0,0.0000,0,0.0000,0.0000,0,0.0000,0.0000,0,0,0,0,0,0,0,0,0,0,0,0,0,0,0,0,0,0,0,0,0,0,0,0,0
WG_METRICS 94,256,768,1.0453,0.0077,0.0059,0.9922,0.0228,0.0167,256,768,196608,393216,198161.5781,396323.1562,0.0000,0,0.0000,0.0000,0,0.0000,0,0.0000,0.0000,0,0.0000,0.0000,0,0,0,0,0,0,0,0,0,0,0,0,0,0,0,0,0,0,0,0,0,0,0,0,0
WG_METRICS 95,256,768,1.0535,0.0098,0.0067,0.9978,0.0227,0.0165,256,768,196608,393216,197049.3906,394098.7812,0.0000,0,0.0000,0.0000,0,0.0000,0,0.0000,0.0000,0,0.0000,0.0000,0,0,0,0,0,0,0,0,0,0,0,0,0,0,0,0,0,0,0,0,0,0,0,0,0
WG_METRICS 96,256,768,1.0390,0.0093,0.0066,0.9840,0.0233,0.0158,256,768,196608,393216,199804.8750,399609.7500,0.0000,0,0.0000,0.0000,0,0.0000,0,0.0000,0.0000,0,0.0000,0.0000,0,0,0,0,0,0,0,0,0,0,0,0,0,0,0,0,0,0,0,0,0,0,0,0,0
WG_METRICS 97,256,768,1.0452,0.0097,0.0068,0.9896,0.0228,0.0164,256,768,196608,393216,198682.2344,397364.4688,0.0000,0,0.0000,0.0000,0,0.0000,0,0.0000,0.0000,0,0.0000,0.0000,0,0,0,0,0,0,0,0,0,0,0,0,0,0,0,0,0,0,0,0,0,0,0,0,0
WG_METRICS 98,256,768,1.0321,0.0077,0.0090,0.9759,0.0224,0.0171,256,768,196608,393216,201467.3906,402934.7812,0.0000,0,0.0000,0.0000,0,0.0000,0,0.0000,0.0000,0,0.0000,0.0000,0,0,0,0,0,0,0,0,0,0,0,0,0,0,0,0,0,0,0,0,0,0,0,0,0
WG_METRICS 99,256,768,1.0395,0.0076,0.0064,0.9861,0.0231,0.0164,256,768,196608,393216,199375.3281,398750.6562,0.0000,0,0.0000,0.0000,0,0.0000,0,0.0000,0.0000,0,0.0000,0.0000,0,0,0,0,0,0,0,0,0,0,0,0,0,0,0,0,0,0,0,0,0,0,0,0,0
WG_METRICS 100,256,768,1.0363,0.0099,0.0073,0.9786,0.0231,0.0174,256,768,196608,393216,200907.4062,401814.8125,0.0000,0,0.0000,0.0000,0,0.0000,0,0.0000,0.0000,0,0.0000,0.0000,0,0,0,0,0,0,0,0,0,0,0,0,0,0,0,0,0,0,0,0,0,0,0,0,0
WG_METRICS 101,256,768,1.0248,0.0076,0.0065,0.9797,0.0145,0.0165,256,768,196608,393216,200677.7500,401355.5000,0.0000,0,0.0000,0.0000,0,0.0000,0,0.0000,0.0000,0,0.0000,0.0000,0,0,0,0,0,0,0,0,0,0,0,0,0,0,0,0,0,0,0,0,0,0,0,0,0
WG_METRICS 102,256,768,1.0270,0.0100,0.0068,0.9789,0.0143,0.0169,256,768,196608,393216,200849.9531,401699.9062,0.0000,0,0.0000,0.0000,0,0.0000,0,0.0000,0.0000,0,0.0000,0.0000,0,0,0,0,0,0,0,0,0,0,0,0,0,0,0,0,0,0,0,0,0,0,0,0,0
WG_METRICS 103,256,768,1.0354,0.0078,0.0072,0.9892,0.0147,0.0164,256,768,196608,393216,198746.5156,397493.0312,0.0000,0,0.0000,0.0000,0,0.0000,0,0.0000,0.0000,0,0.0000,0.0000,0,0,0,0,0,0,0,0,0,0,0,0,0,0,0,0,0,0,0,0,0,0,0,0,0
WG_METRICS 104,256,768,1.0224,0.0078,0.0070,0.9765,0.0140,0.0172,256,768,196608,393216,201335.3594,402670.7188,0.0000,0,0.0000,0.0000,0,0.0000,0,0.0000,0.0000,0,0.0000,0.0000,0,0,0,0,0,0,0,0,0,0,0,0,0,0,0,0,0,0,0,0,0,0,0,0,0
WG_METRICS 105,256,768,1.0163,0.0076,0.0062,0.9633,0.0230,0.0162,256,768,196608,393216,204102.6406,408205.2812,0.0000,0,0.0000,0.0000,0,0.0000,0,0.0000,0.0000,0,0.0000,0.0000,0,0,0,0,0,0,0,0,0,0,0,0,0,0,0,0,0,0,0,0,0,0,0,0,0
WG_METRICS 106,256,768,1.0391,0.0077,0.0072,0.9922,0.0144,0.0176,256,768,196608,393216,198145.6094,396291.2188,0.0000,0,0.0000,0.0000,0,0.0000,0,0.0000,0.0000,0,0.0000,0.0000,0,0,0,0,0,0,0,0,0,0,0,0,0,0,0,0,0,0,0,0,0,0,0,0,0
WG_METRICS 107,256,768,1.0162,0.0075,0.0061,0.9722,0.0140,0.0164,256,768,196608,393216,202238.3125,404476.6250,0.0000,0,0.0000,0.0000,0,0.0000,0,0.0000,0.0000,0,0.0000,0.0000,0,0,0,0,0,0,0,0,0,0,0,0,0,0,0,0,0,0,0,0,0,0,0,0,0
WG_METRICS 108,256,768,1.0276,0.0080,0.0092,0.9707,0.0230,0.0166,256,768,196608,393216,202538.3281,405076.6562,0.0000,0,0.0000,0.0000,0,0.0000,0,0.0000,0.0000,0,0.0000,0.0000,0,0,0,0,0,0,0,0,0,0,0,0,0,0,0,0,0,0,0,0,0,0,0,0,0
WG_METRICS 109,256,768,1.0253,0.0076,0.0066,0.9718,0.0229,0.0163,256,768,196608,393216,202321.5625,404643.1250,0.0000,0,0.0000,0.0000,0,0.0000,0,0.0000,0.0000,0,0.0000,0.0000,0,0,0,0,0,0,0,0,0,0,0,0,0,0,0,0,0,0,0,0,0,0,0,0,0
WG_METRICS 110,256,768,1.0286,0.0078,0.0066,0.9832,0.0146,0.0164,256,768,196608,393216,199967.4531,399934.9062,0.0000,0,0.0000,0.0000,0,0.0000,0,0.0000,0.0000,0,0.0000,0.0000,0,0,0,0,0,0,0,0,0,0,0,0,0,0,0,0,0,0,0,0,0,0,0,0,0
WG_METRICS 111,256,768,1.0276,0.0077,0.0066,0.9822,0.0144,0.0166,256,768,196608,393216,200171.0469,400342.0938,0.0000,0,0.0000,0.0000,0,0.0000,0,0.0000,0.0000,0,0.0000,0.0000,0,0,0,0,0,0,0,0,0,0,0,0,0,0,0,0,0,0,0,0,0,0,0,0,0
WG_METRICS 112,256,768,1.0256,0.0084,0.0071,0.9792,0.0144,0.0166,256,768,196608,393216,200784.3125,401568.6250,0.0000,0,0.0000,0.0000,0,0.0000,0,0.0000,0.0000,0,0.0000,0.0000,0,0,0,0,0,0,0,0,0,0,0,0,0,0,0,0,0,0,0,0,0,0,0,0,0
WG_METRICS 113,256,768,1.0524,0.0077,0.0063,1.0164,0.0055,0.0166,256,768,196608,393216,193443.2656,386886.5312,0.0000,0,0.0000,0.0000,0,0.0000,0,0.0000,0.0000,0,0.0000,0.0000,0,0,0,0,0,0,0,0,0,0,0,0,0,0,0,0,0,0,0,0,0,0,0,0,0
WG_METRICS 114,256,768,1.0248,0.0098,0.0070,0.9777,0.0141,0.0163,256,768,196608,393216,201088.2344,402176.4688,0.0000,0,0.0000,0.0000,0,0.0000,0,0.0000,0.0000,0,0.0000,0.0000,0,0,0,0,0,0,0,0,0,0,0,0,0,0,0,0,0,0,0,0,0,0,0,0,0
WG_METRICS 115,256,768,1.0429,0.0077,0.0068,0.9890,0.0232,0.0162,256,768,196608,393216,198802.7812,397605.5625,0.0000,0,0.0000,0.0000,0,0.0000,0,0.0000,0.0000,0,0.0000,0.0000,0,0,0,0,0,0,0,0,0,0,0,0,0,0,0,0,0,0,0,0,0,0,0,0,0
WG_METRICS 116,256,768,1.0204,0.0079,0.0067,0.9663,0.0229,0.0166,256,768,196608,393216,203468.9844,406937.9688,0.0000,0,0.0000,0.0000,0,0.0000,0,0.0000,0.0000,0,0.0000,0.0000,0,0,0,0,0,0,0,0,0,0,0,0,0,0,0,0,0,0,0,0,0,0,0,0,0
WG_METRICS 117,256,768,1.0360,0.0080,0.0069,0.9820,0.0231,0.0161,256,768,196608,393216,200211.8125,400423.6250,0.0000,0,0.0000,0.0000,0,0.0000,0,0.0000,0.0000,0,0.0000,0.0000,0,0,0,0,0,0,0,0,0,0,0,0,0,0,0,0,0,0,0,0,0,0,0,0,0
WG_METRICS 118,256,768,1.0365,0.0083,0.0067,0.9893,0.0147,0.0175,256,768,196608,393216,198738.4844,397476.9688,0.0000,0,0.0000,0.0000,0,0.0000,0,0.0000,0.0000,0,0.0000,0.0000,0,0,0,0,0,0,0,0,0,0,0,0,0,0,0,0,0,0,0,0,0,0,0,0,0
WG_METRICS 119,256,768,1.0368,0.0076,0.0066,0.9929,0.0142,0.0155,256,768,196608,393216,198017.8906,396035.7812,0.0000,0,0.0000,0.0000,0,0.0000,0,0.0000,0.0000,0,0.0000,0.0000,0,0,0,0,0,0,0,0,0,0,0,0,0,0,0,0,0,0,0,0,0,0,0,0,0
WG_METRICS 120,256,768,1.0244,0.0079,0.0067,0.9786,0.0144,0.0168,256,768,196608,393216,200899.2031,401798.4062,0.0000,0,0.0000,0.0000,0,0.0000,0,0.0000,0.0000,0,0.0000,0.0000,0,0,0,0,0,0,0,0,0,0,0,0,0,0,0,0,0,0,0,0,0,0,0,0,0
WG_METRICS 121,256,768,1.0409,0.0075,0.0058,0.9882,0.0230,0.0164,256,768,196608,393216,198947.6250,397895.2500,0.0000,0,0.0000,0.0000,0,0.0000,0,0.0000,0.0000,0,0.0000,0.0000,0,0,0,0,0,0,0,0,0,0,0,0,0,0,0,0,0,0,0,0,0,0,0,0,0
WG_METRICS 122,256,768,1.0284,0.0078,0.0070,0.9737,0.0230,0.0169,256,768,196608,393216,201914.3125,403828.6250,0.0000,0,0.0000,0.0000,0,0.0000,0,0.0000,0.0000,0,0.0000,0.0000,0,0,0,0,0,0,0,0,0,0,0,0,0,0,0,0,0,0,0,0,0,0,0,0,0
WG_METRICS 123,256,768,1.0236,0.0077,0.0069,0.9785,0.0144,0.0162,256,768,196608,393216,200923.8438,401847.6875,0.0000,0,0.0000,0.0000,0,0.0000,0,0.0000,0.0000,0,0.0000,0.0000,0,0,0,0,0,0,0,0,0,0,0,0,0,0,0,0,0,0,0,0,0,0,0,0,0
WG_METRICS 124,256,768,1.0387,0.0094,0.0070,0.9888,0.0170,0.0165,256,768,196608,393216,198843.0000,397686.0000,0.0000,0,0.0000,0.0000,0,0.0000,0,0.0000,0.0000,0,0.0000,0.0000,0,0,0,0,0,0,0,0,0,0,0,0,0,0,0,0,0,0,0,0,0,0,0,0,0
WG_METRICS 125,256,768,1.0251,0.0079,0.0066,0.9710,0.0230,0.0167,256,768,196608,393216,202488.2500,404976.5000,0.0000,0,0.0000,0.0000,0,0.0000,0,0.0000,0.0000,0,0.0000,0.0000,0,0,0,0,0,0,0,0,0,0,0,0,0,0,0,0,0,0,0,0,0,0,0,0,0
WG_METRICS 126,256,768,1.0328,0.0078,0.0070,0.9788,0.0232,0.0160,256,768,196608,393216,200874.5781,401749.1562,0.0000,0,0.0000,0.0000,0,0.0000,0,0.0000,0.0000,0,0.0000,0.0000,0,0,0,0,0,0,0,0,0,0,0,0,0,0,0,0,0,0,0,0,0,0,0,0,0
WG_METRICS 127,256,768,1.0182,0.0077,0.0077,0.9756,0.0108,0.0164,256,768,196608,393216,201525.2188,403050.4375,0.0000,0,0.0000,0.0000,0,0.0000,0,0.0000,0.0000,0,0.0000,0.0000,0,0,0,0,0,0,0,0,0,0,0,0,0,0,0,0,0,0,0,0,0,0,0,0,0
WG_METRICS 128,256,768,1.0266,0.0105,0.0064,0.9705,0.0226,0.0165,256,768,196608,393216,202588.4062,405176.8125,0.0000,0,0.0000,0.0000,0,0.0000,0,0.0000,0.0000,0,0.0000,0.0000,0,0,0,0,0,0,0,0,0,0,0,0,0,0,0,0,0,0,0,0,0,0,0,0,0
WG_METRICS 129,256,768,1.0361,0.0076,0.0067,0.9823,0.0232,0.0163,256,768,196608,393216,200154.7344,400309.4688,0.0000,0,0.0000,0.0000,0,0.0000,0,0.0000,0.0000,0,0.0000,0.0000,0,0,0,0,0,0,0,0,0,0,0,0,0,0,0,0,0,0,0,0,0,0,0,0,0
WG_METRICS 130,256,768,1.0382,0.0080,0.0068,0.9842,0.0225,0.0167,256,768,196608,393216,199756.1562,399512.3125,0.0000,0,0.0000,0.0000,0,0.0000,0,0.0000,0.0000,0,0.0000,0.0000,0,0,0,0,0,0,0,0,0,0,0,0,0,0,0,0,0,0,0,0,0,0,0,0,0
WG_METRICS 131,256,768,1.0375,0.0077,0.0067,0.9920,0.0146,0.0165,256,768,196608,393216,198185.5625,396371.1250,0.0000,0,0.0000,0.0000,0,0.0000,0,0.0000,0.0000,0,0.0000,0.0000,0,0,0,0,0,0,0,0,0,0,0,0,0,0,0,0,0,0,0,0,0,0,0,0,0
WG_METRICS 132,256,768,1.0335,0.0078,0.0069,0.9879,0.0143,0.0165,256,768,196608,393216,199012.0625,398024.1250,0.0000,0,0.0000,0.0000,0,0.0000,0,0.0000,0.0000,0,0.0000,0.0000,0,0,0,0,0,0,0,0,0,0,0,0,0,0,0,0,0,0,0,0,0,0,0,0,0
WG_METRICS 133,256,768,1.0228,0.0101,0.0068,0.9746,0.0144,0.0169,256,768,196608,393216,201723.7031,403447.4062,0.0000,0,0.0000,0.0000,0,0.0000,0,0.0000,0.0000,0,0.0000,0.0000,0,0,0,0,0,0,0,0,0,0,0,0,0,0,0,0,0,0,0,0,0,0,0,0,0
WG_METRICS 134,256,768,1.0420,0.0077,0.0063,0.9883,0.0232,0.0166,256,768,196608,393216,198939.5781,397879.1562,0.0000,0,0.0000,0.0000,0,0.0000,0,0.0000,0.0000,0,0.0000,0.0000,0,0,0,0,0,0,0,0,0,0,0,0,0,0,0,0,0,0,0,0,0,0,0,0,0
WG_METRICS 135,256,768,1.0356,0.0080,0.0067,0.9812,0.0232,0.0165,256,768,196608,393216,200383.2188,400766.4375,0.0000,0,0.0000,0.0000,0,0.0000,0,0.0000,0.0000,0,0.0000,0.0000,0,0,0,0,0,0,0,0,0,0,0,0,0,0,0,0,0,0,0,0,0,0,0,0,0
WG_METRICS 136,256,768,1.0252,0.0077,0.0067,0.9706,0.0228,0.0174,256,768,196608,393216,202555.0156,405110.0312,0.0000,0,0.0000,0.0000,0,0.0000,0,0.0000,0.0000,0,0.0000,0.0000,0,0,0,0,0,0,0,0,0,0,0,0,0,0,0,0,0,0,0,0,0,0,0,0,0
WG_METRICS 137,256,768,1.0256,0.0076,0.0069,0.9701,0.0235,0.0174,256,768,196608,393216,202663.5781,405327.1562,0.0000,0,0.0000,0.0000,0,0.0000,0,0.0000,0.0000,0,0.0000,0.0000,0,0,0,0,0,0,0,0,0,0,0,0,0,0,0,0,0,0,0,0,0,0,0,0,0
WG_METRICS 138,256,768,1.0697,0.0076,0.0069,1.0271,0.0117,0.0164,256,768,196608,393216,191424.2188,382848.4375,0.0000,0,0.0000,0.0000,0,0.0000,0,0.0000,0.0000,0,0.0000,0.0000,0,0,0,0,0,0,0,0,0,0,0,0,0,0,0,0,0,0,0,0,0,0,0,0,0
WG_METRICS 139,256,768,1.0261,0.0077,0.0063,0.9805,0.0142,0.0174,256,768,196608,393216,200514.0156,401028.0312,0.0000,0,0.0000,0.0000,0,0.0000,0,0.0000,0.0000,0,0.0000,0.0000,0,0,0,0,0,0,0,0,0,0,0,0,0,0,0,0,0,0,0,0,0,0,0,0,0
WG_METRICS 140,256,768,1.0185,0.0077,0.0070,0.9723,0.0147,0.0168,256,768,196608,393216,202205.0312,404410.0625,0.0000,0,0.0000,0.0000,0,0.0000,0,0.0000,0.0000,0,0.0000,0.0000,0,0,0,0,0,0,0,0,0,0,0,0,0,0,0,0,0,0,0,0,0,0,0,0,0
WG_METRICS 141,256,768,1.0250,0.0078,0.0067,0.9796,0.0144,0.0164,256,768,196608,393216,200694.1250,401388.2500,0.0000,0,0.0000,0.0000,0,0.0000,0,0.0000,0.0000,0,0.0000,0.0000,0,0,0,0,0,0,0,0,0,0,0,0,0,0,0,0,0,0,0,0,0,0,0,0,0
WG_METRICS 142,256,768,1.0340,0.0076,0.0061,0.9804,0.0231,0.0168,256,768,196608,393216,200546.7500,401093.5000,0.0000,0,0.0000,0.0000,0,0.0000,0,0.0000,0.0000,0,0.0000,0.0000,0,0,0,0,0,0,0,0,0,0,0,0,0,0,0,0,0,0,0,0,0,0,0,0,0
WG_METRICS 143,256,768,1.0318,0.0079,0.0067,0.9774,0.0231,0.0167,256,768,196608,393216,201145.8438,402291.6875,0.0000,0,0.0000,0.0000,0,0.0000,0,0.0000,0.0000,0,0.0000,0.0000,0,0,0,0,0,0,0,0,0,0,0,0,0,0,0,0,0,0,0,0,0,0,0,0,0
WG_METRICS 144,256,768,1.0284,0.0077,0.0068,0.9831,0.0146,0.0162,256,768,196608,393216,199983.7188,399967.4375,0.0000,0,0.0000,0.0000,0,0.0000,0,0.0000,0.0000,0,0.0000,0.0000,0,0,0,0,0,0,0,0,0,0,0,0,0,0,0,0,0,0,0,0,0,0,0,0,0
WG_METRICS 145,256,768,1.0132,0.0076,0.0065,0.9685,0.0142,0.0164,256,768,196608,393216,202998.3906,405996.7812,0.0000,0,0.0000,0.0000,0,0.0000,0,0.0000,0.0000,0,0.0000,0.0000,0,0,0,0,0,0,0,0,0,0,0,0,0,0,0,0,0,0,0,0,0,0,0,0,0
WG_METRICS 146,256,768,1.0359,0.0078,0.0069,0.9818,0.0230,0.0164,256,768,196608,393216,200244.4375,400488.8750,0.0000,0,0.0000,0.0000,0,0.0000,0,0.0000,0.0000,0,0.0000,0.0000,0,0,0,0,0,0,0,0,0,0,0,0,0,0,0,0,0,0,0,0,0,0,0,0,0
WG_METRICS 147,256,768,1.0464,0.0076,0.0067,1.0012,0.0148,0.0162,256,768,196608,393216,196380.1875,392760.3750,0.0000,0,0.0000,0.0000,0,0.0000,0,0.0000,0.0000,0,0.0000,0.0000,0,0,0,0,0,0,0,0,0,0,0,0,0,0,0,0,0,0,0,0,0,0,0,0,0
WG_METRICS 148,256,768,1.0354,0.0076,0.0063,0.9910,0.0140,0.0164,256,768,196608,393216,198385.5312,396771.0625,0.0000,0,0.0000,0.0000,0,0.0000,0,0.0000,0.0000,0,0.0000,0.0000,0,0,0,0,0,0,0,0,0,0,0,0,0,0,0,0,0,0,0,0,0,0,0,0,0
WG_METRICS 149,256,768,1.0376,0.0077,0.0066,0.9920,0.0148,0.0164,256,768,196608,393216,198193.5469,396387.0938,0.0000,0,0.0000,0.0000,0,0.0000,0,0.0000,0.0000,0,0.0000,0.0000,0,0,0,0,0,0,0,0,0,0,0,0,0,0,0,0,0,0,0,0,0,0,0,0,0
WG_METRICS 150,256,768,1.0257,0.0076,0.0068,0.9718,0.0232,0.0163,256,768,196608,393216,202313.2344,404626.4688,0.0000,0,0.0000,0.0000,0,0.0000,0,0.0000,0.0000,0,0.0000,0.0000,0,0,0,0,0,0,0,0,0,0,0,0,0,0,0,0,0,0,0,0,0,0,0,0,0
WG_METRICS 151,256,768,1.0164,0.0077,0.0063,0.9718,0.0141,0.0166,256,768,196608,393216,202321.5625,404643.1250,0.0000,0,0.0000,0.0000,0,0.0000,0,0.0000,0.0000,0,0.0000,0.0000,0,0,0,0,0,0,0,0,0,0,0,0,0,0,0,0,0,0,0,0,0,0,0,0,0
WG_METRICS 152,256,768,1.0406,0.0079,0.0068,0.9911,0.0184,0.0163,256,768,196608,393216,198369.5312,396739.0625,0.0000,0,0.0000,0.0000,0,0.0000,0,0.0000,0.0000,0,0.0000,0.0000,0,0,0,0,0,0,0,0,0,0,0,0,0,0,0,0,0,0,0,0,0,0,0,0,0
WG_METRICS 153,256,768,1.0286,0.0075,0.0067,0.9750,0.0232,0.0162,256,768,196608,393216,201657.5000,403315.0000,0.0000,0,0.0000,0.0000,0,0.0000,0,0.0000,0.0000,0,0.0000,0.0000,0,0,0,0,0,0,0,0,0,0,0,0,0,0,0,0,0,0,0,0,0,0,0,0,0
WG_METRICS 154,256,768,1.0306,0.0075,0.0068,0.9769,0.0229,0.0165,256,768,196608,393216,201252.9219,402505.8438,0.0000,0,0.0000,0.0000,0,0.0000,0,0.0000,0.0000,0,0.0000,0.0000,0,0,0,0,0,0,0,0,0,0,0,0,0,0,0,0,0,0,0,0,0,0,0,0,0
WG_METRICS 155,256,768,1.0209,0.0087,0.0066,0.9730,0.0160,0.0166,256,768,196608,393216,202055.4219,404110.8438,0.0000,0,0.0000,0.0000,0,0.0000,0,0.0000,0.0000,0,0.0000,0.0000,0,0,0,0,0,0,0,0,0,0,0,0,0,0,0,0,0,0,0,0,0,0,0,0,0
WG_METRICS 156,256,768,1.0477,0.0100,0.0063,0.9921,0.0226,0.0166,256,768,196608,393216,198169.5781,396339.1562,0.0000,0,0.0000,0.0000,0,0.0000,0,0.0000,0.0000,0,0.0000,0.0000,0,0,0,0,0,0,0,0,0,0,0,0,0,0,0,0,0,0,0,0,0,0,0,0,0
WG_METRICS 157,256,768,1.0269,0.0076,0.0068,0.9813,0.0148,0.0166,256,768,196608,393216,200358.7031,400717.4062,0.0000,0,0.0000,0.0000,0,0.0000,0,0.0000,0.0000,0,0.0000,0.0000,0,0,0,0,0,0,0,0,0,0,0,0,0,0,0,0,0,0,0,0,0,0,0,0,0
WG_METRICS 158,256,768,1.0315,0.0078,0.0068,0.9862,0.0142,0.0164,256,768,196608,393216,199359.1562,398718.3125,0.0000,0,0.0000,0.0000,0,0.0000,0,0.0000,0.0000,0,0.0000,0.0000,0,0,0,0,0,0,0,0,0,0,0,0,0,0,0,0,0,0,0,0,0,0,0,0,0
WG_METRICS 159,256,768,1.0469,0.0080,0.0069,0.9929,0.0228,0.0163,256,768,196608,393216,198009.9062,396019.8125,0.0000,0,0.0000,0.0000,0,0.0000,0,0.0000,0.0000,0,0.0000,0.0000,0,0,0,0,0,0,0,0,0,0,0,0,0,0,0,0,0,0,0,0,0,0,0,0,0
WG_METRICS 160,256,768,1.0191,0.0075,0.0069,0.9739,0.0145,0.0162,256,768,196608,393216,201881.1406,403762.2812,0.0000,0,0.0000,0.0000,0,0.0000,0,0.0000,0.0000,0,0.0000,0.0000,0,0,0,0,0,0,0,0,0,0,0,0,0,0,0,0,0,0,0,0,0,0,0,0,0
WG_METRICS 161,256,768,1.0555,0.0078,0.0063,1.0098,0.0148,0.0169,256,768,196608,393216,194707.6562,389415.3125,0.0000,0,0.0000,0.0000,0,0.0000,0,0.0000,0.0000,0,0.0000,0.0000,0,0,0,0,0,0,0,0,0,0,0,0,0,0,0,0,0,0,0,0,0,0,0,0,0
WG_METRICS 162,256,768,1.0494,0.0076,0.0058,0.9972,0.0226,0.0162,256,768,196608,393216,197160.0469,394320.0938,0.0000,0,0.0000,0.0000,0,0.0000,0,0.0000,0.0000,0,0.0000,0.0000,0,0,0,0,0,0,0,0,0,0,0,0,0,0,0,0,0,0,0,0,0,0,0,0,0
WG_METRICS 163,256,768,1.0202,0.0076,0.0070,0.9748,0.0145,0.0163,256,768,196608,393216,201690.6094,403381.2188,0.0000,0,0.0000,0.0000,0,0.0000,0,0.0000,0.0000,0,0.0000,0.0000,0,0,0,0,0,0,0,0,0,0,0,0,0,0,0,0,0,0,0,0,0,0,0,0,0
WG_METRICS 164,256,768,1.0306,0.0094,0.0066,0.9750,0.0232,0.0164,256,768,196608,393216,201640.9531,403281.9062,0.0000,0,0.0000,0.0000,0,0.0000,0,0.0000,0.0000,0,0.0000,0.0000,0,0,0,0,0,0,0,0,0,0,0,0,0,0,0,0,0,0,0,0,0,0,0,0,0
WG_METRICS 165,256,768,1.0527,0.0076,0.0064,0.9985,0.0232,0.0170,256,768,196608,393216,196899.4062,393798.8125,0.0000,0,0.0000,0.0000,0,0.0000,0,0.0000,0.0000,0,0.0000,0.0000,0,0,0,0,0,0,0,0,0,0,0,0,0,0,0,0,0,0,0,0,0,0,0,0,0
WG_METRICS 166,256,768,1.0271,0.0076,0.0068,0.9722,0.0233,0.0172,256,768,196608,393216,202221.6719,404443.3438,0.0000,0,0.0000,0.0000,0,0.0000,0,0.0000,0.0000,0,0.0000,0.0000,0,0,0,0,0,0,0,0,0,0,0,0,0,0,0,0,0,0,0,0,0,0,0,0,0
WG_METRICS 167,256,768,1.0488,0.0084,0.0067,0.9936,0.0229,0.0172,256,768,196608,393216,197874.3906,395748.7812,0.0000,0,0.0000,0.0000,0,0.0000,0,0.0000,0.0000,0,0.0000,0.0000,0,0,0,0,0,0,0,0,0,0,0,0,0,0,0,0,0,0,0,0,0,0,0,0,0
WG_METRICS 168,256,768,1.0282,0.0077,0.0064,0.9792,0.0185,0.0164,256,768,196608,393216,200784.3125,401568.6250,0.0000,0,0.0000,0.0000,0,0.0000,0,0.0000,0.0000,0,0.0000,0.0000,0,0,0,0,0,0,0,0,0,0,0,0,0,0,0,0,0,0,0,0,0,0,0,0,0
WG_METRICS 169,256,768,1.0254,0.0076,0.0070,0.9796,0.0144,0.0168,256,768,196608,393216,200694.1250,401388.2500,0.0000,0,0.0000,0.0000,0,0.0000,0,0.0000,0.0000,0,0.0000,0.0000,0,0,0,0,0,0,0,0,0,0,0,0,0,0,0,0,0,0,0,0,0,0,0,0,0
WG_METRICS 170,256,768,1.0483,0.0079,0.0064,1.0077,0.0100,0.0163,256,768,196608,393216,195109.5469,390219.0938,0.0000,0,0.0000,0.0000,0,0.0000,0,0.0000,0.0000,0,0.0000,0.0000,0,0,0,0,0,0,0,0,0,0,0,0,0,0,0,0,0,0,0,0,0,0,0,0,0
WG_METRICS 171,256,768,1.0246,0.0076,0.0069,0.9788,0.0146,0.0167,256,768,196608,393216,200866.3750,401732.7500,0.0000,0,0.0000,0.0000,0,0.0000,0,0.0000,0.0000,0,0.0000,0.0000,0,0,0,0,0,0,0,0,0,0,0,0,0,0,0,0,0,0,0,0,0,0,0,0,0
WG_METRICS 172,256,768,1.0199,0.0076,0.0068,0.9788,0.0102,0.0164,256,768,196608,393216,200858.1562,401716.3125,0.0000,0,0.0000,0.0000,0,0.0000,0,0.0000,0.0000,0,0.0000,0.0000,0,0,0,0,0,0,0,0,0,0,0,0,0,0,0,0,0,0,0,0,0,0,0,0,0
WG_METRICS 173,256,768,1.0204,0.0078,0.0068,0.9740,0.0150,0.0168,256,768,196608,393216,201856.2656,403712.5312,0.0000,0,0.0000,0.0000,0,0.0000,0,0.0000,0.0000,0,0.0000,0.0000,0,0,0,0,0,0,0,0,0,0,0,0,0,0,0,0,0,0,0,0,0,0,0,0,0
WG_METRICS 174,256,768,1.0254,0.0078,0.0070,0.9842,0.0103,0.0162,256,768,196608,393216,199764.2812,399528.5625,0.0000,0,0.0000,0.0000,0,0.0000,0,0.0000,0.0000,0,0.0000,0.0000,0,0,0,0,0,0,0,0,0,0,0,0,0,0,0,0,0,0,0,0,0,0,0,0,0
WG_METRICS 175,256,768,1.0329,0.0076,0.0065,0.9793,0.0230,0.0166,256,768,196608,393216,200759.7188,401519.4375,0.0000,0,0.0000,0.0000,0,0.0000,0,0.0000,0.0000,0,0.0000,0.0000,0,0,0,0,0,0,0,0,0,0,0,0,0,0,0,0,0,0,0,0,0,0,0,0,0
WG_METRICS 176,256,768,1.0282,0.0077,0.0064,0.9822,0.0145,0.0174,256,768,196608,393216,200162.8906,400325.7812,0.0000,0,0.0000,0.0000,0,0.0000,0,0.0000,0.0000,0,0.0000,0.0000,0,0,0,0,0,0,0,0,0,0,0,0,0,0,0,0,0,0,0,0,0,0,0,0,0
WG_METRICS 177,256,768,1.0426,0.0075,0.0069,0.9973,0.0147,0.0162,256,768,196608,393216,197144.2344,394288.4688,0.0000,0,0.0000,0.0000,0,0.0000,0,0.0000,0.0000,0,0.0000,0.0000,0,0,0,0,0,0,0,0,0,0,0,0,0,0,0,0,0,0,0,0,0,0,0,0,0
WG_METRICS 178,256,768,1.0634,0.0076,0.0066,1.0190,0.0138,0.0164,256,768,196608,393216,192934.5312,385869.0625,0.0000,0,0.0000,0.0000,0,0.0000,0,0.0000,0.0000,0,0.0000,0.0000,0,0,0,0,0,0,0,0,0,0,0,0,0,0,0,0,0,0,0,0,0,0,0,0,0
WG_METRICS 179,256,768,1.0542,0.0078,0.0063,1.0007,0.0228,0.0165,256,768,196608,393216,196466.5469,392933.0938,0.0000,0,0.0000,0.0000,0,0.0000,0,0.0000,0.0000,0,0.0000,0.0000,0,0,0,0,0,0,0,0,0,0,0,0,0,0,0,0,0,0,0,0,0,0,0,0,0
WG_METRICS 180,256,768,1.0334,0.0077,0.0068,0.9780,0.0234,0.0175,256,768,196608,393216,201022.4531,402044.9062,0.0000,0,0.0000,0.0000,0,0.0000,0,0.0000,0.0000,0,0.0000,0.0000,0,0,0,0,0,0,0,0,0,0,0,0,0,0,0,0,0,0,0,0,0,0,0,0,0
WG_METRICS 181,256,768,1.0440,0.0077,0.0065,0.9992,0.0144,0.0162,256,768,196608,393216,196757.5469,393515.0938,0.0000,0,0.0000,0.0000,0,0.0000,0,0.0000,0.0000,0,0.0000,0.0000,0,0,0,0,0,0,0,0,0,0,0,0,0,0,0,0,0,0,0,0,0,0,0,0,0
WG_METRICS 182,256,768,1.0462,0.0101,0.0070,0.9981,0.0147,0.0164,256,768,196608,393216,196978.3125,393956.6250,0.0000,0,0.0000,0.0000,0,0.0000,0,0.0000,0.0000,0,0.0000,0.0000,0,0,0,0,0,0,0,0,0,0,0,0,0,0,0,0,0,0,0,0,0,0,0,0,0
WG_METRICS 183,256,768,1.0220,0.0077,0.0068,0.9804,0.0102,0.0169,256,768,196608,393216,200538.5469,401077.0938,0.0000,0,0.0000,0.0000,0,0.0000,0,0.0000,0.0000,0,0.0000,0.0000,0,0,0,0,0,0,0,0,0,0,0,0,0,0,0,0,0,0,0,0,0,0,0,0,0
WG_METRICS 184,256,768,1.0173,0.0077,0.0065,0.9724,0.0145,0.0162,256,768,196608,393216,202180.0781,404360.1562,0.0000,0,0.0000,0.0000,0,0.0000,0,0.0000,0.0000,0,0.0000,0.0000,0,0,0,0,0,0,0,0,0,0,0,0,0,0,0,0,0,0,0,0,0,0,0,0,0
WG_METRICS 185,256,768,1.0583,0.0076,0.0068,1.0037,0.0236,0.0166,256,768,196608,393216,195887.1406,391774.2812,0.0000,0,0.0000,0.0000,0,0.0000,0,0.0000,0.0000,0,0.0000,0.0000,0,0,0,0,0,0,0,0,0,0,0,0,0,0,0,0,0,0,0,0,0,0,0,0,0
WG_METRICS 186,256,768,1.0288,0.0078,0.0066,0.9841,0.0145,0.0158,256,768,196608,393216,199788.6250,399577.2500,0.0000,0,0.0000,0.0000,0,0.0000,0,0.0000,0.0000,0,0.0000,0.0000,0,0,0,0,0,0,0,0,0,0,0,0,0,0,0,0,0,0,0,0,0,0,0,0,0
WG_METRICS 187,256,768,1.0260,0.0098,0.0066,0.9706,0.0229,0.0160,256,768,196608,393216,202555.0156,405110.0312,0.0000,0,0.0000,0.0000,0,0.0000,0,0.0000,0.0000,0,0.0000,0.0000,0,0,0,0,0,0,0,0,0,0,0,0,0,0,0,0,0,0,0,0,0,0,0,0,0
WG_METRICS 188,256,768,1.0250,0.0079,0.0067,0.9705,0.0231,0.0168,256,768,196608,393216,202580.0625,405160.1250,0.0000,0,0.0000,0.0000,0,0.0000,0,0.0000,0.0000,0,0.0000,0.0000,0,0,0,0,0,0,0,0,0,0,0,0,0,0,0,0,0,0,0,0,0,0,0,0,0
WG_METRICS 189,256,768,1.0520,0.0077,0.0058,1.0165,0.0054,0.0166,256,768,196608,393216,193412.8125,386825.6250,0.0000,0,0.0000,0.0000,0,0.0000,0,0.0000,0.0000,0,0.0000,0.0000,0,0,0,0,0,0,0,0,0,0,0,0,0,0,0,0,0,0,0,0,0,0,0,0,0
WG_METRICS 190,256,768,1.0433,0.0075,0.0069,0.9904,0.0231,0.0154,256,768,196608,393216,198505.7188,397011.4375,0.0000,0,0.0000,0.0000,0,0.0000,0,0.0000,0.0000,0,0.0000,0.0000,0,0,0,0,0,0,0,0,0,0,0,0,0,0,0,0,0,0,0,0,0,0,0,0,0
WG_METRICS 191,256,768,1.0301,0.0076,0.0067,0.9766,0.0230,0.0162,256,768,196608,393216,201318.8594,402637.7188,0.0000,0,0.0000,0.0000,0,0.0000,0,0.0000,0.0000,0,0.0000,0.0000,0,0,0,0,0,0,0,0,0,0,0,0,0,0,0,0,0,0,0,0,0,0,0,0,0
WG_METRICS 192,256,768,1.0604,0.0078,0.0067,1.0057,0.0236,0.0165,256,768,196608,393216,195489.7969,390979.5938,0.0000,0,0.0000,0.0000,0,0.0000,0,0.0000,0.0000,0,0.0000,0.0000,0,0,0,0,0,0,0,0,0,0,0,0,0,0,0,0,0,0,0,0,0,0,0,0,0
WG_METRICS 193,256,768,1.0220,0.0076,0.0070,0.9767,0.0147,0.0161,256,768,196608,393216,201302.3750,402604.7500,0.0000,0,0.0000,0.0000,0,0.0000,0,0.0000,0.0000,0,0.0000,0.0000,0,0,0,0,0,0,0,0,0,0,0,0,0,0,0,0,0,0,0,0,0,0,0,0,0
WG_METRICS 194,256,768,1.0522,0.0076,0.0066,1.0155,0.0061,0.0165,256,768,196608,393216,193610.8906,387221.7812,0.0000,0,0.0000,0.0000,0,0.0000,0,0.0000,0.0000,0,0.0000,0.0000,0,0,0,0,0,0,0,0,0,0,0,0,0,0,0,0,0,0,0,0,0,0,0,0,0
WG_METRICS 195,256,768,1.0436,0.0078,0.0066,0.9888,0.0230,0.0174,256,768,196608,393216,198826.9062,397653.8125,0.0000,0,0.0000,0.0000,0,0.0000,0,0.0000,0.0000,0,0.0000,0.0000,0,0,0,0,0,0,0,0,0,0,0,0,0,0,0,0,0,0,0,0,0,0,0,0,0
WG_METRICS 196,256,768,1.0149,0.0070,0.0060,0.9710,0.0140,0.0169,256,768,196608,393216,202488.2500,404976.5000,0.0000,0,0.0000,0.0000,0,0.0000,0,0.0000,0.0000,0,0.0000,0.0000,0,0,0,0,0,0,0,0,0,0,0,0,0,0,0,0,0,0,0,0,0,0,0,0,0
WG_METRICS 197,256,768,1.0132,0.0077,0.0070,0.9712,0.0106,0.0168,256,768,196608,393216,202438.2188,404876.4375,0.0000,0,0.0000,0.0000,0,0.0000,0,0.0000,0.0000,0,0.0000,0.0000,0,0,0,0,0,0,0,0,0,0,0,0,0,0,0,0,0,0,0,0,0,0,0,0,0
WG_METRICS 198,256,768,1.0506,0.0076,0.0068,1.0095,0.0102,0.0163,256,768,196608,393216,194753.9375,389507.8750,0.0000,0,0.0000,0.0000,0,0.0000,0,0.0000,0.0000,0,0.0000,0.0000,0,0,0,0,0,0,0,0,0,0,0,0,0,0,0,0,0,0,0,0,0,0,0,0,0
WG_METRICS 199,256,768,1.0367,0.0084,0.0065,0.9823,0.0230,0.0164,256,768,196608,393216,200146.5938,400293.1875,0.0000,0,0.0000,0.0000,0,0.0000,0,0.0000,0.0000,0,0.0000,0.0000,0,0,0,0,0,0,0,0,0,0,0,0,0,0,0,0,0,0,0,0,0,0,0,0,0
WG_METRICS 200,256,768,1.0457,0.0075,0.0067,0.9918,0.0234,0.0163,256,768,196608,393216,198241.5000,396483.0000,0.0000,0,0.0000,0.0000,0,0.0000,0,0.0000,0.0000,0,0.0000,0.0000,0,0,0,0,0,0,0,0,0,0,0,0,0,0,0,0,0,0,0,0,0,0,0,0,0
WG_METRICS 201,256,768,1.0487,0.0078,0.0068,0.9942,0.0233,0.0166,256,768,196608,393216,197762.9375,395525.8750,0.0000,0,0.0000,0.0000,0,0.0000,0,0.0000,0.0000,0,0.0000,0.0000,0,0,0,0,0,0,0,0,0,0,0,0,0,0,0,0,0,0,0,0,0,0,0,0,0
WG_METRICS 202,256,768,1.0313,0.0078,0.0064,0.9858,0.0145,0.0168,256,768,196608,393216,199431.9531,398863.9062,0.0000,0,0.0000,0.0000,0,0.0000,0,0.0000,0.0000,0,0.0000,0.0000,0,0,0,0,0,0,0,0,0,0,0,0,0,0,0,0,0,0,0,0,0,0,0,0,0
WG_METRICS 203,256,768,1.0299,0.0079,0.0068,0.9757,0.0232,0.0163,256,768,196608,393216,201508.6875,403017.3750,0.0000,0,0.0000,0.0000,0,0.0000,0,0.0000,0.0000,0,0.0000,0.0000,0,0,0,0,0,0,0,0,0,0,0,0,0,0,0,0,0,0,0,0,0,0,0,0,0
WG_METRICS 204,256,768,1.0297,0.0077,0.0068,0.9848,0.0143,0.0162,256,768,196608,393216,199642.5781,399285.1562,0.0000,0,0.0000,0.0000,0,0.0000,0,0.0000,0.0000,0,0.0000,0.0000,0,0,0,0,0,0,0,0,0,0,0,0,0,0,0,0,0,0,0,0,0,0,0,0,0
WG_METRICS 205,256,768,1.0369,0.0073,0.0067,0.9840,0.0226,0.0163,256,768,196608,393216,199813.0000,399626.0000,0.0000,0,0.0000,0.0000,0,0.0000,0,0.0000,0.0000,0,0.0000,0.0000,0,0,0,0,0,0,0,0,0,0,0,0,0,0,0,0,0,0,0,0,0,0,0,0,0
WG_METRICS 206,256,768,1.0430,0.0080,0.0065,0.9882,0.0229,0.0174,256,768,196608,393216,198947.6250,397895.2500,0.0000,0,0.0000,0.0000,0,0.0000,0,0.0000,0.0000,0,0.0000,0.0000,0,0,0,0,0,0,0,0,0,0,0,0,0,0,0,0,0,0,0,0,0,0,0,0,0
WG_METRICS 207,256,768,1.0398,0.0076,0.0068,0.9859,0.0231,0.0164,256,768,196608,393216,199423.8594,398847.7188,0.0000,0,0.0000,0.0000,0,0.0000,0,0.0000,0.0000,0,0.0000,0.0000,0,0,0,0,0,0,0,0,0,0,0,0,0,0,0,0,0,0,0,0,0,0,0,0,0
WG_METRICS 208,256,768,1.0381,0.0077,0.0066,1.0008,0.0068,0.0162,256,768,196608,393216,196458.7031,392917.4062,0.0000,0,0.0000,0.0000,0,0.0000,0,0.0000,0.0000,0,0.0000,0.0000,0,0,0,0,0,0,0,0,0,0,0,0,0,0,0,0,0,0,0,0,0,0,0,0,0
WG_METRICS 209,256,768,1.0624,0.0075,0.0068,1.0084,0.0235,0.0162,256,768,196608,393216,194977.9844,389955.9688,0.0000,0,0.0000,0.0000,0,0.0000,0,0.0000,0.0000,0,0.0000,0.0000,0,0,0,0,0,0,0,0,0,0,0,0,0,0,0,0,0,0,0,0,0,0,0,0,0
WG_METRICS 210,256,768,8.5978,0.0076,0.0067,0.9785,0.0402,7.5647,256,768,196608,393216,200932.0625,401864.1250,0.0000,0,0.0000,0.0000,0,0.0000,0,0.0000,0.0000,0,0.0000,0.0000,0,0,0,0,0,0,0,0,0,0,0,0,0,0,0,0,0,0,0,0,0,0,0,0,0
WG_METRICS 211,256,768,1.0503,0.0079,0.0063,1.0054,0.0142,0.0165,256,768,196608,393216,195552.0312,391104.0625,0.0000,0,0.0000,0.0000,0,0.0000,0,0.0000,0.0000,0,0.0000,0.0000,0,0,0,0,0,0,0,0,0,0,0,0,0,0,0,0,0,0,0,0,0,0,0,0,0
WG_METRICS 212,256,768,1.0265,0.0077,0.0064,0.9816,0.0141,0.0167,256,768,196608,393216,200293.4062,400586.8125,0.0000,0,0.0000,0.0000,0,0.0000,0,0.0000,0.0000,0,0.0000,0.0000,0,0,0,0,0,0,0,0,0,0,0,0,0,0,0,0,0,0,0,0,0,0,0,0,0
WG_METRICS 213,256,768,1.0436,0.0076,0.0068,0.9990,0.0143,0.0159,256,768,196608,393216,196796.9219,393593.8438,0.0000,0,0.0000,0.0000,0,0.0000,0,0.0000,0.0000,0,0.0000,0.0000,0,0,0,0,0,0,0,0,0,0,0,0,0,0,0,0,0,0,0,0,0,0,0,0,0
WG_METRICS 214,256,768,1.0332,0.0100,0.0070,0.9768,0.0227,0.0167,256,768,196608,393216,201269.3906,402538.7812,0.0000,0,0.0000,0.0000,0,0.0000,0,0.0000,0.0000,0,0.0000,0.0000,0,0,0,0,0,0,0,0,0,0,0,0,0,0,0,0,0,0,0,0,0,0,0,0,0
WG_METRICS 215,256,768,1.0309,0.0085,0.0067,0.9852,0.0142,0.0162,256,768,196608,393216,199561.5156,399123.0312,0.0000,0,0.0000,0.0000,0,0.0000,0,0.0000,0.0000,0,0.0000,0.0000,0,0,0,0,0,0,0,0,0,0,0,0,0,0,0,0,0,0,0,0,0,0,0,0,0
WG_METRICS 216,256,768,1.0350,0.0072,0.0063,0.9818,0.0234,0.0162,256,768,196608,393216,200252.5938,400505.1875,0.0000,0,0.0000,0.0000,0,0.0000,0,0.0000,0.0000,0,0.0000,0.0000,0,0,0,0,0,0,0,0,0,0,0,0,0,0,0,0,0,0,0,0,0,0,0,0,0
WG_METRICS 217,256,768,1.0307,0.0078,0.0070,0.9758,0.0227,0.0174,256,768,196608,393216,201492.1719,402984.3438,0.0000,0,0.0000,0.0000,0,0.0000,0,0.0000,0.0000,0,0.0000,0.0000,0,0,0,0,0,0,0,0,0,0,0,0,0,0,0,0,0,0,0,0,0,0,0,0,0
WG_METRICS 218,256,768,1.0350,0.0077,0.0066,0.9910,0.0127,0.0171,256,768,196608,393216,198401.5469,396803.0938,0.0000,0,0.0000,0.0000,0,0.0000,0,0.0000,0.0000,0,0.0000,0.0000,0,0,0,0,0,0,0,0,0,0,0,0,0,0,0,0,0,0,0,0,0,0,0,0,0
WG_METRICS 219,256,768,1.0406,0.0076,0.0069,0.9951,0.0145,0.0165,256,768,196608,393216,197572.1562,395144.3125,0.0000,0,0.0000,0.0000,0,0.0000,0,0.0000,0.0000,0,0.0000,0.0000,0,0,0,0,0,0,0,0,0,0,0,0,0,0,0,0,0,0,0,0,0,0,0,0,0
WG_METRICS 220,256,768,1.0223,0.0077,0.0069,0.9764,0.0146,0.0168,256,768,196608,393216,201360.0938,402720.1875,0.0000,0,0.0000,0.0000,0,0.0000,0,0.0000,0.0000,0,0.0000,0.0000,0,0,0,0,0,0,0,0,0,0,0,0,0,0,0,0,0,0,0,0,0,0,0,0,0
WG_METRICS 221,256,768,1.0368,0.0079,0.0066,0.9810,0.0230,0.0183,256,768,196608,393216,200407.7344,400815.4688,0.0000,0,0.0000,0.0000,0,0.0000,0,0.0000,0.0000,0,0.0000,0.0000,0,0,0,0,0,0,0,0,0,0,0,0,0,0,0,0,0,0,0,0,0,0,0,0,0
WG_METRICS 222,256,768,1.0073,0.0075,0.0069,0.9618,0.0148,0.0162,256,768,196608,393216,204408.2188,408816.4375,0.0000,0,0.0000,0.0000,0,0.0000,0,0.0000,0.0000,0,0.0000,0.0000,0,0,0,0,0,0,0,0,0,0,0,0,0,0,0,0,0,0,0,0,0,0,0,0,0
WG_METRICS 223,256,768,1.0427,0.0078,0.0123,0.9822,0.0238,0.0167,256,768,196608,393216,200171.0469,400342.0938,0.0000,0,0.0000,0.0000,0,0.0000,0,0.0000,0.0000,0,0.0000,0.0000,0,0,0,0,0,0,0,0,0,0,0,0,0,0,0,0,0,0,0,0,0,0,0,0,0
WG_METRICS 224,256,768,1.0322,0.0076,0.0065,0.9832,0.0186,0.0164,256,768,196608,393216,199967.4531,399934.9062,0.0000,0,0.0000,0.0000,0,0.0000,0,0.0000,0.0000,0,0.0000,0.0000,0,0,0,0,0,0,0,0,0,0,0,0,0,0,0,0,0,0,0,0,0,0,0,0,0
WG_METRICS 225,256,768,1.0252,0.0076,0.0067,0.9803,0.0146,0.0160,256,768,196608,393216,200563.1094,401126.2188,0.0000,0,0.0000,0.0000,0,0.0000,0,0.0000,0.0000,0,0.0000,0.0000,0,0,0,0,0,0,0,0,0,0,0,0,0,0,0,0,0,0,0,0,0,0,0,0,0
WG_METRICS 226,256,768,1.0330,0.0079,0.0067,0.9792,0.0227,0.0165,256,768,196608,393216,200776.1094,401552.2188,0.0000,0,0.0000,0.0000,0,0.0000,0,0.0000,0.0000,0,0.0000,0.0000,0,0,0,0,0,0,0,0,0,0,0,0,0,0,0,0,0,0,0,0,0,0,0,0,0
WG_METRICS 227,256,768,1.0381,0.0077,0.0068,0.9836,0.0234,0.0166,256,768,196608,393216,199894.2500,399788.5000,0.0000,0,0.0000,0.0000,0,0.0000,0,0.0000,0.0000,0,0.0000,0.0000,0,0,0,0,0,0,0,0,0,0,0,0,0,0,0,0,0,0,0,0,0,0,0,0,0
WG_METRICS 228,256,768,1.0344,0.0102,0.0072,0.9861,0.0144,0.0165,256,768,196608,393216,199375.3281,398750.6562,0.0000,0,0.0000,0.0000,0,0.0000,0,0.0000,0.0000,0,0.0000,0.0000,0,0,0,0,0,0,0,0,0,0,0,0,0,0,0,0,0,0,0,0,0,0,0,0,0
WG_METRICS 229,256,768,1.0234,0.0077,0.0065,0.9779,0.0144,0.0169,256,768,196608,393216,201055.3438,402110.6875,0.0000,0,0.0000,0.0000,0,0.0000,0,0.0000,0.0000,0,0.0000,0.0000,0,0,0,0,0,0,0,0,0,0,0,0,0,0,0,0,0,0,0,0,0,0,0,0,0
WG_METRICS 230,256,768,1.0416,0.0076,0.0069,0.9968,0.0143,0.0160,256,768,196608,393216,197239.1719,394478.3438,0.0000,0,0.0000,0.0000,0,0.0000,0,0.0000,0.0000,0,0.0000,0.0000,0,0,0,0,0,0,0,0,0,0,0,0,0,0,0,0,0,0,0,0,0,0,0,0,0
WG_METRICS 231,256,768,1.0218,0.0082,0.0069,0.9749,0.0144,0.0173,256,768,196608,393216,201665.7812,403331.5625,0.0000,0,0.0000,0.0000,0,0.0000,0,0.0000,0.0000,0,0.0000,0.0000,0,0,0,0,0,0,0,0,0,0,0,0,0,0,0,0,0,0,0,0,0,0,0,0,0
WG_METRICS 232,256,768,1.0437,0.0074,0.0064,0.9906,0.0230,0.0162,256,768,196608,393216,198473.6562,396947.3125,0.0000,0,0.0000,0.0000,0,0.0000,0,0.0000,0.0000,0,0.0000,0.0000,0,0,0,0,0,0,0,0,0,0,0,0,0,0,0,0,0,0,0,0,0,0,0,0,0
WG_METRICS 233,256,768,1.0255,0.0078,0.0065,0.9792,0.0148,0.0171,256,768,196608,393216,200784.3125,401568.6250,0.0000,0,0.0000,0.0000,0,0.0000,0,0.0000,0.0000,0,0.0000,0.0000,0,0,0,0,0,0,0,0,0,0,0,0,0,0,0,0,0,0,0,0,0,0,0,0,0
WG_METRICS 234,256,768,1.0240,0.0076,0.0067,0.9791,0.0141,0.0165,256,768,196608,393216,200800.7188,401601.4375,0.0000,0,0.0000,0.0000,0,0.0000,0,0.0000,0.0000,0,0.0000,0.0000,0,0,0,0,0,0,0,0,0,0,0,0,0,0,0,0,0,0,0,0,0,0,0,0,0
WG_METRICS 235,256,768,1.0442,0.0078,0.0066,0.9907,0.0228,0.0164,256,768,196608,393216,198457.6250,396915.2500,0.0000,0,0.0000,0.0000,0,0.0000,0,0.0000,0.0000,0,0.0000,0.0000,0,0,0,0,0,0,0,0,0,0,0,0,0,0,0,0,0,0,0,0,0,0,0,0,0
WG_METRICS 236,256,768,1.0168,0.0075,0.0068,0.9714,0.0146,0.0164,256,768,196608,393216,202388.2031,404776.4062,0.0000,0,0.0000,0.0000,0,0.0000,0,0.0000,0.0000,0,0.0000,0.0000,0,0,0,0,0,0,0,0,0,0,0,0,0,0,0,0,0,0,0,0,0,0,0,0,0
WG_METRICS 237,256,768,1.0338,0.0075,0.0084,0.9782,0.0231,0.0165,256,768,196608,393216,200981.3594,401962.7188,0.0000,0,0.0000,0.0000,0,0.0000,0,0.0000,0.0000,0,0.0000,0.0000,0,0,0,0,0,0,0,0,0,0,0,0,0,0,0,0,0,0,0,0,0,0,0,0,0
WG_METRICS 238,256,768,1.0333,0.0078,0.0064,0.9801,0.0228,0.0162,256,768,196608,393216,200595.8438,401191.6875,0.0000,0,0.0000,0.0000,0,0.0000,0,0.0000,0.0000,0,0.0000,0.0000,0,0,0,0,0,0,0,0,0,0,0,0,0,0,0,0,0,0,0,0,0,0,0,0,0
WG_METRICS 239,256,768,1.0416,0.0078,0.0066,1.0052,0.0056,0.0165,256,768,196608,393216,195598.7188,391197.4375,0.0000,0,0.0000,0.0000,0,0.0000,0,0.0000,0.0000,0,0.0000,0.0000,0,0,0,0,0,0,0,0,0,0,0,0,0,0,0,0,0,0,0,0,0,0,0,0,0
WG_METRICS 240,256,768,1.0409,0.0076,0.0064,0.9872,0.0228,0.0169,256,768,196608,393216,199149.1406,398298.2812,0.0000,0,0.0000,0.0000,0,0.0000,0,0.0000,0.0000,0,0.0000,0.0000,0,0,0,0,0,0,0,0,0,0,0,0,0,0,0,0,0,0,0,0,0,0,0,0,0
WG_METRICS 241,256,768,1.0350,0.0078,0.0064,0.9821,0.0226,0.0161,256,768,196608,393216,200187.3594,400374.7188,0.0000,0,0.0000,0.0000,0,0.0000,0,0.0000,0.0000,0,0.0000,0.0000,0,0,0,0,0,0,0,0,0,0,0,0,0,0,0,0,0,0,0,0,0,0,0,0,0
WG_METRICS 242,256,768,1.0514,0.0082,0.0069,0.9965,0.0232,0.0166,256,768,196608,393216,197294.5938,394589.1875,0.0000,0,0.0000,0.0000,0,0.0000,0,0.0000,0.0000,0,0.0000,0.0000,0,0,0,0,0,0,0,0,0,0,0,0,0,0,0,0,0,0,0,0,0,0,0,0,0
WG_METRICS 243,256,768,1.0280,0.0079,0.0067,0.9722,0.0230,0.0181,256,768,196608,393216,202221.6719,404443.3438,0.0000,0,0.0000,0.0000,0,0.0000,0,0.0000,0.0000,0,0.0000,0.0000,0,0,0,0,0,0,0,0,0,0,0,0,0,0,0,0,0,0,0,0,0,0,0,0,0
WG_METRICS 244,256,768,1.0464,0.0073,0.0067,0.9919,0.0237,0.0167,256,768,196608,393216,198209.5312,396419.0625,0.0000,0,0.0000,0.0000,0,0.0000,0,0.0000,0.0000,0,0.0000,0.0000,0,0,0,0,0,0,0,0,0,0,0,0,0,0,0,0,0,0,0,0,0,0,0,0,0
WG_METRICS 245,256,768,1.0322,0.0079,0.0068,0.9866,0.0144,0.0164,256,768,196608,393216,199270.2500,398540.5000,0.0000,0,0.0000,0.0000,0,0.0000,0,0.0000,0.0000,0,0.0000,0.0000,0,0,0,0,0,0,0,0,0,0,0,0,0,0,0,0,0,0,0,0,0,0,0,0,0
WG_METRICS 246,256,768,1.0226,0.0075,0.0067,0.9777,0.0141,0.0165,256,768,196608,393216,201088.2344,402176.4688,0.0000,0,0.0000,0.0000,0,0.0000,0,0.0000,0.0000,0,0.0000,0.0000,0,0,0,0,0,0,0,0,0,0,0,0,0,0,0,0,0,0,0,0,0,0,0,0,0
WG_METRICS 247,256,768,1.0250,0.0083,0.0071,0.9703,0.0230,0.0163,256,768,196608,393216,202621.8125,405243.6250,0.0000,0,0.0000,0.0000,0,0.0000,0,0.0000,0.0000,0,0.0000,0.0000,0,0,0,0,0,0,0,0,0,0,0,0,0,0,0,0,0,0,0,0,0,0,0,0,0
WG_METRICS 248,256,768,1.0336,0.0082,0.0068,0.9881,0.0143,0.0162,256,768,196608,393216,198971.7812,397943.5625,0.0000,0,0.0000,0.0000,0,0.0000,0,0.0000,0.0000,0,0.0000,0.0000,0,0,0,0,0,0,0,0,0,0,0,0,0,0,0,0,0,0,0,0,0,0,0,0,0
WG_METRICS 249,256,768,1.0510,0.0076,0.0086,0.9945,0.0234,0.0169,256,768,196608,393216,197699.2969,395398.5938,0.0000,0,0.0000,0.0000,0,0.0000,0,0.0000,0.0000,0,0.0000,0.0000,0,0,0,0,0,0,0,0,0,0,0,0,0,0,0,0,0,0,0,0,0,0,0,0,0
WG_METRICS 250,256,768,1.0317,0.0079,0.0064,0.9866,0.0143,0.0165,256,768,196608,393216,199286.4062,398572.8125,0.0000,0,0.0000,0.0000,0,0.0000,0,0.0000,0.0000,0,0.0000,0.0000,0,0,0,0,0,0,0,0,0,0,0,0,0,0,0,0,0,0,0,0,0,0,0,0,0
WG_METRICS 251,256,768,1.0416,0.0077,0.0066,0.9960,0.0147,0.0168,256,768,196608,393216,197405.5156,394811.0312,0.0000,0,0.0000,0.0000,0,0.0000,0,0.0000,0.0000,0,0.0000,0.0000,0,0,0,0,0,0,0,0,0,0,0,0,0,0,0,0,0,0,0,0,0,0,0,0,0
WG_METRICS 252,256,768,1.0366,0.0094,0.0070,0.9812,0.0225,0.0166,256,768,196608,393216,200383.2188,400766.4375,0.0000,0,0.0000,0.0000,0,0.0000,0,0.0000,0.0000,0,0.0000,0.0000,0,0,0,0,0,0,0,0,0,0,0,0,0,0,0,0,0,0,0,0,0,0,0,0,0
WG_METRICS 253,256,768,1.0307,0.0075,0.0069,0.9854,0.0144,0.0165,256,768,196608,393216,199529.0938,399058.1875,0.0000,0,0.0000,0.0000,0,0.0000,0,0.0000,0.0000,0,0.0000,0.0000,0,0,0,0,0,0,0,0,0,0,0,0,0,0,0,0,0,0,0,0,0,0,0,0,0
WG_METRICS 254,256,768,1.0289,0.0077,0.0068,0.9754,0.0225,0.0166,256,768,196608,393216,201574.8125,403149.6250,0.0000,0,0.0000,0.0000,0,0.0000,0,0.0000,0.0000,0,0.0000,0.0000,0,0,0,0,0,0,0,0,0,0,0,0,0,0,0,0,0,0,0,0,0,0,0,0,0
WG_METRICS 255,256,768,1.0449,0.0076,0.0067,0.9913,0.0228,0.0164,256,768,196608,393216,198337.5000,396675.0000,0.0000,0,0.0000,0.0000,0,0.0000,0,0.0000,0.0000,0,0.0000,0.0000,0,0,0,0,0,0,0,0,0,0,0,0,0,0,0,0,0,0,0,0,0,0,0,0,0
WG_METRICS 256,256,768,1.0290,0.0076,0.0069,0.9837,0.0145,0.0163,256,768,196608,393216,199861.7500,399723.5000,0.0000,0,0.0000,0.0000,0,0.0000,0,0.0000,0.0000,0,0.0000,0.0000,0,0,0,0,0,0,0,0,0,0,0,0,0,0,0,0,0,0,0,0,0,0,0,0,0
WG_METRICS 257,256,768,1.0279,0.0078,0.0065,0.9738,0.0232,0.0165,256,768,196608,393216,201889.4219,403778.8438,0.0000,0,0.0000,0.0000,0,0.0000,0,0.0000,0.0000,0,0.0000,0.0000,0,0,0,0,0,0,0,0,0,0,0,0,0,0,0,0,0,0,0,0,0,0,0,0,0
WG_METRICS 258,256,768,1.0390,0.0076,0.0065,0.9852,0.0229,0.0168,256,768,196608,393216,199553.4062,399106.8125,0.0000,0,0.0000,0.0000,0,0.0000,0,0.0000,0.0000,0,0.0000,0.0000,0,0,0,0,0,0,0,0,0,0,0,0,0,0,0,0,0,0,0,0,0,0,0,0,0
WG_METRICS 259,256,768,1.0329,0.0076,0.0070,0.9868,0.0150,0.0164,256,768,196608,393216,199229.8594,398459.7188,0.0000,0,0.0000,0.0000,0,0.0000,0,0.0000,0.0000,0,0.0000,0.0000,0,0,0,0,0,0,0,0,0,0,0,0,0,0,0,0,0,0,0,0,0,0,0,0,0
WG_METRICS 260,256,768,1.0390,0.0078,0.0065,0.9852,0.0228,0.0166,256,768,196608,393216,199553.4062,399106.8125,0.0000,0,0.0000,0.0000,0,0.0000,0,0.0000,0.0000,0,0.0000,0.0000,0,0,0,0,0,0,0,0,0,0,0,0,0,0,0,0,0,0,0,0,0,0,0,0,0
WG_METRICS 261,256,768,1.0592,0.0077,0.0069,1.0054,0.0228,0.0165,256,768,196608,393216,195559.7969,391119.5938,0.0000,0,0.0000,0.0000,0,0.0000,0,0.0000,0.0000,0,0.0000,0.0000,0,0,0,0,0,0,0,0,0,0,0,0,0,0,0,0,0,0,0,0,0,0,0,0,0
WG_METRICS 262,256,768,1.0343,0.0078,0.0070,0.9874,0.0144,0.0177,256,768,196608,393216,199108.8125,398217.6250,0.0000,0,0.0000,0.0000,0,0.0000,0,0.0000,0.0000,0,0.0000,0.0000,0,0,0,0,0,0,0,0,0,0,0,0,0,0,0,0,0,0,0,0,0,0,0,0,0
WG_METRICS 263,256,768,1.0323,0.0079,0.0095,0.9753,0.0230,0.0165,256,768,196608,393216,201583.0781,403166.1562,0.0000,0,0.0000,0.0000,0,0.0000,0,0.0000,0.0000,0,0.0000,0.0000,0,0,0,0,0,0,0,0,0,0,0,0,0,0,0,0,0,0,0,0,0,0,0,0,0
WG_METRICS 264,256,768,1.0247,0.0077,0.0066,0.9796,0.0143,0.0164,256,768,196608,393216,200694.1250,401388.2500,0.0000,0,0.0000,0.0000,0,0.0000,0,0.0000,0.0000,0,0.0000,0.0000,0,0,0,0,0,0,0,0,0,0,0,0,0,0,0,0,0,0,0,0,0,0,0,0,0
WG_METRICS 265,256,768,1.0416,0.0076,0.0062,0.9881,0.0231,0.0166,256,768,196608,393216,198979.8281,397959.6562,0.0000,0,0.0000,0.0000,0,0.0000,0,0.0000,0.0000,0,0.0000,0.0000,0,0,0,0,0,0,0,0,0,0,0,0,0,0,0,0,0,0,0,0,0,0,0,0,0
WG_METRICS 266,256,768,1.0248,0.0075,0.0069,0.9798,0.0148,0.0158,256,768,196608,393216,200661.3594,401322.7188,0.0000,0,0.0000,0.0000,0,0.0000,0,0.0000,0.0000,0,0.0000,0.0000,0,0,0,0,0,0,0,0,0,0,0,0,0,0,0,0,0,0,0,0,0,0,0,0,0
WG_METRICS 267,256,768,1.0496,0.0077,0.0067,0.9955,0.0230,0.0166,256,768,196608,393216,197500.7031,395001.4062,0.0000,0,0.0000,0.0000,0,0.0000,0,0.0000,0.0000,0,0.0000,0.0000,0,0,0,0,0,0,0,0,0,0,0,0,0,0,0,0,0,0,0,0,0,0,0,0,0
WG_METRICS 268,256,768,1.0301,0.0077,0.0070,0.9840,0.0148,0.0167,256,768,196608,393216,199813.0000,399626.0000,0.0000,0,0.0000,0.0000,0,0.0000,0,0.0000,0.0000,0,0.0000,0.0000,0,0,0,0,0,0,0,0,0,0,0,0,0,0,0,0,0,0,0,0,0,0,0,0,0
WG_METRICS 269,256,768,1.0304,0.0079,0.0067,0.9807,0.0187,0.0164,256,768,196608,393216,200481.2969,400962.5938,0.0000,0,0.0000,0.0000,0,0.0000,0,0.0000,0.0000,0,0.0000,0.0000,0,0,0,0,0,0,0,0,0,0,0,0,0,0,0,0,0,0,0,0,0,0,0,0,0
WG_METRICS 270,256,768,1.0474,0.0076,0.0069,1.0016,0.0148,0.0164,256,768,196608,393216,196286.0938,392572.1875,0.0000,0,0.0000,0.0000,0,0.0000,0,0.0000,0.0000,0,0.0000,0.0000,0,0,0,0,0,0,0,0,0,0,0,0,0,0,0,0,0,0,0,0,0,0,0,0,0
WG_METRICS 271,256,768,1.0287,0.0076,0.0065,0.9750,0.0230,0.0166,256,768,196608,393216,201657.5000,403315.0000,0.0000,0,0.0000,0.0000,0,0.0000,0,0.0000,0.0000,0,0.0000,0.0000,0,0,0,0,0,0,0,0,0,0,0,0,0,0,0,0,0,0,0,0,0,0,0,0,0
WG_METRICS 272,256,768,1.0241,0.0076,0.0069,0.9787,0.0146,0.0162,256,768,196608,393216,200882.7812,401765.5625,0.0000,0,0.0000,0.0000,0,0.0000,0,0.0000,0.0000,0,0.0000,0.0000,0,0,0,0,0,0,0,0,0,0,0,0,0,0,0,0,0,0,0,0,0,0,0,0,0
WG_METRICS 273,256,768,1.0430,0.0077,0.0068,0.9992,0.0128,0.0164,256,768,196608,393216,196757.5469,393515.0938,0.0000,0,0.0000,0.0000,0,0.0000,0,0.0000,0.0000,0,0.0000,0.0000,0,0,0,0,0,0,0,0,0,0,0,0,0,0,0,0,0,0,0,0,0,0,0,0,0
WG_METRICS 274,256,768,1.0263,0.0075,0.0069,0.9811,0.0142,0.0166,256,768,196608,393216,200391.3906,400782.7812,0.0000,0,0.0000,0.0000,0,0.0000,0,0.0000,0.0000,0,0.0000,0.0000,0,0,0,0,0,0,0,0,0,0,0,0,0,0,0,0,0,0,0,0,0,0,0,0,0
WG_METRICS 275,256,768,1.0448,0.0075,0.0068,1.0087,0.0055,0.0163,256,768,196608,393216,194908.3906,389816.7812,0.0000,0,0.0000,0.0000,0,0.0000,0,0.0000,0.0000,0,0.0000,0.0000,0,0,0,0,0,0,0,0,0,0,0,0,0,0,0,0,0,0,0,0,0,0,0,0,0
WG_METRICS 276,256,768,1.0227,0.0076,0.0067,0.9774,0.0144,0.0164,256,768,196608,393216,201145.8438,402291.6875,0.0000,0,0.0000,0.0000,0,0.0000,0,0.0000,0.0000,0,0.0000,0.0000,0,0,0,0,0,0,0,0,0,0,0,0,0,0,0,0,0,0,0,0,0,0,0,0,0
WG_METRICS 277,256,768,1.0275,0.0078,0.0071,0.9814,0.0144,0.0167,256,768,196608,393216,200326.0469,400652.0938,0.0000,0,0.0000,0.0000,0,0.0000,0,0.0000,0.0000,0,0.0000,0.0000,0,0,0,0,0,0,0,0,0,0,0,0,0,0,0,0,0,0,0,0,0,0,0,0,0
WG_METRICS 278,256,768,1.0455,0.0075,0.0067,0.9912,0.0232,0.0170,256,768,196608,393216,198345.5000,396691.0000,0.0000,0,0.0000,0.0000,0,0.0000,0,0.0000,0.0000,0,0.0000,0.0000,0,0,0,0,0,0,0,0,0,0,0,0,0,0,0,0,0,0,0,0,0,0,0,0,0
WG_METRICS 279,256,768,1.0188,0.0076,0.0069,0.9736,0.0141,0.0166,256,768,196608,393216,201930.8906,403861.7812,0.0000,0,0.0000,0.0000,0,0.0000,0,0.0000,0.0000,0,0.0000,0.0000,0,0,0,0,0,0,0,0,0,0,0,0,0,0,0,0,0,0,0,0,0,0,0,0,0
WG_METRICS 280,256,768,1.0210,0.0076,0.0069,0.9752,0.0146,0.0166,256,768,196608,393216,201599.6094,403199.2188,0.0000,0,0.0000,0.0000,0,0.0000,0,0.0000,0.0000,0,0.0000,0.0000,0,0,0,0,0,0,0,0,0,0,0,0,0,0,0,0,0,0,0,0,0,0,0,0,0
WG_METRICS 281,256,768,1.0358,0.0076,0.0068,0.9815,0.0236,0.0163,256,768,196608,393216,200317.8906,400635.7812,0.0000,0,0.0000,0.0000,0,0.0000,0,0.0000,0.0000,0,0.0000,0.0000,0,0,0,0,0,0,0,0,0,0,0,0,0,0,0,0,0,0,0,0,0,0,0,0,0
WG_METRICS 282,256,768,1.0402,0.0074,0.0063,0.9952,0.0145,0.0168,256,768,196608,393216,197556.2812,395112.5625,0.0000,0,0.0000,0.0000,0,0.0000,0,0.0000,0.0000,0,0.0000,0.0000,0,0,0,0,0,0,0,0,0,0,0,0,0,0,0,0,0,0,0,0,0,0,0,0,0
WG_METRICS 283,256,768,1.0176,0.0076,0.0067,0.9722,0.0146,0.0165,256,768,196608,393216,202230.0000,404460.0000,0.0000,0,0.0000,0.0000,0,0.0000,0,0.0000,0.0000,0,0.0000,0.0000,0,0,0,0,0,0,0,0,0,0,0,0,0,0,0,0,0,0,0,0,0,0,0,0,0
WG_METRICS 284,256,768,1.0368,0.0082,0.0065,0.9821,0.0232,0.0168,256,768,196608,393216,200195.5000,400391.0000,0.0000,0,0.0000,0.0000,0,0.0000,0,0.0000,0.0000,0,0.0000,0.0000,0,0,0,0,0,0,0,0,0,0,0,0,0,0,0,0,0,0,0,0,0,0,0,0,0
WG_METRICS 285,256,768,1.0455,0.0080,0.0070,0.9997,0.0143,0.0165,256,768,196608,393216,196663.0625,393326.1250,0.0000,0,0.0000,0.0000,0,0.0000,0,0.0000,0.0000,0,0.0000,0.0000,0,0,0,0,0,0,0,0,0,0,0,0,0,0,0,0,0,0,0,0,0,0,0,0,0
WG_METRICS 286,256,768,1.0375,0.0077,0.0120,0.9868,0.0146,0.0166,256,768,196608,393216,199246.0156,398492.0312,0.0000,0,0.0000,0.0000,0,0.0000,0,0.0000,0.0000,0,0.0000,0.0000,0,0,0,0,0,0,0,0,0,0,0,0,0,0,0,0,0,0,0,0,0,0,0,0,0
WG_METRICS 287,256,768,1.0190,0.0078,0.0070,0.9714,0.0144,0.0185,256,768,196608,393216,202388.2031,404776.4062,0.0000,0,0.0000,0.0000,0,0.0000,0,0.0000,0.0000,0,0.0000,0.0000,0,0,0,0,0,0,0,0,0,0,0,0,0,0,0,0,0,0,0,0,0,0,0,0,0
WG_METRICS 288,256,768,1.0093,0.0077,0.0067,0.9649,0.0141,0.0160,256,768,196608,393216,203764.2031,407528.4062,0.0000,0,0.0000,0.0000,0,0.0000,0,0.0000,0.0000,0,0.0000,0.0000,0,0,0,0,0,0,0,0,0,0,0,0,0,0,0,0,0,0,0,0,0,0,0,0,0
WG_METRICS 289,256,768,1.0438,0.0079,0.0068,0.9970,0.0145,0.0177,256,768,196608,393216,197207.5156,394415.0312,0.0000,0,0.0000,0.0000,0,0.0000,0,0.0000,0.0000,0,0.0000,0.0000,0,0,0,0,0,0,0,0,0,0,0,0,0,0,0,0,0,0,0,0,0,0,0,0,0
WG_METRICS 290,256,768,1.0256,0.0076,0.0065,0.9901,0.0050,0.0162,256,768,196608,393216,198569.8750,397139.7500,0.0000,0,0.0000,0.0000,0,0.0000,0,0.0000,0.0000,0,0.0000,0.0000,0,0,0,0,0,0,0,0,0,0,0,0,0,0,0,0,0,0,0,0,0,0,0,0,0
WG_METRICS 291,256,768,1.0221,0.0077,0.0067,0.9769,0.0145,0.0164,256,768,196608,393216,201261.1562,402522.3125,0.0000,0,0.0000,0.0000,0,0.0000,0,0.0000,0.0000,0,0.0000,0.0000,0,0,0,0,0,0,0,0,0,0,0,0,0,0,0,0,0,0,0,0,0,0,0,0,0
WG_METRICS 292,256,768,1.0187,0.0076,0.0068,0.9730,0.0150,0.0164,256,768,196608,393216,202072.0312,404144.0625,0.0000,0,0.0000,0.0000,0,0.0000,0,0.0000,0.0000,0,0.0000,0.0000,0,0,0,0,0,0,0,0,0,0,0,0,0,0,0,0,0,0,0,0,0,0,0,0,0
WG_METRICS 293,256,768,1.0480,0.0076,0.0065,1.0041,0.0132,0.0166,256,768,196608,393216,195809.0938,391618.1875,0.0000,0,0.0000,0.0000,0,0.0000,0,0.0000,0.0000,0,0.0000,0.0000,0,0,0,0,0,0,0,0,0,0,0,0,0,0,0,0,0,0,0,0,0,0,0,0,0
WG_METRICS 294,256,768,1.0324,0.0076,0.0068,0.9869,0.0146,0.0164,256,768,196608,393216,199213.7188,398427.4375,0.0000,0,0.0000,0.0000,0,0.0000,0,0.0000,0.0000,0,0.0000,0.0000,0,0,0,0,0,0,0,0,0,0,0,0,0,0,0,0,0,0,0,0,0,0,0,0,0
WG_METRICS 295,256,768,1.0340,0.0076,0.0069,0.9887,0.0144,0.0164,256,768,196608,393216,198851.0469,397702.0938,0.0000,0,0.0000,0.0000,0,0.0000,0,0.0000,0.0000,0,0.0000,0.0000,0,0,0,0,0,0,0,0,0,0,0,0,0,0,0,0,0,0,0,0,0,0,0,0,0
WG_METRICS 296,256,768,1.0558,0.0075,0.0068,1.0112,0.0140,0.0164,256,768,196608,393216,194438.0625,388876.1250,0.0000,0,0.0000,0.0000,0,0.0000,0,0.0000,0.0000,0,0.0000,0.0000,0,0,0,0,0,0,0,0,0,0,0,0,0,0,0,0,0,0,0,0,0,0,0,0,0
WG_METRICS 297,256,768,1.0281,0.0078,0.0067,0.9823,0.0146,0.0168,256,768,196608,393216,200146.5938,400293.1875,0.0000,0,0.0000,0.0000,0,0.0000,0,0.0000,0.0000,0,0.0000,0.0000,0,0,0,0,0,0,0,0,0,0,0,0,0,0,0,0,0,0,0,0,0,0,0,0,0
WG_METRICS 298,256,768,1.0366,0.0076,0.0065,0.9831,0.0230,0.0164,256,768,196608,393216,199991.8594,399983.7188,0.0000,0,0.0000,0.0000,0,0.0000,0,0.0000,0.0000,0,0.0000,0.0000,0,0,0,0,0,0,0,0,0,0,0,0,0,0,0,0,0,0,0,0,0,0,0,0,0
WG_METRICS 299,256,768,1.0388,0.0077,0.0068,0.9846,0.0229,0.0168,256,768,196608,393216,199691.2344,399382.4688,0.0000,0,0.0000,0.0000,0,0.0000,0,0.0000,0.0000,0,0.0000,0.0000,0,0,0,0,0,0,0,0,0,0,0,0,0,0,0,0,0,0,0,0,0,0,0,0,0
WG_METRICS 300,256,768,1.0230,0.0072,0.0052,0.9788,0.0149,0.0169,256,768,196608,393216,200866.3750,401732.7500,0.0000,0,0.0000,0.0000,0,0.0000,0,0.0000,0.0000,0,0.0000,0.0000,0,0,0,0,0,0,0,0,0,0,0,0,0,0,0,0,0,0,0,0,0,0,0,0,0
WG_METRICS 301,256,768,1.0264,0.0076,0.0065,0.9816,0.0144,0.0163,256,768,196608,393216,200285.2344,400570.4688,0.0000,0,0.0000,0.0000,0,0.0000,0,0.0000,0.0000,0,0.0000,0.0000,0,0,0,0,0,0,0,0,0,0,0,0,0,0,0,0,0,0,0,0,0,0,0,0,0
WG_METRICS 302,256,768,1.1094,0.0077,0.0065,1.0675,0.0102,0.0176,256,768,196608,393216,184172.6562,368345.3125,0.0000,0,0.0000,0.0000,0,0.0000,0,0.0000,0.0000,0,0.0000,0.0000,0,0,0,0,0,0,0,0,0,0,0,0,0,0,0,0,0,0,0,0,0,0,0,0,0
WG_METRICS 303,256,768,1.0376,0.0081,0.0070,0.9850,0.0097,0.0278,256,768,196608,393216,199610.1250,399220.2500,0.0000,0,0.0000,0.0000,0,0.0000,0,0.0000,0.0000,0,0.0000,0.0000,0,0,0,0,0,0,0,0,0,0,0,0,0,0,0,0,0,0,0,0,0,0,0,0,0
WG_METRICS 304,256,768,1.0274,0.0078,0.0061,0.9821,0.0146,0.0168,256,768,196608,393216,200187.3594,400374.7188,0.0000,0,0.0000,0.0000,0,0.0000,0,0.0000,0.0000,0,0.0000,0.0000,0,0,0,0,0,0,0,0,0,0,0,0,0,0,0,0,0,0,0,0,0,0,0,0,0
WG_METRICS 305,256,768,1.0213,0.0077,0.0064,0.9762,0.0144,0.0165,256,768,196608,393216,201393.1094,402786.2188,0.0000,0,0.0000,0.0000,0,0.0000,0,0.0000,0.0000,0,0.0000,0.0000,0,0,0,0,0,0,0,0,0,0,0,0,0,0,0,0,0,0,0,0,0,0,0,0,0
WG_METRICS 306,256,768,1.0324,0.0076,0.0069,0.9868,0.0146,0.0165,256,768,196608,393216,199246.0156,398492.0312,0.0000,0,0.0000,0.0000,0,0.0000,0,0.0000,0.0000,0,0.0000,0.0000,0,0,0,0,0,0,0,0,0,0,0,0,0,0,0,0,0,0,0,0,0,0,0,0,0
WG_METRICS 307,256,768,1.0569,0.0076,0.0063,1.0032,0.0228,0.0170,256,768,196608,393216,195973.0469,391946.0938,0.0000,0,0.0000,0.0000,0,0.0000,0,0.0000,0.0000,0,0.0000,0.0000,0,0,0,0,0,0,0,0,0,0,0,0,0,0,0,0,0,0,0,0,0,0,0,0,0
WG_METRICS 308,256,768,1.0354,0.0076,0.0069,0.9902,0.0145,0.0162,256,768,196608,393216,198545.8125,397091.6250,0.0000,0,0.0000,0.0000,0,0.0000,0,0.0000,0.0000,0,0.0000,0.0000,0,0,0,0,0,0,0,0,0,0,0,0,0,0,0,0,0,0,0,0,0,0,0,0,0
WG_METRICS 309,256,768,1.0219,0.0077,0.0069,0.9673,0.0236,0.0164,256,768,196608,393216,203250.2188,406500.4375,0.0000,0,0.0000,0.0000,0,0.0000,0,0.0000,0.0000,0,0.0000,0.0000,0,0,0,0,0,0,0,0,0,0,0,0,0,0,0,0,0,0,0,0,0,0,0,0,0
WG_METRICS 310,256,768,1.0681,0.0078,0.0068,1.0136,0.0236,0.0164,256,768,196608,393216,193977.6562,387955.3125,0.0000,0,0.0000,0.0000,0,0.0000,0,0.0000,0.0000,0,0.0000,0.0000,0,0,0,0,0,0,0,0,0,0,0,0,0,0,0,0,0,0,0,0,0,0,0,0,0
WG_METRICS 311,256,768,1.0465,0.0076,0.0068,1.0002,0.0146,0.0172,256,768,196608,393216,196560.8281,393121.6562,0.0000,0,0.0000,0.0000,0,0.0000,0,0.0000,0.0000,0,0.0000,0.0000,0,0,0,0,0,0,0,0,0,0,0,0,0,0,0,0,0,0,0,0,0,0,0,0,0
WG_METRICS 312,256,768,1.0554,0.0079,0.0068,1.0004,0.0234,0.0169,256,768,196608,393216,196521.5312,393043.0625,0.0000,0,0.0000,0.0000,0,0.0000,0,0.0000,0.0000,0,0.0000,0.0000,0,0,0,0,0,0,0,0,0,0,0,0,0,0,0,0,0,0,0,0,0,0,0,0,0
WG_METRICS 313,256,768,1.0325,0.0076,0.0065,0.9877,0.0144,0.0164,256,768,196608,393216,199060.4219,398120.8438,0.0000,0,0.0000,0.0000,0,0.0000,0,0.0000,0.0000,0,0.0000,0.0000,0,0,0,0,0,0,0,0,0,0,0,0,0,0,0,0,0,0,0,0,0,0,0,0,0
WG_METRICS 314,256,768,1.0430,0.0076,0.0069,0.9956,0.0148,0.0181,256,768,196608,393216,197476.9062,394953.8125,0.0000,0,0.0000,0.0000,0,0.0000,0,0.0000,0.0000,0,0.0000,0.0000,0,0,0,0,0,0,0,0,0,0,0,0,0,0,0,0,0,0,0,0,0,0,0,0,0
WG_METRICS 315,256,768,1.0488,0.0078,0.0066,0.9952,0.0229,0.0164,256,768,196608,393216,197556.2812,395112.5625,0.0000,0,0.0000,0.0000,0,0.0000,0,0.0000,0.0000,0,0.0000,0.0000,0,0,0,0,0,0,0,0,0,0,0,0,0,0,0,0,0,0,0,0,0,0,0,0,0
WG_METRICS 316,256,768,1.0399,0.0076,0.0066,0.9942,0.0142,0.0173,256,768,196608,393216,197762.9375,395525.8750,0.0000,0,0.0000,0.0000,0,0.0000,0,0.0000,0.0000,0,0.0000,0.0000,0,0,0,0,0,0,0,0,0,0,0,0,0,0,0,0,0,0,0,0,0,0,0,0,0
WG_METRICS 317,256,768,1.0404,0.0076,0.0066,0.9868,0.0230,0.0164,256,768,196608,393216,199246.0156,398492.0312,0.0000,0,0.0000,0.0000,0,0.0000,0,0.0000,0.0000,0,0.0000,0.0000,0,0,0,0,0,0,0,0,0,0,0,0,0,0,0,0,0,0,0,0,0,0,0,0,0
WG_METRICS 318,256,768,1.0203,0.0077,0.0066,0.9748,0.0144,0.0168,256,768,196608,393216,201682.3281,403364.6562,0.0000,0,0.0000,0.0000,0,0.0000,0,0.0000,0.0000,0,0.0000,0.0000,0,0,0,0,0,0,0,0,0,0,0,0,0,0,0,0,0,0,0,0,0,0,0,0,0
WG_METRICS 319,256,768,1.0451,0.0077,0.0065,0.9919,0.0229,0.0162,256,768,196608,393216,198217.5312,396435.0625,0.0000,0,0.0000,0.0000,0,0.0000,0,0.0000,0.0000,0,0.0000,0.0000,0,0,0,0,0,0,0,0,0,0,0,0,0,0,0,0,0,0,0,0,0,0,0,0,0
WG_METRICS 320,256,768,1.0337,0.0076,0.0068,0.9880,0.0146,0.0167,256,768,196608,393216,199004.0156,398008.0312,0.0000,0,0.0000,0.0000,0,0.0000,0,0.0000,0.0000,0,0.0000,0.0000,0,0,0,0,0,0,0,0,0,0,0,0,0,0,0,0,0,0,0,0,0,0,0,0,0
WG_METRICS 321,256,768,1.0276,0.0077,0.0066,0.9826,0.0142,0.0165,256,768,196608,393216,200089.5625,400179.1250,0.0000,0,0.0000,0.0000,0,0.0000,0,0.0000,0.0000,0,0.0000,0.0000,0,0,0,0,0,0,0,0,0,0,0,0,0,0,0,0,0,0,0,0,0,0,0,0,0
WG_METRICS 322,256,768,1.0360,0.0077,0.0066,0.9908,0.0145,0.0164,256,768,196608,393216,198425.5781,396851.1562,0.0000,0,0.0000,0.0000,0,0.0000,0,0.0000,0.0000,0,0.0000,0.0000,0,0,0,0,0,0,0,0,0,0,0,0,0,0,0,0,0,0,0,0,0,0,0,0,0
WG_METRICS 323,256,768,1.0142,0.0076,0.0068,0.9687,0.0148,0.0162,256,768,196608,393216,202956.4688,405912.9375,0.0000,0,0.0000,0.0000,0,0.0000,0,0.0000,0.0000,0,0.0000,0.0000,0,0,0,0,0,0,0,0,0,0,0,0,0,0,0,0,0,0,0,0,0,0,0,0,0
WG_METRICS 324,256,768,1.0191,0.0077,0.0063,0.9743,0.0145,0.0164,256,768,196608,393216,201798.2500,403596.5000,0.0000,0,0.0000,0.0000,0,0.0000,0,0.0000,0.0000,0,0.0000,0.0000,0,0,0,0,0,0,0,0,0,0,0,0,0,0,0,0,0,0,0,0,0,0,0,0,0
WG_METRICS 325,256,768,1.0255,0.0079,0.0068,0.9802,0.0143,0.0163,256,768,196608,393216,200579.4688,401158.9375,0.0000,0,0.0000,0.0000,0,0.0000,0,0.0000,0.0000,0,0.0000,0.0000,0,0,0,0,0,0,0,0,0,0,0,0,0,0,0,0,0,0,0,0,0,0,0,0,0
WG_METRICS 326,256,768,1.0190,0.0077,0.0068,0.9740,0.0143,0.0163,256,768,196608,393216,201864.5625,403729.1250,0.0000,0,0.0000,0.0000,0,0.0000,0,0.0000,0.0000,0,0.0000,0.0000,0,0,0,0,0,0,0,0,0,0,0,0,0,0,0,0,0,0,0,0,0,0,0,0,0
WG_METRICS 327,256,768,1.0385,0.0078,0.0068,0.9930,0.0142,0.0167,256,768,196608,393216,198001.9375,396003.8750,0.0000,0,0.0000,0.0000,0,0.0000,0,0.0000,0.0000,0,0.0000,0.0000,0,0,0,0,0,0,0,0,0,0,0,0,0,0,0,0,0,0,0,0,0,0,0,0,0
WG_METRICS 328,256,768,1.0188,0.0078,0.0068,0.9736,0.0140,0.0165,256,768,196608,393216,201930.8906,403861.7812,0.0000,0,0.0000,0.0000,0,0.0000,0,0.0000,0.0000,0,0.0000,0.0000,0,0,0,0,0,0,0,0,0,0,0,0,0,0,0,0,0,0,0,0,0,0,0,0,0
WG_METRICS 329,256,768,1.0510,0.0076,0.0069,0.9969,0.0234,0.0162,256,768,196608,393216,197223.3438,394446.6875,0.0000,0,0.0000,0.0000,0,0.0000,0,0.0000,0.0000,0,0.0000,0.0000,0,0,0,0,0,0,0,0,0,0,0,0,0,0,0,0,0,0,0,0,0,0,0,0,0
WG_METRICS 330,256,768,1.0523,0.0076,0.0066,1.0076,0.0139,0.0166,256,768,196608,393216,195117.2969,390234.5938,0.0000,0,0.0000,0.0000,0,0.0000,0,0.0000,0.0000,0,0.0000,0.0000,0,0,0,0,0,0,0,0,0,0,0,0,0,0,0,0,0,0,0,0,0,0,0,0,0
WG_METRICS 331,256,768,1.0440,0.0075,0.0068,0.9905,0.0229,0.0162,256,768,196608,393216,198489.6875,396979.3750,0.0000,0,0.0000,0.0000,0,0.0000,0,0.0000,0.0000,0,0.0000,0.0000,0,0,0,0,0,0,0,0,0,0,0,0,0,0,0,0,0,0,0,0,0,0,0,0,0
WG_METRICS 332,256,768,1.0220,0.0077,0.0063,0.9768,0.0148,0.0163,256,768,196608,393216,201269.3906,402538.7812,0.0000,0,0.0000,0.0000,0,0.0000,0,0.0000,0.0000,0,0.0000,0.0000,0,0,0,0,0,0,0,0,0,0,0,0,0,0,0,0,0,0,0,0,0,0,0,0,0
WG_METRICS 333,256,768,1.0220,0.0077,0.0066,0.9770,0.0141,0.0165,256,768,196608,393216,201228.2031,402456.4062,0.0000,0,0.0000,0.0000,0,0.0000,0,0.0000,0.0000,0,0.0000,0.0000,0,0,0,0,0,0,0,0,0,0,0,0,0,0,0,0,0,0,0,0,0,0,0,0,0
WG_METRICS 334,256,768,1.0256,0.0076,0.0070,0.9798,0.0150,0.0163,256,768,196608,393216,200661.3594,401322.7188,0.0000,0,0.0000,0.0000,0,0.0000,0,0.0000,0.0000,0,0.0000,0.0000,0,0,0,0,0,0,0,0,0,0,0,0,0,0,0,0,0,0,0,0,0,0,0,0,0
WG_METRICS 335,256,768,1.0619,0.0074,0.0066,1.0080,0.0234,0.0166,256,768,196608,393216,195047.6094,390095.2188,0.0000,0,0.0000,0.0000,0,0.0000,0,0.0000,0.0000,0,0.0000,0.0000,0,0,0,0,0,0,0,0,0,0,0,0,0,0,0,0,0,0,0,0,0,0,0,0,0
WG_METRICS 336,256,768,1.0218,0.0077,0.0064,0.9771,0.0141,0.0165,256,768,196608,393216,201211.7344,402423.4688,0.0000,0,0.0000,0.0000,0,0.0000,0,0.0000,0.0000,0,0.0000,0.0000,0,0,0,0,0,0,0,0,0,0,0,0,0,0,0,0,0,0,0,0,0,0,0,0,0
WG_METRICS 337,256,768,1.0244,0.0082,0.0068,0.9786,0.0146,0.0164,256,768,196608,393216,200915.6406,401831.2812,0.0000,0,0.0000,0.0000,0,0.0000,0,0.0000,0.0000,0,0.0000,0.0000,0,0,0,0,0,0,0,0,0,0,0,0,0,0,0,0,0,0,0,0,0,0,0,0,0
WG_METRICS 338,256,768,1.0227,0.0076,0.0068,0.9769,0.0145,0.0169,256,768,196608,393216,201252.9219,402505.8438,0.0000,0,0.0000,0.0000,0,0.0000,0,0.0000,0.0000,0,0.0000,0.0000,0,0,0,0,0,0,0,0,0,0,0,0,0,0,0,0,0,0,0,0,0,0,0,0,0
WG_METRICS 339,256,768,1.0184,0.0075,0.0067,0.9738,0.0140,0.0165,256,768,196608,393216,201889.4219,403778.8438,0.0000,0,0.0000,0.0000,0,0.0000,0,0.0000,0.0000,0,0.0000,0.0000,0,0,0,0,0,0,0,0,0,0,0,0,0,0,0,0,0,0,0,0,0,0,0,0,0
WG_METRICS 340,256,768,1.0337,0.0078,0.0067,0.9924,0.0105,0.0164,256,768,196608,393216,198121.6562,396243.3125,0.0000,0,0.0000,0.0000,0,0.0000,0,0.0000,0.0000,0,0.0000,0.0000,0,0,0,0,0,0,0,0,0,0,0,0,0,0,0,0,0,0,0,0,0,0,0,0,0
WG_METRICS 341,256,768,1.0254,0.0076,0.0067,0.9795,0.0146,0.0170,256,768,196608,393216,200726.9062,401453.8125,0.0000,0,0.0000,0.0000,0,0.0000,0,0.0000,0.0000,0,0.0000,0.0000,0,0,0,0,0,0,0,0,0,0,0,0,0,0,0,0,0,0,0,0,0,0,0,0,0
WG_METRICS 342,256,768,1.0271,0.0073,0.0065,0.9827,0.0141,0.0164,256,768,196608,393216,200065.1250,400130.2500,0.0000,0,0.0000,0.0000,0,0.0000,0,0.0000,0.0000,0,0.0000,0.0000,0,0,0,0,0,0,0,0,0,0,0,0,0,0,0,0,0,0,0,0,0,0,0,0,0
WG_METRICS 343,256,768,1.0254,0.0075,0.0068,0.9801,0.0146,0.0164,256,768,196608,393216,200595.8438,401191.6875,0.0000,0,0.0000,0.0000,0,0.0000,0,0.0000,0.0000,0,0.0000,0.0000,0,0,0,0,0,0,0,0,0,0,0,0,0,0,0,0,0,0,0,0,0,0,0,0,0
WG_METRICS 344,256,768,1.0335,0.0077,0.0065,0.9876,0.0142,0.0174,256,768,196608,393216,199068.4844,398136.9688,0.0000,0,0.0000,0.0000,0,0.0000,0,0.0000,0.0000,0,0.0000,0.0000,0,0,0,0,0,0,0,0,0,0,0,0,0,0,0,0,0,0,0,0,0,0,0,0,0
WG_METRICS 345,256,768,1.0323,0.0076,0.0067,0.9788,0.0230,0.0162,256,768,196608,393216,200866.3750,401732.7500,0.0000,0,0.0000,0.0000,0,0.0000,0,0.0000,0.0000,0,0.0000,0.0000,0,0,0,0,0,0,0,0,0,0,0,0,0,0,0,0,0,0,0,0,0,0,0,0,0
WG_METRICS 346,256,768,1.0309,0.0077,0.0070,0.9856,0.0144,0.0163,256,768,196608,393216,199480.5156,398961.0312,0.0000,0,0.0000,0.0000,0,0.0000,0,0.0000,0.0000,0,0.0000,0.0000,0,0,0,0,0,0,0,0,0,0,0,0,0,0,0,0,0,0,0,0,0,0,0,0,0
WG_METRICS 347,256,768,1.0268,0.0076,0.0064,0.9826,0.0140,0.0163,256,768,196608,393216,200097.7031,400195.4062,0.0000,0,0.0000,0.0000,0,0.0000,0,0.0000,0.0000,0,0.0000,0.0000,0,0,0,0,0,0,0,0,0,0,0,0,0,0,0,0,0,0,0,0,0,0,0,0,0
WG_METRICS 348,256,768,1.0358,0.0078,0.0067,0.9809,0.0234,0.0171,256,768,196608,393216,200440.4219,400880.8438,0.0000,0,0.0000,0.0000,0,0.0000,0,0.0000,0.0000,0,0.0000,0.0000,0,0,0,0,0,0,0,0,0,0,0,0,0,0,0,0,0,0,0,0,0,0,0,0,0
WG_METRICS 349,256,768,1.0440,0.0076,0.0067,0.9901,0.0230,0.0166,256,768,196608,393216,198569.8750,397139.7500,0.0000,0,0.0000,0.0000,0,0.0000,0,0.0000,0.0000,0,0.0000,0.0000,0,0,0,0,0,0,0,0,0,0,0,0,0,0,0,0,0,0,0,0,0,0,0,0,0
WG_METRICS 350,256,768,1.0149,0.0082,0.0068,0.9783,0.0052,0.0164,256,768,196608,393216,200973.1406,401946.2812,0.0000,0,0.0000,0.0000,0,0.0000,0,0.0000,0.0000,0,0.0000,0.0000,0,0,0,0,0,0,0,0,0,0,0,0,0,0,0,0,0,0,0,0,0,0,0,0,0
WG_METRICS 351,256,768,1.0458,0.0077,0.0068,0.9914,0.0230,0.0169,256,768,196608,393216,198321.5000,396643.0000,0.0000,0,0.0000,0.0000,0,0.0000,0,0.0000,0.0000,0,0.0000,0.0000,0,0,0,0,0,0,0,0,0,0,0,0,0,0,0,0,0,0,0,0,0,0,0,0,0
WG_METRICS 352,256,768,1.0301,0.0073,0.0152,0.9769,0.0144,0.0164,256,768,196608,393216,201261.1562,402522.3125,0.0000,0,0.0000,0.0000,0,0.0000,0,0.0000,0.0000,0,0.0000,0.0000,0,0,0,0,0,0,0,0,0,0,0,0,0,0,0,0,0,0,0,0,0,0,0,0,0
WG_METRICS 353,256,768,1.0223,0.0075,0.0065,0.9689,0.0229,0.0165,256,768,196608,393216,202922.9688,405845.9375,0.0000,0,0.0000,0.0000,0,0.0000,0,0.0000,0.0000,0,0.0000,0.0000,0,0,0,0,0,0,0,0,0,0,0,0,0,0,0,0,0,0,0,0,0,0,0,0,0
WG_METRICS 354,256,768,1.0344,0.0076,0.0068,0.9811,0.0228,0.0162,256,768,196608,393216,200391.3906,400782.7812,0.0000,0,0.0000,0.0000,0,0.0000,0,0.0000,0.0000,0,0.0000,0.0000,0,0,0,0,0,0,0,0,0,0,0,0,0,0,0,0,0,0,0,0,0,0,0,0,0
WG_METRICS 355,256,768,1.0492,0.0080,0.0066,1.0034,0.0148,0.0164,256,768,196608,393216,195933.9844,391867.9688,0.0000,0,0.0000,0.0000,0,0.0000,0,0.0000,0.0000,0,0.0000,0.0000,0,0,0,0,0,0,0,0,0,0,0,0,0,0,0,0,0,0,0,0,0,0,0,0,0
WG_METRICS 356,256,768,1.0433,0.0075,0.0066,0.9899,0.0228,0.0165,256,768,196608,393216,198618.0156,397236.0312,0.0000,0,0.0000,0.0000,0,0.0000,0,0.0000,0.0000,0,0.0000,0.0000,0,0,0,0,0,0,0,0,0,0,0,0,0,0,0,0,0,0,0,0,0,0,0,0,0
WG_METRICS 357,256,768,1.0142,0.0076,0.0066,0.9696,0.0145,0.0158,256,768,196608,393216,202772.2656,405544.5312,0.0000,0,0.0000,0.0000,0,0.0000,0,0.0000,0.0000,0,0.0000,0.0000,0,0,0,0,0,0,0,0,0,0,0,0,0,0,0,0,0,0,0,0,0,0,0,0,0
WG_METRICS 358,256,768,1.0268,0.0076,0.0068,0.9735,0.0228,0.0160,256,768,196608,393216,201964.0938,403928.1875,0.0000,0,0.0000,0.0000,0,0.0000,0,0.0000,0.0000,0,0.0000,0.0000,0,0,0,0,0,0,0,0,0,0,0,0,0,0,0,0,0,0,0,0,0,0,0,0,0
WG_METRICS 359,256,768,1.0446,0.0079,0.0068,0.9903,0.0232,0.0165,256,768,196608,393216,198529.7656,397059.5312,0.0000,0,0.0000,0.0000,0,0.0000,0,0.0000,0.0000,0,0.0000,0.0000,0,0,0,0,0,0,0,0,0,0,0,0,0,0,0,0,0,0,0,0,0,0,0,0,0
WG_METRICS 360,256,768,1.0315,0.0076,0.0061,0.9876,0.0142,0.0160,256,768,196608,393216,199076.5469,398153.0938,0.0000,0,0.0000,0.0000,0,0.0000,0,0.0000,0.0000,0,0.0000,0.0000,0,0,0,0,0,0,0,0,0,0,0,0,0,0,0,0,0,0,0,0,0,0,0,0,0
WG_METRICS 361,256,768,1.0397,0.0078,0.0066,0.9936,0.0148,0.0168,256,768,196608,393216,197866.4219,395732.8438,0.0000,0,0.0000,0.0000,0,0.0000,0,0.0000,0.0000,0,0.0000,0.0000,0,0,0,0,0,0,0,0,0,0,0,0,0,0,0,0,0,0,0,0,0,0,0,0,0
WG_METRICS 362,256,768,1.0224,0.0076,0.0065,0.9779,0.0141,0.0163,256,768,196608,393216,201055.3438,402110.6875,0.0000,0,0.0000,0.0000,0,0.0000,0,0.0000,0.0000,0,0.0000,0.0000,0,0,0,0,0,0,0,0,0,0,0,0,0,0,0,0,0,0,0,0,0,0,0,0,0
WG_METRICS 363,256,768,1.0234,0.0076,0.0069,0.9787,0.0142,0.0160,256,768,196608,393216,200891.0000,401782.0000,0.0000,0,0.0000,0.0000,0,0.0000,0,0.0000,0.0000,0,0.0000,0.0000,0,0,0,0,0,0,0,0,0,0,0,0,0,0,0,0,0,0,0,0,0,0,0,0,0
WG_METRICS 364,256,768,1.0233,0.0075,0.0064,0.9700,0.0230,0.0164,256,768,196608,393216,202688.6562,405377.3125,0.0000,0,0.0000,0.0000,0,0.0000,0,0.0000,0.0000,0,0.0000,0.0000,0,0,0,0,0,0,0,0,0,0,0,0,0,0,0,0,0,0,0,0,0,0,0,0,0
WG_METRICS 365,256,768,1.0306,0.0076,0.0068,0.9764,0.0232,0.0167,256,768,196608,393216,201360.0938,402720.1875,0.0000,0,0.0000,0.0000,0,0.0000,0,0.0000,0.0000,0,0.0000,0.0000,0,0,0,0,0,0,0,0,0,0,0,0,0,0,0,0,0,0,0,0,0,0,0,0,0
WG_METRICS 366,256,768,1.0279,0.0070,0.0059,0.9756,0.0228,0.0166,256,768,196608,393216,201525.2188,403050.4375,0.0000,0,0.0000,0.0000,0,0.0000,0,0.0000,0.0000,0,0.0000,0.0000,0,0,0,0,0,0,0,0,0,0,0,0,0,0,0,0,0,0,0,0,0,0,0,0,0
WG_METRICS 367,256,768,1.0261,0.0077,0.0066,0.9734,0.0231,0.0154,256,768,196608,393216,201988.9844,403977.9688,0.0000,0,0.0000,0.0000,0,0.0000,0,0.0000,0.0000,0,0.0000,0.0000,0,0,0,0,0,0,0,0,0,0,0,0,0,0,0,0,0,0,0,0,0,0,0,0,0
WG_METRICS 368,256,768,1.0371,0.0095,0.0069,0.9813,0.0228,0.0166,256,768,196608,393216,200358.7031,400717.4062,0.0000,0,0.0000,0.0000,0,0.0000,0,0.0000,0.0000,0,0.0000,0.0000,0,0,0,0,0,0,0,0,0,0,0,0,0,0,0,0,0,0,0,0,0,0,0,0,0
WG_METRICS 369,256,768,1.0294,0.0075,0.0068,0.9759,0.0234,0.0158,256,768,196608,393216,201459.1250,402918.2500,0.0000,0,0.0000,0.0000,0,0.0000,0,0.0000,0.0000,0,0.0000,0.0000,0,0,0,0,0,0,0,0,0,0,0,0,0,0,0,0,0,0,0,0,0,0,0,0,0
WG_METRICS 370,256,768,1.0314,0.0076,0.0062,0.9904,0.0105,0.0166,256,768,196608,393216,198505.7188,397011.4375,0.0000,0,0.0000,0.0000,0,0.0000,0,0.0000,0.0000,0,0.0000,0.0000,0,0,0,0,0,0,0,0,0,0,0,0,0,0,0,0,0,0,0,0,0,0,0,0,0
WG_METRICS 371,256,768,1.0219,0.0099,0.0067,0.9785,0.0104,0.0164,256,768,196608,393216,200923.8438,401847.6875,0.0000,0,0.0000,0.0000,0,0.0000,0,0.0000,0.0000,0,0.0000,0.0000,0,0,0,0,0,0,0,0,0,0,0,0,0,0,0,0,0,0,0,0,0,0,0,0,0
WG_METRICS 372,256,768,1.0485,0.0077,0.0065,0.9947,0.0230,0.0166,256,768,196608,393216,197651.6094,395303.2188,0.0000,0,0.0000,0.0000,0,0.0000,0,0.0000,0.0000,0,0.0000,0.0000,0,0,0,0,0,0,0,0,0,0,0,0,0,0,0,0,0,0,0,0,0,0,0,0,0
WG_METRICS 373,256,768,1.0341,0.0078,0.0066,0.9809,0.0232,0.0156,256,768,196608,393216,200432.2500,400864.5000,0.0000,0,0.0000,0.0000,0,0.0000,0,0.0000,0.0000,0,0.0000,0.0000,0,0,0,0,0,0,0,0,0,0,0,0,0,0,0,0,0,0,0,0,0,0,0,0,0
WG_METRICS 374,256,768,1.0338,0.0076,0.0067,0.9806,0.0229,0.0161,256,768,196608,393216,200505.8281,401011.6562,0.0000,0,0.0000,0.0000,0,0.0000,0,0.0000,0.0000,0,0.0000,0.0000,0,0,0,0,0,0,0,0,0,0,0,0,0,0,0,0,0,0,0,0,0,0,0,0,0
WG_METRICS 375,256,768,1.0190,0.0074,0.0067,0.9739,0.0144,0.0166,256,768,196608,393216,201881.1406,403762.2812,0.0000,0,0.0000,0.0000,0,0.0000,0,0.0000,0.0000,0,0.0000,0.0000,0,0,0,0,0,0,0,0,0,0,0,0,0,0,0,0,0,0,0,0,0,0,0,0,0
WG_METRICS 376,256,768,1.0295,0.0076,0.0066,0.9753,0.0230,0.0171,256,768,196608,393216,201583.0781,403166.1562,0.0000,0,0.0000,0.0000,0,0.0000,0,0.0000,0.0000,0,0.0000,0.0000,0,0,0,0,0,0,0,0,0,0,0,0,0,0,0,0,0,0,0,0,0,0,0,0,0
WG_METRICS 377,256,768,1.0263,0.0077,0.0069,0.9820,0.0142,0.0156,256,768,196608,393216,200219.9688,400439.9375,0.0000,0,0.0000,0.0000,0,0.0000,0,0.0000,0.0000,0,0.0000,0.0000,0,0,0,0,0,0,0,0,0,0,0,0,0,0,0,0,0,0,0,0,0,0,0,0,0
WG_METRICS 378,256,768,1.0191,0.0083,0.0068,0.9728,0.0146,0.0166,256,768,196608,393216,202096.9531,404193.9062,0.0000,0,0.0000,0.0000,0,0.0000,0,0.0000,0.0000,0,0.0000,0.0000,0,0,0,0,0,0,0,0,0,0,0,0,0,0,0,0,0,0,0,0,0,0,0,0,0
WG_METRICS 379,256,768,1.0767,0.0073,0.0066,1.0410,0.0054,0.0163,256,768,196608,393216,188864.5469,377729.0938,0.0000,0,0.0000,0.0000,0,0.0000,0,0.0000,0.0000,0,0.0000,0.0000,0,0,0,0,0,0,0,0,0,0,0,0,0,0,0,0,0,0,0,0,0,0,0,0,0
WG_METRICS 380,256,768,1.0497,0.0072,0.0068,0.9953,0.0232,0.0172,256,768,196608,393216,197532.4531,395064.9062,0.0000,0,0.0000,0.0000,0,0.0000,0,0.0000,0.0000,0,0.0000,0.0000,0,0,0,0,0,0,0,0,0,0,0,0,0,0,0,0,0,0,0,0,0,0,0,0,0
WG_METRICS 381,256,768,1.0253,0.0076,0.0068,0.9809,0.0142,0.0158,256,768,196608,393216,200440.4219,400880.8438,0.0000,0,0.0000,0.0000,0,0.0000,0,0.0000,0.0000,0,0.0000,0.0000,0,0,0,0,0,0,0,0,0,0,0,0,0,0,0,0,0,0,0,0,0,0,0,0,0
WG_METRICS 382,256,768,1.0537,0.0082,0.0067,0.9995,0.0229,0.0164,256,768,196608,393216,196702.4219,393404.8438,0.0000,0,0.0000,0.0000,0,0.0000,0,0.0000,0.0000,0,0.0000,0.0000,0,0,0,0,0,0,0,0,0,0,0,0,0,0,0,0,0,0,0,0,0,0,0,0,0
WG_METRICS 383,256,768,1.0195,0.0075,0.0068,0.9781,0.0104,0.0166,256,768,196608,393216,201006.0000,402012.0000,0.0000,0,0.0000,0.0000,0,0.0000,0,0.0000,0.0000,0,0.0000,0.0000,0,0,0,0,0,0,0,0,0,0,0,0,0,0,0,0,0,0,0,0,0,0,0,0,0
WG_METRICS 384,256,768,1.0315,0.0076,0.0068,0.9784,0.0224,0.0164,256,768,196608,393216,200948.4844,401896.9688,0.0000,0,0.0000,0.0000,0,0.0000,0,0.0000,0.0000,0,0.0000,0.0000,0,0,0,0,0,0,0,0,0,0,0,0,0,0,0,0,0,0,0,0,0,0,0,0,0
WG_METRICS 385,256,768,1.0309,0.0076,0.0066,0.9778,0.0225,0.0163,256,768,196608,393216,201063.5625,402127.1250,0.0000,0,0.0000,0.0000,0,0.0000,0,0.0000,0.0000,0,0.0000,0.0000,0,0,0,0,0,0,0,0,0,0,0,0,0,0,0,0,0,0,0,0,0,0,0,0,0
WG_METRICS 386,256,768,1.0487,0.0075,0.0068,0.9960,0.0228,0.0156,256,768,196608,393216,197397.5938,394795.1875,0.0000,0,0.0000,0.0000,0,0.0000,0,0.0000,0.0000,0,0.0000,0.0000,0,0,0,0,0,0,0,0,0,0,0,0,0,0,0,0,0,0,0,0,0,0,0,0,0
WG_METRICS 387,256,768,1.0336,0.0080,0.0069,0.9833,0.0186,0.0168,256,768,196608,393216,199951.1875,399902.3750,0.0000,0,0.0000,0.0000,0,0.0000,0,0.0000,0.0000,0,0.0000,0.0000,0,0,0,0,0,0,0,0,0,0,0,0,0,0,0,0,0,0,0,0,0,0,0,0,0
WG_METRICS 388,256,768,1.0238,0.0078,0.0063,0.9706,0.0224,0.0166,256,768,196608,393216,202571.7031,405143.4062,0.0000,0,0.0000,0.0000,0,0.0000,0,0.0000,0.0000,0,0.0000,0.0000,0,0,0,0,0,0,0,0,0,0,0,0,0,0,0,0,0,0,0,0,0,0,0,0,0
WG_METRICS 389,256,768,1.0468,0.0078,0.0068,0.9916,0.0233,0.0173,256,768,196608,393216,198281.5000,396563.0000,0.0000,0,0.0000,0.0000,0,0.0000,0,0.0000,0.0000,0,0.0000,0.0000,0,0,0,0,0,0,0,0,0,0,0,0,0,0,0,0,0,0,0,0,0,0,0,0,0
WG_METRICS 390,256,768,1.0218,0.0074,0.0069,0.9688,0.0231,0.0154,256,768,196608,393216,202931.3438,405862.6875,0.0000,0,0.0000,0.0000,0,0.0000,0,0.0000,0.0000,0,0.0000,0.0000,0,0,0,0,0,0,0,0,0,0,0,0,0,0,0,0,0,0,0,0,0,0,0,0,0
WG_METRICS 391,256,768,1.0350,0.0078,0.0067,0.9810,0.0230,0.0166,256,768,196608,393216,200424.0781,400848.1562,0.0000,0,0.0000,0.0000,0,0.0000,0,0.0000,0.0000,0,0.0000,0.0000,0,0,0,0,0,0,0,0,0,0,0,0,0,0,0,0,0,0,0,0,0,0,0,0,0
WG_METRICS 392,256,768,1.0407,0.0080,0.0069,0.9863,0.0230,0.0166,256,768,196608,393216,199342.9844,398685.9688,0.0000,0,0.0000,0.0000,0,0.0000,0,0.0000,0.0000,0,0.0000,0.0000,0,0,0,0,0,0,0,0,0,0,0,0,0,0,0,0,0,0,0,0,0,0,0,0,0
WG_METRICS 393,256,768,1.0299,0.0076,0.0091,0.9829,0.0145,0.0158,256,768,196608,393216,200024.4219,400048.8438,0.0000,0,0.0000,0.0000,0,0.0000,0,0.0000,0.0000,0,0.0000,0.0000,0,0,0,0,0,0,0,0,0,0,0,0,0,0,0,0,0,0,0,0,0,0,0,0,0
WG_METRICS 394,256,768,1.0486,0.0074,0.0065,0.9954,0.0228,0.0166,256,768,196608,393216,197516.5781,395033.1562,0.0000,0,0.0000,0.0000,0,0.0000,0,0.0000,0.0000,0,0.0000,0.0000,0,0,0,0,0,0,0,0,0,0,0,0,0,0,0,0,0,0,0,0,0,0,0,0,0
WG_METRICS 395,256,768,1.0471,0.0075,0.0067,1.0062,0.0113,0.0154,256,768,196608,393216,195404.3125,390808.6250,0.0000,0,0.0000,0.0000,0,0.0000,0,0.0000,0.0000,0,0.0000,0.0000,0,0,0,0,0,0,0,0,0,0,0,0,0,0,0,0,0,0,0,0,0,0,0,0,0
WG_METRICS 396,256,768,1.0396,0.0079,0.0065,0.9859,0.0227,0.0166,256,768,196608,393216,199423.8594,398847.7188,0.0000,0,0.0000,0.0000,0,0.0000,0,0.0000,0.0000,0,0.0000,0.0000,0,0,0,0,0,0,0,0,0,0,0,0,0,0,0,0,0,0,0,0,0,0,0,0,0
WG_METRICS 397,256,768,1.0220,0.0108,0.0071,0.9729,0.0145,0.0167,256,768,196608,393216,202080.3281,404160.6562,0.0000,0,0.0000,0.0000,0,0.0000,0,0.0000,0.0000,0,0.0000,0.0000,0,0,0,0,0,0,0,0,0,0,0,0,0,0,0,0,0,0,0,0,0,0,0,0,0
WG_METRICS 398,256,768,1.0329,0.0076,0.0063,0.9804,0.0225,0.0162,256,768,196608,393216,200546.7500,401093.5000,0.0000,0,0.0000,0.0000,0,0.0000,0,0.0000,0.0000,0,0.0000,0.0000,0,0,0,0,0,0,0,0,0,0,0,0,0,0,0,0,0,0,0,0,0,0,0,0,0
WG_METRICS 399,256,768,1.0394,0.0076,0.0069,0.9852,0.0232,0.0164,256,768,196608,393216,199569.6094,399139.2188,0.0000,0,0.0000,0.0000,0,0.0000,0,0.0000,0.0000,0,0.0000,0.0000,0,0,0,0,0,0,0,0,0,0,0,0,0,0,0,0,0,0,0,0,0,0,0,0,0
WG_METRICS 400,256,768,1.0444,0.0077,0.0068,0.9907,0.0227,0.0164,256,768,196608,393216,198449.6250,396899.2500,0.0000,0,0.0000,0.0000,0,0.0000,0,0.0000,0.0000,0,0.0000,0.0000,0,0,0,0,0,0,0,0,0,0,0,0,0,0,0,0,0,0,0,0,0,0,0,0,0
WG_METRICS 401,256,768,1.0318,0.0091,0.0069,0.9763,0.0231,0.0164,256,768,196608,393216,201376.5938,402753.1875,0.0000,0,0.0000,0.0000,0,0.0000,0,0.0000,0.0000,0,0.0000,0.0000,0,0,0,0,0,0,0,0,0,0,0,0,0,0,0,0,0,0,0,0,0,0,0,0,0
WG_METRICS 402,256,768,1.0470,0.0078,0.0071,1.0016,0.0140,0.0164,256,768,196608,393216,196286.0938,392572.1875,0.0000,0,0.0000,0.0000,0,0.0000,0,0.0000,0.0000,0,0.0000,0.0000,0,0,0,0,0,0,0,0,0,0,0,0,0,0,0,0,0,0,0,0,0,0,0,0,0
WG_METRICS 403,256,768,1.0549,0.0076,0.0068,1.0009,0.0232,0.0164,256,768,196608,393216,196435.1406,392870.2812,0.0000,0,0.0000,0.0000,0,0.0000,0,0.0000,0.0000,0,0.0000,0.0000,0,0,0,0,0,0,0,0,0,0,0,0,0,0,0,0,0,0,0,0,0,0,0,0,0
WG_METRICS 404,256,768,1.0392,0.0078,0.0060,0.9856,0.0229,0.0170,256,768,196608,393216,199488.6094,398977.2188,0.0000,0,0.0000,0.0000,0,0.0000,0,0.0000,0.0000,0,0.0000,0.0000,0,0,0,0,0,0,0,0,0,0,0,0,0,0,0,0,0,0,0,0,0,0,0,0,0
WG_METRICS 405,256,768,1.0466,0.0076,0.0070,1.0009,0.0146,0.0165,256,768,196608,393216,196435.1406,392870.2812,0.0000,0,0.0000,0.0000,0,0.0000,0,0.0000,0.0000,0,0.0000,0.0000,0,0,0,0,0,0,0,0,0,0,0,0,0,0,0,0,0,0,0,0,0,0,0,0,0
WG_METRICS 406,256,768,1.0366,0.0078,0.0068,0.9824,0.0230,0.0166,256,768,196608,393216,200138.4375,400276.8750,0.0000,0,0.0000,0.0000,0,0.0000,0,0.0000,0.0000,0,0.0000,0.0000,0,0,0,0,0,0,0,0,0,0,0,0,0,0,0,0,0,0,0,0,0,0,0,0,0
WG_METRICS 407,256,768,1.0326,0.0077,0.0062,0.9784,0.0230,0.0173,256,768,196608,393216,200948.4844,401896.9688,0.0000,0,0.0000,0.0000,0,0.0000,0,0.0000,0.0000,0,0.0000,0.0000,0,0,0,0,0,0,0,0,0,0,0,0,0,0,0,0,0,0,0,0,0,0,0,0,0
WG_METRICS 408,256,768,1.0607,0.0078,0.0070,1.0064,0.0231,0.0164,256,768,196608,393216,195349.9375,390699.8750,0.0000,0,0.0000,0.0000,0,0.0000,0,0.0000,0.0000,0,0.0000,0.0000,0,0,0,0,0,0,0,0,0,0,0,0,0,0,0,0,0,0,0,0,0,0,0,0,0
WG_METRICS 409,256,768,1.0343,0.0079,0.0064,0.9806,0.0230,0.0163,256,768,196608,393216,200489.4844,400978.9688,0.0000,0,0.0000,0.0000,0,0.0000,0,0.0000,0.0000,0,0.0000,0.0000,0,0,0,0,0,0,0,0,0,0,0,0,0,0,0,0,0,0,0,0,0,0,0,0,0
WG_METRICS 410,256,768,1.0420,0.0079,0.0068,0.9968,0.0141,0.0165,256,768,196608,393216,197247.0781,394494.1562,0.0000,0,0.0000,0.0000,0,0.0000,0,0.0000,0.0000,0,0.0000,0.0000,0,0,0,0,0,0,0,0,0,0,0,0,0,0,0,0,0,0,0,0,0,0,0,0,0
WG_METRICS 411,256,768,1.0418,0.0076,0.0069,0.9964,0.0145,0.0164,256,768,196608,393216,197310.4219,394620.8438,0.0000,0,0.0000,0.0000,0,0.0000,0,0.0000,0.0000,0,0.0000,0.0000,0,0,0,0,0,0,0,0,0,0,0,0,0,0,0,0,0,0,0,0,0,0,0,0,0
WG_METRICS 412,256,768,1.0296,0.0079,0.0068,0.9846,0.0141,0.0163,256,768,196608,393216,199691.2344,399382.4688,0.0000,0,0.0000,0.0000,0,0.0000,0,0.0000,0.0000,0,0.0000,0.0000,0,0,0,0,0,0,0,0,0,0,0,0,0,0,0,0,0,0,0,0,0,0,0,0,0
WG_METRICS 413,256,768,1.0344,0.0075,0.0063,0.9813,0.0227,0.0166,256,768,196608,393216,200350.5469,400701.0938,0.0000,0,0.0000,0.0000,0,0.0000,0,0.0000,0.0000,0,0.0000,0.0000,0,0,0,0,0,0,0,0,0,0,0,0,0,0,0,0,0,0,0,0,0,0,0,0,0
WG_METRICS 414,256,768,1.0348,0.0075,0.0068,0.9814,0.0236,0.0156,256,768,196608,393216,200334.2188,400668.4375,0.0000,0,0.0000,0.0000,0,0.0000,0,0.0000,0.0000,0,0.0000,0.0000,0,0,0,0,0,0,0,0,0,0,0,0,0,0,0,0,0,0,0,0,0,0,0,0,0
WG_METRICS 415,256,768,1.0240,0.0076,0.0064,0.9710,0.0227,0.0162,256,768,196608,393216,202471.5781,404943.1562,0.0000,0,0.0000,0.0000,0,0.0000,0,0.0000,0.0000,0,0.0000,0.0000,0,0,0,0,0,0,0,0,0,0,0,0,0,0,0,0,0,0,0,0,0,0,0,0,0
WG_METRICS 416,256,768,1.0520,0.0073,0.0060,1.0075,0.0146,0.0165,256,768,196608,393216,195140.5469,390281.0938,0.0000,0,0.0000,0.0000,0,0.0000,0,0.0000,0.0000,0,0.0000,0.0000,0,0,0,0,0,0,0,0,0,0,0,0,0,0,0,0,0,0,0,0,0,0,0,0,0
WG_METRICS 417,256,768,1.0517,0.0077,0.0067,0.9976,0.0230,0.0166,256,768,196608,393216,197073.0938,394146.1875,0.0000,0,0.0000,0.0000,0,0.0000,0,0.0000,0.0000,0,0.0000,0.0000,0,0,0,0,0,0,0,0,0,0,0,0,0,0,0,0,0,0,0,0,0,0,0,0,0
WG_METRICS 418,256,768,1.0297,0.0104,0.0070,0.9905,0.0053,0.0165,256,768,196608,393216,198489.6875,396979.3750,0.0000,0,0.0000,0.0000,0,0.0000,0,0.0000,0.0000,0,0.0000,0.0000,0,0,0,0,0,0,0,0,0,0,0,0,0,0,0,0,0,0,0,0,0,0,0,0,0
WG_METRICS 419,256,768,1.0356,0.0079,0.0066,0.9819,0.0230,0.0162,256,768,196608,393216,200228.1250,400456.2500,0.0000,0,0.0000,0.0000,0,0.0000,0,0.0000,0.0000,0,0.0000,0.0000,0,0,0,0,0,0,0,0,0,0,0,0,0,0,0,0,0,0,0,0,0,0,0,0,0
WG_METRICS 420,256,768,1.0331,0.0074,0.0067,0.9805,0.0229,0.0156,256,768,196608,393216,200514.0156,401028.0312,0.0000,0,0.0000,0.0000,0,0.0000,0,0.0000,0.0000,0,0.0000,0.0000,0,0,0,0,0,0,0,0,0,0,0,0,0,0,0,0,0,0,0,0,0,0,0,0,0
WG_METRICS 421,256,768,1.0399,0.0076,0.0064,0.9962,0.0132,0.0166,256,768,196608,393216,197357.9531,394715.9062,0.0000,0,0.0000,0.0000,0,0.0000,0,0.0000,0.0000,0,0.0000,0.0000,0,0,0,0,0,0,0,0,0,0,0,0,0,0,0,0,0,0,0,0,0,0,0,0,0
WG_METRICS 422,256,768,1.0418,0.0076,0.0066,0.9883,0.0227,0.0166,256,768,196608,393216,198931.5156,397863.0312,0.0000,0,0.0000,0.0000,0,0.0000,0,0.0000,0.0000,0,0.0000,0.0000,0,0,0,0,0,0,0,0,0,0,0,0,0,0,0,0,0,0,0,0,0,0,0,0,0
WG_METRICS 423,256,768,1.0417,0.0076,0.0068,0.9877,0.0235,0.0161,256,768,196608,393216,199052.3594,398104.7188,0.0000,0,0.0000,0.0000,0,0.0000,0,0.0000,0.0000,0,0.0000,0.0000,0,0,0,0,0,0,0,0,0,0,0,0,0,0,0,0,0,0,0,0,0,0,0,0,0
WG_METRICS 424,256,768,1.0478,0.0076,0.0064,1.0025,0.0144,0.0168,256,768,196608,393216,196113.7969,392227.5938,0.0000,0,0.0000,0.0000,0,0.0000,0,0.0000,0.0000,0,0.0000,0.0000,0,0,0,0,0,0,0,0,0,0,0,0,0,0,0,0,0,0,0,0,0,0,0,0,0
WG_METRICS 425,256,768,1.0350,0.0078,0.0060,0.9816,0.0230,0.0165,256,768,196608,393216,200293.4062,400586.8125,0.0000,0,0.0000,0.0000,0,0.0000,0,0.0000,0.0000,0,0.0000,0.0000,0,0,0,0,0,0,0,0,0,0,0,0,0,0,0,0,0,0,0,0,0,0,0,0,0
WG_METRICS 426,256,768,1.0228,0.0074,0.0064,0.9782,0.0145,0.0163,256,768,196608,393216,200989.5625,401979.1250,0.0000,0,0.0000,0.0000,0,0.0000,0,0.0000,0.0000,0,0.0000,0.0000,0,0,0,0,0,0,0,0,0,0,0,0,0,0,0,0,0,0,0,0,0,0,0,0,0
WG_METRICS 427,256,768,1.0450,0.0077,0.0068,0.9907,0.0232,0.0166,256,768,196608,393216,198449.6250,396899.2500,0.0000,0,0.0000,0.0000,0,0.0000,0,0.0000,0.0000,0,0.0000,0.0000,0,0,0,0,0,0,0,0,0,0,0,0,0,0,0,0,0,0,0,0,0,0,0,0,0
WG_METRICS 428,256,768,1.0310,0.0078,0.0071,0.9853,0.0149,0.0159,256,768,196608,393216,199537.2188,399074.4375,0.0000,0,0.0000,0.0000,0,0.0000,0,0.0000,0.0000,0,0.0000,0.0000,0,0,0,0,0,0,0,0,0,0,0,0,0,0,0,0,0,0,0,0,0,0,0,0,0
WG_METRICS 429,256,768,1.0367,0.0075,0.0069,0.9821,0.0234,0.0168,256,768,196608,393216,200195.5000,400391.0000,0.0000,0,0.0000,0.0000,0,0.0000,0,0.0000,0.0000,0,0.0000,0.0000,0,0,0,0,0,0,0,0,0,0,0,0,0,0,0,0,0,0,0,0,0,0,0,0,0
WG_METRICS 430,256,768,1.0428,0.0076,0.0067,0.9891,0.0228,0.0166,256,768,196608,393216,198770.6250,397541.2500,0.0000,0,0.0000,0.0000,0,0.0000,0,0.0000,0.0000,0,0.0000,0.0000,0,0,0,0,0,0,0,0,0,0,0,0,0,0,0,0,0,0,0,0,0,0,0,0,0
WG_METRICS 431,256,768,1.0358,0.0078,0.0064,0.9819,0.0230,0.0167,256,768,196608,393216,200236.2812,400472.5625,0.0000,0,0.0000,0.0000,0,0.0000,0,0.0000,0.0000,0,0.0000,0.0000,0,0,0,0,0,0,0,0,0,0,0,0,0,0,0,0,0,0,0,0,0,0,0,0,0
WG_METRICS 432,256,768,1.0202,0.0078,0.0067,0.9749,0.0142,0.0165,256,768,196608,393216,201665.7812,403331.5625,0.0000,0,0.0000,0.0000,0,0.0000,0,0.0000,0.0000,0,0.0000,0.0000,0,0,0,0,0,0,0,0,0,0,0,0,0,0,0,0,0,0,0,0,0,0,0,0,0
WG_METRICS 433,256,768,1.0348,0.0076,0.0065,0.9813,0.0230,0.0164,256,768,196608,393216,200350.5469,400701.0938,0.0000,0,0.0000,0.0000,0,0.0000,0,0.0000,0.0000,0,0.0000,0.0000,0,0,0,0,0,0,0,0,0,0,0,0,0,0,0,0,0,0,0,0,0,0,0,0,0
WG_METRICS 434,256,768,1.0400,0.0075,0.0068,0.9863,0.0234,0.0160,256,768,196608,393216,199342.9844,398685.9688,0.0000,0,0.0000,0.0000,0,0.0000,0,0.0000,0.0000,0,0.0000,0.0000,0,0,0,0,0,0,0,0,0,0,0,0,0,0,0,0,0,0,0,0,0,0,0,0,0
WG_METRICS 435,256,768,1.0366,0.0098,0.0067,0.9810,0.0230,0.0161,256,768,196608,393216,200407.7344,400815.4688,0.0000,0,0.0000,0.0000,0,0.0000,0,0.0000,0.0000,0,0.0000,0.0000,0,0,0,0,0,0,0,0,0,0,0,0,0,0,0,0,0,0,0,0,0,0,0,0,0
WG_METRICS 436,256,768,1.0276,0.0076,0.0068,0.9739,0.0229,0.0164,256,768,196608,393216,201872.8438,403745.6875,0.0000,0,0.0000,0.0000,0,0.0000,0,0.0000,0.0000,0,0.0000,0.0000,0,0,0,0,0,0,0,0,0,0,0,0,0,0,0,0,0,0,0,0,0,0,0,0,0
WG_METRICS 437,256,768,1.0264,0.0076,0.0068,0.9724,0.0231,0.0164,256,768,196608,393216,202180.0781,404360.1562,0.0000,0,0.0000,0.0000,0,0.0000,0,0.0000,0.0000,0,0.0000,0.0000,0,0,0,0,0,0,0,0,0,0,0,0,0,0,0,0,0,0,0,0,0,0,0,0,0
WG_METRICS 438,256,768,1.0403,0.0080,0.0068,0.9861,0.0230,0.0164,256,768,196608,393216,199375.3281,398750.6562,0.0000,0,0.0000,0.0000,0,0.0000,0,0.0000,0.0000,0,0.0000,0.0000,0,0,0,0,0,0,0,0,0,0,0,0,0,0,0,0,0,0,0,0,0,0,0,0,0
WG_METRICS 439,256,768,1.0222,0.0076,0.0068,0.9812,0.0102,0.0164,256,768,196608,393216,200375.0625,400750.1250,0.0000,0,0.0000,0.0000,0,0.0000,0,0.0000,0.0000,0,0.0000,0.0000,0,0,0,0,0,0,0,0,0,0,0,0,0,0,0,0,0,0,0,0,0,0,0,0,0
WG_METRICS 440,256,768,1.0475,0.0076,0.0061,0.9941,0.0231,0.0166,256,768,196608,393216,197778.8438,395557.6875,0.0000,0,0.0000,0.0000,0,0.0000,0,0.0000,0.0000,0,0.0000,0.0000,0,0,0,0,0,0,0,0,0,0,0,0,0,0,0,0,0,0,0,0,0,0,0,0,0
WG_METRICS 441,256,768,1.0320,0.0075,0.0061,0.9788,0.0229,0.0166,256,768,196608,393216,200866.3750,401732.7500,0.0000,0,0.0000,0.0000,0,0.0000,0,0.0000,0.0000,0,0.0000,0.0000,0,0,0,0,0,0,0,0,0,0,0,0,0,0,0,0,0,0,0,0,0,0,0,0,0
WG_METRICS 442,256,768,1.0443,0.0076,0.0067,0.9908,0.0229,0.0162,256,768,196608,393216,198425.5781,396851.1562,0.0000,0,0.0000,0.0000,0,0.0000,0,0.0000,0.0000,0,0.0000,0.0000,0,0,0,0,0,0,0,0,0,0,0,0,0,0,0,0,0,0,0,0,0,0,0,0,0
WG_METRICS 443,256,768,1.0368,0.0101,0.0065,0.9804,0.0234,0.0164,256,768,196608,393216,200538.5469,401077.0938,0.0000,0,0.0000,0.0000,0,0.0000,0,0.0000,0.0000,0,0.0000,0.0000,0,0,0,0,0,0,0,0,0,0,0,0,0,0,0,0,0,0,0,0,0,0,0,0,0
WG_METRICS 444,256,768,1.0331,0.0076,0.0065,0.9799,0.0228,0.0162,256,768,196608,393216,200644.9844,401289.9688,0.0000,0,0.0000,0.0000,0,0.0000,0,0.0000,0.0000,0,0.0000,0.0000,0,0,0,0,0,0,0,0,0,0,0,0,0,0,0,0,0,0,0,0,0,0,0,0,0
WG_METRICS 445,256,768,1.0411,0.0104,0.0070,0.9848,0.0229,0.0160,256,768,196608,393216,199642.5781,399285.1562,0.0000,0,0.0000,0.0000,0,0.0000,0,0.0000,0.0000,0,0.0000,0.0000,0,0,0,0,0,0,0,0,0,0,0,0,0,0,0,0,0,0,0,0,0,0,0,0,0
WG_METRICS 446,256,768,1.0430,0.0075,0.0068,0.9886,0.0239,0.0162,256,768,196608,393216,198883.2188,397766.4375,0.0000,0,0.0000,0.0000,0,0.0000,0,0.0000,0.0000,0,0.0000,0.0000,0,0,0,0,0,0,0,0,0,0,0,0,0,0,0,0,0,0,0,0,0,0,0,0,0
WG_METRICS 447,256,768,1.0300,0.0076,0.0066,0.9767,0.0231,0.0160,256,768,196608,393216,201294.1250,402588.2500,0.0000,0,0.0000,0.0000,0,0.0000,0,0.0000,0.0000,0,0.0000,0.0000,0,0,0,0,0,0,0,0,0,0,0,0,0,0,0,0,0,0,0,0,0,0,0,0,0
WG_METRICS 448,256,768,1.0519,0.0080,0.0068,0.9980,0.0230,0.0161,256,768,196608,393216,196994.1094,393988.2188,0.0000,0,0.0000,0.0000,0,0.0000,0,0.0000,0.0000,0,0.0000,0.0000,0,0,0,0,0,0,0,0,0,0,0,0,0,0,0,0,0,0,0,0,0,0,0,0,0
WG_METRICS 449,256,768,1.0529,0.0083,0.0067,0.9991,0.0226,0.0162,256,768,196608,393216,196789.0469,393578.0938,0.0000,0,0.0000,0.0000,0,0.0000,0,0.0000,0.0000,0,0.0000,0.0000,0,0,0,0,0,0,0,0,0,0,0,0,0,0,0,0,0,0,0,0,0,0,0,0,0
WG_METRICS 450,256,768,1.0379,0.0078,0.0066,0.9922,0.0145,0.0168,256,768,196608,393216,198145.6094,396291.2188,0.0000,0,0.0000,0.0000,0,0.0000,0,0.0000,0.0000,0,0.0000,0.0000,0,0,0,0,0,0,0,0,0,0,0,0,0,0,0,0,0,0,0,0,0,0,0,0,0
WG_METRICS 451,256,768,1.0463,0.0075,0.0069,1.0008,0.0147,0.0164,256,768,196608,393216,196443.0000,392886.0000,0.0000,0,0.0000,0.0000,0,0.0000,0,0.0000,0.0000,0,0.0000,0.0000,0,0,0,0,0,0,0,0,0,0,0,0,0,0,0,0,0,0,0,0,0,0,0,0,0
WG_METRICS 452,256,768,1.0378,0.0081,0.0069,0.9844,0.0230,0.0154,256,768,196608,393216,199715.5625,399431.1250,0.0000,0,0.0000,0.0000,0,0.0000,0,0.0000,0.0000,0,0.0000,0.0000,0,0,0,0,0,0,0,0,0,0,0,0,0,0,0,0,0,0,0,0,0,0,0,0,0
WG_METRICS 453,256,768,1.0390,0.0076,0.0068,0.9853,0.0230,0.0163,256,768,196608,393216,199537.2188,399074.4375,0.0000,0,0.0000,0.0000,0,0.0000,0,0.0000,0.0000,0,0.0000,0.0000,0,0,0,0,0,0,0,0,0,0,0,0,0,0,0,0,0,0,0,0,0,0,0,0,0
WG_METRICS 454,256,768,1.0358,0.0078,0.0070,0.9817,0.0229,0.0164,256,768,196608,393216,200277.0781,400554.1562,0.0000,0,0.0000,0.0000,0,0.0000,0,0.0000,0.0000,0,0.0000,0.0000,0,0,0,0,0,0,0,0,0,0,0,0,0,0,0,0,0,0,0,0,0,0,0,0,0
WG_METRICS 455,256,768,1.0378,0.0076,0.0068,0.9839,0.0230,0.0164,256,768,196608,393216,199821.1250,399642.2500,0.0000,0,0.0000,0.0000,0,0.0000,0,0.0000,0.0000,0,0.0000,0.0000,0,0,0,0,0,0,0,0,0,0,0,0,0,0,0,0,0,0,0,0,0,0,0,0,0
WG_METRICS 456,256,768,1.0211,0.0076,0.0067,0.9844,0.0051,0.0172,256,768,196608,393216,199715.5625,399431.1250,0.0000,0,0.0000,0.0000,0,0.0000,0,0.0000,0.0000,0,0.0000,0.0000,0,0,0,0,0,0,0,0,0,0,0,0,0,0,0,0,0,0,0,0,0,0,0,0,0
WG_METRICS 457,256,768,1.0312,0.0078,0.0068,0.9772,0.0228,0.0166,256,768,196608,393216,201195.2500,402390.5000,0.0000,0,0.0000,0.0000,0,0.0000,0,0.0000,0.0000,0,0.0000,0.0000,0,0,0,0,0,0,0,0,0,0,0,0,0,0,0,0,0,0,0,0,0,0,0,0,0
WG_METRICS 458,256,768,1.0333,0.0079,0.0067,0.9881,0.0144,0.0162,256,768,196608,393216,198971.7812,397943.5625,0.0000,0,0.0000,0.0000,0,0.0000,0,0.0000,0.0000,0,0.0000,0.0000,0,0,0,0,0,0,0,0,0,0,0,0,0,0,0,0,0,0,0,0,0,0,0,0,0
WG_METRICS 459,256,768,1.0366,0.0076,0.0065,0.9831,0.0230,0.0164,256,768,196608,393216,199991.8594,399983.7188,0.0000,0,0.0000,0.0000,0,0.0000,0,0.0000,0.0000,0,0.0000,0.0000,0,0,0,0,0,0,0,0,0,0,0,0,0,0,0,0,0,0,0,0,0,0,0,0,0
WG_METRICS 460,256,768,1.0461,0.0075,0.0068,0.9930,0.0233,0.0155,256,768,196608,393216,197993.9688,395987.9375,0.0000,0,0.0000,0.0000,0,0.0000,0,0.0000,0.0000,0,0.0000,0.0000,0,0,0,0,0,0,0,0,0,0,0,0,0,0,0,0,0,0,0,0,0,0,0,0,0
WG_METRICS 461,256,768,1.0406,0.0074,0.0094,0.9846,0.0228,0.0163,256,768,196608,393216,199691.2344,399382.4688,0.0000,0,0.0000,0.0000,0,0.0000,0,0.0000,0.0000,0,0.0000,0.0000,0,0,0,0,0,0,0,0,0,0,0,0,0,0,0,0,0,0,0,0,0,0,0,0,0
WG_METRICS 462,256,768,1.0187,0.0075,0.0069,0.9732,0.0144,0.0166,256,768,196608,393216,202022.1875,404044.3750,0.0000,0,0.0000,0.0000,0,0.0000,0,0.0000,0.0000,0,0.0000,0.0000,0,0,0,0,0,0,0,0,0,0,0,0,0,0,0,0,0,0,0,0,0,0,0,0,0
WG_METRICS 463,256,768,1.0430,0.0093,0.0066,0.9870,0.0230,0.0172,256,768,196608,393216,199205.6406,398411.2812,0.0000,0,0.0000,0.0000,0,0.0000,0,0.0000,0.0000,0,0.0000,0.0000,0,0,0,0,0,0,0,0,0,0,0,0,0,0,0,0,0,0,0,0,0,0,0,0,0
WG_METRICS 464,256,768,1.0366,0.0077,0.0070,0.9824,0.0229,0.0166,256,768,196608,393216,200138.4375,400276.8750,0.0000,0,0.0000,0.0000,0,0.0000,0,0.0000,0.0000,0,0.0000,0.0000,0,0,0,0,0,0,0,0,0,0,0,0,0,0,0,0,0,0,0,0,0,0,0,0,0
WG_METRICS 465,256,768,1.0358,0.0077,0.0064,0.9903,0.0143,0.0172,256,768,196608,393216,198529.7656,397059.5312,0.0000,0,0.0000,0.0000,0,0.0000,0,0.0000,0.0000,0,0.0000,0.0000,0,0,0,0,0,0,0,0,0,0,0,0,0,0,0,0,0,0,0,0,0,0,0,0,0
WG_METRICS 466,256,768,1.0311,0.0075,0.0067,0.9856,0.0151,0.0162,256,768,196608,393216,199480.5156,398961.0312,0.0000,0,0.0000,0.0000,0,0.0000,0,0.0000,0.0000,0,0.0000,0.0000,0,0,0,0,0,0,0,0,0,0,0,0,0,0,0,0,0,0,0,0,0,0,0,0,0
WG_METRICS 467,256,768,1.0399,0.0077,0.0066,0.9861,0.0233,0.0163,256,768,196608,393216,199383.4219,398766.8438,0.0000,0,0.0000,0.0000,0,0.0000,0,0.0000,0.0000,0,0.0000,0.0000,0,0,0,0,0,0,0,0,0,0,0,0,0,0,0,0,0,0,0,0,0,0,0,0,0
WG_METRICS 468,256,768,1.0218,0.0077,0.0068,0.9766,0.0145,0.0161,256,768,196608,393216,201318.8594,402637.7188,0.0000,0,0.0000,0.0000,0,0.0000,0,0.0000,0.0000,0,0.0000,0.0000,0,0,0,0,0,0,0,0,0,0,0,0,0,0,0,0,0,0,0,0,0,0,0,0,0
WG_METRICS 469,256,768,1.0360,0.0077,0.0068,0.9818,0.0232,0.0166,256,768,196608,393216,200260.7500,400521.5000,0.0000,0,0.0000,0.0000,0,0.0000,0,0.0000,0.0000,0,0.0000,0.0000,0,0,0,0,0,0,0,0,0,0,0,0,0,0,0,0,0,0,0,0,0,0,0,0,0
WG_METRICS 470,256,768,1.0270,0.0078,0.0070,0.9812,0.0143,0.0167,256,768,196608,393216,200366.8906,400733.7812,0.0000,0,0.0000,0.0000,0,0.0000,0,0.0000,0.0000,0,0.0000,0.0000,0,0,0,0,0,0,0,0,0,0,0,0,0,0,0,0,0,0,0,0,0,0,0,0,0
WG_METRICS 471,256,768,1.0260,0.0077,0.0067,0.9702,0.0232,0.0181,256,768,196608,393216,202646.8750,405293.7500,0.0000,0,0.0000,0.0000,0,0.0000,0,0.0000,0.0000,0,0.0000,0.0000,0,0,0,0,0,0,0,0,0,0,0,0,0,0,0,0,0,0,0,0,0,0,0,0,0
WG_METRICS 472,256,768,1.0309,0.0077,0.0066,0.9764,0.0233,0.0169,256,768,196608,393216,201360.0938,402720.1875,0.0000,0,0.0000,0.0000,0,0.0000,0,0.0000,0.0000,0,0.0000,0.0000,0,0,0,0,0,0,0,0,0,0,0,0,0,0,0,0,0,0,0,0,0,0,0,0,0
WG_METRICS 473,256,768,1.0481,0.0080,0.0088,0.9917,0.0231,0.0165,256,768,196608,393216,198257.5000,396515.0000,0.0000,0,0.0000,0.0000,0,0.0000,0,0.0000,0.0000,0,0.0000,0.0000,0,0,0,0,0,0,0,0,0,0,0,0,0,0,0,0,0,0,0,0,0,0,0,0,0
WG_METRICS 474,256,768,1.0426,0.0100,0.0071,0.9860,0.0233,0.0162,256,768,196608,393216,199391.5000,398783.0000,0.0000,0,0.0000,0.0000,0,0.0000,0,0.0000,0.0000,0,0.0000,0.0000,0,0,0,0,0,0,0,0,0,0,0,0,0,0,0,0,0,0,0,0,0,0,0,0,0
WG_METRICS 475,256,768,1.0223,0.0076,0.0065,0.9773,0.0141,0.0167,256,768,196608,393216,201170.5469,402341.0938,0.0000,0,0.0000,0.0000,0,0.0000,0,0.0000,0.0000,0,0.0000,0.0000,0,0,0,0,0,0,0,0,0,0,0,0,0,0,0,0,0,0,0,0,0,0,0,0,0
WG_METRICS 476,256,768,1.0394,0.0076,0.0068,0.9944,0.0142,0.0164,256,768,196608,393216,197715.2031,395430.4062,0.0000,0,0.0000,0.0000,0,0.0000,0,0.0000,0.0000,0,0.0000,0.0000,0,0,0,0,0,0,0,0,0,0,0,0,0,0,0,0,0,0,0,0,0,0,0,0,0
WG_METRICS 477,256,768,1.0261,0.0078,0.0066,0.9806,0.0146,0.0166,256,768,196608,393216,200505.8281,401011.6562,0.0000,0,0.0000,0.0000,0,0.0000,0,0.0000,0.0000,0,0.0000,0.0000,0,0,0,0,0,0,0,0,0,0,0,0,0,0,0,0,0,0,0,0,0,0,0,0,0
WG_METRICS 478,256,768,1.0347,0.0076,0.0062,0.9812,0.0232,0.0165,256,768,196608,393216,200383.2188,400766.4375,0.0000,0,0.0000,0.0000,0,0.0000,0,0.0000,0.0000,0,0.0000,0.0000,0,0,0,0,0,0,0,0,0,0,0,0,0,0,0,0,0,0,0,0,0,0,0,0,0
WG_METRICS 479,256,768,1.0342,0.0077,0.0095,0.9764,0.0236,0.0170,256,768,196608,393216,201351.8438,402703.6875,0.0000,0,0.0000,0.0000,0,0.0000,0,0.0000,0.0000,0,0.0000,0.0000,0,0,0,0,0,0,0,0,0,0,0,0,0,0,0,0,0,0,0,0,0,0,0,0,0
WG_METRICS 480,256,768,1.0377,0.0076,0.0067,0.9845,0.0226,0.0162,256,768,196608,393216,199707.4531,399414.9062,0.0000,0,0.0000,0.0000,0,0.0000,0,0.0000,0.0000,0,0.0000,0.0000,0,0,0,0,0,0,0,0,0,0,0,0,0,0,0,0,0,0,0,0,0,0,0,0,0
WG_METRICS 481,256,768,1.0353,0.0077,0.0064,0.9814,0.0233,0.0166,256,768,196608,393216,200326.0469,400652.0938,0.0000,0,0.0000,0.0000,0,0.0000,0,0.0000,0.0000,0,0.0000,0.0000,0,0,0,0,0,0,0,0,0,0,0,0,0,0,0,0,0,0,0,0,0,0,0,0,0
WG_METRICS 482,256,768,1.0357,0.0077,0.0065,0.9826,0.0229,0.0161,256,768,196608,393216,200097.7031,400195.4062,0.0000,0,0.0000,0.0000,0,0.0000,0,0.0000,0.0000,0,0.0000,0.0000,0,0,0,0,0,0,0,0,0,0,0,0,0,0,0,0,0,0,0,0,0,0,0,0,0
WG_METRICS 483,256,768,1.0358,0.0078,0.0068,0.9813,0.0232,0.0167,256,768,196608,393216,200358.7031,400717.4062,0.0000,0,0.0000,0.0000,0,0.0000,0,0.0000,0.0000,0,0.0000,0.0000,0,0,0,0,0,0,0,0,0,0,0,0,0,0,0,0,0,0,0,0,0,0,0,0,0
WG_METRICS 484,256,768,1.0165,0.0076,0.0064,0.9741,0.0101,0.0183,256,768,196608,393216,201831.3906,403662.7812,0.0000,0,0.0000,0.0000,0,0.0000,0,0.0000,0.0000,0,0.0000,0.0000,0,0,0,0,0,0,0,0,0,0,0,0,0,0,0,0,0,0,0,0,0,0,0,0,0
WG_METRICS 485,256,768,1.0343,0.0077,0.0062,0.9808,0.0232,0.0164,256,768,196608,393216,200448.5938,400897.1875,0.0000,0,0.0000,0.0000,0,0.0000,0,0.0000,0.0000,0,0.0000,0.0000,0,0,0,0,0,0,0,0,0,0,0,0,0,0,0,0,0,0,0,0,0,0,0,0,0
WG_METRICS 486,256,768,1.0386,0.0074,0.0068,0.9942,0.0146,0.0156,256,768,196608,393216,197762.9375,395525.8750,0.0000,0,0.0000,0.0000,0,0.0000,0,0.0000,0.0000,0,0.0000,0.0000,0,0,0,0,0,0,0,0,0,0,0,0,0,0,0,0,0,0,0,0,0,0,0,0,0
WG_METRICS 487,256,768,1.0292,0.0076,0.0066,0.9753,0.0231,0.0165,256,768,196608,393216,201591.3438,403182.6875,0.0000,0,0.0000,0.0000,0,0.0000,0,0.0000,0.0000,0,0.0000,0.0000,0,0,0,0,0,0,0,0,0,0,0,0,0,0,0,0,0,0,0,0,0,0,0,0,0
WG_METRICS 488,256,768,1.0340,0.0077,0.0071,0.9798,0.0232,0.0163,256,768,196608,393216,200669.5469,401339.0938,0.0000,0,0.0000,0.0000,0,0.0000,0,0.0000,0.0000,0,0.0000,0.0000,0,0,0,0,0,0,0,0,0,0,0,0,0,0,0,0,0,0,0,0,0,0,0,0,0
WG_METRICS 489,256,768,1.0474,0.0076,0.0174,0.9826,0.0232,0.0166,256,768,196608,393216,200089.5625,400179.1250,0.0000,0,0.0000,0.0000,0,0.0000,0,0.0000,0.0000,0,0.0000,0.0000,0,0,0,0,0,0,0,0,0,0,0,0,0,0,0,0,0,0,0,0,0,0,0,0,0
WG_METRICS 490,256,768,1.0343,0.0079,0.0064,0.9811,0.0226,0.0163,256,768,196608,393216,200399.5625,400799.1250,0.0000,0,0.0000,0.0000,0,0.0000,0,0.0000,0.0000,0,0.0000,0.0000,0,0,0,0,0,0,0,0,0,0,0,0,0,0,0,0,0,0,0,0,0,0,0,0,0
WG_METRICS 491,256,768,1.0406,0.0076,0.0067,0.9870,0.0232,0.0160,256,768,196608,393216,199197.5781,398395.1562,0.0000,0,0.0000,0.0000,0,0.0000,0,0.0000,0.0000,0,0.0000,0.0000,0,0,0,0,0,0,0,0,0,0,0,0,0,0,0,0,0,0,0,0,0,0,0,0,0
WG_METRICS 492,256,768,1.0545,0.0079,0.0065,1.0010,0.0227,0.0165,256,768,196608,393216,196419.4375,392838.8750,0.0000,0,0.0000,0.0000,0,0.0000,0,0.0000,0.0000,0,0.0000,0.0000,0,0,0,0,0,0,0,0,0,0,0,0,0,0,0,0,0,0,0,0,0,0,0,0,0
WG_METRICS 493,256,768,1.0645,0.0100,0.0068,1.0082,0.0228,0.0166,256,768,196608,393216,195001.1875,390002.3750,0.0000,0,0.0000,0.0000,0,0.0000,0,0.0000,0.0000,0,0.0000,0.0000,0,0,0,0,0,0,0,0,0,0,0,0,0,0,0,0,0,0,0,0,0,0,0,0,0
WG_METRICS 494,256,768,1.0260,0.0075,0.0069,0.9720,0.0230,0.0166,256,768,196608,393216,202263.2812,404526.5625,0.0000,0,0.0000,0.0000,0,0.0000,0,0.0000,0.0000,0,0.0000,0.0000,0,0,0,0,0,0,0,0,0,0,0,0,0,0,0,0,0,0,0,0,0,0,0,0,0
WG_METRICS 495,256,768,1.0395,0.0086,0.0067,0.9848,0.0229,0.0165,256,768,196608,393216,199650.6719,399301.3438,0.0000,0,0.0000,0.0000,0,0.0000,0,0.0000,0.0000,0,0.0000,0.0000,0,0,0,0,0,0,0,0,0,0,0,0,0,0,0,0,0,0,0,0,0,0,0,0,0
WG_METRICS 496,256,768,1.0336,0.0076,0.0063,0.9804,0.0228,0.0165,256,768,196608,393216,200538.5469,401077.0938,0.0000,0,0.0000,0.0000,0,0.0000,0,0.0000,0.0000,0,0.0000,0.0000,0,0,0,0,0,0,0,0,0,0,0,0,0,0,0,0,0,0,0,0,0,0,0,0,0
WG_METRICS 497,256,768,1.0455,0.0076,0.0069,0.9914,0.0231,0.0165,256,768,196608,393216,198313.5000,396627.0000,0.0000,0,0.0000,0.0000,0,0.0000,0,0.0000,0.0000,0,0.0000,0.0000,0,0,0,0,0,0,0,0,0,0,0,0,0,0,0,0,0,0,0,0,0,0,0,0,0
WG_METRICS 498,256,768,1.0302,0.0084,0.0064,0.9850,0.0139,0.0165,256,768,196608,393216,199610.1250,399220.2500,0.0000,0,0.0000,0.0000,0,0.0000,0,0.0000,0.0000,0,0.0000,0.0000,0,0,0,0,0,0,0,0,0,0,0,0,0,0,0,0,0,0,0,0,0,0,0,0,0
WG_METRICS 499,256,768,1.0258,0.0075,0.0068,0.9806,0.0146,0.0163,256,768,196608,393216,200505.8281,401011.6562,0.0000,0,0.0000,0.0000,0,0.0000,0,0.0000,0.0000,0,0.0000,0.0000,0,0,0,0,0,0,0,0,0,0,0,0,0,0,0,0,0,0,0,0,0,0,0,0,0
WG_METRICS 500,256,768,1.0335,0.0076,0.0068,0.9801,0.0228,0.0163,256,768,196608,393216,200595.8438,401191.6875,0.0000,0,0.0000,0.0000,0,0.0000,0,0.0000,0.0000,0,0.0000,0.0000,0,0,0,0,0,0,0,0,0,0,0,0,0,0,0,0,0,0,0,0,0,0,0,0,0
WG_METRICS 501,256,768,1.0325,0.0076,0.0062,0.9881,0.0142,0.0164,256,768,196608,393216,198979.8281,397959.6562,0.0000,0,0.0000,0.0000,0,0.0000,0,0.0000,0.0000,0,0.0000,0.0000,0,0,0,0,0,0,0,0,0,0,0,0,0,0,0,0,0,0,0,0,0,0,0,0,0
WG_METRICS 502,256,768,1.0330,0.0076,0.0064,0.9883,0.0141,0.0166,256,768,196608,393216,198931.5156,397863.0312,0.0000,0,0.0000,0.0000,0,0.0000,0,0.0000,0.0000,0,0.0000,0.0000,0,0,0,0,0,0,0,0,0,0,0,0,0,0,0,0,0,0,0,0,0,0,0,0,0
WG_METRICS 503,256,768,1.0413,0.0075,0.0069,0.9870,0.0235,0.0164,256,768,196608,393216,199189.5000,398379.0000,0.0000,0,0.0000,0.0000,0,0.0000,0,0.0000,0.0000,0,0.0000,0.0000,0,0,0,0,0,0,0,0,0,0,0,0,0,0,0,0,0,0,0,0,0,0,0,0,0
WG_METRICS 504,256,768,1.0202,0.0077,0.0062,0.9756,0.0141,0.0165,256,768,196608,393216,201516.9531,403033.9062,0.0000,0,0.0000,0.0000,0,0.0000,0,0.0000,0.0000,0,0.0000,0.0000,0,0,0,0,0,0,0,0,0,0,0,0,0,0,0,0,0,0,0,0,0,0,0,0,0
WG_METRICS 505,256,768,1.0249,0.0076,0.0068,0.9797,0.0140,0.0167,256,768,196608,393216,200677.7500,401355.5000,0.0000,0,0.0000,0.0000,0,0.0000,0,0.0000,0.0000,0,0.0000,0.0000,0,0,0,0,0,0,0,0,0,0,0,0,0,0,0,0,0,0,0,0,0,0,0,0,0
WG_METRICS 506,256,768,1.0314,0.0076,0.0068,0.9868,0.0141,0.0162,256,768,196608,393216,199237.9375,398475.8750,0.0000,0,0.0000,0.0000,0,0.0000,0,0.0000,0.0000,0,0.0000,0.0000,0,0,0,0,0,0,0,0,0,0,0,0,0,0,0,0,0,0,0,0,0,0,0,0,0
WG_METRICS 507,256,768,1.0388,0.0076,0.0065,0.9932,0.0147,0.0168,256,768,196608,393216,197954.0938,395908.1875,0.0000,0,0.0000,0.0000,0,0.0000,0,0.0000,0.0000,0,0.0000,0.0000,0,0,0,0,0,0,0,0,0,0,0,0,0,0,0,0,0,0,0,0,0,0,0,0,0
WG_METRICS 508,256,768,1.0371,0.0076,0.0070,0.9912,0.0146,0.0166,256,768,196608,393216,198345.5000,396691.0000,0.0000,0,0.0000,0.0000,0,0.0000,0,0.0000,0.0000,0,0.0000,0.0000,0,0,0,0,0,0,0,0,0,0,0,0,0,0,0,0,0,0,0,0,0,0,0,0,0
WG_METRICS 509,256,768,1.0530,0.0077,0.0065,1.0071,0.0149,0.0168,256,768,196608,393216,195218.0469,390436.0938,0.0000,0,0.0000,0.0000,0,0.0000,0,0.0000,0.0000,0,0.0000,0.0000,0,0,0,0,0,0,0,0,0,0,0,0,0,0,0,0,0,0,0,0,0,0,0,0,0
WG_METRICS 510,256,768,1.0186,0.0077,0.0062,0.9736,0.0140,0.0170,256,768,196608,393216,201939.2031,403878.4062,0.0000,0,0.0000,0.0000,0,0.0000,0,0.0000,0.0000,0,0.0000,0.0000,0,0,0,0,0,0,0,0,0,0,0,0,0,0,0,0,0,0,0,0,0,0,0,0,0
WG_METRICS 511,256,768,1.0335,0.0079,0.0070,0.9916,0.0103,0.0167,256,768,196608,393216,198281.5000,396563.0000,0.0000,0,0.0000,0.0000,0,0.0000,0,0.0000,0.0000,0,0.0000,0.0000,0,0,0,0,0,0,0,0,0,0,0,0,0,0,0,0,0,0,0,0,0,0,0,0,0
WG_METRICS 512,256,768,1.0558,0.0085,0.0068,1.0002,0.0234,0.0168,256,768,196608,393216,196560.8281,393121.6562,0.0000,0,0.0000,0.0000,0,0.0000,0,0.0000,0.0000,0,0.0000,0.0000,0,0,0,0,0,0,0,0,0,0,0,0,0,0,0,0,0,0,0,0,0,0,0,0,0
WG_METRICS 513,256,768,1.0228,0.0077,0.0068,0.9776,0.0144,0.0163,256,768,196608,393216,201121.1562,402242.3125,0.0000,0,0.0000,0.0000,0,0.0000,0,0.0000,0.0000,0,0.0000,0.0000,0,0,0,0,0,0,0,0,0,0,0,0,0,0,0,0,0,0,0,0,0,0,0,0,0
WG_METRICS 514,256,768,1.0309,0.0075,0.0066,0.9906,0.0097,0.0165,256,768,196608,393216,198481.6719,396963.3438,0.0000,0,0.0000,0.0000,0,0.0000,0,0.0000,0.0000,0,0.0000,0.0000,0,0,0,0,0,0,0,0,0,0,0,0,0,0,0,0,0,0,0,0,0,0,0,0,0
WG_METRICS 515,256,768,1.0526,0.0076,0.0066,0.9989,0.0230,0.0166,256,768,196608,393216,196828.4375,393656.8750,0.0000,0,0.0000,0.0000,0,0.0000,0,0.0000,0.0000,0,0.0000,0.0000,0,0,0,0,0,0,0,0,0,0,0,0,0,0,0,0,0,0,0,0,0,0,0,0,0
WG_METRICS 516,256,768,1.0288,0.0077,0.0066,0.9748,0.0228,0.0170,256,768,196608,393216,201698.8750,403397.7500,0.0000,0,0.0000,0.0000,0,0.0000,0,0.0000,0.0000,0,0.0000,0.0000,0,0,0,0,0,0,0,0,0,0,0,0,0,0,0,0,0,0,0,0,0,0,0,0,0
WG_METRICS 517,256,768,1.0339,0.0076,0.0068,0.9794,0.0234,0.0166,256,768,196608,393216,200735.1250,401470.2500,0.0000,0,0.0000,0.0000,0,0.0000,0,0.0000,0.0000,0,0.0000,0.0000,0,0,0,0,0,0,0,0,0,0,0,0,0,0,0,0,0,0,0,0,0,0,0,0,0
WG_METRICS 518,256,768,1.0184,0.0076,0.0064,0.9738,0.0141,0.0164,256,768,196608,393216,201889.4219,403778.8438,0.0000,0,0.0000,0.0000,0,0.0000,0,0.0000,0.0000,0,0.0000,0.0000,0,0,0,0,0,0,0,0,0,0,0,0,0,0,0,0,0,0,0,0,0,0,0,0,0
WG_METRICS 519,256,768,1.0237,0.0076,0.0066,0.9786,0.0143,0.0166,256,768,196608,393216,200915.6406,401831.2812,0.0000,0,0.0000,0.0000,0,0.0000,0,0.0000,0.0000,0,0.0000,0.0000,0,0,0,0,0,0,0,0,0,0,0,0,0,0,0,0,0,0,0,0,0,0,0,0,0
WG_METRICS 520,256,768,1.0279,0.0078,0.0066,0.9815,0.0150,0.0170,256,768,196608,393216,200317.8906,400635.7812,0.0000,0,0.0000,0.0000,0,0.0000,0,0.0000,0.0000,0,0.0000,0.0000,0,0,0,0,0,0,0,0,0,0,0,0,0,0,0,0,0,0,0,0,0,0,0,0,0
WG_METRICS 521,256,768,1.0340,0.0075,0.0066,0.9938,0.0100,0.0162,256,768,196608,393216,197842.5469,395685.0938,0.0000,0,0.0000,0.0000,0,0.0000,0,0.0000,0.0000,0,0.0000,0.0000,0,0,0,0,0,0,0,0,0,0,0,0,0,0,0,0,0,0,0,0,0,0,0,0,0
WG_METRICS 522,256,768,1.0352,0.0075,0.0069,0.9808,0.0232,0.0168,256,768,196608,393216,200464.9531,400929.9062,0.0000,0,0.0000,0.0000,0,0.0000,0,0.0000,0.0000,0,0.0000,0.0000,0,0,0,0,0,0,0,0,0,0,0,0,0,0,0,0,0,0,0,0,0,0,0,0,0
WG_METRICS 523,256,768,1.0447,0.0078,0.0072,0.9988,0.0148,0.0162,256,768,196608,393216,196844.2188,393688.4375,0.0000,0,0.0000,0.0000,0,0.0000,0,0.0000,0.0000,0,0.0000,0.0000,0,0,0,0,0,0,0,0,0,0,0,0,0,0,0,0,0,0,0,0,0,0,0,0,0
WG_METRICS 524,256,768,1.0304,0.0076,0.0067,0.9774,0.0226,0.0161,256,768,196608,393216,201145.8438,402291.6875,0.0000,0,0.0000,0.0000,0,0.0000,0,0.0000,0.0000,0,0.0000,0.0000,0,0,0,0,0,0,0,0,0,0,0,0,0,0,0,0,0,0,0,0,0,0,0,0,0
WG_METRICS 525,256,768,1.0360,0.0103,0.0071,0.9791,0.0230,0.0165,256,768,196608,393216,200800.7188,401601.4375,0.0000,0,0.0000,0.0000,0,0.0000,0,0.0000,0.0000,0,0.0000,0.0000,0,0,0,0,0,0,0,0,0,0,0,0,0,0,0,0,0,0,0,0,0,0,0,0,0
WG_METRICS 526,256,768,1.0405,0.0077,0.0066,0.9870,0.0226,0.0166,256,768,196608,393216,199205.6406,398411.2812,0.0000,0,0.0000,0.0000,0,0.0000,0,0.0000,0.0000,0,0.0000,0.0000,0,0,0,0,0,0,0,0,0,0,0,0,0,0,0,0,0,0,0,0,0,0,0,0,0
WG_METRICS 527,256,768,1.0368,0.0084,0.0068,0.9824,0.0228,0.0164,256,768,196608,393216,200122.1406,400244.2812,0.0000,0,0.0000,0.0000,0,0.0000,0,0.0000,0.0000,0,0.0000,0.0000,0,0,0,0,0,0,0,0,0,0,0,0,0,0,0,0,0,0,0,0,0,0,0,0,0
WG_METRICS 528,256,768,1.0210,0.0077,0.0071,0.9755,0.0148,0.0159,256,768,196608,393216,201550.0000,403100.0000,0.0000,0,0.0000,0.0000,0,0.0000,0,0.0000,0.0000,0,0.0000,0.0000,0,0,0,0,0,0,0,0,0,0,0,0,0,0,0,0,0,0,0,0,0,0,0,0,0
WG_METRICS 529,256,768,1.0480,0.0084,0.0070,1.0016,0.0147,0.0164,256,768,196608,393216,196286.0938,392572.1875,0.0000,0,0.0000,0.0000,0,0.0000,0,0.0000,0.0000,0,0.0000,0.0000,0,0,0,0,0,0,0,0,0,0,0,0,0,0,0,0,0,0,0,0,0,0,0,0,0
WG_METRICS 530,256,768,1.0369,0.0088,0.0068,0.9820,0.0232,0.0162,256,768,196608,393216,200211.8125,400423.6250,0.0000,0,0.0000,0.0000,0,0.0000,0,0.0000,0.0000,0,0.0000,0.0000,0,0,0,0,0,0,0,0,0,0,0,0,0,0,0,0,0,0,0,0,0,0,0,0,0
WG_METRICS 531,256,768,1.0250,0.0076,0.0068,0.9716,0.0234,0.0156,256,768,196608,393216,202346.5469,404693.0938,0.0000,0,0.0000,0.0000,0,0.0000,0,0.0000,0.0000,0,0.0000,0.0000,0,0,0,0,0,0,0,0,0,0,0,0,0,0,0,0,0,0,0,0,0,0,0,0,0
WG_METRICS 532,256,768,1.0432,0.0100,0.0064,0.9878,0.0228,0.0163,256,768,196608,393216,199044.2969,398088.5938,0.0000,0,0.0000,0.0000,0,0.0000,0,0.0000,0.0000,0,0.0000,0.0000,0,0,0,0,0,0,0,0,0,0,0,0,0,0,0,0,0,0,0,0,0,0,0,0,0
WG_METRICS 533,256,768,1.0416,0.0079,0.0066,0.9873,0.0230,0.0168,256,768,196608,393216,199133.0000,398266.0000,0.0000,0,0.0000,0.0000,0,0.0000,0,0.0000,0.0000,0,0.0000,0.0000,0,0,0,0,0,0,0,0,0,0,0,0,0,0,0,0,0,0,0,0,0,0,0,0,0
WG_METRICS 534,256,768,1.0623,0.0075,0.0068,1.0178,0.0146,0.0156,256,768,196608,393216,193161.9844,386323.9688,0.0000,0,0.0000,0.0000,0,0.0000,0,0.0000,0.0000,0,0.0000,0.0000,0,0,0,0,0,0,0,0,0,0,0,0,0,0,0,0,0,0,0,0,0,0,0,0,0
WG_METRICS 535,256,768,1.0397,0.0079,0.0068,0.9855,0.0230,0.0165,256,768,196608,393216,199504.8125,399009.6250,0.0000,0,0.0000,0.0000,0,0.0000,0,0.0000,0.0000,0,0.0000,0.0000,0,0,0,0,0,0,0,0,0,0,0,0,0,0,0,0,0,0,0,0,0,0,0,0,0
WG_METRICS 536,256,768,1.0337,0.0081,0.0067,0.9803,0.0228,0.0158,256,768,196608,393216,200554.9219,401109.8438,0.0000,0,0.0000,0.0000,0,0.0000,0,0.0000,0.0000,0,0.0000,0.0000,0,0,0,0,0,0,0,0,0,0,0,0,0,0,0,0,0,0,0,0,0,0,0,0,0
WG_METRICS 537,256,768,1.0197,0.0076,0.0068,0.9753,0.0142,0.0159,256,768,196608,393216,201591.3438,403182.6875,0.0000,0,0.0000,0.0000,0,0.0000,0,0.0000,0.0000,0,0.0000,0.0000,0,0,0,0,0,0,0,0,0,0,0,0,0,0,0,0,0,0,0,0,0,0,0,0,0
WG_METRICS 538,256,768,1.0768,0.0074,0.0063,1.0232,0.0234,0.0164,256,768,196608,393216,192150.1094,384300.2188,0.0000,0,0.0000,0.0000,0,0.0000,0,0.0000,0.0000,0,0.0000,0.0000,0,0,0,0,0,0,0,0,0,0,0,0,0,0,0,0,0,0,0,0,0,0,0,0,0
WG_METRICS 539,256,768,1.0296,0.0076,0.0066,0.9766,0.0228,0.0160,256,768,196608,393216,201318.8594,402637.7188,0.0000,0,0.0000,0.0000,0,0.0000,0,0.0000,0.0000,0,0.0000,0.0000,0,0,0,0,0,0,0,0,0,0,0,0,0,0,0,0,0,0,0,0,0,0,0,0,0
WG_METRICS 540,256,768,1.0393,0.0075,0.0068,0.9850,0.0228,0.0172,256,768,196608,393216,199593.9219,399187.8438,0.0000,0,0.0000,0.0000,0,0.0000,0,0.0000,0.0000,0,0.0000,0.0000,0,0,0,0,0,0,0,0,0,0,0,0,0,0,0,0,0,0,0,0,0,0,0,0,0
WG_METRICS 541,256,768,1.0714,0.0083,0.0066,0.9632,0.0450,0.0482,256,768,196608,393216,204111.1250,408222.2500,0.0000,0,0.0000,0.0000,0,0.0000,0,0.0000,0.0000,0,0.0000,0.0000,0,0,0,0,0,0,0,0,0,0,0,0,0,0,0,0,0,0,0,0,0,0,0,0,0
WG_METRICS 542,256,768,1.0477,0.0074,0.0068,0.9950,0.0228,0.0156,256,768,196608,393216,197603.9219,395207.8438,0.0000,0,0.0000,0.0000,0,0.0000,0,0.0000,0.0000,0,0.0000,0.0000,0,0,0,0,0,0,0,0,0,0,0,0,0,0,0,0,0,0,0,0,0,0,0,0,0
WG_METRICS 543,256,768,1.0339,0.0105,0.0067,0.9773,0.0228,0.0166,256,768,196608,393216,201178.7812,402357.5625,0.0000,0,0.0000,0.0000,0,0.0000,0,0.0000,0.0000,0,0.0000,0.0000,0,0,0,0,0,0,0,0,0,0,0,0,0,0,0,0,0,0,0,0,0,0,0,0,0
WG_METRICS 544,256,768,1.0426,0.0080,0.0070,0.9889,0.0224,0.0163,256,768,196608,393216,198818.8750,397637.7500,0.0000,0,0.0000,0.0000,0,0.0000,0,0.0000,0.0000,0,0.0000,0.0000,0,0,0,0,0,0,0,0,0,0,0,0,0,0,0,0,0,0,0,0,0,0,0,0,0
WG_METRICS 545,256,768,1.0365,0.0077,0.0068,0.9882,0.0173,0.0165,256,768,196608,393216,198955.6719,397911.3438,0.0000,0,0.0000,0.0000,0,0.0000,0,0.0000,0.0000,0,0.0000,0.0000,0,0,0,0,0,0,0,0,0,0,0,0,0,0,0,0,0,0,0,0,0,0,0,0,0
WG_METRICS 546,256,768,1.0240,0.0079,0.0068,0.9787,0.0143,0.0164,256,768,196608,393216,200891.0000,401782.0000,0.0000,0,0.0000,0.0000,0,0.0000,0,0.0000,0.0000,0,0.0000,0.0000,0,0,0,0,0,0,0,0,0,0,0,0,0,0,0,0,0,0,0,0,0,0,0,0,0
WG_METRICS 547,256,768,1.0420,0.0077,0.0063,0.9886,0.0230,0.0164,256,768,196608,393216,198867.1250,397734.2500,0.0000,0,0.0000,0.0000,0,0.0000,0,0.0000,0.0000,0,0.0000,0.0000,0,0,0,0,0,0,0,0,0,0,0,0,0,0,0,0,0,0,0,0,0,0,0,0,0
WG_METRICS 548,256,768,1.0227,0.0075,0.0066,0.9790,0.0142,0.0154,256,768,196608,393216,200833.5469,401667.0938,0.0000,0,0.0000,0.0000,0,0.0000,0,0.0000,0.0000,0,0.0000,0.0000,0,0,0,0,0,0,0,0,0,0,0,0,0,0,0,0,0,0,0,0,0,0,0,0,0
WG_METRICS 549,256,768,1.0429,0.0082,0.0066,0.9978,0.0144,0.0159,256,768,196608,393216,197033.5938,394067.1875,0.0000,0,0.0000,0.0000,0,0.0000,0,0.0000,0.0000,0,0.0000,0.0000,0,0,0,0,0,0,0,0,0,0,0,0,0,0,0,0,0,0,0,0,0,0,0,0,0
WG_METRICS 550,256,768,1.0215,0.0076,0.0070,0.9675,0.0229,0.0165,256,768,196608,393216,203216.6094,406433.2188,0.0000,0,0.0000,0.0000,0,0.0000,0,0.0000,0.0000,0,0.0000,0.0000,0,0,0,0,0,0,0,0,0,0,0,0,0,0,0,0,0,0,0,0,0,0,0,0,0
WG_METRICS 551,256,768,1.0526,0.0077,0.0065,1.0076,0.0134,0.0174,256,768,196608,393216,195132.7969,390265.5938,0.0000,0,0.0000,0.0000,0,0.0000,0,0.0000,0.0000,0,0.0000,0.0000,0,0,0,0,0,0,0,0,0,0,0,0,0,0,0,0,0,0,0,0,0,0,0,0,0
WG_METRICS 552,256,768,1.0273,0.0076,0.0070,0.9741,0.0231,0.0155,256,768,196608,393216,201839.6719,403679.3438,0.0000,0,0.0000,0.0000,0,0.0000,0,0.0000,0.0000,0,0.0000,0.0000,0,0,0,0,0,0,0,0,0,0,0,0,0,0,0,0,0,0,0,0,0,0,0,0,0
WG_METRICS 553,256,768,1.0288,0.0076,0.0068,0.9882,0.0100,0.0162,256,768,196608,393216,198963.7344,397927.4688,0.0000,0,0.0000,0.0000,0,0.0000,0,0.0000,0.0000,0,0.0000,0.0000,0,0,0,0,0,0,0,0,0,0,0,0,0,0,0,0,0,0,0,0,0,0,0,0,0
WG_METRICS 554,256,768,1.0516,0.0074,0.0061,1.0083,0.0129,0.0169,256,768,196608,393216,194993.4531,389986.9062,0.0000,0,0.0000,0.0000,0,0.0000,0,0.0000,0.0000,0,0.0000,0.0000,0,0,0,0,0,0,0,0,0,0,0,0,0,0,0,0,0,0,0,0,0,0,0,0,0
WG_METRICS 555,256,768,1.0261,0.0074,0.0068,0.9818,0.0146,0.0154,256,768,196608,393216,200252.5938,400505.1875,0.0000,0,0.0000,0.0000,0,0.0000,0,0.0000,0.0000,0,0.0000,0.0000,0,0,0,0,0,0,0,0,0,0,0,0,0,0,0,0,0,0,0,0,0,0,0,0,0
WG_METRICS 556,256,768,1.0263,0.0076,0.0063,0.9817,0.0143,0.0164,256,768,196608,393216,200277.0781,400554.1562,0.0000,0,0.0000,0.0000,0,0.0000,0,0.0000,0.0000,0,0.0000,0.0000,0,0,0,0,0,0,0,0,0,0,0,0,0,0,0,0,0,0,0,0,0,0,0,0,0
WG_METRICS 557,256,768,1.0294,0.0075,0.0068,0.9844,0.0144,0.0162,256,768,196608,393216,199715.5625,399431.1250,0.0000,0,0.0000,0.0000,0,0.0000,0,0.0000,0.0000,0,0.0000,0.0000,0,0,0,0,0,0,0,0,0,0,0,0,0,0,0,0,0,0,0,0,0,0,0,0,0
WG_METRICS 558,256,768,1.0371,0.0076,0.0062,0.9912,0.0147,0.0175,256,768,196608,393216,198361.5156,396723.0312,0.0000,0,0.0000,0.0000,0,0.0000,0,0.0000,0.0000,0,0.0000,0.0000,0,0,0,0,0,0,0,0,0,0,0,0,0,0,0,0,0,0,0,0,0,0,0,0,0
WG_METRICS 559,256,768,1.0353,0.0099,0.0066,0.9794,0.0233,0.0161,256,768,196608,393216,200743.3125,401486.6250,0.0000,0,0.0000,0.0000,0,0.0000,0,0.0000,0.0000,0,0.0000,0.0000,0,0,0,0,0,0,0,0,0,0,0,0,0,0,0,0,0,0,0,0,0,0,0,0,0
WG_METRICS 560,256,768,1.0250,0.0080,0.0067,0.9788,0.0143,0.0173,256,768,196608,393216,200858.1562,401716.3125,0.0000,0,0.0000,0.0000,0,0.0000,0,0.0000,0.0000,0,0.0000,0.0000,0,0,0,0,0,0,0,0,0,0,0,0,0,0,0,0,0,0,0,0,0,0,0,0,0
WG_METRICS 561,256,768,1.0379,0.0076,0.0066,0.9835,0.0236,0.0165,256,768,196608,393216,199910.5312,399821.0625,0.0000,0,0.0000,0.0000,0,0.0000,0,0.0000,0.0000,0,0.0000,0.0000,0,0,0,0,0,0,0,0,0,0,0,0,0,0,0,0,0,0,0,0,0,0,0,0,0
WG_METRICS 562,256,768,1.0311,0.0077,0.0070,0.9778,0.0228,0.0158,256,768,196608,393216,201063.5625,402127.1250,0.0000,0,0.0000,0.0000,0,0.0000,0,0.0000,0.0000,0,0.0000,0.0000,0,0,0,0,0,0,0,0,0,0,0,0,0,0,0,0,0,0,0,0,0,0,0,0,0
WG_METRICS 563,256,768,1.0317,0.0076,0.0068,0.9776,0.0232,0.0165,256,768,196608,393216,201121.1562,402242.3125,0.0000,0,0.0000,0.0000,0,0.0000,0,0.0000,0.0000,0,0.0000,0.0000,0,0,0,0,0,0,0,0,0,0,0,0,0,0,0,0,0,0,0,0,0,0,0,0,0
WG_METRICS 564,256,768,1.0348,0.0076,0.0069,0.9811,0.0229,0.0163,256,768,196608,393216,200391.3906,400782.7812,0.0000,0,0.0000,0.0000,0,0.0000,0,0.0000,0.0000,0,0.0000,0.0000,0,0,0,0,0,0,0,0,0,0,0,0,0,0,0,0,0,0,0,0,0,0,0,0,0
WG_METRICS 565,256,768,1.0380,0.0076,0.0064,0.9837,0.0230,0.0172,256,768,196608,393216,199869.8750,399739.7500,0.0000,0,0.0000,0.0000,0,0.0000,0,0.0000,0.0000,0,0.0000,0.0000,0,0,0,0,0,0,0,0,0,0,0,0,0,0,0,0,0,0,0,0,0,0,0,0,0
WG_METRICS 566,256,768,1.0274,0.0076,0.0065,0.9823,0.0145,0.0165,256,768,196608,393216,200154.7344,400309.4688,0.0000,0,0.0000,0.0000,0,0.0000,0,0.0000,0.0000,0,0.0000,0.0000,0,0,0,0,0,0,0,0,0,0,0,0,0,0,0,0,0,0,0,0,0,0,0,0,0
WG_METRICS 567,256,768,1.0208,0.0078,0.0067,0.9744,0.0162,0.0157,256,768,196608,393216,201773.4062,403546.8125,0.0000,0,0.0000,0.0000,0,0.0000,0,0.0000,0.0000,0,0.0000,0.0000,0,0,0,0,0,0,0,0,0,0,0,0,0,0,0,0,0,0,0,0,0,0,0,0,0
WG_METRICS 568,256,768,1.0377,0.0075,0.0068,0.9965,0.0105,0.0164,256,768,196608,393216,197294.5938,394589.1875,0.0000,0,0.0000,0.0000,0,0.0000,0,0.0000,0.0000,0,0.0000,0.0000,0,0,0,0,0,0,0,0,0,0,0,0,0,0,0,0,0,0,0,0,0,0,0,0,0
WG_METRICS 569,256,768,1.0446,0.0075,0.0069,0.9901,0.0238,0.0163,256,768,196608,393216,198569.8750,397139.7500,0.0000,0,0.0000,0.0000,0,0.0000,0,0.0000,0.0000,0,0.0000,0.0000,0,0,0,0,0,0,0,0,0,0,0,0,0,0,0,0,0,0,0,0,0,0,0,0,0
WG_METRICS 570,256,768,1.0294,0.0078,0.0070,0.9838,0.0144,0.0164,256,768,196608,393216,199845.5000,399691.0000,0.0000,0,0.0000,0.0000,0,0.0000,0,0.0000,0.0000,0,0.0000,0.0000,0,0,0,0,0,0,0,0,0,0,0,0,0,0,0,0,0,0,0,0,0,0,0,0,0
WG_METRICS 571,256,768,1.0398,0.0078,0.0068,0.9939,0.0147,0.0166,256,768,196608,393216,197810.6875,395621.3750,0.0000,0,0.0000,0.0000,0,0.0000,0,0.0000,0.0000,0,0.0000,0.0000,0,0,0,0,0,0,0,0,0,0,0,0,0,0,0,0,0,0,0,0,0,0,0,0,0
WG_METRICS 572,256,768,1.0296,0.0078,0.0065,0.9803,0.0184,0.0166,256,768,196608,393216,200554.9219,401109.8438,0.0000,0,0.0000,0.0000,0,0.0000,0,0.0000,0.0000,0,0.0000,0.0000,0,0,0,0,0,0,0,0,0,0,0,0,0,0,0,0,0,0,0,0,0,0,0,0,0
WG_METRICS 573,256,768,1.0113,0.0076,0.0060,0.9706,0.0099,0.0172,256,768,196608,393216,202563.3594,405126.7188,0.0000,0,0.0000,0.0000,0,0.0000,0,0.0000,0.0000,0,0.0000,0.0000,0,0,0,0,0,0,0,0,0,0,0,0,0,0,0,0,0,0,0,0,0,0,0,0,0
WG_METRICS 574,256,768,1.0439,0.0076,0.0061,0.9992,0.0144,0.0166,256,768,196608,393216,196765.4219,393530.8438,0.0000,0,0.0000,0.0000,0,0.0000,0,0.0000,0.0000,0,0.0000,0.0000,0,0,0,0,0,0,0,0,0,0,0,0,0,0,0,0,0,0,0,0,0,0,0,0,0
WG_METRICS 575,256,768,1.0446,0.0074,0.0068,0.9911,0.0238,0.0154,256,768,196608,393216,198377.5312,396755.0625,0.0000,0,0.0000,0.0000,0,0.0000,0,0.0000,0.0000,0,0.0000,0.0000,0,0,0,0,0,0,0,0,0,0,0,0,0,0,0,0,0,0,0,0,0,0,0,0,0
WG_METRICS 576,256,768,1.0352,0.0074,0.0067,0.9819,0.0231,0.0162,256,768,196608,393216,200236.2812,400472.5625,0.0000,0,0.0000,0.0000,0,0.0000,0,0.0000,0.0000,0,0.0000,0.0000,0,0,0,0,0,0,0,0,0,0,0,0,0,0,0,0,0,0,0,0,0,0,0,0,0
WG_METRICS 577,256,768,1.0352,0.0075,0.0068,0.9812,0.0238,0.0159,256,768,196608,393216,200383.2188,400766.4375,0.0000,0,0.0000,0.0000,0,0.0000,0,0.0000,0.0000,0,0.0000,0.0000,0,0,0,0,0,0,0,0,0,0,0,0,0,0,0,0,0,0,0,0,0,0,0,0,0
WG_METRICS 578,256,768,1.0221,0.0078,0.0068,0.9768,0.0143,0.0164,256,768,196608,393216,201269.3906,402538.7812,0.0000,0,0.0000,0.0000,0,0.0000,0,0.0000,0.0000,0,0.0000,0.0000,0,0,0,0,0,0,0,0,0,0,0,0,0,0,0,0,0,0,0,0,0,0,0,0,0
WG_METRICS 579,256,768,1.0254,0.0075,0.0062,0.9723,0.0232,0.0164,256,768,196608,393216,202213.3438,404426.6875,0.0000,0,0.0000,0.0000,0,0.0000,0,0.0000,0.0000,0,0.0000,0.0000,0,0,0,0,0,0,0,0,0,0,0,0,0,0,0,0,0,0,0,0,0,0,0,0,0
WG_METRICS 580,256,768,1.0204,0.0075,0.0066,0.9762,0.0146,0.0155,256,768,196608,393216,201401.3594,402802.7188,0.0000,0,0.0000,0.0000,0,0.0000,0,0.0000,0.0000,0,0.0000,0.0000,0,0,0,0,0,0,0,0,0,0,0,0,0,0,0,0,0,0,0,0,0,0,0,0,0
WG_METRICS 581,256,768,8.4016,0.0076,0.0067,1.0142,0.0596,7.3135,256,768,196608,393216,193862.8906,387725.7812,0.0000,0,0.0000,0.0000,0,0.0000,0,0.0000,0.0000,0,0.0000,0.0000,0,0,0,0,0,0,0,0,0,0,0,0,0,0,0,0,0,0,0,0,0,0,0,0,0
WG_METRICS 582,256,768,1.0363,0.0077,0.0065,0.9926,0.0139,0.0156,256,768,196608,393216,198065.7656,396131.5312,0.0000,0,0.0000,0.0000,0,0.0000,0,0.0000,0.0000,0,0.0000,0.0000,0,0,0,0,0,0,0,0,0,0,0,0,0,0,0,0,0,0,0,0,0,0,0,0,0
WG_METRICS 583,256,768,1.0387,0.0093,0.0067,0.9835,0.0229,0.0163,256,768,196608,393216,199910.5312,399821.0625,0.0000,0,0.0000,0.0000,0,0.0000,0,0.0000,0.0000,0,0.0000,0.0000,0,0,0,0,0,0,0,0,0,0,0,0,0,0,0,0,0,0,0,0,0,0,0,0,0
WG_METRICS 584,256,768,1.0325,0.0077,0.0067,0.9789,0.0232,0.0161,256,768,196608,393216,200849.9531,401699.9062,0.0000,0,0.0000,0.0000,0,0.0000,0,0.0000,0.0000,0,0.0000,0.0000,0,0,0,0,0,0,0,0,0,0,0,0,0,0,0,0,0,0,0,0,0,0,0,0,0
WG_METRICS 585,256,768,1.0147,0.0077,0.0072,0.9716,0.0126,0.0158,256,768,196608,393216,202363.2031,404726.4062,0.0000,0,0.0000,0.0000,0,0.0000,0,0.0000,0.0000,0,0.0000,0.0000,0,0,0,0,0,0,0,0,0,0,0,0,0,0,0,0,0,0,0,0,0,0,0,0,0
WG_METRICS 586,256,768,1.0319,0.0076,0.0070,0.9860,0.0143,0.0170,256,768,196608,393216,199399.5938,398799.1875,0.0000,0,0.0000,0.0000,0,0.0000,0,0.0000,0.0000,0,0.0000,0.0000,0,0,0,0,0,0,0,0,0,0,0,0,0,0,0,0,0,0,0,0,0,0,0,0,0
WG_METRICS 587,256,768,1.0493,0.0076,0.0065,0.9959,0.0229,0.0164,256,768,196608,393216,197421.3750,394842.7500,0.0000,0,0.0000,0.0000,0,0.0000,0,0.0000,0.0000,0,0.0000,0.0000,0,0,0,0,0,0,0,0,0,0,0,0,0,0,0,0,0,0,0,0,0,0,0,0,0
WG_METRICS 588,256,768,1.0335,0.0105,0.0070,0.9856,0.0145,0.0159,256,768,196608,393216,199480.5156,398961.0312,0.0000,0,0.0000,0.0000,0,0.0000,0,0.0000,0.0000,0,0.0000,0.0000,0,0,0,0,0,0,0,0,0,0,0,0,0,0,0,0,0,0,0,0,0,0,0,0,0
WG_METRICS 589,256,768,1.0318,0.0082,0.0067,0.9770,0.0232,0.0168,256,768,196608,393216,201244.6719,402489.3438,0.0000,0,0.0000,0.0000,0,0.0000,0,0.0000,0.0000,0,0.0000,0.0000,0,0,0,0,0,0,0,0,0,0,0,0,0,0,0,0,0,0,0,0,0,0,0,0,0
WG_METRICS 590,256,768,1.0635,0.0100,0.0068,1.0072,0.0226,0.0169,256,768,196608,393216,195202.5469,390405.0938,0.0000,0,0.0000,0.0000,0,0.0000,0,0.0000,0.0000,0,0.0000,0.0000,0,0,0,0,0,0,0,0,0,0,0,0,0,0,0,0,0,0,0,0,0,0,0,0,0
WG_METRICS 591,256,768,1.0378,0.0078,0.0068,0.9918,0.0145,0.0169,256,768,196608,393216,198225.5156,396451.0312,0.0000,0,0.0000,0.0000,0,0.0000,0,0.0000,0.0000,0,0.0000,0.0000,0,0,0,0,0,0,0,0,0,0,0,0,0,0,0,0,0,0,0,0,0,0,0,0,0
WG_METRICS 592,256,768,1.0278,0.0076,0.0067,0.9822,0.0149,0.0164,256,768,196608,393216,200171.0469,400342.0938,0.0000,0,0.0000,0.0000,0,0.0000,0,0.0000,0.0000,0,0.0000,0.0000,0,0,0,0,0,0,0,0,0,0,0,0,0,0,0,0,0,0,0,0,0,0,0,0,0
WG_METRICS 593,256,768,1.0239,0.0077,0.0061,0.9798,0.0141,0.0161,256,768,196608,393216,200653.1719,401306.3438,0.0000,0,0.0000,0.0000,0,0.0000,0,0.0000,0.0000,0,0.0000,0.0000,0,0,0,0,0,0,0,0,0,0,0,0,0,0,0,0,0,0,0,0,0,0,0,0,0
WG_METRICS 594,256,768,1.0262,0.0082,0.0068,0.9716,0.0233,0.0164,256,768,196608,393216,202346.5469,404693.0938,0.0000,0,0.0000,0.0000,0,0.0000,0,0.0000,0.0000,0,0.0000,0.0000,0,0,0,0,0,0,0,0,0,0,0,0,0,0,0,0,0,0,0,0,0,0,0,0,0
WG_METRICS 595,256,768,1.0148,0.0076,0.0068,0.9692,0.0150,0.0163,256,768,196608,393216,202864.3281,405728.6562,0.0000,0,0.0000,0.0000,0,0.0000,0,0.0000,0.0000,0,0.0000,0.0000,0,0,0,0,0,0,0,0,0,0,0,0,0,0,0,0,0,0,0,0,0,0,0,0,0
WG_METRICS 596,256,768,1.0281,0.0077,0.0063,0.9836,0.0141,0.0164,256,768,196608,393216,199886.1250,399772.2500,0.0000,0,0.0000,0.0000,0,0.0000,0,0.0000,0.0000,0,0.0000,0.0000,0,0,0,0,0,0,0,0,0,0,0,0,0,0,0,0,0,0,0,0,0,0,0,0,0
WG_METRICS 597,256,768,1.0340,0.0078,0.0070,0.9886,0.0144,0.0162,256,768,196608,393216,198883.2188,397766.4375,0.0000,0,0.0000,0.0000,0,0.0000,0,0.0000,0.0000,0,0.0000,0.0000,0,0,0,0,0,0,0,0,0,0,0,0,0,0,0,0,0,0,0,0,0,0,0,0,0
WG_METRICS 598,256,768,1.0417,0.0078,0.0066,0.9967,0.0144,0.0161,256,768,196608,393216,197255.0000,394510.0000,0.0000,0,0.0000,0.0000,0,0.0000,0,0.0000,0.0000,0,0.0000,0.0000,0,0,0,0,0,0,0,0,0,0,0,0,0,0,0,0,0,0,0,0,0,0,0,0,0
WG_METRICS 599,256,768,1.0277,0.0077,0.0064,0.9787,0.0186,0.0164,256,768,196608,393216,200891.0000,401782.0000,0.0000,0,0.0000,0.0000,0,0.0000,0,0.0000,0.0000,0,0.0000,0.0000,0,0,0,0,0,0,0,0,0,0,0,0,0,0,0,0,0,0,0,0,0,0,0,0,0
WG_METRICS 600,256,768,1.0316,0.0077,0.0068,0.9860,0.0144,0.0166,256,768,196608,393216,199391.5000,398783.0000,0.0000,0,0.0000,0.0000,0,0.0000,0,0.0000,0.0000,0,0.0000,0.0000,0,0,0,0,0,0,0,0,0,0,0,0,0,0,0,0,0,0,0,0,0,0,0,0,0
WG_METRICS 601,256,768,1.0534,0.0099,0.0069,1.0067,0.0129,0.0170,256,768,196608,393216,195295.6250,390591.2500,0.0000,0,0.0000,0.0000,0,0.0000,0,0.0000,0.0000,0,0.0000,0.0000,0,0,0,0,0,0,0,0,0,0,0,0,0,0,0,0,0,0,0,0,0,0,0,0,0
WG_METRICS 602,256,768,1.0253,0.0082,0.0067,0.9798,0.0143,0.0163,256,768,196608,393216,200653.1719,401306.3438,0.0000,0,0.0000,0.0000,0,0.0000,0,0.0000,0.0000,0,0.0000,0.0000,0,0,0,0,0,0,0,0,0,0,0,0,0,0,0,0,0,0,0,0,0,0,0,0,0
WG_METRICS 603,256,768,1.0242,0.0077,0.0068,0.9784,0.0148,0.0166,256,768,196608,393216,200956.7031,401913.4062,0.0000,0,0.0000,0.0000,0,0.0000,0,0.0000,0.0000,0,0.0000,0.0000,0,0,0,0,0,0,0,0,0,0,0,0,0,0,0,0,0,0,0,0,0,0,0,0,0
WG_METRICS 604,256,768,1.0118,0.0076,0.0068,0.9670,0.0140,0.0164,256,768,196608,393216,203325.8906,406651.7812,0.0000,0,0.0000,0.0000,0,0.0000,0,0.0000,0.0000,0,0.0000,0.0000,0,0,0,0,0,0,0,0,0,0,0,0,0,0,0,0,0,0,0,0,0,0,0,0,0
WG_METRICS 605,256,768,1.0302,0.0075,0.0068,0.9849,0.0148,0.0161,256,768,196608,393216,199618.2344,399236.4688,0.0000,0,0.0000,0.0000,0,0.0000,0,0.0000,0.0000,0,0.0000,0.0000,0,0,0,0,0,0,0,0,0,0,0,0,0,0,0,0,0,0,0,0,0,0,0,0,0
WG_METRICS 606,256,768,1.0305,0.0077,0.0068,0.9851,0.0144,0.0165,256,768,196608,393216,199585.8125,399171.6250,0.0000,0,0.0000,0.0000,0,0.0000,0,0.0000,0.0000,0,0.0000,0.0000,0,0,0,0,0,0,0,0,0,0,0,0,0,0,0,0,0,0,0,0,0,0,0,0,0
WG_METRICS 607,256,768,1.0692,0.0076,0.0068,1.0153,0.0230,0.0164,256,768,196608,393216,193649.0469,387298.0938,0.0000,0,0.0000,0.0000,0,0.0000,0,0.0000,0.0000,0,0.0000,0.0000,0,0,0,0,0,0,0,0,0,0,0,0,0,0,0,0,0,0,0,0,0,0,0,0,0
WG_METRICS 608,256,768,1.0267,0.0078,0.0067,0.9810,0.0148,0.0164,256,768,196608,393216,200424.0781,400848.1562,0.0000,0,0.0000,0.0000,0,0.0000,0,0.0000,0.0000,0,0.0000,0.0000,0,0,0,0,0,0,0,0,0,0,0,0,0,0,0,0,0,0,0,0,0,0,0,0,0
WG_METRICS 609,256,768,1.0273,0.0080,0.0068,0.9816,0.0144,0.0165,256,768,196608,393216,200293.4062,400586.8125,0.0000,0,0.0000,0.0000,0,0.0000,0,0.0000,0.0000,0,0.0000,0.0000,0,0,0,0,0,0,0,0,0,0,0,0,0,0,0,0,0,0,0,0,0,0,0,0,0
WG_METRICS 610,256,768,1.0405,0.0076,0.0065,0.9873,0.0227,0.0164,256,768,196608,393216,199133.0000,398266.0000,0.0000,0,0.0000,0.0000,0,0.0000,0,0.0000,0.0000,0,0.0000,0.0000,0,0,0,0,0,0,0,0,0,0,0,0,0,0,0,0,0,0,0,0,0,0,0,0,0
WG_METRICS 611,256,768,1.0223,0.0080,0.0071,0.9770,0.0144,0.0158,256,768,196608,393216,201228.2031,402456.4062,0.0000,0,0.0000,0.0000,0,0.0000,0,0.0000,0.0000,0,0.0000,0.0000,0,0,0,0,0,0,0,0,0,0,0,0,0,0,0,0,0,0,0,0,0,0,0,0,0
WG_METRICS 612,256,768,1.0276,0.0082,0.0068,0.9732,0.0231,0.0164,256,768,196608,393216,202013.8906,404027.7812,0.0000,0,0.0000,0.0000,0,0.0000,0,0.0000,0.0000,0,0.0000,0.0000,0,0,0,0,0,0,0,0,0,0,0,0,0,0,0,0,0,0,0,0,0,0,0,0,0
WG_METRICS 613,256,768,1.0364,0.0077,0.0064,0.9827,0.0230,0.0164,256,768,196608,393216,200065.1250,400130.2500,0.0000,0,0.0000,0.0000,0,0.0000,0,0.0000,0.0000,0,0.0000,0.0000,0,0,0,0,0,0,0,0,0,0,0,0,0,0,0,0,0,0,0,0,0,0,0,0,0
WG_METRICS 614,256,768,1.0514,0.0082,0.0066,1.0057,0.0144,0.0165,256,768,196608,393216,195489.7969,390979.5938,0.0000,0,0.0000,0.0000,0,0.0000,0,0.0000,0.0000,0,0.0000,0.0000,0,0,0,0,0,0,0,0,0,0,0,0,0,0,0,0,0,0,0,0,0,0,0,0,0
WG_METRICS 615,256,768,1.0490,0.0077,0.0064,0.9955,0.0230,0.0163,256,768,196608,393216,197500.7031,395001.4062,0.0000,0,0.0000,0.0000,0,0.0000,0,0.0000,0.0000,0,0.0000,0.0000,0,0,0,0,0,0,0,0,0,0,0,0,0,0,0,0,0,0,0,0,0,0,0,0,0
WG_METRICS 616,256,768,1.0263,0.0075,0.0070,0.9803,0.0147,0.0167,256,768,196608,393216,200554.9219,401109.8438,0.0000,0,0.0000,0.0000,0,0.0000,0,0.0000,0.0000,0,0.0000,0.0000,0,0,0,0,0,0,0,0,0,0,0,0,0,0,0,0,0,0,0,0,0,0,0,0,0
WG_METRICS 617,256,768,1.0438,0.0078,0.0069,0.9986,0.0141,0.0165,256,768,196608,393216,196891.5156,393783.0312,0.0000,0,0.0000,0.0000,0,0.0000,0,0.0000,0.0000,0,0.0000,0.0000,0,0,0,0,0,0,0,0,0,0,0,0,0,0,0,0,0,0,0,0,0,0,0,0,0
WG_METRICS 618,256,768,1.0235,0.0077,0.0066,0.9784,0.0145,0.0164,256,768,196608,393216,200948.4844,401896.9688,0.0000,0,0.0000,0.0000,0,0.0000,0,0.0000,0.0000,0,0.0000,0.0000,0,0,0,0,0,0,0,0,0,0,0,0,0,0,0,0,0,0,0,0,0,0,0,0,0
WG_METRICS 619,256,768,1.0306,0.0075,0.0069,0.9844,0.0146,0.0172,256,768,196608,393216,199715.5625,399431.1250,0.0000,0,0.0000,0.0000,0,0.0000,0,0.0000,0.0000,0,0.0000,0.0000,0,0,0,0,0,0,0,0,0,0,0,0,0,0,0,0,0,0,0,0,0,0,0,0,0
WG_METRICS 620,256,768,1.0245,0.0076,0.0066,0.9795,0.0142,0.0166,256,768,196608,393216,200726.9062,401453.8125,0.0000,0,0.0000,0.0000,0,0.0000,0,0.0000,0.0000,0,0.0000,0.0000,0,0,0,0,0,0,0,0,0,0,0,0,0,0,0,0,0,0,0,0,0,0,0,0,0
WG_METRICS 621,256,768,1.0307,0.0076,0.0068,0.9760,0.0232,0.0171,256,768,196608,393216,201434.3594,402868.7188,0.0000,0,0.0000,0.0000,0,0.0000,0,0.0000,0.0000,0,0.0000,0.0000,0,0,0,0,0,0,0,0,0,0,0,0,0,0,0,0,0,0,0,0,0,0,0,0,0
WG_METRICS 622,256,768,1.0212,0.0076,0.0070,0.9751,0.0148,0.0167,256,768,196608,393216,201624.4062,403248.8125,0.0000,0,0.0000,0.0000,0,0.0000,0,0.0000,0.0000,0,0.0000,0.0000,0,0,0,0,0,0,0,0,0,0,0,0,0,0,0,0,0,0,0,0,0,0,0,0,0
WG_METRICS 623,256,768,1.0398,0.0078,0.0067,0.9940,0.0145,0.0168,256,768,196608,393216,197802.7188,395605.4375,0.0000,0,0.0000,0.0000,0,0.0000,0,0.0000,0.0000,0,0.0000,0.0000,0,0,0,0,0,0,0,0,0,0,0,0,0,0,0,0,0,0,0,0,0,0,0,0,0
WG_METRICS 624,256,768,1.0286,0.0077,0.0065,0.9839,0.0143,0.0162,256,768,196608,393216,199829.2500,399658.5000,0.0000,0,0.0000,0.0000,0,0.0000,0,0.0000,0.0000,0,0.0000,0.0000,0,0,0,0,0,0,0,0,0,0,0,0,0,0,0,0,0,0,0,0,0,0,0,0,0
WG_METRICS 625,256,768,1.0319,0.0075,0.0070,0.9865,0.0143,0.0166,256,768,196608,393216,199302.5781,398605.1562,0.0000,0,0.0000,0.0000,0,0.0000,0,0.0000,0.0000,0,0.0000,0.0000,0,0,0,0,0,0,0,0,0,0,0,0,0,0,0,0,0,0,0,0,0,0,0,0,0
WG_METRICS 626,256,768,1.0280,0.0077,0.0068,0.9822,0.0144,0.0168,256,768,196608,393216,200162.8906,400325.7812,0.0000,0,0.0000,0.0000,0,0.0000,0,0.0000,0.0000,0,0.0000,0.0000,0,0,0,0,0,0,0,0,0,0,0,0,0,0,0,0,0,0,0,0,0,0,0,0,0
WG_METRICS 627,256,768,1.0508,0.0078,0.0064,1.0058,0.0143,0.0166,256,768,196608,393216,195482.0312,390964.0625,0.0000,0,0.0000,0.0000,0,0.0000,0,0.0000,0.0000,0,0.0000,0.0000,0,0,0,0,0,0,0,0,0,0,0,0,0,0,0,0,0,0,0,0,0,0,0,0,0
WG_METRICS 628,256,768,1.0156,0.0076,0.0070,0.9702,0.0144,0.0165,256,768,196608,393216,202646.8750,405293.7500,0.0000,0,0.0000,0.0000,0,0.0000,0,0.0000,0.0000,0,0.0000,0.0000,0,0,0,0,0,0,0,0,0,0,0,0,0,0,0,0,0,0,0,0,0,0,0,0,0
WG_METRICS 629,256,768,1.0297,0.0078,0.0068,0.9755,0.0230,0.0165,256,768,196608,393216,201541.7344,403083.4688,0.0000,0,0.0000,0.0000,0,0.0000,0,0.0000,0.0000,0,0.0000,0.0000,0,0,0,0,0,0,0,0,0,0,0,0,0,0,0,0,0,0,0,0,0,0,0,0,0
WG_METRICS 630,256,768,1.0444,0.0077,0.0060,0.9914,0.0228,0.0166,256,768,196608,393216,198321.5000,396643.0000,0.0000,0,0.0000,0.0000,0,0.0000,0,0.0000,0.0000,0,0.0000,0.0000,0,0,0,0,0,0,0,0,0,0,0,0,0,0,0,0,0,0,0,0,0,0,0,0,0
WG_METRICS 631,256,768,1.0205,0.0076,0.0069,0.9729,0.0164,0.0166,256,768,196608,393216,202080.3281,404160.6562,0.0000,0,0.0000,0.0000,0,0.0000,0,0.0000,0.0000,0,0.0000,0.0000,0,0,0,0,0,0,0,0,0,0,0,0,0,0,0,0,0,0,0,0,0,0,0,0,0
WG_METRICS 632,256,768,1.0517,0.0076,0.0067,0.9983,0.0227,0.0163,256,768,196608,393216,196946.7500,393893.5000,0.0000,0,0.0000,0.0000,0,0.0000,0,0.0000,0.0000,0,0.0000,0.0000,0,0,0,0,0,0,0,0,0,0,0,0,0,0,0,0,0,0,0,0,0,0,0,0,0
WG_METRICS 633,256,768,1.0301,0.0083,0.0064,0.9754,0.0228,0.0172,256,768,196608,393216,201558.2656,403116.5312,0.0000,0,0.0000,0.0000,0,0.0000,0,0.0000,0.0000,0,0.0000,0.0000,0,0,0,0,0,0,0,0,0,0,0,0,0,0,0,0,0,0,0,0,0,0,0,0,0
WG_METRICS 634,256,768,1.0556,0.0076,0.0068,1.0014,0.0230,0.0168,256,768,196608,393216,196333.1406,392666.2812,0.0000,0,0.0000,0.0000,0,0.0000,0,0.0000,0.0000,0,0.0000,0.0000,0,0,0,0,0,0,0,0,0,0,0,0,0,0,0,0,0,0,0,0,0,0,0,0,0
WG_METRICS 635,256,768,1.0385,0.0076,0.0069,0.9845,0.0228,0.0168,256,768,196608,393216,199707.4531,399414.9062,0.0000,0,0.0000,0.0000,0,0.0000,0,0.0000,0.0000,0,0.0000,0.0000,0,0,0,0,0,0,0,0,0,0,0,0,0,0,0,0,0,0,0,0,0,0,0,0,0
WG_METRICS 636,256,768,1.0426,0.0100,0.0069,0.9860,0.0231,0.0166,256,768,196608,393216,199391.5000,398783.0000,0.0000,0,0.0000,0.0000,0,0.0000,0,0.0000,0.0000,0,0.0000,0.0000,0,0,0,0,0,0,0,0,0,0,0,0,0,0,0,0,0,0,0,0,0,0,0,0,0
WG_METRICS 637,256,768,1.0412,0.0076,0.0065,0.9872,0.0234,0.0165,256,768,196608,393216,199157.2031,398314.4062,0.0000,0,0.0000,0.0000,0,0.0000,0,0.0000,0.0000,0,0.0000,0.0000,0,0,0,0,0,0,0,0,0,0,0,0,0,0,0,0,0,0,0,0,0,0,0,0,0
WG_METRICS 638,256,768,1.0289,0.0102,0.0068,0.9813,0.0140,0.0166,256,768,196608,393216,200358.7031,400717.4062,0.0000,0,0.0000,0.0000,0,0.0000,0,0.0000,0.0000,0,0.0000,0.0000,0,0,0,0,0,0,0,0,0,0,0,0,0,0,0,0,0,0,0,0,0,0,0,0,0
WG_METRICS 639,256,768,1.0183,0.0077,0.0064,0.9731,0.0145,0.0166,256,768,196608,393216,202047.1094,404094.2188,0.0000,0,0.0000,0.0000,0,0.0000,0,0.0000,0.0000,0,0.0000,0.0000,0,0,0,0,0,0,0,0,0,0,0,0,0,0,0,0,0,0,0,0,0,0,0,0,0
WG_METRICS 640,256,768,1.0281,0.0076,0.0067,0.9829,0.0144,0.0165,256,768,196608,393216,200032.5625,400065.1250,0.0000,0,0.0000,0.0000,0,0.0000,0,0.0000,0.0000,0,0.0000,0.0000,0,0,0,0,0,0,0,0,0,0,0,0,0,0,0,0,0,0,0,0,0,0,0,0,0
WG_METRICS 641,256,768,1.0250,0.0075,0.0055,0.9816,0.0140,0.0164,256,768,196608,393216,200301.5625,400603.1250,0.0000,0,0.0000,0.0000,0,0.0000,0,0.0000,0.0000,0,0.0000,0.0000,0,0,0,0,0,0,0,0,0,0,0,0,0,0,0,0,0,0,0,0,0,0,0,0,0
WG_METRICS 642,256,768,1.0256,0.0075,0.0067,0.9804,0.0144,0.0166,256,768,196608,393216,200530.3750,401060.7500,0.0000,0,0.0000,0.0000,0,0.0000,0,0.0000,0.0000,0,0.0000,0.0000,0,0,0,0,0,0,0,0,0,0,0,0,0,0,0,0,0,0,0,0,0,0,0,0,0
WG_METRICS 643,256,768,1.0319,0.0076,0.0068,0.9779,0.0233,0.0163,256,768,196608,393216,201047.1250,402094.2500,0.0000,0,0.0000,0.0000,0,0.0000,0,0.0000,0.0000,0,0.0000,0.0000,0,0,0,0,0,0,0,0,0,0,0,0,0,0,0,0,0,0,0,0,0,0,0,0,0
WG_METRICS 644,256,768,1.0224,0.0074,0.0068,0.9820,0.0100,0.0160,256,768,196608,393216,200203.6562,400407.3125,0.0000,0,0.0000,0.0000,0,0.0000,0,0.0000,0.0000,0,0.0000,0.0000,0,0,0,0,0,0,0,0,0,0,0,0,0,0,0,0,0,0,0,0,0,0,0,0,0
WG_METRICS 645,256,768,1.0254,0.0078,0.0066,0.9799,0.0146,0.0165,256,768,196608,393216,200636.7812,401273.5625,0.0000,0,0.0000,0.0000,0,0.0000,0,0.0000,0.0000,0,0.0000,0.0000,0,0,0,0,0,0,0,0,0,0,0,0,0,0,0,0,0,0,0,0,0,0,0,0,0
WG_METRICS 646,256,768,1.0346,0.0076,0.0066,0.9894,0.0144,0.0166,256,768,196608,393216,198714.3594,397428.7188,0.0000,0,0.0000,0.0000,0,0.0000,0,0.0000,0.0000,0,0.0000,0.0000,0,0,0,0,0,0,0,0,0,0,0,0,0,0,0,0,0,0,0,0,0,0,0,0,0
WG_METRICS 647,256,768,1.0639,0.0075,0.0158,0.9998,0.0240,0.0168,256,768,196608,393216,196639.4531,393278.9062,0.0000,0,0.0000,0.0000,0,0.0000,0,0.0000,0.0000,0,0.0000,0.0000,0,0,0,0,0,0,0,0,0,0,0,0,0,0,0,0,0,0,0,0,0,0,0,0,0
WG_METRICS 648,256,768,1.0393,0.0076,0.0066,0.9860,0.0227,0.0164,256,768,196608,393216,199399.5938,398799.1875,0.0000,0,0.0000,0.0000,0,0.0000,0,0.0000,0.0000,0,0.0000,0.0000,0,0,0,0,0,0,0,0,0,0,0,0,0,0,0,0,0,0,0,0,0,0,0,0,0
WG_METRICS 649,256,768,1.0222,0.0074,0.0066,0.9688,0.0230,0.0164,256,768,196608,393216,202939.7188,405879.4375,0.0000,0,0.0000,0.0000,0,0.0000,0,0.0000,0.0000,0,0.0000,0.0000,0,0,0,0,0,0,0,0,0,0,0,0,0,0,0,0,0,0,0,0,0,0,0,0,0
WG_METRICS 650,256,768,1.0285,0.0083,0.0070,0.9831,0.0141,0.0160,256,768,196608,393216,199991.8594,399983.7188,0.0000,0,0.0000,0.0000,0,0.0000,0,0.0000,0.0000,0,0.0000,0.0000,0,0,0,0,0,0,0,0,0,0,0,0,0,0,0,0,0,0,0,0,0,0,0,0,0
WG_METRICS 651,256,768,1.0379,0.0076,0.0068,0.9844,0.0235,0.0157,256,768,196608,393216,199731.8125,399463.6250,0.0000,0,0.0000,0.0000,0,0.0000,0,0.0000,0.0000,0,0.0000,0.0000,0,0,0,0,0,0,0,0,0,0,0,0,0,0,0,0,0,0,0,0,0,0,0,0,0
WG_METRICS 652,256,768,1.0358,0.0073,0.0064,0.9824,0.0229,0.0167,256,768,196608,393216,200122.1406,400244.2812,0.0000,0,0.0000,0.0000,0,0.0000,0,0.0000,0.0000,0,0.0000,0.0000,0,0,0,0,0,0,0,0,0,0,0,0,0,0,0,0,0,0,0,0,0,0,0,0,0
WG_METRICS 653,256,768,1.0282,0.0077,0.0066,0.9740,0.0232,0.0168,256,768,196608,393216,201864.5625,403729.1250,0.0000,0,0.0000,0.0000,0,0.0000,0,0.0000,0.0000,0,0.0000,0.0000,0,0,0,0,0,0,0,0,0,0,0,0,0,0,0,0,0,0,0,0,0,0,0,0,0
WG_METRICS 654,256,768,1.0356,0.0077,0.0070,0.9907,0.0144,0.0159,256,768,196608,393216,198457.6250,396915.2500,0.0000,0,0.0000,0.0000,0,0.0000,0,0.0000,0.0000,0,0.0000,0.0000,0,0,0,0,0,0,0,0,0,0,0,0,0,0,0,0,0,0,0,0,0,0,0,0,0
WG_METRICS 655,256,768,1.0657,0.0077,0.0065,1.0200,0.0142,0.0172,256,768,196608,393216,192752.9375,385505.8750,0.0000,0,0.0000,0.0000,0,0.0000,0,0.0000,0.0000,0,0.0000,0.0000,0,0,0,0,0,0,0,0,0,0,0,0,0,0,0,0,0,0,0,0,0,0,0,0,0
WG_METRICS 656,256,768,1.0326,0.0076,0.0066,0.9833,0.0185,0.0165,256,768,196608,393216,199951.1875,399902.3750,0.0000,0,0.0000,0.0000,0,0.0000,0,0.0000,0.0000,0,0.0000,0.0000,0,0,0,0,0,0,0,0,0,0,0,0,0,0,0,0,0,0,0,0,0,0,0,0,0
WG_METRICS 657,256,768,1.0240,0.0077,0.0070,0.9703,0.0232,0.0158,256,768,196608,393216,202621.8125,405243.6250,0.0000,0,0.0000,0.0000,0,0.0000,0,0.0000,0.0000,0,0.0000,0.0000,0,0,0,0,0,0,0,0,0,0,0,0,0,0,0,0,0,0,0,0,0,0,0,0,0
WG_METRICS 658,256,768,1.0486,0.0078,0.0068,1.0031,0.0146,0.0162,256,768,196608,393216,196004.3125,392008.6250,0.0000,0,0.0000,0.0000,0,0.0000,0,0.0000,0.0000,0,0.0000,0.0000,0,0,0,0,0,0,0,0,0,0,0,0,0,0,0,0,0,0,0,0,0,0,0,0,0
WG_METRICS 659,256,768,1.0258,0.0076,0.0063,0.9727,0.0229,0.0163,256,768,196608,393216,202121.8750,404243.7500,0.0000,0,0.0000,0.0000,0,0.0000,0,0.0000,0.0000,0,0.0000,0.0000,0,0,0,0,0,0,0,0,0,0,0,0,0,0,0,0,0,0,0,0,0,0,0,0,0
WG_METRICS 660,256,768,1.0436,0.0071,0.0083,0.9888,0.0227,0.0166,256,768,196608,393216,198834.9531,397669.9062,0.0000,0,0.0000,0.0000,0,0.0000,0,0.0000,0.0000,0,0.0000,0.0000,0,0,0,0,0,0,0,0,0,0,0,0,0,0,0,0,0,0,0,0,0,0,0,0,0
WG_METRICS 661,256,768,1.0517,0.0076,0.0093,0.9950,0.0230,0.0168,256,768,196608,393216,197603.9219,395207.8438,0.0000,0,0.0000,0.0000,0,0.0000,0,0.0000,0.0000,0,0.0000,0.0000,0,0,0,0,0,0,0,0,0,0,0,0,0,0,0,0,0,0,0,0,0,0,0,0,0
WG_METRICS 662,256,768,1.0302,0.0077,0.0069,0.9764,0.0227,0.0165,256,768,196608,393216,201368.3438,402736.6875,0.0000,0,0.0000,0.0000,0,0.0000,0,0.0000,0.0000,0,0.0000,0.0000,0,0,0,0,0,0,0,0,0,0,0,0,0,0,0,0,0,0,0,0,0,0,0,0,0
WG_METRICS 663,256,768,1.0366,0.0079,0.0065,0.9822,0.0230,0.0170,256,768,196608,393216,200179.2031,400358.4062,0.0000,0,0.0000,0.0000,0,0.0000,0,0.0000,0.0000,0,0.0000,0.0000,0,0,0,0,0,0,0,0,0,0,0,0,0,0,0,0,0,0,0,0,0,0,0,0,0
WG_METRICS 664,256,768,1.0269,0.0076,0.0069,0.9819,0.0142,0.0163,256,768,196608,393216,200236.2812,400472.5625,0.0000,0,0.0000,0.0000,0,0.0000,0,0.0000,0.0000,0,0.0000,0.0000,0,0,0,0,0,0,0,0,0,0,0,0,0,0,0,0,0,0,0,0,0,0,0,0,0
WG_METRICS 665,256,768,1.0494,0.0077,0.0070,1.0041,0.0144,0.0162,256,768,196608,393216,195801.2969,391602.5938,0.0000,0,0.0000,0.0000,0,0.0000,0,0.0000,0.0000,0,0.0000,0.0000,0,0,0,0,0,0,0,0,0,0,0,0,0,0,0,0,0,0,0,0,0,0,0,0,0
WG_METRICS 666,256,768,1.0612,0.0077,0.0063,1.0149,0.0148,0.0176,256,768,196608,393216,193725.3750,387450.7500,0.0000,0,0.0000,0.0000,0,0.0000,0,0.0000,0.0000,0,0.0000,0.0000,0,0,0,0,0,0,0,0,0,0,0,0,0,0,0,0,0,0,0,0,0,0,0,0,0
WG_METRICS 667,256,768,1.0372,0.0087,0.0088,0.9886,0.0147,0.0164,256,768,196608,393216,198875.1719,397750.3438,0.0000,0,0.0000,0.0000,0,0.0000,0,0.0000,0.0000,0,0.0000,0.0000,0,0,0,0,0,0,0,0,0,0,0,0,0,0,0,0,0,0,0,0,0,0,0,0,0
WG_METRICS 668,256,768,1.0263,0.0076,0.0100,0.9774,0.0145,0.0167,256,768,196608,393216,201145.8438,402291.6875,0.0000,0,0.0000,0.0000,0,0.0000,0,0.0000,0.0000,0,0.0000,0.0000,0,0,0,0,0,0,0,0,0,0,0,0,0,0,0,0,0,0,0,0,0,0,0,0,0
WG_METRICS 669,256,768,1.0409,0.0079,0.0069,0.9861,0.0230,0.0170,256,768,196608,393216,199383.4219,398766.8438,0.0000,0,0.0000,0.0000,0,0.0000,0,0.0000,0.0000,0,0.0000,0.0000,0,0,0,0,0,0,0,0,0,0,0,0,0,0,0,0,0,0,0,0,0,0,0,0,0
