WG_METRICS_HEADER frame,q1_shards,q1_shard_capacity,gpu_frame_ms,reset_ms,reset_barrier_ms,compute_ms,metrics_copy_ms,render_ms,q2_shards,q2_shard_capacity,edges,vertices,edges_per_ms,vertices_per_ms,q1_deq_attempt_mean,q1_deq_attempt_max,q1_deq_attempt_imbalance,q1_deq_cas_fail_mean,q1_deq_cas_fail_max,q1_deq_probe_mean,q1_deq_probe_max,q1_deq_probe_imbalance,q1_enq_attempt_mean,q1_enq_attempt_max,q1_enq_attempt_imbalance,q1_high_water_mean,q1_high_water_max,q1_enq_ok,q1_enq_cas_fail,q1_enq_full,q1_deq_ok,q1_deq_cas_fail,q1_deq_empty,q1_ready_cas_fail,q1_ready_max_spin,q1_high_water,q2_enq_ok,q2_enq_cas_fail,q2_enq_full,q2_deq_ok,q2_deq_cas_fail,q2_deq_empty,q2_ready_cas_fail,q2_ready_max_spin,q2_high_water,node_a_seed,node_b_tasks,node_b_subdivide,node_b_final,node_c_output,stop_writes
WG_METRICS 1,256,768,1.9141,0.0112,0.0072,1.8484,0.0169,0.0304,256,768,196608,393216,106368.8906,212737.7812,0.0000,0,0.0000,0.0000,0,0.0000,0,0.0000,0.0000,0,0.0000,0.0000,0,0,0,0,0,0,0,0,0,0,0,0,0,0,0,0,0,0,0,0,0,0,0,0,0
WG_METRICS 2,256,768,1.8923,0.0155,0.0012,1.8291,0.0181,0.0284,256,768,196608,393216,107490.1016,214980.2031,0.0000,0,0.0000,0.0000,0,0.0000,0,0.0000,0.0000,0,0.0000,0.0000,0,0,0,0,0,0,0,0,0,0,0,0,0,0,0,0,0,0,0,0,0,0,0,0,0
WG_METRICS 3,256,768,1.8869,0.0088,0.0070,1.8262,0.0164,0.0285,256,768,196608,393216,107659.6172,215319.2344,0.0000,0,0.0000,0.0000,0,0.0000,0,0.0000,0.0000,0,0.0000,0.0000,0,0,0,0,0,0,0,0,0,0,0,0,0,0,0,0,0,0,0,0,0,0,0,0,0
WG_METRICS 4,256,768,1.9124,0.0087,0.0071,1.8422,0.0250,0.0295,256,768,196608,393216,106724.5625,213449.1250,0.0000,0,0.0000,0.0000,0,0.0000,0,0.0000,0.0000,0,0.0000,0.0000,0,0,0,0,0,0,0,0,0,0,0,0,0,0,0,0,0,0,0,0,0,0,0,0,0
WG_METRICS 5,256,768,1.9378,0.0086,0.0071,1.8770,0.0164,0.0286,256,768,196608,393216,104743.6406,209487.2812,0.0000,0,0.0000,0.0000,0,0.0000,0,0.0000,0.0000,0,0.0000,0.0000,0,0,0,0,0,0,0,0,0,0,0,0,0,0,0,0,0,0,0,0,0,0,0,0,0
WG_METRICS 6,256,768,1.9151,0.0087,0.0070,1.8619,0.0083,0.0292,256,768,196608,393216,105594.2266,211188.4531,0.0000,0,0.0000,0.0000,0,0.0000,0,0.0000,0.0000,0,0.0000,0.0000,0,0,0,0,0,0,0,0,0,0,0,0,0,0,0,0,0,0,0,0,0,0,0,0,0
WG_METRICS 7,256,768,1.9166,0.0086,0.0070,1.8547,0.0177,0.0285,256,768,196608,393216,106004.1406,212008.2812,0.0000,0,0.0000,0.0000,0,0.0000,0,0.0000,0.0000,0,0.0000,0.0000,0,0,0,0,0,0,0,0,0,0,0,0,0,0,0,0,0,0,0,0,0,0,0,0,0
WG_METRICS 8,256,768,1.9127,0.0087,0.0070,1.8509,0.0177,0.0284,256,768,196608,393216,106224.0625,212448.1250,0.0000,0,0.0000,0.0000,0,0.0000,0,0.0000,0.0000,0,0.0000,0.0000,0,0,0,0,0,0,0,0,0,0,0,0,0,0,0,0,0,0,0,0,0,0,0,0,0
WG_METRICS 9,256,768,1.9189,0.0087,0.0071,1.8559,0.0182,0.0290,256,768,196608,393216,105937.8828,211875.7656,0.0000,0,0.0000,0.0000,0,0.0000,0,0.0000,0.0000,0,0.0000,0.0000,0,0,0,0,0,0,0,0,0,0,0,0,0,0,0,0,0,0,0,0,0,0,0,0,0
WG_METRICS 10,256,768,1.9389,0.0087,0.0071,1.8778,0.0165,0.0288,256,768,196608,393216,104703.4766,209406.9531,0.0000,0,0.0000,0.0000,0,0.0000,0,0.0000,0.0000,0,0.0000,0.0000,0,0,0,0,0,0,0,0,0,0,0,0,0,0,0,0,0,0,0,0,0,0,0,0,0
WG_METRICS 11,256,768,2.0540,0.0089,0.0071,1.8580,0.1501,0.0300,256,768,196608,393216,105817.0078,211634.0156,0.0000,0,0.0000,0.0000,0,0.0000,0,0.0000,0.0000,0,0.0000,0.0000,0,0,0,0,0,0,0,0,0,0,0,0,0,0,0,0,0,0,0,0,0,0,0,0,0
WG_METRICS 12,256,768,1.9315,0.0086,0.0071,1.8689,0.0178,0.0290,256,768,196608,393216,105198.7266,210397.4531,0.0000,0,0.0000,0.0000,0,0.0000,0,0.0000,0.0000,0,0.0000,0.0000,0,0,0,0,0,0,0,0,0,0,0,0,0,0,0,0,0,0,0,0,0,0,0,0,0
WG_METRICS 13,256,768,1.9359,0.0090,0.0071,1.8728,0.0177,0.0293,256,768,196608,393216,104978.5312,209957.0625,0.0000,0,0.0000,0.0000,0,0.0000,0,0.0000,0.0000,0,0.0000,0.0000,0,0,0,0,0,0,0,0,0,0,0,0,0,0,0,0,0,0,0,0,0,0,0,0,0
WG_METRICS 14,256,768,1.9832,0.0088,0.0070,1.9200,0.0177,0.0298,256,768,196608,393216,102400.0000,204800.0000,0.0000,0,0.0000,0.0000,0,0.0000,0,0.0000,0.0000,0,0.0000,0.0000,0,0,0,0,0,0,0,0,0,0,0,0,0,0,0,0,0,0,0,0,0,0,0,0,0
WG_METRICS 15,256,768,1.9177,0.0088,0.0070,1.8553,0.0178,0.0289,256,768,196608,393216,105969.8594,211939.7188,0.0000,0,0.0000,0.0000,0,0.0000,0,0.0000,0.0000,0,0.0000,0.0000,0,0,0,0,0,0,0,0,0,0,0,0,0,0,0,0,0,0,0,0,0,0,0,0,0
WG_METRICS 16,256,768,1.9665,0.0087,0.0070,1.9060,0.0162,0.0286,256,768,196608,393216,103149.9922,206299.9844,0.0000,0,0.0000,0.0000,0,0.0000,0,0.0000,0.0000,0,0.0000,0.0000,0,0,0,0,0,0,0,0,0,0,0,0,0,0,0,0,0,0,0,0,0,0,0,0,0
WG_METRICS 17,256,768,1.9511,0.0088,0.0070,1.8898,0.0165,0.0290,256,768,196608,393216,104038.6094,208077.2188,0.0000,0,0.0000,0.0000,0,0.0000,0,0.0000,0.0000,0,0.0000,0.0000,0,0,0,0,0,0,0,0,0,0,0,0,0,0,0,0,0,0,0,0,0,0,0,0,0
WG_METRICS 18,256,768,1.9270,0.0086,0.0070,1.8639,0.0185,0.0289,256,768,196608,393216,105480.9219,210961.8438,0.0000,0,0.0000,0.0000,0,0.0000,0,0.0000,0.0000,0,0.0000,0.0000,0,0,0,0,0,0,0,0,0,0,0,0,0,0,0,0,0,0,0,0,0,0,0,0,0
WG_METRICS 19,256,768,1.9408,0.0087,0.0070,1.8785,0.0181,0.0286,256,768,196608,393216,104663.3438,209326.6875,0.0000,0,0.0000,0.0000,0,0.0000,0,0.0000,0.0000,0,0.0000,0.0000,0,0,0,0,0,0,0,0,0,0,0,0,0,0,0,0,0,0,0,0,0,0,0,0,0
WG_METRICS 20,256,768,1.9371,0.0087,0.0070,1.8746,0.0178,0.0291,256,768,196608,393216,104882.2109,209764.4219,0.0000,0,0.0000,0.0000,0,0.0000,0,0.0000,0.0000,0,0.0000,0.0000,0,0,0,0,0,0,0,0,0,0,0,0,0,0,0,0,0,0,0,0,0,0,0,0,0
WG_METRICS 21,256,768,1.9545,0.0087,0.0071,1.8822,0.0265,0.0300,256,768,196608,393216,104456.4844,208912.9688,0.0000,0,0.0000,0.0000,0,0.0000,0,0.0000,0.0000,0,0.0000,0.0000,0,0,0,0,0,0,0,0,0,0,0,0,0,0,0,0,0,0,0,0,0,0,0,0,0
WG_METRICS 22,256,768,1.9220,0.0088,0.0070,1.8514,0.0250,0.0298,256,768,196608,393216,106194.2266,212388.4531,0.0000,0,0.0000,0.0000,0,0.0000,0,0.0000,0.0000,0,0.0000,0.0000,0,0,0,0,0,0,0,0,0,0,0,0,0,0,0,0,0,0,0,0,0,0,0,0,0
WG_METRICS 23,256,768,1.9046,0.0088,0.0070,1.8435,0.0160,0.0292,256,768,196608,393216,106650.4688,213300.9375,0.0000,0,0.0000,0.0000,0,0.0000,0,0.0000,0.0000,0,0.0000,0.0000,0,0,0,0,0,0,0,0,0,0,0,0,0,0,0,0,0,0,0,0,0,0,0,0,0
WG_METRICS 24,256,768,1.9418,0.0087,0.0070,1.8868,0.0107,0.0286,256,768,196608,393216,104201.8203,208403.6406,0.0000,0,0.0000,0.0000,0,0.0000,0,0.0000,0.0000,0,0.0000,0.0000,0,0,0,0,0,0,0,0,0,0,0,0,0,0,0,0,0,0,0,0,0,0,0,0,0
WG_METRICS 25,256,768,1.9258,0.0088,0.0070,1.8622,0.0185,0.0294,256,768,196608,393216,105580.6172,211161.2344,0.0000,0,0.0000,0.0000,0,0.0000,0,0.0000,0.0000,0,0.0000,0.0000,0,0,0,0,0,0,0,0,0,0,0,0,0,0,0,0,0,0,0,0,0,0,0,0,0
WG_METRICS 26,256,768,1.9235,0.0087,0.0070,1.8532,0.0250,0.0296,256,768,196608,393216,106093.3750,212186.7500,0.0000,0,0.0000,0.0000,0,0.0000,0,0.0000,0.0000,0,0.0000,0.0000,0,0,0,0,0,0,0,0,0,0,0,0,0,0,0,0,0,0,0,0,0,0,0,0,0
WG_METRICS 27,256,768,1.9288,0.0087,0.0071,1.8672,0.0166,0.0292,256,768,196608,393216,105293.3750,210586.7500,0.0000,0,0.0000,0.0000,0,0.0000,0,0.0000,0.0000,0,0.0000,0.0000,0,0,0,0,0,0,0,0,0,0,0,0,0,0,0,0,0,0,0,0,0,0,0,0,0
WG_METRICS 28,256,768,1.9322,0.0088,0.0070,1.8757,0.0111,0.0295,256,768,196608,393216,104817.3516,209634.7031,0.0000,0,0.0000,0.0000,0,0.0000,0,0.0000,0.0000,0,0.0000,0.0000,0,0,0,0,0,0,0,0,0,0,0,0,0,0,0,0,0,0,0,0,0,0,0,0,0
WG_METRICS 29,256,768,1.9258,0.0087,0.0070,1.8690,0.0114,0.0297,256,768,196608,393216,105196.4688,210392.9375,0.0000,0,0.0000,0.0000,0,0.0000,0,0.0000,0.0000,0,0.0000,0.0000,0,0,0,0,0,0,0,0,0,0,0,0,0,0,0,0,0,0,0,0,0,0,0,0,0
WG_METRICS 30,256,768,1.9252,0.0087,0.0070,1.8691,0.0105,0.0298,256,768,196608,393216,105187.4688,210374.9375,0.0000,0,0.0000,0.0000,0,0.0000,0,0.0000,0.0000,0,0.0000,0.0000,0,0,0,0,0,0,0,0,0,0,0,0,0,0,0,0,0,0,0,0,0,0,0,0,0
WG_METRICS 31,256,768,1.9553,0.0089,0.0070,1.8941,0.0164,0.0288,256,768,196608,393216,103799.1250,207598.2500,0.0000,0,0.0000,0.0000,0,0.0000,0,0.0000,0.0000,0,0.0000,0.0000,0,0,0,0,0,0,0,0,0,0,0,0,0,0,0,0,0,0,0,0,0,0,0,0,0
WG_METRICS 32,256,768,1.9346,0.0089,0.0070,1.8783,0.0112,0.0291,256,768,196608,393216,104672.2578,209344.5156,0.0000,0,0.0000,0.0000,0,0.0000,0,0.0000,0.0000,0,0.0000,0.0000,0,0,0,0,0,0,0,0,0,0,0,0,0,0,0,0,0,0,0,0,0,0,0,0,0
WG_METRICS 33,256,768,1.9624,0.0088,0.0070,1.8912,0.0251,0.0302,256,768,196608,393216,103957.1953,207914.3906,0.0000,0,0.0000,0.0000,0,0.0000,0,0.0000,0.0000,0,0.0000,0.0000,0,0,0,0,0,0,0,0,0,0,0,0,0,0,0,0,0,0,0,0,0,0,0,0,0
WG_METRICS 34,256,768,1.9232,0.0087,0.0070,1.8609,0.0178,0.0288,256,768,196608,393216,105653.2422,211306.4844,0.0000,0,0.0000,0.0000,0,0.0000,0,0.0000,0.0000,0,0.0000,0.0000,0,0,0,0,0,0,0,0,0,0,0,0,0,0,0,0,0,0,0,0,0,0,0,0,0
WG_METRICS 35,256,768,1.9263,0.0086,0.0071,1.8686,0.0134,0.0286,256,768,196608,393216,105216.7422,210433.4844,0.0000,0,0.0000,0.0000,0,0.0000,0,0.0000,0.0000,0,0.0000,0.0000,0,0,0,0,0,0,0,0,0,0,0,0,0,0,0,0,0,0,0,0,0,0,0,0,0
WG_METRICS 36,256,768,1.9174,0.0087,0.0070,1.8542,0.0178,0.0296,256,768,196608,393216,106031.5859,212063.1719,0.0000,0,0.0000,0.0000,0,0.0000,0,0.0000,0.0000,0,0.0000,0.0000,0,0,0,0,0,0,0,0,0,0,0,0,0,0,0,0,0,0,0,0,0,0,0,0,0
WG_METRICS 37,256,768,1.9551,0.0088,0.0070,1.8940,0.0166,0.0286,256,768,196608,393216,103803.5078,207607.0156,0.0000,0,0.0000,0.0000,0,0.0000,0,0.0000,0.0000,0,0.0000,0.0000,0,0,0,0,0,0,0,0,0,0,0,0,0,0,0,0,0,0,0,0,0,0,0,0,0
WG_METRICS 38,256,768,2.0943,0.0088,0.0070,1.8976,0.1509,0.0300,256,768,196608,393216,103608.7656,207217.5312,0.0000,0,0.0000,0.0000,0,0.0000,0,0.0000,0.0000,0,0.0000,0.0000,0,0,0,0,0,0,0,0,0,0,0,0,0,0,0,0,0,0,0,0,0,0,0,0,0
WG_METRICS 39,256,768,1.9449,0.0086,0.0070,1.8888,0.0112,0.0292,256,768,196608,393216,104091.4844,208182.9688,0.0000,0,0.0000,0.0000,0,0.0000,0,0.0000,0.0000,0,0.0000,0.0000,0,0,0,0,0,0,0,0,0,0,0,0,0,0,0,0,0,0,0,0,0,0,0,0,0
WG_METRICS 40,256,768,1.9700,0.0088,0.0071,1.9070,0.0178,0.0294,256,768,196608,393216,103098.0625,206196.1250,0.0000,0,0.0000,0.0000,0,0.0000,0,0.0000,0.0000,0,0.0000,0.0000,0,0,0,0,0,0,0,0,0,0,0,0,0,0,0,0,0,0,0,0,0,0,0,0,0
WG_METRICS 41,256,768,1.9300,0.0087,0.0070,1.8659,0.0178,0.0305,256,768,196608,393216,105367.8672,210735.7344,0.0000,0,0.0000,0.0000,0,0.0000,0,0.0000,0.0000,0,0.0000,0.0000,0,0,0,0,0,0,0,0,0,0,0,0,0,0,0,0,0,0,0,0,0,0,0,0,0
WG_METRICS 42,256,768,1.9262,0.0087,0.0070,1.8634,0.0178,0.0293,256,768,196608,393216,105508.0938,211016.1875,0.0000,0,0.0000,0.0000,0,0.0000,0,0.0000,0.0000,0,0.0000,0.0000,0,0,0,0,0,0,0,0,0,0,0,0,0,0,0,0,0,0,0,0,0,0,0,0,0
WG_METRICS 43,256,768,1.9553,0.0088,0.0070,1.8992,0.0112,0.0290,256,768,196608,393216,103519.3047,207038.6094,0.0000,0,0.0000,0.0000,0,0.0000,0,0.0000,0.0000,0,0.0000,0.0000,0,0,0,0,0,0,0,0,0,0,0,0,0,0,0,0,0,0,0,0,0,0,0,0,0
WG_METRICS 44,256,768,1.9409,0.0088,0.0071,1.8766,0.0182,0.0302,256,768,196608,393216,104768.1953,209536.3906,0.0000,0,0.0000,0.0000,0,0.0000,0,0.0000,0.0000,0,0.0000,0.0000,0,0,0,0,0,0,0,0,0,0,0,0,0,0,0,0,0,0,0,0,0,0,0,0,0
WG_METRICS 45,256,768,1.9238,0.0088,0.0070,1.8610,0.0178,0.0292,256,768,196608,393216,105646.4297,211292.8594,0.0000,0,0.0000,0.0000,0,0.0000,0,0.0000,0.0000,0,0.0000,0.0000,0,0,0,0,0,0,0,0,0,0,0,0,0,0,0,0,0,0,0,0,0,0,0,0,0
WG_METRICS 46,256,768,1.9323,0.0088,0.0070,1.8625,0.0252,0.0288,256,768,196608,393216,105560.2109,211120.4219,0.0000,0,0.0000,0.0000,0,0.0000,0,0.0000,0.0000,0,0.0000,0.0000,0,0,0,0,0,0,0,0,0,0,0,0,0,0,0,0,0,0,0,0,0,0,0,0,0
WG_METRICS 47,256,768,1.9294,0.0088,0.0070,1.8669,0.0178,0.0289,256,768,196608,393216,105313.6719,210627.3438,0.0000,0,0.0000,0.0000,0,0.0000,0,0.0000,0.0000,0,0.0000,0.0000,0,0,0,0,0,0,0,0,0,0,0,0,0,0,0,0,0,0,0,0,0,0,0,0,0
WG_METRICS 48,256,768,1.9340,0.0087,0.0071,1.8784,0.0108,0.0290,256,768,196608,393216,104665.5703,209331.1406,0.0000,0,0.0000,0.0000,0,0.0000,0,0.0000,0.0000,0,0.0000,0.0000,0,0,0,0,0,0,0,0,0,0,0,0,0,0,0,0,0,0,0,0,0,0,0,0,0
WG_METRICS 49,256,768,1.9473,0.0088,0.0070,1.8775,0.0253,0.0287,256,768,196608,393216,104719.0938,209438.1875,0.0000,0,0.0000,0.0000,0,0.0000,0,0.0000,0.0000,0,0.0000,0.0000,0,0,0,0,0,0,0,0,0,0,0,0,0,0,0,0,0,0,0,0,0,0,0,0,0
WG_METRICS 50,256,768,1.9297,0.0087,0.0070,1.8666,0.0178,0.0296,256,768,196608,393216,105331.7344,210663.4688,0.0000,0,0.0000,0.0000,0,0.0000,0,0.0000,0.0000,0,0.0000,0.0000,0,0,0,0,0,0,0,0,0,0,0,0,0,0,0,0,0,0,0,0,0,0,0,0,0
WG_METRICS 51,256,768,1.9852,0.0087,0.0070,1.9156,0.0252,0.0287,256,768,196608,393216,102637.3516,205274.7031,0.0000,0,0.0000,0.0000,0,0.0000,0,0.0000,0.0000,0,0.0000,0.0000,0,0,0,0,0,0,0,0,0,0,0,0,0,0,0,0,0,0,0,0,0,0,0,0,0
WG_METRICS 52,256,768,1.9678,0.0088,0.0068,1.8965,0.0262,0.0294,256,768,196608,393216,103667.7656,207335.5312,0.0000,0,0.0000,0.0000,0,0.0000,0,0.0000,0.0000,0,0.0000,0.0000,0,0,0,0,0,0,0,0,0,0,0,0,0,0,0,0,0,0,0,0,0,0,0,0,0
WG_METRICS 53,256,768,1.9480,0.0088,0.0070,1.8853,0.0182,0.0288,256,768,196608,393216,104283.6250,208567.2500,0.0000,0,0.0000,0.0000,0,0.0000,0,0.0000,0.0000,0,0.0000,0.0000,0,0,0,0,0,0,0,0,0,0,0,0,0,0,0,0,0,0,0,0,0,0,0,0,0
WG_METRICS 54,256,768,1.9346,0.0088,0.0070,1.8648,0.0250,0.0290,256,768,196608,393216,105431.1484,210862.2969,0.0000,0,0.0000,0.0000,0,0.0000,0,0.0000,0.0000,0,0.0000,0.0000,0,0,0,0,0,0,0,0,0,0,0,0,0,0,0,0,0,0,0,0,0,0,0,0,0
WG_METRICS 55,256,768,1.9490,0.0088,0.0070,1.8931,0.0111,0.0289,256,768,196608,393216,103856.1484,207712.2969,0.0000,0,0.0000,0.0000,0,0.0000,0,0.0000,0.0000,0,0.0000,0.0000,0,0,0,0,0,0,0,0,0,0,0,0,0,0,0,0,0,0,0,0,0,0,0,0,0
WG_METRICS 56,256,768,1.8286,0.0086,0.0070,1.7689,0.0175,0.0266,256,768,196608,393216,111145.7891,222291.5781,0.0000,0,0.0000,0.0000,0,0.0000,0,0.0000,0.0000,0,0.0000,0.0000,0,0,0,0,0,0,0,0,0,0,0,0,0,0,0,0,0,0,0,0,0,0,0,0,0
WG_METRICS 57,256,768,1.7355,0.0083,0.0070,1.6760,0.0174,0.0267,256,768,196608,393216,117307.8750,234615.7500,0.0000,0,0.0000,0.0000,0,0.0000,0,0.0000,0.0000,0,0.0000,0.0000,0,0,0,0,0,0,0,0,0,0,0,0,0,0,0,0,0,0,0,0,0,0,0,0,0
WG_METRICS 58,256,768,1.8334,0.0085,0.0070,1.7719,0.0176,0.0284,256,768,196608,393216,110960.1094,221920.2188,0.0000,0,0.0000,0.0000,0,0.0000,0,0.0000,0.0000,0,0.0000,0.0000,0,0,0,0,0,0,0,0,0,0,0,0,0,0,0,0,0,0,0,0,0,0,0,0,0
WG_METRICS 59,256,768,1.9075,0.0089,0.0070,1.8369,0.0250,0.0297,256,768,196608,393216,107031.3359,214062.6719,0.0000,0,0.0000,0.0000,0,0.0000,0,0.0000,0.0000,0,0.0000,0.0000,0,0,0,0,0,0,0,0,0,0,0,0,0,0,0,0,0,0,0,0,0,0,0,0,0
WG_METRICS 60,256,768,1.8215,0.0088,0.0070,1.7592,0.0176,0.0289,256,768,196608,393216,111757.3516,223514.7031,0.0000,0,0.0000,0.0000,0,0.0000,0,0.0000,0.0000,0,0.0000,0.0000,0,0,0,0,0,0,0,0,0,0,0,0,0,0,0,0,0,0,0,0,0,0,0,0,0
WG_METRICS 61,256,768,1.9513,0.0088,0.0070,1.8893,0.0178,0.0284,256,768,196608,393216,104065.0391,208130.0781,0.0000,0,0.0000,0.0000,0,0.0000,0,0.0000,0.0000,0,0.0000,0.0000,0,0,0,0,0,0,0,0,0,0,0,0,0,0,0,0,0,0,0,0,0,0,0,0,0
WG_METRICS 62,256,768,1.9813,0.0092,0.0076,1.9183,0.0102,0.0361,256,768,196608,393216,102491.8125,204983.6250,0.0000,0,0.0000,0.0000,0,0.0000,0,0.0000,0.0000,0,0.0000,0.0000,0,0,0,0,0,0,0,0,0,0,0,0,0,0,0,0,0,0,0,0,0,0,0,0,0
WG_METRICS 63,256,768,1.9184,0.0092,0.0076,1.8494,0.0178,0.0344,256,768,196608,393216,106311.3750,212622.7500,0.0000,0,0.0000,0.0000,0,0.0000,0,0.0000,0.0000,0,0.0000,0.0000,0,0,0,0,0,0,0,0,0,0,0,0,0,0,0,0,0,0,0,0,0,0,0,0,0
WG_METRICS 64,256,768,1.9874,0.0092,0.0076,1.9092,0.0254,0.0359,256,768,196608,393216,102979.2578,205958.5156,0.0000,0,0.0000,0.0000,0,0.0000,0,0.0000,0.0000,0,0.0000,0.0000,0,0,0,0,0,0,0,0,0,0,0,0,0,0,0,0,0,0,0,0,0,0,0,0,0
WG_METRICS 65,256,768,1.9136,0.0092,0.0076,1.8511,0.0110,0.0346,256,768,196608,393216,106212.5938,212425.1875,0.0000,0,0.0000,0.0000,0,0.0000,0,0.0000,0.0000,0,0.0000,0.0000,0,0,0,0,0,0,0,0,0,0,0,0,0,0,0,0,0,0,0,0,0,0,0,0,0
WG_METRICS 66,256,768,1.9158,0.0092,0.0076,1.8462,0.0178,0.0351,256,768,196608,393216,106495.6406,212991.2812,0.0000,0,0.0000,0.0000,0,0.0000,0,0.0000,0.0000,0,0.0000,0.0000,0,0,0,0,0,0,0,0,0,0,0,0,0,0,0,0,0,0,0,0,0,0,0,0,0
WG_METRICS 67,256,768,1.9306,0.0093,0.0076,1.8617,0.0166,0.0355,256,768,196608,393216,105607.8359,211215.6719,0.0000,0,0.0000,0.0000,0,0.0000,0,0.0000,0.0000,0,0.0000,0.0000,0,0,0,0,0,0,0,0,0,0,0,0,0,0,0,0,0,0,0,0,0,0,0,0,0
WG_METRICS 68,256,768,1.9332,0.0092,0.0077,1.8762,0.0048,0.0353,256,768,196608,393216,104790.5391,209581.0781,0.0000,0,0.0000,0.0000,0,0.0000,0,0.0000,0.0000,0,0.0000,0.0000,0,0,0,0,0,0,0,0,0,0,0,0,0,0,0,0,0,0,0,0,0,0,0,0,0
WG_METRICS 69,256,768,1.9349,0.0093,0.0076,1.8687,0.0137,0.0356,256,768,196608,393216,105209.9766,210419.9531,0.0000,0,0.0000,0.0000,0,0.0000,0,0.0000,0.0000,0,0.0000,0.0000,0,0,0,0,0,0,0,0,0,0,0,0,0,0,0,0,0,0,0,0,0,0,0,0,0
WG_METRICS 70,256,768,1.9191,0.0092,0.0076,1.8578,0.0104,0.0340,256,768,196608,393216,105830.6797,211661.3594,0.0000,0,0.0000,0.0000,0,0.0000,0,0.0000,0.0000,0,0.0000,0.0000,0,0,0,0,0,0,0,0,0,0,0,0,0,0,0,0,0,0,0,0,0,0,0,0,0
WG_METRICS 71,256,768,1.9576,0.0092,0.0076,1.8853,0.0162,0.0392,256,768,196608,393216,104285.8359,208571.6719,0.0000,0,0.0000,0.0000,0,0.0000,0,0.0000,0.0000,0,0.0000,0.0000,0,0,0,0,0,0,0,0,0,0,0,0,0,0,0,0,0,0,0,0,0,0,0,0,0
WG_METRICS 72,256,768,1.9184,0.0093,0.0076,1.8468,0.0182,0.0365,256,768,196608,393216,106461.0469,212922.0938,0.0000,0,0.0000,0.0000,0,0.0000,0,0.0000,0.0000,0,0.0000,0.0000,0,0,0,0,0,0,0,0,0,0,0,0,0,0,0,0,0,0,0,0,0,0,0,0,0
WG_METRICS 73,256,768,1.9353,0.0093,0.0076,1.8611,0.0212,0.0362,256,768,196608,393216,105641.8828,211283.7656,0.0000,0,0.0000,0.0000,0,0.0000,0,0.0000,0.0000,0,0.0000,0.0000,0,0,0,0,0,0,0,0,0,0,0,0,0,0,0,0,0,0,0,0,0,0,0,0,0
WG_METRICS 74,256,768,1.9512,0.0092,0.0076,1.8732,0.0254,0.0357,256,768,196608,393216,104958.3594,209916.7188,0.0000,0,0.0000,0.0000,0,0.0000,0,0.0000,0.0000,0,0.0000,0.0000,0,0,0,0,0,0,0,0,0,0,0,0,0,0,0,0,0,0,0,0,0,0,0,0,0
WG_METRICS 75,256,768,1.9501,0.0091,0.0076,1.8803,0.0178,0.0352,256,768,196608,393216,104560.9297,209121.8594,0.0000,0,0.0000,0.0000,0,0.0000,0,0.0000,0.0000,0,0.0000,0.0000,0,0,0,0,0,0,0,0,0,0,0,0,0,0,0,0,0,0,0,0,0,0,0,0,0
WG_METRICS 76,256,768,1.9379,0.0092,0.0076,1.8680,0.0171,0.0361,256,768,196608,393216,105252.7891,210505.5781,0.0000,0,0.0000,0.0000,0,0.0000,0,0.0000,0.0000,0,0.0000,0.0000,0,0,0,0,0,0,0,0,0,0,0,0,0,0,0,0,0,0,0,0,0,0,0,0,0
WG_METRICS 77,256,768,1.9138,0.0092,0.0076,1.8524,0.0103,0.0342,256,768,196608,393216,106134.6094,212269.2188,0.0000,0,0.0000,0.0000,0,0.0000,0,0.0000,0.0000,0,0.0000,0.0000,0,0,0,0,0,0,0,0,0,0,0,0,0,0,0,0,0,0,0,0,0,0,0,0,0
WG_METRICS 78,256,768,1.9297,0.0093,0.0076,1.8638,0.0136,0.0353,256,768,196608,393216,105485.4531,210970.9062,0.0000,0,0.0000,0.0000,0,0.0000,0,0.0000,0.0000,0,0.0000,0.0000,0,0,0,0,0,0,0,0,0,0,0,0,0,0,0,0,0,0,0,0,0,0,0,0,0
WG_METRICS 79,256,768,1.9670,0.0092,0.0076,1.8978,0.0170,0.0353,256,768,196608,393216,103595.6641,207191.3281,0.0000,0,0.0000,0.0000,0,0.0000,0,0.0000,0.0000,0,0.0000,0.0000,0,0,0,0,0,0,0,0,0,0,0,0,0,0,0,0,0,0,0,0,0,0,0,0,0
WG_METRICS 80,256,768,1.9242,0.0092,0.0076,1.8626,0.0102,0.0346,256,768,196608,393216,105555.6797,211111.3594,0.0000,0,0.0000,0.0000,0,0.0000,0,0.0000,0.0000,0,0.0000,0.0000,0,0,0,0,0,0,0,0,0,0,0,0,0,0,0,0,0,0,0,0,0,0,0,0,0
WG_METRICS 81,256,768,1.9383,0.0093,0.0076,1.8680,0.0178,0.0356,256,768,196608,393216,105250.5312,210501.0625,0.0000,0,0.0000,0.0000,0,0.0000,0,0.0000,0.0000,0,0.0000,0.0000,0,0,0,0,0,0,0,0,0,0,0,0,0,0,0,0,0,0,0,0,0,0,0,0,0
WG_METRICS 82,256,768,1.9258,0.0092,0.0071,1.8575,0.0178,0.0343,256,768,196608,393216,105846.6250,211693.2500,0.0000,0,0.0000,0.0000,0,0.0000,0,0.0000,0.0000,0,0.0000,0.0000,0,0,0,0,0,0,0,0,0,0,0,0,0,0,0,0,0,0,0,0,0,0,0,0,0
WG_METRICS 83,256,768,1.9518,0.0092,0.0076,1.8824,0.0179,0.0347,256,768,196608,393216,104447.6094,208895.2188,0.0000,0,0.0000,0.0000,0,0.0000,0,0.0000,0.0000,0,0.0000,0.0000,0,0,0,0,0,0,0,0,0,0,0,0,0,0,0,0,0,0,0,0,0,0,0,0,0
WG_METRICS 84,256,768,1.9563,0.0092,0.0076,1.8755,0.0256,0.0384,256,768,196608,393216,104828.5312,209657.0625,0.0000,0,0.0000,0.0000,0,0.0000,0,0.0000,0.0000,0,0.0000,0.0000,0,0,0,0,0,0,0,0,0,0,0,0,0,0,0,0,0,0,0,0,0,0,0,0,0
WG_METRICS 85,256,768,1.9283,0.0094,0.0076,1.8573,0.0183,0.0358,256,768,196608,393216,105858.0312,211716.0625,0.0000,0,0.0000,0.0000,0,0.0000,0,0.0000,0.0000,0,0.0000,0.0000,0,0,0,0,0,0,0,0,0,0,0,0,0,0,0,0,0,0,0,0,0,0,0,0,0
WG_METRICS 86,256,768,1.9254,0.0092,0.0076,1.8560,0.0178,0.0348,256,768,196608,393216,105928.7500,211857.5000,0.0000,0,0.0000,0.0000,0,0.0000,0,0.0000,0.0000,0,0.0000,0.0000,0,0,0,0,0,0,0,0,0,0,0,0,0,0,0,0,0,0,0,0,0,0,0,0,0
WG_METRICS 87,256,768,1.9436,0.0092,0.0076,1.8753,0.0168,0.0346,256,768,196608,393216,104841.9453,209683.8906,0.0000,0,0.0000,0.0000,0,0.0000,0,0.0000,0.0000,0,0.0000,0.0000,0,0,0,0,0,0,0,0,0,0,0,0,0,0,0,0,0,0,0,0,0,0,0,0,0
WG_METRICS 88,256,768,1.9724,0.0092,0.0076,1.9003,0.0166,0.0387,256,768,196608,393216,103462.6484,206925.2969,0.0000,0,0.0000,0.0000,0,0.0000,0,0.0000,0.0000,0,0.0000,0.0000,0,0,0,0,0,0,0,0,0,0,0,0,0,0,0,0,0,0,0,0,0,0,0,0,0
WG_METRICS 89,256,768,1.9533,0.0092,0.0076,1.8841,0.0180,0.0343,256,768,196608,393216,104352.2500,208704.5000,0.0000,0,0.0000,0.0000,0,0.0000,0,0.0000,0.0000,0,0.0000,0.0000,0,0,0,0,0,0,0,0,0,0,0,0,0,0,0,0,0,0,0,0,0,0,0,0,0
WG_METRICS 90,256,768,1.9409,0.0092,0.0076,1.8795,0.0102,0.0344,256,768,196608,393216,104607.6562,209215.3125,0.0000,0,0.0000,0.0000,0,0.0000,0,0.0000,0.0000,0,0.0000,0.0000,0,0,0,0,0,0,0,0,0,0,0,0,0,0,0,0,0,0,0,0,0,0,0,0,0
WG_METRICS 91,256,768,1.9210,0.0092,0.0076,1.8593,0.0102,0.0348,256,768,196608,393216,105744.1562,211488.3125,0.0000,0,0.0000,0.0000,0,0.0000,0,0.0000,0.0000,0,0.0000,0.0000,0,0,0,0,0,0,0,0,0,0,0,0,0,0,0,0,0,0,0,0,0,0,0,0,0
WG_METRICS 92,256,768,1.9284,0.0093,0.0076,1.8587,0.0178,0.0349,256,768,196608,393216,105776.0234,211552.0469,0.0000,0,0.0000,0.0000,0,0.0000,0,0.0000,0.0000,0,0.0000,0.0000,0,0,0,0,0,0,0,0,0,0,0,0,0,0,0,0,0,0,0,0,0,0,0,0,0
WG_METRICS 93,256,768,1.9208,0.0092,0.0076,1.8530,0.0168,0.0343,256,768,196608,393216,106104.8281,212209.6562,0.0000,0,0.0000,0.0000,0,0.0000,0,0.0000,0.0000,0,0.0000,0.0000,0,0,0,0,0,0,0,0,0,0,0,0,0,0,0,0,0,0,0,0,0,0,0,0,0
WG_METRICS 94,256,768,1.9418,0.0092,0.0076,1.8710,0.0177,0.0362,256,768,196608,393216,105081.7734,210163.5469,0.0000,0,0.0000,0.0000,0,0.0000,0,0.0000,0.0000,0,0.0000,0.0000,0,0,0,0,0,0,0,0,0,0,0,0,0,0,0,0,0,0,0,0,0,0,0,0,0
WG_METRICS 95,256,768,1.9753,0.0141,0.0041,1.8952,0.0255,0.0364,256,768,196608,393216,103739.9766,207479.9531,0.0000,0,0.0000,0.0000,0,0.0000,0,0.0000,0.0000,0,0.0000,0.0000,0,0,0,0,0,0,0,0,0,0,0,0,0,0,0,0,0,0,0,0,0,0,0,0,0
WG_METRICS 96,256,768,1.9385,0.0093,0.0075,1.8762,0.0104,0.0351,256,768,196608,393216,104792.7656,209585.5312,0.0000,0,0.0000,0.0000,0,0.0000,0,0.0000,0.0000,0,0.0000,0.0000,0,0,0,0,0,0,0,0,0,0,0,0,0,0,0,0,0,0,0,0,0,0,0,0,0
WG_METRICS 97,256,768,1.9521,0.0092,0.0076,1.8880,0.0104,0.0370,256,768,196608,393216,104137.8047,208275.6094,0.0000,0,0.0000,0.0000,0,0.0000,0,0.0000,0.0000,0,0.0000,0.0000,0,0,0,0,0,0,0,0,0,0,0,0,0,0,0,0,0,0,0,0,0,0,0,0,0
WG_METRICS 98,256,768,1.9351,0.0092,0.0076,1.8651,0.0178,0.0355,256,768,196608,393216,105415.3203,210830.6406,0.0000,0,0.0000,0.0000,0,0.0000,0,0.0000,0.0000,0,0.0000,0.0000,0,0,0,0,0,0,0,0,0,0,0,0,0,0,0,0,0,0,0,0,0,0,0,0,0
WG_METRICS 99,256,768,1.9326,0.0092,0.0076,1.8638,0.0167,0.0352,256,768,196608,393216,105485.4531,210970.9062,0.0000,0,0.0000,0.0000,0,0.0000,0,0.0000,0.0000,0,0.0000,0.0000,0,0,0,0,0,0,0,0,0,0,0,0,0,0,0,0,0,0,0,0,0,0,0,0,0
WG_METRICS 100,256,768,1.9690,0.0092,0.0076,1.9061,0.0068,0.0393,256,768,196608,393216,103147.8203,206295.6406,0.0000,0,0.0000,0.0000,0,0.0000,0,0.0000,0.0000,0,0.0000,0.0000,0,0,0,0,0,0,0,0,0,0,0,0,0,0,0,0,0,0,0,0,0,0,0,0,0
WG_METRICS 101,256,768,1.9316,0.0092,0.0076,1.8699,0.0101,0.0348,256,768,196608,393216,105144.7188,210289.4375,0.0000,0,0.0000,0.0000,0,0.0000,0,0.0000,0.0000,0,0.0000,0.0000,0,0,0,0,0,0,0,0,0,0,0,0,0,0,0,0,0,0,0,0,0,0,0,0,0
WG_METRICS 102,256,768,1.9232,0.0093,0.0076,1.8459,0.0253,0.0350,256,768,196608,393216,106509.4922,213018.9844,0.0000,0,0.0000,0.0000,0,0.0000,0,0.0000,0.0000,0,0.0000,0.0000,0,0,0,0,0,0,0,0,0,0,0,0,0,0,0,0,0,0,0,0,0,0,0,0,0
WG_METRICS 103,256,768,1.9404,0.0094,0.0076,1.8696,0.0177,0.0360,256,768,196608,393216,105160.4609,210320.9219,0.0000,0,0.0000,0.0000,0,0.0000,0,0.0000,0.0000,0,0.0000,0.0000,0,0,0,0,0,0,0,0,0,0,0,0,0,0,0,0,0,0,0,0,0,0,0,0,0
WG_METRICS 104,256,768,1.9170,0.0092,0.0076,1.8548,0.0088,0.0366,256,768,196608,393216,106001.8516,212003.7031,0.0000,0,0.0000,0.0000,0,0.0000,0,0.0000,0.0000,0,0.0000,0.0000,0,0,0,0,0,0,0,0,0,0,0,0,0,0,0,0,0,0,0,0,0,0,0,0,0
WG_METRICS 105,256,768,1.9208,0.0092,0.0076,1.8501,0.0178,0.0360,256,768,196608,393216,106267.7031,212535.4062,0.0000,0,0.0000,0.0000,0,0.0000,0,0.0000,0.0000,0,0.0000,0.0000,0,0,0,0,0,0,0,0,0,0,0,0,0,0,0,0,0,0,0,0,0,0,0,0,0
WG_METRICS 106,256,768,1.9580,0.0094,0.0076,1.8864,0.0175,0.0370,256,768,196608,393216,104223.9219,208447.8438,0.0000,0,0.0000,0.0000,0,0.0000,0,0.0000,0.0000,0,0.0000,0.0000,0,0,0,0,0,0,0,0,0,0,0,0,0,0,0,0,0,0,0,0,0,0,0,0,0
WG_METRICS 107,256,768,1.9274,0.0092,0.0076,1.8580,0.0166,0.0360,256,768,196608,393216,105819.2891,211638.5781,0.0000,0,0.0000,0.0000,0,0.0000,0,0.0000,0.0000,0,0.0000,0.0000,0,0,0,0,0,0,0,0,0,0,0,0,0,0,0,0,0,0,0,0,0,0,0,0,0
WG_METRICS 108,256,768,1.9274,0.0092,0.0076,1.8676,0.0088,0.0342,256,768,196608,393216,105275.3281,210550.6562,0.0000,0,0.0000,0.0000,0,0.0000,0,0.0000,0.0000,0,0.0000,0.0000,0,0,0,0,0,0,0,0,0,0,0,0,0,0,0,0,0,0,0,0,0,0,0,0,0
WG_METRICS 109,256,768,1.9334,0.0092,0.0076,1.8639,0.0178,0.0349,256,768,196608,393216,105483.1797,210966.3594,0.0000,0,0.0000,0.0000,0,0.0000,0,0.0000,0.0000,0,0.0000,0.0000,0,0,0,0,0,0,0,0,0,0,0,0,0,0,0,0,0,0,0,0,0,0,0,0,0
WG_METRICS 110,256,768,1.9386,0.0092,0.0076,1.8774,0.0085,0.0359,256,768,196608,393216,104723.5547,209447.1094,0.0000,0,0.0000,0.0000,0,0.0000,0,0.0000,0.0000,0,0.0000,0.0000,0,0,0,0,0,0,0,0,0,0,0,0,0,0,0,0,0,0,0,0,0,0,0,0,0
WG_METRICS 111,256,768,1.9609,0.0093,0.0076,1.8930,0.0122,0.0388,256,768,196608,393216,103858.3438,207716.6875,0.0000,0,0.0000,0.0000,0,0.0000,0,0.0000,0.0000,0,0.0000,0.0000,0,0,0,0,0,0,0,0,0,0,0,0,0,0,0,0,0,0,0,0,0,0,0,0,0
WG_METRICS 112,256,768,1.9185,0.0088,0.0070,1.8626,0.0108,0.0293,256,768,196608,393216,105557.9375,211115.8750,0.0000,0,0.0000,0.0000,0,0.0000,0,0.0000,0.0000,0,0.0000,0.0000,0,0,0,0,0,0,0,0,0,0,0,0,0,0,0,0,0,0,0,0,0,0,0,0,0
WG_METRICS 113,256,768,1.9389,0.0088,0.0070,1.8760,0.0180,0.0290,256,768,196608,393216,104799.4688,209598.9375,0.0000,0,0.0000,0.0000,0,0.0000,0,0.0000,0.0000,0,0.0000,0.0000,0,0,0,0,0,0,0,0,0,0,0,0,0,0,0,0,0,0,0,0,0,0,0,0,0
WG_METRICS 114,256,768,1.9794,0.0088,0.0070,1.8569,0.0779,0.0289,256,768,196608,393216,105880.8359,211761.6719,0.0000,0,0.0000,0.0000,0,0.0000,0,0.0000,0.0000,0,0.0000,0.0000,0,0,0,0,0,0,0,0,0,0,0,0,0,0,0,0,0,0,0,0,0,0,0,0,0
WG_METRICS 115,256,768,1.9006,0.0087,0.0070,1.8470,0.0086,0.0293,256,768,196608,393216,106449.5234,212899.0469,0.0000,0,0.0000,0.0000,0,0.0000,0,0.0000,0.0000,0,0.0000,0.0000,0,0,0,0,0,0,0,0,0,0,0,0,0,0,0,0,0,0,0,0,0,0,0,0,0
WG_METRICS 116,256,768,1.9331,0.0089,0.0070,1.8707,0.0178,0.0288,256,768,196608,393216,105099.7500,210199.5000,0.0000,0,0.0000,0.0000,0,0.0000,0,0.0000,0.0000,0,0.0000,0.0000,0,0,0,0,0,0,0,0,0,0,0,0,0,0,0,0,0,0,0,0,0,0,0,0,0
WG_METRICS 117,256,768,1.9225,0.0087,0.0143,1.8434,0.0252,0.0310,256,768,196608,393216,106655.0938,213310.1875,0.0000,0,0.0000,0.0000,0,0.0000,0,0.0000,0.0000,0,0.0000,0.0000,0,0,0,0,0,0,0,0,0,0,0,0,0,0,0,0,0,0,0,0,0,0,0,0,0
WG_METRICS 118,256,768,1.9604,0.0090,0.0070,1.9059,0.0092,0.0293,256,768,196608,393216,103158.6484,206317.2969,0.0000,0,0.0000,0.0000,0,0.0000,0,0.0000,0.0000,0,0.0000,0.0000,0,0,0,0,0,0,0,0,0,0,0,0,0,0,0,0,0,0,0,0,0,0,0,0,0
WG_METRICS 119,256,768,1.9371,0.0093,0.0070,1.8785,0.0136,0.0286,256,768,196608,393216,104663.3438,209326.6875,0.0000,0,0.0000,0.0000,0,0.0000,0,0.0000,0.0000,0,0.0000,0.0000,0,0,0,0,0,0,0,0,0,0,0,0,0,0,0,0,0,0,0,0,0,0,0,0,0
WG_METRICS 120,256,768,1.9439,0.0088,0.0070,1.8815,0.0178,0.0288,256,768,196608,393216,104494.2344,208988.4688,0.0000,0,0.0000,0.0000,0,0.0000,0,0.0000,0.0000,0,0.0000,0.0000,0,0,0,0,0,0,0,0,0,0,0,0,0,0,0,0,0,0,0,0,0,0,0,0,0
WG_METRICS 121,256,768,1.9465,0.0090,0.0070,1.8859,0.0160,0.0285,256,768,196608,393216,104250.4453,208500.8906,0.0000,0,0.0000,0.0000,0,0.0000,0,0.0000,0.0000,0,0.0000,0.0000,0,0,0,0,0,0,0,0,0,0,0,0,0,0,0,0,0,0,0,0,0,0,0,0,0
WG_METRICS 122,256,768,1.9151,0.0088,0.0070,1.8515,0.0182,0.0295,256,768,196608,393216,106187.3516,212374.7031,0.0000,0,0.0000,0.0000,0,0.0000,0,0.0000,0.0000,0,0.0000,0.0000,0,0,0,0,0,0,0,0,0,0,0,0,0,0,0,0,0,0,0,0,0,0,0,0,0
WG_METRICS 123,256,768,1.9235,0.0087,0.0070,1.8539,0.0251,0.0288,256,768,196608,393216,106052.1719,212104.3438,0.0000,0,0.0000,0.0000,0,0.0000,0,0.0000,0.0000,0,0.0000,0.0000,0,0,0,0,0,0,0,0,0,0,0,0,0,0,0,0,0,0,0,0,0,0,0,0,0
WG_METRICS 124,256,768,1.9186,0.0086,0.0070,1.8636,0.0103,0.0290,256,768,196608,393216,105496.7734,210993.5469,0.0000,0,0.0000,0.0000,0,0.0000,0,0.0000,0.0000,0,0.0000,0.0000,0,0,0,0,0,0,0,0,0,0,0,0,0,0,0,0,0,0,0,0,0,0,0,0,0
WG_METRICS 125,256,768,2.0001,0.0088,0.0070,1.9286,0.0263,0.0294,256,768,196608,393216,101943.3828,203886.7656,0.0000,0,0.0000,0.0000,0,0.0000,0,0.0000,0.0000,0,0.0000,0.0000,0,0,0,0,0,0,0,0,0,0,0,0,0,0,0,0,0,0,0,0,0,0,0,0,0
WG_METRICS 126,256,768,1.9344,0.0088,0.0070,1.8730,0.0163,0.0292,256,768,196608,393216,104967.3281,209934.6562,0.0000,0,0.0000,0.0000,0,0.0000,0,0.0000,0.0000,0,0.0000,0.0000,0,0,0,0,0,0,0,0,0,0,0,0,0,0,0,0,0,0,0,0,0,0,0,0,0
WG_METRICS 127,256,768,1.9220,0.0088,0.0070,1.8593,0.0178,0.0291,256,768,196608,393216,105744.1562,211488.3125,0.0000,0,0.0000,0.0000,0,0.0000,0,0.0000,0.0000,0,0.0000,0.0000,0,0,0,0,0,0,0,0,0,0,0,0,0,0,0,0,0,0,0,0,0,0,0,0,0
WG_METRICS 128,256,768,1.9002,0.0086,0.0070,1.8378,0.0178,0.0289,256,768,196608,393216,106977.7578,213955.5156,0.0000,0,0.0000,0.0000,0,0.0000,0,0.0000,0.0000,0,0.0000,0.0000,0,0,0,0,0,0,0,0,0,0,0,0,0,0,0,0,0,0,0,0,0,0,0,0,0
WG_METRICS 129,256,768,1.9451,0.0088,0.0070,1.8827,0.0178,0.0288,256,768,196608,393216,104427.6406,208855.2812,0.0000,0,0.0000,0.0000,0,0.0000,0,0.0000,0.0000,0,0.0000,0.0000,0,0,0,0,0,0,0,0,0,0,0,0,0,0,0,0,0,0,0,0,0,0,0,0,0
WG_METRICS 130,256,768,1.9275,0.0088,0.0070,1.8689,0.0136,0.0291,256,768,196608,393216,105198.7266,210397.4531,0.0000,0,0.0000,0.0000,0,0.0000,0,0.0000,0.0000,0,0.0000,0.0000,0,0,0,0,0,0,0,0,0,0,0,0,0,0,0,0,0,0,0,0,0,0,0,0,0
WG_METRICS 131,256,768,1.9118,0.0088,0.0070,1.8490,0.0177,0.0293,256,768,196608,393216,106332.0703,212664.1406,0.0000,0,0.0000,0.0000,0,0.0000,0,0.0000,0.0000,0,0.0000,0.0000,0,0,0,0,0,0,0,0,0,0,0,0,0,0,0,0,0,0,0,0,0,0,0,0,0
WG_METRICS 132,256,768,1.9209,0.0088,0.0070,1.8509,0.0252,0.0291,256,768,196608,393216,106224.0625,212448.1250,0.0000,0,0.0000,0.0000,0,0.0000,0,0.0000,0.0000,0,0.0000,0.0000,0,0,0,0,0,0,0,0,0,0,0,0,0,0,0,0,0,0,0,0,0,0,0,0,0
WG_METRICS 133,256,768,1.9707,0.0086,0.0070,1.9096,0.0163,0.0292,256,768,196608,393216,102957.6875,205915.3750,0.0000,0,0.0000,0.0000,0,0.0000,0,0.0000,0.0000,0,0.0000,0.0000,0,0,0,0,0,0,0,0,0,0,0,0,0,0,0,0,0,0,0,0,0,0,0,0,0
WG_METRICS 134,256,768,1.9417,0.0088,0.0071,1.8774,0.0182,0.0302,256,768,196608,393216,104721.3203,209442.6406,0.0000,0,0.0000,0.0000,0,0.0000,0,0.0000,0.0000,0,0.0000,0.0000,0,0,0,0,0,0,0,0,0,0,0,0,0,0,0,0,0,0,0,0,0,0,0,0,0
WG_METRICS 135,256,768,1.9185,0.0086,0.0070,1.8572,0.0165,0.0292,256,768,196608,393216,105864.8672,211729.7344,0.0000,0,0.0000,0.0000,0,0.0000,0,0.0000,0.0000,0,0.0000,0.0000,0,0,0,0,0,0,0,0,0,0,0,0,0,0,0,0,0,0,0,0,0,0,0,0,0
WG_METRICS 136,256,768,1.9556,0.0088,0.0070,1.9005,0.0107,0.0285,256,768,196608,393216,103451.7578,206903.5156,0.0000,0,0.0000,0.0000,0,0.0000,0,0.0000,0.0000,0,0.0000,0.0000,0,0,0,0,0,0,0,0,0,0,0,0,0,0,0,0,0,0,0,0,0,0,0,0,0
WG_METRICS 137,256,768,1.9611,0.0087,0.0070,1.8990,0.0178,0.0286,256,768,196608,393216,103534.5703,207069.1406,0.0000,0,0.0000,0.0000,0,0.0000,0,0.0000,0.0000,0,0.0000,0.0000,0,0,0,0,0,0,0,0,0,0,0,0,0,0,0,0,0,0,0,0,0,0,0,0,0
WG_METRICS 138,256,768,1.9299,0.0088,0.0070,1.8693,0.0163,0.0285,256,768,196608,393216,105178.4688,210356.9375,0.0000,0,0.0000,0.0000,0,0.0000,0,0.0000,0.0000,0,0.0000,0.0000,0,0,0,0,0,0,0,0,0,0,0,0,0,0,0,0,0,0,0,0,0,0,0,0,0
WG_METRICS 139,256,768,1.9297,0.0088,0.0071,1.8676,0.0162,0.0300,256,768,196608,393216,105270.8203,210541.6406,0.0000,0,0.0000,0.0000,0,0.0000,0,0.0000,0.0000,0,0.0000,0.0000,0,0,0,0,0,0,0,0,0,0,0,0,0,0,0,0,0,0,0,0,0,0,0,0,0
WG_METRICS 140,256,768,1.9181,0.0087,0.0070,1.8480,0.0253,0.0291,256,768,196608,393216,106387.3047,212774.6094,0.0000,0,0.0000,0.0000,0,0.0000,0,0.0000,0.0000,0,0.0000,0.0000,0,0,0,0,0,0,0,0,0,0,0,0,0,0,0,0,0,0,0,0,0,0,0,0,0
WG_METRICS 141,256,768,1.9441,0.0091,0.0070,1.8900,0.0089,0.0290,256,768,196608,393216,104025.3984,208050.7969,0.0000,0,0.0000,0.0000,0,0.0000,0,0.0000,0.0000,0,0.0000,0.0000,0,0,0,0,0,0,0,0,0,0,0,0,0,0,0,0,0,0,0,0,0,0,0,0,0
WG_METRICS 142,256,768,1.9100,0.0087,0.0070,1.8481,0.0178,0.0284,256,768,196608,393216,106385.0000,212770.0000,0.0000,0,0.0000,0.0000,0,0.0000,0,0.0000,0.0000,0,0.0000,0.0000,0,0,0,0,0,0,0,0,0,0,0,0,0,0,0,0,0,0,0,0,0,0,0,0,0
WG_METRICS 143,256,768,1.9265,0.0088,0.0070,1.8659,0.0163,0.0284,256,768,196608,393216,105367.8672,210735.7344,0.0000,0,0.0000,0.0000,0,0.0000,0,0.0000,0.0000,0,0.0000,0.0000,0,0,0,0,0,0,0,0,0,0,0,0,0,0,0,0,0,0,0,0,0,0,0,0,0
WG_METRICS 144,256,768,1.9122,0.0088,0.0071,1.8569,0.0104,0.0290,256,768,196608,393216,105878.5547,211757.1094,0.0000,0,0.0000,0.0000,0,0.0000,0,0.0000,0.0000,0,0.0000,0.0000,0,0,0,0,0,0,0,0,0,0,0,0,0,0,0,0,0,0,0,0,0,0,0,0,0
WG_METRICS 145,256,768,1.9560,0.0088,0.0070,1.8848,0.0258,0.0296,256,768,196608,393216,104312.3984,208624.7969,0.0000,0,0.0000,0.0000,0,0.0000,0,0.0000,0.0000,0,0.0000,0.0000,0,0,0,0,0,0,0,0,0,0,0,0,0,0,0,0,0,0,0,0,0,0,0,0,0
WG_METRICS 146,256,768,1.9042,0.0087,0.0070,1.8426,0.0164,0.0295,256,768,196608,393216,106703.7109,213407.4219,0.0000,0,0.0000,0.0000,0,0.0000,0,0.0000,0.0000,0,0.0000,0.0000,0,0,0,0,0,0,0,0,0,0,0,0,0,0,0,0,0,0,0,0,0,0,0,0,0
WG_METRICS 147,256,768,1.9390,0.0086,0.0070,1.8770,0.0178,0.0287,256,768,196608,393216,104745.8750,209491.7500,0.0000,0,0.0000,0.0000,0,0.0000,0,0.0000,0.0000,0,0.0000,0.0000,0,0,0,0,0,0,0,0,0,0,0,0,0,0,0,0,0,0,0,0,0,0,0,0,0
WG_METRICS 148,256,768,1.9343,0.0087,0.0070,1.8715,0.0177,0.0294,256,768,196608,393216,105054.8203,210109.6406,0.0000,0,0.0000,0.0000,0,0.0000,0,0.0000,0.0000,0,0.0000,0.0000,0,0,0,0,0,0,0,0,0,0,0,0,0,0,0,0,0,0,0,0,0,0,0,0,0
WG_METRICS 149,256,768,1.9096,0.0088,0.0070,1.8525,0.0112,0.0302,256,768,196608,393216,106132.3203,212264.6406,0.0000,0,0.0000,0.0000,0,0.0000,0,0.0000,0.0000,0,0.0000,0.0000,0,0,0,0,0,0,0,0,0,0,0,0,0,0,0,0,0,0,0,0,0,0,0,0,0
WG_METRICS 150,256,768,1.9301,0.0088,0.0070,1.8687,0.0146,0.0309,256,768,196608,393216,105212.2344,210424.4688,0.0000,0,0.0000,0.0000,0,0.0000,0,0.0000,0.0000,0,0.0000,0.0000,0,0,0,0,0,0,0,0,0,0,0,0,0,0,0,0,0,0,0,0,0,0,0,0,0
WG_METRICS 151,256,768,1.9395,0.0087,0.0070,1.8772,0.0178,0.0288,256,768,196608,393216,104736.9453,209473.8906,0.0000,0,0.0000,0.0000,0,0.0000,0,0.0000,0.0000,0,0.0000,0.0000,0,0,0,0,0,0,0,0,0,0,0,0,0,0,0,0,0,0,0,0,0,0,0,0,0
WG_METRICS 152,256,768,1.9686,0.0086,0.0070,1.9054,0.0178,0.0298,256,768,196608,393216,103184.6328,206369.2656,0.0000,0,0.0000,0.0000,0,0.0000,0,0.0000,0.0000,0,0.0000,0.0000,0,0,0,0,0,0,0,0,0,0,0,0,0,0,0,0,0,0,0,0,0,0,0,0,0
WG_METRICS 153,256,768,1.9279,0.0088,0.0070,1.8654,0.0178,0.0289,256,768,196608,393216,105397.2344,210794.4688,0.0000,0,0.0000,0.0000,0,0.0000,0,0.0000,0.0000,0,0.0000,0.0000,0,0,0,0,0,0,0,0,0,0,0,0,0,0,0,0,0,0,0,0,0,0,0,0,0
WG_METRICS 154,256,768,1.9430,0.0088,0.0070,1.8732,0.0252,0.0288,256,768,196608,393216,104960.6016,209921.2031,0.0000,0,0.0000,0.0000,0,0.0000,0,0.0000,0.0000,0,0.0000,0.0000,0,0,0,0,0,0,0,0,0,0,0,0,0,0,0,0,0,0,0,0,0,0,0,0,0
WG_METRICS 155,256,768,1.9316,0.0087,0.0071,1.8775,0.0090,0.0293,256,768,196608,393216,104719.0938,209438.1875,0.0000,0,0.0000,0.0000,0,0.0000,0,0.0000,0.0000,0,0.0000,0.0000,0,0,0,0,0,0,0,0,0,0,0,0,0,0,0,0,0,0,0,0,0,0,0,0,0
WG_METRICS 156,256,768,1.9525,0.0087,0.0070,1.8830,0.0250,0.0288,256,768,196608,393216,104414.3281,208828.6562,0.0000,0,0.0000,0.0000,0,0.0000,0,0.0000,0.0000,0,0.0000,0.0000,0,0,0,0,0,0,0,0,0,0,0,0,0,0,0,0,0,0,0,0,0,0,0,0,0
WG_METRICS 157,256,768,1.9620,0.0086,0.0070,1.8925,0.0251,0.0287,256,768,196608,393216,103886.8828,207773.7656,0.0000,0,0.0000,0.0000,0,0.0000,0,0.0000,0.0000,0,0.0000,0.0000,0,0,0,0,0,0,0,0,0,0,0,0,0,0,0,0,0,0,0,0,0,0,0,0,0
WG_METRICS 158,256,768,1.9493,0.0087,0.0070,1.8870,0.0178,0.0288,256,768,196608,393216,104188.5703,208377.1406,0.0000,0,0.0000,0.0000,0,0.0000,0,0.0000,0.0000,0,0.0000,0.0000,0,0,0,0,0,0,0,0,0,0,0,0,0,0,0,0,0,0,0,0,0,0,0,0,0
WG_METRICS 159,256,768,1.9098,0.0089,0.0070,1.8473,0.0178,0.0288,256,768,196608,393216,106431.0781,212862.1562,0.0000,0,0.0000,0.0000,0,0.0000,0,0.0000,0.0000,0,0.0000,0.0000,0,0,0,0,0,0,0,0,0,0,0,0,0,0,0,0,0,0,0,0,0,0,0,0,0
WG_METRICS 160,256,768,1.9348,0.0088,0.0070,1.8727,0.0178,0.0286,256,768,196608,393216,104987.5078,209975.0156,0.0000,0,0.0000,0.0000,0,0.0000,0,0.0000,0.0000,0,0.0000,0.0000,0,0,0,0,0,0,0,0,0,0,0,0,0,0,0,0,0,0,0,0,0,0,0,0,0
WG_METRICS 161,256,768,1.9197,0.0087,0.0070,1.8623,0.0124,0.0292,256,768,196608,393216,105571.5469,211143.0938,0.0000,0,0.0000,0.0000,0,0.0000,0,0.0000,0.0000,0,0.0000,0.0000,0,0,0,0,0,0,0,0,0,0,0,0,0,0,0,0,0,0,0,0,0,0,0,0,0
WG_METRICS 162,256,768,1.9339,0.0088,0.0070,1.8642,0.0250,0.0288,256,768,196608,393216,105462.8125,210925.6250,0.0000,0,0.0000,0.0000,0,0.0000,0,0.0000,0.0000,0,0.0000,0.0000,0,0,0,0,0,0,0,0,0,0,0,0,0,0,0,0,0,0,0,0,0,0,0,0,0
WG_METRICS 163,256,768,1.9218,0.0088,0.0070,1.8617,0.0142,0.0301,256,768,196608,393216,105605.5703,211211.1406,0.0000,0,0.0000,0.0000,0,0.0000,0,0.0000,0.0000,0,0.0000,0.0000,0,0,0,0,0,0,0,0,0,0,0,0,0,0,0,0,0,0,0,0,0,0,0,0,0
WG_METRICS 164,256,768,1.9367,0.0087,0.0070,1.8745,0.0178,0.0287,256,768,196608,393216,104886.6875,209773.3750,0.0000,0,0.0000,0.0000,0,0.0000,0,0.0000,0.0000,0,0.0000,0.0000,0,0,0,0,0,0,0,0,0,0,0,0,0,0,0,0,0,0,0,0,0,0,0,0,0
WG_METRICS 165,256,768,1.9511,0.0088,0.0070,1.8887,0.0178,0.0288,256,768,196608,393216,104098.1016,208196.2031,0.0000,0,0.0000,0.0000,0,0.0000,0,0.0000,0.0000,0,0.0000,0.0000,0,0,0,0,0,0,0,0,0,0,0,0,0,0,0,0,0,0,0,0,0,0,0,0,0
WG_METRICS 166,256,768,1.9490,0.0089,0.0135,1.8704,0.0266,0.0295,256,768,196608,393216,105113.2344,210226.4688,0.0000,0,0.0000,0.0000,0,0.0000,0,0.0000,0.0000,0,0.0000,0.0000,0,0,0,0,0,0,0,0,0,0,0,0,0,0,0,0,0,0,0,0,0,0,0,0,0
WG_METRICS 167,256,768,1.9456,0.0089,0.0070,1.8838,0.0171,0.0288,256,768,196608,393216,104369.9844,208739.9688,0.0000,0,0.0000,0.0000,0,0.0000,0,0.0000,0.0000,0,0.0000,0.0000,0,0,0,0,0,0,0,0,0,0,0,0,0,0,0,0,0,0,0,0,0,0,0,0,0
WG_METRICS 168,256,768,1.9502,0.0088,0.0070,1.8882,0.0177,0.0285,256,768,196608,393216,104126.7656,208253.5312,0.0000,0,0.0000,0.0000,0,0.0000,0,0.0000,0.0000,0,0.0000,0.0000,0,0,0,0,0,0,0,0,0,0,0,0,0,0,0,0,0,0,0,0,0,0,0,0,0
WG_METRICS 169,256,768,1.9086,0.0088,0.0070,1.8456,0.0178,0.0293,256,768,196608,393216,106527.9609,213055.9219,0.0000,0,0.0000,0.0000,0,0.0000,0,0.0000,0.0000,0,0.0000,0.0000,0,0,0,0,0,0,0,0,0,0,0,0,0,0,0,0,0,0,0,0,0,0,0,0,0
WG_METRICS 170,256,768,1.9087,0.0088,0.0070,1.8545,0.0095,0.0289,256,768,196608,393216,106015.5781,212031.1562,0.0000,0,0.0000,0.0000,0,0.0000,0,0.0000,0.0000,0,0.0000,0.0000,0,0,0,0,0,0,0,0,0,0,0,0,0,0,0,0,0,0,0,0,0,0,0,0,0
WG_METRICS 171,256,768,1.9360,0.0087,0.0070,1.8781,0.0122,0.0299,256,768,196608,393216,104683.4062,209366.8125,0.0000,0,0.0000,0.0000,0,0.0000,0,0.0000,0.0000,0,0.0000,0.0000,0,0,0,0,0,0,0,0,0,0,0,0,0,0,0,0,0,0,0,0,0,0,0,0,0
WG_METRICS 172,256,768,1.9334,0.0087,0.0070,1.8714,0.0136,0.0326,256,768,196608,393216,105061.5625,210123.1250,0.0000,0,0.0000,0.0000,0,0.0000,0,0.0000,0.0000,0,0.0000,0.0000,0,0,0,0,0,0,0,0,0,0,0,0,0,0,0,0,0,0,0,0,0,0,0,0,0
WG_METRICS 173,256,768,1.9013,0.0087,0.0070,1.8389,0.0180,0.0287,256,768,196608,393216,106917.2578,213834.5156,0.0000,0,0.0000,0.0000,0,0.0000,0,0.0000,0.0000,0,0.0000,0.0000,0,0,0,0,0,0,0,0,0,0,0,0,0,0,0,0,0,0,0,0,0,0,0,0,0
WG_METRICS 174,256,768,1.9212,0.0087,0.0070,1.8581,0.0178,0.0297,256,768,196608,393216,105812.4531,211624.9062,0.0000,0,0.0000,0.0000,0,0.0000,0,0.0000,0.0000,0,0.0000,0.0000,0,0,0,0,0,0,0,0,0,0,0,0,0,0,0,0,0,0,0,0,0,0,0,0,0
WG_METRICS 175,256,768,1.9205,0.0088,0.0070,1.8570,0.0182,0.0295,256,768,196608,393216,105873.9922,211747.9844,0.0000,0,0.0000,0.0000,0,0.0000,0,0.0000,0.0000,0,0.0000,0.0000,0,0,0,0,0,0,0,0,0,0,0,0,0,0,0,0,0,0,0,0,0,0,0,0,0
WG_METRICS 176,256,768,1.9433,0.0086,0.0070,1.8822,0.0166,0.0288,256,768,196608,393216,104456.4844,208912.9688,0.0000,0,0.0000,0.0000,0,0.0000,0,0.0000,0.0000,0,0.0000,0.0000,0,0,0,0,0,0,0,0,0,0,0,0,0,0,0,0,0,0,0,0,0,0,0,0,0
WG_METRICS 177,256,768,1.9526,0.0087,0.0070,1.8895,0.0178,0.0296,256,768,196608,393216,104051.8203,208103.6406,0.0000,0,0.0000,0.0000,0,0.0000,0,0.0000,0.0000,0,0.0000,0.0000,0,0,0,0,0,0,0,0,0,0,0,0,0,0,0,0,0,0,0,0,0,0,0,0,0
WG_METRICS 178,256,768,1.9144,0.0089,0.0070,1.8534,0.0166,0.0284,256,768,196608,393216,106079.6406,212159.2812,0.0000,0,0.0000,0.0000,0,0.0000,0,0.0000,0.0000,0,0.0000,0.0000,0,0,0,0,0,0,0,0,0,0,0,0,0,0,0,0,0,0,0,0,0,0,0,0,0
WG_METRICS 179,256,768,1.9490,0.0087,0.0070,1.8933,0.0112,0.0288,256,768,196608,393216,103842.9844,207685.9688,0.0000,0,0.0000,0.0000,0,0.0000,0,0.0000,0.0000,0,0.0000,0.0000,0,0,0,0,0,0,0,0,0,0,0,0,0,0,0,0,0,0,0,0,0,0,0,0,0
WG_METRICS 180,256,768,1.9653,0.0087,0.0070,1.9025,0.0178,0.0293,256,768,196608,393216,103343.0078,206686.0156,0.0000,0,0.0000,0.0000,0,0.0000,0,0.0000,0.0000,0,0.0000,0.0000,0,0,0,0,0,0,0,0,0,0,0,0,0,0,0,0,0,0,0,0,0,0,0,0,0
WG_METRICS 181,256,768,1.9153,0.0088,0.0070,1.8621,0.0085,0.0289,256,768,196608,393216,105582.8828,211165.7656,0.0000,0,0.0000,0.0000,0,0.0000,0,0.0000,0.0000,0,0.0000,0.0000,0,0,0,0,0,0,0,0,0,0,0,0,0,0,0,0,0,0,0,0,0,0,0,0,0
WG_METRICS 182,256,768,1.9167,0.0088,0.0070,1.8543,0.0177,0.0288,256,768,196608,393216,106027.0078,212054.0156,0.0000,0,0.0000,0.0000,0,0.0000,0,0.0000,0.0000,0,0.0000,0.0000,0,0,0,0,0,0,0,0,0,0,0,0,0,0,0,0,0,0,0,0,0,0,0,0,0
WG_METRICS 183,256,768,1.9168,0.0088,0.0070,1.8545,0.0177,0.0288,256,768,196608,393216,106015.5781,212031.1562,0.0000,0,0.0000,0.0000,0,0.0000,0,0.0000,0.0000,0,0.0000,0.0000,0,0,0,0,0,0,0,0,0,0,0,0,0,0,0,0,0,0,0,0,0,0,0,0,0
WG_METRICS 184,256,768,1.9240,0.0090,0.0070,1.8709,0.0088,0.0284,256,768,196608,393216,105088.5156,210177.0312,0.0000,0,0.0000,0.0000,0,0.0000,0,0.0000,0.0000,0,0.0000,0.0000,0,0,0,0,0,0,0,0,0,0,0,0,0,0,0,0,0,0,0,0,0,0,0,0,0
WG_METRICS 185,256,768,1.9144,0.0087,0.0070,1.8447,0.0251,0.0290,256,768,196608,393216,106581.0938,213162.1875,0.0000,0,0.0000,0.0000,0,0.0000,0,0.0000,0.0000,0,0.0000,0.0000,0,0,0,0,0,0,0,0,0,0,0,0,0,0,0,0,0,0,0,0,0,0,0,0,0
WG_METRICS 186,256,768,1.9249,0.0087,0.0071,1.8636,0.0164,0.0290,256,768,196608,393216,105499.0312,210998.0625,0.0000,0,0.0000,0.0000,0,0.0000,0,0.0000,0.0000,0,0.0000,0.0000,0,0,0,0,0,0,0,0,0,0,0,0,0,0,0,0,0,0,0,0,0,0,0,0,0
WG_METRICS 187,256,768,1.9275,0.0090,0.0070,1.8630,0.0188,0.0298,256,768,196608,393216,105535.2812,211070.5625,0.0000,0,0.0000,0.0000,0,0.0000,0,0.0000,0.0000,0,0.0000,0.0000,0,0,0,0,0,0,0,0,0,0,0,0,0,0,0,0,0,0,0,0,0,0,0,0,0
WG_METRICS 188,256,768,1.9339,0.0088,0.0070,1.8729,0.0164,0.0287,256,768,196608,393216,104974.0469,209948.0938,0.0000,0,0.0000,0.0000,0,0.0000,0,0.0000,0.0000,0,0.0000,0.0000,0,0,0,0,0,0,0,0,0,0,0,0,0,0,0,0,0,0,0,0,0,0,0,0,0
WG_METRICS 189,256,768,1.9042,0.0088,0.0070,1.8409,0.0178,0.0298,256,768,196608,393216,106801.0938,213602.1875,0.0000,0,0.0000,0.0000,0,0.0000,0,0.0000,0.0000,0,0.0000,0.0000,0,0,0,0,0,0,0,0,0,0,0,0,0,0,0,0,0,0,0,0,0,0,0,0,0
WG_METRICS 190,256,768,1.9369,0.0087,0.0070,1.8745,0.0178,0.0289,256,768,196608,393216,104884.4531,209768.9062,0.0000,0,0.0000,0.0000,0,0.0000,0,0.0000,0.0000,0,0.0000,0.0000,0,0,0,0,0,0,0,0,0,0,0,0,0,0,0,0,0,0,0,0,0,0,0,0,0
WG_METRICS 191,256,768,1.9422,0.0088,0.0070,1.8812,0.0167,0.0284,256,768,196608,393216,104512.0156,209024.0312,0.0000,0,0.0000,0.0000,0,0.0000,0,0.0000,0.0000,0,0.0000,0.0000,0,0,0,0,0,0,0,0,0,0,0,0,0,0,0,0,0,0,0,0,0,0,0,0,0
WG_METRICS 192,256,768,1.9126,0.0087,0.0070,1.8578,0.0103,0.0288,256,768,196608,393216,105830.6797,211661.3594,0.0000,0,0.0000,0.0000,0,0.0000,0,0.0000,0.0000,0,0.0000,0.0000,0,0,0,0,0,0,0,0,0,0,0,0,0,0,0,0,0,0,0,0,0,0,0,0,0
WG_METRICS 193,256,768,1.9446,0.0088,0.0071,1.8814,0.0178,0.0295,256,768,196608,393216,104500.9062,209001.8125,0.0000,0,0.0000,0.0000,0,0.0000,0,0.0000,0.0000,0,0.0000,0.0000,0,0,0,0,0,0,0,0,0,0,0,0,0,0,0,0,0,0,0,0,0,0,0,0,0
WG_METRICS 194,256,768,1.9280,0.0088,0.0070,1.8730,0.0104,0.0287,256,768,196608,393216,104967.3281,209934.6562,0.0000,0,0.0000,0.0000,0,0.0000,0,0.0000,0.0000,0,0.0000,0.0000,0,0,0,0,0,0,0,0,0,0,0,0,0,0,0,0,0,0,0,0,0,0,0,0,0
WG_METRICS 195,256,768,1.9048,0.0087,0.0070,1.8420,0.0178,0.0293,256,768,196608,393216,106733.8438,213467.6875,0.0000,0,0.0000,0.0000,0,0.0000,0,0.0000,0.0000,0,0.0000,0.0000,0,0,0,0,0,0,0,0,0,0,0,0,0,0,0,0,0,0,0,0,0,0,0,0,0
WG_METRICS 196,256,768,1.9720,0.0087,0.0070,1.9096,0.0178,0.0289,256,768,196608,393216,102959.8438,205919.6875,0.0000,0,0.0000,0.0000,0,0.0000,0,0.0000,0.0000,0,0.0000,0.0000,0,0,0,0,0,0,0,0,0,0,0,0,0,0,0,0,0,0,0,0,0,0,0,0,0
WG_METRICS 197,256,768,1.9551,0.0088,0.0070,1.8980,0.0114,0.0300,256,768,196608,393216,103586.9297,207173.8594,0.0000,0,0.0000,0.0000,0,0.0000,0,0.0000,0.0000,0,0.0000,0.0000,0,0,0,0,0,0,0,0,0,0,0,0,0,0,0,0,0,0,0,0,0,0,0,0,0
WG_METRICS 198,256,768,1.9318,0.0090,0.0070,1.8678,0.0182,0.0298,256,768,196608,393216,105259.5469,210519.0938,0.0000,0,0.0000,0.0000,0,0.0000,0,0.0000,0.0000,0,0.0000,0.0000,0,0,0,0,0,0,0,0,0,0,0,0,0,0,0,0,0,0,0,0,0,0,0,0,0
WG_METRICS 199,256,768,1.9149,0.0088,0.0070,1.8568,0.0137,0.0286,256,768,196608,393216,105885.3984,211770.7969,0.0000,0,0.0000,0.0000,0,0.0000,0,0.0000,0.0000,0,0.0000,0.0000,0,0,0,0,0,0,0,0,0,0,0,0,0,0,0,0,0,0,0,0,0,0,0,0,0
WG_METRICS 200,256,768,1.9014,0.0089,0.0070,1.8462,0.0107,0.0285,256,768,196608,393216,106493.3359,212986.6719,0.0000,0,0.0000,0.0000,0,0.0000,0,0.0000,0.0000,0,0.0000,0.0000,0,0,0,0,0,0,0,0,0,0,0,0,0,0,0,0,0,0,0,0,0,0,0,0,0
WG_METRICS 201,256,768,1.9417,0.0087,0.0067,1.8798,0.0178,0.0286,256,768,196608,393216,104587.6250,209175.2500,0.0000,0,0.0000,0.0000,0,0.0000,0,0.0000,0.0000,0,0.0000,0.0000,0,0,0,0,0,0,0,0,0,0,0,0,0,0,0,0,0,0,0,0,0,0,0,0,0
WG_METRICS 202,256,768,1.9019,0.0087,0.0070,1.8394,0.0178,0.0290,256,768,196608,393216,106889.3516,213778.7031,0.0000,0,0.0000,0.0000,0,0.0000,0,0.0000,0.0000,0,0.0000,0.0000,0,0,0,0,0,0,0,0,0,0,0,0,0,0,0,0,0,0,0,0,0,0,0,0,0
WG_METRICS 203,256,768,1.9492,0.0087,0.0070,1.8795,0.0253,0.0286,256,768,196608,393216,104605.4297,209210.8594,0.0000,0,0.0000,0.0000,0,0.0000,0,0.0000,0.0000,0,0.0000,0.0000,0,0,0,0,0,0,0,0,0,0,0,0,0,0,0,0,0,0,0,0,0,0,0,0,0
WG_METRICS 204,256,768,1.9308,0.0088,0.0070,1.8714,0.0140,0.0296,256,768,196608,393216,105061.5625,210123.1250,0.0000,0,0.0000,0.0000,0,0.0000,0,0.0000,0.0000,0,0.0000,0.0000,0,0,0,0,0,0,0,0,0,0,0,0,0,0,0,0,0,0,0,0,0,0,0,0,0
WG_METRICS 205,256,768,1.9164,0.0088,0.0070,1.8556,0.0164,0.0288,256,768,196608,393216,105956.1562,211912.3125,0.0000,0,0.0000,0.0000,0,0.0000,0,0.0000,0.0000,0,0.0000,0.0000,0,0,0,0,0,0,0,0,0,0,0,0,0,0,0,0,0,0,0,0,0,0,0,0,0
WG_METRICS 206,256,768,1.9135,0.0088,0.0070,1.8582,0.0104,0.0291,256,768,196608,393216,105803.3438,211606.6875,0.0000,0,0.0000,0.0000,0,0.0000,0,0.0000,0.0000,0,0.0000,0.0000,0,0,0,0,0,0,0,0,0,0,0,0,0,0,0,0,0,0,0,0,0,0,0,0,0
WG_METRICS 207,256,768,1.9534,0.0090,0.0070,1.8900,0.0183,0.0292,256,768,196608,393216,104025.3984,208050.7969,0.0000,0,0.0000,0.0000,0,0.0000,0,0.0000,0.0000,0,0.0000,0.0000,0,0,0,0,0,0,0,0,0,0,0,0,0,0,0,0,0,0,0,0,0,0,0,0,0
WG_METRICS 208,256,768,1.9332,0.0087,0.0070,1.8707,0.0178,0.0290,256,768,196608,393216,105099.7500,210199.5000,0.0000,0,0.0000,0.0000,0,0.0000,0,0.0000,0.0000,0,0.0000,0.0000,0,0,0,0,0,0,0,0,0,0,0,0,0,0,0,0,0,0,0,0,0,0,0,0,0
WG_METRICS 209,256,768,1.9319,0.0087,0.0070,1.8606,0.0251,0.0306,256,768,196608,393216,105671.4062,211342.8125,0.0000,0,0.0000,0.0000,0,0.0000,0,0.0000,0.0000,0,0.0000,0.0000,0,0,0,0,0,0,0,0,0,0,0,0,0,0,0,0,0,0,0,0,0,0,0,0,0
WG_METRICS 210,256,768,1.9462,0.0087,0.0070,1.8819,0.0178,0.0308,256,768,196608,393216,104474.2500,208948.5000,0.0000,0,0.0000,0.0000,0,0.0000,0,0.0000,0.0000,0,0.0000,0.0000,0,0,0,0,0,0,0,0,0,0,0,0,0,0,0,0,0,0,0,0,0,0,0,0,0
WG_METRICS 211,256,768,1.9187,0.0087,0.0070,1.8563,0.0178,0.0289,256,768,196608,393216,105915.0547,211830.1094,0.0000,0,0.0000,0.0000,0,0.0000,0,0.0000,0.0000,0,0.0000,0.0000,0,0,0,0,0,0,0,0,0,0,0,0,0,0,0,0,0,0,0,0,0,0,0,0,0
WG_METRICS 212,256,768,1.9296,0.0088,0.0070,1.8736,0.0114,0.0287,256,768,196608,393216,104933.7188,209867.4375,0.0000,0,0.0000,0.0000,0,0.0000,0,0.0000,0.0000,0,0.0000,0.0000,0,0,0,0,0,0,0,0,0,0,0,0,0,0,0,0,0,0,0,0,0,0,0,0,0
WG_METRICS 213,256,768,1.9128,0.0088,0.0070,1.8498,0.0178,0.0295,256,768,196608,393216,106283.7812,212567.5625,0.0000,0,0.0000,0.0000,0,0.0000,0,0.0000,0.0000,0,0.0000,0.0000,0,0,0,0,0,0,0,0,0,0,0,0,0,0,0,0,0,0,0,0,0,0,0,0,0
WG_METRICS 214,256,768,2.0318,0.0086,0.0070,1.9120,0.0755,0.0286,256,768,196608,393216,102826.3047,205652.6094,0.0000,0,0.0000,0.0000,0,0.0000,0,0.0000,0.0000,0,0.0000,0.0000,0,0,0,0,0,0,0,0,0,0,0,0,0,0,0,0,0,0,0,0,0,0,0,0,0
WG_METRICS 215,256,768,1.9097,0.0086,0.0070,1.8454,0.0178,0.0309,256,768,196608,393216,106537.1953,213074.3906,0.0000,0,0.0000,0.0000,0,0.0000,0,0.0000,0.0000,0,0.0000,0.0000,0,0,0,0,0,0,0,0,0,0,0,0,0,0,0,0,0,0,0,0,0,0,0,0,0
WG_METRICS 216,256,768,1.9292,0.0087,0.0070,1.8642,0.0182,0.0310,256,768,196608,393216,105465.0781,210930.1562,0.0000,0,0.0000,0.0000,0,0.0000,0,0.0000,0.0000,0,0.0000,0.0000,0,0,0,0,0,0,0,0,0,0,0,0,0,0,0,0,0,0,0,0,0,0,0,0,0
WG_METRICS 217,256,768,1.9635,0.0086,0.0070,1.9011,0.0180,0.0288,256,768,196608,393216,103416.9375,206833.8750,0.0000,0,0.0000,0.0000,0,0.0000,0,0.0000,0.0000,0,0.0000,0.0000,0,0,0,0,0,0,0,0,0,0,0,0,0,0,0,0,0,0,0,0,0,0,0,0,0
WG_METRICS 218,256,768,1.9324,0.0090,0.0071,1.8697,0.0178,0.0289,256,768,196608,393216,105153.7109,210307.4219,0.0000,0,0.0000,0.0000,0,0.0000,0,0.0000,0.0000,0,0.0000,0.0000,0,0,0,0,0,0,0,0,0,0,0,0,0,0,0,0,0,0,0,0,0,0,0,0,0
WG_METRICS 219,256,768,1.9149,0.0087,0.0070,1.8522,0.0178,0.0292,256,768,196608,393216,106148.3594,212296.7188,0.0000,0,0.0000,0.0000,0,0.0000,0,0.0000,0.0000,0,0.0000,0.0000,0,0,0,0,0,0,0,0,0,0,0,0,0,0,0,0,0,0,0,0,0,0,0,0,0
WG_METRICS 220,256,768,1.9792,0.0086,0.0070,1.9085,0.0253,0.0298,256,768,196608,393216,103015.9531,206031.9062,0.0000,0,0.0000,0.0000,0,0.0000,0,0.0000,0.0000,0,0.0000,0.0000,0,0,0,0,0,0,0,0,0,0,0,0,0,0,0,0,0,0,0,0,0,0,0,0,0
WG_METRICS 221,256,768,1.9200,0.0086,0.0070,1.8530,0.0208,0.0306,256,768,196608,393216,106104.8281,212209.6562,0.0000,0,0.0000,0.0000,0,0.0000,0,0.0000,0.0000,0,0.0000,0.0000,0,0,0,0,0,0,0,0,0,0,0,0,0,0,0,0,0,0,0,0,0,0,0,0,0
WG_METRICS 222,256,768,1.9358,0.0088,0.0070,1.8734,0.0177,0.0288,256,768,196608,393216,104944.9141,209889.8281,0.0000,0,0.0000,0.0000,0,0.0000,0,0.0000,0.0000,0,0.0000,0.0000,0,0,0,0,0,0,0,0,0,0,0,0,0,0,0,0,0,0,0,0,0,0,0,0,0
WG_METRICS 223,256,768,1.9916,0.0088,0.0070,1.9388,0.0084,0.0286,256,768,196608,393216,101407.0547,202814.1094,0.0000,0,0.0000,0.0000,0,0.0000,0,0.0000,0.0000,0,0.0000,0.0000,0,0,0,0,0,0,0,0,0,0,0,0,0,0,0,0,0,0,0,0,0,0,0,0,0
WG_METRICS 224,256,768,1.9463,0.0088,0.0070,1.8836,0.0178,0.0290,256,768,196608,393216,104378.8516,208757.7031,0.0000,0,0.0000,0.0000,0,0.0000,0,0.0000,0.0000,0,0.0000,0.0000,0,0,0,0,0,0,0,0,0,0,0,0,0,0,0,0,0,0,0,0,0,0,0,0,0
WG_METRICS 225,256,768,1.9400,0.0087,0.0070,1.8833,0.0122,0.0287,256,768,196608,393216,104396.5859,208793.1719,0.0000,0,0.0000,0.0000,0,0.0000,0,0.0000,0.0000,0,0.0000,0.0000,0,0,0,0,0,0,0,0,0,0,0,0,0,0,0,0,0,0,0,0,0,0,0,0,0
WG_METRICS 226,256,768,1.9513,0.0087,0.0071,1.8868,0.0190,0.0297,256,768,196608,393216,104201.8203,208403.6406,0.0000,0,0.0000,0.0000,0,0.0000,0,0.0000,0.0000,0,0.0000,0.0000,0,0,0,0,0,0,0,0,0,0,0,0,0,0,0,0,0,0,0,0,0,0,0,0,0
WG_METRICS 227,256,768,1.9673,0.0087,0.0070,1.9058,0.0166,0.0291,256,768,196608,393216,103162.9766,206325.9531,0.0000,0,0.0000,0.0000,0,0.0000,0,0.0000,0.0000,0,0.0000,0.0000,0,0,0,0,0,0,0,0,0,0,0,0,0,0,0,0,0,0,0,0,0,0,0,0,0
WG_METRICS 228,256,768,1.9321,0.0087,0.0070,1.8697,0.0178,0.0289,256,768,196608,393216,105155.9609,210311.9219,0.0000,0,0.0000,0.0000,0,0.0000,0,0.0000,0.0000,0,0.0000,0.0000,0,0,0,0,0,0,0,0,0,0,0,0,0,0,0,0,0,0,0,0,0,0,0,0,0
WG_METRICS 229,256,768,1.9438,0.0086,0.0070,1.8743,0.0250,0.0289,256,768,196608,393216,104895.6406,209791.2812,0.0000,0,0.0000,0.0000,0,0.0000,0,0.0000,0.0000,0,0.0000,0.0000,0,0,0,0,0,0,0,0,0,0,0,0,0,0,0,0,0,0,0,0,0,0,0,0,0
WG_METRICS 230,256,768,1.9250,0.0087,0.0070,1.8623,0.0178,0.0292,256,768,196608,393216,105571.5469,211143.0938,0.0000,0,0.0000,0.0000,0,0.0000,0,0.0000,0.0000,0,0.0000,0.0000,0,0,0,0,0,0,0,0,0,0,0,0,0,0,0,0,0,0,0,0,0,0,0,0,0
WG_METRICS 231,256,768,1.9374,0.0087,0.0070,1.8610,0.0319,0.0288,256,768,196608,393216,105648.6953,211297.3906,0.0000,0,0.0000,0.0000,0,0.0000,0,0.0000,0.0000,0,0.0000,0.0000,0,0,0,0,0,0,0,0,0,0,0,0,0,0,0,0,0,0,0,0,0,0,0,0,0
WG_METRICS 232,256,768,1.9335,0.0087,0.0070,1.8728,0.0161,0.0289,256,768,196608,393216,104980.7812,209961.5625,0.0000,0,0.0000,0.0000,0,0.0000,0,0.0000,0.0000,0,0.0000,0.0000,0,0,0,0,0,0,0,0,0,0,0,0,0,0,0,0,0,0,0,0,0,0,0,0,0
WG_METRICS 233,256,768,1.9341,0.0088,0.0070,1.8710,0.0180,0.0293,256,768,196608,393216,105084.0234,210168.0469,0.0000,0,0.0000,0.0000,0,0.0000,0,0.0000,0.0000,0,0.0000,0.0000,0,0,0,0,0,0,0,0,0,0,0,0,0,0,0,0,0,0,0,0,0,0,0,0,0
WG_METRICS 234,256,768,1.9278,0.0088,0.0070,1.8724,0.0105,0.0291,256,768,196608,393216,105003.2031,210006.4062,0.0000,0,0.0000,0.0000,0,0.0000,0,0.0000,0.0000,0,0.0000,0.0000,0,0,0,0,0,0,0,0,0,0,0,0,0,0,0,0,0,0,0,0,0,0,0,0,0
WG_METRICS 235,256,768,1.9124,0.0088,0.0070,1.8498,0.0178,0.0289,256,768,196608,393216,106288.3828,212576.7656,0.0000,0,0.0000,0.0000,0,0.0000,0,0.0000,0.0000,0,0.0000,0.0000,0,0,0,0,0,0,0,0,0,0,0,0,0,0,0,0,0,0,0,0,0,0,0,0,0
WG_METRICS 236,256,768,1.9934,0.0087,0.0071,1.9321,0.0164,0.0291,256,768,196608,393216,101757.6562,203515.3125,0.0000,0,0.0000,0.0000,0,0.0000,0,0.0000,0.0000,0,0.0000,0.0000,0,0,0,0,0,0,0,0,0,0,0,0,0,0,0,0,0,0,0,0,0,0,0,0,0
WG_METRICS 237,256,768,1.9163,0.0088,0.0070,1.8529,0.0183,0.0292,256,768,196608,393216,106107.1172,212214.2344,0.0000,0,0.0000,0.0000,0,0.0000,0,0.0000,0.0000,0,0.0000,0.0000,0,0,0,0,0,0,0,0,0,0,0,0,0,0,0,0,0,0,0,0,0,0,0,0,0
WG_METRICS 238,256,768,1.9257,0.0087,0.0070,1.8564,0.0250,0.0286,256,768,196608,393216,105910.4922,211820.9844,0.0000,0,0.0000,0.0000,0,0.0000,0,0.0000,0.0000,0,0.0000,0.0000,0,0,0,0,0,0,0,0,0,0,0,0,0,0,0,0,0,0,0,0,0,0,0,0,0
WG_METRICS 239,256,768,1.9155,0.0089,0.0072,1.8526,0.0178,0.0290,256,768,196608,393216,106127.7344,212255.4688,0.0000,0,0.0000,0.0000,0,0.0000,0,0.0000,0.0000,0,0.0000,0.0000,0,0,0,0,0,0,0,0,0,0,0,0,0,0,0,0,0,0,0,0,0,0,0,0,0
WG_METRICS 240,256,768,1.9410,0.0087,0.0070,1.8715,0.0252,0.0285,256,768,196608,393216,105052.5781,210105.1562,0.0000,0,0.0000,0.0000,0,0.0000,0,0.0000,0.0000,0,0.0000,0.0000,0,0,0,0,0,0,0,0,0,0,0,0,0,0,0,0,0,0,0,0,0,0,0,0,0
WG_METRICS 241,256,768,1.9311,0.0087,0.0070,1.8678,0.0166,0.0310,256,768,196608,393216,105259.5469,210519.0938,0.0000,0,0.0000,0.0000,0,0.0000,0,0.0000,0.0000,0,0.0000,0.0000,0,0,0,0,0,0,0,0,0,0,0,0,0,0,0,0,0,0,0,0,0,0,0,0,0
WG_METRICS 242,256,768,1.9388,0.0088,0.0070,1.8756,0.0180,0.0294,256,768,196608,393216,104821.8203,209643.6406,0.0000,0,0.0000,0.0000,0,0.0000,0,0.0000,0.0000,0,0.0000,0.0000,0,0,0,0,0,0,0,0,0,0,0,0,0,0,0,0,0,0,0,0,0,0,0,0,0
WG_METRICS 243,256,768,1.9423,0.0087,0.0070,1.8786,0.0180,0.0300,256,768,196608,393216,104656.6562,209313.3125,0.0000,0,0.0000,0.0000,0,0.0000,0,0.0000,0.0000,0,0.0000,0.0000,0,0,0,0,0,0,0,0,0,0,0,0,0,0,0,0,0,0,0,0,0,0,0,0,0
WG_METRICS 244,256,768,1.9819,0.0087,0.0070,1.9194,0.0178,0.0289,256,768,196608,393216,102432.0078,204864.0156,0.0000,0,0.0000,0.0000,0,0.0000,0,0.0000,0.0000,0,0.0000,0.0000,0,0,0,0,0,0,0,0,0,0,0,0,0,0,0,0,0,0,0,0,0,0,0,0,0
WG_METRICS 245,256,768,1.9220,0.0088,0.0070,1.8594,0.0178,0.0291,256,768,196608,393216,105739.6094,211479.2188,0.0000,0,0.0000,0.0000,0,0.0000,0,0.0000,0.0000,0,0.0000,0.0000,0,0,0,0,0,0,0,0,0,0,0,0,0,0,0,0,0,0,0,0,0,0,0,0,0
WG_METRICS 246,256,768,1.9624,0.0086,0.0070,1.9003,0.0178,0.0287,256,768,196608,393216,103462.6484,206925.2969,0.0000,0,0.0000,0.0000,0,0.0000,0,0.0000,0.0000,0,0.0000,0.0000,0,0,0,0,0,0,0,0,0,0,0,0,0,0,0,0,0,0,0,0,0,0,0,0,0
WG_METRICS 247,256,768,1.9437,0.0086,0.0070,1.8825,0.0166,0.0290,256,768,196608,393216,104440.9453,208881.8906,0.0000,0,0.0000,0.0000,0,0.0000,0,0.0000,0.0000,0,0.0000,0.0000,0,0,0,0,0,0,0,0,0,0,0,0,0,0,0,0,0,0,0,0,0,0,0,0,0
WG_METRICS 248,256,768,1.9284,0.0088,0.0070,1.8649,0.0182,0.0295,256,768,196608,393216,105424.3594,210848.7188,0.0000,0,0.0000,0.0000,0,0.0000,0,0.0000,0.0000,0,0.0000,0.0000,0,0,0,0,0,0,0,0,0,0,0,0,0,0,0,0,0,0,0,0,0,0,0,0,0
WG_METRICS 249,256,768,1.9516,0.0088,0.0070,1.8864,0.0207,0.0287,256,768,196608,393216,104223.9219,208447.8438,0.0000,0,0.0000,0.0000,0,0.0000,0,0.0000,0.0000,0,0.0000,0.0000,0,0,0,0,0,0,0,0,0,0,0,0,0,0,0,0,0,0,0,0,0,0,0,0,0
WG_METRICS 250,256,768,1.9168,0.0087,0.0070,1.8546,0.0178,0.0288,256,768,196608,393216,106013.2891,212026.5781,0.0000,0,0.0000,0.0000,0,0.0000,0,0.0000,0.0000,0,0.0000,0.0000,0,0,0,0,0,0,0,0,0,0,0,0,0,0,0,0,0,0,0,0,0,0,0,0,0
WG_METRICS 251,256,768,1.9154,0.0090,0.0070,1.8506,0.0178,0.0310,256,768,196608,393216,106242.4375,212484.8750,0.0000,0,0.0000,0.0000,0,0.0000,0,0.0000,0.0000,0,0.0000,0.0000,0,0,0,0,0,0,0,0,0,0,0,0,0,0,0,0,0,0,0,0,0,0,0,0,0
WG_METRICS 252,256,768,1.9315,0.0087,0.0070,1.8708,0.0164,0.0286,256,768,196608,393216,105090.7656,210181.5312,0.0000,0,0.0000,0.0000,0,0.0000,0,0.0000,0.0000,0,0.0000,0.0000,0,0,0,0,0,0,0,0,0,0,0,0,0,0,0,0,0,0,0,0,0,0,0,0,0
WG_METRICS 253,256,768,1.9383,0.0086,0.0070,1.8747,0.0187,0.0292,256,768,196608,393216,104875.5000,209751.0000,0.0000,0,0.0000,0.0000,0,0.0000,0,0.0000,0.0000,0,0.0000,0.0000,0,0,0,0,0,0,0,0,0,0,0,0,0,0,0,0,0,0,0,0,0,0,0,0,0
WG_METRICS 254,256,768,1.9226,0.0087,0.0070,1.8619,0.0162,0.0288,256,768,196608,393216,105596.5000,211193.0000,0.0000,0,0.0000,0.0000,0,0.0000,0,0.0000,0.0000,0,0.0000,0.0000,0,0,0,0,0,0,0,0,0,0,0,0,0,0,0,0,0,0,0,0,0,0,0,0,0
WG_METRICS 255,256,768,1.9275,0.0087,0.0070,1.8651,0.0178,0.0289,256,768,196608,393216,105413.0547,210826.1094,0.0000,0,0.0000,0.0000,0,0.0000,0,0.0000,0.0000,0,0.0000,0.0000,0,0,0,0,0,0,0,0,0,0,0,0,0,0,0,0,0,0,0,0,0,0,0,0,0
WG_METRICS 256,256,768,1.9402,0.0088,0.0070,1.8703,0.0252,0.0290,256,768,196608,393216,105122.2266,210244.4531,0.0000,0,0.0000,0.0000,0,0.0000,0,0.0000,0.0000,0,0.0000,0.0000,0,0,0,0,0,0,0,0,0,0,0,0,0,0,0,0,0,0,0,0,0,0,0,0,0
WG_METRICS 257,256,768,1.9263,0.0088,0.0070,1.8617,0.0178,0.0310,256,768,196608,393216,105607.8359,211215.6719,0.0000,0,0.0000,0.0000,0,0.0000,0,0.0000,0.0000,0,0.0000,0.0000,0,0,0,0,0,0,0,0,0,0,0,0,0,0,0,0,0,0,0,0,0,0,0,0,0
WG_METRICS 258,256,768,1.9458,0.0088,0.0070,1.8721,0.0258,0.0321,256,768,196608,393216,105021.1562,210042.3125,0.0000,0,0.0000,0.0000,0,0.0000,0,0.0000,0.0000,0,0.0000,0.0000,0,0,0,0,0,0,0,0,0,0,0,0,0,0,0,0,0,0,0,0,0,0,0,0,0
WG_METRICS 259,256,768,1.9402,0.0089,0.0070,1.8816,0.0136,0.0290,256,768,196608,393216,104489.7969,208979.5938,0.0000,0,0.0000,0.0000,0,0.0000,0,0.0000,0.0000,0,0.0000,0.0000,0,0,0,0,0,0,0,0,0,0,0,0,0,0,0,0,0,0,0,0,0,0,0,0,0
WG_METRICS 260,256,768,1.9460,0.0087,0.0070,1.8758,0.0252,0.0292,256,768,196608,393216,104812.8828,209625.7656,0.0000,0,0.0000,0.0000,0,0.0000,0,0.0000,0.0000,0,0.0000,0.0000,0,0,0,0,0,0,0,0,0,0,0,0,0,0,0,0,0,0,0,0,0,0,0,0,0
WG_METRICS 261,256,768,1.9293,0.0086,0.0071,1.8671,0.0178,0.0288,256,768,196608,393216,105302.3984,210604.7969,0.0000,0,0.0000,0.0000,0,0.0000,0,0.0000,0.0000,0,0.0000,0.0000,0,0,0,0,0,0,0,0,0,0,0,0,0,0,0,0,0,0,0,0,0,0,0,0,0
WG_METRICS 262,256,768,1.9481,0.0087,0.0070,1.8934,0.0104,0.0286,256,768,196608,393216,103838.6016,207677.2031,0.0000,0,0.0000,0.0000,0,0.0000,0,0.0000,0.0000,0,0.0000,0.0000,0,0,0,0,0,0,0,0,0,0,0,0,0,0,0,0,0,0,0,0,0,0,0,0,0
WG_METRICS 263,256,768,1.9445,0.0088,0.0070,1.8811,0.0178,0.0298,256,768,196608,393216,104518.6797,209037.3594,0.0000,0,0.0000,0.0000,0,0.0000,0,0.0000,0.0000,0,0.0000,0.0000,0,0,0,0,0,0,0,0,0,0,0,0,0,0,0,0,0,0,0,0,0,0,0,0,0
WG_METRICS 264,256,768,1.9088,0.0086,0.0071,1.8476,0.0167,0.0288,256,768,196608,393216,106414.9453,212829.8906,0.0000,0,0.0000,0.0000,0,0.0000,0,0.0000,0.0000,0,0.0000,0.0000,0,0,0,0,0,0,0,0,0,0,0,0,0,0,0,0,0,0,0,0,0,0,0,0,0
WG_METRICS 265,256,768,1.9357,0.0087,0.0071,1.8733,0.0178,0.0289,256,768,196608,393216,104953.8750,209907.7500,0.0000,0,0.0000,0.0000,0,0.0000,0,0.0000,0.0000,0,0.0000,0.0000,0,0,0,0,0,0,0,0,0,0,0,0,0,0,0,0,0,0,0,0,0,0,0,0,0
WG_METRICS 266,256,768,1.9540,0.0088,0.0070,1.8822,0.0262,0.0297,256,768,196608,393216,104454.2656,208908.5312,0.0000,0,0.0000,0.0000,0,0.0000,0,0.0000,0.0000,0,0.0000,0.0000,0,0,0,0,0,0,0,0,0,0,0,0,0,0,0,0,0,0,0,0,0,0,0,0,0
WG_METRICS 267,256,768,1.9303,0.0087,0.0070,1.8677,0.0180,0.0288,256,768,196608,393216,105268.5703,210537.1406,0.0000,0,0.0000,0.0000,0,0.0000,0,0.0000,0.0000,0,0.0000,0.0000,0,0,0,0,0,0,0,0,0,0,0,0,0,0,0,0,0,0,0,0,0,0,0,0,0
WG_METRICS 268,256,768,1.9425,0.0087,0.0070,1.8802,0.0179,0.0287,256,768,196608,393216,104569.8281,209139.6562,0.0000,0,0.0000,0.0000,0,0.0000,0,0.0000,0.0000,0,0.0000,0.0000,0,0,0,0,0,0,0,0,0,0,0,0,0,0,0,0,0,0,0,0,0,0,0,0,0
WG_METRICS 269,256,768,1.9334,0.0088,0.0070,1.8711,0.0180,0.0285,256,768,196608,393216,105075.0391,210150.0781,0.0000,0,0.0000,0.0000,0,0.0000,0,0.0000,0.0000,0,0.0000,0.0000,0,0,0,0,0,0,0,0,0,0,0,0,0,0,0,0,0,0,0,0,0,0,0,0,0
WG_METRICS 270,256,768,1.9367,0.0088,0.0070,1.8671,0.0249,0.0289,256,768,196608,393216,105302.3984,210604.7969,0.0000,0,0.0000,0.0000,0,0.0000,0,0.0000,0.0000,0,0.0000,0.0000,0,0,0,0,0,0,0,0,0,0,0,0,0,0,0,0,0,0,0,0,0,0,0,0,0
WG_METRICS 271,256,768,1.9308,0.0087,0.0070,1.8758,0.0102,0.0292,256,768,196608,393216,104815.1172,209630.2344,0.0000,0,0.0000,0.0000,0,0.0000,0,0.0000,0.0000,0,0.0000,0.0000,0,0,0,0,0,0,0,0,0,0,0,0,0,0,0,0,0,0,0,0,0,0,0,0,0
WG_METRICS 272,256,768,1.9506,0.0088,0.0069,1.8880,0.0180,0.0289,256,768,196608,393216,104135.5938,208271.1875,0.0000,0,0.0000,0.0000,0,0.0000,0,0.0000,0.0000,0,0.0000,0.0000,0,0,0,0,0,0,0,0,0,0,0,0,0,0,0,0,0,0,0,0,0,0,0,0,0
WG_METRICS 273,256,768,1.9552,0.0086,0.0070,1.8928,0.0178,0.0289,256,768,196608,393216,103869.3203,207738.6406,0.0000,0,0.0000,0.0000,0,0.0000,0,0.0000,0.0000,0,0.0000,0.0000,0,0,0,0,0,0,0,0,0,0,0,0,0,0,0,0,0,0,0,0,0,0,0,0,0
WG_METRICS 274,256,768,1.9446,0.0086,0.0070,1.8825,0.0178,0.0287,256,768,196608,393216,104440.9453,208881.8906,0.0000,0,0.0000,0.0000,0,0.0000,0,0.0000,0.0000,0,0.0000,0.0000,0,0,0,0,0,0,0,0,0,0,0,0,0,0,0,0,0,0,0,0,0,0,0,0,0
WG_METRICS 275,256,768,1.9288,0.0089,0.0070,1.8672,0.0168,0.0288,256,768,196608,393216,105293.3750,210586.7500,0.0000,0,0.0000,0.0000,0,0.0000,0,0.0000,0.0000,0,0.0000,0.0000,0,0,0,0,0,0,0,0,0,0,0,0,0,0,0,0,0,0,0,0,0,0,0,0,0
WG_METRICS 276,256,768,1.9220,0.0088,0.0070,1.8576,0.0183,0.0303,256,768,196608,393216,105837.5156,211675.0312,0.0000,0,0.0000,0.0000,0,0.0000,0,0.0000,0.0000,0,0.0000,0.0000,0,0,0,0,0,0,0,0,0,0,0,0,0,0,0,0,0,0,0,0,0,0,0,0,0
WG_METRICS 277,256,768,1.9584,0.0088,0.0070,1.8884,0.0252,0.0290,256,768,196608,393216,104111.3281,208222.6562,0.0000,0,0.0000,0.0000,0,0.0000,0,0.0000,0.0000,0,0.0000,0.0000,0,0,0,0,0,0,0,0,0,0,0,0,0,0,0,0,0,0,0,0,0,0,0,0,0
WG_METRICS 278,256,768,1.9369,0.0089,0.0070,1.8744,0.0178,0.0288,256,768,196608,393216,104891.1641,209782.3281,0.0000,0,0.0000,0.0000,0,0.0000,0,0.0000,0.0000,0,0.0000,0.0000,0,0,0,0,0,0,0,0,0,0,0,0,0,0,0,0,0,0,0,0,0,0,0,0,0
WG_METRICS 279,256,768,1.9299,0.0088,0.0070,1.8603,0.0252,0.0286,256,768,196608,393216,105687.3125,211374.6250,0.0000,0,0.0000,0.0000,0,0.0000,0,0.0000,0.0000,0,0.0000,0.0000,0,0,0,0,0,0,0,0,0,0,0,0,0,0,0,0,0,0,0,0,0,0,0,0,0
WG_METRICS 280,256,768,1.9215,0.0087,0.0070,1.8672,0.0095,0.0291,256,768,196608,393216,105295.6250,210591.2500,0.0000,0,0.0000,0.0000,0,0.0000,0,0.0000,0.0000,0,0.0000,0.0000,0,0,0,0,0,0,0,0,0,0,0,0,0,0,0,0,0,0,0,0,0,0,0,0,0
WG_METRICS 281,256,768,1.9172,0.0088,0.0071,1.8468,0.0256,0.0290,256,768,196608,393216,106461.0469,212922.0938,0.0000,0,0.0000,0.0000,0,0.0000,0,0.0000,0.0000,0,0.0000,0.0000,0,0,0,0,0,0,0,0,0,0,0,0,0,0,0,0,0,0,0,0,0,0,0,0,0
WG_METRICS 282,256,768,1.9222,0.0088,0.0070,1.8586,0.0177,0.0300,256,768,196608,393216,105780.5703,211561.1406,0.0000,0,0.0000,0.0000,0,0.0000,0,0.0000,0.0000,0,0.0000,0.0000,0,0,0,0,0,0,0,0,0,0,0,0,0,0,0,0,0,0,0,0,0,0,0,0,0
WG_METRICS 283,256,768,1.9613,0.0088,0.0070,1.8917,0.0251,0.0286,256,768,196608,393216,103933.0156,207866.0312,0.0000,0,0.0000,0.0000,0,0.0000,0,0.0000,0.0000,0,0.0000,0.0000,0,0,0,0,0,0,0,0,0,0,0,0,0,0,0,0,0,0,0,0,0,0,0,0,0
WG_METRICS 284,256,768,1.9444,0.0088,0.0070,1.8820,0.0178,0.0289,256,768,196608,393216,104465.3672,208930.7344,0.0000,0,0.0000,0.0000,0,0.0000,0,0.0000,0.0000,0,0.0000,0.0000,0,0,0,0,0,0,0,0,0,0,0,0,0,0,0,0,0,0,0,0,0,0,0,0,0
WG_METRICS 285,256,768,1.9275,0.0088,0.0070,1.8577,0.0252,0.0288,256,768,196608,393216,105832.9531,211665.9062,0.0000,0,0.0000,0.0000,0,0.0000,0,0.0000,0.0000,0,0.0000,0.0000,0,0,0,0,0,0,0,0,0,0,0,0,0,0,0,0,0,0,0,0,0,0,0,0,0
WG_METRICS 286,256,768,1.9155,0.0090,0.0070,1.8534,0.0167,0.0294,256,768,196608,393216,106079.6406,212159.2812,0.0000,0,0.0000,0.0000,0,0.0000,0,0.0000,0.0000,0,0.0000,0.0000,0,0,0,0,0,0,0,0,0,0,0,0,0,0,0,0,0,0,0,0,0,0,0,0,0
WG_METRICS 287,256,768,1.9458,0.0088,0.0070,1.8864,0.0137,0.0299,256,768,196608,393216,104221.7031,208443.4062,0.0000,0,0.0000,0.0000,0,0.0000,0,0.0000,0.0000,0,0.0000,0.0000,0,0,0,0,0,0,0,0,0,0,0,0,0,0,0,0,0,0,0,0,0,0,0,0,0
WG_METRICS 288,256,768,1.9155,0.0088,0.0070,1.8454,0.0252,0.0292,256,768,196608,393216,106539.5078,213079.0156,0.0000,0,0.0000,0.0000,0,0.0000,0,0.0000,0.0000,0,0.0000,0.0000,0,0,0,0,0,0,0,0,0,0,0,0,0,0,0,0,0,0,0,0,0,0,0,0,0
WG_METRICS 289,256,768,1.9469,0.0087,0.0071,1.8830,0.0178,0.0303,256,768,196608,393216,104409.8906,208819.7812,0.0000,0,0.0000,0.0000,0,0.0000,0,0.0000,0.0000,0,0.0000,0.0000,0,0,0,0,0,0,0,0,0,0,0,0,0,0,0,0,0,0,0,0,0,0,0,0,0
WG_METRICS 290,256,768,1.9266,0.0089,0.0070,1.8731,0.0084,0.0292,256,768,196608,393216,104965.0859,209930.1719,0.0000,0,0.0000,0.0000,0,0.0000,0,0.0000,0.0000,0,0.0000,0.0000,0,0,0,0,0,0,0,0,0,0,0,0,0,0,0,0,0,0,0,0,0,0,0,0,0
WG_METRICS 291,256,768,1.9136,0.0087,0.0070,1.8582,0.0110,0.0287,256,768,196608,393216,105803.3438,211606.6875,0.0000,0,0.0000,0.0000,0,0.0000,0,0.0000,0.0000,0,0.0000,0.0000,0,0,0,0,0,0,0,0,0,0,0,0,0,0,0,0,0,0,0,0,0,0,0,0,0
WG_METRICS 292,256,768,1.9174,0.0088,0.0070,1.8609,0.0114,0.0292,256,768,196608,393216,105650.9688,211301.9375,0.0000,0,0.0000,0.0000,0,0.0000,0,0.0000,0.0000,0,0.0000,0.0000,0,0,0,0,0,0,0,0,0,0,0,0,0,0,0,0,0,0,0,0,0,0,0,0,0
WG_METRICS 293,256,768,1.9094,0.0088,0.0070,1.8472,0.0178,0.0286,256,768,196608,393216,106437.9922,212875.9844,0.0000,0,0.0000,0.0000,0,0.0000,0,0.0000,0.0000,0,0.0000,0.0000,0,0,0,0,0,0,0,0,0,0,0,0,0,0,0,0,0,0,0,0,0,0,0,0,0
WG_METRICS 294,256,768,1.9354,0.0088,0.0070,1.8650,0.0251,0.0295,256,768,196608,393216,105422.1016,210844.2031,0.0000,0,0.0000,0.0000,0,0.0000,0,0.0000,0.0000,0,0.0000,0.0000,0,0,0,0,0,0,0,0,0,0,0,0,0,0,0,0,0,0,0,0,0,0,0,0,0
WG_METRICS 295,256,768,1.9612,0.0088,0.0070,1.8988,0.0178,0.0288,256,768,196608,393216,103541.1094,207082.2188,0.0000,0,0.0000,0.0000,0,0.0000,0,0.0000,0.0000,0,0.0000,0.0000,0,0,0,0,0,0,0,0,0,0,0,0,0,0,0,0,0,0,0,0,0,0,0,0,0
WG_METRICS 296,256,768,1.9740,0.0089,0.0070,1.9030,0.0250,0.0301,256,768,196608,393216,103314.7656,206629.5312,0.0000,0,0.0000,0.0000,0,0.0000,0,0.0000,0.0000,0,0.0000,0.0000,0,0,0,0,0,0,0,0,0,0,0,0,0,0,0,0,0,0,0,0,0,0,0,0,0
WG_METRICS 297,256,768,1.9296,0.0089,0.0070,1.8736,0.0104,0.0296,256,768,196608,393216,104933.7188,209867.4375,0.0000,0,0.0000,0.0000,0,0.0000,0,0.0000,0.0000,0,0.0000,0.0000,0,0,0,0,0,0,0,0,0,0,0,0,0,0,0,0,0,0,0,0,0,0,0,0,0
WG_METRICS 298,256,768,1.9439,0.0087,0.0070,1.8815,0.0178,0.0289,256,768,196608,393216,104494.2344,208988.4688,0.0000,0,0.0000,0.0000,0,0.0000,0,0.0000,0.0000,0,0.0000,0.0000,0,0,0,0,0,0,0,0,0,0,0,0,0,0,0,0,0,0,0,0,0,0,0,0,0
WG_METRICS 299,256,768,1.9381,0.0088,0.0070,1.8766,0.0167,0.0290,256,768,196608,393216,104768.1953,209536.3906,0.0000,0,0.0000,0.0000,0,0.0000,0,0.0000,0.0000,0,0.0000,0.0000,0,0,0,0,0,0,0,0,0,0,0,0,0,0,0,0,0,0,0,0,0,0,0,0,0
WG_METRICS 300,256,768,1.9228,0.0088,0.0070,1.8605,0.0178,0.0288,256,768,196608,393216,105673.6797,211347.3594,0.0000,0,0.0000,0.0000,0,0.0000,0,0.0000,0.0000,0,0.0000,0.0000,0,0,0,0,0,0,0,0,0,0,0,0,0,0,0,0,0,0,0,0,0,0,0,0,0
WG_METRICS 301,256,768,1.9453,0.0088,0.0070,1.8837,0.0159,0.0299,256,768,196608,393216,104372.1953,208744.3906,0.0000,0,0.0000,0.0000,0,0.0000,0,0.0000,0.0000,0,0.0000,0.0000,0,0,0,0,0,0,0,0,0,0,0,0,0,0,0,0,0,0,0,0,0,0,0,0,0
WG_METRICS 302,256,768,1.9180,0.0088,0.0070,1.8586,0.0136,0.0299,256,768,196608,393216,105780.5703,211561.1406,0.0000,0,0.0000,0.0000,0,0.0000,0,0.0000,0.0000,0,0.0000,0.0000,0,0,0,0,0,0,0,0,0,0,0,0,0,0,0,0,0,0,0,0,0,0,0,0,0
WG_METRICS 303,256,768,1.9431,0.0087,0.0069,1.8796,0.0178,0.0301,256,768,196608,393216,104600.9766,209201.9531,0.0000,0,0.0000,0.0000,0,0.0000,0,0.0000,0.0000,0,0.0000,0.0000,0,0,0,0,0,0,0,0,0,0,0,0,0,0,0,0,0,0,0,0,0,0,0,0,0
WG_METRICS 304,256,768,1.9266,0.0087,0.0070,1.8638,0.0178,0.0292,256,768,196608,393216,105485.4531,210970.9062,0.0000,0,0.0000,0.0000,0,0.0000,0,0.0000,0.0000,0,0.0000,0.0000,0,0,0,0,0,0,0,0,0,0,0,0,0,0,0,0,0,0,0,0,0,0,0,0,0
WG_METRICS 305,256,768,2.3468,0.0090,0.0070,1.8642,0.4371,0.0294,256,768,196608,393216,105465.0781,210930.1562,0.0000,0,0.0000,0.0000,0,0.0000,0,0.0000,0.0000,0,0.0000,0.0000,0,0,0,0,0,0,0,0,0,0,0,0,0,0,0,0,0,0,0,0,0,0,0,0,0
WG_METRICS 306,256,768,1.9553,0.0089,0.0070,1.8917,0.0183,0.0294,256,768,196608,393216,103933.0156,207866.0312,0.0000,0,0.0000,0.0000,0,0.0000,0,0.0000,0.0000,0,0.0000,0.0000,0,0,0,0,0,0,0,0,0,0,0,0,0,0,0,0,0,0,0,0,0,0,0,0,0
WG_METRICS 307,256,768,1.9354,0.0087,0.0070,1.8657,0.0251,0.0289,256,768,196608,393216,105379.1562,210758.3125,0.0000,0,0.0000,0.0000,0,0.0000,0,0.0000,0.0000,0,0.0000,0.0000,0,0,0,0,0,0,0,0,0,0,0,0,0,0,0,0,0,0,0,0,0,0,0,0,0
WG_METRICS 308,256,768,1.9339,0.0088,0.0070,1.8710,0.0178,0.0292,256,768,196608,393216,105084.0234,210168.0469,0.0000,0,0.0000,0.0000,0,0.0000,0,0.0000,0.0000,0,0.0000,0.0000,0,0,0,0,0,0,0,0,0,0,0,0,0,0,0,0,0,0,0,0,0,0,0,0,0
WG_METRICS 309,256,768,1.9190,0.0086,0.0070,1.8566,0.0178,0.0289,256,768,196608,393216,105896.7969,211793.5938,0.0000,0,0.0000,0.0000,0,0.0000,0,0.0000,0.0000,0,0.0000,0.0000,0,0,0,0,0,0,0,0,0,0,0,0,0,0,0,0,0,0,0,0,0,0,0,0,0
WG_METRICS 310,256,768,1.9069,0.0086,0.0071,1.8520,0.0104,0.0287,256,768,196608,393216,106162.1250,212324.2500,0.0000,0,0.0000,0.0000,0,0.0000,0,0.0000,0.0000,0,0.0000,0.0000,0,0,0,0,0,0,0,0,0,0,0,0,0,0,0,0,0,0,0,0,0,0,0,0,0
WG_METRICS 311,256,768,1.9274,0.0089,0.0070,1.8686,0.0134,0.0295,256,768,196608,393216,105218.9922,210437.9844,0.0000,0,0.0000,0.0000,0,0.0000,0,0.0000,0.0000,0,0.0000,0.0000,0,0,0,0,0,0,0,0,0,0,0,0,0,0,0,0,0,0,0,0,0,0,0,0,0
WG_METRICS 312,256,768,1.9200,0.0087,0.0070,1.8652,0.0102,0.0289,256,768,196608,393216,105408.5312,210817.0625,0.0000,0,0.0000,0.0000,0,0.0000,0,0.0000,0.0000,0,0.0000,0.0000,0,0,0,0,0,0,0,0,0,0,0,0,0,0,0,0,0,0,0,0,0,0,0,0,0
WG_METRICS 313,256,768,1.9113,0.0088,0.0070,1.8557,0.0111,0.0287,256,768,196608,393216,105947.0156,211894.0312,0.0000,0,0.0000,0.0000,0,0.0000,0,0.0000,0.0000,0,0.0000,0.0000,0,0,0,0,0,0,0,0,0,0,0,0,0,0,0,0,0,0,0,0,0,0,0,0,0
WG_METRICS 314,256,768,2.0087,0.0086,0.0070,1.9373,0.0262,0.0295,256,768,196608,393216,101486.6172,202973.2344,0.0000,0,0.0000,0.0000,0,0.0000,0,0.0000,0.0000,0,0.0000,0.0000,0,0,0,0,0,0,0,0,0,0,0,0,0,0,0,0,0,0,0,0,0,0,0,0,0
WG_METRICS 315,256,768,1.9432,0.0090,0.0070,1.8706,0.0186,0.0380,256,768,196608,393216,105101.9922,210203.9844,0.0000,0,0.0000,0.0000,0,0.0000,0,0.0000,0.0000,0,0.0000,0.0000,0,0,0,0,0,0,0,0,0,0,0,0,0,0,0,0,0,0,0,0,0,0,0,0,0
WG_METRICS 316,256,768,1.9200,0.0092,0.0076,1.8567,0.0124,0.0341,256,768,196608,393216,105892.2344,211784.4688,0.0000,0,0.0000,0.0000,0,0.0000,0,0.0000,0.0000,0,0.0000,0.0000,0,0,0,0,0,0,0,0,0,0,0,0,0,0,0,0,0,0,0,0,0,0,0,0,0
WG_METRICS 317,256,768,1.9712,0.0092,0.0077,1.8906,0.0252,0.0385,256,768,196608,393216,103992.3828,207984.7656,0.0000,0,0.0000,0.0000,0,0.0000,0,0.0000,0.0000,0,0.0000,0.0000,0,0,0,0,0,0,0,0,0,0,0,0,0,0,0,0,0,0,0,0,0,0,0,0,0
WG_METRICS 318,256,768,1.8949,0.0092,0.0076,1.8264,0.0167,0.0350,256,768,196608,393216,107650.1875,215300.3750,0.0000,0,0.0000,0.0000,0,0.0000,0,0.0000,0.0000,0,0.0000,0.0000,0,0,0,0,0,0,0,0,0,0,0,0,0,0,0,0,0,0,0,0,0,0,0,0,0
WG_METRICS 319,256,768,1.9256,0.0093,0.0075,1.8559,0.0178,0.0351,256,768,196608,393216,105937.8828,211875.7656,0.0000,0,0.0000,0.0000,0,0.0000,0,0.0000,0.0000,0,0.0000,0.0000,0,0,0,0,0,0,0,0,0,0,0,0,0,0,0,0,0,0,0,0,0,0,0,0,0
WG_METRICS 320,256,768,1.9474,0.0092,0.0076,1.8799,0.0125,0.0382,256,768,196608,393216,104585.3984,209170.7969,0.0000,0,0.0000,0.0000,0,0.0000,0,0.0000,0.0000,0,0.0000,0.0000,0,0,0,0,0,0,0,0,0,0,0,0,0,0,0,0,0,0,0,0,0,0,0,0,0
WG_METRICS 321,256,768,2.0970,0.0093,0.0076,1.8779,0.1603,0.0419,256,768,196608,393216,104694.5547,209389.1094,0.0000,0,0.0000,0.0000,0,0.0000,0,0.0000,0.0000,0,0.0000,0.0000,0,0,0,0,0,0,0,0,0,0,0,0,0,0,0,0,0,0,0,0,0,0,0,0,0
WG_METRICS 322,256,768,1.9161,0.0092,0.0074,1.8542,0.0102,0.0351,256,768,196608,393216,106033.8672,212067.7344,0.0000,0,0.0000,0.0000,0,0.0000,0,0.0000,0.0000,0,0.0000,0.0000,0,0,0,0,0,0,0,0,0,0,0,0,0,0,0,0,0,0,0,0,0,0,0,0,0
WG_METRICS 323,256,768,1.9606,0.0093,0.0076,1.8913,0.0178,0.0346,256,768,196608,393216,103954.9922,207909.9844,0.0000,0,0.0000,0.0000,0,0.0000,0,0.0000,0.0000,0,0.0000,0.0000,0,0,0,0,0,0,0,0,0,0,0,0,0,0,0,0,0,0,0,0,0,0,0,0,0
WG_METRICS 324,256,768,1.9376,0.0092,0.0076,1.8769,0.0088,0.0350,256,768,196608,393216,104752.5625,209505.1250,0.0000,0,0.0000,0.0000,0,0.0000,0,0.0000,0.0000,0,0.0000,0.0000,0,0,0,0,0,0,0,0,0,0,0,0,0,0,0,0,0,0,0,0,0,0,0,0,0
WG_METRICS 325,256,768,1.9401,0.0092,0.0076,1.8701,0.0178,0.0354,256,768,196608,393216,105133.4688,210266.9375,0.0000,0,0.0000,0.0000,0,0.0000,0,0.0000,0.0000,0,0.0000,0.0000,0,0,0,0,0,0,0,0,0,0,0,0,0,0,0,0,0,0,0,0,0,0,0,0,0
WG_METRICS 326,256,768,1.9307,0.0092,0.0076,1.8679,0.0100,0.0360,256,768,196608,393216,105255.0391,210510.0781,0.0000,0,0.0000,0.0000,0,0.0000,0,0.0000,0.0000,0,0.0000,0.0000,0,0,0,0,0,0,0,0,0,0,0,0,0,0,0,0,0,0,0,0,0,0,0,0,0
WG_METRICS 327,256,768,2.0462,0.0092,0.0076,1.8725,0.1208,0.0361,256,768,196608,393216,104996.4766,209992.9531,0.0000,0,0.0000,0.0000,0,0.0000,0,0.0000,0.0000,0,0.0000,0.0000,0,0,0,0,0,0,0,0,0,0,0,0,0,0,0,0,0,0,0,0,0,0,0,0,0
WG_METRICS 328,256,768,1.9303,0.0091,0.0077,1.8686,0.0102,0.0347,256,768,196608,393216,105216.7422,210433.4844,0.0000,0,0.0000,0.0000,0,0.0000,0,0.0000,0.0000,0,0.0000,0.0000,0,0,0,0,0,0,0,0,0,0,0,0,0,0,0,0,0,0,0,0,0,0,0,0,0
WG_METRICS 329,256,768,1.9167,0.0093,0.0076,1.8474,0.0180,0.0344,256,768,196608,393216,106424.1641,212848.3281,0.0000,0,0.0000,0.0000,0,0.0000,0,0.0000,0.0000,0,0.0000,0.0000,0,0,0,0,0,0,0,0,0,0,0,0,0,0,0,0,0,0,0,0,0,0,0,0,0
WG_METRICS 330,256,768,1.9292,0.0092,0.0075,1.8607,0.0178,0.0340,256,768,196608,393216,105662.3203,211324.6406,0.0000,0,0.0000,0.0000,0,0.0000,0,0.0000,0.0000,0,0.0000,0.0000,0,0,0,0,0,0,0,0,0,0,0,0,0,0,0,0,0,0,0,0,0,0,0,0,0
WG_METRICS 331,256,768,2.0444,0.0093,0.0076,1.8760,0.1163,0.0352,256,768,196608,393216,104801.7031,209603.4062,0.0000,0,0.0000,0.0000,0,0.0000,0,0.0000,0.0000,0,0.0000,0.0000,0,0,0,0,0,0,0,0,0,0,0,0,0,0,0,0,0,0,0,0,0,0,0,0,0
WG_METRICS 332,256,768,1.9408,0.0093,0.0076,1.8720,0.0178,0.0342,256,768,196608,393216,105027.8828,210055.7656,0.0000,0,0.0000,0.0000,0,0.0000,0,0.0000,0.0000,0,0.0000,0.0000,0,0,0,0,0,0,0,0,0,0,0,0,0,0,0,0,0,0,0,0,0,0,0,0,0
WG_METRICS 333,256,768,2.4926,0.0092,0.0076,1.8796,0.0257,0.5705,256,768,196608,393216,104603.2031,209206.4062,0.0000,0,0.0000,0.0000,0,0.0000,0,0.0000,0.0000,0,0.0000,0.0000,0,0,0,0,0,0,0,0,0,0,0,0,0,0,0,0,0,0,0,0,0,0,0,0,0
WG_METRICS 334,256,768,1.9312,0.0094,0.0076,1.8671,0.0113,0.0358,256,768,196608,393216,105300.1406,210600.2812,0.0000,0,0.0000,0.0000,0,0.0000,0,0.0000,0.0000,0,0.0000,0.0000,0,0,0,0,0,0,0,0,0,0,0,0,0,0,0,0,0,0,0,0,0,0,0,0,0
WG_METRICS 335,256,768,1.9468,0.0092,0.0077,1.8855,0.0098,0.0346,256,768,196608,393216,104272.5625,208545.1250,0.0000,0,0.0000,0.0000,0,0.0000,0,0.0000,0.0000,0,0.0000,0.0000,0,0,0,0,0,0,0,0,0,0,0,0,0,0,0,0,0,0,0,0,0,0,0,0,0
WG_METRICS 336,256,768,1.9359,0.0090,0.0059,1.8597,0.0259,0.0353,256,768,196608,393216,105719.1406,211438.2812,0.0000,0,0.0000,0.0000,0,0.0000,0,0.0000,0.0000,0,0.0000,0.0000,0,0,0,0,0,0,0,0,0,0,0,0,0,0,0,0,0,0,0,0,0,0,0,0,0
WG_METRICS 337,256,768,1.9339,0.0094,0.0076,1.8702,0.0104,0.0363,256,768,196608,393216,105124.4766,210248.9531,0.0000,0,0.0000,0.0000,0,0.0000,0,0.0000,0.0000,0,0.0000,0.0000,0,0,0,0,0,0,0,0,0,0,0,0,0,0,0,0,0,0,0,0,0,0,0,0,0
WG_METRICS 338,256,768,1.9111,0.0091,0.0076,1.8430,0.0167,0.0347,256,768,196608,393216,106675.9297,213351.8594,0.0000,0,0.0000,0.0000,0,0.0000,0,0.0000,0.0000,0,0.0000,0.0000,0,0,0,0,0,0,0,0,0,0,0,0,0,0,0,0,0,0,0,0,0,0,0,0,0
WG_METRICS 339,256,768,2.4031,0.0095,0.0076,1.8746,0.4795,0.0319,256,768,196608,393216,104879.9688,209759.9375,0.0000,0,0.0000,0.0000,0,0.0000,0,0.0000,0.0000,0,0.0000,0.0000,0,0,0,0,0,0,0,0,0,0,0,0,0,0,0,0,0,0,0,0,0,0,0,0,0
WG_METRICS 340,256,768,1.9371,0.0092,0.0076,1.8668,0.0178,0.0358,256,768,196608,393216,105320.4453,210640.8906,0.0000,0,0.0000,0.0000,0,0.0000,0,0.0000,0.0000,0,0.0000,0.0000,0,0,0,0,0,0,0,0,0,0,0,0,0,0,0,0,0,0,0,0,0,0,0,0,0
WG_METRICS 341,256,768,1.9375,0.0092,0.0076,1.8676,0.0178,0.0353,256,768,196608,393216,105270.8203,210541.6406,0.0000,0,0.0000,0.0000,0,0.0000,0,0.0000,0.0000,0,0.0000,0.0000,0,0,0,0,0,0,0,0,0,0,0,0,0,0,0,0,0,0,0,0,0,0,0,0,0
WG_METRICS 342,256,768,1.9923,0.0093,0.0076,1.9224,0.0177,0.0354,256,768,196608,393216,102274.2891,204548.5781,0.0000,0,0.0000,0.0000,0,0.0000,0,0.0000,0.0000,0,0.0000,0.0000,0,0,0,0,0,0,0,0,0,0,0,0,0,0,0,0,0,0,0,0,0,0,0,0,0
WG_METRICS 343,256,768,1.9696,0.0092,0.0076,1.9012,0.0178,0.0339,256,768,196608,393216,103412.5781,206825.1562,0.0000,0,0.0000,0.0000,0,0.0000,0,0.0000,0.0000,0,0.0000,0.0000,0,0,0,0,0,0,0,0,0,0,0,0,0,0,0,0,0,0,0,0,0,0,0,0,0
WG_METRICS 344,256,768,1.9174,0.0092,0.0076,1.8542,0.0106,0.0358,256,768,196608,393216,106033.8672,212067.7344,0.0000,0,0.0000,0.0000,0,0.0000,0,0.0000,0.0000,0,0.0000,0.0000,0,0,0,0,0,0,0,0,0,0,0,0,0,0,0,0,0,0,0,0,0,0,0,0,0
WG_METRICS 345,256,768,1.9307,0.0093,0.0076,1.8538,0.0258,0.0342,256,768,196608,393216,106059.0391,212118.0781,0.0000,0,0.0000,0.0000,0,0.0000,0,0.0000,0.0000,0,0.0000,0.0000,0,0,0,0,0,0,0,0,0,0,0,0,0,0,0,0,0,0,0,0,0,0,0,0,0
WG_METRICS 346,256,768,1.9536,0.0092,0.0076,1.8915,0.0102,0.0351,256,768,196608,393216,103941.8047,207883.6094,0.0000,0,0.0000,0.0000,0,0.0000,0,0.0000,0.0000,0,0.0000,0.0000,0,0,0,0,0,0,0,0,0,0,0,0,0,0,0,0,0,0,0,0,0,0,0,0,0
WG_METRICS 347,256,768,1.9621,0.0093,0.0076,1.8918,0.0178,0.0356,256,768,196608,393216,103926.4141,207852.8281,0.0000,0,0.0000,0.0000,0,0.0000,0,0.0000,0.0000,0,0.0000,0.0000,0,0,0,0,0,0,0,0,0,0,0,0,0,0,0,0,0,0,0,0,0,0,0,0,0
WG_METRICS 348,256,768,1.9326,0.0092,0.0076,1.8638,0.0167,0.0352,256,768,196608,393216,105485.4531,210970.9062,0.0000,0,0.0000,0.0000,0,0.0000,0,0.0000,0.0000,0,0.0000,0.0000,0,0,0,0,0,0,0,0,0,0,0,0,0,0,0,0,0,0,0,0,0,0,0,0,0
WG_METRICS 349,256,768,1.9452,0.0093,0.0076,1.8740,0.0178,0.0365,256,768,196608,393216,104915.7891,209831.5781,0.0000,0,0.0000,0.0000,0,0.0000,0,0.0000,0.0000,0,0.0000,0.0000,0,0,0,0,0,0,0,0,0,0,0,0,0,0,0,0,0,0,0,0,0,0,0,0,0
WG_METRICS 350,256,768,1.9429,0.0092,0.0076,1.8815,0.0097,0.0349,256,768,196608,393216,104494.2344,208988.4688,0.0000,0,0.0000,0.0000,0,0.0000,0,0.0000,0.0000,0,0.0000,0.0000,0,0,0,0,0,0,0,0,0,0,0,0,0,0,0,0,0,0,0,0,0,0,0,0,0
WG_METRICS 351,256,768,1.9676,0.0093,0.0076,1.8977,0.0054,0.0476,256,768,196608,393216,103602.2188,207204.4375,0.0000,0,0.0000,0.0000,0,0.0000,0,0.0000,0.0000,0,0.0000,0.0000,0,0,0,0,0,0,0,0,0,0,0,0,0,0,0,0,0,0,0,0,0,0,0,0,0
WG_METRICS 352,256,768,1.9330,0.0095,0.0076,1.8596,0.0212,0.0352,256,768,196608,393216,105728.2344,211456.4688,0.0000,0,0.0000,0.0000,0,0.0000,0,0.0000,0.0000,0,0.0000,0.0000,0,0,0,0,0,0,0,0,0,0,0,0,0,0,0,0,0,0,0,0,0,0,0,0,0
WG_METRICS 353,256,768,1.9279,0.0092,0.0076,1.8585,0.0178,0.0348,256,768,196608,393216,105787.3984,211574.7969,0.0000,0,0.0000,0.0000,0,0.0000,0,0.0000,0.0000,0,0.0000,0.0000,0,0,0,0,0,0,0,0,0,0,0,0,0,0,0,0,0,0,0,0,0,0,0,0,0
WG_METRICS 354,256,768,1.9591,0.0093,0.0076,1.8808,0.0254,0.0361,256,768,196608,393216,104536.4688,209072.9375,0.0000,0,0.0000,0.0000,0,0.0000,0,0.0000,0.0000,0,0.0000,0.0000,0,0,0,0,0,0,0,0,0,0,0,0,0,0,0,0,0,0,0,0,0,0,0,0,0
WG_METRICS 355,256,768,1.9383,0.0093,0.0076,1.8688,0.0177,0.0349,256,768,196608,393216,105205.4766,210410.9531,0.0000,0,0.0000,0.0000,0,0.0000,0,0.0000,0.0000,0,0.0000,0.0000,0,0,0,0,0,0,0,0,0,0,0,0,0,0,0,0,0,0,0,0,0,0,0,0,0
WG_METRICS 356,256,768,1.9641,0.0092,0.0076,1.8849,0.0256,0.0366,256,768,196608,393216,104305.7500,208611.5000,0.0000,0,0.0000,0.0000,0,0.0000,0,0.0000,0.0000,0,0.0000,0.0000,0,0,0,0,0,0,0,0,0,0,0,0,0,0,0,0,0,0,0,0,0,0,0,0,0
WG_METRICS 357,256,768,1.9586,0.0093,0.0076,1.8953,0.0109,0.0355,256,768,196608,393216,103733.4062,207466.8125,0.0000,0,0.0000,0.0000,0,0.0000,0,0.0000,0.0000,0,0.0000,0.0000,0,0,0,0,0,0,0,0,0,0,0,0,0,0,0,0,0,0,0,0,0,0,0,0,0
WG_METRICS 358,256,768,1.9418,0.0092,0.0076,1.8716,0.0178,0.0355,256,768,196608,393216,105045.8438,210091.6875,0.0000,0,0.0000,0.0000,0,0.0000,0,0.0000,0.0000,0,0.0000,0.0000,0,0,0,0,0,0,0,0,0,0,0,0,0,0,0,0,0,0,0,0,0,0,0,0,0
WG_METRICS 359,256,768,1.9433,0.0092,0.0076,1.8790,0.0127,0.0349,256,768,196608,393216,104636.6094,209273.2188,0.0000,0,0.0000,0.0000,0,0.0000,0,0.0000,0.0000,0,0.0000,0.0000,0,0,0,0,0,0,0,0,0,0,0,0,0,0,0,0,0,0,0,0,0,0,0,0,0
WG_METRICS 360,256,768,1.9658,0.0092,0.0076,1.8955,0.0178,0.0357,256,768,196608,393216,103724.6484,207449.2969,0.0000,0,0.0000,0.0000,0,0.0000,0,0.0000,0.0000,0,0.0000,0.0000,0,0,0,0,0,0,0,0,0,0,0,0,0,0,0,0,0,0,0,0,0,0,0,0,0
WG_METRICS 361,256,768,1.9486,0.0093,0.0076,1.8708,0.0255,0.0353,256,768,196608,393216,105093.0078,210186.0156,0.0000,0,0.0000,0.0000,0,0.0000,0,0.0000,0.0000,0,0.0000,0.0000,0,0,0,0,0,0,0,0,0,0,0,0,0,0,0,0,0,0,0,0,0,0,0,0,0
WG_METRICS 362,256,768,1.9384,0.0093,0.0076,1.8824,0.0046,0.0344,256,768,196608,393216,104445.3906,208890.7812,0.0000,0,0.0000,0.0000,0,0.0000,0,0.0000,0.0000,0,0.0000,0.0000,0,0,0,0,0,0,0,0,0,0,0,0,0,0,0,0,0,0,0,0,0,0,0,0,0
WG_METRICS 363,256,768,1.9255,0.0093,0.0076,1.8578,0.0166,0.0343,256,768,196608,393216,105830.6797,211661.3594,0.0000,0,0.0000,0.0000,0,0.0000,0,0.0000,0.0000,0,0.0000,0.0000,0,0,0,0,0,0,0,0,0,0,0,0,0,0,0,0,0,0,0,0,0,0,0,0,0
WG_METRICS 364,256,768,1.9250,0.0094,0.0076,1.8558,0.0178,0.0344,256,768,196608,393216,105944.7344,211889.4688,0.0000,0,0.0000,0.0000,0,0.0000,0,0.0000,0.0000,0,0.0000,0.0000,0,0,0,0,0,0,0,0,0,0,0,0,0,0,0,0,0,0,0,0,0,0,0,0,0
WG_METRICS 365,256,768,1.9545,0.0092,0.0076,1.8763,0.0259,0.0355,256,768,196608,393216,104786.0703,209572.1406,0.0000,0,0.0000,0.0000,0,0.0000,0,0.0000,0.0000,0,0.0000,0.0000,0,0,0,0,0,0,0,0,0,0,0,0,0,0,0,0,0,0,0,0,0,0,0,0,0
WG_METRICS 366,256,768,1.9500,0.0093,0.0076,1.8805,0.0182,0.0343,256,768,196608,393216,104549.8047,209099.6094,0.0000,0,0.0000,0.0000,0,0.0000,0,0.0000,0.0000,0,0.0000,0.0000,0,0,0,0,0,0,0,0,0,0,0,0,0,0,0,0,0,0,0,0,0,0,0,0,0
WG_METRICS 367,256,768,1.9793,0.0093,0.0076,1.9102,0.0178,0.0344,256,768,196608,393216,102923.1875,205846.3750,0.0000,0,0.0000,0.0000,0,0.0000,0,0.0000,0.0000,0,0.0000,0.0000,0,0,0,0,0,0,0,0,0,0,0,0,0,0,0,0,0,0,0,0,0,0,0,0,0
WG_METRICS 368,256,768,1.9435,0.0093,0.0076,1.8740,0.0178,0.0348,256,768,196608,393216,104913.5547,209827.1094,0.0000,0,0.0000,0.0000,0,0.0000,0,0.0000,0.0000,0,0.0000,0.0000,0,0,0,0,0,0,0,0,0,0,0,0,0,0,0,0,0,0,0,0,0,0,0,0,0
WG_METRICS 369,256,768,1.9457,0.0092,0.0076,1.8764,0.0178,0.0348,256,768,196608,393216,104781.5938,209563.1875,0.0000,0,0.0000,0.0000,0,0.0000,0,0.0000,0.0000,0,0.0000,0.0000,0,0,0,0,0,0,0,0,0,0,0,0,0,0,0,0,0,0,0,0,0,0,0,0,0
WG_METRICS 370,256,768,1.9605,0.0092,0.0076,1.8907,0.0178,0.0352,256,768,196608,393216,103985.7812,207971.5625,0.0000,0,0.0000,0.0000,0,0.0000,0,0.0000,0.0000,0,0.0000,0.0000,0,0,0,0,0,0,0,0,0,0,0,0,0,0,0,0,0,0,0,0,0,0,0,0,0
WG_METRICS 371,256,768,1.9770,0.0093,0.0076,1.9146,0.0102,0.0353,256,768,196608,393216,102686.6719,205373.3438,0.0000,0,0.0000,0.0000,0,0.0000,0,0.0000,0.0000,0,0.0000,0.0000,0,0,0,0,0,0,0,0,0,0,0,0,0,0,0,0,0,0,0,0,0,0,0,0,0
WG_METRICS 372,256,768,1.9708,0.0092,0.0076,1.8969,0.0220,0.0351,256,768,196608,393216,103645.9141,207291.8281,0.0000,0,0.0000,0.0000,0,0.0000,0,0.0000,0.0000,0,0.0000,0.0000,0,0,0,0,0,0,0,0,0,0,0,0,0,0,0,0,0,0,0,0,0,0,0,0,0
WG_METRICS 373,256,768,1.9459,0.0093,0.0076,1.8763,0.0178,0.0349,256,768,196608,393216,104783.8281,209567.6562,0.0000,0,0.0000,0.0000,0,0.0000,0,0.0000,0.0000,0,0.0000,0.0000,0,0,0,0,0,0,0,0,0,0,0,0,0,0,0,0,0,0,0,0,0,0,0,0,0
WG_METRICS 374,256,768,1.9524,0.0092,0.0077,1.8827,0.0178,0.0350,256,768,196608,393216,104429.8516,208859.7031,0.0000,0,0.0000,0.0000,0,0.0000,0,0.0000,0.0000,0,0.0000,0.0000,0,0,0,0,0,0,0,0,0,0,0,0,0,0,0,0,0,0,0,0,0,0,0,0,0
WG_METRICS 375,256,768,1.9629,0.0092,0.0076,1.8943,0.0178,0.0341,256,768,196608,393216,103788.1641,207576.3281,0.0000,0,0.0000,0.0000,0,0.0000,0,0.0000,0.0000,0,0.0000,0.0000,0,0,0,0,0,0,0,0,0,0,0,0,0,0,0,0,0,0,0,0,0,0,0,0,0
WG_METRICS 376,256,768,1.9812,0.0092,0.0076,1.9008,0.0257,0.0378,256,768,196608,393216,103432.1641,206864.3281,0.0000,0,0.0000,0.0000,0,0.0000,0,0.0000,0.0000,0,0.0000,0.0000,0,0,0,0,0,0,0,0,0,0,0,0,0,0,0,0,0,0,0,0,0,0,0,0,0
WG_METRICS 377,256,768,1.9530,0.0093,0.0076,1.8713,0.0269,0.0378,256,768,196608,393216,105063.8047,210127.6094,0.0000,0,0.0000,0.0000,0,0.0000,0,0.0000,0.0000,0,0.0000,0.0000,0,0,0,0,0,0,0,0,0,0,0,0,0,0,0,0,0,0,0,0,0,0,0,0,0
WG_METRICS 378,256,768,1.9782,0.0092,0.0076,1.9172,0.0086,0.0357,256,768,196608,393216,102551.6875,205103.3750,0.0000,0,0.0000,0.0000,0,0.0000,0,0.0000,0.0000,0,0.0000,0.0000,0,0,0,0,0,0,0,0,0,0,0,0,0,0,0,0,0,0,0,0,0,0,0,0,0
WG_METRICS 379,256,768,2.0240,0.0094,0.0076,1.8718,0.0996,0.0356,256,768,196608,393216,105034.6172,210069.2344,0.0000,0,0.0000,0.0000,0,0.0000,0,0.0000,0.0000,0,0.0000,0.0000,0,0,0,0,0,0,0,0,0,0,0,0,0,0,0,0,0,0,0,0,0,0,0,0,0
WG_METRICS 380,256,768,1.9306,0.0092,0.0076,1.8637,0.0175,0.0325,256,768,196608,393216,105492.2344,210984.4688,0.0000,0,0.0000,0.0000,0,0.0000,0,0.0000,0.0000,0,0.0000,0.0000,0,0,0,0,0,0,0,0,0,0,0,0,0,0,0,0,0,0,0,0,0,0,0,0,0
WG_METRICS 381,256,768,1.6742,0.0090,0.0075,1.6009,0.0246,0.0323,256,768,196608,393216,122812.4531,245624.9062,0.0000,0,0.0000,0.0000,0,0.0000,0,0.0000,0.0000,0,0.0000,0.0000,0,0,0,0,0,0,0,0,0,0,0,0,0,0,0,0,0,0,0,0,0,0,0,0,0
WG_METRICS 382,256,768,1.6066,0.0088,0.0075,1.5422,0.0172,0.0309,256,768,196608,393216,127488.7109,254977.4219,0.0000,0,0.0000,0.0000,0,0.0000,0,0.0000,0.0000,0,0.0000,0.0000,0,0,0,0,0,0,0,0,0,0,0,0,0,0,0,0,0,0,0,0,0,0,0,0,0
WG_METRICS 383,256,768,1.5623,0.0088,0.0074,1.5044,0.0098,0.0318,256,768,196608,393216,130692.1250,261384.2500,0.0000,0,0.0000,0.0000,0,0.0000,0,0.0000,0.0000,0,0.0000,0.0000,0,0,0,0,0,0,0,0,0,0,0,0,0,0,0,0,0,0,0,0,0,0,0,0,0
WG_METRICS 384,256,768,1.6095,0.0087,0.0075,1.5507,0.0098,0.0328,256,768,196608,393216,126784.9766,253569.9531,0.0000,0,0.0000,0.0000,0,0.0000,0,0.0000,0.0000,0,0.0000,0.0000,0,0,0,0,0,0,0,0,0,0,0,0,0,0,0,0,0,0,0,0,0,0,0,0,0
WG_METRICS 385,256,768,1.5980,0.0088,0.0074,1.5422,0.0085,0.0310,256,768,196608,393216,127482.1016,254964.2031,0.0000,0,0.0000,0.0000,0,0.0000,0,0.0000,0.0000,0,0.0000,0.0000,0,0,0,0,0,0,0,0,0,0,0,0,0,0,0,0,0,0,0,0,0,0,0,0,0
WG_METRICS 386,256,768,1.4237,0.0089,0.0074,1.3604,0.0170,0.0301,256,768,196608,393216,144522.2031,289044.4062,0.0000,0,0.0000,0.0000,0,0.0000,0,0.0000,0.0000,0,0.0000,0.0000,0,0,0,0,0,0,0,0,0,0,0,0,0,0,0,0,0,0,0,0,0,0,0,0,0
WG_METRICS 387,256,768,1.4016,0.0084,0.0075,1.3381,0.0170,0.0306,256,768,196608,393216,146928.5312,293857.0625,0.0000,0,0.0000,0.0000,0,0.0000,0,0.0000,0.0000,0,0.0000,0.0000,0,0,0,0,0,0,0,0,0,0,0,0,0,0,0,0,0,0,0,0,0,0,0,0,0
WG_METRICS 388,256,768,1.4275,0.0085,0.0074,1.3570,0.0240,0.0306,256,768,196608,393216,144880.0312,289760.0625,0.0000,0,0.0000,0.0000,0,0.0000,0,0.0000,0.0000,0,0.0000,0.0000,0,0,0,0,0,0,0,0,0,0,0,0,0,0,0,0,0,0,0,0,0,0,0,0,0
WG_METRICS 389,256,768,1.6548,0.0088,0.0075,1.5888,0.0174,0.0324,256,768,196608,393216,123749.3359,247498.6719,0.0000,0,0.0000,0.0000,0,0.0000,0,0.0000,0.0000,0,0.0000,0.0000,0,0,0,0,0,0,0,0,0,0,0,0,0,0,0,0,0,0,0,0,0,0,0,0,0
WG_METRICS 390,256,768,1.9294,0.0093,0.0076,1.8670,0.0106,0.0350,256,768,196608,393216,105304.6484,210609.2969,0.0000,0,0.0000,0.0000,0,0.0000,0,0.0000,0.0000,0,0.0000,0.0000,0,0,0,0,0,0,0,0,0,0,0,0,0,0,0,0,0,0,0,0,0,0,0,0,0
WG_METRICS 391,256,768,1.9318,0.0092,0.0076,1.8617,0.0180,0.0352,256,768,196608,393216,105607.8359,211215.6719,0.0000,0,0.0000,0.0000,0,0.0000,0,0.0000,0.0000,0,0.0000,0.0000,0,0,0,0,0,0,0,0,0,0,0,0,0,0,0,0,0,0,0,0,0,0,0,0,0
WG_METRICS 392,256,768,1.9374,0.0092,0.0076,1.8756,0.0104,0.0346,256,768,196608,393216,104824.0547,209648.1094,0.0000,0,0.0000,0.0000,0,0.0000,0,0.0000,0.0000,0,0.0000,0.0000,0,0,0,0,0,0,0,0,0,0,0,0,0,0,0,0,0,0,0,0,0,0,0,0,0
WG_METRICS 393,256,768,1.9770,0.0093,0.0076,1.9073,0.0178,0.0350,256,768,196608,393216,103080.7578,206161.5156,0.0000,0,0.0000,0.0000,0,0.0000,0,0.0000,0.0000,0,0.0000,0.0000,0,0,0,0,0,0,0,0,0,0,0,0,0,0,0,0,0,0,0,0,0,0,0,0,0
WG_METRICS 394,256,768,1.9525,0.0092,0.0076,1.8904,0.0099,0.0353,256,768,196608,393216,104003.3828,208006.7656,0.0000,0,0.0000,0.0000,0,0.0000,0,0.0000,0.0000,0,0.0000,0.0000,0,0,0,0,0,0,0,0,0,0,0,0,0,0,0,0,0,0,0,0,0,0,0,0,0
WG_METRICS 395,256,768,1.9499,0.0094,0.0076,1.8794,0.0179,0.0356,256,768,196608,393216,104609.8828,209219.7656,0.0000,0,0.0000,0.0000,0,0.0000,0,0.0000,0.0000,0,0.0000,0.0000,0,0,0,0,0,0,0,0,0,0,0,0,0,0,0,0,0,0,0,0,0,0,0,0,0
WG_METRICS 396,256,768,1.9832,0.0092,0.0076,1.9024,0.0254,0.0386,256,768,196608,393216,103349.5234,206699.0469,0.0000,0,0.0000,0.0000,0,0.0000,0,0.0000,0.0000,0,0.0000,0.0000,0,0,0,0,0,0,0,0,0,0,0,0,0,0,0,0,0,0,0,0,0,0,0,0,0
WG_METRICS 397,256,768,1.9594,0.0094,0.0076,1.8813,0.0254,0.0358,256,768,196608,393216,104505.3438,209010.6875,0.0000,0,0.0000,0.0000,0,0.0000,0,0.0000,0.0000,0,0.0000,0.0000,0,0,0,0,0,0,0,0,0,0,0,0,0,0,0,0,0,0,0,0,0,0,0,0,0
WG_METRICS 398,256,768,1.9352,0.0092,0.0076,1.8658,0.0178,0.0348,256,768,196608,393216,105372.3828,210744.7656,0.0000,0,0.0000,0.0000,0,0.0000,0,0.0000,0.0000,0,0.0000,0.0000,0,0,0,0,0,0,0,0,0,0,0,0,0,0,0,0,0,0,0,0,0,0,0,0,0
WG_METRICS 399,256,768,1.9393,0.0092,0.0076,1.8745,0.0125,0.0354,256,768,196608,393216,104884.4531,209768.9062,0.0000,0,0.0000,0.0000,0,0.0000,0,0.0000,0.0000,0,0.0000,0.0000,0,0,0,0,0,0,0,0,0,0,0,0,0,0,0,0,0,0,0,0,0,0,0,0,0
WG_METRICS 400,256,768,1.9634,0.0093,0.0076,1.8934,0.0178,0.0352,256,768,196608,393216,103836.4062,207672.8125,0.0000,0,0.0000,0.0000,0,0.0000,0,0.0000,0.0000,0,0.0000,0.0000,0,0,0,0,0,0,0,0,0,0,0,0,0,0,0,0,0,0,0,0,0,0,0,0,0
WG_METRICS 401,256,768,1.9580,0.0093,0.0076,1.8976,0.0095,0.0340,256,768,196608,393216,103606.5859,207213.1719,0.0000,0,0.0000,0.0000,0,0.0000,0,0.0000,0.0000,0,0.0000,0.0000,0,0,0,0,0,0,0,0,0,0,0,0,0,0,0,0,0,0,0,0,0,0,0,0,0
WG_METRICS 402,256,768,1.7944,0.0091,0.0075,1.7264,0.0253,0.0260,256,768,196608,393216,113883.2266,227766.4531,0.0000,0,0.0000,0.0000,0,0.0000,0,0.0000,0.0000,0,0.0000,0.0000,0,0,0,0,0,0,0,0,0,0,0,0,0,0,0,0,0,0,0,0,0,0,0,0,0
WG_METRICS 403,256,768,1.4478,0.0081,0.0069,1.3955,0.0169,0.0204,256,768,196608,393216,140889.1562,281778.3125,0.0000,0,0.0000,0.0000,0,0.0000,0,0.0000,0.0000,0,0.0000,0.0000,0,0,0,0,0,0,0,0,0,0,0,0,0,0,0,0,0,0,0,0,0,0,0,0,0
WG_METRICS 404,256,768,1.2754,0.0077,0.0069,1.2336,0.0092,0.0180,256,768,196608,393216,159377.4219,318754.8438,0.0000,0,0.0000,0.0000,0,0.0000,0,0.0000,0.0000,0,0.0000,0.0000,0,0,0,0,0,0,0,0,0,0,0,0,0,0,0,0,0,0,0,0,0,0,0,0,0
WG_METRICS 405,256,768,1.1130,0.0076,0.0068,1.0653,0.0165,0.0168,256,768,196608,393216,184559.9375,369119.8750,0.0000,0,0.0000,0.0000,0,0.0000,0,0.0000,0.0000,0,0.0000,0.0000,0,0,0,0,0,0,0,0,0,0,0,0,0,0,0,0,0,0,0,0,0,0,0,0,0
WG_METRICS 406,256,768,1.0597,0.0074,0.0068,1.0127,0.0163,0.0164,256,768,196608,393216,194138.5625,388277.1250,0.0000,0,0.0000,0.0000,0,0.0000,0,0.0000,0.0000,0,0.0000,0.0000,0,0,0,0,0,0,0,0,0,0,0,0,0,0,0,0,0,0,0,0,0,0,0,0,0
WG_METRICS 407,256,768,1.0902,0.0076,0.0068,1.0430,0.0164,0.0165,256,768,196608,393216,188502.4062,377004.8125,0.0000,0,0.0000,0.0000,0,0.0000,0,0.0000,0.0000,0,0.0000,0.0000,0,0,0,0,0,0,0,0,0,0,0,0,0,0,0,0,0,0,0,0,0,0,0,0,0
WG_METRICS 408,256,768,1.1334,0.0076,0.0068,1.0854,0.0166,0.0170,256,768,196608,393216,181132.0625,362264.1250,0.0000,0,0.0000,0.0000,0,0.0000,0,0.0000,0.0000,0,0.0000,0.0000,0,0,0,0,0,0,0,0,0,0,0,0,0,0,0,0,0,0,0,0,0,0,0,0,0
WG_METRICS 409,256,768,1.2240,0.0077,0.0068,1.1760,0.0150,0.0185,256,768,196608,393216,167183.6719,334367.3438,0.0000,0,0.0000,0.0000,0,0.0000,0,0.0000,0.0000,0,0.0000,0.0000,0,0,0,0,0,0,0,0,0,0,0,0,0,0,0,0,0,0,0,0,0,0,0,0,0
WG_METRICS 410,256,768,1.3552,0.0080,0.0068,1.3070,0.0116,0.0220,256,768,196608,393216,150431.5312,300863.0625,0.0000,0,0.0000,0.0000,0,0.0000,0,0.0000,0.0000,0,0.0000,0.0000,0,0,0,0,0,0,0,0,0,0,0,0,0,0,0,0,0,0,0,0,0,0,0,0,0
WG_METRICS 411,256,768,1.5353,0.0081,0.0069,1.4795,0.0172,0.0236,256,768,196608,393216,132886.3438,265772.6875,0.0000,0,0.0000,0.0000,0,0.0000,0,0.0000,0.0000,0,0.0000,0.0000,0,0,0,0,0,0,0,0,0,0,0,0,0,0,0,0,0,0,0,0,0,0,0,0,0
WG_METRICS 412,256,768,1.6824,0.0084,0.0069,1.6248,0.0173,0.0250,256,768,196608,393216,121001.4531,242002.9062,0.0000,0,0.0000,0.0000,0,0.0000,0,0.0000,0.0000,0,0.0000,0.0000,0,0,0,0,0,0,0,0,0,0,0,0,0,0,0,0,0,0,0,0,0,0,0,0,0
WG_METRICS 413,256,768,1.6971,0.0083,0.0069,1.6374,0.0178,0.0268,256,768,196608,393216,120076.2188,240152.4375,0.0000,0,0.0000,0.0000,0,0.0000,0,0.0000,0.0000,0,0.0000,0.0000,0,0,0,0,0,0,0,0,0,0,0,0,0,0,0,0,0,0,0,0,0,0,0,0,0
WG_METRICS 414,256,768,1.7910,0.0084,0.0070,1.7229,0.0247,0.0280,256,768,196608,393216,114113.2500,228226.5000,0.0000,0,0.0000,0.0000,0,0.0000,0,0.0000,0.0000,0,0.0000,0.0000,0,0,0,0,0,0,0,0,0,0,0,0,0,0,0,0,0,0,0,0,0,0,0,0,0
WG_METRICS 415,256,768,1.8838,0.0086,0.0070,1.8233,0.0176,0.0273,256,768,196608,393216,107832.0391,215664.0781,0.0000,0,0.0000,0.0000,0,0.0000,0,0.0000,0.0000,0,0.0000,0.0000,0,0,0,0,0,0,0,0,0,0,0,0,0,0,0,0,0,0,0,0,0,0,0,0,0
WG_METRICS 416,256,768,1.7808,0.0085,0.0070,1.7274,0.0117,0.0262,256,768,196608,393216,113817.3047,227634.6094,0.0000,0,0.0000,0.0000,0,0.0000,0,0.0000,0.0000,0,0.0000,0.0000,0,0,0,0,0,0,0,0,0,0,0,0,0,0,0,0,0,0,0,0,0,0,0,0,0
WG_METRICS 417,256,768,1.6225,0.0084,0.0067,1.5574,0.0251,0.0250,256,768,196608,393216,126244.4062,252488.8125,0.0000,0,0.0000,0.0000,0,0.0000,0,0.0000,0.0000,0,0.0000,0.0000,0,0,0,0,0,0,0,0,0,0,0,0,0,0,0,0,0,0,0,0,0,0,0,0,0
WG_METRICS 418,256,768,1.4691,0.0080,0.0068,1.3813,0.0523,0.0207,256,768,196608,393216,142333.4219,284666.8438,0.0000,0,0.0000,0.0000,0,0.0000,0,0.0000,0.0000,0,0.0000,0.0000,0,0,0,0,0,0,0,0,0,0,0,0,0,0,0,0,0,0,0,0,0,0,0,0,0
WG_METRICS 419,256,768,1.8631,0.0085,0.0069,1.8010,0.0178,0.0289,256,768,196608,393216,109166.0156,218332.0312,0.0000,0,0.0000,0.0000,0,0.0000,0,0.0000,0.0000,0,0.0000,0.0000,0,0,0,0,0,0,0,0,0,0,0,0,0,0,0,0,0,0,0,0,0,0,0,0,0
WG_METRICS 420,256,768,1.9492,0.0086,0.0070,1.8791,0.0252,0.0293,256,768,196608,393216,104629.9219,209259.8438,0.0000,0,0.0000,0.0000,0,0.0000,0,0.0000,0.0000,0,0.0000,0.0000,0,0,0,0,0,0,0,0,0,0,0,0,0,0,0,0,0,0,0,0,0,0,0,0,0
WG_METRICS 421,256,768,1.9004,0.0088,0.0070,1.8408,0.0152,0.0286,256,768,196608,393216,106803.4141,213606.8281,0.0000,0,0.0000,0.0000,0,0.0000,0,0.0000,0.0000,0,0.0000,0.0000,0,0,0,0,0,0,0,0,0,0,0,0,0,0,0,0,0,0,0,0,0,0,0,0,0
WG_METRICS 422,256,768,1.9210,0.0087,0.0070,1.8642,0.0044,0.0367,256,768,196608,393216,105465.0781,210930.1562,0.0000,0,0.0000,0.0000,0,0.0000,0,0.0000,0.0000,0,0.0000,0.0000,0,0,0,0,0,0,0,0,0,0,0,0,0,0,0,0,0,0,0,0,0,0,0,0,0
WG_METRICS 423,256,768,1.9348,0.0087,0.0070,1.8719,0.0177,0.0294,256,768,196608,393216,105030.1328,210060.2656,0.0000,0,0.0000,0.0000,0,0.0000,0,0.0000,0.0000,0,0.0000,0.0000,0,0,0,0,0,0,0,0,0,0,0,0,0,0,0,0,0,0,0,0,0,0,0,0,0
WG_METRICS 424,256,768,1.9212,0.0088,0.0070,1.8513,0.0249,0.0291,256,768,196608,393216,106198.8203,212397.6406,0.0000,0,0.0000,0.0000,0,0.0000,0,0.0000,0.0000,0,0.0000,0.0000,0,0,0,0,0,0,0,0,0,0,0,0,0,0,0,0,0,0,0,0,0,0,0,0,0
WG_METRICS 425,256,768,1.9290,0.0086,0.0070,1.8663,0.0178,0.0292,256,768,196608,393216,105345.2812,210690.5625,0.0000,0,0.0000,0.0000,0,0.0000,0,0.0000,0.0000,0,0.0000,0.0000,0,0,0,0,0,0,0,0,0,0,0,0,0,0,0,0,0,0,0,0,0,0,0,0,0
WG_METRICS 426,256,768,1.9235,0.0087,0.0071,1.8535,0.0254,0.0288,256,768,196608,393216,106075.0625,212150.1250,0.0000,0,0.0000,0.0000,0,0.0000,0,0.0000,0.0000,0,0.0000,0.0000,0,0,0,0,0,0,0,0,0,0,0,0,0,0,0,0,0,0,0,0,0,0,0,0,0
WG_METRICS 427,256,768,1.9496,0.0086,0.0070,1.8871,0.0178,0.0291,256,768,196608,393216,104184.1562,208368.3125,0.0000,0,0.0000,0.0000,0,0.0000,0,0.0000,0.0000,0,0.0000,0.0000,0,0,0,0,0,0,0,0,0,0,0,0,0,0,0,0,0,0,0,0,0,0,0,0,0
WG_METRICS 428,256,768,1.9348,0.0087,0.0070,1.8714,0.0164,0.0313,256,768,196608,393216,105057.0625,210114.1250,0.0000,0,0.0000,0.0000,0,0.0000,0,0.0000,0.0000,0,0.0000,0.0000,0,0,0,0,0,0,0,0,0,0,0,0,0,0,0,0,0,0,0,0,0,0,0,0,0
WG_METRICS 429,256,768,1.9503,0.0088,0.0070,1.8786,0.0261,0.0297,256,768,196608,393216,104658.8906,209317.7812,0.0000,0,0.0000,0.0000,0,0.0000,0,0.0000,0.0000,0,0.0000,0.0000,0,0,0,0,0,0,0,0,0,0,0,0,0,0,0,0,0,0,0,0,0,0,0,0,0
WG_METRICS 430,256,768,1.9352,0.0087,0.0071,1.8722,0.0178,0.0294,256,768,196608,393216,105014.4219,210028.8438,0.0000,0,0.0000,0.0000,0,0.0000,0,0.0000,0.0000,0,0.0000,0.0000,0,0,0,0,0,0,0,0,0,0,0,0,0,0,0,0,0,0,0,0,0,0,0,0,0
WG_METRICS 431,256,768,1.7123,0.0087,0.0070,1.6563,0.0172,0.0232,256,768,196608,393216,118704.5625,237409.1250,0.0000,0,0.0000,0.0000,0,0.0000,0,0.0000,0.0000,0,0.0000,0.0000,0,0,0,0,0,0,0,0,0,0,0,0,0,0,0,0,0,0,0,0,0,0,0,0,0
WG_METRICS 432,256,768,1.4232,0.0081,0.0069,1.3712,0.0168,0.0201,256,768,196608,393216,143379.7188,286759.4375,0.0000,0,0.0000,0.0000,0,0.0000,0,0.0000,0.0000,0,0.0000,0.0000,0,0,0,0,0,0,0,0,0,0,0,0,0,0,0,0,0,0,0,0,0,0,0,0,0
WG_METRICS 433,256,768,1.2569,0.0077,0.0069,1.2134,0.0100,0.0190,256,768,196608,393216,162036.0000,324072.0000,0.0000,0,0.0000,0.0000,0,0.0000,0,0.0000,0.0000,0,0.0000,0.0000,0,0,0,0,0,0,0,0,0,0,0,0,0,0,0,0,0,0,0,0,0,0,0,0,0
WG_METRICS 434,256,768,1.2454,0.0077,0.0069,1.1940,0.0167,0.0201,256,768,196608,393216,164663.3125,329326.6250,0.0000,0,0.0000,0.0000,0,0.0000,0,0.0000,0.0000,0,0.0000,0.0000,0,0,0,0,0,0,0,0,0,0,0,0,0,0,0,0,0,0,0,0,0,0,0,0,0
WG_METRICS 435,256,768,1.3090,0.0078,0.0069,1.2580,0.0168,0.0195,256,768,196608,393216,156286.1719,312572.3438,0.0000,0,0.0000,0.0000,0,0.0000,0,0.0000,0.0000,0,0.0000,0.0000,0,0,0,0,0,0,0,0,0,0,0,0,0,0,0,0,0,0,0,0,0,0,0,0,0
WG_METRICS 436,256,768,1.3953,0.0080,0.0069,1.3421,0.0170,0.0213,256,768,196608,393216,146490.6250,292981.2500,0.0000,0,0.0000,0.0000,0,0.0000,0,0.0000,0.0000,0,0.0000,0.0000,0,0,0,0,0,0,0,0,0,0,0,0,0,0,0,0,0,0,0,0,0,0,0,0,0
WG_METRICS 437,256,768,1.5409,0.0080,0.0069,1.4780,0.0239,0.0240,256,768,196608,393216,133019.4062,266038.8125,0.0000,0,0.0000,0.0000,0,0.0000,0,0.0000,0.0000,0,0.0000,0.0000,0,0,0,0,0,0,0,0,0,0,0,0,0,0,0,0,0,0,0,0,0,0,0,0,0
WG_METRICS 438,256,768,1.6430,0.0084,0.0069,1.5783,0.0243,0.0252,256,768,196608,393216,124571.0547,249142.1094,0.0000,0,0.0000,0.0000,0,0.0000,0,0.0000,0.0000,0,0.0000,0.0000,0,0,0,0,0,0,0,0,0,0,0,0,0,0,0,0,0,0,0,0,0,0,0,0,0
WG_METRICS 439,256,768,1.7053,0.0084,0.0069,1.6210,0.0440,0.0250,256,768,196608,393216,121285.1016,242570.2031,0.0000,0,0.0000,0.0000,0,0.0000,0,0.0000,0.0000,0,0.0000,0.0000,0,0,0,0,0,0,0,0,0,0,0,0,0,0,0,0,0,0,0,0,0,0,0,0,0
WG_METRICS 440,256,768,1.7890,0.0086,0.0070,1.7352,0.0105,0.0278,256,768,196608,393216,113308.2812,226616.5625,0.0000,0,0.0000,0.0000,0,0.0000,0,0.0000,0.0000,0,0.0000,0.0000,0,0,0,0,0,0,0,0,0,0,0,0,0,0,0,0,0,0,0,0,0,0,0,0,0
WG_METRICS 441,256,768,1.9602,0.0085,0.0070,1.8248,0.0893,0.0306,256,768,196608,393216,107742.2188,215484.4375,0.0000,0,0.0000,0.0000,0,0.0000,0,0.0000,0.0000,0,0.0000,0.0000,0,0,0,0,0,0,0,0,0,0,0,0,0,0,0,0,0,0,0,0,0,0,0,0,0
WG_METRICS 442,256,768,1.8661,0.0086,0.0070,1.8057,0.0176,0.0272,256,768,196608,393216,108880.6719,217761.3438,0.0000,0,0.0000,0.0000,0,0.0000,0,0.0000,0.0000,0,0.0000,0.0000,0,0,0,0,0,0,0,0,0,0,0,0,0,0,0,0,0,0,0,0,0,0,0,0,0
WG_METRICS 443,256,768,1.9014,0.0087,0.0070,1.8320,0.0250,0.0288,256,768,196608,393216,107318.7734,214637.5469,0.0000,0,0.0000,0.0000,0,0.0000,0,0.0000,0.0000,0,0.0000,0.0000,0,0,0,0,0,0,0,0,0,0,0,0,0,0,0,0,0,0,0,0,0,0,0,0,0
WG_METRICS 444,256,768,1.9062,0.0088,0.0070,1.7179,0.1459,0.0266,256,768,196608,393216,114445.3828,228890.7656,0.0000,0,0.0000,0.0000,0,0.0000,0,0.0000,0.0000,0,0.0000,0.0000,0,0,0,0,0,0,0,0,0,0,0,0,0,0,0,0,0,0,0,0,0,0,0,0,0
WG_METRICS 445,256,768,1.5548,0.0082,0.0069,1.5074,0.0100,0.0223,256,768,196608,393216,130428.5469,260857.0938,0.0000,0,0.0000,0.0000,0,0.0000,0,0.0000,0.0000,0,0.0000,0.0000,0,0,0,0,0,0,0,0,0,0,0,0,0,0,0,0,0,0,0,0,0,0,0,0,0
WG_METRICS 446,256,768,1.9029,0.0086,0.0070,1.8409,0.0177,0.0286,256,768,196608,393216,106798.7734,213597.5469,0.0000,0,0.0000,0.0000,0,0.0000,0,0.0000,0.0000,0,0.0000,0.0000,0,0,0,0,0,0,0,0,0,0,0,0,0,0,0,0,0,0,0,0,0,0,0,0,0
WG_METRICS 447,256,768,1.9212,0.0088,0.0070,1.8561,0.0178,0.0316,256,768,196608,393216,105926.4688,211852.9375,0.0000,0,0.0000,0.0000,0,0.0000,0,0.0000,0.0000,0,0.0000,0.0000,0,0,0,0,0,0,0,0,0,0,0,0,0,0,0,0,0,0,0,0,0,0,0,0,0
WG_METRICS 448,256,768,1.9230,0.0087,0.0070,1.8533,0.0252,0.0287,256,768,196608,393216,106086.5078,212173.0156,0.0000,0,0.0000,0.0000,0,0.0000,0,0.0000,0.0000,0,0.0000,0.0000,0,0,0,0,0,0,0,0,0,0,0,0,0,0,0,0,0,0,0,0,0,0,0,0,0
WG_METRICS 449,256,768,1.9264,0.0086,0.0071,1.8702,0.0116,0.0288,256,768,196608,393216,105124.4766,210248.9531,0.0000,0,0.0000,0.0000,0,0.0000,0,0.0000,0.0000,0,0.0000,0.0000,0,0,0,0,0,0,0,0,0,0,0,0,0,0,0,0,0,0,0,0,0,0,0,0,0
WG_METRICS 450,256,768,1.9208,0.0087,0.0071,1.8625,0.0127,0.0298,256,768,196608,393216,105562.4766,211124.9531,0.0000,0,0.0000,0.0000,0,0.0000,0,0.0000,0.0000,0,0.0000,0.0000,0,0,0,0,0,0,0,0,0,0,0,0,0,0,0,0,0,0,0,0,0,0,0,0,0
WG_METRICS 451,256,768,1.9298,0.0086,0.0071,1.8676,0.0178,0.0288,256,768,196608,393216,105275.3281,210550.6562,0.0000,0,0.0000,0.0000,0,0.0000,0,0.0000,0.0000,0,0.0000,0.0000,0,0,0,0,0,0,0,0,0,0,0,0,0,0,0,0,0,0,0,0,0,0,0,0,0
WG_METRICS 452,256,768,1.9252,0.0088,0.0070,1.8618,0.0177,0.0299,256,768,196608,393216,105601.0312,211202.0625,0.0000,0,0.0000,0.0000,0,0.0000,0,0.0000,0.0000,0,0.0000,0.0000,0,0,0,0,0,0,0,0,0,0,0,0,0,0,0,0,0,0,0,0,0,0,0,0,0
WG_METRICS 453,256,768,1.9759,0.0086,0.0071,1.9040,0.0252,0.0310,256,768,196608,393216,103260.5000,206521.0000,0.0000,0,0.0000,0.0000,0,0.0000,0,0.0000,0.0000,0,0.0000,0.0000,0,0,0,0,0,0,0,0,0,0,0,0,0,0,0,0,0,0,0,0,0,0,0,0,0
WG_METRICS 454,256,768,1.9723,0.0088,0.0070,1.9096,0.0177,0.0291,256,768,196608,393216,102955.5312,205911.0625,0.0000,0,0.0000,0.0000,0,0.0000,0,0.0000,0.0000,0,0.0000,0.0000,0,0,0,0,0,0,0,0,0,0,0,0,0,0,0,0,0,0,0,0,0,0,0,0,0
WG_METRICS 455,256,768,1.9388,0.0086,0.0071,1.8692,0.0251,0.0288,256,768,196608,393216,105185.2109,210370.4219,0.0000,0,0.0000,0.0000,0,0.0000,0,0.0000,0.0000,0,0.0000,0.0000,0,0,0,0,0,0,0,0,0,0,0,0,0,0,0,0,0,0,0,0,0,0,0,0,0
WG_METRICS 456,256,768,1.6359,0.0087,0.0070,1.5791,0.0234,0.0178,256,768,196608,393216,124507.9453,249015.8906,0.0000,0,0.0000,0.0000,0,0.0000,0,0.0000,0.0000,0,0.0000,0.0000,0,0,0,0,0,0,0,0,0,0,0,0,0,0,0,0,0,0,0,0,0,0,0,0,0
WG_METRICS 457,256,768,1.0367,0.0075,0.0068,0.9906,0.0165,0.0154,256,768,196608,393216,198473.6562,396947.3125,0.0000,0,0.0000,0.0000,0,0.0000,0,0.0000,0.0000,0,0.0000,0.0000,0,0,0,0,0,0,0,0,0,0,0,0,0,0,0,0,0,0,0,0,0,0,0,0,0
WG_METRICS 458,256,768,1.0242,0.0074,0.0068,0.9755,0.0183,0.0162,256,768,196608,393216,201550.0000,403100.0000,0.0000,0,0.0000,0.0000,0,0.0000,0,0.0000,0.0000,0,0.0000,0.0000,0,0,0,0,0,0,0,0,0,0,0,0,0,0,0,0,0,0,0,0,0,0,0,0,0
WG_METRICS 459,256,768,1.0314,0.0074,0.0068,0.9847,0.0168,0.0156,256,768,196608,393216,199666.8906,399333.7812,0.0000,0,0.0000,0.0000,0,0.0000,0,0.0000,0.0000,0,0.0000,0.0000,0,0,0,0,0,0,0,0,0,0,0,0,0,0,0,0,0,0,0,0,0,0,0,0,0
WG_METRICS 460,256,768,1.0441,0.0075,0.0068,1.0054,0.0088,0.0156,256,768,196608,393216,195552.0312,391104.0625,0.0000,0,0.0000,0.0000,0,0.0000,0,0.0000,0.0000,0,0.0000,0.0000,0,0,0,0,0,0,0,0,0,0,0,0,0,0,0,0,0,0,0,0,0,0,0,0,0
WG_METRICS 461,256,768,1.1830,0.0076,0.0068,1.1342,0.0168,0.0176,256,768,196608,393216,173351.2031,346702.4062,0.0000,0,0.0000,0.0000,0,0.0000,0,0.0000,0.0000,0,0.0000,0.0000,0,0,0,0,0,0,0,0,0,0,0,0,0,0,0,0,0,0,0,0,0,0,0,0,0
WG_METRICS 462,256,768,1.2850,0.0078,0.0067,1.2339,0.0168,0.0199,256,768,196608,393216,159341.2656,318682.5312,0.0000,0,0.0000,0.0000,0,0.0000,0,0.0000,0.0000,0,0.0000,0.0000,0,0,0,0,0,0,0,0,0,0,0,0,0,0,0,0,0,0,0,0,0,0,0,0,0
WG_METRICS 463,256,768,1.4703,0.0079,0.0068,1.4101,0.0234,0.0220,256,768,196608,393216,139430.3906,278860.7812,0.0000,0,0.0000,0.0000,0,0.0000,0,0.0000,0.0000,0,0.0000,0.0000,0,0,0,0,0,0,0,0,0,0,0,0,0,0,0,0,0,0,0,0,0,0,0,0,0
WG_METRICS 464,256,768,1.7334,0.0083,0.0070,1.6814,0.0098,0.0269,256,768,196608,393216,116928.3438,233856.6875,0.0000,0,0.0000,0.0000,0,0.0000,0,0.0000,0.0000,0,0.0000,0.0000,0,0,0,0,0,0,0,0,0,0,0,0,0,0,0,0,0,0,0,0,0,0,0,0,0
WG_METRICS 465,256,768,1.9243,0.0088,0.0070,1.8710,0.0087,0.0289,256,768,196608,393216,105084.0234,210168.0469,0.0000,0,0.0000,0.0000,0,0.0000,0,0.0000,0.0000,0,0.0000,0.0000,0,0,0,0,0,0,0,0,0,0,0,0,0,0,0,0,0,0,0,0,0,0,0,0,0
WG_METRICS 466,256,768,1.9411,0.0088,0.0070,1.8783,0.0178,0.0291,256,768,196608,393216,104674.4844,209348.9688,0.0000,0,0.0000,0.0000,0,0.0000,0,0.0000,0.0000,0,0.0000,0.0000,0,0,0,0,0,0,0,0,0,0,0,0,0,0,0,0,0,0,0,0,0,0,0,0,0
WG_METRICS 467,256,768,1.9444,0.0087,0.0071,1.8818,0.0178,0.0291,256,768,196608,393216,104480.9141,208961.8281,0.0000,0,0.0000,0.0000,0,0.0000,0,0.0000,0.0000,0,0.0000,0.0000,0,0,0,0,0,0,0,0,0,0,0,0,0,0,0,0,0,0,0,0,0,0,0,0,0
WG_METRICS 468,256,768,1.9382,0.0086,0.0071,1.8689,0.0250,0.0286,256,768,196608,393216,105198.7266,210397.4531,0.0000,0,0.0000,0.0000,0,0.0000,0,0.0000,0.0000,0,0.0000,0.0000,0,0,0,0,0,0,0,0,0,0,0,0,0,0,0,0,0,0,0,0,0,0,0,0,0
WG_METRICS 469,256,768,1.8427,0.0087,0.0070,1.7829,0.0175,0.0266,256,768,196608,393216,110275.5156,220551.0312,0.0000,0,0.0000,0.0000,0,0.0000,0,0.0000,0.0000,0,0.0000,0.0000,0,0,0,0,0,0,0,0,0,0,0,0,0,0,0,0,0,0,0,0,0,0,0,0,0
WG_METRICS 470,256,768,1.6019,0.0084,0.0069,1.5538,0.0099,0.0229,256,768,196608,393216,126536.9141,253073.8281,0.0000,0,0.0000,0.0000,0,0.0000,0,0.0000,0.0000,0,0.0000,0.0000,0,0,0,0,0,0,0,0,0,0,0,0,0,0,0,0,0,0,0,0,0,0,0,0,0
WG_METRICS 471,256,768,1.3762,0.0080,0.0068,1.3168,0.0242,0.0204,256,768,196608,393216,149307.4062,298614.8125,0.0000,0,0.0000,0.0000,0,0.0000,0,0.0000,0.0000,0,0.0000,0.0000,0,0,0,0,0,0,0,0,0,0,0,0,0,0,0,0,0,0,0,0,0,0,0,0,0
WG_METRICS 472,256,768,1.2118,0.0077,0.0068,1.1623,0.0166,0.0183,256,768,196608,393216,169157.1719,338314.3438,0.0000,0,0.0000,0.0000,0,0.0000,0,0.0000,0.0000,0,0.0000,0.0000,0,0,0,0,0,0,0,0,0,0,0,0,0,0,0,0,0,0,0,0,0,0,0,0,0
WG_METRICS 473,256,768,1.1338,0.0076,0.0068,1.0879,0.0144,0.0171,256,768,196608,393216,180725.8125,361451.6250,0.0000,0,0.0000,0.0000,0,0.0000,0,0.0000,0.0000,0,0.0000,0.0000,0,0,0,0,0,0,0,0,0,0,0,0,0,0,0,0,0,0,0,0,0,0,0,0,0
WG_METRICS 474,256,768,1.1155,0.0076,0.0068,1.0677,0.0165,0.0169,256,768,196608,393216,184145.0625,368290.1250,0.0000,0,0.0000,0.0000,0,0.0000,0,0.0000,0.0000,0,0.0000,0.0000,0,0,0,0,0,0,0,0,0,0,0,0,0,0,0,0,0,0,0,0,0,0,0,0,0
WG_METRICS 475,256,768,1.1501,0.0076,0.0069,1.1076,0.0102,0.0178,256,768,196608,393216,177508.1250,355016.2500,0.0000,0,0.0000,0.0000,0,0.0000,0,0.0000,0.0000,0,0.0000,0.0000,0,0,0,0,0,0,0,0,0,0,0,0,0,0,0,0,0,0,0,0,0,0,0,0,0
WG_METRICS 476,256,768,1.2303,0.0078,0.0068,1.1804,0.0167,0.0187,256,768,196608,393216,166554.8438,333109.6875,0.0000,0,0.0000,0.0000,0,0.0000,0,0.0000,0.0000,0,0.0000,0.0000,0,0,0,0,0,0,0,0,0,0,0,0,0,0,0,0,0,0,0,0,0,0,0,0,0
WG_METRICS 477,256,768,1.9721,0.0087,0.0070,1.9022,0.0254,0.0288,256,768,196608,393216,103358.2188,206716.4375,0.0000,0,0.0000,0.0000,0,0.0000,0,0.0000,0.0000,0,0.0000,0.0000,0,0,0,0,0,0,0,0,0,0,0,0,0,0,0,0,0,0,0,0,0,0,0,0,0
WG_METRICS 478,256,768,1.9308,0.0088,0.0070,1.8736,0.0088,0.0325,256,768,196608,393216,104933.7188,209867.4375,0.0000,0,0.0000,0.0000,0,0.0000,0,0.0000,0.0000,0,0.0000,0.0000,0,0,0,0,0,0,0,0,0,0,0,0,0,0,0,0,0,0,0,0,0,0,0,0,0
WG_METRICS 479,256,768,1.9155,0.0089,0.0070,1.8527,0.0178,0.0291,256,768,196608,393216,106120.8672,212241.7344,0.0000,0,0.0000,0.0000,0,0.0000,0,0.0000,0.0000,0,0.0000,0.0000,0,0,0,0,0,0,0,0,0,0,0,0,0,0,0,0,0,0,0,0,0,0,0,0,0
WG_METRICS 480,256,768,1.9377,0.0087,0.0070,1.8747,0.0178,0.0295,256,768,196608,393216,104875.5000,209751.0000,0.0000,0,0.0000,0.0000,0,0.0000,0,0.0000,0.0000,0,0.0000,0.0000,0,0,0,0,0,0,0,0,0,0,0,0,0,0,0,0,0,0,0,0,0,0,0,0,0
WG_METRICS 481,256,768,1.9275,0.0088,0.0070,1.8643,0.0178,0.0296,256,768,196608,393216,105460.5547,210921.1094,0.0000,0,0.0000,0.0000,0,0.0000,0,0.0000,0.0000,0,0.0000,0.0000,0,0,0,0,0,0,0,0,0,0,0,0,0,0,0,0,0,0,0,0,0,0,0,0,0
WG_METRICS 482,256,768,1.9213,0.0087,0.0071,1.8510,0.0251,0.0294,256,768,196608,393216,106217.1797,212434.3594,0.0000,0,0.0000,0.0000,0,0.0000,0,0.0000,0.0000,0,0.0000,0.0000,0,0,0,0,0,0,0,0,0,0,0,0,0,0,0,0,0,0,0,0,0,0,0,0,0
WG_METRICS 483,256,768,1.9544,0.0088,0.0070,1.8828,0.0260,0.0298,256,768,196608,393216,104423.2031,208846.4062,0.0000,0,0.0000,0.0000,0,0.0000,0,0.0000,0.0000,0,0.0000,0.0000,0,0,0,0,0,0,0,0,0,0,0,0,0,0,0,0,0,0,0,0,0,0,0,0,0
WG_METRICS 484,256,768,1.9535,0.0088,0.0070,1.8907,0.0178,0.0292,256,768,196608,393216,103987.9844,207975.9688,0.0000,0,0.0000,0.0000,0,0.0000,0,0.0000,0.0000,0,0.0000,0.0000,0,0,0,0,0,0,0,0,0,0,0,0,0,0,0,0,0,0,0,0,0,0,0,0,0
WG_METRICS 485,256,768,1.9440,0.0087,0.0070,1.8812,0.0178,0.0293,256,768,196608,393216,104514.2344,209028.4688,0.0000,0,0.0000,0.0000,0,0.0000,0,0.0000,0.0000,0,0.0000,0.0000,0,0,0,0,0,0,0,0,0,0,0,0,0,0,0,0,0,0,0,0,0,0,0,0,0
WG_METRICS 486,256,768,1.9318,0.0087,0.0070,1.8694,0.0178,0.0290,256,768,196608,393216,105171.7109,210343.4219,0.0000,0,0.0000,0.0000,0,0.0000,0,0.0000,0.0000,0,0.0000,0.0000,0,0,0,0,0,0,0,0,0,0,0,0,0,0,0,0,0,0,0,0,0,0,0,0,0
WG_METRICS 487,256,768,1.9719,0.0088,0.0070,1.9014,0.0251,0.0296,256,768,196608,393216,103401.7031,206803.4062,0.0000,0,0.0000,0.0000,0,0.0000,0,0.0000,0.0000,0,0.0000,0.0000,0,0,0,0,0,0,0,0,0,0,0,0,0,0,0,0,0,0,0,0,0,0,0,0,0
WG_METRICS 488,256,768,1.9412,0.0087,0.0070,1.8788,0.0178,0.0289,256,768,196608,393216,104645.5156,209291.0312,0.0000,0,0.0000,0.0000,0,0.0000,0,0.0000,0.0000,0,0.0000,0.0000,0,0,0,0,0,0,0,0,0,0,0,0,0,0,0,0,0,0,0,0,0,0,0,0,0
WG_METRICS 489,256,768,1.9211,0.0087,0.0070,1.8600,0.0166,0.0288,256,768,196608,393216,105703.2266,211406.4531,0.0000,0,0.0000,0.0000,0,0.0000,0,0.0000,0.0000,0,0.0000,0.0000,0,0,0,0,0,0,0,0,0,0,0,0,0,0,0,0,0,0,0,0,0,0,0,0,0
WG_METRICS 490,256,768,1.9522,0.0089,0.0070,1.8981,0.0096,0.0286,256,768,196608,393216,103582.5703,207165.1406,0.0000,0,0.0000,0.0000,0,0.0000,0,0.0000,0.0000,0,0.0000,0.0000,0,0,0,0,0,0,0,0,0,0,0,0,0,0,0,0,0,0,0,0,0,0,0,0,0
WG_METRICS 491,256,768,1.9399,0.0090,0.0070,1.8755,0.0178,0.0307,256,768,196608,393216,104830.7578,209661.5156,0.0000,0,0.0000,0.0000,0,0.0000,0,0.0000,0.0000,0,0.0000,0.0000,0,0,0,0,0,0,0,0,0,0,0,0,0,0,0,0,0,0,0,0,0,0,0,0,0
WG_METRICS 492,256,768,1.9546,0.0087,0.0070,1.8912,0.0178,0.0299,256,768,196608,393216,103961.5859,207923.1719,0.0000,0,0.0000,0.0000,0,0.0000,0,0.0000,0.0000,0,0.0000,0.0000,0,0,0,0,0,0,0,0,0,0,0,0,0,0,0,0,0,0,0,0,0,0,0,0,0
WG_METRICS 493,256,768,1.8461,0.0086,0.0070,1.7863,0.0176,0.0266,256,768,196608,393216,110065.6094,220131.2188,0.0000,0,0.0000,0.0000,0,0.0000,0,0.0000,0.0000,0,0.0000,0.0000,0,0,0,0,0,0,0,0,0,0,0,0,0,0,0,0,0,0,0,0,0,0,0,0,0
WG_METRICS 494,256,768,1.6798,0.0084,0.0069,1.6237,0.0172,0.0237,256,768,196608,393216,121087.8984,242175.7969,0.0000,0,0.0000,0.0000,0,0.0000,0,0.0000,0.0000,0,0.0000,0.0000,0,0,0,0,0,0,0,0,0,0,0,0,0,0,0,0,0,0,0,0,0,0,0,0,0
WG_METRICS 495,256,768,1.6064,0.0096,0.0068,1.5424,0.0241,0.0236,256,768,196608,393216,127465.5703,254931.1406,0.0000,0,0.0000,0.0000,0,0.0000,0,0.0000,0.0000,0,0.0000,0.0000,0,0,0,0,0,0,0,0,0,0,0,0,0,0,0,0,0,0,0,0,0,0,0,0,0
WG_METRICS 496,256,768,1.5905,0.0083,0.0151,1.5249,0.0181,0.0241,256,768,196608,393216,128930.0469,257860.0938,0.0000,0,0.0000,0.0000,0,0.0000,0,0.0000,0.0000,0,0.0000,0.0000,0,0,0,0,0,0,0,0,0,0,0,0,0,0,0,0,0,0,0,0,0,0,0,0,0
WG_METRICS 497,256,768,1.5365,0.0082,0.0069,1.4885,0.0099,0.0231,256,768,196608,393216,132086.4219,264172.8438,0.0000,0,0.0000,0.0000,0,0.0000,0,0.0000,0.0000,0,0.0000,0.0000,0,0,0,0,0,0,0,0,0,0,0,0,0,0,0,0,0,0,0,0,0,0,0,0,0
WG_METRICS 498,256,768,1.7112,0.0084,0.0069,1.6520,0.0175,0.0264,256,768,196608,393216,119012.1094,238024.2188,0.0000,0,0.0000,0.0000,0,0.0000,0,0.0000,0.0000,0,0.0000,0.0000,0,0,0,0,0,0,0,0,0,0,0,0,0,0,0,0,0,0,0,0,0,0,0,0,0
WG_METRICS 499,256,768,1.9500,0.0088,0.0070,1.8874,0.0178,0.0289,256,768,196608,393216,104166.4922,208332.9844,0.0000,0,0.0000,0.0000,0,0.0000,0,0.0000,0.0000,0,0.0000,0.0000,0,0,0,0,0,0,0,0,0,0,0,0,0,0,0,0,0,0,0,0,0,0,0,0,0
WG_METRICS 500,256,768,1.9366,0.0088,0.0070,1.8756,0.0162,0.0288,256,768,196608,393216,104821.8203,209643.6406,0.0000,0,0.0000,0.0000,0,0.0000,0,0.0000,0.0000,0,0.0000,0.0000,0,0,0,0,0,0,0,0,0,0,0,0,0,0,0,0,0,0,0,0,0,0,0,0,0
WG_METRICS 501,256,768,1.9580,0.0088,0.0070,1.8880,0.0253,0.0288,256,768,196608,393216,104137.8047,208275.6094,0.0000,0,0.0000,0.0000,0,0.0000,0,0.0000,0.0000,0,0.0000,0.0000,0,0,0,0,0,0,0,0,0,0,0,0,0,0,0,0,0,0,0,0,0,0,0,0,0
WG_METRICS 502,256,768,1.9457,0.0087,0.0070,1.8905,0.0104,0.0291,256,768,196608,393216,103998.9844,207997.9688,0.0000,0,0.0000,0.0000,0,0.0000,0,0.0000,0.0000,0,0.0000,0.0000,0,0,0,0,0,0,0,0,0,0,0,0,0,0,0,0,0,0,0,0,0,0,0,0,0
WG_METRICS 503,256,768,1.9187,0.0087,0.0071,1.8564,0.0178,0.0288,256,768,196608,393216,105910.4922,211820.9844,0.0000,0,0.0000,0.0000,0,0.0000,0,0.0000,0.0000,0,0.0000,0.0000,0,0,0,0,0,0,0,0,0,0,0,0,0,0,0,0,0,0,0,0,0,0,0,0,0
WG_METRICS 504,256,768,1.9200,0.0087,0.0070,1.8508,0.0250,0.0285,256,768,196608,393216,106230.9531,212461.9062,0.0000,0,0.0000,0.0000,0,0.0000,0,0.0000,0.0000,0,0.0000,0.0000,0,0,0,0,0,0,0,0,0,0,0,0,0,0,0,0,0,0,0,0,0,0,0,0,0
WG_METRICS 505,256,768,1.9130,0.0088,0.0070,1.8570,0.0114,0.0288,256,768,196608,393216,105876.2656,211752.5312,0.0000,0,0.0000,0.0000,0,0.0000,0,0.0000,0.0000,0,0.0000,0.0000,0,0,0,0,0,0,0,0,0,0,0,0,0,0,0,0,0,0,0,0,0,0,0,0,0
WG_METRICS 506,256,768,1.9054,0.0087,0.0070,1.8493,0.0110,0.0293,256,768,196608,393216,106313.6719,212627.3438,0.0000,0,0.0000,0.0000,0,0.0000,0,0.0000,0.0000,0,0.0000,0.0000,0,0,0,0,0,0,0,0,0,0,0,0,0,0,0,0,0,0,0,0,0,0,0,0,0
WG_METRICS 507,256,768,1.9615,0.0088,0.0070,1.8897,0.0263,0.0298,256,768,196608,393216,104043.0078,208086.0156,0.0000,0,0.0000,0.0000,0,0.0000,0,0.0000,0.0000,0,0.0000,0.0000,0,0,0,0,0,0,0,0,0,0,0,0,0,0,0,0,0,0,0,0,0,0,0,0,0
WG_METRICS 508,256,768,1.9244,0.0088,0.0070,1.8614,0.0178,0.0294,256,768,196608,393216,105621.4609,211242.9219,0.0000,0,0.0000,0.0000,0,0.0000,0,0.0000,0.0000,0,0.0000,0.0000,0,0,0,0,0,0,0,0,0,0,0,0,0,0,0,0,0,0,0,0,0,0,0,0,0
WG_METRICS 509,256,768,1.9808,0.0088,0.0070,1.8665,0.0699,0.0285,256,768,196608,393216,105336.2500,210672.5000,0.0000,0,0.0000,0.0000,0,0.0000,0,0.0000,0.0000,0,0.0000,0.0000,0,0,0,0,0,0,0,0,0,0,0,0,0,0,0,0,0,0,0,0,0,0,0,0,0
WG_METRICS 510,256,768,1.9360,0.0087,0.0070,1.8729,0.0178,0.0296,256,768,196608,393216,104976.2969,209952.5938,0.0000,0,0.0000,0.0000,0,0.0000,0,0.0000,0.0000,0,0.0000,0.0000,0,0,0,0,0,0,0,0,0,0,0,0,0,0,0,0,0,0,0,0,0,0,0,0,0
WG_METRICS 511,256,768,1.9198,0.0088,0.0070,1.8574,0.0178,0.0288,256,768,196608,393216,105848.9141,211697.8281,0.0000,0,0.0000,0.0000,0,0.0000,0,0.0000,0.0000,0,0.0000,0.0000,0,0,0,0,0,0,0,0,0,0,0,0,0,0,0,0,0,0,0,0,0,0,0,0,0
WG_METRICS 512,256,768,1.9143,0.0087,0.0070,1.8496,0.0177,0.0313,256,768,196608,393216,106299.8750,212599.7500,0.0000,0,0.0000,0.0000,0,0.0000,0,0.0000,0.0000,0,0.0000,0.0000,0,0,0,0,0,0,0,0,0,0,0,0,0,0,0,0,0,0,0,0,0,0,0,0,0
WG_METRICS 513,256,768,1.9315,0.0087,0.0071,1.8691,0.0178,0.0288,256,768,196608,393216,105189.7188,210379.4375,0.0000,0,0.0000,0.0000,0,0.0000,0,0.0000,0.0000,0,0.0000,0.0000,0,0,0,0,0,0,0,0,0,0,0,0,0,0,0,0,0,0,0,0,0,0,0,0,0
WG_METRICS 514,256,768,2.3800,0.0087,0.0070,1.9036,0.4318,0.0290,256,768,196608,393216,103284.3672,206568.7344,0.0000,0,0.0000,0.0000,0,0.0000,0,0.0000,0.0000,0,0.0000,0.0000,0,0,0,0,0,0,0,0,0,0,0,0,0,0,0,0,0,0,0,0,0,0,0,0,0
WG_METRICS 515,256,768,1.9602,0.0088,0.0070,1.9019,0.0135,0.0290,256,768,196608,393216,103373.4375,206746.8750,0.0000,0,0.0000,0.0000,0,0.0000,0,0.0000,0.0000,0,0.0000,0.0000,0,0,0,0,0,0,0,0,0,0,0,0,0,0,0,0,0,0,0,0,0,0,0,0,0
WG_METRICS 516,256,768,1.9157,0.0088,0.0070,1.8517,0.0178,0.0305,256,768,196608,393216,106175.8828,212351.7656,0.0000,0,0.0000,0.0000,0,0.0000,0,0.0000,0.0000,0,0.0000,0.0000,0,0,0,0,0,0,0,0,0,0,0,0,0,0,0,0,0,0,0,0,0,0,0,0,0
WG_METRICS 517,256,768,1.9210,0.0087,0.0070,1.8600,0.0165,0.0288,256,768,196608,393216,105703.2266,211406.4531,0.0000,0,0.0000,0.0000,0,0.0000,0,0.0000,0.0000,0,0.0000,0.0000,0,0,0,0,0,0,0,0,0,0,0,0,0,0,0,0,0,0,0,0,0,0,0,0,0
WG_METRICS 518,256,768,1.9219,0.0087,0.0070,1.8593,0.0178,0.0291,256,768,196608,393216,105744.1562,211488.3125,0.0000,0,0.0000,0.0000,0,0.0000,0,0.0000,0.0000,0,0.0000,0.0000,0,0,0,0,0,0,0,0,0,0,0,0,0,0,0,0,0,0,0,0,0,0,0,0,0
WG_METRICS 519,256,768,1.9767,0.0089,0.0070,1.9135,0.0178,0.0296,256,768,196608,393216,102748.9141,205497.8281,0.0000,0,0.0000,0.0000,0,0.0000,0,0.0000,0.0000,0,0.0000,0.0000,0,0,0,0,0,0,0,0,0,0,0,0,0,0,0,0,0,0,0,0,0,0,0,0,0
WG_METRICS 520,256,768,1.9501,0.0088,0.0070,1.8799,0.0252,0.0292,256,768,196608,393216,104585.3984,209170.7969,0.0000,0,0.0000,0.0000,0,0.0000,0,0.0000,0.0000,0,0.0000,0.0000,0,0,0,0,0,0,0,0,0,0,0,0,0,0,0,0,0,0,0,0,0,0,0,0,0
WG_METRICS 521,256,768,1.9496,0.0089,0.0070,1.8780,0.0262,0.0296,256,768,196608,393216,104690.0938,209380.1875,0.0000,0,0.0000,0.0000,0,0.0000,0,0.0000,0.0000,0,0.0000,0.0000,0,0,0,0,0,0,0,0,0,0,0,0,0,0,0,0,0,0,0,0,0,0,0,0,0
WG_METRICS 522,256,768,1.9195,0.0086,0.0070,1.8489,0.0251,0.0298,256,768,196608,393216,106338.9688,212677.9375,0.0000,0,0.0000,0.0000,0,0.0000,0,0.0000,0.0000,0,0.0000,0.0000,0,0,0,0,0,0,0,0,0,0,0,0,0,0,0,0,0,0,0,0,0,0,0,0,0
WG_METRICS 523,256,768,1.9316,0.0087,0.0070,1.8759,0.0110,0.0290,256,768,196608,393216,104806.1719,209612.3438,0.0000,0,0.0000,0.0000,0,0.0000,0,0.0000,0.0000,0,0.0000,0.0000,0,0,0,0,0,0,0,0,0,0,0,0,0,0,0,0,0,0,0,0,0,0,0,0,0
WG_METRICS 524,256,768,1.9269,0.0087,0.0070,1.8642,0.0177,0.0292,256,768,196608,393216,105462.8125,210925.6250,0.0000,0,0.0000,0.0000,0,0.0000,0,0.0000,0.0000,0,0.0000,0.0000,0,0,0,0,0,0,0,0,0,0,0,0,0,0,0,0,0,0,0,0,0,0,0,0,0
WG_METRICS 525,256,768,1.9429,0.0088,0.0070,1.8733,0.0250,0.0287,256,768,196608,393216,104951.6406,209903.2812,0.0000,0,0.0000,0.0000,0,0.0000,0,0.0000,0.0000,0,0.0000,0.0000,0,0,0,0,0,0,0,0,0,0,0,0,0,0,0,0,0,0,0,0,0,0,0,0,0
WG_METRICS 526,256,768,1.9194,0.0088,0.0070,1.8598,0.0151,0.0286,256,768,196608,393216,105712.3203,211424.6406,0.0000,0,0.0000,0.0000,0,0.0000,0,0.0000,0.0000,0,0.0000,0.0000,0,0,0,0,0,0,0,0,0,0,0,0,0,0,0,0,0,0,0,0,0,0,0,0,0
WG_METRICS 527,256,768,1.9325,0.0088,0.0070,1.8770,0.0103,0.0293,256,768,196608,393216,104743.6406,209487.2812,0.0000,0,0.0000,0.0000,0,0.0000,0,0.0000,0.0000,0,0.0000,0.0000,0,0,0,0,0,0,0,0,0,0,0,0,0,0,0,0,0,0,0,0,0,0,0,0,0
WG_METRICS 528,256,768,1.9237,0.0088,0.0070,1.8604,0.0178,0.0298,256,768,196608,393216,105682.7734,211365.5469,0.0000,0,0.0000,0.0000,0,0.0000,0,0.0000,0.0000,0,0.0000,0.0000,0,0,0,0,0,0,0,0,0,0,0,0,0,0,0,0,0,0,0,0,0,0,0,0,0
WG_METRICS 529,256,768,1.9209,0.0087,0.0070,1.8654,0.0111,0.0287,256,768,196608,393216,105399.4922,210798.9844,0.0000,0,0.0000,0.0000,0,0.0000,0,0.0000,0.0000,0,0.0000,0.0000,0,0,0,0,0,0,0,0,0,0,0,0,0,0,0,0,0,0,0,0,0,0,0,0,0
WG_METRICS 530,256,768,1.9057,0.0087,0.0070,1.8448,0.0164,0.0287,256,768,196608,393216,106571.8438,213143.6875,0.0000,0,0.0000,0.0000,0,0.0000,0,0.0000,0.0000,0,0.0000,0.0000,0,0,0,0,0,0,0,0,0,0,0,0,0,0,0,0,0,0,0,0,0,0,0,0,0
WG_METRICS 531,256,768,1.9224,0.0089,0.0070,1.8602,0.0178,0.0286,256,768,196608,393216,105694.1328,211388.2656,0.0000,0,0.0000,0.0000,0,0.0000,0,0.0000,0.0000,0,0.0000,0.0000,0,0,0,0,0,0,0,0,0,0,0,0,0,0,0,0,0,0,0,0,0,0,0,0,0
WG_METRICS 532,256,768,1.9275,0.0087,0.0070,1.8560,0.0256,0.0302,256,768,196608,393216,105933.3203,211866.6406,0.0000,0,0.0000,0.0000,0,0.0000,0,0.0000,0.0000,0,0.0000,0.0000,0,0,0,0,0,0,0,0,0,0,0,0,0,0,0,0,0,0,0,0,0,0,0,0,0
WG_METRICS 533,256,768,1.9244,0.0087,0.0070,1.8603,0.0182,0.0301,256,768,196608,393216,105685.0469,211370.0938,0.0000,0,0.0000,0.0000,0,0.0000,0,0.0000,0.0000,0,0.0000,0.0000,0,0,0,0,0,0,0,0,0,0,0,0,0,0,0,0,0,0,0,0,0,0,0,0,0
WG_METRICS 534,256,768,1.9630,0.0088,0.0070,1.9005,0.0178,0.0288,256,768,196608,393216,103451.7578,206903.5156,0.0000,0,0.0000,0.0000,0,0.0000,0,0.0000,0.0000,0,0.0000,0.0000,0,0,0,0,0,0,0,0,0,0,0,0,0,0,0,0,0,0,0,0,0,0,0,0,0
WG_METRICS 535,256,768,1.9247,0.0088,0.0071,1.8615,0.0177,0.0296,256,768,196608,393216,105616.9141,211233.8281,0.0000,0,0.0000,0.0000,0,0.0000,0,0.0000,0.0000,0,0.0000,0.0000,0,0,0,0,0,0,0,0,0,0,0,0,0,0,0,0,0,0,0,0,0,0,0,0,0
WG_METRICS 536,256,768,1.9442,0.0087,0.0070,1.8798,0.0177,0.0309,256,768,196608,393216,104587.6250,209175.2500,0.0000,0,0.0000,0.0000,0,0.0000,0,0.0000,0.0000,0,0.0000,0.0000,0,0,0,0,0,0,0,0,0,0,0,0,0,0,0,0,0,0,0,0,0,0,0,0,0
WG_METRICS 537,256,768,1.9406,0.0087,0.0070,1.8796,0.0165,0.0288,256,768,196608,393216,104603.2031,209206.4062,0.0000,0,0.0000,0.0000,0,0.0000,0,0.0000,0.0000,0,0.0000,0.0000,0,0,0,0,0,0,0,0,0,0,0,0,0,0,0,0,0,0,0,0,0,0,0,0,0
WG_METRICS 538,256,768,1.9281,0.0086,0.0070,1.8771,0.0065,0.0288,256,768,196608,393216,104739.1719,209478.3438,0.0000,0,0.0000,0.0000,0,0.0000,0,0.0000,0.0000,0,0.0000,0.0000,0,0,0,0,0,0,0,0,0,0,0,0,0,0,0,0,0,0,0,0,0,0,0,0,0
WG_METRICS 539,256,768,1.9215,0.0088,0.0070,1.8536,0.0209,0.0312,256,768,196608,393216,106068.1875,212136.3750,0.0000,0,0.0000,0.0000,0,0.0000,0,0.0000,0.0000,0,0.0000,0.0000,0,0,0,0,0,0,0,0,0,0,0,0,0,0,0,0,0,0,0,0,0,0,0,0,0
WG_METRICS 540,256,768,1.9498,0.0087,0.0070,1.8954,0.0099,0.0287,256,768,196608,393216,103729.0234,207458.0469,0.0000,0,0.0000,0.0000,0,0.0000,0,0.0000,0.0000,0,0.0000,0.0000,0,0,0,0,0,0,0,0,0,0,0,0,0,0,0,0,0,0,0,0,0,0,0,0,0
WG_METRICS 541,256,768,1.9404,0.0087,0.0070,1.8782,0.0178,0.0288,256,768,196608,393216,104681.1797,209362.3594,0.0000,0,0.0000,0.0000,0,0.0000,0,0.0000,0.0000,0,0.0000,0.0000,0,0,0,0,0,0,0,0,0,0,0,0,0,0,0,0,0,0,0,0,0,0,0,0,0
WG_METRICS 542,256,768,1.9695,0.0087,0.0070,1.8968,0.0262,0.0308,256,768,196608,393216,103652.4688,207304.9375,0.0000,0,0.0000,0.0000,0,0.0000,0,0.0000,0.0000,0,0.0000,0.0000,0,0,0,0,0,0,0,0,0,0,0,0,0,0,0,0,0,0,0,0,0,0,0,0,0
WG_METRICS 543,256,768,1.9333,0.0088,0.0070,1.8626,0.0252,0.0296,256,768,196608,393216,105553.4062,211106.8125,0.0000,0,0.0000,0.0000,0,0.0000,0,0.0000,0.0000,0,0.0000,0.0000,0,0,0,0,0,0,0,0,0,0,0,0,0,0,0,0,0,0,0,0,0,0,0,0,0
WG_METRICS 544,256,768,1.9046,0.0087,0.0070,1.8501,0.0102,0.0286,256,768,196608,393216,106267.7031,212535.4062,0.0000,0,0.0000,0.0000,0,0.0000,0,0.0000,0.0000,0,0.0000,0.0000,0,0,0,0,0,0,0,0,0,0,0,0,0,0,0,0,0,0,0,0,0,0,0,0,0
WG_METRICS 545,256,768,1.9110,0.0087,0.0070,1.8553,0.0112,0.0288,256,768,196608,393216,105969.8594,211939.7188,0.0000,0,0.0000,0.0000,0,0.0000,0,0.0000,0.0000,0,0.0000,0.0000,0,0,0,0,0,0,0,0,0,0,0,0,0,0,0,0,0,0,0,0,0,0,0,0,0
WG_METRICS 546,256,768,1.9110,0.0087,0.0070,1.8576,0.0087,0.0290,256,768,196608,393216,105837.5156,211675.0312,0.0000,0,0.0000,0.0000,0,0.0000,0,0.0000,0.0000,0,0.0000,0.0000,0,0,0,0,0,0,0,0,0,0,0,0,0,0,0,0,0,0,0,0,0,0,0,0,0
WG_METRICS 547,256,768,1.9102,0.0087,0.0070,1.8471,0.0178,0.0296,256,768,196608,393216,106442.6016,212885.2031,0.0000,0,0.0000,0.0000,0,0.0000,0,0.0000,0.0000,0,0.0000,0.0000,0,0,0,0,0,0,0,0,0,0,0,0,0,0,0,0,0,0,0,0,0,0,0,0,0
WG_METRICS 548,256,768,1.9142,0.0089,0.0070,1.8516,0.0178,0.0289,256,768,196608,393216,106180.4688,212360.9375,0.0000,0,0.0000,0.0000,0,0.0000,0,0.0000,0.0000,0,0.0000,0.0000,0,0,0,0,0,0,0,0,0,0,0,0,0,0,0,0,0,0,0,0,0,0,0,0,0
WG_METRICS 549,256,768,1.9272,0.0088,0.0070,1.8648,0.0178,0.0288,256,768,196608,393216,105428.8828,210857.7656,0.0000,0,0.0000,0.0000,0,0.0000,0,0.0000,0.0000,0,0.0000,0.0000,0,0,0,0,0,0,0,0,0,0,0,0,0,0,0,0,0,0,0,0,0,0,0,0,0
WG_METRICS 550,256,768,1.9494,0.0087,0.0071,1.8784,0.0257,0.0295,256,768,196608,393216,104665.5703,209331.1406,0.0000,0,0.0000,0.0000,0,0.0000,0,0.0000,0.0000,0,0.0000,0.0000,0,0,0,0,0,0,0,0,0,0,0,0,0,0,0,0,0,0,0,0,0,0,0,0,0
WG_METRICS 551,256,768,1.8988,0.0089,0.0070,1.8363,0.0178,0.0288,256,768,196608,393216,107068.6406,214137.2812,0.0000,0,0.0000,0.0000,0,0.0000,0,0.0000,0.0000,0,0.0000,0.0000,0,0,0,0,0,0,0,0,0,0,0,0,0,0,0,0,0,0,0,0,0,0,0,0,0
WG_METRICS 552,256,768,1.9402,0.0088,0.0070,1.8778,0.0178,0.0288,256,768,196608,393216,104699.0156,209398.0312,0.0000,0,0.0000,0.0000,0,0.0000,0,0.0000,0.0000,0,0.0000,0.0000,0,0,0,0,0,0,0,0,0,0,0,0,0,0,0,0,0,0,0,0,0,0,0,0,0
WG_METRICS 553,256,768,1.9146,0.0087,0.0070,1.8455,0.0249,0.0285,256,768,196608,393216,106534.8906,213069.7812,0.0000,0,0.0000,0.0000,0,0.0000,0,0.0000,0.0000,0,0.0000,0.0000,0,0,0,0,0,0,0,0,0,0,0,0,0,0,0,0,0,0,0,0,0,0,0,0,0
WG_METRICS 554,256,768,1.9208,0.0089,0.0070,1.8585,0.0178,0.0286,256,768,196608,393216,105787.3984,211574.7969,0.0000,0,0.0000,0.0000,0,0.0000,0,0.0000,0.0000,0,0.0000,0.0000,0,0,0,0,0,0,0,0,0,0,0,0,0,0,0,0,0,0,0,0,0,0,0,0,0
WG_METRICS 555,256,768,1.9222,0.0087,0.0070,1.8518,0.0254,0.0293,256,768,196608,393216,106171.2969,212342.5938,0.0000,0,0.0000,0.0000,0,0.0000,0,0.0000,0.0000,0,0.0000,0.0000,0,0,0,0,0,0,0,0,0,0,0,0,0,0,0,0,0,0,0,0,0,0,0,0,0
WG_METRICS 556,256,768,1.9156,0.0087,0.0070,1.8455,0.0250,0.0294,256,768,196608,393216,106534.8906,213069.7812,0.0000,0,0.0000,0.0000,0,0.0000,0,0.0000,0.0000,0,0.0000,0.0000,0,0,0,0,0,0,0,0,0,0,0,0,0,0,0,0,0,0,0,0,0,0,0,0,0
WG_METRICS 557,256,768,1.9524,0.0087,0.0071,1.9025,0.0054,0.0286,256,768,196608,393216,103340.8359,206681.6719,0.0000,0,0.0000,0.0000,0,0.0000,0,0.0000,0.0000,0,0.0000,0.0000,0,0,0,0,0,0,0,0,0,0,0,0,0,0,0,0,0,0,0,0,0,0,0,0,0
WG_METRICS 558,256,768,2.0655,0.0087,0.0070,1.8691,0.1507,0.0300,256,768,196608,393216,105187.4688,210374.9375,0.0000,0,0.0000,0.0000,0,0.0000,0,0.0000,0.0000,0,0.0000,0.0000,0,0,0,0,0,0,0,0,0,0,0,0,0,0,0,0,0,0,0,0,0,0,0,0,0
WG_METRICS 559,256,768,1.9257,0.0087,0.0070,1.8564,0.0250,0.0286,256,768,196608,393216,105905.9297,211811.8594,0.0000,0,0.0000,0.0000,0,0.0000,0,0.0000,0.0000,0,0.0000,0.0000,0,0,0,0,0,0,0,0,0,0,0,0,0,0,0,0,0,0,0,0,0,0,0,0,0
WG_METRICS 560,256,768,1.9367,0.0088,0.0070,1.8698,0.0207,0.0304,256,768,196608,393216,105149.2188,210298.4375,0.0000,0,0.0000,0.0000,0,0.0000,0,0.0000,0.0000,0,0.0000,0.0000,0,0,0,0,0,0,0,0,0,0,0,0,0,0,0,0,0,0,0,0,0,0,0,0,0
WG_METRICS 561,256,768,1.8896,0.0088,0.0070,1.8267,0.0178,0.0292,256,768,196608,393216,107628.9766,215257.9531,0.0000,0,0.0000,0.0000,0,0.0000,0,0.0000,0.0000,0,0.0000,0.0000,0,0,0,0,0,0,0,0,0,0,0,0,0,0,0,0,0,0,0,0,0,0,0,0,0
WG_METRICS 562,256,768,1.9043,0.0088,0.0070,1.8411,0.0178,0.0295,256,768,196608,393216,106787.1719,213574.3438,0.0000,0,0.0000,0.0000,0,0.0000,0,0.0000,0.0000,0,0.0000,0.0000,0,0,0,0,0,0,0,0,0,0,0,0,0,0,0,0,0,0,0,0,0,0,0,0,0
WG_METRICS 563,256,768,1.9066,0.0090,0.0070,1.8503,0.0109,0.0294,256,768,196608,393216,106256.2188,212512.4375,0.0000,0,0.0000,0.0000,0,0.0000,0,0.0000,0.0000,0,0.0000,0.0000,0,0,0,0,0,0,0,0,0,0,0,0,0,0,0,0,0,0,0,0,0,0,0,0,0
WG_METRICS 564,256,768,1.9072,0.0087,0.0070,1.8450,0.0178,0.0287,256,768,196608,393216,106562.6016,213125.2031,0.0000,0,0.0000,0.0000,0,0.0000,0,0.0000,0.0000,0,0.0000,0.0000,0,0,0,0,0,0,0,0,0,0,0,0,0,0,0,0,0,0,0,0,0,0,0,0,0
WG_METRICS 565,256,768,1.9276,0.0088,0.0070,1.8668,0.0163,0.0287,256,768,196608,393216,105320.4453,210640.8906,0.0000,0,0.0000,0.0000,0,0.0000,0,0.0000,0.0000,0,0.0000,0.0000,0,0,0,0,0,0,0,0,0,0,0,0,0,0,0,0,0,0,0,0,0,0,0,0,0
WG_METRICS 566,256,768,1.9328,0.0088,0.0070,1.8705,0.0178,0.0287,256,768,196608,393216,105110.9922,210221.9844,0.0000,0,0.0000,0.0000,0,0.0000,0,0.0000,0.0000,0,0.0000,0.0000,0,0,0,0,0,0,0,0,0,0,0,0,0,0,0,0,0,0,0,0,0,0,0,0,0
WG_METRICS 567,256,768,1.9631,0.0088,0.0070,1.8862,0.0308,0.0302,256,768,196608,393216,104232.7578,208465.5156,0.0000,0,0.0000,0.0000,0,0.0000,0,0.0000,0.0000,0,0.0000,0.0000,0,0,0,0,0,0,0,0,0,0,0,0,0,0,0,0,0,0,0,0,0,0,0,0,0
WG_METRICS 568,256,768,1.9492,0.0088,0.0070,1.8841,0.0183,0.0310,256,768,196608,393216,104350.0391,208700.0781,0.0000,0,0.0000,0.0000,0,0.0000,0,0.0000,0.0000,0,0.0000,0.0000,0,0,0,0,0,0,0,0,0,0,0,0,0,0,0,0,0,0,0,0,0,0,0,0,0
WG_METRICS 569,256,768,1.9374,0.0087,0.0070,1.8767,0.0137,0.0314,256,768,196608,393216,104763.7344,209527.4688,0.0000,0,0.0000,0.0000,0,0.0000,0,0.0000,0.0000,0,0.0000,0.0000,0,0,0,0,0,0,0,0,0,0,0,0,0,0,0,0,0,0,0,0,0,0,0,0,0
WG_METRICS 570,256,768,1.9421,0.0088,0.0070,1.8798,0.0178,0.0287,256,768,196608,393216,104592.0703,209184.1406,0.0000,0,0.0000,0.0000,0,0.0000,0,0.0000,0.0000,0,0.0000,0.0000,0,0,0,0,0,0,0,0,0,0,0,0,0,0,0,0,0,0,0,0,0,0,0,0,0
WG_METRICS 571,256,768,1.9244,0.0087,0.0070,1.8694,0.0107,0.0285,256,768,196608,393216,105169.4609,210338.9219,0.0000,0,0.0000,0.0000,0,0.0000,0,0.0000,0.0000,0,0.0000,0.0000,0,0,0,0,0,0,0,0,0,0,0,0,0,0,0,0,0,0,0,0,0,0,0,0,0
WG_METRICS 572,256,768,1.9113,0.0088,0.0070,1.8562,0.0102,0.0290,256,768,196608,393216,105919.6250,211839.2500,0.0000,0,0.0000,0.0000,0,0.0000,0,0.0000,0.0000,0,0.0000,0.0000,0,0,0,0,0,0,0,0,0,0,0,0,0,0,0,0,0,0,0,0,0,0,0,0,0
WG_METRICS 573,256,768,1.9196,0.0088,0.0070,1.8492,0.0251,0.0294,256,768,196608,393216,106320.5703,212641.1406,0.0000,0,0.0000,0.0000,0,0.0000,0,0.0000,0.0000,0,0.0000,0.0000,0,0,0,0,0,0,0,0,0,0,0,0,0,0,0,0,0,0,0,0,0,0,0,0,0
WG_METRICS 574,256,768,1.9230,0.0089,0.0071,1.8678,0.0104,0.0288,256,768,196608,393216,105259.5469,210519.0938,0.0000,0,0.0000,0.0000,0,0.0000,0,0.0000,0.0000,0,0.0000,0.0000,0,0,0,0,0,0,0,0,0,0,0,0,0,0,0,0,0,0,0,0,0,0,0,0,0
WG_METRICS 575,256,768,1.9336,0.0087,0.0070,1.8716,0.0178,0.0285,256,768,196608,393216,105050.3359,210100.6719,0.0000,0,0.0000,0.0000,0,0.0000,0,0.0000,0.0000,0,0.0000,0.0000,0,0,0,0,0,0,0,0,0,0,0,0,0,0,0,0,0,0,0,0,0,0,0,0,0
WG_METRICS 576,256,768,1.9538,0.0087,0.0070,1.8925,0.0166,0.0289,256,768,196608,393216,103886.8828,207773.7656,0.0000,0,0.0000,0.0000,0,0.0000,0,0.0000,0.0000,0,0.0000,0.0000,0,0,0,0,0,0,0,0,0,0,0,0,0,0,0,0,0,0,0,0,0,0,0,0,0
WG_METRICS 577,256,768,1.9508,0.0087,0.0070,1.8866,0.0188,0.0297,256,768,196608,393216,104215.0781,208430.1562,0.0000,0,0.0000,0.0000,0,0.0000,0,0.0000,0.0000,0,0.0000,0.0000,0,0,0,0,0,0,0,0,0,0,0,0,0,0,0,0,0,0,0,0,0,0,0,0,0
WG_METRICS 578,256,768,1.9332,0.0088,0.0070,1.8683,0.0204,0.0287,256,768,196608,393216,105232.5078,210465.0156,0.0000,0,0.0000,0.0000,0,0.0000,0,0.0000,0.0000,0,0.0000,0.0000,0,0,0,0,0,0,0,0,0,0,0,0,0,0,0,0,0,0,0,0,0,0,0,0,0
WG_METRICS 579,256,768,1.9247,0.0088,0.0070,1.8620,0.0178,0.0291,256,768,196608,393216,105587.4141,211174.8281,0.0000,0,0.0000,0.0000,0,0.0000,0,0.0000,0.0000,0,0.0000,0.0000,0,0,0,0,0,0,0,0,0,0,0,0,0,0,0,0,0,0,0,0,0,0,0,0,0
WG_METRICS 580,256,768,1.9483,0.0087,0.0070,1.8872,0.0164,0.0290,256,768,196608,393216,104179.7344,208359.4688,0.0000,0,0.0000,0.0000,0,0.0000,0,0.0000,0.0000,0,0.0000,0.0000,0,0,0,0,0,0,0,0,0,0,0,0,0,0,0,0,0,0,0,0,0,0,0,0,0
WG_METRICS 581,256,768,1.9369,0.0088,0.0070,1.8812,0.0106,0.0293,256,768,196608,393216,104512.0156,209024.0312,0.0000,0,0.0000,0.0000,0,0.0000,0,0.0000,0.0000,0,0.0000,0.0000,0,0,0,0,0,0,0,0,0,0,0,0,0,0,0,0,0,0,0,0,0,0,0,0,0
WG_METRICS 582,256,768,1.9675,0.0088,0.0070,1.8978,0.0250,0.0290,256,768,196608,393216,103600.0312,207200.0625,0.0000,0,0.0000,0.0000,0,0.0000,0,0.0000,0.0000,0,0.0000,0.0000,0,0,0,0,0,0,0,0,0,0,0,0,0,0,0,0,0,0,0,0,0,0,0,0,0
WG_METRICS 583,256,768,1.9633,0.0088,0.0070,1.8998,0.0178,0.0299,256,768,196608,393216,103490.9688,206981.9375,0.0000,0,0.0000,0.0000,0,0.0000,0,0.0000,0.0000,0,0.0000,0.0000,0,0,0,0,0,0,0,0,0,0,0,0,0,0,0,0,0,0,0,0,0,0,0,0,0
WG_METRICS 584,256,768,1.9661,0.0094,0.0070,1.8963,0.0249,0.0285,256,768,196608,393216,103680.8906,207361.7812,0.0000,0,0.0000,0.0000,0,0.0000,0,0.0000,0.0000,0,0.0000,0.0000,0,0,0,0,0,0,0,0,0,0,0,0,0,0,0,0,0,0,0,0,0,0,0,0,0
WG_METRICS 585,256,768,1.9238,0.0087,0.0070,1.8614,0.0178,0.0288,256,768,196608,393216,105621.4609,211242.9219,0.0000,0,0.0000,0.0000,0,0.0000,0,0.0000,0.0000,0,0.0000,0.0000,0,0,0,0,0,0,0,0,0,0,0,0,0,0,0,0,0,0,0,0,0,0,0,0,0
WG_METRICS 586,256,768,1.9426,0.0087,0.0071,1.8713,0.0262,0.0294,256,768,196608,393216,105066.0547,210132.1094,0.0000,0,0.0000,0.0000,0,0.0000,0,0.0000,0.0000,0,0.0000,0.0000,0,0,0,0,0,0,0,0,0,0,0,0,0,0,0,0,0,0,0,0,0,0,0,0,0
WG_METRICS 587,256,768,1.9300,0.0088,0.0070,1.8714,0.0136,0.0291,256,768,196608,393216,105059.3125,210118.6250,0.0000,0,0.0000,0.0000,0,0.0000,0,0.0000,0.0000,0,0.0000,0.0000,0,0,0,0,0,0,0,0,0,0,0,0,0,0,0,0,0,0,0,0,0,0,0,0,0
WG_METRICS 588,256,768,1.9260,0.0087,0.0071,1.8638,0.0178,0.0286,256,768,196608,393216,105485.4531,210970.9062,0.0000,0,0.0000,0.0000,0,0.0000,0,0.0000,0.0000,0,0.0000,0.0000,0,0,0,0,0,0,0,0,0,0,0,0,0,0,0,0,0,0,0,0,0,0,0,0,0
WG_METRICS 589,256,768,1.9407,0.0088,0.0070,1.8782,0.0178,0.0289,256,768,196608,393216,104678.9453,209357.8906,0.0000,0,0.0000,0.0000,0,0.0000,0,0.0000,0.0000,0,0.0000,0.0000,0,0,0,0,0,0,0,0,0,0,0,0,0,0,0,0,0,0,0,0,0,0,0,0,0
WG_METRICS 590,256,768,1.9371,0.0086,0.0071,1.8747,0.0178,0.0288,256,768,196608,393216,104873.2656,209746.5312,0.0000,0,0.0000,0.0000,0,0.0000,0,0.0000,0.0000,0,0.0000,0.0000,0,0,0,0,0,0,0,0,0,0,0,0,0,0,0,0,0,0,0,0,0,0,0,0,0
WG_METRICS 591,256,768,1.9556,0.0088,0.0070,1.9042,0.0069,0.0287,256,768,196608,393216,103249.6641,206499.3281,0.0000,0,0.0000,0.0000,0,0.0000,0,0.0000,0.0000,0,0.0000,0.0000,0,0,0,0,0,0,0,0,0,0,0,0,0,0,0,0,0,0,0,0,0,0,0,0,0
WG_METRICS 592,256,768,1.9343,0.0088,0.0070,1.8640,0.0253,0.0292,256,768,196608,393216,105476.3984,210952.7969,0.0000,0,0.0000,0.0000,0,0.0000,0,0.0000,0.0000,0,0.0000,0.0000,0,0,0,0,0,0,0,0,0,0,0,0,0,0,0,0,0,0,0,0,0,0,0,0,0
WG_METRICS 593,256,768,1.9389,0.0088,0.0070,1.8761,0.0178,0.0292,256,768,196608,393216,104795.0078,209590.0156,0.0000,0,0.0000,0.0000,0,0.0000,0,0.0000,0.0000,0,0.0000,0.0000,0,0,0,0,0,0,0,0,0,0,0,0,0,0,0,0,0,0,0,0,0,0,0,0,0
WG_METRICS 594,256,768,1.9606,0.0087,0.0070,1.8968,0.0178,0.0302,256,768,196608,393216,103652.4688,207304.9375,0.0000,0,0.0000,0.0000,0,0.0000,0,0.0000,0.0000,0,0.0000,0.0000,0,0,0,0,0,0,0,0,0,0,0,0,0,0,0,0,0,0,0,0,0,0,0,0,0
WG_METRICS 595,256,768,1.9655,0.0088,0.0070,1.8940,0.0252,0.0305,256,768,196608,393216,103805.7031,207611.4062,0.0000,0,0.0000,0.0000,0,0.0000,0,0.0000,0.0000,0,0.0000,0.0000,0,0,0,0,0,0,0,0,0,0,0,0,0,0,0,0,0,0,0,0,0,0,0,0,0
WG_METRICS 596,256,768,1.9631,0.0089,0.0070,1.8992,0.0182,0.0297,256,768,196608,393216,103519.3047,207038.6094,0.0000,0,0.0000,0.0000,0,0.0000,0,0.0000,0.0000,0,0.0000,0.0000,0,0,0,0,0,0,0,0,0,0,0,0,0,0,0,0,0,0,0,0,0,0,0,0,0
WG_METRICS 597,256,768,1.9328,0.0088,0.0070,1.8768,0.0112,0.0289,256,768,196608,393216,104757.0391,209514.0781,0.0000,0,0.0000,0.0000,0,0.0000,0,0.0000,0.0000,0,0.0000,0.0000,0,0,0,0,0,0,0,0,0,0,0,0,0,0,0,0,0,0,0,0,0,0,0,0,0
WG_METRICS 598,256,768,1.9376,0.0088,0.0070,1.8681,0.0251,0.0286,256,768,196608,393216,105246.0234,210492.0469,0.0000,0,0.0000,0.0000,0,0.0000,0,0.0000,0.0000,0,0.0000,0.0000,0,0,0,0,0,0,0,0,0,0,0,0,0,0,0,0,0,0,0,0,0,0,0,0,0
WG_METRICS 599,256,768,1.9304,0.0087,0.0070,1.8748,0.0113,0.0286,256,768,196608,393216,104868.7891,209737.5781,0.0000,0,0.0000,0.0000,0,0.0000,0,0.0000,0.0000,0,0.0000,0.0000,0,0,0,0,0,0,0,0,0,0,0,0,0,0,0,0,0,0,0,0,0,0,0,0,0
WG_METRICS 600,256,768,1.9354,0.0081,0.0060,1.8663,0.0254,0.0297,256,768,196608,393216,105347.5391,210695.0781,0.0000,0,0.0000,0.0000,0,0.0000,0,0.0000,0.0000,0,0.0000,0.0000,0,0,0,0,0,0,0,0,0,0,0,0,0,0,0,0,0,0,0,0,0,0,0,0,0
WG_METRICS 601,256,768,1.9324,0.0087,0.0070,1.8758,0.0121,0.0288,256,768,196608,393216,104812.8828,209625.7656,0.0000,0,0.0000,0.0000,0,0.0000,0,0.0000,0.0000,0,0.0000,0.0000,0,0,0,0,0,0,0,0,0,0,0,0,0,0,0,0,0,0,0,0,0,0,0,0,0
WG_METRICS 602,256,768,1.9448,0.0087,0.0070,1.8746,0.0250,0.0295,256,768,196608,393216,104877.7344,209755.4688,0.0000,0,0.0000,0.0000,0,0.0000,0,0.0000,0.0000,0,0.0000,0.0000,0,0,0,0,0,0,0,0,0,0,0,0,0,0,0,0,0,0,0,0,0,0,0,0,0
WG_METRICS 603,256,768,1.9546,0.0087,0.0070,1.8840,0.0253,0.0295,256,768,196608,393216,104354.4688,208708.9375,0.0000,0,0.0000,0.0000,0,0.0000,0,0.0000,0.0000,0,0.0000,0.0000,0,0,0,0,0,0,0,0,0,0,0,0,0,0,0,0,0,0,0,0,0,0,0,0,0
WG_METRICS 604,256,768,1.9199,0.0088,0.0070,1.8628,0.0118,0.0294,256,768,196608,393216,105544.3438,211088.6875,0.0000,0,0.0000,0.0000,0,0.0000,0,0.0000,0.0000,0,0.0000,0.0000,0,0,0,0,0,0,0,0,0,0,0,0,0,0,0,0,0,0,0,0,0,0,0,0,0
WG_METRICS 605,256,768,1.9270,0.0087,0.0070,1.8690,0.0134,0.0288,256,768,196608,393216,105194.2266,210388.4531,0.0000,0,0.0000,0.0000,0,0.0000,0,0.0000,0.0000,0,0.0000,0.0000,0,0,0,0,0,0,0,0,0,0,0,0,0,0,0,0,0,0,0,0,0,0,0,0,0
WG_METRICS 606,256,768,1.9547,0.0087,0.0070,1.8980,0.0110,0.0299,256,768,196608,393216,103586.9297,207173.8594,0.0000,0,0.0000,0.0000,0,0.0000,0,0.0000,0.0000,0,0.0000,0.0000,0,0,0,0,0,0,0,0,0,0,0,0,0,0,0,0,0,0,0,0,0,0,0,0,0
WG_METRICS 607,256,768,1.9159,0.0087,0.0070,1.8536,0.0178,0.0288,256,768,196608,393216,106065.9062,212131.8125,0.0000,0,0.0000,0.0000,0,0.0000,0,0.0000,0.0000,0,0.0000,0.0000,0,0,0,0,0,0,0,0,0,0,0,0,0,0,0,0,0,0,0,0,0,0,0,0,0
WG_METRICS 608,256,768,1.9497,0.0090,0.0071,1.8866,0.0178,0.0293,256,768,196608,393216,104212.8672,208425.7344,0.0000,0,0.0000,0.0000,0,0.0000,0,0.0000,0.0000,0,0.0000,0.0000,0,0,0,0,0,0,0,0,0,0,0,0,0,0,0,0,0,0,0,0,0,0,0,0,0
WG_METRICS 609,256,768,1.9175,0.0087,0.0070,1.8620,0.0110,0.0287,256,768,196608,393216,105591.9531,211183.9062,0.0000,0,0.0000,0.0000,0,0.0000,0,0.0000,0.0000,0,0.0000,0.0000,0,0,0,0,0,0,0,0,0,0,0,0,0,0,0,0,0,0,0,0,0,0,0,0,0
WG_METRICS 610,256,768,1.9285,0.0087,0.0070,1.8662,0.0178,0.0288,256,768,196608,393216,105352.0547,210704.1094,0.0000,0,0.0000,0.0000,0,0.0000,0,0.0000,0.0000,0,0.0000,0.0000,0,0,0,0,0,0,0,0,0,0,0,0,0,0,0,0,0,0,0,0,0,0,0,0,0
WG_METRICS 611,256,768,1.9388,0.0086,0.0070,1.8778,0.0166,0.0287,256,768,196608,393216,104699.0156,209398.0312,0.0000,0,0.0000,0.0000,0,0.0000,0,0.0000,0.0000,0,0.0000,0.0000,0,0,0,0,0,0,0,0,0,0,0,0,0,0,0,0,0,0,0,0,0,0,0,0,0
WG_METRICS 612,256,768,1.9178,0.0087,0.0070,1.8551,0.0178,0.0292,256,768,196608,393216,105983.5703,211967.1406,0.0000,0,0.0000,0.0000,0,0.0000,0,0.0000,0.0000,0,0.0000,0.0000,0,0,0,0,0,0,0,0,0,0,0,0,0,0,0,0,0,0,0,0,0,0,0,0,0
WG_METRICS 613,256,768,1.9272,0.0088,0.0070,1.8654,0.0166,0.0294,256,768,196608,393216,105394.9766,210789.9531,0.0000,0,0.0000,0.0000,0,0.0000,0,0.0000,0.0000,0,0.0000,0.0000,0,0,0,0,0,0,0,0,0,0,0,0,0,0,0,0,0,0,0,0,0,0,0,0,0
WG_METRICS 614,256,768,1.9344,0.0088,0.0071,1.8769,0.0123,0.0294,256,768,196608,393216,104752.5625,209505.1250,0.0000,0,0.0000,0.0000,0,0.0000,0,0.0000,0.0000,0,0.0000,0.0000,0,0,0,0,0,0,0,0,0,0,0,0,0,0,0,0,0,0,0,0,0,0,0,0,0
WG_METRICS 615,256,768,1.9212,0.0088,0.0070,1.8582,0.0180,0.0291,256,768,196608,393216,105805.6172,211611.2344,0.0000,0,0.0000,0.0000,0,0.0000,0,0.0000,0.0000,0,0.0000,0.0000,0,0,0,0,0,0,0,0,0,0,0,0,0,0,0,0,0,0,0,0,0,0,0,0,0
WG_METRICS 616,256,768,1.9417,0.0086,0.0070,1.8720,0.0252,0.0288,256,768,196608,393216,105025.6406,210051.2812,0.0000,0,0.0000,0.0000,0,0.0000,0,0.0000,0.0000,0,0.0000,0.0000,0,0,0,0,0,0,0,0,0,0,0,0,0,0,0,0,0,0,0,0,0,0,0,0,0
WG_METRICS 617,256,768,1.9756,0.0089,0.0070,1.9130,0.0179,0.0288,256,768,196608,393216,102774.7031,205549.4062,0.0000,0,0.0000,0.0000,0,0.0000,0,0.0000,0.0000,0,0.0000,0.0000,0,0,0,0,0,0,0,0,0,0,0,0,0,0,0,0,0,0,0,0,0,0,0,0,0
WG_METRICS 618,256,768,1.9181,0.0087,0.0070,1.8555,0.0177,0.0292,256,768,196608,393216,105960.7266,211921.4531,0.0000,0,0.0000,0.0000,0,0.0000,0,0.0000,0.0000,0,0.0000,0.0000,0,0,0,0,0,0,0,0,0,0,0,0,0,0,0,0,0,0,0,0,0,0,0,0,0
WG_METRICS 619,256,768,1.9432,0.0088,0.0070,1.8797,0.0178,0.0300,256,768,196608,393216,104596.5234,209193.0469,0.0000,0,0.0000,0.0000,0,0.0000,0,0.0000,0.0000,0,0.0000,0.0000,0,0,0,0,0,0,0,0,0,0,0,0,0,0,0,0,0,0,0,0,0,0,0,0,0
WG_METRICS 620,256,768,1.9632,0.0087,0.0070,1.9011,0.0178,0.0286,256,768,196608,393216,103416.9375,206833.8750,0.0000,0,0.0000,0.0000,0,0.0000,0,0.0000,0.0000,0,0.0000,0.0000,0,0,0,0,0,0,0,0,0,0,0,0,0,0,0,0,0,0,0,0,0,0,0,0,0
WG_METRICS 621,256,768,1.9508,0.0088,0.0070,1.8812,0.0251,0.0288,256,768,196608,393216,104512.0156,209024.0312,0.0000,0,0.0000,0.0000,0,0.0000,0,0.0000,0.0000,0,0.0000,0.0000,0,0,0,0,0,0,0,0,0,0,0,0,0,0,0,0,0,0,0,0,0,0,0,0,0
WG_METRICS 622,256,768,1.9415,0.0088,0.0070,1.8794,0.0178,0.0285,256,768,196608,393216,104609.8828,209219.7656,0.0000,0,0.0000,0.0000,0,0.0000,0,0.0000,0.0000,0,0.0000,0.0000,0,0,0,0,0,0,0,0,0,0,0,0,0,0,0,0,0,0,0,0,0,0,0,0,0
WG_METRICS 623,256,768,1.9963,0.0087,0.0071,1.8784,0.0734,0.0288,256,768,196608,393216,104670.0312,209340.0625,0.0000,0,0.0000,0.0000,0,0.0000,0,0.0000,0.0000,0,0.0000,0.0000,0,0,0,0,0,0,0,0,0,0,0,0,0,0,0,0,0,0,0,0,0,0,0,0,0
WG_METRICS 624,256,768,1.9212,0.0087,0.0070,1.8590,0.0178,0.0288,256,768,196608,393216,105760.0859,211520.1719,0.0000,0,0.0000,0.0000,0,0.0000,0,0.0000,0.0000,0,0.0000,0.0000,0,0,0,0,0,0,0,0,0,0,0,0,0,0,0,0,0,0,0,0,0,0,0,0,0
WG_METRICS 625,256,768,2.0116,0.0086,0.0071,1.9401,0.0262,0.0294,256,768,196608,393216,101338.0625,202676.1250,0.0000,0,0.0000,0.0000,0,0.0000,0,0.0000,0.0000,0,0.0000,0.0000,0,0,0,0,0,0,0,0,0,0,0,0,0,0,0,0,0,0,0,0,0,0,0,0,0
WG_METRICS 626,256,768,1.9405,0.0088,0.0070,1.8782,0.0166,0.0300,256,768,196608,393216,104678.9453,209357.8906,0.0000,0,0.0000,0.0000,0,0.0000,0,0.0000,0.0000,0,0.0000,0.0000,0,0,0,0,0,0,0,0,0,0,0,0,0,0,0,0,0,0,0,0,0,0,0,0,0
WG_METRICS 627,256,768,1.9697,0.0088,0.0070,1.9073,0.0178,0.0288,256,768,196608,393216,103080.7578,206161.5156,0.0000,0,0.0000,0.0000,0,0.0000,0,0.0000,0.0000,0,0.0000,0.0000,0,0,0,0,0,0,0,0,0,0,0,0,0,0,0,0,0,0,0,0,0,0,0,0,0
WG_METRICS 628,256,768,1.9217,0.0087,0.0070,1.8595,0.0177,0.0287,256,768,196608,393216,105730.5156,211461.0312,0.0000,0,0.0000,0.0000,0,0.0000,0,0.0000,0.0000,0,0.0000,0.0000,0,0,0,0,0,0,0,0,0,0,0,0,0,0,0,0,0,0,0,0,0,0,0,0,0
WG_METRICS 629,256,768,1.9128,0.0087,0.0070,1.8574,0.0110,0.0287,256,768,196608,393216,105851.1953,211702.3906,0.0000,0,0.0000,0.0000,0,0.0000,0,0.0000,0.0000,0,0.0000,0.0000,0,0,0,0,0,0,0,0,0,0,0,0,0,0,0,0,0,0,0,0,0,0,0,0,0
WG_METRICS 630,256,768,1.9596,0.0087,0.0070,1.8991,0.0137,0.0312,256,768,196608,393216,103528.0234,207056.0469,0.0000,0,0.0000,0.0000,0,0.0000,0,0.0000,0.0000,0,0.0000,0.0000,0,0,0,0,0,0,0,0,0,0,0,0,0,0,0,0,0,0,0,0,0,0,0,0,0
WG_METRICS 631,256,768,1.9359,0.0088,0.0070,1.8699,0.0210,0.0292,256,768,196608,393216,105144.7188,210289.4375,0.0000,0,0.0000,0.0000,0,0.0000,0,0.0000,0.0000,0,0.0000,0.0000,0,0,0,0,0,0,0,0,0,0,0,0,0,0,0,0,0,0,0,0,0,0,0,0,0
WG_METRICS 632,256,768,1.9239,0.0087,0.0070,1.8706,0.0086,0.0289,256,768,196608,393216,105101.9922,210203.9844,0.0000,0,0.0000,0.0000,0,0.0000,0,0.0000,0.0000,0,0.0000,0.0000,0,0,0,0,0,0,0,0,0,0,0,0,0,0,0,0,0,0,0,0,0,0,0,0,0
WG_METRICS 633,256,768,1.9333,0.0088,0.0070,1.8709,0.0178,0.0288,256,768,196608,393216,105088.5156,210177.0312,0.0000,0,0.0000,0.0000,0,0.0000,0,0.0000,0.0000,0,0.0000,0.0000,0,0,0,0,0,0,0,0,0,0,0,0,0,0,0,0,0,0,0,0,0,0,0,0,0
WG_METRICS 634,256,768,1.9445,0.0086,0.0070,1.8840,0.0162,0.0287,256,768,196608,393216,104358.9062,208717.8125,0.0000,0,0.0000,0.0000,0,0.0000,0,0.0000,0.0000,0,0.0000,0.0000,0,0,0,0,0,0,0,0,0,0,0,0,0,0,0,0,0,0,0,0,0,0,0,0,0
WG_METRICS 635,256,768,1.9357,0.0088,0.0117,1.8666,0.0190,0.0296,256,768,196608,393216,105327.2188,210654.4375,0.0000,0,0.0000,0.0000,0,0.0000,0,0.0000,0.0000,0,0.0000,0.0000,0,0,0,0,0,0,0,0,0,0,0,0,0,0,0,0,0,0,0,0,0,0,0,0,0
WG_METRICS 636,256,768,1.9238,0.0086,0.0070,1.8615,0.0178,0.0288,256,768,196608,393216,105619.1875,211238.3750,0.0000,0,0.0000,0.0000,0,0.0000,0,0.0000,0.0000,0,0.0000,0.0000,0,0,0,0,0,0,0,0,0,0,0,0,0,0,0,0,0,0,0,0,0,0,0,0,0
WG_METRICS 637,256,768,1.9686,0.0086,0.0070,1.9045,0.0178,0.0307,256,768,196608,393216,103232.3125,206464.6250,0.0000,0,0.0000,0.0000,0,0.0000,0,0.0000,0.0000,0,0.0000,0.0000,0,0,0,0,0,0,0,0,0,0,0,0,0,0,0,0,0,0,0,0,0,0,0,0,0
WG_METRICS 638,256,768,1.9250,0.0087,0.0070,1.8624,0.0178,0.0291,256,768,196608,393216,105567.0078,211134.0156,0.0000,0,0.0000,0.0000,0,0.0000,0,0.0000,0.0000,0,0.0000,0.0000,0,0,0,0,0,0,0,0,0,0,0,0,0,0,0,0,0,0,0,0,0,0,0,0,0
WG_METRICS 639,256,768,1.9407,0.0088,0.0070,1.8773,0.0178,0.0299,256,768,196608,393216,104730.2500,209460.5000,0.0000,0,0.0000,0.0000,0,0.0000,0,0.0000,0.0000,0,0.0000,0.0000,0,0,0,0,0,0,0,0,0,0,0,0,0,0,0,0,0,0,0,0,0,0,0,0,0
WG_METRICS 640,256,768,1.9443,0.0089,0.0070,1.8942,0.0046,0.0296,256,768,196608,393216,103796.9297,207593.8594,0.0000,0,0.0000,0.0000,0,0.0000,0,0.0000,0.0000,0,0.0000,0.0000,0,0,0,0,0,0,0,0,0,0,0,0,0,0,0,0,0,0,0,0,0,0,0,0,0
WG_METRICS 641,256,768,1.9126,0.0088,0.0070,1.8502,0.0178,0.0288,256,768,196608,393216,106265.4062,212530.8125,0.0000,0,0.0000,0.0000,0,0.0000,0,0.0000,0.0000,0,0.0000,0.0000,0,0,0,0,0,0,0,0,0,0,0,0,0,0,0,0,0,0,0,0,0,0,0,0,0
WG_METRICS 642,256,768,1.9118,0.0087,0.0070,1.8420,0.0252,0.0288,256,768,196608,393216,106733.8438,213467.6875,0.0000,0,0.0000,0.0000,0,0.0000,0,0.0000,0.0000,0,0.0000,0.0000,0,0,0,0,0,0,0,0,0,0,0,0,0,0,0,0,0,0,0,0,0,0,0,0,0
WG_METRICS 643,256,768,1.9187,0.0088,0.0070,1.8558,0.0178,0.0293,256,768,196608,393216,105944.7344,211889.4688,0.0000,0,0.0000,0.0000,0,0.0000,0,0.0000,0.0000,0,0.0000,0.0000,0,0,0,0,0,0,0,0,0,0,0,0,0,0,0,0,0,0,0,0,0,0,0,0,0
WG_METRICS 644,256,768,1.9260,0.0088,0.0070,1.8628,0.0182,0.0292,256,768,196608,393216,105546.6094,211093.2188,0.0000,0,0.0000,0.0000,0,0.0000,0,0.0000,0.0000,0,0.0000,0.0000,0,0,0,0,0,0,0,0,0,0,0,0,0,0,0,0,0,0,0,0,0,0,0,0,0
WG_METRICS 645,256,768,1.9416,0.0087,0.0070,1.8766,0.0207,0.0286,256,768,196608,393216,104768.1953,209536.3906,0.0000,0,0.0000,0.0000,0,0.0000,0,0.0000,0.0000,0,0.0000,0.0000,0,0,0,0,0,0,0,0,0,0,0,0,0,0,0,0,0,0,0,0,0,0,0,0,0
WG_METRICS 646,256,768,1.9352,0.0086,0.0071,1.8728,0.0178,0.0289,256,768,196608,393216,104983.0156,209966.0312,0.0000,0,0.0000,0.0000,0,0.0000,0,0.0000,0.0000,0,0.0000,0.0000,0,0,0,0,0,0,0,0,0,0,0,0,0,0,0,0,0,0,0,0,0,0,0,0,0
WG_METRICS 647,256,768,1.9356,0.0087,0.0070,1.8660,0.0249,0.0289,256,768,196608,393216,105361.0859,210722.1719,0.0000,0,0.0000,0.0000,0,0.0000,0,0.0000,0.0000,0,0.0000,0.0000,0,0,0,0,0,0,0,0,0,0,0,0,0,0,0,0,0,0,0,0,0,0,0,0,0
WG_METRICS 648,256,768,1.9272,0.0087,0.0070,1.8742,0.0086,0.0288,256,768,196608,393216,104904.5938,209809.1875,0.0000,0,0.0000,0.0000,0,0.0000,0,0.0000,0.0000,0,0.0000,0.0000,0,0,0,0,0,0,0,0,0,0,0,0,0,0,0,0,0,0,0,0,0,0,0,0,0
WG_METRICS 649,256,768,2.0092,0.0088,0.0071,1.8768,0.0874,0.0292,256,768,196608,393216,104759.2656,209518.5312,0.0000,0,0.0000,0.0000,0,0.0000,0,0.0000,0.0000,0,0.0000,0.0000,0,0,0,0,0,0,0,0,0,0,0,0,0,0,0,0,0,0,0,0,0,0,0,0,0
WG_METRICS 650,256,768,1.9497,0.0088,0.0071,1.8795,0.0250,0.0293,256,768,196608,393216,104605.4297,209210.8594,0.0000,0,0.0000,0.0000,0,0.0000,0,0.0000,0.0000,0,0.0000,0.0000,0,0,0,0,0,0,0,0,0,0,0,0,0,0,0,0,0,0,0,0,0,0,0,0,0
WG_METRICS 651,256,768,1.9528,0.0088,0.0070,1.8938,0.0134,0.0298,256,768,196608,393216,103816.6641,207633.3281,0.0000,0,0.0000,0.0000,0,0.0000,0,0.0000,0.0000,0,0.0000,0.0000,0,0,0,0,0,0,0,0,0,0,0,0,0,0,0,0,0,0,0,0,0,0,0,0,0
WG_METRICS 652,256,768,1.9290,0.0088,0.0070,1.8592,0.0252,0.0289,256,768,196608,393216,105748.7109,211497.4219,0.0000,0,0.0000,0.0000,0,0.0000,0,0.0000,0.0000,0,0.0000,0.0000,0,0,0,0,0,0,0,0,0,0,0,0,0,0,0,0,0,0,0,0,0,0,0,0,0
WG_METRICS 653,256,768,1.9445,0.0088,0.0070,1.8820,0.0178,0.0290,256,768,196608,393216,104469.8047,208939.6094,0.0000,0,0.0000,0.0000,0,0.0000,0,0.0000,0.0000,0,0.0000,0.0000,0,0,0,0,0,0,0,0,0,0,0,0,0,0,0,0,0,0,0,0,0,0,0,0,0
WG_METRICS 654,256,768,2.5832,0.0093,0.0070,1.8537,0.6740,0.0392,256,768,196608,393216,106063.6094,212127.2188,0.0000,0,0.0000,0.0000,0,0.0000,0,0.0000,0.0000,0,0.0000,0.0000,0,0,0,0,0,0,0,0,0,0,0,0,0,0,0,0,0,0,0,0,0,0,0,0,0
WG_METRICS 655,256,768,1.9349,0.0087,0.0070,1.8700,0.0189,0.0303,256,768,196608,393216,105137.9688,210275.9375,0.0000,0,0.0000,0.0000,0,0.0000,0,0.0000,0.0000,0,0.0000,0.0000,0,0,0,0,0,0,0,0,0,0,0,0,0,0,0,0,0,0,0,0,0,0,0,0,0
WG_METRICS 656,256,768,1.9353,0.0088,0.0071,1.8745,0.0134,0.0315,256,768,196608,393216,104884.4531,209768.9062,0.0000,0,0.0000,0.0000,0,0.0000,0,0.0000,0.0000,0,0.0000,0.0000,0,0,0,0,0,0,0,0,0,0,0,0,0,0,0,0,0,0,0,0,0,0,0,0,0
WG_METRICS 657,256,768,1.9366,0.0087,0.0070,1.8740,0.0178,0.0290,256,768,196608,393216,104911.3125,209822.6250,0.0000,0,0.0000,0.0000,0,0.0000,0,0.0000,0.0000,0,0.0000,0.0000,0,0,0,0,0,0,0,0,0,0,0,0,0,0,0,0,0,0,0,0,0,0,0,0,0
WG_METRICS 658,256,768,1.9430,0.0087,0.0070,1.8807,0.0178,0.0288,256,768,196608,393216,104538.6875,209077.3750,0.0000,0,0.0000,0.0000,0,0.0000,0,0.0000,0.0000,0,0.0000,0.0000,0,0,0,0,0,0,0,0,0,0,0,0,0,0,0,0,0,0,0,0,0,0,0,0,0
WG_METRICS 659,256,768,1.9447,0.0087,0.0070,1.8825,0.0178,0.0287,256,768,196608,393216,104438.7344,208877.4688,0.0000,0,0.0000,0.0000,0,0.0000,0,0.0000,0.0000,0,0.0000,0.0000,0,0,0,0,0,0,0,0,0,0,0,0,0,0,0,0,0,0,0,0,0,0,0,0,0
WG_METRICS 660,256,768,1.9675,0.0088,0.0070,1.8974,0.0251,0.0291,256,768,196608,393216,103617.5078,207235.0156,0.0000,0,0.0000,0.0000,0,0.0000,0,0.0000,0.0000,0,0.0000,0.0000,0,0,0,0,0,0,0,0,0,0,0,0,0,0,0,0,0,0,0,0,0,0,0,0,0
WG_METRICS 661,256,768,1.9472,0.0088,0.0070,1.8844,0.0178,0.0293,256,768,196608,393216,104336.7500,208673.5000,0.0000,0,0.0000,0.0000,0,0.0000,0,0.0000,0.0000,0,0.0000,0.0000,0,0,0,0,0,0,0,0,0,0,0,0,0,0,0,0,0,0,0,0,0,0,0,0,0
WG_METRICS 662,256,768,1.9214,0.0087,0.0071,1.8581,0.0178,0.0298,256,768,196608,393216,105812.4531,211624.9062,0.0000,0,0.0000,0.0000,0,0.0000,0,0.0000,0.0000,0,0.0000,0.0000,0,0,0,0,0,0,0,0,0,0,0,0,0,0,0,0,0,0,0,0,0,0,0,0,0
WG_METRICS 663,256,768,1.9576,0.0088,0.0070,1.8951,0.0177,0.0290,256,768,196608,393216,103746.5469,207493.0938,0.0000,0,0.0000,0.0000,0,0.0000,0,0.0000,0.0000,0,0.0000,0.0000,0,0,0,0,0,0,0,0,0,0,0,0,0,0,0,0,0,0,0,0,0,0,0,0,0
WG_METRICS 664,256,768,1.9584,0.0087,0.0070,1.8962,0.0178,0.0286,256,768,196608,393216,103685.2656,207370.5312,0.0000,0,0.0000,0.0000,0,0.0000,0,0.0000,0.0000,0,0.0000,0.0000,0,0,0,0,0,0,0,0,0,0,0,0,0,0,0,0,0,0,0,0,0,0,0,0,0
WG_METRICS 665,256,768,1.9174,0.0089,0.0070,1.8543,0.0178,0.0294,256,768,196608,393216,106029.2969,212058.5938,0.0000,0,0.0000,0.0000,0,0.0000,0,0.0000,0.0000,0,0.0000,0.0000,0,0,0,0,0,0,0,0,0,0,0,0,0,0,0,0,0,0,0,0,0,0,0,0,0
WG_METRICS 666,256,768,1.9096,0.0087,0.0070,1.8470,0.0178,0.0291,256,768,196608,393216,106447.2109,212894.4219,0.0000,0,0.0000,0.0000,0,0.0000,0,0.0000,0.0000,0,0.0000,0.0000,0,0,0,0,0,0,0,0,0,0,0,0,0,0,0,0,0,0,0,0,0,0,0,0,0
WG_METRICS 667,256,768,1.9277,0.0088,0.0070,1.8664,0.0166,0.0288,256,768,196608,393216,105340.7656,210681.5312,0.0000,0,0.0000,0.0000,0,0.0000,0,0.0000,0.0000,0,0.0000,0.0000,0,0,0,0,0,0,0,0,0,0,0,0,0,0,0,0,0,0,0,0,0,0,0,0,0
WG_METRICS 668,256,768,1.9588,0.0089,0.0070,1.9028,0.0105,0.0295,256,768,196608,393216,103323.4531,206646.9062,0.0000,0,0.0000,0.0000,0,0.0000,0,0.0000,0.0000,0,0.0000,0.0000,0,0,0,0,0,0,0,0,0,0,0,0,0,0,0,0,0,0,0,0,0,0,0,0,0
WG_METRICS 669,256,768,1.9359,0.0089,0.0070,1.8822,0.0091,0.0287,256,768,196608,393216,104458.7109,208917.4219,0.0000,0,0.0000,0.0000,0,0.0000,0,0.0000,0.0000,0,0.0000,0.0000,0,0,0,0,0,0,0,0,0,0,0,0,0,0,0,0,0,0,0,0,0,0,0,0,0
WG_METRICS 670,256,768,1.9374,0.0086,0.0070,1.8744,0.0178,0.0296,256,768,196608,393216,104893.4062,209786.8125,0.0000,0,0.0000,0.0000,0,0.0000,0,0.0000,0.0000,0,0.0000,0.0000,0,0,0,0,0,0,0,0,0,0,0,0,0,0,0,0,0,0,0,0,0,0,0,0,0
WG_METRICS 671,256,768,1.9455,0.0088,0.0070,1.8964,0.0047,0.0287,256,768,196608,393216,103676.5156,207353.0312,0.0000,0,0.0000,0.0000,0,0.0000,0,0.0000,0.0000,0,0.0000,0.0000,0,0,0,0,0,0,0,0,0,0,0,0,0,0,0,0,0,0,0,0,0,0,0,0,0
WG_METRICS 672,256,768,1.9202,0.0090,0.0070,1.8542,0.0205,0.0295,256,768,196608,393216,106033.8672,212067.7344,0.0000,0,0.0000,0.0000,0,0.0000,0,0.0000,0.0000,0,0.0000,0.0000,0,0,0,0,0,0,0,0,0,0,0,0,0,0,0,0,0,0,0,0,0,0,0,0,0
WG_METRICS 673,256,768,1.9222,0.0090,0.0070,1.8651,0.0108,0.0303,256,768,196608,393216,105413.0547,210826.1094,0.0000,0,0.0000,0.0000,0,0.0000,0,0.0000,0.0000,0,0.0000,0.0000,0,0,0,0,0,0,0,0,0,0,0,0,0,0,0,0,0,0,0,0,0,0,0,0,0
WG_METRICS 674,256,768,1.9439,0.0086,0.0070,1.8817,0.0178,0.0288,256,768,196608,393216,104483.1328,208966.2656,0.0000,0,0.0000,0.0000,0,0.0000,0,0.0000,0.0000,0,0.0000,0.0000,0,0,0,0,0,0,0,0,0,0,0,0,0,0,0,0,0,0,0,0,0,0,0,0,0
WG_METRICS 675,256,768,1.9375,0.0088,0.0070,1.8674,0.0250,0.0292,256,768,196608,393216,105282.1016,210564.2031,0.0000,0,0.0000,0.0000,0,0.0000,0,0.0000,0.0000,0,0.0000,0.0000,0,0,0,0,0,0,0,0,0,0,0,0,0,0,0,0,0,0,0,0,0,0,0,0,0
WG_METRICS 676,256,768,1.9283,0.0088,0.0070,1.8648,0.0182,0.0294,256,768,196608,393216,105428.8828,210857.7656,0.0000,0,0.0000,0.0000,0,0.0000,0,0.0000,0.0000,0,0.0000,0.0000,0,0,0,0,0,0,0,0,0,0,0,0,0,0,0,0,0,0,0,0,0,0,0,0,0
WG_METRICS 677,256,768,1.9508,0.0089,0.0070,1.8807,0.0254,0.0289,256,768,196608,393216,104540.9141,209081.8281,0.0000,0,0.0000,0.0000,0,0.0000,0,0.0000,0.0000,0,0.0000,0.0000,0,0,0,0,0,0,0,0,0,0,0,0,0,0,0,0,0,0,0,0,0,0,0,0,0
WG_METRICS 678,256,768,1.9398,0.0087,0.0070,1.8776,0.0178,0.0287,256,768,196608,393216,104714.6250,209429.2500,0.0000,0,0.0000,0.0000,0,0.0000,0,0.0000,0.0000,0,0.0000,0.0000,0,0,0,0,0,0,0,0,0,0,0,0,0,0,0,0,0,0,0,0,0,0,0,0,0
WG_METRICS 679,256,768,1.9255,0.0088,0.0070,1.8564,0.0248,0.0284,256,768,196608,393216,105905.9297,211811.8594,0.0000,0,0.0000,0.0000,0,0.0000,0,0.0000,0.0000,0,0.0000,0.0000,0,0,0,0,0,0,0,0,0,0,0,0,0,0,0,0,0,0,0,0,0,0,0,0,0
WG_METRICS 680,256,768,1.9236,0.0088,0.0070,1.8613,0.0178,0.0287,256,768,196608,393216,105628.2656,211256.5312,0.0000,0,0.0000,0.0000,0,0.0000,0,0.0000,0.0000,0,0.0000,0.0000,0,0,0,0,0,0,0,0,0,0,0,0,0,0,0,0,0,0,0,0,0,0,0,0,0
WG_METRICS 681,256,768,1.9427,0.0087,0.0070,1.8733,0.0250,0.0287,256,768,196608,393216,104953.8750,209907.7500,0.0000,0,0.0000,0.0000,0,0.0000,0,0.0000,0.0000,0,0.0000,0.0000,0,0,0,0,0,0,0,0,0,0,0,0,0,0,0,0,0,0,0,0,0,0,0,0,0
WG_METRICS 682,256,768,1.9518,0.0087,0.0071,1.8872,0.0180,0.0308,256,768,196608,393216,104181.9453,208363.8906,0.0000,0,0.0000,0.0000,0,0.0000,0,0.0000,0.0000,0,0.0000,0.0000,0,0,0,0,0,0,0,0,0,0,0,0,0,0,0,0,0,0,0,0,0,0,0,0,0
WG_METRICS 683,256,768,1.9217,0.0087,0.0070,1.8592,0.0178,0.0290,256,768,196608,393216,105748.7109,211497.4219,0.0000,0,0.0000,0.0000,0,0.0000,0,0.0000,0.0000,0,0.0000,0.0000,0,0,0,0,0,0,0,0,0,0,0,0,0,0,0,0,0,0,0,0,0,0,0,0,0
WG_METRICS 684,256,768,1.9192,0.0087,0.0070,1.8571,0.0178,0.0286,256,768,196608,393216,105869.4297,211738.8594,0.0000,0,0.0000,0.0000,0,0.0000,0,0.0000,0.0000,0,0.0000,0.0000,0,0,0,0,0,0,0,0,0,0,0,0,0,0,0,0,0,0,0,0,0,0,0,0,0
WG_METRICS 685,256,768,2.4191,0.0088,0.0070,1.8745,0.4990,0.0298,256,768,196608,393216,104884.4531,209768.9062,0.0000,0,0.0000,0.0000,0,0.0000,0,0.0000,0.0000,0,0.0000,0.0000,0,0,0,0,0,0,0,0,0,0,0,0,0,0,0,0,0,0,0,0,0,0,0,0,0
WG_METRICS 686,256,768,1.9444,0.0087,0.0070,1.8814,0.0177,0.0295,256,768,196608,393216,104498.6797,208997.3594,0.0000,0,0.0000,0.0000,0,0.0000,0,0.0000,0.0000,0,0.0000,0.0000,0,0,0,0,0,0,0,0,0,0,0,0,0,0,0,0,0,0,0,0,0,0,0,0,0
WG_METRICS 687,256,768,1.9541,0.0088,0.0070,1.8929,0.0166,0.0287,256,768,196608,393216,103867.1250,207734.2500,0.0000,0,0.0000,0.0000,0,0.0000,0,0.0000,0.0000,0,0.0000,0.0000,0,0,0,0,0,0,0,0,0,0,0,0,0,0,0,0,0,0,0,0,0,0,0,0,0
WG_METRICS 688,256,768,1.9689,0.0087,0.0070,1.9066,0.0178,0.0288,256,768,196608,393216,103117.5234,206235.0469,0.0000,0,0.0000,0.0000,0,0.0000,0,0.0000,0.0000,0,0.0000,0.0000,0,0,0,0,0,0,0,0,0,0,0,0,0,0,0,0,0,0,0,0,0,0,0,0,0
WG_METRICS 689,256,768,1.9273,0.0088,0.0070,1.8642,0.0165,0.0308,256,768,196608,393216,105467.3438,210934.6875,0.0000,0,0.0000,0.0000,0,0.0000,0,0.0000,0.0000,0,0.0000,0.0000,0,0,0,0,0,0,0,0,0,0,0,0,0,0,0,0,0,0,0,0,0,0,0,0,0
WG_METRICS 690,256,768,1.9592,0.0088,0.0070,1.8960,0.0178,0.0296,256,768,196608,393216,103694.0156,207388.0312,0.0000,0,0.0000,0.0000,0,0.0000,0,0.0000,0.0000,0,0.0000,0.0000,0,0,0,0,0,0,0,0,0,0,0,0,0,0,0,0,0,0,0,0,0,0,0,0,0
WG_METRICS 691,256,768,1.9606,0.0088,0.0071,1.8910,0.0251,0.0287,256,768,196608,393216,103972.5859,207945.1719,0.0000,0,0.0000,0.0000,0,0.0000,0,0.0000,0.0000,0,0.0000,0.0000,0,0,0,0,0,0,0,0,0,0,0,0,0,0,0,0,0,0,0,0,0,0,0,0,0
WG_METRICS 692,256,768,1.9508,0.0087,0.0070,1.8988,0.0069,0.0294,256,768,196608,393216,103543.2891,207086.5781,0.0000,0,0.0000,0.0000,0,0.0000,0,0.0000,0.0000,0,0.0000,0.0000,0,0,0,0,0,0,0,0,0,0,0,0,0,0,0,0,0,0,0,0,0,0,0,0,0
WG_METRICS 693,256,768,1.9464,0.0088,0.0070,1.8798,0.0206,0.0302,256,768,196608,393216,104587.6250,209175.2500,0.0000,0,0.0000,0.0000,0,0.0000,0,0.0000,0.0000,0,0.0000,0.0000,0,0,0,0,0,0,0,0,0,0,0,0,0,0,0,0,0,0,0,0,0,0,0,0,0
WG_METRICS 694,256,768,1.9435,0.0086,0.0071,1.8856,0.0108,0.0313,256,768,196608,393216,104268.1406,208536.2812,0.0000,0,0.0000,0.0000,0,0.0000,0,0.0000,0.0000,0,0.0000,0.0000,0,0,0,0,0,0,0,0,0,0,0,0,0,0,0,0,0,0,0,0,0,0,0,0,0
WG_METRICS 695,256,768,1.9390,0.0088,0.0070,1.8765,0.0178,0.0290,256,768,196608,393216,104774.8984,209549.7969,0.0000,0,0.0000,0.0000,0,0.0000,0,0.0000,0.0000,0,0.0000,0.0000,0,0,0,0,0,0,0,0,0,0,0,0,0,0,0,0,0,0,0,0,0,0,0,0,0
WG_METRICS 696,256,768,1.9216,0.0086,0.0070,1.8607,0.0165,0.0287,256,768,196608,393216,105664.5938,211329.1875,0.0000,0,0.0000,0.0000,0,0.0000,0,0.0000,0.0000,0,0.0000,0.0000,0,0,0,0,0,0,0,0,0,0,0,0,0,0,0,0,0,0,0,0,0,0,0,0,0
WG_METRICS 697,256,768,1.9787,0.0088,0.0070,1.8636,0.0699,0.0294,256,768,196608,393216,105501.2969,211002.5938,0.0000,0,0.0000,0.0000,0,0.0000,0,0.0000,0.0000,0,0.0000,0.0000,0,0,0,0,0,0,0,0,0,0,0,0,0,0,0,0,0,0,0,0,0,0,0,0,0
WG_METRICS 698,256,768,1.9133,0.0087,0.0070,1.8512,0.0178,0.0286,256,768,196608,393216,106205.7031,212411.4062,0.0000,0,0.0000,0.0000,0,0.0000,0,0.0000,0.0000,0,0.0000,0.0000,0,0,0,0,0,0,0,0,0,0,0,0,0,0,0,0,0,0,0,0,0,0,0,0,0
WG_METRICS 699,256,768,1.9402,0.0088,0.0070,1.8702,0.0253,0.0289,256,768,196608,393216,105126.7188,210253.4375,0.0000,0,0.0000,0.0000,0,0.0000,0,0.0000,0.0000,0,0.0000,0.0000,0,0,0,0,0,0,0,0,0,0,0,0,0,0,0,0,0,0,0,0,0,0,0,0,0
WG_METRICS 700,256,768,1.9273,0.0088,0.0070,1.8731,0.0087,0.0297,256,768,196608,393216,104962.8438,209925.6875,0.0000,0,0.0000,0.0000,0,0.0000,0,0.0000,0.0000,0,0.0000,0.0000,0,0,0,0,0,0,0,0,0,0,0,0,0,0,0,0,0,0,0,0,0,0,0,0,0
WG_METRICS 701,256,768,1.9578,0.0087,0.0070,1.8851,0.0172,0.0398,256,768,196608,393216,104294.6875,208589.3750,0.0000,0,0.0000,0.0000,0,0.0000,0,0.0000,0.0000,0,0.0000,0.0000,0,0,0,0,0,0,0,0,0,0,0,0,0,0,0,0,0,0,0,0,0,0,0,0,0
WG_METRICS 702,256,768,1.9263,0.0088,0.0070,1.8713,0.0105,0.0286,256,768,196608,393216,105063.8047,210127.6094,0.0000,0,0.0000,0.0000,0,0.0000,0,0.0000,0.0000,0,0.0000,0.0000,0,0,0,0,0,0,0,0,0,0,0,0,0,0,0,0,0,0,0,0,0,0,0,0,0
WG_METRICS 703,256,768,1.9060,0.0087,0.0070,1.8425,0.0177,0.0300,256,768,196608,393216,106706.0312,213412.0625,0.0000,0,0.0000,0.0000,0,0.0000,0,0.0000,0.0000,0,0.0000,0.0000,0,0,0,0,0,0,0,0,0,0,0,0,0,0,0,0,0,0,0,0,0,0,0,0,0
WG_METRICS 704,256,768,1.9195,0.0089,0.0070,1.8570,0.0178,0.0288,256,768,196608,393216,105873.9922,211747.9844,0.0000,0,0.0000,0.0000,0,0.0000,0,0.0000,0.0000,0,0.0000,0.0000,0,0,0,0,0,0,0,0,0,0,0,0,0,0,0,0,0,0,0,0,0,0,0,0,0
WG_METRICS 705,256,768,1.9234,0.0088,0.0070,1.8537,0.0252,0.0286,256,768,196608,393216,106061.3281,212122.6562,0.0000,0,0.0000,0.0000,0,0.0000,0,0.0000,0.0000,0,0.0000,0.0000,0,0,0,0,0,0,0,0,0,0,0,0,0,0,0,0,0,0,0,0,0,0,0,0,0
WG_METRICS 706,256,768,1.9130,0.0088,0.0070,1.8505,0.0178,0.0290,256,768,196608,393216,106244.7266,212489.4531,0.0000,0,0.0000,0.0000,0,0.0000,0,0.0000,0.0000,0,0.0000,0.0000,0,0,0,0,0,0,0,0,0,0,0,0,0,0,0,0,0,0,0,0,0,0,0,0,0
WG_METRICS 707,256,768,1.9363,0.0088,0.0070,1.8737,0.0178,0.0290,256,768,196608,393216,104929.2266,209858.4531,0.0000,0,0.0000,0.0000,0,0.0000,0,0.0000,0.0000,0,0.0000,0.0000,0,0,0,0,0,0,0,0,0,0,0,0,0,0,0,0,0,0,0,0,0,0,0,0,0
WG_METRICS 708,256,768,1.9726,0.0088,0.0070,1.9030,0.0250,0.0287,256,768,196608,393216,103312.5938,206625.1875,0.0000,0,0.0000,0.0000,0,0.0000,0,0.0000,0.0000,0,0.0000,0.0000,0,0,0,0,0,0,0,0,0,0,0,0,0,0,0,0,0,0,0,0,0,0,0,0,0
WG_METRICS 709,256,768,1.9372,0.0107,0.0071,1.8640,0.0257,0.0298,256,768,196608,393216,105478.6562,210957.3125,0.0000,0,0.0000,0.0000,0,0.0000,0,0.0000,0.0000,0,0.0000,0.0000,0,0,0,0,0,0,0,0,0,0,0,0,0,0,0,0,0,0,0,0,0,0,0,0,0
WG_METRICS 710,256,768,1.9314,0.0087,0.0070,1.8604,0.0252,0.0301,256,768,196608,393216,105678.2266,211356.4531,0.0000,0,0.0000,0.0000,0,0.0000,0,0.0000,0.0000,0,0.0000,0.0000,0,0,0,0,0,0,0,0,0,0,0,0,0,0,0,0,0,0,0,0,0,0,0,0,0
WG_METRICS 711,256,768,1.9424,0.0089,0.0070,1.8800,0.0178,0.0288,256,768,196608,393216,104578.7266,209157.4531,0.0000,0,0.0000,0.0000,0,0.0000,0,0.0000,0.0000,0,0.0000,0.0000,0,0,0,0,0,0,0,0,0,0,0,0,0,0,0,0,0,0,0,0,0,0,0,0,0
WG_METRICS 712,256,768,1.9330,0.0089,0.0071,1.8706,0.0178,0.0287,256,768,196608,393216,105106.4922,210212.9844,0.0000,0,0.0000,0.0000,0,0.0000,0,0.0000,0.0000,0,0.0000,0.0000,0,0,0,0,0,0,0,0,0,0,0,0,0,0,0,0,0,0,0,0,0,0,0,0,0
WG_METRICS 713,256,768,1.9219,0.0087,0.0070,1.8660,0.0110,0.0292,256,768,196608,393216,105361.0859,210722.1719,0.0000,0,0.0000,0.0000,0,0.0000,0,0.0000,0.0000,0,0.0000,0.0000,0,0,0,0,0,0,0,0,0,0,0,0,0,0,0,0,0,0,0,0,0,0,0,0,0
WG_METRICS 714,256,768,1.9542,0.0088,0.0070,1.8846,0.0251,0.0288,256,768,196608,393216,104325.6797,208651.3594,0.0000,0,0.0000,0.0000,0,0.0000,0,0.0000,0.0000,0,0.0000,0.0000,0,0,0,0,0,0,0,0,0,0,0,0,0,0,0,0,0,0,0,0,0,0,0,0,0
WG_METRICS 715,256,768,1.9387,0.0087,0.0070,1.8723,0.0065,0.0442,256,768,196608,393216,105007.6875,210015.3750,0.0000,0,0.0000,0.0000,0,0.0000,0,0.0000,0.0000,0,0.0000,0.0000,0,0,0,0,0,0,0,0,0,0,0,0,0,0,0,0,0,0,0,0,0,0,0,0,0
WG_METRICS 716,256,768,1.9404,0.0087,0.0070,1.8700,0.0251,0.0297,256,768,196608,393216,105140.2188,210280.4375,0.0000,0,0.0000,0.0000,0,0.0000,0,0.0000,0.0000,0,0.0000,0.0000,0,0,0,0,0,0,0,0,0,0,0,0,0,0,0,0,0,0,0,0,0,0,0,0,0
WG_METRICS 717,256,768,1.9710,0.0087,0.0070,1.9086,0.0178,0.0288,256,768,196608,393216,103013.7891,206027.5781,0.0000,0,0.0000,0.0000,0,0.0000,0,0.0000,0.0000,0,0.0000,0.0000,0,0,0,0,0,0,0,0,0,0,0,0,0,0,0,0,0,0,0,0,0,0,0,0,0
WG_METRICS 718,256,768,1.9208,0.0086,0.0071,1.8510,0.0252,0.0288,256,768,196608,393216,106214.8828,212429.7656,0.0000,0,0.0000,0.0000,0,0.0000,0,0.0000,0.0000,0,0.0000,0.0000,0,0,0,0,0,0,0,0,0,0,0,0,0,0,0,0,0,0,0,0,0,0,0,0,0
WG_METRICS 719,256,768,1.8984,0.0086,0.0070,1.8427,0.0106,0.0294,256,768,196608,393216,106696.7656,213393.5312,0.0000,0,0.0000,0.0000,0,0.0000,0,0.0000,0.0000,0,0.0000,0.0000,0,0,0,0,0,0,0,0,0,0,0,0,0,0,0,0,0,0,0,0,0,0,0,0,0
WG_METRICS 720,256,768,1.9724,0.0087,0.0070,1.9008,0.0261,0.0297,256,768,196608,393216,103432.1641,206864.3281,0.0000,0,0.0000,0.0000,0,0.0000,0,0.0000,0.0000,0,0.0000,0.0000,0,0,0,0,0,0,0,0,0,0,0,0,0,0,0,0,0,0,0,0,0,0,0,0,0
WG_METRICS 721,256,768,1.9165,0.0089,0.0070,1.8538,0.0178,0.0291,256,768,196608,393216,106059.0391,212118.0781,0.0000,0,0.0000,0.0000,0,0.0000,0,0.0000,0.0000,0,0.0000,0.0000,0,0,0,0,0,0,0,0,0,0,0,0,0,0,0,0,0,0,0,0,0,0,0,0,0
WG_METRICS 722,256,768,1.9573,0.0087,0.0071,1.8917,0.0209,0.0290,256,768,196608,393216,103933.0156,207866.0312,0.0000,0,0.0000,0.0000,0,0.0000,0,0.0000,0.0000,0,0.0000,0.0000,0,0,0,0,0,0,0,0,0,0,0,0,0,0,0,0,0,0,0,0,0,0,0,0,0
WG_METRICS 723,256,768,1.9222,0.0088,0.0070,1.8597,0.0178,0.0290,256,768,196608,393216,105721.4141,211442.8281,0.0000,0,0.0000,0.0000,0,0.0000,0,0.0000,0.0000,0,0.0000,0.0000,0,0,0,0,0,0,0,0,0,0,0,0,0,0,0,0,0,0,0,0,0,0,0,0,0
WG_METRICS 724,256,768,1.9324,0.0087,0.0070,1.8720,0.0160,0.0287,256,768,196608,393216,105027.8828,210055.7656,0.0000,0,0.0000,0.0000,0,0.0000,0,0.0000,0.0000,0,0.0000,0.0000,0,0,0,0,0,0,0,0,0,0,0,0,0,0,0,0,0,0,0,0,0,0,0,0,0
WG_METRICS 725,256,768,1.9620,0.0088,0.0070,1.8996,0.0178,0.0288,256,768,196608,393216,103499.6797,206999.3594,0.0000,0,0.0000,0.0000,0,0.0000,0,0.0000,0.0000,0,0.0000,0.0000,0,0,0,0,0,0,0,0,0,0,0,0,0,0,0,0,0,0,0,0,0,0,0,0,0
WG_METRICS 726,256,768,2.0006,0.0088,0.0070,1.9371,0.0178,0.0299,256,768,196608,393216,101495.0078,202990.0156,0.0000,0,0.0000,0.0000,0,0.0000,0,0.0000,0.0000,0,0.0000,0.0000,0,0,0,0,0,0,0,0,0,0,0,0,0,0,0,0,0,0,0,0,0,0,0,0,0
WG_METRICS 727,256,768,1.9364,0.0087,0.0071,1.8871,0.0046,0.0289,256,768,196608,393216,104186.3672,208372.7344,0.0000,0,0.0000,0.0000,0,0.0000,0,0.0000,0.0000,0,0.0000,0.0000,0,0,0,0,0,0,0,0,0,0,0,0,0,0,0,0,0,0,0,0,0,0,0,0,0
WG_METRICS 728,256,768,1.9347,0.0088,0.0070,1.8719,0.0180,0.0290,256,768,196608,393216,105032.3672,210064.7344,0.0000,0,0.0000,0.0000,0,0.0000,0,0.0000,0.0000,0,0.0000,0.0000,0,0,0,0,0,0,0,0,0,0,0,0,0,0,0,0,0,0,0,0,0,0,0,0,0
WG_METRICS 729,256,768,1.9468,0.0087,0.0070,1.8856,0.0168,0.0287,256,768,196608,393216,104268.1406,208536.2812,0.0000,0,0.0000,0.0000,0,0.0000,0,0.0000,0.0000,0,0.0000,0.0000,0,0,0,0,0,0,0,0,0,0,0,0,0,0,0,0,0,0,0,0,0,0,0,0,0
WG_METRICS 730,256,768,1.9352,0.0087,0.0070,1.8724,0.0178,0.0293,256,768,196608,393216,105005.4453,210010.8906,0.0000,0,0.0000,0.0000,0,0.0000,0,0.0000,0.0000,0,0.0000,0.0000,0,0,0,0,0,0,0,0,0,0,0,0,0,0,0,0,0,0,0,0,0,0,0,0,0
WG_METRICS 731,256,768,1.9815,0.0088,0.0070,1.9107,0.0251,0.0298,256,768,196608,393216,102897.3359,205794.6719,0.0000,0,0.0000,0.0000,0,0.0000,0,0.0000,0.0000,0,0.0000,0.0000,0,0,0,0,0,0,0,0,0,0,0,0,0,0,0,0,0,0,0,0,0,0,0,0,0
WG_METRICS 732,256,768,1.9261,0.0087,0.0208,1.8476,0.0188,0.0302,256,768,196608,393216,106414.9453,212829.8906,0.0000,0,0.0000,0.0000,0,0.0000,0,0.0000,0.0000,0,0.0000,0.0000,0,0,0,0,0,0,0,0,0,0,0,0,0,0,0,0,0,0,0,0,0,0,0,0,0
WG_METRICS 733,256,768,1.9739,0.0087,0.0071,1.9179,0.0115,0.0287,256,768,196608,393216,102513.1875,205026.3750,0.0000,0,0.0000,0.0000,0,0.0000,0,0.0000,0.0000,0,0.0000,0.0000,0,0,0,0,0,0,0,0,0,0,0,0,0,0,0,0,0,0,0,0,0,0,0,0,0
WG_METRICS 734,256,768,1.9498,0.0087,0.0070,1.8873,0.0178,0.0290,256,768,196608,393216,104175.3203,208350.6406,0.0000,0,0.0000,0.0000,0,0.0000,0,0.0000,0.0000,0,0.0000,0.0000,0,0,0,0,0,0,0,0,0,0,0,0,0,0,0,0,0,0,0,0,0,0,0,0,0
WG_METRICS 735,256,768,1.9647,0.0087,0.0070,1.9024,0.0178,0.0288,256,768,196608,393216,103345.1797,206690.3594,0.0000,0,0.0000,0.0000,0,0.0000,0,0.0000,0.0000,0,0.0000,0.0000,0,0,0,0,0,0,0,0,0,0,0,0,0,0,0,0,0,0,0,0,0,0,0,0,0
WG_METRICS 736,256,768,1.9952,0.0086,0.0070,1.8673,0.0831,0.0291,256,768,196608,393216,105288.8672,210577.7344,0.0000,0,0.0000,0.0000,0,0.0000,0,0.0000,0.0000,0,0.0000,0.0000,0,0,0,0,0,0,0,0,0,0,0,0,0,0,0,0,0,0,0,0,0,0,0,0,0
WG_METRICS 737,256,768,1.9356,0.0088,0.0070,1.8807,0.0102,0.0289,256,768,196608,393216,104538.6875,209077.3750,0.0000,0,0.0000,0.0000,0,0.0000,0,0.0000,0.0000,0,0.0000,0.0000,0,0,0,0,0,0,0,0,0,0,0,0,0,0,0,0,0,0,0,0,0,0,0,0,0
WG_METRICS 738,256,768,1.9415,0.0088,0.0070,1.8789,0.0178,0.0290,256,768,196608,393216,104641.0625,209282.1250,0.0000,0,0.0000,0.0000,0,0.0000,0,0.0000,0.0000,0,0.0000,0.0000,0,0,0,0,0,0,0,0,0,0,0,0,0,0,0,0,0,0,0,0,0,0,0,0,0
WG_METRICS 739,256,768,1.9299,0.0088,0.0070,1.8661,0.0178,0.0301,256,768,196608,393216,105356.5703,210713.1406,0.0000,0,0.0000,0.0000,0,0.0000,0,0.0000,0.0000,0,0.0000,0.0000,0,0,0,0,0,0,0,0,0,0,0,0,0,0,0,0,0,0,0,0,0,0,0,0,0
WG_METRICS 740,256,768,1.9456,0.0088,0.0070,1.8833,0.0178,0.0287,256,768,196608,393216,104396.5859,208793.1719,0.0000,0,0.0000,0.0000,0,0.0000,0,0.0000,0.0000,0,0.0000,0.0000,0,0,0,0,0,0,0,0,0,0,0,0,0,0,0,0,0,0,0,0,0,0,0,0,0
WG_METRICS 741,256,768,1.9078,0.0088,0.0070,1.8447,0.0178,0.0295,256,768,196608,393216,106578.7734,213157.5469,0.0000,0,0.0000,0.0000,0,0.0000,0,0.0000,0.0000,0,0.0000,0.0000,0,0,0,0,0,0,0,0,0,0,0,0,0,0,0,0,0,0,0,0,0,0,0,0,0
WG_METRICS 742,256,768,1.9371,0.0087,0.0070,1.8820,0.0108,0.0287,256,768,196608,393216,104469.8047,208939.6094,0.0000,0,0.0000,0.0000,0,0.0000,0,0.0000,0.0000,0,0.0000,0.0000,0,0,0,0,0,0,0,0,0,0,0,0,0,0,0,0,0,0,0,0,0,0,0,0,0
WG_METRICS 743,256,768,1.9523,0.0088,0.0070,1.8806,0.0261,0.0298,256,768,196608,393216,104543.1328,209086.2656,0.0000,0,0.0000,0.0000,0,0.0000,0,0.0000,0.0000,0,0.0000,0.0000,0,0,0,0,0,0,0,0,0,0,0,0,0,0,0,0,0,0,0,0,0,0,0,0,0
WG_METRICS 744,256,768,1.9506,0.0088,0.0070,1.8876,0.0178,0.0294,256,768,196608,393216,104155.4531,208310.9062,0.0000,0,0.0000,0.0000,0,0.0000,0,0.0000,0.0000,0,0.0000,0.0000,0,0,0,0,0,0,0,0,0,0,0,0,0,0,0,0,0,0,0,0,0,0,0,0,0
WG_METRICS 745,256,768,2.0194,0.0087,0.0070,1.8870,0.0876,0.0290,256,768,196608,393216,104188.5703,208377.1406,0.0000,0,0.0000,0.0000,0,0.0000,0,0.0000,0.0000,0,0.0000,0.0000,0,0,0,0,0,0,0,0,0,0,0,0,0,0,0,0,0,0,0,0,0,0,0,0,0
WG_METRICS 746,256,768,1.9472,0.0088,0.0071,1.8834,0.0178,0.0301,256,768,196608,393216,104387.7188,208775.4375,0.0000,0,0.0000,0.0000,0,0.0000,0,0.0000,0.0000,0,0.0000,0.0000,0,0,0,0,0,0,0,0,0,0,0,0,0,0,0,0,0,0,0,0,0,0,0,0,0
WG_METRICS 747,256,768,1.9428,0.0087,0.0071,1.8730,0.0250,0.0290,256,768,196608,393216,104971.8125,209943.6250,0.0000,0,0.0000,0.0000,0,0.0000,0,0.0000,0.0000,0,0.0000,0.0000,0,0,0,0,0,0,0,0,0,0,0,0,0,0,0,0,0,0,0,0,0,0,0,0,0
WG_METRICS 748,256,768,1.9290,0.0088,0.0070,1.8666,0.0177,0.0289,256,768,196608,393216,105331.7344,210663.4688,0.0000,0,0.0000,0.0000,0,0.0000,0,0.0000,0.0000,0,0.0000,0.0000,0,0,0,0,0,0,0,0,0,0,0,0,0,0,0,0,0,0,0,0,0,0,0,0,0
WG_METRICS 749,256,768,1.9316,0.0087,0.0070,1.8677,0.0181,0.0301,256,768,196608,393216,105266.3125,210532.6250,0.0000,0,0.0000,0.0000,0,0.0000,0,0.0000,0.0000,0,0.0000,0.0000,0,0,0,0,0,0,0,0,0,0,0,0,0,0,0,0,0,0,0,0,0,0,0,0,0
WG_METRICS 750,256,768,1.9582,0.0087,0.0070,1.8945,0.0186,0.0293,256,768,196608,393216,103779.3984,207558.7969,0.0000,0,0.0000,0.0000,0,0.0000,0,0.0000,0.0000,0,0.0000,0.0000,0,0,0,0,0,0,0,0,0,0,0,0,0,0,0,0,0,0,0,0,0,0,0,0,0
WG_METRICS 751,256,768,1.9103,0.0088,0.0070,1.8542,0.0111,0.0291,256,768,196608,393216,106033.8672,212067.7344,0.0000,0,0.0000,0.0000,0,0.0000,0,0.0000,0.0000,0,0.0000,0.0000,0,0,0,0,0,0,0,0,0,0,0,0,0,0,0,0,0,0,0,0,0,0,0,0,0
WG_METRICS 752,256,768,1.9239,0.0088,0.0070,1.8612,0.0178,0.0291,256,768,196608,393216,105635.0781,211270.1562,0.0000,0,0.0000,0.0000,0,0.0000,0,0.0000,0.0000,0,0.0000,0.0000,0,0,0,0,0,0,0,0,0,0,0,0,0,0,0,0,0,0,0,0,0,0,0,0,0
WG_METRICS 753,256,768,1.9216,0.0086,0.0071,1.8580,0.0182,0.0296,256,768,196608,393216,105817.0078,211634.0156,0.0000,0,0.0000,0.0000,0,0.0000,0,0.0000,0.0000,0,0.0000,0.0000,0,0,0,0,0,0,0,0,0,0,0,0,0,0,0,0,0,0,0,0,0,0,0,0,0
WG_METRICS 754,256,768,1.9386,0.0087,0.0070,1.8772,0.0163,0.0293,256,768,196608,393216,104734.7109,209469.4219,0.0000,0,0.0000,0.0000,0,0.0000,0,0.0000,0.0000,0,0.0000,0.0000,0,0,0,0,0,0,0,0,0,0,0,0,0,0,0,0,0,0,0,0,0,0,0,0,0
WG_METRICS 755,256,768,1.9866,0.0087,0.0070,1.9242,0.0178,0.0288,256,768,196608,393216,102176.4844,204352.9688,0.0000,0,0.0000,0.0000,0,0.0000,0,0.0000,0.0000,0,0.0000,0.0000,0,0,0,0,0,0,0,0,0,0,0,0,0,0,0,0,0,0,0,0,0,0,0,0,0
WG_METRICS 756,256,768,1.9306,0.0088,0.0070,1.8694,0.0162,0.0292,256,768,196608,393216,105169.4609,210338.9219,0.0000,0,0.0000,0.0000,0,0.0000,0,0.0000,0.0000,0,0.0000,0.0000,0,0,0,0,0,0,0,0,0,0,0,0,0,0,0,0,0,0,0,0,0,0,0,0,0
WG_METRICS 757,256,768,1.9560,0.0086,0.0070,1.8939,0.0178,0.0287,256,768,196608,393216,103812.2812,207624.5625,0.0000,0,0.0000,0.0000,0,0.0000,0,0.0000,0.0000,0,0.0000,0.0000,0,0,0,0,0,0,0,0,0,0,0,0,0,0,0,0,0,0,0,0,0,0,0,0,0
WG_METRICS 758,256,768,1.9470,0.0088,0.0070,1.8775,0.0249,0.0289,256,768,196608,393216,104719.0938,209438.1875,0.0000,0,0.0000,0.0000,0,0.0000,0,0.0000,0.0000,0,0.0000,0.0000,0,0,0,0,0,0,0,0,0,0,0,0,0,0,0,0,0,0,0,0,0,0,0,0,0
WG_METRICS 759,256,768,1.9371,0.0087,0.0070,1.8805,0.0114,0.0295,256,768,196608,393216,104549.8047,209099.6094,0.0000,0,0.0000,0.0000,0,0.0000,0,0.0000,0.0000,0,0.0000,0.0000,0,0,0,0,0,0,0,0,0,0,0,0,0,0,0,0,0,0,0,0,0,0,0,0,0
WG_METRICS 760,256,768,1.9470,0.0088,0.0070,1.8841,0.0180,0.0291,256,768,196608,393216,104350.0391,208700.0781,0.0000,0,0.0000,0.0000,0,0.0000,0,0.0000,0.0000,0,0.0000,0.0000,0,0,0,0,0,0,0,0,0,0,0,0,0,0,0,0,0,0,0,0,0,0,0,0,0
WG_METRICS 761,256,768,1.9272,0.0089,0.0070,1.8720,0.0107,0.0286,256,768,196608,393216,105027.8828,210055.7656,0.0000,0,0.0000,0.0000,0,0.0000,0,0.0000,0.0000,0,0.0000,0.0000,0,0,0,0,0,0,0,0,0,0,0,0,0,0,0,0,0,0,0,0,0,0,0,0,0
WG_METRICS 762,256,768,1.9337,0.0087,0.0070,1.8709,0.0178,0.0292,256,768,196608,393216,105086.2734,210172.5469,0.0000,0,0.0000,0.0000,0,0.0000,0,0.0000,0.0000,0,0.0000,0.0000,0,0,0,0,0,0,0,0,0,0,0,0,0,0,0,0,0,0,0,0,0,0,0,0,0
WG_METRICS 763,256,768,1.9596,0.0148,0.0015,1.8970,0.0166,0.0298,256,768,196608,393216,103643.7266,207287.4531,0.0000,0,0.0000,0.0000,0,0.0000,0,0.0000,0.0000,0,0.0000,0.0000,0,0,0,0,0,0,0,0,0,0,0,0,0,0,0,0,0,0,0,0,0,0,0,0,0
WG_METRICS 764,256,768,1.9645,0.0088,0.0070,1.8988,0.0183,0.0316,256,768,196608,393216,103541.1094,207082.2188,0.0000,0,0.0000,0.0000,0,0.0000,0,0.0000,0.0000,0,0.0000,0.0000,0,0,0,0,0,0,0,0,0,0,0,0,0,0,0,0,0,0,0,0,0,0,0,0,0
WG_METRICS 765,256,768,1.9288,0.0087,0.0070,1.8662,0.0180,0.0288,256,768,196608,393216,105349.7891,210699.5781,0.0000,0,0.0000,0.0000,0,0.0000,0,0.0000,0.0000,0,0.0000,0.0000,0,0,0,0,0,0,0,0,0,0,0,0,0,0,0,0,0,0,0,0,0,0,0,0,0
WG_METRICS 766,256,768,1.9335,0.0086,0.0070,1.8702,0.0178,0.0298,256,768,196608,393216,105126.7188,210253.4375,0.0000,0,0.0000,0.0000,0,0.0000,0,0.0000,0.0000,0,0.0000,0.0000,0,0,0,0,0,0,0,0,0,0,0,0,0,0,0,0,0,0,0,0,0,0,0,0,0
WG_METRICS 767,256,768,1.9421,0.0088,0.0070,1.8795,0.0178,0.0291,256,768,196608,393216,104607.6562,209215.3125,0.0000,0,0.0000,0.0000,0,0.0000,0,0.0000,0.0000,0,0.0000,0.0000,0,0,0,0,0,0,0,0,0,0,0,0,0,0,0,0,0,0,0,0,0,0,0,0,0
WG_METRICS 768,256,768,1.9368,0.0088,0.0071,1.8669,0.0251,0.0289,256,768,196608,393216,105311.4219,210622.8438,0.0000,0,0.0000,0.0000,0,0.0000,0,0.0000,0.0000,0,0.0000,0.0000,0,0,0,0,0,0,0,0,0,0,0,0,0,0,0,0,0,0,0,0,0,0,0,0,0
WG_METRICS 769,256,768,1.9240,0.0087,0.0071,1.8749,0.0047,0.0287,256,768,196608,393216,104864.3125,209728.6250,0.0000,0,0.0000,0.0000,0,0.0000,0,0.0000,0.0000,0,0.0000,0.0000,0,0,0,0,0,0,0,0,0,0,0,0,0,0,0,0,0,0,0,0,0,0,0,0,0
WG_METRICS 770,256,768,1.9613,0.0088,0.0070,1.8954,0.0209,0.0292,256,768,196608,393216,103731.2188,207462.4375,0.0000,0,0.0000,0.0000,0,0.0000,0,0.0000,0.0000,0,0.0000,0.0000,0,0,0,0,0,0,0,0,0,0,0,0,0,0,0,0,0,0,0,0,0,0,0,0,0
WG_METRICS 771,256,768,1.9489,0.0088,0.0070,1.8865,0.0178,0.0288,256,768,196608,393216,104217.2891,208434.5781,0.0000,0,0.0000,0.0000,0,0.0000,0,0.0000,0.0000,0,0.0000,0.0000,0,0,0,0,0,0,0,0,0,0,0,0,0,0,0,0,0,0,0,0,0,0,0,0,0
WG_METRICS 772,256,768,1.9390,0.0087,0.0070,1.8691,0.0250,0.0292,256,768,196608,393216,105189.7188,210379.4375,0.0000,0,0.0000,0.0000,0,0.0000,0,0.0000,0.0000,0,0.0000,0.0000,0,0,0,0,0,0,0,0,0,0,0,0,0,0,0,0,0,0,0,0,0,0,0,0,0
WG_METRICS 773,256,768,1.9151,0.0087,0.0070,1.8522,0.0178,0.0293,256,768,196608,393216,106148.3594,212296.7188,0.0000,0,0.0000,0.0000,0,0.0000,0,0.0000,0.0000,0,0.0000,0.0000,0,0,0,0,0,0,0,0,0,0,0,0,0,0,0,0,0,0,0,0,0,0,0,0,0
WG_METRICS 774,256,768,1.9264,0.0088,0.0070,1.8661,0.0140,0.0305,256,768,196608,393216,105358.8281,210717.6562,0.0000,0,0.0000,0.0000,0,0.0000,0,0.0000,0.0000,0,0.0000,0.0000,0,0,0,0,0,0,0,0,0,0,0,0,0,0,0,0,0,0,0,0,0,0,0,0,0
WG_METRICS 775,256,768,1.9320,0.0091,0.0070,1.8692,0.0180,0.0287,256,768,196608,393216,105185.2109,210370.4219,0.0000,0,0.0000,0.0000,0,0.0000,0,0.0000,0.0000,0,0.0000,0.0000,0,0,0,0,0,0,0,0,0,0,0,0,0,0,0,0,0,0,0,0,0,0,0,0,0
WG_METRICS 776,256,768,1.9509,0.0087,0.0070,1.8812,0.0252,0.0287,256,768,196608,393216,104512.0156,209024.0312,0.0000,0,0.0000,0.0000,0,0.0000,0,0.0000,0.0000,0,0.0000,0.0000,0,0,0,0,0,0,0,0,0,0,0,0,0,0,0,0,0,0,0,0,0,0,0,0,0
WG_METRICS 777,256,768,1.9192,0.0087,0.0070,1.8582,0.0164,0.0288,256,768,196608,393216,105803.3438,211606.6875,0.0000,0,0.0000,0.0000,0,0.0000,0,0.0000,0.0000,0,0.0000,0.0000,0,0,0,0,0,0,0,0,0,0,0,0,0,0,0,0,0,0,0,0,0,0,0,0,0
WG_METRICS 778,256,768,1.9420,0.0087,0.0070,1.8717,0.0249,0.0296,256,768,196608,393216,105043.5938,210087.1875,0.0000,0,0.0000,0.0000,0,0.0000,0,0.0000,0.0000,0,0.0000,0.0000,0,0,0,0,0,0,0,0,0,0,0,0,0,0,0,0,0,0,0,0,0,0,0,0,0
WG_METRICS 779,256,768,1.9392,0.0088,0.0070,1.8806,0.0134,0.0294,256,768,196608,393216,104547.5781,209095.1562,0.0000,0,0.0000,0.0000,0,0.0000,0,0.0000,0.0000,0,0.0000,0.0000,0,0,0,0,0,0,0,0,0,0,0,0,0,0,0,0,0,0,0,0,0,0,0,0,0
WG_METRICS 780,256,768,1.9668,0.0089,0.0070,1.9045,0.0178,0.0286,256,768,196608,393216,103234.4766,206468.9531,0.0000,0,0.0000,0.0000,0,0.0000,0,0.0000,0.0000,0,0.0000,0.0000,0,0,0,0,0,0,0,0,0,0,0,0,0,0,0,0,0,0,0,0,0,0,0,0,0
WG_METRICS 781,256,768,2.4698,0.0086,0.0071,1.9473,0.4770,0.0297,256,768,196608,393216,100963.3750,201926.7500,0.0000,0,0.0000,0.0000,0,0.0000,0,0.0000,0.0000,0,0.0000,0.0000,0,0,0,0,0,0,0,0,0,0,0,0,0,0,0,0,0,0,0,0,0,0,0,0,0
WG_METRICS 782,256,768,1.9234,0.0088,0.0070,1.8674,0.0106,0.0296,256,768,196608,393216,105282.1016,210564.2031,0.0000,0,0.0000,0.0000,0,0.0000,0,0.0000,0.0000,0,0.0000,0.0000,0,0,0,0,0,0,0,0,0,0,0,0,0,0,0,0,0,0,0,0,0,0,0,0,0
WG_METRICS 783,256,768,1.9166,0.0088,0.0070,1.8538,0.0178,0.0292,256,768,196608,393216,106054.4609,212108.9219,0.0000,0,0.0000,0.0000,0,0.0000,0,0.0000,0.0000,0,0.0000,0.0000,0,0,0,0,0,0,0,0,0,0,0,0,0,0,0,0,0,0,0,0,0,0,0,0,0
WG_METRICS 784,256,768,1.9498,0.0088,0.0070,1.8874,0.0178,0.0288,256,768,196608,393216,104166.4922,208332.9844,0.0000,0,0.0000,0.0000,0,0.0000,0,0.0000,0.0000,0,0.0000,0.0000,0,0,0,0,0,0,0,0,0,0,0,0,0,0,0,0,0,0,0,0,0,0,0,0,0
WG_METRICS 785,256,768,1.9744,0.0087,0.0070,1.8528,0.0773,0.0286,256,768,196608,393216,106113.9922,212227.9844,0.0000,0,0.0000,0.0000,0,0.0000,0,0.0000,0.0000,0,0.0000,0.0000,0,0,0,0,0,0,0,0,0,0,0,0,0,0,0,0,0,0,0,0,0,0,0,0,0
WG_METRICS 786,256,768,1.9232,0.0088,0.0070,1.8697,0.0087,0.0290,256,768,196608,393216,105155.9609,210311.9219,0.0000,0,0.0000,0.0000,0,0.0000,0,0.0000,0.0000,0,0.0000,0.0000,0,0,0,0,0,0,0,0,0,0,0,0,0,0,0,0,0,0,0,0,0,0,0,0,0
WG_METRICS 787,256,768,1.9968,0.0088,0.0070,1.8777,0.0746,0.0286,256,768,196608,393216,104707.9375,209415.8750,0.0000,0,0.0000,0.0000,0,0.0000,0,0.0000,0.0000,0,0.0000,0.0000,0,0,0,0,0,0,0,0,0,0,0,0,0,0,0,0,0,0,0,0,0,0,0,0,0
WG_METRICS 788,256,768,1.9291,0.0087,0.0066,1.8754,0.0093,0.0290,256,768,196608,393216,104833.0000,209666.0000,0.0000,0,0.0000,0.0000,0,0.0000,0,0.0000,0.0000,0,0.0000,0.0000,0,0,0,0,0,0,0,0,0,0,0,0,0,0,0,0,0,0,0,0,0,0,0,0,0
WG_METRICS 789,256,768,1.9402,0.0087,0.0070,1.8784,0.0166,0.0294,256,768,196608,393216,104667.8047,209335.6094,0.0000,0,0.0000,0.0000,0,0.0000,0,0.0000,0.0000,0,0.0000,0.0000,0,0,0,0,0,0,0,0,0,0,0,0,0,0,0,0,0,0,0,0,0,0,0,0,0
WG_METRICS 790,256,768,1.9857,0.0089,0.0070,1.9231,0.0178,0.0288,256,768,196608,393216,102236.0000,204472.0000,0.0000,0,0.0000,0.0000,0,0.0000,0,0.0000,0.0000,0,0.0000,0.0000,0,0,0,0,0,0,0,0,0,0,0,0,0,0,0,0,0,0,0,0,0,0,0,0,0
WG_METRICS 791,256,768,1.9388,0.0088,0.0070,1.8780,0.0162,0.0288,256,768,196608,393216,104692.3281,209384.6562,0.0000,0,0.0000,0.0000,0,0.0000,0,0.0000,0.0000,0,0.0000,0.0000,0,0,0,0,0,0,0,0,0,0,0,0,0,0,0,0,0,0,0,0,0,0,0,0,0
WG_METRICS 792,256,768,1.9220,0.0087,0.0070,1.8596,0.0178,0.0289,256,768,196608,393216,105725.9688,211451.9375,0.0000,0,0.0000,0.0000,0,0.0000,0,0.0000,0.0000,0,0.0000,0.0000,0,0,0,0,0,0,0,0,0,0,0,0,0,0,0,0,0,0,0,0,0,0,0,0,0
WG_METRICS 793,256,768,1.9442,0.0149,0.0016,1.8824,0.0164,0.0289,256,768,196608,393216,104443.1719,208886.3438,0.0000,0,0.0000,0.0000,0,0.0000,0,0.0000,0.0000,0,0.0000,0.0000,0,0,0,0,0,0,0,0,0,0,0,0,0,0,0,0,0,0,0,0,0,0,0,0,0
WG_METRICS 794,256,768,1.9505,0.0148,0.0016,1.8788,0.0257,0.0296,256,768,196608,393216,104645.5156,209291.0312,0.0000,0,0.0000,0.0000,0,0.0000,0,0.0000,0.0000,0,0.0000,0.0000,0,0,0,0,0,0,0,0,0,0,0,0,0,0,0,0,0,0,0,0,0,0,0,0,0
WG_METRICS 795,256,768,1.9340,0.0088,0.0070,1.8640,0.0252,0.0289,256,768,196608,393216,105476.3984,210952.7969,0.0000,0,0.0000,0.0000,0,0.0000,0,0.0000,0.0000,0,0.0000,0.0000,0,0,0,0,0,0,0,0,0,0,0,0,0,0,0,0,0,0,0,0,0,0,0,0,0
WG_METRICS 796,256,768,1.9349,0.0087,0.0070,1.8718,0.0178,0.0296,256,768,196608,393216,105034.6172,210069.2344,0.0000,0,0.0000,0.0000,0,0.0000,0,0.0000,0.0000,0,0.0000,0.0000,0,0,0,0,0,0,0,0,0,0,0,0,0,0,0,0,0,0,0,0,0,0,0,0,0
WG_METRICS 797,256,768,1.9198,0.0087,0.0070,1.8570,0.0180,0.0290,256,768,196608,393216,105876.2656,211752.5312,0.0000,0,0.0000,0.0000,0,0.0000,0,0.0000,0.0000,0,0.0000,0.0000,0,0,0,0,0,0,0,0,0,0,0,0,0,0,0,0,0,0,0,0,0,0,0,0,0
WG_METRICS 798,256,768,1.9390,0.0088,0.0070,1.8843,0.0100,0.0287,256,768,196608,393216,104338.9609,208677.9219,0.0000,0,0.0000,0.0000,0,0.0000,0,0.0000,0.0000,0,0.0000,0.0000,0,0,0,0,0,0,0,0,0,0,0,0,0,0,0,0,0,0,0,0,0,0,0,0,0
WG_METRICS 799,256,768,1.9109,0.0089,0.0070,1.8554,0.0106,0.0290,256,768,196608,393216,105963.0078,211926.0156,0.0000,0,0.0000,0.0000,0,0.0000,0,0.0000,0.0000,0,0.0000,0.0000,0,0,0,0,0,0,0,0,0,0,0,0,0,0,0,0,0,0,0,0,0,0,0,0,0
WG_METRICS 800,256,768,1.9381,0.0088,0.0070,1.8736,0.0186,0.0300,256,768,196608,393216,104935.9531,209871.9062,0.0000,0,0.0000,0.0000,0,0.0000,0,0.0000,0.0000,0,0.0000,0.0000,0,0,0,0,0,0,0,0,0,0,0,0,0,0,0,0,0,0,0,0,0,0,0,0,0
WG_METRICS 801,256,768,1.9472,0.0088,0.0070,1.8779,0.0248,0.0288,256,768,196608,393216,104694.5547,209389.1094,0.0000,0,0.0000,0.0000,0,0.0000,0,0.0000,0.0000,0,0.0000,0.0000,0,0,0,0,0,0,0,0,0,0,0,0,0,0,0,0,0,0,0,0,0,0,0,0,0
WG_METRICS 802,256,768,2.0072,0.0148,0.0015,1.9491,0.0127,0.0292,256,768,196608,393216,100872.2031,201744.4062,0.0000,0,0.0000,0.0000,0,0.0000,0,0.0000,0.0000,0,0.0000,0.0000,0,0,0,0,0,0,0,0,0,0,0,0,0,0,0,0,0,0,0,0,0,0,0,0,0
WG_METRICS 803,256,768,1.9485,0.0088,0.0070,1.8784,0.0250,0.0292,256,768,196608,393216,104665.5703,209331.1406,0.0000,0,0.0000,0.0000,0,0.0000,0,0.0000,0.0000,0,0.0000,0.0000,0,0,0,0,0,0,0,0,0,0,0,0,0,0,0,0,0,0,0,0,0,0,0,0,0
WG_METRICS 804,256,768,1.9320,0.0087,0.0070,1.8691,0.0178,0.0294,256,768,196608,393216,105187.4688,210374.9375,0.0000,0,0.0000,0.0000,0,0.0000,0,0.0000,0.0000,0,0.0000,0.0000,0,0,0,0,0,0,0,0,0,0,0,0,0,0,0,0,0,0,0,0,0,0,0,0,0
WG_METRICS 805,256,768,2.0036,0.0088,0.0070,1.9433,0.0147,0.0298,256,768,196608,393216,101171.1875,202342.3750,0.0000,0,0.0000,0.0000,0,0.0000,0,0.0000,0.0000,0,0.0000,0.0000,0,0,0,0,0,0,0,0,0,0,0,0,0,0,0,0,0,0,0,0,0,0,0,0,0
WG_METRICS 806,256,768,1.6559,0.0083,0.0140,1.5990,0.0117,0.0228,256,768,196608,393216,122956.8516,245913.7031,0.0000,0,0.0000,0.0000,0,0.0000,0,0.0000,0.0000,0,0.0000,0.0000,0,0,0,0,0,0,0,0,0,0,0,0,0,0,0,0,0,0,0,0,0,0,0,0,0
WG_METRICS 807,256,768,1.3056,0.0079,0.0068,1.2558,0.0167,0.0184,256,768,196608,393216,156564.9531,313129.9062,0.0000,0,0.0000,0.0000,0,0.0000,0,0.0000,0.0000,0,0.0000,0.0000,0,0,0,0,0,0,0,0,0,0,0,0,0,0,0,0,0,0,0,0,0,0,0,0,0
WG_METRICS 808,256,768,1.1859,0.0076,0.0068,1.0909,0.0634,0.0171,256,768,196608,393216,180222.2031,360444.4062,0.0000,0,0.0000,0.0000,0,0.0000,0,0.0000,0.0000,0,0.0000,0.0000,0,0,0,0,0,0,0,0,0,0,0,0,0,0,0,0,0,0,0,0,0,0,0,0,0
WG_METRICS 809,256,768,1.0736,0.0075,0.0068,1.0268,0.0164,0.0161,256,768,196608,393216,191468.9844,382937.9688,0.0000,0,0.0000,0.0000,0,0.0000,0,0.0000,0.0000,0,0.0000,0.0000,0,0,0,0,0,0,0,0,0,0,0,0,0,0,0,0,0,0,0,0,0,0,0,0,0
WG_METRICS 810,256,768,1.0991,0.0076,0.0068,1.0585,0.0094,0.0168,256,768,196608,393216,185738.5781,371477.1562,0.0000,0,0.0000,0.0000,0,0.0000,0,0.0000,0.0000,0,0.0000,0.0000,0,0,0,0,0,0,0,0,0,0,0,0,0,0,0,0,0,0,0,0,0,0,0,0,0
WG_METRICS 811,256,768,1.1848,0.0077,0.0067,1.1359,0.0166,0.0179,256,768,196608,393216,173088.7031,346177.4062,0.0000,0,0.0000,0.0000,0,0.0000,0,0.0000,0.0000,0,0.0000,0.0000,0,0,0,0,0,0,0,0,0,0,0,0,0,0,0,0,0,0,0,0,0,0,0,0,0
WG_METRICS 812,256,768,1.2688,0.0078,0.0069,1.2259,0.0088,0.0195,256,768,196608,393216,160381.1094,320762.2188,0.0000,0,0.0000,0.0000,0,0.0000,0,0.0000,0.0000,0,0.0000,0.0000,0,0,0,0,0,0,0,0,0,0,0,0,0,0,0,0,0,0,0,0,0,0,0,0,0
WG_METRICS 813,256,768,1.4502,0.0080,0.0069,1.3966,0.0171,0.0218,256,768,196608,393216,140780.2031,281560.4062,0.0000,0,0.0000,0.0000,0,0.0000,0,0.0000,0.0000,0,0.0000,0.0000,0,0,0,0,0,0,0,0,0,0,0,0,0,0,0,0,0,0,0,0,0,0,0,0,0
WG_METRICS 814,256,768,1.7190,0.0083,0.0069,1.6525,0.0247,0.0266,256,768,196608,393216,118974.6641,237949.3281,0.0000,0,0.0000,0.0000,0,0.0000,0,0.0000,0.0000,0,0.0000,0.0000,0,0,0,0,0,0,0,0,0,0,0,0,0,0,0,0,0,0,0,0,0,0,0,0,0
WG_METRICS 815,256,768,1.9232,0.0089,0.0070,1.8573,0.0207,0.0293,256,768,196608,393216,105858.0312,211716.0625,0.0000,0,0.0000,0.0000,0,0.0000,0,0.0000,0.0000,0,0.0000,0.0000,0,0,0,0,0,0,0,0,0,0,0,0,0,0,0,0,0,0,0,0,0,0,0,0,0
WG_METRICS 816,256,768,1.9236,0.0088,0.0070,1.8612,0.0178,0.0288,256,768,196608,393216,105635.0781,211270.1562,0.0000,0,0.0000,0.0000,0,0.0000,0,0.0000,0.0000,0,0.0000,0.0000,0,0,0,0,0,0,0,0,0,0,0,0,0,0,0,0,0,0,0,0,0,0,0,0,0
WG_METRICS 817,256,768,1.9213,0.0086,0.0070,1.8666,0.0103,0.0288,256,768,196608,393216,105327.2188,210654.4375,0.0000,0,0.0000,0.0000,0,0.0000,0,0.0000,0.0000,0,0.0000,0.0000,0,0,0,0,0,0,0,0,0,0,0,0,0,0,0,0,0,0,0,0,0,0,0,0,0
WG_METRICS 818,256,768,1.9534,0.0088,0.0070,1.8909,0.0178,0.0289,256,768,196608,393216,103974.7812,207949.5625,0.0000,0,0.0000,0.0000,0,0.0000,0,0.0000,0.0000,0,0.0000,0.0000,0,0,0,0,0,0,0,0,0,0,0,0,0,0,0,0,0,0,0,0,0,0,0,0,0
WG_METRICS 819,256,768,1.9609,0.0087,0.0070,1.9000,0.0162,0.0290,256,768,196608,393216,103480.0703,206960.1406,0.0000,0,0.0000,0.0000,0,0.0000,0,0.0000,0.0000,0,0.0000,0.0000,0,0,0,0,0,0,0,0,0,0,0,0,0,0,0,0,0,0,0,0,0,0,0,0,0
WG_METRICS 820,256,768,1.9254,0.0088,0.0070,1.8644,0.0171,0.0281,256,768,196608,393216,105451.5078,210903.0156,0.0000,0,0.0000,0.0000,0,0.0000,0,0.0000,0.0000,0,0.0000,0.0000,0,0,0,0,0,0,0,0,0,0,0,0,0,0,0,0,0,0,0,0,0,0,0,0,0
WG_METRICS 821,256,768,1.5952,0.0083,0.0070,1.5396,0.0172,0.0231,256,768,196608,393216,127697.3906,255394.7812,0.0000,0,0.0000,0.0000,0,0.0000,0,0.0000,0.0000,0,0.0000,0.0000,0,0,0,0,0,0,0,0,0,0,0,0,0,0,0,0,0,0,0,0,0,0,0,0,0
WG_METRICS 822,256,768,1.3442,0.0079,0.0064,1.3006,0.0093,0.0199,256,768,196608,393216,151167.1406,302334.2812,0.0000,0,0.0000,0.0000,0,0.0000,0,0.0000,0.0000,0,0.0000,0.0000,0,0,0,0,0,0,0,0,0,0,0,0,0,0,0,0,0,0,0,0,0,0,0,0,0
WG_METRICS 823,256,768,1.2420,0.0078,0.0068,1.1921,0.0167,0.0185,256,768,196608,393216,164923.0000,329846.0000,0.0000,0,0.0000,0.0000,0,0.0000,0,0.0000,0.0000,0,0.0000,0.0000,0,0,0,0,0,0,0,0,0,0,0,0,0,0,0,0,0,0,0,0,0,0,0,0,0
WG_METRICS 824,256,768,1.2332,0.0076,0.0069,1.1838,0.0166,0.0183,256,768,196608,393216,166076.4844,332152.9688,0.0000,0,0.0000,0.0000,0,0.0000,0,0.0000,0.0000,0,0.0000,0.0000,0,0,0,0,0,0,0,0,0,0,0,0,0,0,0,0,0,0,0,0,0,0,0,0,0
WG_METRICS 825,256,768,1.3456,0.0077,0.0068,1.2883,0.0234,0.0194,256,768,196608,393216,152612.7812,305225.5625,0.0000,0,0.0000,0.0000,0,0.0000,0,0.0000,0.0000,0,0.0000,0.0000,0,0,0,0,0,0,0,0,0,0,0,0,0,0,0,0,0,0,0,0,0,0,0,0,0
WG_METRICS 826,256,768,1.3975,0.0080,0.0069,1.3438,0.0171,0.0218,256,768,196608,393216,146307.4844,292614.9688,0.0000,0,0.0000,0.0000,0,0.0000,0,0.0000,0.0000,0,0.0000,0.0000,0,0,0,0,0,0,0,0,0,0,0,0,0,0,0,0,0,0,0,0,0,0,0,0,0
WG_METRICS 827,256,768,1.9558,0.0087,0.0070,1.8970,0.0139,0.0292,256,768,196608,393216,103643.7266,207287.4531,0.0000,0,0.0000,0.0000,0,0.0000,0,0.0000,0.0000,0,0.0000,0.0000,0,0,0,0,0,0,0,0,0,0,0,0,0,0,0,0,0,0,0,0,0,0,0,0,0
WG_METRICS 828,256,768,1.9358,0.0087,0.0070,1.8664,0.0248,0.0288,256,768,196608,393216,105338.5000,210677.0000,0.0000,0,0.0000,0.0000,0,0.0000,0,0.0000,0.0000,0,0.0000,0.0000,0,0,0,0,0,0,0,0,0,0,0,0,0,0,0,0,0,0,0,0,0,0,0,0,0
WG_METRICS 829,256,768,1.9086,0.0088,0.0070,1.8537,0.0103,0.0288,256,768,196608,393216,106063.6094,212127.2188,0.0000,0,0.0000,0.0000,0,0.0000,0,0.0000,0.0000,0,0.0000,0.0000,0,0,0,0,0,0,0,0,0,0,0,0,0,0,0,0,0,0,0,0,0,0,0,0,0
WG_METRICS 830,256,768,1.9410,0.0087,0.0070,1.8786,0.0178,0.0289,256,768,196608,393216,104656.6562,209313.3125,0.0000,0,0.0000,0.0000,0,0.0000,0,0.0000,0.0000,0,0.0000,0.0000,0,0,0,0,0,0,0,0,0,0,0,0,0,0,0,0,0,0,0,0,0,0,0,0,0
WG_METRICS 831,256,768,1.9388,0.0088,0.0070,1.8830,0.0110,0.0290,256,768,196608,393216,104409.8906,208819.7812,0.0000,0,0.0000,0.0000,0,0.0000,0,0.0000,0.0000,0,0.0000,0.0000,0,0,0,0,0,0,0,0,0,0,0,0,0,0,0,0,0,0,0,0,0,0,0,0,0
WG_METRICS 832,256,768,1.9670,0.0087,0.0070,1.8949,0.0264,0.0300,256,768,196608,393216,103757.4922,207514.9844,0.0000,0,0.0000,0.0000,0,0.0000,0,0.0000,0.0000,0,0.0000,0.0000,0,0,0,0,0,0,0,0,0,0,0,0,0,0,0,0,0,0,0,0,0,0,0,0,0
WG_METRICS 833,256,768,1.9486,0.0087,0.0070,1.8860,0.0178,0.0290,256,768,196608,393216,104246.0234,208492.0469,0.0000,0,0.0000,0.0000,0,0.0000,0,0.0000,0.0000,0,0.0000,0.0000,0,0,0,0,0,0,0,0,0,0,0,0,0,0,0,0,0,0,0,0,0,0,0,0,0
WG_METRICS 834,256,768,1.9312,0.0087,0.0071,1.8763,0.0104,0.0288,256,768,196608,393216,104786.0703,209572.1406,0.0000,0,0.0000,0.0000,0,0.0000,0,0.0000,0.0000,0,0.0000,0.0000,0,0,0,0,0,0,0,0,0,0,0,0,0,0,0,0,0,0,0,0,0,0,0,0,0
WG_METRICS 835,256,768,1.9638,0.0087,0.0070,1.9013,0.0179,0.0289,256,768,196608,393216,103408.2266,206816.4531,0.0000,0,0.0000,0.0000,0,0.0000,0,0.0000,0.0000,0,0.0000,0.0000,0,0,0,0,0,0,0,0,0,0,0,0,0,0,0,0,0,0,0,0,0,0,0,0,0
WG_METRICS 836,256,768,1.9186,0.0089,0.0070,1.8560,0.0178,0.0289,256,768,196608,393216,105928.7500,211857.5000,0.0000,0,0.0000,0.0000,0,0.0000,0,0.0000,0.0000,0,0.0000,0.0000,0,0,0,0,0,0,0,0,0,0,0,0,0,0,0,0,0,0,0,0,0,0,0,0,0
WG_METRICS 837,256,768,1.9265,0.0088,0.0070,1.8693,0.0120,0.0293,256,768,196608,393216,105176.2109,210352.4219,0.0000,0,0.0000,0.0000,0,0.0000,0,0.0000,0.0000,0,0.0000,0.0000,0,0,0,0,0,0,0,0,0,0,0,0,0,0,0,0,0,0,0,0,0,0,0,0,0
WG_METRICS 838,256,768,1.9692,0.0088,0.0070,1.9066,0.0178,0.0290,256,768,196608,393216,103119.6875,206239.3750,0.0000,0,0.0000,0.0000,0,0.0000,0,0.0000,0.0000,0,0.0000,0.0000,0,0,0,0,0,0,0,0,0,0,0,0,0,0,0,0,0,0,0,0,0,0,0,0,0
WG_METRICS 839,256,768,1.9761,0.0088,0.0070,1.9208,0.0107,0.0288,256,768,196608,393216,102357.3516,204714.7031,0.0000,0,0.0000,0.0000,0,0.0000,0,0.0000,0.0000,0,0.0000,0.0000,0,0,0,0,0,0,0,0,0,0,0,0,0,0,0,0,0,0,0,0,0,0,0,0,0
WG_METRICS 840,256,768,1.9262,0.0089,0.0070,1.8628,0.0187,0.0288,256,768,196608,393216,105546.6094,211093.2188,0.0000,0,0.0000,0.0000,0,0.0000,0,0.0000,0.0000,0,0.0000,0.0000,0,0,0,0,0,0,0,0,0,0,0,0,0,0,0,0,0,0,0,0,0,0,0,0,0
WG_METRICS 841,256,768,1.9144,0.0088,0.0070,1.8532,0.0166,0.0289,256,768,196608,393216,106093.3750,212186.7500,0.0000,0,0.0000,0.0000,0,0.0000,0,0.0000,0.0000,0,0.0000,0.0000,0,0,0,0,0,0,0,0,0,0,0,0,0,0,0,0,0,0,0,0,0,0,0,0,0
WG_METRICS 842,256,768,1.9462,0.0089,0.0070,1.8837,0.0178,0.0289,256,768,196608,393216,104374.4141,208748.8281,0.0000,0,0.0000,0.0000,0,0.0000,0,0.0000,0.0000,0,0.0000,0.0000,0,0,0,0,0,0,0,0,0,0,0,0,0,0,0,0,0,0,0,0,0,0,0,0,0
WG_METRICS 843,256,768,1.9411,0.0087,0.0070,1.8800,0.0165,0.0289,256,768,196608,393216,104580.9531,209161.9062,0.0000,0,0.0000,0.0000,0,0.0000,0,0.0000,0.0000,0,0.0000,0.0000,0,0,0,0,0,0,0,0,0,0,0,0,0,0,0,0,0,0,0,0,0,0,0,0,0
WG_METRICS 844,256,768,1.9710,0.0088,0.0070,1.9085,0.0178,0.0290,256,768,196608,393216,103018.1094,206036.2188,0.0000,0,0.0000,0.0000,0,0.0000,0,0.0000,0.0000,0,0.0000,0.0000,0,0,0,0,0,0,0,0,0,0,0,0,0,0,0,0,0,0,0,0,0,0,0,0,0
WG_METRICS 845,256,768,1.8496,0.0088,0.0070,1.7957,0.0128,0.0254,256,768,196608,393216,109489.4375,218978.8750,0.0000,0,0.0000,0.0000,0,0.0000,0,0.0000,0.0000,0,0.0000,0.0000,0,0,0,0,0,0,0,0,0,0,0,0,0,0,0,0,0,0,0,0,0,0,0,0,0
WG_METRICS 846,256,768,1.5041,0.0082,0.0069,1.4556,0.0113,0.0220,256,768,196608,393216,135070.0781,270140.1562,0.0000,0,0.0000,0.0000,0,0.0000,0,0.0000,0.0000,0,0.0000,0.0000,0,0,0,0,0,0,0,0,0,0,0,0,0,0,0,0,0,0,0,0,0,0,0,0,0
WG_METRICS 847,256,768,1.2448,0.0080,0.0068,1.1946,0.0167,0.0187,256,768,196608,393216,164586.1094,329172.2188,0.0000,0,0.0000,0.0000,0,0.0000,0,0.0000,0.0000,0,0.0000,0.0000,0,0,0,0,0,0,0,0,0,0,0,0,0,0,0,0,0,0,0,0,0,0,0,0,0
WG_METRICS 848,256,768,1.1142,0.0075,0.0070,1.0733,0.0096,0.0167,256,768,196608,393216,183177.4219,366354.8438,0.0000,0,0.0000,0.0000,0,0.0000,0,0.0000,0.0000,0,0.0000,0.0000,0,0,0,0,0,0,0,0,0,0,0,0,0,0,0,0,0,0,0,0,0,0,0,0,0
WG_METRICS 849,256,768,1.0932,0.0076,0.0068,1.0458,0.0164,0.0166,256,768,196608,393216,187997.7031,375995.4062,0.0000,0,0.0000,0.0000,0,0.0000,0,0.0000,0.0000,0,0.0000,0.0000,0,0,0,0,0,0,0,0,0,0,0,0,0,0,0,0,0,0,0,0,0,0,0,0,0
WG_METRICS 850,256,768,1.1381,0.0075,0.0068,1.0902,0.0165,0.0171,256,768,196608,393216,180341.2344,360682.4688,0.0000,0,0.0000,0.0000,0,0.0000,0,0.0000,0.0000,0,0.0000,0.0000,0,0,0,0,0,0,0,0,0,0,0,0,0,0,0,0,0,0,0,0,0,0,0,0,0
WG_METRICS 851,256,768,1.2442,0.0077,0.0068,1.1880,0.0231,0.0186,256,768,196608,393216,165494.9531,330989.9062,0.0000,0,0.0000,0.0000,0,0.0000,0,0.0000,0.0000,0,0.0000,0.0000,0,0,0,0,0,0,0,0,0,0,0,0,0,0,0,0,0,0,0,0,0,0,0,0,0
WG_METRICS 852,256,768,1.3550,0.0079,0.0069,1.3012,0.0171,0.0219,256,768,196608,393216,151097.4375,302194.8750,0.0000,0,0.0000,0.0000,0,0.0000,0,0.0000,0.0000,0,0.0000,0.0000,0,0,0,0,0,0,0,0,0,0,0,0,0,0,0,0,0,0,0,0,0,0,0,0,0
WG_METRICS 853,256,768,1.6556,0.0080,0.0070,1.5152,0.0327,0.0926,256,768,196608,393216,129757.1250,259514.2500,0.0000,0,0.0000,0.0000,0,0.0000,0,0.0000,0.0000,0,0.0000,0.0000,0,0,0,0,0,0,0,0,0,0,0,0,0,0,0,0,0,0,0,0,0,0,0,0,0
WG_METRICS 854,256,768,1.8100,0.0087,0.0069,1.7552,0.0112,0.0280,256,768,196608,393216,112017.1406,224034.2812,0.0000,0,0.0000,0.0000,0,0.0000,0,0.0000,0.0000,0,0.0000,0.0000,0,0,0,0,0,0,0,0,0,0,0,0,0,0,0,0,0,0,0,0,0,0,0,0,0
WG_METRICS 855,256,768,1.9217,0.0088,0.0070,1.8580,0.0178,0.0300,256,768,196608,393216,105814.7344,211629.4688,0.0000,0,0.0000,0.0000,0,0.0000,0,0.0000,0.0000,0,0.0000,0.0000,0,0,0,0,0,0,0,0,0,0,0,0,0,0,0,0,0,0,0,0,0,0,0,0,0
WG_METRICS 856,256,768,1.9341,0.0086,0.0070,1.8644,0.0250,0.0291,256,768,196608,393216,105453.7656,210907.5312,0.0000,0,0.0000,0.0000,0,0.0000,0,0.0000,0.0000,0,0.0000,0.0000,0,0,0,0,0,0,0,0,0,0,0,0,0,0,0,0,0,0,0,0,0,0,0,0,0
WG_METRICS 857,256,768,1.9285,0.0087,0.0070,1.8661,0.0178,0.0289,256,768,196608,393216,105356.5703,210713.1406,0.0000,0,0.0000,0.0000,0,0.0000,0,0.0000,0.0000,0,0.0000,0.0000,0,0,0,0,0,0,0,0,0,0,0,0,0,0,0,0,0,0,0,0,0,0,0,0,0
WG_METRICS 858,256,768,1.9236,0.0089,0.0070,1.8611,0.0178,0.0288,256,768,196608,393216,105639.6172,211279.2344,0.0000,0,0.0000,0.0000,0,0.0000,0,0.0000,0.0000,0,0.0000,0.0000,0,0,0,0,0,0,0,0,0,0,0,0,0,0,0,0,0,0,0,0,0,0,0,0,0
WG_METRICS 859,256,768,1.9340,0.0088,0.0070,1.8730,0.0164,0.0287,256,768,196608,393216,104969.5625,209939.1250,0.0000,0,0.0000,0.0000,0,0.0000,0,0.0000,0.0000,0,0.0000,0.0000,0,0,0,0,0,0,0,0,0,0,0,0,0,0,0,0,0,0,0,0,0,0,0,0,0
