WG_METRICS_HEADER frame,q1_shards,q1_shard_capacity,gpu_frame_ms,reset_ms,reset_barrier_ms,compute_ms,metrics_copy_ms,render_ms,q2_shards,q2_shard_capacity,edges,vertices,edges_per_ms,vertices_per_ms,q1_deq_attempt_mean,q1_deq_attempt_max,q1_deq_attempt_imbalance,q1_deq_cas_fail_mean,q1_deq_cas_fail_max,q1_deq_probe_mean,q1_deq_probe_max,q1_deq_probe_imbalance,q1_enq_attempt_mean,q1_enq_attempt_max,q1_enq_attempt_imbalance,q1_high_water_mean,q1_high_water_max,q1_enq_ok,q1_enq_cas_fail,q1_enq_full,q1_deq_ok,q1_deq_cas_fail,q1_deq_empty,q1_ready_cas_fail,q1_ready_max_spin,q1_high_water,q2_enq_ok,q2_enq_cas_fail,q2_enq_full,q2_deq_ok,q2_deq_cas_fail,q2_deq_empty,q2_ready_cas_fail,q2_ready_max_spin,q2_high_water,node_a_seed,node_b_tasks,node_b_subdivide,node_b_final,node_c_output,stop_writes
WG_METRICS 1,256,768,1.9090,0.0148,0.0075,1.8357,0.0128,0.0381,256,768,196608,393216,107101.3047,214202.6094,0.0000,0,0.0000,0.0000,0,0.0000,0,0.0000,0.0000,0,0.0000,0.0000,0,0,0,0,0,0,0,0,0,0,0,0,0,0,0,0,0,0,0,0,0,0,0,0,0
WG_METRICS 2,256,768,1.9346,0.0093,0.0076,1.8694,0.0125,0.0359,256,768,196608,393216,105173.9688,210347.9375,0.0000,0,0.0000,0.0000,0,0.0000,0,0.0000,0.0000,0,0.0000,0.0000,0,0,0,0,0,0,0,0,0,0,0,0,0,0,0,0,0,0,0,0,0,0,0,0,0
WG_METRICS 3,256,768,1.9226,0.0095,0.0076,1.8442,0.0229,0.0384,256,768,196608,393216,106608.8281,213217.6562,0.0000,0,0.0000,0.0000,0,0.0000,0,0.0000,0.0000,0,0.0000,0.0000,0,0,0,0,0,0,0,0,0,0,0,0,0,0,0,0,0,0,0,0,0,0,0,0,0
WG_METRICS 4,256,768,1.9099,0.0092,0.0079,1.8337,0.0217,0.0374,256,768,196608,393216,107220.4531,214440.9062,0.0000,0,0.0000,0.0000,0,0.0000,0,0.0000,0.0000,0,0.0000,0.0000,0,0,0,0,0,0,0,0,0,0,0,0,0,0,0,0,0,0,0,0,0,0,0,0,0
WG_METRICS 5,256,768,1.9023,0.0092,0.0076,1.8302,0.0208,0.0345,256,768,196608,393216,107426.6719,214853.3438,0.0000,0,0.0000,0.0000,0,0.0000,0,0.0000,0.0000,0,0.0000,0.0000,0,0,0,0,0,0,0,0,0,0,0,0,0,0,0,0,0,0,0,0,0,0,0,0,0
WG_METRICS 6,256,768,1.9258,0.0092,0.0076,1.8520,0.0190,0.0380,256,768,196608,393216,106162.1250,212324.2500,0.0000,0,0.0000,0.0000,0,0.0000,0,0.0000,0.0000,0,0.0000,0.0000,0,0,0,0,0,0,0,0,0,0,0,0,0,0,0,0,0,0,0,0,0,0,0,0,0
WG_METRICS 7,256,768,1.9206,0.0086,0.0071,1.8505,0.0258,0.0286,256,768,196608,393216,106247.0312,212494.0625,0.0000,0,0.0000,0.0000,0,0.0000,0,0.0000,0.0000,0,0.0000,0.0000,0,0,0,0,0,0,0,0,0,0,0,0,0,0,0,0,0,0,0,0,0,0,0,0,0
WG_METRICS 8,256,768,1.8875,0.0088,0.0070,1.8314,0.0116,0.0286,256,768,196608,393216,107353.9375,214707.8750,0.0000,0,0.0000,0.0000,0,0.0000,0,0.0000,0.0000,0,0.0000,0.0000,0,0,0,0,0,0,0,0,0,0,0,0,0,0,0,0,0,0,0,0,0,0,0,0,0
WG_METRICS 9,256,768,1.9113,0.0088,0.0071,1.8516,0.0147,0.0292,256,768,196608,393216,106182.7578,212365.5156,0.0000,0,0.0000,0.0000,0,0.0000,0,0.0000,0.0000,0,0.0000,0.0000,0,0,0,0,0,0,0,0,0,0,0,0,0,0,0,0,0,0,0,0,0,0,0,0,0
WG_METRICS 10,256,768,1.9156,0.0088,0.0070,1.8596,0.0119,0.0284,256,768,196608,393216,105728.2344,211456.4688,0.0000,0,0.0000,0.0000,0,0.0000,0,0.0000,0.0000,0,0.0000,0.0000,0,0,0,0,0,0,0,0,0,0,0,0,0,0,0,0,0,0,0,0,0,0,0,0,0
WG_METRICS 11,256,768,1.9024,0.0088,0.0071,1.8386,0.0190,0.0289,256,768,196608,393216,106933.5312,213867.0625,0.0000,0,0.0000,0.0000,0,0.0000,0,0.0000,0.0000,0,0.0000,0.0000,0,0,0,0,0,0,0,0,0,0,0,0,0,0,0,0,0,0,0,0,0,0,0,0,0
WG_METRICS 12,256,768,1.9064,0.0088,0.0070,1.8460,0.0159,0.0286,256,768,196608,393216,106502.5703,213005.1406,0.0000,0,0.0000,0.0000,0,0.0000,0,0.0000,0.0000,0,0.0000,0.0000,0,0,0,0,0,0,0,0,0,0,0,0,0,0,0,0,0,0,0,0,0,0,0,0,0
WG_METRICS 13,256,768,1.9178,0.0087,0.0070,1.8562,0.0175,0.0284,256,768,196608,393216,105919.6250,211839.2500,0.0000,0,0.0000,0.0000,0,0.0000,0,0.0000,0.0000,0,0.0000,0.0000,0,0,0,0,0,0,0,0,0,0,0,0,0,0,0,0,0,0,0,0,0,0,0,0,0
WG_METRICS 14,256,768,1.8934,0.0087,0.0070,1.8360,0.0124,0.0292,256,768,196608,393216,107084.9688,214169.9375,0.0000,0,0.0000,0.0000,0,0.0000,0,0.0000,0.0000,0,0.0000,0.0000,0,0,0,0,0,0,0,0,0,0,0,0,0,0,0,0,0,0,0,0,0,0,0,0,0
WG_METRICS 15,256,768,1.9015,0.0088,0.0070,1.8372,0.0200,0.0285,256,768,196608,393216,107012.6953,214025.3906,0.0000,0,0.0000,0.0000,0,0.0000,0,0.0000,0.0000,0,0.0000,0.0000,0,0,0,0,0,0,0,0,0,0,0,0,0,0,0,0,0,0,0,0,0,0,0,0,0
WG_METRICS 16,256,768,1.9345,0.0089,0.0076,1.8631,0.0262,0.0287,256,768,196608,393216,105528.4766,211056.9531,0.0000,0,0.0000,0.0000,0,0.0000,0,0.0000,0.0000,0,0.0000,0.0000,0,0,0,0,0,0,0,0,0,0,0,0,0,0,0,0,0,0,0,0,0,0,0,0,0
WG_METRICS 17,256,768,1.9252,0.0088,0.0070,1.8614,0.0191,0.0289,256,768,196608,393216,105621.4609,211242.9219,0.0000,0,0.0000,0.0000,0,0.0000,0,0.0000,0.0000,0,0.0000,0.0000,0,0,0,0,0,0,0,0,0,0,0,0,0,0,0,0,0,0,0,0,0,0,0,0,0
WG_METRICS 18,256,768,1.9187,0.0088,0.0070,1.8550,0.0192,0.0286,256,768,196608,393216,105985.8594,211971.7188,0.0000,0,0.0000,0.0000,0,0.0000,0,0.0000,0.0000,0,0.0000,0.0000,0,0,0,0,0,0,0,0,0,0,0,0,0,0,0,0,0,0,0,0,0,0,0,0,0
WG_METRICS 19,256,768,1.9120,0.0088,0.0070,1.8474,0.0190,0.0298,256,768,196608,393216,106421.8594,212843.7188,0.0000,0,0.0000,0.0000,0,0.0000,0,0.0000,0.0000,0,0.0000,0.0000,0,0,0,0,0,0,0,0,0,0,0,0,0,0,0,0,0,0,0,0,0,0,0,0,0
WG_METRICS 20,256,768,1.9256,0.0089,0.0071,1.8602,0.0201,0.0294,256,768,196608,393216,105694.1328,211388.2656,0.0000,0,0.0000,0.0000,0,0.0000,0,0.0000,0.0000,0,0.0000,0.0000,0,0,0,0,0,0,0,0,0,0,0,0,0,0,0,0,0,0,0,0,0,0,0,0,0
WG_METRICS 21,256,768,1.9096,0.0088,0.0070,1.8468,0.0177,0.0294,256,768,196608,393216,106461.0469,212922.0938,0.0000,0,0.0000,0.0000,0,0.0000,0,0.0000,0.0000,0,0.0000,0.0000,0,0,0,0,0,0,0,0,0,0,0,0,0,0,0,0,0,0,0,0,0,0,0,0,0
WG_METRICS 22,256,768,1.9250,0.0086,0.0071,1.8674,0.0114,0.0306,256,768,196608,393216,105282.1016,210564.2031,0.0000,0,0.0000,0.0000,0,0.0000,0,0.0000,0.0000,0,0.0000,0.0000,0,0,0,0,0,0,0,0,0,0,0,0,0,0,0,0,0,0,0,0,0,0,0,0,0
WG_METRICS 23,256,768,1.9548,0.0088,0.0071,1.8831,0.0271,0.0287,256,768,196608,393216,104407.6719,208815.3438,0.0000,0,0.0000,0.0000,0,0.0000,0,0.0000,0.0000,0,0.0000,0.0000,0,0,0,0,0,0,0,0,0,0,0,0,0,0,0,0,0,0,0,0,0,0,0,0,0
WG_METRICS 24,256,768,1.9120,0.0088,0.0070,1.8480,0.0189,0.0292,256,768,196608,393216,106387.3047,212774.6094,0.0000,0,0.0000,0.0000,0,0.0000,0,0.0000,0.0000,0,0.0000,0.0000,0,0,0,0,0,0,0,0,0,0,0,0,0,0,0,0,0,0,0,0,0,0,0,0,0
WG_METRICS 25,256,768,1.9290,0.0088,0.0070,1.8657,0.0188,0.0287,256,768,196608,393216,105379.1562,210758.3125,0.0000,0,0.0000,0.0000,0,0.0000,0,0.0000,0.0000,0,0.0000,0.0000,0,0,0,0,0,0,0,0,0,0,0,0,0,0,0,0,0,0,0,0,0,0,0,0,0
WG_METRICS 26,256,768,1.9506,0.0087,0.0071,1.8792,0.0271,0.0286,256,768,196608,393216,104625.4688,209250.9375,0.0000,0,0.0000,0.0000,0,0.0000,0,0.0000,0.0000,0,0.0000,0.0000,0,0,0,0,0,0,0,0,0,0,0,0,0,0,0,0,0,0,0,0,0,0,0,0,0
WG_METRICS 27,256,768,1.9120,0.0087,0.0070,1.8485,0.0190,0.0287,256,768,196608,393216,106359.6797,212719.3594,0.0000,0,0.0000,0.0000,0,0.0000,0,0.0000,0.0000,0,0.0000,0.0000,0,0,0,0,0,0,0,0,0,0,0,0,0,0,0,0,0,0,0,0,0,0,0,0,0
WG_METRICS 28,256,768,1.9497,0.0088,0.0071,1.8851,0.0200,0.0288,256,768,196608,393216,104294.6875,208589.3750,0.0000,0,0.0000,0.0000,0,0.0000,0,0.0000,0.0000,0,0.0000,0.0000,0,0,0,0,0,0,0,0,0,0,0,0,0,0,0,0,0,0,0,0,0,0,0,0,0
WG_METRICS 29,256,768,1.9100,0.0088,0.0070,1.8453,0.0195,0.0294,256,768,196608,393216,106546.4297,213092.8594,0.0000,0,0.0000,0.0000,0,0.0000,0,0.0000,0.0000,0,0.0000,0.0000,0,0,0,0,0,0,0,0,0,0,0,0,0,0,0,0,0,0,0,0,0,0,0,0,0
WG_METRICS 30,256,768,1.9436,0.0088,0.0070,1.8728,0.0261,0.0289,256,768,196608,393216,104978.5312,209957.0625,0.0000,0,0.0000,0.0000,0,0.0000,0,0.0000,0.0000,0,0.0000,0.0000,0,0,0,0,0,0,0,0,0,0,0,0,0,0,0,0,0,0,0,0,0,0,0,0,0
WG_METRICS 31,256,768,1.9268,0.0088,0.0070,1.8617,0.0201,0.0292,256,768,196608,393216,105607.8359,211215.6719,0.0000,0,0.0000,0.0000,0,0.0000,0,0.0000,0.0000,0,0.0000,0.0000,0,0,0,0,0,0,0,0,0,0,0,0,0,0,0,0,0,0,0,0,0,0,0,0,0
WG_METRICS 32,256,768,2.0860,0.0088,0.0070,1.8950,0.1458,0.0293,256,768,196608,393216,103750.9219,207501.8438,0.0000,0,0.0000,0.0000,0,0.0000,0,0.0000,0.0000,0,0.0000,0.0000,0,0,0,0,0,0,0,0,0,0,0,0,0,0,0,0,0,0,0,0,0,0,0,0,0
WG_METRICS 33,256,768,1.9105,0.0087,0.0071,1.8374,0.0258,0.0316,256,768,196608,393216,107005.7031,214011.4062,0.0000,0,0.0000,0.0000,0,0.0000,0,0.0000,0.0000,0,0.0000,0.0000,0,0,0,0,0,0,0,0,0,0,0,0,0,0,0,0,0,0,0,0,0,0,0,0,0
WG_METRICS 34,256,768,1.9515,0.0087,0.0071,1.8865,0.0195,0.0297,256,768,196608,393216,104219.5000,208439.0000,0.0000,0,0.0000,0.0000,0,0.0000,0,0.0000,0.0000,0,0.0000,0.0000,0,0,0,0,0,0,0,0,0,0,0,0,0,0,0,0,0,0,0,0,0,0,0,0,0
WG_METRICS 35,256,768,1.9279,0.0088,0.0070,1.8644,0.0188,0.0289,256,768,196608,393216,105453.7656,210907.5312,0.0000,0,0.0000,0.0000,0,0.0000,0,0.0000,0.0000,0,0.0000,0.0000,0,0,0,0,0,0,0,0,0,0,0,0,0,0,0,0,0,0,0,0,0,0,0,0,0
WG_METRICS 36,256,768,1.9162,0.0088,0.0070,1.8526,0.0188,0.0289,256,768,196608,393216,106125.4453,212250.8906,0.0000,0,0.0000,0.0000,0,0.0000,0,0.0000,0.0000,0,0.0000,0.0000,0,0,0,0,0,0,0,0,0,0,0,0,0,0,0,0,0,0,0,0,0,0,0,0,0
WG_METRICS 37,256,768,1.9487,0.0088,0.0070,1.8832,0.0204,0.0292,256,768,196608,393216,104398.8047,208797.6094,0.0000,0,0.0000,0.0000,0,0.0000,0,0.0000,0.0000,0,0.0000,0.0000,0,0,0,0,0,0,0,0,0,0,0,0,0,0,0,0,0,0,0,0,0,0,0,0,0
WG_METRICS 38,256,768,1.9186,0.0087,0.0070,1.8533,0.0196,0.0299,256,768,196608,393216,106086.5078,212173.0156,0.0000,0,0.0000,0.0000,0,0.0000,0,0.0000,0.0000,0,0.0000,0.0000,0,0,0,0,0,0,0,0,0,0,0,0,0,0,0,0,0,0,0,0,0,0,0,0,0
WG_METRICS 39,256,768,1.9118,0.0088,0.0071,1.8409,0.0263,0.0288,256,768,196608,393216,106801.0938,213602.1875,0.0000,0,0.0000,0.0000,0,0.0000,0,0.0000,0.0000,0,0.0000,0.0000,0,0,0,0,0,0,0,0,0,0,0,0,0,0,0,0,0,0,0,0,0,0,0,0,0
WG_METRICS 40,256,768,1.9303,0.0088,0.0070,1.8665,0.0188,0.0292,256,768,196608,393216,105336.2500,210672.5000,0.0000,0,0.0000,0.0000,0,0.0000,0,0.0000,0.0000,0,0.0000,0.0000,0,0,0,0,0,0,0,0,0,0,0,0,0,0,0,0,0,0,0,0,0,0,0,0,0
WG_METRICS 41,256,768,1.8989,0.0089,0.0070,1.8336,0.0199,0.0295,256,768,196608,393216,107225.1250,214450.2500,0.0000,0,0.0000,0.0000,0,0.0000,0,0.0000,0.0000,0,0.0000,0.0000,0,0,0,0,0,0,0,0,0,0,0,0,0,0,0,0,0,0,0,0,0,0,0,0,0
WG_METRICS 42,256,768,1.9460,0.0088,0.0070,1.8820,0.0191,0.0291,256,768,196608,393216,104469.8047,208939.6094,0.0000,0,0.0000,0.0000,0,0.0000,0,0.0000,0.0000,0,0.0000,0.0000,0,0,0,0,0,0,0,0,0,0,0,0,0,0,0,0,0,0,0,0,0,0,0,0,0
WG_METRICS 43,256,768,1.9398,0.0088,0.0070,1.8766,0.0189,0.0284,256,768,196608,393216,104765.9688,209531.9375,0.0000,0,0.0000,0.0000,0,0.0000,0,0.0000,0.0000,0,0.0000,0.0000,0,0,0,0,0,0,0,0,0,0,0,0,0,0,0,0,0,0,0,0,0,0,0,0,0
WG_METRICS 44,256,768,1.8979,0.0088,0.0070,1.8360,0.0175,0.0286,256,768,196608,393216,107084.9688,214169.9375,0.0000,0,0.0000,0.0000,0,0.0000,0,0.0000,0.0000,0,0.0000,0.0000,0,0,0,0,0,0,0,0,0,0,0,0,0,0,0,0,0,0,0,0,0,0,0,0,0
WG_METRICS 45,256,768,1.9168,0.0088,0.0070,1.8456,0.0256,0.0298,256,768,196608,393216,106525.6562,213051.3125,0.0000,0,0.0000,0.0000,0,0.0000,0,0.0000,0.0000,0,0.0000,0.0000,0,0,0,0,0,0,0,0,0,0,0,0,0,0,0,0,0,0,0,0,0,0,0,0,0
WG_METRICS 46,256,768,1.9517,0.0087,0.0071,1.8915,0.0158,0.0287,256,768,196608,393216,103944.0000,207888.0000,0.0000,0,0.0000,0.0000,0,0.0000,0,0.0000,0.0000,0,0.0000,0.0000,0,0,0,0,0,0,0,0,0,0,0,0,0,0,0,0,0,0,0,0,0,0,0,0,0
WG_METRICS 47,256,768,1.9000,0.0087,0.0070,1.8348,0.0193,0.0301,256,768,196608,393216,107152.6641,214305.3281,0.0000,0,0.0000,0.0000,0,0.0000,0,0.0000,0.0000,0,0.0000,0.0000,0,0,0,0,0,0,0,0,0,0,0,0,0,0,0,0,0,0,0,0,0,0,0,0,0
WG_METRICS 48,256,768,1.9237,0.0087,0.0070,1.8531,0.0258,0.0290,256,768,196608,393216,106095.6641,212191.3281,0.0000,0,0.0000,0.0000,0,0.0000,0,0.0000,0.0000,0,0.0000,0.0000,0,0,0,0,0,0,0,0,0,0,0,0,0,0,0,0,0,0,0,0,0,0,0,0,0
WG_METRICS 49,256,768,1.8992,0.0087,0.0071,1.8423,0.0122,0.0289,256,768,196608,393216,106717.6172,213435.2344,0.0000,0,0.0000,0.0000,0,0.0000,0,0.0000,0.0000,0,0.0000,0.0000,0,0,0,0,0,0,0,0,0,0,0,0,0,0,0,0,0,0,0,0,0,0,0,0,0
WG_METRICS 50,256,768,1.8992,0.0092,0.0077,1.8315,0.0158,0.0350,256,768,196608,393216,107349.2422,214698.4844,0.0000,0,0.0000,0.0000,0,0.0000,0,0.0000,0.0000,0,0.0000,0.0000,0,0,0,0,0,0,0,0,0,0,0,0,0,0,0,0,0,0,0,0,0,0,0,0,0
WG_METRICS 51,256,768,1.8973,0.0092,0.0076,1.8262,0.0192,0.0351,256,768,196608,393216,107659.6172,215319.2344,0.0000,0,0.0000,0.0000,0,0.0000,0,0.0000,0.0000,0,0.0000,0.0000,0,0,0,0,0,0,0,0,0,0,0,0,0,0,0,0,0,0,0,0,0,0,0,0,0
WG_METRICS 52,256,768,1.9239,0.0092,0.0076,1.8454,0.0264,0.0353,256,768,196608,393216,106541.8125,213083.6250,0.0000,0,0.0000,0.0000,0,0.0000,0,0.0000,0.0000,0,0.0000,0.0000,0,0,0,0,0,0,0,0,0,0,0,0,0,0,0,0,0,0,0,0,0,0,0,0,0
WG_METRICS 53,256,768,1.9240,0.0093,0.0076,1.8606,0.0108,0.0358,256,768,196608,393216,105669.1406,211338.2812,0.0000,0,0.0000,0.0000,0,0.0000,0,0.0000,0.0000,0,0.0000,0.0000,0,0,0,0,0,0,0,0,0,0,0,0,0,0,0,0,0,0,0,0,0,0,0,0,0
WG_METRICS 54,256,768,1.9151,0.0094,0.0076,1.8478,0.0160,0.0343,256,768,196608,393216,106398.8281,212797.6562,0.0000,0,0.0000,0.0000,0,0.0000,0,0.0000,0.0000,0,0.0000,0.0000,0,0,0,0,0,0,0,0,0,0,0,0,0,0,0,0,0,0,0,0,0,0,0,0,0
WG_METRICS 55,256,768,1.9129,0.0093,0.0076,1.8483,0.0110,0.0367,256,768,196608,393216,106371.1875,212742.3750,0.0000,0,0.0000,0.0000,0,0.0000,0,0.0000,0.0000,0,0.0000,0.0000,0,0,0,0,0,0,0,0,0,0,0,0,0,0,0,0,0,0,0,0,0,0,0,0,0
WG_METRICS 56,256,768,1.9368,0.0093,0.0076,1.8640,0.0193,0.0366,256,768,196608,393216,105478.6562,210957.3125,0.0000,0,0.0000,0.0000,0,0.0000,0,0.0000,0.0000,0,0.0000,0.0000,0,0,0,0,0,0,0,0,0,0,0,0,0,0,0,0,0,0,0,0,0,0,0,0,0
WG_METRICS 57,256,768,1.9623,0.0093,0.0076,1.8907,0.0151,0.0396,256,768,196608,393216,103985.7812,207971.5625,0.0000,0,0.0000,0.0000,0,0.0000,0,0.0000,0.0000,0,0.0000,0.0000,0,0,0,0,0,0,0,0,0,0,0,0,0,0,0,0,0,0,0,0,0,0,0,0,0
WG_METRICS 58,256,768,1.9508,0.0092,0.0077,1.8675,0.0280,0.0385,256,768,196608,393216,105279.8438,210559.6875,0.0000,0,0.0000,0.0000,0,0.0000,0,0.0000,0.0000,0,0.0000,0.0000,0,0,0,0,0,0,0,0,0,0,0,0,0,0,0,0,0,0,0,0,0,0,0,0,0
WG_METRICS 59,256,768,1.9523,0.0092,0.0076,1.8819,0.0182,0.0354,256,768,196608,393216,104472.0312,208944.0625,0.0000,0,0.0000,0.0000,0,0.0000,0,0.0000,0.0000,0,0.0000,0.0000,0,0,0,0,0,0,0,0,0,0,0,0,0,0,0,0,0,0,0,0,0,0,0,0,0
WG_METRICS 60,256,768,1.9343,0.0093,0.0076,1.8612,0.0197,0.0365,256,768,196608,393216,105637.3438,211274.6875,0.0000,0,0.0000,0.0000,0,0.0000,0,0.0000,0.0000,0,0.0000,0.0000,0,0,0,0,0,0,0,0,0,0,0,0,0,0,0,0,0,0,0,0,0,0,0,0,0
WG_METRICS 61,256,768,1.9247,0.0094,0.0076,1.8514,0.0192,0.0370,256,768,196608,393216,106191.9375,212383.8750,0.0000,0,0.0000,0.0000,0,0.0000,0,0.0000,0.0000,0,0.0000,0.0000,0,0,0,0,0,0,0,0,0,0,0,0,0,0,0,0,0,0,0,0,0,0,0,0,0
WG_METRICS 62,256,768,1.9190,0.0092,0.0076,1.8479,0.0183,0.0359,256,768,196608,393216,106394.2188,212788.4375,0.0000,0,0.0000,0.0000,0,0.0000,0,0.0000,0.0000,0,0.0000,0.0000,0,0,0,0,0,0,0,0,0,0,0,0,0,0,0,0,0,0,0,0,0,0,0,0,0
WG_METRICS 63,256,768,1.8973,0.0092,0.0076,1.8348,0.0095,0.0361,256,768,196608,393216,107152.6641,214305.3281,0.0000,0,0.0000,0.0000,0,0.0000,0,0.0000,0.0000,0,0.0000,0.0000,0,0,0,0,0,0,0,0,0,0,0,0,0,0,0,0,0,0,0,0,0,0,0,0,0
WG_METRICS 64,256,768,1.9054,0.0094,0.0076,1.8412,0.0122,0.0350,256,768,196608,393216,106780.2109,213560.4219,0.0000,0,0.0000,0.0000,0,0.0000,0,0.0000,0.0000,0,0.0000,0.0000,0,0,0,0,0,0,0,0,0,0,0,0,0,0,0,0,0,0,0,0,0,0,0,0,0
WG_METRICS 65,256,768,1.9242,0.0093,0.0076,1.8517,0.0186,0.0370,256,768,196608,393216,106175.8828,212351.7656,0.0000,0,0.0000,0.0000,0,0.0000,0,0.0000,0.0000,0,0.0000,0.0000,0,0,0,0,0,0,0,0,0,0,0,0,0,0,0,0,0,0,0,0,0,0,0,0,0
WG_METRICS 66,256,768,1.9519,0.0093,0.0076,1.8871,0.0127,0.0351,256,768,196608,393216,104184.1562,208368.3125,0.0000,0,0.0000,0.0000,0,0.0000,0,0.0000,0.0000,0,0.0000,0.0000,0,0,0,0,0,0,0,0,0,0,0,0,0,0,0,0,0,0,0,0,0,0,0,0,0
WG_METRICS 67,256,768,1.9311,0.0094,0.0076,1.8564,0.0202,0.0376,256,768,196608,393216,105905.9297,211811.8594,0.0000,0,0.0000,0.0000,0,0.0000,0,0.0000,0.0000,0,0.0000,0.0000,0,0,0,0,0,0,0,0,0,0,0,0,0,0,0,0,0,0,0,0,0,0,0,0,0
WG_METRICS 68,256,768,1.9150,0.0092,0.0076,1.8434,0.0194,0.0353,256,768,196608,393216,106655.0938,213310.1875,0.0000,0,0.0000,0.0000,0,0.0000,0,0.0000,0.0000,0,0.0000,0.0000,0,0,0,0,0,0,0,0,0,0,0,0,0,0,0,0,0,0,0,0,0,0,0,0,0
WG_METRICS 69,256,768,1.9107,0.0093,0.0076,1.8385,0.0192,0.0361,256,768,196608,393216,106938.1875,213876.3750,0.0000,0,0.0000,0.0000,0,0.0000,0,0.0000,0.0000,0,0.0000,0.0000,0,0,0,0,0,0,0,0,0,0,0,0,0,0,0,0,0,0,0,0,0,0,0,0,0
WG_METRICS 70,256,768,1.9173,0.0092,0.0076,1.8499,0.0142,0.0364,256,768,196608,393216,106281.4922,212562.9844,0.0000,0,0.0000,0.0000,0,0.0000,0,0.0000,0.0000,0,0.0000,0.0000,0,0,0,0,0,0,0,0,0,0,0,0,0,0,0,0,0,0,0,0,0,0,0,0,0
WG_METRICS 71,256,768,1.9282,0.0092,0.0076,1.8639,0.0111,0.0364,256,768,196608,393216,105480.9219,210961.8438,0.0000,0,0.0000,0.0000,0,0.0000,0,0.0000,0.0000,0,0.0000,0.0000,0,0,0,0,0,0,0,0,0,0,0,0,0,0,0,0,0,0,0,0,0,0,0,0,0
WG_METRICS 72,256,768,1.9379,0.0093,0.0076,1.8686,0.0159,0.0364,256,768,196608,393216,105216.7422,210433.4844,0.0000,0,0.0000,0.0000,0,0.0000,0,0.0000,0.0000,0,0.0000,0.0000,0,0,0,0,0,0,0,0,0,0,0,0,0,0,0,0,0,0,0,0,0,0,0,0,0
WG_METRICS 73,256,768,1.9579,0.0092,0.0076,1.8768,0.0269,0.0374,256,768,196608,393216,104759.2656,209518.5312,0.0000,0,0.0000,0.0000,0,0.0000,0,0.0000,0.0000,0,0.0000,0.0000,0,0,0,0,0,0,0,0,0,0,0,0,0,0,0,0,0,0,0,0,0,0,0,0,0
WG_METRICS 74,256,768,1.9060,0.0093,0.0076,1.8336,0.0194,0.0362,256,768,196608,393216,107227.4688,214454.9375,0.0000,0,0.0000,0.0000,0,0.0000,0,0.0000,0.0000,0,0.0000,0.0000,0,0,0,0,0,0,0,0,0,0,0,0,0,0,0,0,0,0,0,0,0,0,0,0,0
WG_METRICS 75,256,768,1.9575,0.0092,0.0076,1.8701,0.0289,0.0416,256,768,196608,393216,105131.2188,210262.4375,0.0000,0,0.0000,0.0000,0,0.0000,0,0.0000,0.0000,0,0.0000,0.0000,0,0,0,0,0,0,0,0,0,0,0,0,0,0,0,0,0,0,0,0,0,0,0,0,0
WG_METRICS 76,256,768,1.9390,0.0093,0.0076,1.8694,0.0183,0.0344,256,768,196608,393216,105171.7109,210343.4219,0.0000,0,0.0000,0.0000,0,0.0000,0,0.0000,0.0000,0,0.0000,0.0000,0,0,0,0,0,0,0,0,0,0,0,0,0,0,0,0,0,0,0,0,0,0,0,0,0
WG_METRICS 77,256,768,1.9038,0.0092,0.0076,1.8406,0.0115,0.0348,256,768,196608,393216,106815.0234,213630.0469,0.0000,0,0.0000,0.0000,0,0.0000,0,0.0000,0.0000,0,0.0000,0.0000,0,0,0,0,0,0,0,0,0,0,0,0,0,0,0,0,0,0,0,0,0,0,0,0,0
WG_METRICS 78,256,768,1.9209,0.0094,0.0076,1.8580,0.0109,0.0351,256,768,196608,393216,105817.0078,211634.0156,0.0000,0,0.0000,0.0000,0,0.0000,0,0.0000,0.0000,0,0.0000,0.0000,0,0,0,0,0,0,0,0,0,0,0,0,0,0,0,0,0,0,0,0,0,0,0,0,0
WG_METRICS 79,256,768,1.9489,0.0093,0.0076,1.8775,0.0193,0.0352,256,768,196608,393216,104719.0938,209438.1875,0.0000,0,0.0000,0.0000,0,0.0000,0,0.0000,0.0000,0,0.0000,0.0000,0,0,0,0,0,0,0,0,0,0,0,0,0,0,0,0,0,0,0,0,0,0,0,0,0
WG_METRICS 80,256,768,1.9468,0.0092,0.0076,1.8676,0.0265,0.0360,256,768,196608,393216,105275.3281,210550.6562,0.0000,0,0.0000,0.0000,0,0.0000,0,0.0000,0.0000,0,0.0000,0.0000,0,0,0,0,0,0,0,0,0,0,0,0,0,0,0,0,0,0,0,0,0,0,0,0,0
WG_METRICS 81,256,768,1.9574,0.0093,0.0076,1.8884,0.0160,0.0362,256,768,196608,393216,104113.5391,208227.0781,0.0000,0,0.0000,0.0000,0,0.0000,0,0.0000,0.0000,0,0.0000,0.0000,0,0,0,0,0,0,0,0,0,0,0,0,0,0,0,0,0,0,0,0,0,0,0,0,0
WG_METRICS 82,256,768,1.9297,0.0092,0.0077,1.8580,0.0194,0.0354,256,768,196608,393216,105819.2891,211638.5781,0.0000,0,0.0000,0.0000,0,0.0000,0,0.0000,0.0000,0,0.0000,0.0000,0,0,0,0,0,0,0,0,0,0,0,0,0,0,0,0,0,0,0,0,0,0,0,0,0
WG_METRICS 83,256,768,1.9432,0.0092,0.0076,1.8699,0.0194,0.0370,256,768,196608,393216,105142.4688,210284.9375,0.0000,0,0.0000,0.0000,0,0.0000,0,0.0000,0.0000,0,0.0000,0.0000,0,0,0,0,0,0,0,0,0,0,0,0,0,0,0,0,0,0,0,0,0,0,0,0,0
WG_METRICS 84,256,768,1.9440,0.0092,0.0076,1.8646,0.0268,0.0356,256,768,196608,393216,105442.4609,210884.9219,0.0000,0,0.0000,0.0000,0,0.0000,0,0.0000,0.0000,0,0.0000,0.0000,0,0,0,0,0,0,0,0,0,0,0,0,0,0,0,0,0,0,0,0,0,0,0,0,0
WG_METRICS 85,256,768,1.9361,0.0093,0.0076,1.8626,0.0203,0.0363,256,768,196608,393216,105555.6797,211111.3594,0.0000,0,0.0000,0.0000,0,0.0000,0,0.0000,0.0000,0,0.0000,0.0000,0,0,0,0,0,0,0,0,0,0,0,0,0,0,0,0,0,0,0,0,0,0,0,0,0
WG_METRICS 86,256,768,1.9505,0.0093,0.0076,1.8818,0.0150,0.0368,256,768,196608,393216,104476.4688,208952.9375,0.0000,0,0.0000,0.0000,0,0.0000,0,0.0000,0.0000,0,0.0000,0.0000,0,0,0,0,0,0,0,0,0,0,0,0,0,0,0,0,0,0,0,0,0,0,0,0,0
WG_METRICS 87,256,768,1.9376,0.0093,0.0076,1.8655,0.0192,0.0360,256,768,196608,393216,105392.7188,210785.4375,0.0000,0,0.0000,0.0000,0,0.0000,0,0.0000,0.0000,0,0.0000,0.0000,0,0,0,0,0,0,0,0,0,0,0,0,0,0,0,0,0,0,0,0,0,0,0,0,0
WG_METRICS 88,256,768,1.9277,0.0094,0.0076,1.8570,0.0196,0.0341,256,768,196608,393216,105871.7109,211743.4219,0.0000,0,0.0000,0.0000,0,0.0000,0,0.0000,0.0000,0,0.0000,0.0000,0,0,0,0,0,0,0,0,0,0,0,0,0,0,0,0,0,0,0,0,0,0,0,0,0
WG_METRICS 89,256,768,1.9551,0.0093,0.0076,1.8833,0.0192,0.0358,256,768,196608,393216,104396.5859,208793.1719,0.0000,0,0.0000,0.0000,0,0.0000,0,0.0000,0.0000,0,0.0000,0.0000,0,0,0,0,0,0,0,0,0,0,0,0,0,0,0,0,0,0,0,0,0,0,0,0,0
WG_METRICS 90,256,768,2.0050,0.0092,0.0076,1.9231,0.0268,0.0383,256,768,196608,393216,102236.0000,204472.0000,0.0000,0,0.0000,0.0000,0,0.0000,0,0.0000,0.0000,0,0.0000,0.0000,0,0,0,0,0,0,0,0,0,0,0,0,0,0,0,0,0,0,0,0,0,0,0,0,0
WG_METRICS 91,256,768,1.9229,0.0093,0.0076,1.8542,0.0160,0.0358,256,768,196608,393216,106031.5859,212063.1719,0.0000,0,0.0000,0.0000,0,0.0000,0,0.0000,0.0000,0,0.0000,0.0000,0,0,0,0,0,0,0,0,0,0,0,0,0,0,0,0,0,0,0,0,0,0,0,0,0
WG_METRICS 92,256,768,1.9337,0.0093,0.0076,1.8618,0.0188,0.0362,256,768,196608,393216,105598.7656,211197.5312,0.0000,0,0.0000,0.0000,0,0.0000,0,0.0000,0.0000,0,0.0000,0.0000,0,0,0,0,0,0,0,0,0,0,0,0,0,0,0,0,0,0,0,0,0,0,0,0,0
WG_METRICS 93,256,768,1.9543,0.0092,0.0076,1.8820,0.0194,0.0360,256,768,196608,393216,104465.3672,208930.7344,0.0000,0,0.0000,0.0000,0,0.0000,0,0.0000,0.0000,0,0.0000,0.0000,0,0,0,0,0,0,0,0,0,0,0,0,0,0,0,0,0,0,0,0,0,0,0,0,0
WG_METRICS 94,256,768,1.9405,0.0092,0.0076,1.8591,0.0283,0.0363,256,768,196608,393216,105753.2578,211506.5156,0.0000,0,0.0000,0.0000,0,0.0000,0,0.0000,0.0000,0,0.0000,0.0000,0,0,0,0,0,0,0,0,0,0,0,0,0,0,0,0,0,0,0,0,0,0,0,0,0
WG_METRICS 95,256,768,1.9458,0.0093,0.0077,1.8733,0.0203,0.0352,256,768,196608,393216,104953.8750,209907.7500,0.0000,0,0.0000,0.0000,0,0.0000,0,0.0000,0.0000,0,0.0000,0.0000,0,0,0,0,0,0,0,0,0,0,0,0,0,0,0,0,0,0,0,0,0,0,0,0,0
WG_METRICS 96,256,768,1.9285,0.0094,0.0076,1.8568,0.0194,0.0353,256,768,196608,393216,105883.1094,211766.2188,0.0000,0,0.0000,0.0000,0,0.0000,0,0.0000,0.0000,0,0.0000,0.0000,0,0,0,0,0,0,0,0,0,0,0,0,0,0,0,0,0,0,0,0,0,0,0,0,0
WG_METRICS 97,256,768,1.9444,0.0092,0.0076,1.8733,0.0194,0.0348,256,768,196608,393216,104951.6406,209903.2812,0.0000,0,0.0000,0.0000,0,0.0000,0,0.0000,0.0000,0,0.0000,0.0000,0,0,0,0,0,0,0,0,0,0,0,0,0,0,0,0,0,0,0,0,0,0,0,0,0
WG_METRICS 98,256,768,1.9042,0.0092,0.0076,1.8399,0.0109,0.0366,256,768,196608,393216,106859.1406,213718.2812,0.0000,0,0.0000,0.0000,0,0.0000,0,0.0000,0.0000,0,0.0000,0.0000,0,0,0,0,0,0,0,0,0,0,0,0,0,0,0,0,0,0,0,0,0,0,0,0,0
WG_METRICS 99,256,768,1.9468,0.0092,0.0076,1.8660,0.0270,0.0370,256,768,196608,393216,105363.3438,210726.6875,0.0000,0,0.0000,0.0000,0,0.0000,0,0.0000,0.0000,0,0.0000,0.0000,0,0,0,0,0,0,0,0,0,0,0,0,0,0,0,0,0,0,0,0,0,0,0,0,0
WG_METRICS 100,256,768,1.9455,0.0093,0.0076,1.8724,0.0202,0.0360,256,768,196608,393216,105000.9609,210001.9219,0.0000,0,0.0000,0.0000,0,0.0000,0,0.0000,0.0000,0,0.0000,0.0000,0,0,0,0,0,0,0,0,0,0,0,0,0,0,0,0,0,0,0,0,0,0,0,0,0
WG_METRICS 101,256,768,1.9128,0.0092,0.0076,1.8412,0.0190,0.0358,256,768,196608,393216,106780.2109,213560.4219,0.0000,0,0.0000,0.0000,0,0.0000,0,0.0000,0.0000,0,0.0000,0.0000,0,0,0,0,0,0,0,0,0,0,0,0,0,0,0,0,0,0,0,0,0,0,0,0,0
WG_METRICS 102,256,768,1.9087,0.0093,0.0076,1.8371,0.0192,0.0355,256,768,196608,393216,107019.6797,214039.3594,0.0000,0,0.0000,0.0000,0,0.0000,0,0.0000,0.0000,0,0.0000,0.0000,0,0,0,0,0,0,0,0,0,0,0,0,0,0,0,0,0,0,0,0,0,0,0,0,0
WG_METRICS 103,256,768,2.4387,0.0094,0.0076,1.8903,0.4931,0.0383,256,768,196608,393216,104007.7891,208015.5781,0.0000,0,0.0000,0.0000,0,0.0000,0,0.0000,0.0000,0,0.0000,0.0000,0,0,0,0,0,0,0,0,0,0,0,0,0,0,0,0,0,0,0,0,0,0,0,0,0
WG_METRICS 104,256,768,1.9269,0.0093,0.0076,1.8542,0.0198,0.0360,256,768,196608,393216,106033.8672,212067.7344,0.0000,0,0.0000,0.0000,0,0.0000,0,0.0000,0.0000,0,0.0000,0.0000,0,0,0,0,0,0,0,0,0,0,0,0,0,0,0,0,0,0,0,0,0,0,0,0,0
WG_METRICS 105,256,768,1.9465,0.0092,0.0076,1.8747,0.0194,0.0355,256,768,196608,393216,104873.2656,209746.5312,0.0000,0,0.0000,0.0000,0,0.0000,0,0.0000,0.0000,0,0.0000,0.0000,0,0,0,0,0,0,0,0,0,0,0,0,0,0,0,0,0,0,0,0,0,0,0,0,0
WG_METRICS 106,256,768,1.9389,0.0093,0.0076,1.8659,0.0192,0.0370,256,768,196608,393216,105370.1172,210740.2344,0.0000,0,0.0000,0.0000,0,0.0000,0,0.0000,0.0000,0,0.0000,0.0000,0,0,0,0,0,0,0,0,0,0,0,0,0,0,0,0,0,0,0,0,0,0,0,0,0
WG_METRICS 107,256,768,1.9432,0.0093,0.0076,1.8712,0.0195,0.0356,256,768,196608,393216,105072.7891,210145.5781,0.0000,0,0.0000,0.0000,0,0.0000,0,0.0000,0.0000,0,0.0000,0.0000,0,0,0,0,0,0,0,0,0,0,0,0,0,0,0,0,0,0,0,0,0,0,0,0,0
WG_METRICS 108,256,768,1.9576,0.0092,0.0076,1.8853,0.0186,0.0368,256,768,196608,393216,104283.6250,208567.2500,0.0000,0,0.0000,0.0000,0,0.0000,0,0.0000,0.0000,0,0.0000,0.0000,0,0,0,0,0,0,0,0,0,0,0,0,0,0,0,0,0,0,0,0,0,0,0,0,0
WG_METRICS 109,256,768,1.9246,0.0093,0.0076,1.8612,0.0111,0.0354,256,768,196608,393216,105632.8047,211265.6094,0.0000,0,0.0000,0.0000,0,0.0000,0,0.0000,0.0000,0,0.0000,0.0000,0,0,0,0,0,0,0,0,0,0,0,0,0,0,0,0,0,0,0,0,0,0,0,0,0
WG_METRICS 110,256,768,1.9780,0.0092,0.0076,1.9044,0.0207,0.0361,256,768,196608,393216,103238.8125,206477.6250,0.0000,0,0.0000,0.0000,0,0.0000,0,0.0000,0.0000,0,0.0000,0.0000,0,0,0,0,0,0,0,0,0,0,0,0,0,0,0,0,0,0,0,0,0,0,0,0,0
WG_METRICS 111,256,768,1.9161,0.0092,0.0076,1.8548,0.0098,0.0348,256,768,196608,393216,106001.8516,212003.7031,0.0000,0,0.0000,0.0000,0,0.0000,0,0.0000,0.0000,0,0.0000,0.0000,0,0,0,0,0,0,0,0,0,0,0,0,0,0,0,0,0,0,0,0,0,0,0,0,0
WG_METRICS 112,256,768,1.9276,0.0093,0.0076,1.8547,0.0193,0.0368,256,768,196608,393216,106004.1406,212008.2812,0.0000,0,0.0000,0.0000,0,0.0000,0,0.0000,0.0000,0,0.0000,0.0000,0,0,0,0,0,0,0,0,0,0,0,0,0,0,0,0,0,0,0,0,0,0,0,0,0
WG_METRICS 113,256,768,2.0197,0.0092,0.0076,1.9369,0.0269,0.0390,256,768,196608,393216,101505.4844,203010.9688,0.0000,0,0.0000,0.0000,0,0.0000,0,0.0000,0.0000,0,0.0000,0.0000,0,0,0,0,0,0,0,0,0,0,0,0,0,0,0,0,0,0,0,0,0,0,0,0,0
WG_METRICS 114,256,768,1.9558,0.0093,0.0076,1.8713,0.0281,0.0394,256,768,196608,393216,105063.8047,210127.6094,0.0000,0,0.0000,0.0000,0,0.0000,0,0.0000,0.0000,0,0.0000,0.0000,0,0,0,0,0,0,0,0,0,0,0,0,0,0,0,0,0,0,0,0,0,0,0,0,0
WG_METRICS 115,256,768,1.9443,0.0094,0.0076,1.8724,0.0192,0.0357,256,768,196608,393216,105003.2031,210006.4062,0.0000,0,0.0000,0.0000,0,0.0000,0,0.0000,0.0000,0,0.0000,0.0000,0,0,0,0,0,0,0,0,0,0,0,0,0,0,0,0,0,0,0,0,0,0,0,0,0
WG_METRICS 116,256,768,1.9238,0.0092,0.0076,1.8516,0.0198,0.0356,256,768,196608,393216,106182.7578,212365.5156,0.0000,0,0.0000,0.0000,0,0.0000,0,0.0000,0.0000,0,0.0000,0.0000,0,0,0,0,0,0,0,0,0,0,0,0,0,0,0,0,0,0,0,0,0,0,0,0,0
WG_METRICS 117,256,768,1.9161,0.0092,0.0077,1.8448,0.0193,0.0351,256,768,196608,393216,106571.8438,213143.6875,0.0000,0,0.0000,0.0000,0,0.0000,0,0.0000,0.0000,0,0.0000,0.0000,0,0,0,0,0,0,0,0,0,0,0,0,0,0,0,0,0,0,0,0,0,0,0,0,0
WG_METRICS 118,256,768,1.9471,0.0093,0.0076,1.8843,0.0093,0.0366,256,768,196608,393216,104341.1797,208682.3594,0.0000,0,0.0000,0.0000,0,0.0000,0,0.0000,0.0000,0,0.0000,0.0000,0,0,0,0,0,0,0,0,0,0,0,0,0,0,0,0,0,0,0,0,0,0,0,0,0
WG_METRICS 119,256,768,1.9342,0.0092,0.0076,1.8694,0.0114,0.0366,256,768,196608,393216,105169.4609,210338.9219,0.0000,0,0.0000,0.0000,0,0.0000,0,0.0000,0.0000,0,0.0000,0.0000,0,0,0,0,0,0,0,0,0,0,0,0,0,0,0,0,0,0,0,0,0,0,0,0,0
WG_METRICS 120,256,768,1.9356,0.0093,0.0076,1.8674,0.0160,0.0354,256,768,196608,393216,105284.3516,210568.7031,0.0000,0,0.0000,0.0000,0,0.0000,0,0.0000,0.0000,0,0.0000,0.0000,0,0,0,0,0,0,0,0,0,0,0,0,0,0,0,0,0,0,0,0,0,0,0,0,0
WG_METRICS 121,256,768,1.9290,0.0092,0.0076,1.8580,0.0192,0.0350,256,768,196608,393216,105817.0078,211634.0156,0.0000,0,0.0000,0.0000,0,0.0000,0,0.0000,0.0000,0,0.0000,0.0000,0,0,0,0,0,0,0,0,0,0,0,0,0,0,0,0,0,0,0,0,0,0,0,0,0
WG_METRICS 122,256,768,1.9274,0.0093,0.0076,1.8533,0.0180,0.0392,256,768,196608,393216,106086.5078,212173.0156,0.0000,0,0.0000,0.0000,0,0.0000,0,0.0000,0.0000,0,0.0000,0.0000,0,0,0,0,0,0,0,0,0,0,0,0,0,0,0,0,0,0,0,0,0,0,0,0,0
WG_METRICS 123,256,768,1.9254,0.0088,0.0070,1.8690,0.0119,0.0286,256,768,196608,393216,105194.2266,210388.4531,0.0000,0,0.0000,0.0000,0,0.0000,0,0.0000,0.0000,0,0.0000,0.0000,0,0,0,0,0,0,0,0,0,0,0,0,0,0,0,0,0,0,0,0,0,0,0,0,0
WG_METRICS 124,256,768,1.9517,0.0088,0.0070,1.8878,0.0189,0.0292,256,768,196608,393216,104146.6250,208293.2500,0.0000,0,0.0000,0.0000,0,0.0000,0,0.0000,0.0000,0,0.0000,0.0000,0,0,0,0,0,0,0,0,0,0,0,0,0,0,0,0,0,0,0,0,0,0,0,0,0
WG_METRICS 125,256,768,1.9186,0.0088,0.0070,1.8550,0.0188,0.0288,256,768,196608,393216,105985.8594,211971.7188,0.0000,0,0.0000,0.0000,0,0.0000,0,0.0000,0.0000,0,0.0000,0.0000,0,0,0,0,0,0,0,0,0,0,0,0,0,0,0,0,0,0,0,0,0,0,0,0,0
WG_METRICS 126,256,768,1.9399,0.0088,0.0070,1.8782,0.0173,0.0286,256,768,196608,393216,104681.1797,209362.3594,0.0000,0,0.0000,0.0000,0,0.0000,0,0.0000,0.0000,0,0.0000,0.0000,0,0,0,0,0,0,0,0,0,0,0,0,0,0,0,0,0,0,0,0,0,0,0,0,0
WG_METRICS 127,256,768,1.9348,0.0086,0.0071,1.8632,0.0262,0.0296,256,768,196608,393216,105519.4141,211038.8281,0.0000,0,0.0000,0.0000,0,0.0000,0,0.0000,0.0000,0,0.0000,0.0000,0,0,0,0,0,0,0,0,0,0,0,0,0,0,0,0,0,0,0,0,0,0,0,0,0
WG_METRICS 128,256,768,1.9130,0.0086,0.0070,1.8488,0.0198,0.0288,256,768,196608,393216,106345.8750,212691.7500,0.0000,0,0.0000,0.0000,0,0.0000,0,0.0000,0.0000,0,0.0000,0.0000,0,0,0,0,0,0,0,0,0,0,0,0,0,0,0,0,0,0,0,0,0,0,0,0,0
WG_METRICS 129,256,768,1.9233,0.0087,0.0070,1.8612,0.0178,0.0286,256,768,196608,393216,105632.8047,211265.6094,0.0000,0,0.0000,0.0000,0,0.0000,0,0.0000,0.0000,0,0.0000,0.0000,0,0,0,0,0,0,0,0,0,0,0,0,0,0,0,0,0,0,0,0,0,0,0,0,0
WG_METRICS 130,256,768,1.9286,0.0087,0.0071,1.8653,0.0188,0.0286,256,768,196608,393216,105404.0156,210808.0312,0.0000,0,0.0000,0.0000,0,0.0000,0,0.0000,0.0000,0,0.0000,0.0000,0,0,0,0,0,0,0,0,0,0,0,0,0,0,0,0,0,0,0,0,0,0,0,0,0
WG_METRICS 131,256,768,2.0656,0.0088,0.0070,1.8729,0.1464,0.0304,256,768,196608,393216,104974.0469,209948.0938,0.0000,0,0.0000,0.0000,0,0.0000,0,0.0000,0.0000,0,0.0000,0.0000,0,0,0,0,0,0,0,0,0,0,0,0,0,0,0,0,0,0,0,0,0,0,0,0,0
WG_METRICS 132,256,768,1.9068,0.0087,0.0070,1.8540,0.0088,0.0282,256,768,196608,393216,106047.5938,212095.1875,0.0000,0,0.0000,0.0000,0,0.0000,0,0.0000,0.0000,0,0.0000,0.0000,0,0,0,0,0,0,0,0,0,0,0,0,0,0,0,0,0,0,0,0,0,0,0,0,0
WG_METRICS 133,256,768,1.8998,0.0087,0.0071,1.8356,0.0189,0.0295,256,768,196608,393216,107105.9688,214211.9375,0.0000,0,0.0000,0.0000,0,0.0000,0,0.0000,0.0000,0,0.0000,0.0000,0,0,0,0,0,0,0,0,0,0,0,0,0,0,0,0,0,0,0,0,0,0,0,0,0
WG_METRICS 134,256,768,1.9434,0.0088,0.0070,1.8800,0.0191,0.0285,256,768,196608,393216,104578.7266,209157.4531,0.0000,0,0.0000,0.0000,0,0.0000,0,0.0000,0.0000,0,0.0000,0.0000,0,0,0,0,0,0,0,0,0,0,0,0,0,0,0,0,0,0,0,0,0,0,0,0,0
WG_METRICS 135,256,768,1.9490,0.0087,0.0070,1.8854,0.0193,0.0286,256,768,196608,393216,104279.1953,208558.3906,0.0000,0,0.0000,0.0000,0,0.0000,0,0.0000,0.0000,0,0.0000,0.0000,0,0,0,0,0,0,0,0,0,0,0,0,0,0,0,0,0,0,0,0,0,0,0,0,0
WG_METRICS 136,256,768,1.9141,0.0087,0.0070,1.8479,0.0191,0.0314,256,768,196608,393216,106396.5156,212793.0312,0.0000,0,0.0000,0.0000,0,0.0000,0,0.0000,0.0000,0,0.0000,0.0000,0,0,0,0,0,0,0,0,0,0,0,0,0,0,0,0,0,0,0,0,0,0,0,0,0
WG_METRICS 137,256,768,1.9152,0.0088,0.0070,1.8512,0.0193,0.0288,256,768,196608,393216,106203.4062,212406.8125,0.0000,0,0.0000,0.0000,0,0.0000,0,0.0000,0.0000,0,0.0000,0.0000,0,0,0,0,0,0,0,0,0,0,0,0,0,0,0,0,0,0,0,0,0,0,0,0,0
WG_METRICS 138,256,768,1.9015,0.0087,0.0071,1.8457,0.0116,0.0284,256,768,196608,393216,106523.3438,213046.6875,0.0000,0,0.0000,0.0000,0,0.0000,0,0.0000,0.0000,0,0.0000,0.0000,0,0,0,0,0,0,0,0,0,0,0,0,0,0,0,0,0,0,0,0,0,0,0,0,0
WG_METRICS 139,256,768,1.9123,0.0087,0.0070,1.8566,0.0111,0.0288,256,768,196608,393216,105894.5234,211789.0469,0.0000,0,0.0000,0.0000,0,0.0000,0,0.0000,0.0000,0,0.0000,0.0000,0,0,0,0,0,0,0,0,0,0,0,0,0,0,0,0,0,0,0,0,0,0,0,0,0
WG_METRICS 140,256,768,1.9669,0.0087,0.0070,1.8958,0.0267,0.0287,256,768,196608,393216,103707.1406,207414.2812,0.0000,0,0.0000,0.0000,0,0.0000,0,0.0000,0.0000,0,0.0000,0.0000,0,0,0,0,0,0,0,0,0,0,0,0,0,0,0,0,0,0,0,0,0,0,0,0,0
WG_METRICS 141,256,768,1.9002,0.0088,0.0070,1.8444,0.0113,0.0286,256,768,196608,393216,106594.9531,213189.9062,0.0000,0,0.0000,0.0000,0,0.0000,0,0.0000,0.0000,0,0.0000,0.0000,0,0,0,0,0,0,0,0,0,0,0,0,0,0,0,0,0,0,0,0,0,0,0,0,0
WG_METRICS 142,256,768,1.9435,0.0088,0.0070,1.8799,0.0191,0.0287,256,768,196608,393216,104583.1719,209166.3438,0.0000,0,0.0000,0.0000,0,0.0000,0,0.0000,0.0000,0,0.0000,0.0000,0,0,0,0,0,0,0,0,0,0,0,0,0,0,0,0,0,0,0,0,0,0,0,0,0
WG_METRICS 143,256,768,1.9212,0.0087,0.0071,1.8574,0.0188,0.0293,256,768,196608,393216,105853.4688,211706.9375,0.0000,0,0.0000,0.0000,0,0.0000,0,0.0000,0.0000,0,0.0000,0.0000,0,0,0,0,0,0,0,0,0,0,0,0,0,0,0,0,0,0,0,0,0,0,0,0,0
WG_METRICS 144,256,768,1.9563,0.0088,0.0070,1.8929,0.0188,0.0288,256,768,196608,393216,103867.1250,207734.2500,0.0000,0,0.0000,0.0000,0,0.0000,0,0.0000,0.0000,0,0.0000,0.0000,0,0,0,0,0,0,0,0,0,0,0,0,0,0,0,0,0,0,0,0,0,0,0,0,0
WG_METRICS 145,256,768,1.9214,0.0088,0.0070,1.8579,0.0191,0.0286,256,768,196608,393216,105823.8438,211647.6875,0.0000,0,0.0000,0.0000,0,0.0000,0,0.0000,0.0000,0,0.0000,0.0000,0,0,0,0,0,0,0,0,0,0,0,0,0,0,0,0,0,0,0,0,0,0,0,0,0
WG_METRICS 146,256,768,1.9488,0.0128,0.0046,1.8771,0.0258,0.0285,256,768,196608,393216,104741.4062,209482.8125,0.0000,0,0.0000,0.0000,0,0.0000,0,0.0000,0.0000,0,0.0000,0.0000,0,0,0,0,0,0,0,0,0,0,0,0,0,0,0,0,0,0,0,0,0,0,0,0,0
WG_METRICS 147,256,768,1.9191,0.0088,0.0070,1.8543,0.0198,0.0291,256,768,196608,393216,106027.0078,212054.0156,0.0000,0,0.0000,0.0000,0,0.0000,0,0.0000,0.0000,0,0.0000,0.0000,0,0,0,0,0,0,0,0,0,0,0,0,0,0,0,0,0,0,0,0,0,0,0,0,0
WG_METRICS 148,256,768,1.9401,0.0087,0.0071,1.8763,0.0194,0.0286,256,768,196608,393216,104786.0703,209572.1406,0.0000,0,0.0000,0.0000,0,0.0000,0,0.0000,0.0000,0,0.0000,0.0000,0,0,0,0,0,0,0,0,0,0,0,0,0,0,0,0,0,0,0,0,0,0,0,0,0
WG_METRICS 149,256,768,1.9116,0.0088,0.0070,1.8494,0.0179,0.0285,256,768,196608,393216,106306.7734,212613.5469,0.0000,0,0.0000,0.0000,0,0.0000,0,0.0000,0.0000,0,0.0000,0.0000,0,0,0,0,0,0,0,0,0,0,0,0,0,0,0,0,0,0,0,0,0,0,0,0,0
WG_METRICS 150,256,768,1.9245,0.0088,0.0070,1.8612,0.0189,0.0286,256,768,196608,393216,105637.3438,211274.6875,0.0000,0,0.0000,0.0000,0,0.0000,0,0.0000,0.0000,0,0.0000,0.0000,0,0,0,0,0,0,0,0,0,0,0,0,0,0,0,0,0,0,0,0,0,0,0,0,0
WG_METRICS 151,256,768,1.9337,0.0088,0.0070,1.8631,0.0259,0.0289,256,768,196608,393216,105526.2188,211052.4375,0.0000,0,0.0000,0.0000,0,0.0000,0,0.0000,0.0000,0,0.0000,0.0000,0,0,0,0,0,0,0,0,0,0,0,0,0,0,0,0,0,0,0,0,0,0,0,0,0
WG_METRICS 152,256,768,1.9460,0.0088,0.0070,1.8739,0.0274,0.0288,256,768,196608,393216,104918.0312,209836.0625,0.0000,0,0.0000,0.0000,0,0.0000,0,0.0000,0.0000,0,0.0000,0.0000,0,0,0,0,0,0,0,0,0,0,0,0,0,0,0,0,0,0,0,0,0,0,0,0,0
WG_METRICS 153,256,768,1.9177,0.0087,0.0071,1.8615,0.0112,0.0292,256,768,196608,393216,105619.1875,211238.3750,0.0000,0,0.0000,0.0000,0,0.0000,0,0.0000,0.0000,0,0.0000,0.0000,0,0,0,0,0,0,0,0,0,0,0,0,0,0,0,0,0,0,0,0,0,0,0,0,0
WG_METRICS 154,256,768,1.9174,0.0087,0.0071,1.8582,0.0146,0.0288,256,768,196608,393216,105805.6172,211611.2344,0.0000,0,0.0000,0.0000,0,0.0000,0,0.0000,0.0000,0,0.0000,0.0000,0,0,0,0,0,0,0,0,0,0,0,0,0,0,0,0,0,0,0,0,0,0,0,0,0
WG_METRICS 155,256,768,1.9600,0.0087,0.0070,1.8967,0.0188,0.0288,256,768,196608,393216,103659.0234,207318.0469,0.0000,0,0.0000,0.0000,0,0.0000,0,0.0000,0.0000,0,0.0000,0.0000,0,0,0,0,0,0,0,0,0,0,0,0,0,0,0,0,0,0,0,0,0,0,0,0,0
WG_METRICS 156,256,768,1.9230,0.0088,0.0070,1.8598,0.0188,0.0287,256,768,196608,393216,105714.5938,211429.1875,0.0000,0,0.0000,0.0000,0,0.0000,0,0.0000,0.0000,0,0.0000,0.0000,0,0,0,0,0,0,0,0,0,0,0,0,0,0,0,0,0,0,0,0,0,0,0,0,0
WG_METRICS 157,256,768,1.9293,0.0088,0.0070,1.8659,0.0188,0.0288,256,768,196608,393216,105367.8672,210735.7344,0.0000,0,0.0000,0.0000,0,0.0000,0,0.0000,0.0000,0,0.0000,0.0000,0,0,0,0,0,0,0,0,0,0,0,0,0,0,0,0,0,0,0,0,0,0,0,0,0
WG_METRICS 158,256,768,1.9432,0.0087,0.0070,1.8798,0.0188,0.0288,256,768,196608,393216,104587.6250,209175.2500,0.0000,0,0.0000,0.0000,0,0.0000,0,0.0000,0.0000,0,0.0000,0.0000,0,0,0,0,0,0,0,0,0,0,0,0,0,0,0,0,0,0,0,0,0,0,0,0,0
WG_METRICS 159,256,768,1.9735,0.0088,0.0070,1.9029,0.0259,0.0290,256,768,196608,393216,103319.1094,206638.2188,0.0000,0,0.0000,0.0000,0,0.0000,0,0.0000,0.0000,0,0.0000,0.0000,0,0,0,0,0,0,0,0,0,0,0,0,0,0,0,0,0,0,0,0,0,0,0,0,0
WG_METRICS 160,256,768,1.9427,0.0088,0.0070,1.8830,0.0151,0.0288,256,768,196608,393216,104412.1094,208824.2188,0.0000,0,0.0000,0.0000,0,0.0000,0,0.0000,0.0000,0,0.0000,0.0000,0,0,0,0,0,0,0,0,0,0,0,0,0,0,0,0,0,0,0,0,0,0,0,0,0
WG_METRICS 161,256,768,1.9192,0.0086,0.0071,1.8555,0.0192,0.0287,256,768,196608,393216,105960.7266,211921.4531,0.0000,0,0.0000,0.0000,0,0.0000,0,0.0000,0.0000,0,0.0000,0.0000,0,0,0,0,0,0,0,0,0,0,0,0,0,0,0,0,0,0,0,0,0,0,0,0,0
WG_METRICS 162,256,768,1.9224,0.0088,0.0071,1.8594,0.0173,0.0298,256,768,196608,393216,105739.6094,211479.2188,0.0000,0,0.0000,0.0000,0,0.0000,0,0.0000,0.0000,0,0.0000,0.0000,0,0,0,0,0,0,0,0,0,0,0,0,0,0,0,0,0,0,0,0,0,0,0,0,0
WG_METRICS 163,256,768,1.9339,0.0088,0.0070,1.8782,0.0112,0.0286,256,768,196608,393216,104676.7188,209353.4375,0.0000,0,0.0000,0.0000,0,0.0000,0,0.0000,0.0000,0,0.0000,0.0000,0,0,0,0,0,0,0,0,0,0,0,0,0,0,0,0,0,0,0,0,0,0,0,0,0
WG_METRICS 164,256,768,2.0656,0.0088,0.0071,1.8718,0.1466,0.0314,256,768,196608,393216,105039.1094,210078.2188,0.0000,0,0.0000,0.0000,0,0.0000,0,0.0000,0.0000,0,0.0000,0.0000,0,0,0,0,0,0,0,0,0,0,0,0,0,0,0,0,0,0,0,0,0,0,0,0,0
WG_METRICS 165,256,768,1.9198,0.0089,0.0070,1.8639,0.0112,0.0288,256,768,196608,393216,105480.9219,210961.8438,0.0000,0,0.0000,0.0000,0,0.0000,0,0.0000,0.0000,0,0.0000,0.0000,0,0,0,0,0,0,0,0,0,0,0,0,0,0,0,0,0,0,0,0,0,0,0,0,0
WG_METRICS 166,256,768,1.9762,0.0090,0.0070,1.9124,0.0189,0.0289,256,768,196608,393216,102804.7969,205609.5938,0.0000,0,0.0000,0.0000,0,0.0000,0,0.0000,0.0000,0,0.0000,0.0000,0,0,0,0,0,0,0,0,0,0,0,0,0,0,0,0,0,0,0,0,0,0,0,0,0
WG_METRICS 167,256,768,1.9292,0.0088,0.0070,1.8658,0.0188,0.0287,256,768,196608,393216,105374.6406,210749.2812,0.0000,0,0.0000,0.0000,0,0.0000,0,0.0000,0.0000,0,0.0000,0.0000,0,0,0,0,0,0,0,0,0,0,0,0,0,0,0,0,0,0,0,0,0,0,0,0,0
WG_METRICS 168,256,768,1.8889,0.0088,0.0070,1.8250,0.0192,0.0289,256,768,196608,393216,107732.7734,215465.5469,0.0000,0,0.0000,0.0000,0,0.0000,0,0.0000,0.0000,0,0.0000,0.0000,0,0,0,0,0,0,0,0,0,0,0,0,0,0,0,0,0,0,0,0,0,0,0,0,0
WG_METRICS 169,256,768,1.9582,0.0087,0.0070,1.9004,0.0132,0.0289,256,768,196608,393216,103453.9375,206907.8750,0.0000,0,0.0000,0.0000,0,0.0000,0,0.0000,0.0000,0,0.0000,0.0000,0,0,0,0,0,0,0,0,0,0,0,0,0,0,0,0,0,0,0,0,0,0,0,0,0
WG_METRICS 170,256,768,1.8864,0.0088,0.0072,1.8354,0.0058,0.0292,256,768,196608,393216,107117.6406,214235.2812,0.0000,0,0.0000,0.0000,0,0.0000,0,0.0000,0.0000,0,0.0000,0.0000,0,0,0,0,0,0,0,0,0,0,0,0,0,0,0,0,0,0,0,0,0,0,0,0,0
WG_METRICS 171,256,768,1.9132,0.0089,0.0070,1.8530,0.0154,0.0288,256,768,196608,393216,106102.5312,212205.0625,0.0000,0,0.0000,0.0000,0,0.0000,0,0.0000,0.0000,0,0.0000,0.0000,0,0,0,0,0,0,0,0,0,0,0,0,0,0,0,0,0,0,0,0,0,0,0,0,0
WG_METRICS 172,256,768,1.9287,0.0088,0.0070,1.8640,0.0194,0.0296,256,768,196608,393216,105478.6562,210957.3125,0.0000,0,0.0000,0.0000,0,0.0000,0,0.0000,0.0000,0,0.0000,0.0000,0,0,0,0,0,0,0,0,0,0,0,0,0,0,0,0,0,0,0,0,0,0,0,0,0
WG_METRICS 173,256,768,1.9507,0.0088,0.0070,1.8886,0.0176,0.0287,256,768,196608,393216,104104.7109,208209.4219,0.0000,0,0.0000,0.0000,0,0.0000,0,0.0000,0.0000,0,0.0000,0.0000,0,0,0,0,0,0,0,0,0,0,0,0,0,0,0,0,0,0,0,0,0,0,0,0,0
WG_METRICS 174,256,768,1.9275,0.0090,0.0070,1.8636,0.0189,0.0289,256,768,196608,393216,105496.7734,210993.5469,0.0000,0,0.0000,0.0000,0,0.0000,0,0.0000,0.0000,0,0.0000,0.0000,0,0,0,0,0,0,0,0,0,0,0,0,0,0,0,0,0,0,0,0,0,0,0,0,0
WG_METRICS 175,256,768,2.4054,0.0087,0.0070,1.8794,0.4812,0.0292,256,768,196608,393216,104614.3359,209228.6719,0.0000,0,0.0000,0.0000,0,0.0000,0,0.0000,0.0000,0,0.0000,0.0000,0,0,0,0,0,0,0,0,0,0,0,0,0,0,0,0,0,0,0,0,0,0,0,0,0
WG_METRICS 176,256,768,1.9358,0.0088,0.0070,1.8715,0.0194,0.0292,256,768,196608,393216,105052.5781,210105.1562,0.0000,0,0.0000,0.0000,0,0.0000,0,0.0000,0.0000,0,0.0000,0.0000,0,0,0,0,0,0,0,0,0,0,0,0,0,0,0,0,0,0,0,0,0,0,0,0,0
WG_METRICS 177,256,768,1.9364,0.0088,0.0070,1.8772,0.0146,0.0288,256,768,196608,393216,104734.7109,209469.4219,0.0000,0,0.0000,0.0000,0,0.0000,0,0.0000,0.0000,0,0.0000,0.0000,0,0,0,0,0,0,0,0,0,0,0,0,0,0,0,0,0,0,0,0,0,0,0,0,0
WG_METRICS 178,256,768,1.9344,0.0087,0.0070,1.8713,0.0188,0.0286,256,768,196608,393216,105066.0547,210132.1094,0.0000,0,0.0000,0.0000,0,0.0000,0,0.0000,0.0000,0,0.0000,0.0000,0,0,0,0,0,0,0,0,0,0,0,0,0,0,0,0,0,0,0,0,0,0,0,0,0
WG_METRICS 179,256,768,1.9446,0.0088,0.0071,1.8814,0.0188,0.0285,256,768,196608,393216,104503.1250,209006.2500,0.0000,0,0.0000,0.0000,0,0.0000,0,0.0000,0.0000,0,0.0000,0.0000,0,0,0,0,0,0,0,0,0,0,0,0,0,0,0,0,0,0,0,0,0,0,0,0,0
WG_METRICS 180,256,768,1.9186,0.0087,0.0070,1.8565,0.0171,0.0292,256,768,196608,393216,105901.3594,211802.7188,0.0000,0,0.0000,0.0000,0,0.0000,0,0.0000,0.0000,0,0.0000,0.0000,0,0,0,0,0,0,0,0,0,0,0,0,0,0,0,0,0,0,0,0,0,0,0,0,0
WG_METRICS 181,256,768,1.9550,0.0087,0.0070,1.8837,0.0264,0.0290,256,768,196608,393216,104372.1953,208744.3906,0.0000,0,0.0000,0.0000,0,0.0000,0,0.0000,0.0000,0,0.0000,0.0000,0,0,0,0,0,0,0,0,0,0,0,0,0,0,0,0,0,0,0,0,0,0,0,0,0
WG_METRICS 182,256,768,1.9323,0.0089,0.0070,1.8722,0.0154,0.0288,256,768,196608,393216,105016.6641,210033.3281,0.0000,0,0.0000,0.0000,0,0.0000,0,0.0000,0.0000,0,0.0000,0.0000,0,0,0,0,0,0,0,0,0,0,0,0,0,0,0,0,0,0,0,0,0,0,0,0,0
WG_METRICS 183,256,768,1.9344,0.0089,0.0070,1.8706,0.0193,0.0286,256,768,196608,393216,105101.9922,210203.9844,0.0000,0,0.0000,0.0000,0,0.0000,0,0.0000,0.0000,0,0.0000,0.0000,0,0,0,0,0,0,0,0,0,0,0,0,0,0,0,0,0,0,0,0,0,0,0,0,0
WG_METRICS 184,256,768,2.2744,0.0088,0.0070,1.8711,0.3587,0.0287,256,768,196608,393216,105075.0391,210150.0781,0.0000,0,0.0000,0.0000,0,0.0000,0,0.0000,0.0000,0,0.0000,0.0000,0,0,0,0,0,0,0,0,0,0,0,0,0,0,0,0,0,0,0,0,0,0,0,0,0
WG_METRICS 185,256,768,1.9262,0.0088,0.0070,1.8623,0.0192,0.0288,256,768,196608,393216,105571.5469,211143.0938,0.0000,0,0.0000,0.0000,0,0.0000,0,0.0000,0.0000,0,0.0000,0.0000,0,0,0,0,0,0,0,0,0,0,0,0,0,0,0,0,0,0,0,0,0,0,0,0,0
WG_METRICS 186,256,768,1.9076,0.0088,0.0070,1.8434,0.0194,0.0289,256,768,196608,393216,106655.0938,213310.1875,0.0000,0,0.0000,0.0000,0,0.0000,0,0.0000,0.0000,0,0.0000,0.0000,0,0,0,0,0,0,0,0,0,0,0,0,0,0,0,0,0,0,0,0,0,0,0,0,0
WG_METRICS 187,256,768,1.9212,0.0088,0.0070,1.8588,0.0179,0.0288,256,768,196608,393216,105771.4609,211542.9219,0.0000,0,0.0000,0.0000,0,0.0000,0,0.0000,0.0000,0,0.0000,0.0000,0,0,0,0,0,0,0,0,0,0,0,0,0,0,0,0,0,0,0,0,0,0,0,0,0
WG_METRICS 188,256,768,1.9468,0.0088,0.0070,1.8834,0.0189,0.0287,256,768,196608,393216,104392.1484,208784.2969,0.0000,0,0.0000,0.0000,0,0.0000,0,0.0000,0.0000,0,0.0000,0.0000,0,0,0,0,0,0,0,0,0,0,0,0,0,0,0,0,0,0,0,0,0,0,0,0,0
WG_METRICS 189,256,768,1.9278,0.0088,0.0071,1.8643,0.0188,0.0288,256,768,196608,393216,105458.2891,210916.5781,0.0000,0,0.0000,0.0000,0,0.0000,0,0.0000,0.0000,0,0.0000,0.0000,0,0,0,0,0,0,0,0,0,0,0,0,0,0,0,0,0,0,0,0,0,0,0,0,0
WG_METRICS 190,256,768,1.9484,0.0088,0.0070,1.8940,0.0082,0.0304,256,768,196608,393216,103803.5078,207607.0156,0.0000,0,0.0000,0.0000,0,0.0000,0,0.0000,0.0000,0,0.0000,0.0000,0,0,0,0,0,0,0,0,0,0,0,0,0,0,0,0,0,0,0,0,0,0,0,0,0
WG_METRICS 191,256,768,1.9426,0.0088,0.0070,1.8709,0.0269,0.0290,256,768,196608,393216,105088.5156,210177.0312,0.0000,0,0.0000,0.0000,0,0.0000,0,0.0000,0.0000,0,0.0000,0.0000,0,0,0,0,0,0,0,0,0,0,0,0,0,0,0,0,0,0,0,0,0,0,0,0,0
WG_METRICS 192,256,768,1.9267,0.0089,0.0070,1.8665,0.0155,0.0288,256,768,196608,393216,105333.9844,210667.9688,0.0000,0,0.0000,0.0000,0,0.0000,0,0.0000,0.0000,0,0.0000,0.0000,0,0,0,0,0,0,0,0,0,0,0,0,0,0,0,0,0,0,0,0,0,0,0,0,0
WG_METRICS 193,256,768,1.9412,0.0088,0.0071,1.8854,0.0116,0.0284,256,768,196608,393216,104279.1953,208558.3906,0.0000,0,0.0000,0.0000,0,0.0000,0,0.0000,0.0000,0,0.0000,0.0000,0,0,0,0,0,0,0,0,0,0,0,0,0,0,0,0,0,0,0,0,0,0,0,0,0
WG_METRICS 194,256,768,1.9238,0.0089,0.0070,1.8602,0.0188,0.0290,256,768,196608,393216,105691.8594,211383.7188,0.0000,0,0.0000,0.0000,0,0.0000,0,0.0000,0.0000,0,0.0000,0.0000,0,0,0,0,0,0,0,0,0,0,0,0,0,0,0,0,0,0,0,0,0,0,0,0,0
WG_METRICS 195,256,768,1.9297,0.0088,0.0071,1.8595,0.0258,0.0285,256,768,196608,393216,105730.5156,211461.0312,0.0000,0,0.0000,0.0000,0,0.0000,0,0.0000,0.0000,0,0.0000,0.0000,0,0,0,0,0,0,0,0,0,0,0,0,0,0,0,0,0,0,0,0,0,0,0,0,0
WG_METRICS 196,256,768,1.9392,0.0088,0.0070,1.8658,0.0274,0.0301,256,768,196608,393216,105372.3828,210744.7656,0.0000,0,0.0000,0.0000,0,0.0000,0,0.0000,0.0000,0,0.0000,0.0000,0,0,0,0,0,0,0,0,0,0,0,0,0,0,0,0,0,0,0,0,0,0,0,0,0
WG_METRICS 197,256,768,1.9043,0.0088,0.0070,1.8485,0.0110,0.0290,256,768,196608,393216,106361.9844,212723.9688,0.0000,0,0.0000,0.0000,0,0.0000,0,0.0000,0.0000,0,0.0000,0.0000,0,0,0,0,0,0,0,0,0,0,0,0,0,0,0,0,0,0,0,0,0,0,0,0,0
WG_METRICS 198,256,768,1.9072,0.0088,0.0070,1.8433,0.0194,0.0288,256,768,196608,393216,106662.0391,213324.0781,0.0000,0,0.0000,0.0000,0,0.0000,0,0.0000,0.0000,0,0.0000,0.0000,0,0,0,0,0,0,0,0,0,0,0,0,0,0,0,0,0,0,0,0,0,0,0,0,0
WG_METRICS 199,256,768,1.9438,0.0088,0.0070,1.8806,0.0188,0.0286,256,768,196608,393216,104543.1328,209086.2656,0.0000,0,0.0000,0.0000,0,0.0000,0,0.0000,0.0000,0,0.0000,0.0000,0,0,0,0,0,0,0,0,0,0,0,0,0,0,0,0,0,0,0,0,0,0,0,0,0
WG_METRICS 200,256,768,1.9222,0.0088,0.0070,1.8585,0.0188,0.0291,256,768,196608,393216,105789.6797,211579.3594,0.0000,0,0.0000,0.0000,0,0.0000,0,0.0000,0.0000,0,0.0000,0.0000,0,0,0,0,0,0,0,0,0,0,0,0,0,0,0,0,0,0,0,0,0,0,0,0,0
WG_METRICS 201,256,768,1.9214,0.0087,0.0070,1.8511,0.0260,0.0286,256,768,196608,393216,106210.2969,212420.5938,0.0000,0,0.0000,0.0000,0,0.0000,0,0.0000,0.0000,0,0.0000,0.0000,0,0,0,0,0,0,0,0,0,0,0,0,0,0,0,0,0,0,0,0,0,0,0,0,0
WG_METRICS 202,256,768,1.9475,0.0087,0.0071,1.8768,0.0260,0.0290,256,768,196608,393216,104759.2656,209518.5312,0.0000,0,0.0000,0.0000,0,0.0000,0,0.0000,0.0000,0,0.0000,0.0000,0,0,0,0,0,0,0,0,0,0,0,0,0,0,0,0,0,0,0,0,0,0,0,0,0
WG_METRICS 203,256,768,1.9231,0.0088,0.0070,1.8630,0.0155,0.0287,256,768,196608,393216,105535.2812,211070.5625,0.0000,0,0.0000,0.0000,0,0.0000,0,0.0000,0.0000,0,0.0000,0.0000,0,0,0,0,0,0,0,0,0,0,0,0,0,0,0,0,0,0,0,0,0,0,0,0,0
WG_METRICS 204,256,768,1.9201,0.0087,0.0070,1.8643,0.0114,0.0288,256,768,196608,393216,105460.5547,210921.1094,0.0000,0,0.0000,0.0000,0,0.0000,0,0.0000,0.0000,0,0.0000,0.0000,0,0,0,0,0,0,0,0,0,0,0,0,0,0,0,0,0,0,0,0,0,0,0,0,0
WG_METRICS 205,256,768,1.9430,0.0087,0.0070,1.8798,0.0188,0.0286,256,768,196608,393216,104592.0703,209184.1406,0.0000,0,0.0000,0.0000,0,0.0000,0,0.0000,0.0000,0,0.0000,0.0000,0,0,0,0,0,0,0,0,0,0,0,0,0,0,0,0,0,0,0,0,0,0,0,0,0
WG_METRICS 206,256,768,1.9530,0.0088,0.0070,1.8793,0.0272,0.0306,256,768,196608,393216,104616.5625,209233.1250,0.0000,0,0.0000,0.0000,0,0.0000,0,0.0000,0.0000,0,0.0000,0.0000,0,0,0,0,0,0,0,0,0,0,0,0,0,0,0,0,0,0,0,0,0,0,0,0,0
WG_METRICS 207,256,768,1.9202,0.0088,0.0070,1.8560,0.0193,0.0291,256,768,196608,393216,105928.7500,211857.5000,0.0000,0,0.0000,0.0000,0,0.0000,0,0.0000,0.0000,0,0.0000,0.0000,0,0,0,0,0,0,0,0,0,0,0,0,0,0,0,0,0,0,0,0,0,0,0,0,0
WG_METRICS 208,256,768,1.9514,0.0090,0.0070,1.8879,0.0188,0.0287,256,768,196608,393216,104142.2109,208284.4219,0.0000,0,0.0000,0.0000,0,0.0000,0,0.0000,0.0000,0,0.0000,0.0000,0,0,0,0,0,0,0,0,0,0,0,0,0,0,0,0,0,0,0,0,0,0,0,0,0
WG_METRICS 209,256,768,1.9662,0.0088,0.0070,1.9030,0.0188,0.0286,256,768,196608,393216,103314.7656,206629.5312,0.0000,0,0.0000,0.0000,0,0.0000,0,0.0000,0.0000,0,0.0000,0.0000,0,0,0,0,0,0,0,0,0,0,0,0,0,0,0,0,0,0,0,0,0,0,0,0,0
WG_METRICS 210,256,768,1.9032,0.0087,0.0070,1.8396,0.0189,0.0290,256,768,196608,393216,106875.4062,213750.8125,0.0000,0,0.0000,0.0000,0,0.0000,0,0.0000,0.0000,0,0.0000,0.0000,0,0,0,0,0,0,0,0,0,0,0,0,0,0,0,0,0,0,0,0,0,0,0,0,0
WG_METRICS 211,256,768,1.9128,0.0088,0.0071,1.8483,0.0199,0.0287,256,768,196608,393216,106373.4922,212746.9844,0.0000,0,0.0000,0.0000,0,0.0000,0,0.0000,0.0000,0,0.0000,0.0000,0,0,0,0,0,0,0,0,0,0,0,0,0,0,0,0,0,0,0,0,0,0,0,0,0
WG_METRICS 212,256,768,1.9310,0.0088,0.0070,1.8748,0.0115,0.0290,256,768,196608,393216,104871.0234,209742.0469,0.0000,0,0.0000,0.0000,0,0.0000,0,0.0000,0.0000,0,0.0000,0.0000,0,0,0,0,0,0,0,0,0,0,0,0,0,0,0,0,0,0,0,0,0,0,0,0,0
WG_METRICS 213,256,768,1.8992,0.0087,0.0070,1.8474,0.0075,0.0286,256,768,196608,393216,106424.1641,212848.3281,0.0000,0,0.0000,0.0000,0,0.0000,0,0.0000,0.0000,0,0.0000,0.0000,0,0,0,0,0,0,0,0,0,0,0,0,0,0,0,0,0,0,0,0,0,0,0,0,0
WG_METRICS 214,256,768,1.8981,0.0089,0.0070,1.8330,0.0194,0.0298,256,768,196608,393216,107262.5703,214525.1406,0.0000,0,0.0000,0.0000,0,0.0000,0,0.0000,0.0000,0,0.0000,0.0000,0,0,0,0,0,0,0,0,0,0,0,0,0,0,0,0,0,0,0,0,0,0,0,0,0
WG_METRICS 215,256,768,1.9260,0.0087,0.0070,1.8626,0.0189,0.0287,256,768,196608,393216,105553.4062,211106.8125,0.0000,0,0.0000,0.0000,0,0.0000,0,0.0000,0.0000,0,0.0000,0.0000,0,0,0,0,0,0,0,0,0,0,0,0,0,0,0,0,0,0,0,0,0,0,0,0,0
WG_METRICS 216,256,768,1.9038,0.0087,0.0070,1.8404,0.0188,0.0289,256,768,196608,393216,106831.2656,213662.5312,0.0000,0,0.0000,0.0000,0,0.0000,0,0.0000,0.0000,0,0.0000,0.0000,0,0,0,0,0,0,0,0,0,0,0,0,0,0,0,0,0,0,0,0,0,0,0,0,0
WG_METRICS 217,256,768,1.9262,0.0087,0.0071,1.8626,0.0193,0.0285,256,768,196608,393216,105555.6797,211111.3594,0.0000,0,0.0000,0.0000,0,0.0000,0,0.0000,0.0000,0,0.0000,0.0000,0,0,0,0,0,0,0,0,0,0,0,0,0,0,0,0,0,0,0,0,0,0,0,0,0
WG_METRICS 218,256,768,1.9039,0.0087,0.0070,1.8414,0.0179,0.0288,256,768,196608,393216,106773.2578,213546.5156,0.0000,0,0.0000,0.0000,0,0.0000,0,0.0000,0.0000,0,0.0000,0.0000,0,0,0,0,0,0,0,0,0,0,0,0,0,0,0,0,0,0,0,0,0,0,0,0,0
WG_METRICS 219,256,768,1.8994,0.0088,0.0070,1.8438,0.0112,0.0286,256,768,196608,393216,106631.9609,213263.9219,0.0000,0,0.0000,0.0000,0,0.0000,0,0.0000,0.0000,0,0.0000,0.0000,0,0,0,0,0,0,0,0,0,0,0,0,0,0,0,0,0,0,0,0,0,0,0,0,0
WG_METRICS 220,256,768,1.8988,0.0088,0.0070,1.8321,0.0197,0.0312,256,768,196608,393216,107314.0938,214628.1875,0.0000,0,0.0000,0.0000,0,0.0000,0,0.0000,0.0000,0,0.0000,0.0000,0,0,0,0,0,0,0,0,0,0,0,0,0,0,0,0,0,0,0,0,0,0,0,0,0
WG_METRICS 221,256,768,1.9283,0.0088,0.0070,1.8643,0.0194,0.0288,256,768,196608,393216,105458.2891,210916.5781,0.0000,0,0.0000,0.0000,0,0.0000,0,0.0000,0.0000,0,0.0000,0.0000,0,0,0,0,0,0,0,0,0,0,0,0,0,0,0,0,0,0,0,0,0,0,0,0,0
WG_METRICS 222,256,768,1.9026,0.0087,0.0070,1.8474,0.0110,0.0285,256,768,196608,393216,106426.4688,212852.9375,0.0000,0,0.0000,0.0000,0,0.0000,0,0.0000,0.0000,0,0.0000,0.0000,0,0,0,0,0,0,0,0,0,0,0,0,0,0,0,0,0,0,0,0,0,0,0,0,0
WG_METRICS 223,256,768,1.9433,0.0088,0.0070,1.8794,0.0189,0.0292,256,768,196608,393216,104609.8828,209219.7656,0.0000,0,0.0000,0.0000,0,0.0000,0,0.0000,0.0000,0,0.0000,0.0000,0,0,0,0,0,0,0,0,0,0,0,0,0,0,0,0,0,0,0,0,0,0,0,0,0
WG_METRICS 224,256,768,1.9136,0.0089,0.0070,1.8525,0.0164,0.0289,256,768,196608,393216,106130.0312,212260.0625,0.0000,0,0.0000,0.0000,0,0.0000,0,0.0000,0.0000,0,0.0000,0.0000,0,0,0,0,0,0,0,0,0,0,0,0,0,0,0,0,0,0,0,0,0,0,0,0,0
WG_METRICS 225,256,768,1.9350,0.0088,0.0071,1.8629,0.0273,0.0290,256,768,196608,393216,105537.5391,211075.0781,0.0000,0,0.0000,0.0000,0,0.0000,0,0.0000,0.0000,0,0.0000,0.0000,0,0,0,0,0,0,0,0,0,0,0,0,0,0,0,0,0,0,0,0,0,0,0,0,0
WG_METRICS 226,256,768,1.9573,0.0088,0.0070,1.8926,0.0192,0.0297,256,768,196608,393216,103882.4844,207764.9688,0.0000,0,0.0000,0.0000,0,0.0000,0,0.0000,0.0000,0,0.0000,0.0000,0,0,0,0,0,0,0,0,0,0,0,0,0,0,0,0,0,0,0,0,0,0,0,0,0
WG_METRICS 227,256,768,1.9436,0.0087,0.0072,1.8729,0.0260,0.0289,256,768,196608,393216,104976.2969,209952.5938,0.0000,0,0.0000,0.0000,0,0.0000,0,0.0000,0.0000,0,0.0000,0.0000,0,0,0,0,0,0,0,0,0,0,0,0,0,0,0,0,0,0,0,0,0,0,0,0,0
WG_METRICS 228,256,768,1.9763,0.0088,0.0070,1.9128,0.0188,0.0289,256,768,196608,393216,102787.5938,205575.1875,0.0000,0,0.0000,0.0000,0,0.0000,0,0.0000,0.0000,0,0.0000,0.0000,0,0,0,0,0,0,0,0,0,0,0,0,0,0,0,0,0,0,0,0,0,0,0,0,0
WG_METRICS 229,256,768,1.9233,0.0088,0.0071,1.8598,0.0189,0.0287,256,768,196608,393216,105712.3203,211424.6406,0.0000,0,0.0000,0.0000,0,0.0000,0,0.0000,0.0000,0,0.0000,0.0000,0,0,0,0,0,0,0,0,0,0,0,0,0,0,0,0,0,0,0,0,0,0,0,0,0
WG_METRICS 230,256,768,1.9537,0.0088,0.0070,1.8898,0.0187,0.0294,256,768,196608,393216,104036.4062,208072.8125,0.0000,0,0.0000,0.0000,0,0.0000,0,0.0000,0.0000,0,0.0000,0.0000,0,0,0,0,0,0,0,0,0,0,0,0,0,0,0,0,0,0,0,0,0,0,0,0,0
WG_METRICS 231,256,768,1.9318,0.0087,0.0070,1.8701,0.0174,0.0287,256,768,196608,393216,105133.4688,210266.9375,0.0000,0,0.0000,0.0000,0,0.0000,0,0.0000,0.0000,0,0.0000,0.0000,0,0,0,0,0,0,0,0,0,0,0,0,0,0,0,0,0,0,0,0,0,0,0,0,0
WG_METRICS 232,256,768,1.9483,0.0088,0.0070,1.8939,0.0082,0.0304,256,768,196608,393216,103810.0938,207620.1875,0.0000,0,0.0000,0.0000,0,0.0000,0,0.0000,0.0000,0,0.0000,0.0000,0,0,0,0,0,0,0,0,0,0,0,0,0,0,0,0,0,0,0,0,0,0,0,0,0
WG_METRICS 233,256,768,1.9389,0.0088,0.0070,1.8789,0.0149,0.0293,256,768,196608,393216,104638.8359,209277.6719,0.0000,0,0.0000,0.0000,0,0.0000,0,0.0000,0.0000,0,0.0000,0.0000,0,0,0,0,0,0,0,0,0,0,0,0,0,0,0,0,0,0,0,0,0,0,0,0,0
WG_METRICS 234,256,768,1.9300,0.0090,0.0070,1.8658,0.0194,0.0287,256,768,196608,393216,105374.6406,210749.2812,0.0000,0,0.0000,0.0000,0,0.0000,0,0.0000,0.0000,0,0.0000,0.0000,0,0,0,0,0,0,0,0,0,0,0,0,0,0,0,0,0,0,0,0,0,0,0,0,0
WG_METRICS 235,256,768,1.9700,0.0087,0.0070,1.8987,0.0261,0.0294,256,768,196608,393216,103549.8359,207099.6719,0.0000,0,0.0000,0.0000,0,0.0000,0,0.0000,0.0000,0,0.0000,0.0000,0,0,0,0,0,0,0,0,0,0,0,0,0,0,0,0,0,0,0,0,0,0,0,0,0
WG_METRICS 236,256,768,1.9119,0.0088,0.0070,1.8486,0.0188,0.0287,256,768,196608,393216,106357.3828,212714.7656,0.0000,0,0.0000,0.0000,0,0.0000,0,0.0000,0.0000,0,0.0000,0.0000,0,0,0,0,0,0,0,0,0,0,0,0,0,0,0,0,0,0,0,0,0,0,0,0,0
WG_METRICS 237,256,768,1.9484,0.0087,0.0070,1.8779,0.0258,0.0290,256,768,196608,393216,104696.7891,209393.5781,0.0000,0,0.0000,0.0000,0,0.0000,0,0.0000,0.0000,0,0.0000,0.0000,0,0,0,0,0,0,0,0,0,0,0,0,0,0,0,0,0,0,0,0,0,0,0,0,0
WG_METRICS 238,256,768,1.9572,0.0088,0.0070,1.8828,0.0271,0.0315,256,768,196608,393216,104423.2031,208846.4062,0.0000,0,0.0000,0.0000,0,0.0000,0,0.0000,0.0000,0,0.0000,0.0000,0,0,0,0,0,0,0,0,0,0,0,0,0,0,0,0,0,0,0,0,0,0,0,0,0
WG_METRICS 239,256,768,1.9466,0.0088,0.0070,1.8844,0.0176,0.0288,256,768,196608,393216,104334.5391,208669.0781,0.0000,0,0.0000,0.0000,0,0.0000,0,0.0000,0.0000,0,0.0000,0.0000,0,0,0,0,0,0,0,0,0,0,0,0,0,0,0,0,0,0,0,0,0,0,0,0,0
WG_METRICS 240,256,768,1.9332,0.0089,0.0070,1.8676,0.0189,0.0307,256,768,196608,393216,105273.0781,210546.1562,0.0000,0,0.0000,0.0000,0,0.0000,0,0.0000,0.0000,0,0.0000,0.0000,0,0,0,0,0,0,0,0,0,0,0,0,0,0,0,0,0,0,0,0,0,0,0,0,0
WG_METRICS 241,256,768,1.9352,0.0088,0.0070,1.8709,0.0188,0.0297,256,768,196608,393216,105088.5156,210177.0312,0.0000,0,0.0000,0.0000,0,0.0000,0,0.0000,0.0000,0,0.0000,0.0000,0,0,0,0,0,0,0,0,0,0,0,0,0,0,0,0,0,0,0,0,0,0,0,0,0
WG_METRICS 242,256,768,1.9706,0.0088,0.0070,1.9075,0.0188,0.0286,256,768,196608,393216,103069.9531,206139.9062,0.0000,0,0.0000,0.0000,0,0.0000,0,0.0000,0.0000,0,0.0000,0.0000,0,0,0,0,0,0,0,0,0,0,0,0,0,0,0,0,0,0,0,0,0,0,0,0,0
WG_METRICS 243,256,768,1.9870,0.0088,0.0070,1.9237,0.0188,0.0287,256,768,196608,393216,102204.1094,204408.2188,0.0000,0,0.0000,0.0000,0,0.0000,0,0.0000,0.0000,0,0.0000,0.0000,0,0,0,0,0,0,0,0,0,0,0,0,0,0,0,0,0,0,0,0,0,0,0,0,0
WG_METRICS 244,256,768,1.9264,0.0087,0.0070,1.8561,0.0258,0.0288,256,768,196608,393216,105926.4688,211852.9375,0.0000,0,0.0000,0.0000,0,0.0000,0,0.0000,0.0000,0,0.0000,0.0000,0,0,0,0,0,0,0,0,0,0,0,0,0,0,0,0,0,0,0,0,0,0,0,0,0
WG_METRICS 245,256,768,1.9130,0.0087,0.0070,1.8572,0.0110,0.0290,256,768,196608,393216,105860.3125,211720.6250,0.0000,0,0.0000,0.0000,0,0.0000,0,0.0000,0.0000,0,0.0000,0.0000,0,0,0,0,0,0,0,0,0,0,0,0,0,0,0,0,0,0,0,0,0,0,0,0,0
WG_METRICS 246,256,768,1.9325,0.0090,0.0070,1.8673,0.0198,0.0294,256,768,196608,393216,105291.1172,210582.2344,0.0000,0,0.0000,0.0000,0,0.0000,0,0.0000,0.0000,0,0.0000,0.0000,0,0,0,0,0,0,0,0,0,0,0,0,0,0,0,0,0,0,0,0,0,0,0,0,0
WG_METRICS 247,256,768,1.7233,0.0084,0.0070,1.6635,0.0190,0.0253,256,768,196608,393216,118187.9375,236375.8750,0.0000,0,0.0000,0.0000,0,0.0000,0,0.0000,0.0000,0,0.0000,0.0000,0,0,0,0,0,0,0,0,0,0,0,0,0,0,0,0,0,0,0,0,0,0,0,0,0
WG_METRICS 248,256,768,1.5582,0.0083,0.0069,1.5084,0.0109,0.0236,256,768,196608,393216,130342.0859,260684.1719,0.0000,0,0.0000,0.0000,0,0.0000,0,0.0000,0.0000,0,0.0000,0.0000,0,0,0,0,0,0,0,0,0,0,0,0,0,0,0,0,0,0,0,0,0,0,0,0,0
WG_METRICS 249,256,768,1.4553,0.0082,0.0070,1.3996,0.0183,0.0221,256,768,196608,393216,140470.4062,280940.8125,0.0000,0,0.0000,0.0000,0,0.0000,0,0.0000,0.0000,0,0.0000,0.0000,0,0,0,0,0,0,0,0,0,0,0,0,0,0,0,0,0,0,0,0,0,0,0,0,0
WG_METRICS 250,256,768,1.4544,0.0081,0.0068,1.4022,0.0161,0.0212,256,768,196608,393216,140213.9531,280427.9062,0.0000,0,0.0000,0.0000,0,0.0000,0,0.0000,0.0000,0,0.0000,0.0000,0,0,0,0,0,0,0,0,0,0,0,0,0,0,0,0,0,0,0,0,0,0,0,0,0
WG_METRICS 251,256,768,1.4273,0.0081,0.0068,1.3657,0.0259,0.0208,256,768,196608,393216,143959.2344,287918.4688,0.0000,0,0.0000,0.0000,0,0.0000,0,0.0000,0.0000,0,0.0000,0.0000,0,0,0,0,0,0,0,0,0,0,0,0,0,0,0,0,0,0,0,0,0,0,0,0,0
WG_METRICS 252,256,768,1.3185,0.0079,0.0068,1.2652,0.0186,0.0200,256,768,196608,393216,155391.8750,310783.7500,0.0000,0,0.0000,0.0000,0,0.0000,0,0.0000,0.0000,0,0.0000,0.0000,0,0,0,0,0,0,0,0,0,0,0,0,0,0,0,0,0,0,0,0,0,0,0,0,0
WG_METRICS 253,256,768,1.3180,0.0080,0.0069,1.2672,0.0160,0.0198,256,768,196608,393216,155146.6094,310293.2188,0.0000,0,0.0000,0.0000,0,0.0000,0,0.0000,0.0000,0,0.0000,0.0000,0,0,0,0,0,0,0,0,0,0,0,0,0,0,0,0,0,0,0,0,0,0,0,0,0
WG_METRICS 254,256,768,1.4059,0.0080,0.0068,1.3512,0.0182,0.0216,256,768,196608,393216,145506.2188,291012.4375,0.0000,0,0.0000,0.0000,0,0.0000,0,0.0000,0.0000,0,0.0000,0.0000,0,0,0,0,0,0,0,0,0,0,0,0,0,0,0,0,0,0,0,0,0,0,0,0,0
WG_METRICS 255,256,768,1.6888,0.0083,0.0070,1.6288,0.0186,0.0262,256,768,196608,393216,120710.2344,241420.4688,0.0000,0,0.0000,0.0000,0,0.0000,0,0.0000,0.0000,0,0.0000,0.0000,0,0,0,0,0,0,0,0,0,0,0,0,0,0,0,0,0,0,0,0,0,0,0,0,0
WG_METRICS 256,256,768,1.9678,0.0089,0.0070,1.9031,0.0188,0.0300,256,768,196608,393216,103308.2500,206616.5000,0.0000,0,0.0000,0.0000,0,0.0000,0,0.0000,0.0000,0,0.0000,0.0000,0,0,0,0,0,0,0,0,0,0,0,0,0,0,0,0,0,0,0,0,0,0,0,0,0
WG_METRICS 257,256,768,1.9245,0.0087,0.0070,1.8613,0.0188,0.0287,256,768,196608,393216,105630.5391,211261.0781,0.0000,0,0.0000,0.0000,0,0.0000,0,0.0000,0.0000,0,0.0000,0.0000,0,0,0,0,0,0,0,0,0,0,0,0,0,0,0,0,0,0,0,0,0,0,0,0,0
WG_METRICS 258,256,768,1.9520,0.0087,0.0070,1.8882,0.0189,0.0291,256,768,196608,393216,104122.3594,208244.7188,0.0000,0,0.0000,0.0000,0,0.0000,0,0.0000,0.0000,0,0.0000,0.0000,0,0,0,0,0,0,0,0,0,0,0,0,0,0,0,0,0,0,0,0,0,0,0,0,0
WG_METRICS 259,256,768,1.9070,0.0088,0.0070,1.8431,0.0193,0.0288,256,768,196608,393216,106673.6094,213347.2188,0.0000,0,0.0000,0.0000,0,0.0000,0,0.0000,0.0000,0,0.0000,0.0000,0,0,0,0,0,0,0,0,0,0,0,0,0,0,0,0,0,0,0,0,0,0,0,0,0
WG_METRICS 260,256,768,1.9254,0.0088,0.0070,1.8608,0.0194,0.0295,256,768,196608,393216,105657.7812,211315.5625,0.0000,0,0.0000,0.0000,0,0.0000,0,0.0000,0.0000,0,0.0000,0.0000,0,0,0,0,0,0,0,0,0,0,0,0,0,0,0,0,0,0,0,0,0,0,0,0,0
WG_METRICS 261,256,768,1.9481,0.0086,0.0070,1.8826,0.0193,0.0305,256,768,196608,393216,104434.2969,208868.5938,0.0000,0,0.0000,0.0000,0,0.0000,0,0.0000,0.0000,0,0.0000,0.0000,0,0,0,0,0,0,0,0,0,0,0,0,0,0,0,0,0,0,0,0,0,0,0,0,0
WG_METRICS 262,256,768,1.9228,0.0088,0.0070,1.8590,0.0188,0.0292,256,768,196608,393216,105762.3594,211524.7188,0.0000,0,0.0000,0.0000,0,0.0000,0,0.0000,0.0000,0,0.0000,0.0000,0,0,0,0,0,0,0,0,0,0,0,0,0,0,0,0,0,0,0,0,0,0,0,0,0
WG_METRICS 263,256,768,1.9158,0.0087,0.0070,1.8495,0.0196,0.0310,256,768,196608,393216,106304.4766,212608.9531,0.0000,0,0.0000,0.0000,0,0.0000,0,0.0000,0.0000,0,0.0000,0.0000,0,0,0,0,0,0,0,0,0,0,0,0,0,0,0,0,0,0,0,0,0,0,0,0,0
WG_METRICS 264,256,768,2.0945,0.0089,0.0070,1.9036,0.1462,0.0288,256,768,196608,393216,103280.0312,206560.0625,0.0000,0,0.0000,0.0000,0,0.0000,0,0.0000,0.0000,0,0.0000,0.0000,0,0,0,0,0,0,0,0,0,0,0,0,0,0,0,0,0,0,0,0,0,0,0,0,0
WG_METRICS 265,256,768,1.9732,0.0087,0.0070,1.9094,0.0193,0.0287,256,768,196608,393216,102968.4688,205936.9375,0.0000,0,0.0000,0.0000,0,0.0000,0,0.0000,0.0000,0,0.0000,0.0000,0,0,0,0,0,0,0,0,0,0,0,0,0,0,0,0,0,0,0,0,0,0,0,0,0
WG_METRICS 266,256,768,1.9252,0.0088,0.0070,1.8631,0.0175,0.0288,256,768,196608,393216,105526.2188,211052.4375,0.0000,0,0.0000,0.0000,0,0.0000,0,0.0000,0.0000,0,0.0000,0.0000,0,0,0,0,0,0,0,0,0,0,0,0,0,0,0,0,0,0,0,0,0,0,0,0,0
WG_METRICS 267,256,768,1.9418,0.0088,0.0070,1.8776,0.0189,0.0295,256,768,196608,393216,104714.6250,209429.2500,0.0000,0,0.0000,0.0000,0,0.0000,0,0.0000,0.0000,0,0.0000,0.0000,0,0,0,0,0,0,0,0,0,0,0,0,0,0,0,0,0,0,0,0,0,0,0,0,0
WG_METRICS 268,256,768,1.9370,0.0088,0.0070,1.8733,0.0187,0.0292,256,768,196608,393216,104953.8750,209907.7500,0.0000,0,0.0000,0.0000,0,0.0000,0,0.0000,0.0000,0,0.0000,0.0000,0,0,0,0,0,0,0,0,0,0,0,0,0,0,0,0,0,0,0,0,0,0,0,0,0
WG_METRICS 269,256,768,1.9639,0.0088,0.0071,1.9006,0.0188,0.0286,256,768,196608,393216,103447.4062,206894.8125,0.0000,0,0.0000,0.0000,0,0.0000,0,0.0000,0.0000,0,0.0000,0.0000,0,0,0,0,0,0,0,0,0,0,0,0,0,0,0,0,0,0,0,0,0,0,0,0,0
WG_METRICS 270,256,768,1.9286,0.0088,0.0071,1.8645,0.0188,0.0295,256,768,196608,393216,105449.2422,210898.4844,0.0000,0,0.0000,0.0000,0,0.0000,0,0.0000,0.0000,0,0.0000,0.0000,0,0,0,0,0,0,0,0,0,0,0,0,0,0,0,0,0,0,0,0,0,0,0,0,0
WG_METRICS 271,256,768,1.9202,0.0088,0.0070,1.8499,0.0258,0.0287,256,768,196608,393216,106281.4922,212562.9844,0.0000,0,0.0000,0.0000,0,0.0000,0,0.0000,0.0000,0,0.0000,0.0000,0,0,0,0,0,0,0,0,0,0,0,0,0,0,0,0,0,0,0,0,0,0,0,0,0
WG_METRICS 272,256,768,1.9442,0.0089,0.0070,1.8932,0.0057,0.0294,256,768,196608,393216,103849.5625,207699.1250,0.0000,0,0.0000,0.0000,0,0.0000,0,0.0000,0.0000,0,0.0000,0.0000,0,0,0,0,0,0,0,0,0,0,0,0,0,0,0,0,0,0,0,0,0,0,0,0,0
WG_METRICS 273,256,768,1.9225,0.0088,0.0070,1.8601,0.0192,0.0273,256,768,196608,393216,105698.6797,211397.3594,0.0000,0,0.0000,0.0000,0,0.0000,0,0.0000,0.0000,0,0.0000,0.0000,0,0,0,0,0,0,0,0,0,0,0,0,0,0,0,0,0,0,0,0,0,0,0,0,0
WG_METRICS 274,256,768,1.7454,0.0085,0.0070,1.6856,0.0190,0.0252,256,768,196608,393216,116639.7656,233279.5312,0.0000,0,0.0000,0.0000,0,0.0000,0,0.0000,0.0000,0,0.0000,0.0000,0,0,0,0,0,0,0,0,0,0,0,0,0,0,0,0,0,0,0,0,0,0,0,0,0
WG_METRICS 275,256,768,1.6262,0.0084,0.0070,1.5763,0.0110,0.0236,256,768,196608,393216,124725.9375,249451.8750,0.0000,0,0.0000,0.0000,0,0.0000,0,0.0000,0.0000,0,0.0000,0.0000,0,0,0,0,0,0,0,0,0,0,0,0,0,0,0,0,0,0,0,0,0,0,0,0,0
WG_METRICS 276,256,768,1.6184,0.0083,0.0069,1.5610,0.0184,0.0238,256,768,196608,393216,125950.0312,251900.0625,0.0000,0,0.0000,0.0000,0,0.0000,0,0.0000,0.0000,0,0.0000,0.0000,0,0,0,0,0,0,0,0,0,0,0,0,0,0,0,0,0,0,0,0,0,0,0,0,0
WG_METRICS 277,256,768,1.6879,0.0084,0.0070,1.6221,0.0253,0.0251,256,768,196608,393216,121204.3516,242408.7031,0.0000,0,0.0000,0.0000,0,0.0000,0,0.0000,0.0000,0,0.0000,0.0000,0,0,0,0,0,0,0,0,0,0,0,0,0,0,0,0,0,0,0,0,0,0,0,0,0
WG_METRICS 278,256,768,1.6640,0.0084,0.0070,1.5966,0.0268,0.0251,256,768,196608,393216,123141.6719,246283.3438,0.0000,0,0.0000,0.0000,0,0.0000,0,0.0000,0.0000,0,0.0000,0.0000,0,0,0,0,0,0,0,0,0,0,0,0,0,0,0,0,0,0,0,0,0,0,0,0,0
WG_METRICS 279,256,768,1.6487,0.0084,0.0069,1.5896,0.0189,0.0248,256,768,196608,393216,123680.8281,247361.6562,0.0000,0,0.0000,0.0000,0,0.0000,0,0.0000,0.0000,0,0.0000,0.0000,0,0,0,0,0,0,0,0,0,0,0,0,0,0,0,0,0,0,0,0,0,0,0,0,0
WG_METRICS 280,256,768,1.6804,0.0084,0.0069,1.6214,0.0186,0.0250,256,768,196608,393216,121255.1797,242510.3594,0.0000,0,0.0000,0.0000,0,0.0000,0,0.0000,0.0000,0,0.0000,0.0000,0,0,0,0,0,0,0,0,0,0,0,0,0,0,0,0,0,0,0,0,0,0,0,0,0
WG_METRICS 281,256,768,1.7462,0.0085,0.0070,1.6856,0.0186,0.0266,256,768,196608,393216,116639.7656,233279.5312,0.0000,0,0.0000,0.0000,0,0.0000,0,0.0000,0.0000,0,0.0000,0.0000,0,0,0,0,0,0,0,0,0,0,0,0,0,0,0,0,0,0,0,0,0,0,0,0,0
WG_METRICS 282,256,768,1.9125,0.0086,0.0070,1.8476,0.0187,0.0305,256,768,196608,393216,106410.3359,212820.6719,0.0000,0,0.0000,0.0000,0,0.0000,0,0.0000,0.0000,0,0.0000,0.0000,0,0,0,0,0,0,0,0,0,0,0,0,0,0,0,0,0,0,0,0,0,0,0,0,0
WG_METRICS 283,256,768,1.9548,0.0087,0.0070,1.8916,0.0188,0.0286,256,768,196608,393216,103935.2109,207870.4219,0.0000,0,0.0000,0.0000,0,0.0000,0,0.0000,0.0000,0,0.0000,0.0000,0,0,0,0,0,0,0,0,0,0,0,0,0,0,0,0,0,0,0,0,0,0,0,0,0
WG_METRICS 284,256,768,1.9384,0.0088,0.0070,1.8677,0.0259,0.0290,256,768,196608,393216,105268.5703,210537.1406,0.0000,0,0.0000,0.0000,0,0.0000,0,0.0000,0.0000,0,0.0000,0.0000,0,0,0,0,0,0,0,0,0,0,0,0,0,0,0,0,0,0,0,0,0,0,0,0,0
WG_METRICS 285,256,768,1.9212,0.0088,0.0070,1.8654,0.0110,0.0290,256,768,196608,393216,105394.9766,210789.9531,0.0000,0,0.0000,0.0000,0,0.0000,0,0.0000,0.0000,0,0.0000,0.0000,0,0,0,0,0,0,0,0,0,0,0,0,0,0,0,0,0,0,0,0,0,0,0,0,0
WG_METRICS 286,256,768,1.8938,0.0088,0.0070,1.8289,0.0202,0.0288,256,768,196608,393216,107499.5078,214999.0156,0.0000,0,0.0000,0.0000,0,0.0000,0,0.0000,0.0000,0,0.0000,0.0000,0,0,0,0,0,0,0,0,0,0,0,0,0,0,0,0,0,0,0,0,0,0,0,0,0
WG_METRICS 287,256,768,1.9392,0.0087,0.0071,1.8758,0.0191,0.0285,256,768,196608,393216,104810.6484,209621.2969,0.0000,0,0.0000,0.0000,0,0.0000,0,0.0000,0.0000,0,0.0000,0.0000,0,0,0,0,0,0,0,0,0,0,0,0,0,0,0,0,0,0,0,0,0,0,0,0,0
WG_METRICS 288,256,768,1.7801,0.0086,0.0070,1.7192,0.0186,0.0266,256,768,196608,393216,114362.8281,228725.6562,0.0000,0,0.0000,0.0000,0,0.0000,0,0.0000,0.0000,0,0.0000,0.0000,0,0,0,0,0,0,0,0,0,0,0,0,0,0,0,0,0,0,0,0,0,0,0,0,0
WG_METRICS 289,256,768,1.7077,0.0088,0.0072,1.6403,0.0264,0.0250,256,768,196608,393216,119859.5469,239719.0938,0.0000,0,0.0000,0.0000,0,0.0000,0,0.0000,0.0000,0,0.0000,0.0000,0,0,0,0,0,0,0,0,0,0,0,0,0,0,0,0,0,0,0,0,0,0,0,0,0
WG_METRICS 290,256,768,1.6549,0.0083,0.0071,1.5962,0.0186,0.0248,256,768,196608,393216,123175.6172,246351.2344,0.0000,0,0.0000,0.0000,0,0.0000,0,0.0000,0.0000,0,0.0000,0.0000,0,0,0,0,0,0,0,0,0,0,0,0,0,0,0,0,0,0,0,0,0,0,0,0,0
WG_METRICS 291,256,768,1.7610,0.0086,0.0070,1.7001,0.0192,0.0262,256,768,196608,393216,115646.3203,231292.6406,0.0000,0,0.0000,0.0000,0,0.0000,0,0.0000,0.0000,0,0.0000,0.0000,0,0,0,0,0,0,0,0,0,0,0,0,0,0,0,0,0,0,0,0,0,0,0,0,0
WG_METRICS 292,256,768,1.7446,0.0084,0.0070,1.6916,0.0111,0.0265,256,768,196608,393216,116226.0625,232452.1250,0.0000,0,0.0000,0.0000,0,0.0000,0,0.0000,0.0000,0,0.0000,0.0000,0,0,0,0,0,0,0,0,0,0,0,0,0,0,0,0,0,0,0,0,0,0,0,0,0
WG_METRICS 293,256,768,1.7738,0.0085,0.0070,1.7128,0.0187,0.0268,256,768,196608,393216,114787.4844,229574.9688,0.0000,0,0.0000,0.0000,0,0.0000,0,0.0000,0.0000,0,0.0000,0.0000,0,0,0,0,0,0,0,0,0,0,0,0,0,0,0,0,0,0,0,0,0,0,0,0,0
WG_METRICS 294,256,768,1.9281,0.0087,0.0071,1.8647,0.0188,0.0288,256,768,196608,393216,105435.6719,210871.3438,0.0000,0,0.0000,0.0000,0,0.0000,0,0.0000,0.0000,0,0.0000,0.0000,0,0,0,0,0,0,0,0,0,0,0,0,0,0,0,0,0,0,0,0,0,0,0,0,0
WG_METRICS 295,256,768,1.9434,0.0087,0.0071,1.8784,0.0194,0.0298,256,768,196608,393216,104665.5703,209331.1406,0.0000,0,0.0000,0.0000,0,0.0000,0,0.0000,0.0000,0,0.0000,0.0000,0,0,0,0,0,0,0,0,0,0,0,0,0,0,0,0,0,0,0,0,0,0,0,0,0
WG_METRICS 296,256,768,1.9153,0.0088,0.0070,1.8519,0.0188,0.0288,256,768,196608,393216,106166.7109,212333.4219,0.0000,0,0.0000,0.0000,0,0.0000,0,0.0000,0.0000,0,0.0000,0.0000,0,0,0,0,0,0,0,0,0,0,0,0,0,0,0,0,0,0,0,0,0,0,0,0,0
WG_METRICS 297,256,768,1.9334,0.0087,0.0070,1.8700,0.0189,0.0288,256,768,196608,393216,105137.9688,210275.9375,0.0000,0,0.0000,0.0000,0,0.0000,0,0.0000,0.0000,0,0.0000,0.0000,0,0,0,0,0,0,0,0,0,0,0,0,0,0,0,0,0,0,0,0,0,0,0,0,0
WG_METRICS 298,256,768,1.9333,0.0089,0.0070,1.8626,0.0262,0.0286,256,768,196608,393216,105555.6797,211111.3594,0.0000,0,0.0000,0.0000,0,0.0000,0,0.0000,0.0000,0,0.0000,0.0000,0,0,0,0,0,0,0,0,0,0,0,0,0,0,0,0,0,0,0,0,0,0,0,0,0
WG_METRICS 299,256,768,1.9100,0.0088,0.0070,1.8457,0.0195,0.0290,256,768,196608,393216,106521.0312,213042.0625,0.0000,0,0.0000,0.0000,0,0.0000,0,0.0000,0.0000,0,0.0000,0.0000,0,0,0,0,0,0,0,0,0,0,0,0,0,0,0,0,0,0,0,0,0,0,0,0,0
WG_METRICS 300,256,768,1.9456,0.0088,0.0070,1.8819,0.0192,0.0286,256,768,196608,393216,104474.2500,208948.5000,0.0000,0,0.0000,0.0000,0,0.0000,0,0.0000,0.0000,0,0.0000,0.0000,0,0,0,0,0,0,0,0,0,0,0,0,0,0,0,0,0,0,0,0,0,0,0,0,0
WG_METRICS 301,256,768,1.9424,0.0088,0.0070,1.8796,0.0177,0.0292,256,768,196608,393216,104600.9766,209201.9531,0.0000,0,0.0000,0.0000,0,0.0000,0,0.0000,0.0000,0,0.0000,0.0000,0,0,0,0,0,0,0,0,0,0,0,0,0,0,0,0,0,0,0,0,0,0,0,0,0
WG_METRICS 302,256,768,1.9456,0.0088,0.0070,1.8821,0.0188,0.0289,256,768,196608,393216,104460.9297,208921.8594,0.0000,0,0.0000,0.0000,0,0.0000,0,0.0000,0.0000,0,0.0000,0.0000,0,0,0,0,0,0,0,0,0,0,0,0,0,0,0,0,0,0,0,0,0,0,0,0,0
WG_METRICS 303,256,768,1.9549,0.0087,0.0070,1.8848,0.0258,0.0286,256,768,196608,393216,104312.3984,208624.7969,0.0000,0,0.0000,0.0000,0,0.0000,0,0.0000,0.0000,0,0.0000,0.0000,0,0,0,0,0,0,0,0,0,0,0,0,0,0,0,0,0,0,0,0,0,0,0,0,0
WG_METRICS 304,256,768,1.9788,0.0089,0.0070,1.9058,0.0273,0.0299,256,768,196608,393216,103165.1406,206330.2812,0.0000,0,0.0000,0.0000,0,0.0000,0,0.0000,0.0000,0,0.0000,0.0000,0,0,0,0,0,0,0,0,0,0,0,0,0,0,0,0,0,0,0,0,0,0,0,0,0
WG_METRICS 305,256,768,1.9681,0.0090,0.0070,1.9036,0.0193,0.0292,256,768,196608,393216,103284.3672,206568.7344,0.0000,0,0.0000,0.0000,0,0.0000,0,0.0000,0.0000,0,0.0000,0.0000,0,0,0,0,0,0,0,0,0,0,0,0,0,0,0,0,0,0,0,0,0,0,0,0,0
WG_METRICS 306,256,768,2.2365,0.0087,0.0070,1.7144,0.4814,0.0251,256,768,196608,393216,114683.0312,229366.0625,0.0000,0,0.0000,0.0000,0,0.0000,0,0.0000,0.0000,0,0.0000,0.0000,0,0,0,0,0,0,0,0,0,0,0,0,0,0,0,0,0,0,0,0,0,0,0,0,0
WG_METRICS 307,256,768,1.4941,0.0082,0.0070,1.4384,0.0183,0.0222,256,768,196608,393216,136689.0156,273378.0312,0.0000,0,0.0000,0.0000,0,0.0000,0,0.0000,0.0000,0,0.0000,0.0000,0,0,0,0,0,0,0,0,0,0,0,0,0,0,0,0,0,0,0,0,0,0,0,0,0
WG_METRICS 308,256,768,1.3631,0.0080,0.0069,1.3095,0.0181,0.0206,256,768,196608,393216,150137.4531,300274.9062,0.0000,0,0.0000,0.0000,0,0.0000,0,0.0000,0.0000,0,0.0000,0.0000,0,0,0,0,0,0,0,0,0,0,0,0,0,0,0,0,0,0,0,0,0,0,0,0,0
WG_METRICS 309,256,768,1.4293,0.0079,0.0070,1.3740,0.0183,0.0222,256,768,196608,393216,143091.7031,286183.4062,0.0000,0,0.0000,0.0000,0,0.0000,0,0.0000,0.0000,0,0.0000,0.0000,0,0,0,0,0,0,0,0,0,0,0,0,0,0,0,0,0,0,0,0,0,0,0,0,0
WG_METRICS 310,256,768,1.6928,0.0083,0.0070,1.6386,0.0125,0.0264,256,768,196608,393216,119988.2812,239976.5625,0.0000,0,0.0000,0.0000,0,0.0000,0,0.0000,0.0000,0,0.0000,0.0000,0,0,0,0,0,0,0,0,0,0,0,0,0,0,0,0,0,0,0,0,0,0,0,0,0
WG_METRICS 311,256,768,1.9286,0.0087,0.0071,1.8781,0.0057,0.0291,256,768,196608,393216,104685.6328,209371.2656,0.0000,0,0.0000,0.0000,0,0.0000,0,0.0000,0.0000,0,0.0000,0.0000,0,0,0,0,0,0,0,0,0,0,0,0,0,0,0,0,0,0,0,0,0,0,0,0,0
WG_METRICS 312,256,768,1.9337,0.0089,0.0070,1.8695,0.0194,0.0289,256,768,196608,393216,105164.9688,210329.9375,0.0000,0,0.0000,0.0000,0,0.0000,0,0.0000,0.0000,0,0.0000,0.0000,0,0,0,0,0,0,0,0,0,0,0,0,0,0,0,0,0,0,0,0,0,0,0,0,0
WG_METRICS 313,256,768,1.9508,0.0088,0.0070,1.8856,0.0194,0.0300,256,768,196608,393216,104265.9219,208531.8438,0.0000,0,0.0000,0.0000,0,0.0000,0,0.0000,0.0000,0,0.0000,0.0000,0,0,0,0,0,0,0,0,0,0,0,0,0,0,0,0,0,0,0,0,0,0,0,0,0
WG_METRICS 314,256,768,1.9556,0.0088,0.0070,1.8910,0.0189,0.0299,256,768,196608,393216,103968.1875,207936.3750,0.0000,0,0.0000,0.0000,0,0.0000,0,0.0000,0.0000,0,0.0000,0.0000,0,0,0,0,0,0,0,0,0,0,0,0,0,0,0,0,0,0,0,0,0,0,0,0,0
WG_METRICS 315,256,768,1.9322,0.0088,0.0070,1.8613,0.0264,0.0286,256,768,196608,393216,105630.5391,211261.0781,0.0000,0,0.0000,0.0000,0,0.0000,0,0.0000,0.0000,0,0.0000,0.0000,0,0,0,0,0,0,0,0,0,0,0,0,0,0,0,0,0,0,0,0,0,0,0,0,0
WG_METRICS 316,256,768,1.9323,0.0088,0.0071,1.8673,0.0189,0.0302,256,768,196608,393216,105288.8672,210577.7344,0.0000,0,0.0000,0.0000,0,0.0000,0,0.0000,0.0000,0,0.0000,0.0000,0,0,0,0,0,0,0,0,0,0,0,0,0,0,0,0,0,0,0,0,0,0,0,0,0
WG_METRICS 317,256,768,1.9481,0.0088,0.0071,1.8775,0.0259,0.0289,256,768,196608,393216,104719.0938,209438.1875,0.0000,0,0.0000,0.0000,0,0.0000,0,0.0000,0.0000,0,0.0000,0.0000,0,0,0,0,0,0,0,0,0,0,0,0,0,0,0,0,0,0,0,0,0,0,0,0,0
WG_METRICS 318,256,768,1.9744,0.0087,0.0070,1.9016,0.0273,0.0298,256,768,196608,393216,103393.0078,206786.0156,0.0000,0,0.0000,0.0000,0,0.0000,0,0.0000,0.0000,0,0.0000,0.0000,0,0,0,0,0,0,0,0,0,0,0,0,0,0,0,0,0,0,0,0,0,0,0,0,0
WG_METRICS 319,256,768,1.6992,0.0086,0.0070,1.6500,0.0082,0.0254,256,768,196608,393216,119153.4766,238306.9531,0.0000,0,0.0000,0.0000,0,0.0000,0,0.0000,0.0000,0,0.0000,0.0000,0,0,0,0,0,0,0,0,0,0,0,0,0,0,0,0,0,0,0,0,0,0,0,0,0
WG_METRICS 320,256,768,1.4297,0.0080,0.0069,1.3809,0.0141,0.0198,256,768,196608,393216,142378.7656,284757.5312,0.0000,0,0.0000,0.0000,0,0.0000,0,0.0000,0.0000,0,0.0000,0.0000,0,0,0,0,0,0,0,0,0,0,0,0,0,0,0,0,0,0,0,0,0,0,0,0,0
WG_METRICS 321,256,768,1.2360,0.0078,0.0069,1.1845,0.0180,0.0188,256,768,196608,393216,165981.1562,331962.3125,0.0000,0,0.0000,0.0000,0,0.0000,0,0.0000,0.0000,0,0.0000,0.0000,0,0,0,0,0,0,0,0,0,0,0,0,0,0,0,0,0,0,0,0,0,0,0,0,0
WG_METRICS 322,256,768,1.2602,0.0078,0.0068,1.2082,0.0180,0.0193,256,768,196608,393216,162733.4062,325466.8125,0.0000,0,0.0000,0.0000,0,0.0000,0,0.0000,0.0000,0,0.0000,0.0000,0,0,0,0,0,0,0,0,0,0,0,0,0,0,0,0,0,0,0,0,0,0,0,0,0
WG_METRICS 323,256,768,1.4166,0.0079,0.0069,1.3619,0.0182,0.0216,256,768,196608,393216,144365.1406,288730.2812,0.0000,0,0.0000,0.0000,0,0.0000,0,0.0000,0.0000,0,0.0000,0.0000,0,0,0,0,0,0,0,0,0,0,0,0,0,0,0,0,0,0,0,0,0,0,0,0,0
WG_METRICS 324,256,768,1.6546,0.0082,0.0070,1.5962,0.0170,0.0262,256,768,196608,393216,123169.4453,246338.8906,0.0000,0,0.0000,0.0000,0,0.0000,0,0.0000,0.0000,0,0.0000,0.0000,0,0,0,0,0,0,0,0,0,0,0,0,0,0,0,0,0,0,0,0,0,0,0,0,0
WG_METRICS 325,256,768,1.9492,0.0087,0.0070,1.8935,0.0110,0.0290,256,768,196608,393216,103832.0156,207664.0312,0.0000,0,0.0000,0.0000,0,0.0000,0,0.0000,0.0000,0,0.0000,0.0000,0,0,0,0,0,0,0,0,0,0,0,0,0,0,0,0,0,0,0,0,0,0,0,0,0
WG_METRICS 326,256,768,1.9132,0.0088,0.0070,1.8487,0.0199,0.0287,256,768,196608,393216,106350.4766,212700.9531,0.0000,0,0.0000,0.0000,0,0.0000,0,0.0000,0.0000,0,0.0000,0.0000,0,0,0,0,0,0,0,0,0,0,0,0,0,0,0,0,0,0,0,0,0,0,0,0,0
WG_METRICS 327,256,768,1.9270,0.0087,0.0070,1.8627,0.0192,0.0294,256,768,196608,393216,105551.1406,211102.2812,0.0000,0,0.0000,0.0000,0,0.0000,0,0.0000,0.0000,0,0.0000,0.0000,0,0,0,0,0,0,0,0,0,0,0,0,0,0,0,0,0,0,0,0,0,0,0,0,0
WG_METRICS 328,256,768,1.9404,0.0088,0.0070,1.8770,0.0189,0.0287,256,768,196608,393216,104748.1016,209496.2031,0.0000,0,0.0000,0.0000,0,0.0000,0,0.0000,0.0000,0,0.0000,0.0000,0,0,0,0,0,0,0,0,0,0,0,0,0,0,0,0,0,0,0,0,0,0,0,0,0
WG_METRICS 329,256,768,1.9469,0.0088,0.0070,1.8741,0.0267,0.0303,256,768,196608,393216,104906.8359,209813.6719,0.0000,0,0.0000,0.0000,0,0.0000,0,0.0000,0.0000,0,0.0000,0.0000,0,0,0,0,0,0,0,0,0,0,0,0,0,0,0,0,0,0,0,0,0,0,0,0,0
WG_METRICS 330,256,768,1.9310,0.0088,0.0070,1.8673,0.0188,0.0291,256,768,196608,393216,105288.8672,210577.7344,0.0000,0,0.0000,0.0000,0,0.0000,0,0.0000,0.0000,0,0.0000,0.0000,0,0,0,0,0,0,0,0,0,0,0,0,0,0,0,0,0,0,0,0,0,0,0,0,0
WG_METRICS 331,256,768,1.9729,0.0087,0.0070,1.9019,0.0254,0.0298,256,768,196608,393216,103375.6094,206751.2188,0.0000,0,0.0000,0.0000,0,0.0000,0,0.0000,0.0000,0,0.0000,0.0000,0,0,0,0,0,0,0,0,0,0,0,0,0,0,0,0,0,0,0,0,0,0,0,0,0
WG_METRICS 332,256,768,1.9508,0.0088,0.0070,1.8792,0.0267,0.0290,256,768,196608,393216,104623.2422,209246.4844,0.0000,0,0.0000,0.0000,0,0.0000,0,0.0000,0.0000,0,0.0000,0.0000,0,0,0,0,0,0,0,0,0,0,0,0,0,0,0,0,0,0,0,0,0,0,0,0,0
WG_METRICS 333,256,768,1.8083,0.0087,0.0071,1.7543,0.0113,0.0269,256,768,196608,393216,112070.7734,224141.5469,0.0000,0,0.0000,0.0000,0,0.0000,0,0.0000,0.0000,0,0.0000,0.0000,0,0,0,0,0,0,0,0,0,0,0,0,0,0,0,0,0,0,0,0,0,0,0,0,0
WG_METRICS 334,256,768,1.4661,0.0082,0.0070,1.4103,0.0187,0.0220,256,768,196608,393216,139406.6562,278813.3125,0.0000,0,0.0000,0.0000,0,0.0000,0,0.0000,0.0000,0,0.0000,0.0000,0,0,0,0,0,0,0,0,0,0,0,0,0,0,0,0,0,0,0,0,0,0,0,0,0
WG_METRICS 335,256,768,1.3343,0.0079,0.0069,1.2816,0.0181,0.0198,256,768,196608,393216,153403.4531,306806.9062,0.0000,0,0.0000,0.0000,0,0.0000,0,0.0000,0.0000,0,0.0000,0.0000,0,0,0,0,0,0,0,0,0,0,0,0,0,0,0,0,0,0,0,0,0,0,0,0,0
WG_METRICS 336,256,768,1.2961,0.0078,0.0070,1.2440,0.0180,0.0194,256,768,196608,393216,158050.0938,316100.1875,0.0000,0,0.0000,0.0000,0,0.0000,0,0.0000,0.0000,0,0.0000,0.0000,0,0,0,0,0,0,0,0,0,0,0,0,0,0,0,0,0,0,0,0,0,0,0,0,0
WG_METRICS 337,256,768,1.3856,0.0080,0.0068,1.3314,0.0182,0.0212,256,768,196608,393216,147670.1250,295340.2500,0.0000,0,0.0000,0.0000,0,0.0000,0,0.0000,0.0000,0,0.0000,0.0000,0,0,0,0,0,0,0,0,0,0,0,0,0,0,0,0,0,0,0,0,0,0,0,0,0
WG_METRICS 338,256,768,1.5754,0.0084,0.0069,1.5185,0.0166,0.0250,256,768,196608,393216,129476.8516,258953.7031,0.0000,0,0.0000,0.0000,0,0.0000,0,0.0000,0.0000,0,0.0000,0.0000,0,0,0,0,0,0,0,0,0,0,0,0,0,0,0,0,0,0,0,0,0,0,0,0,0
WG_METRICS 339,256,768,1.9418,0.0089,0.0070,1.8696,0.0263,0.0299,256,768,196608,393216,105158.2109,210316.4219,0.0000,0,0.0000,0.0000,0,0.0000,0,0.0000,0.0000,0,0.0000,0.0000,0,0,0,0,0,0,0,0,0,0,0,0,0,0,0,0,0,0,0,0,0,0,0,0,0
WG_METRICS 340,256,768,1.9291,0.0088,0.0070,1.8682,0.0156,0.0296,256,768,196608,393216,105241.5234,210483.0469,0.0000,0,0.0000,0.0000,0,0.0000,0,0.0000,0.0000,0,0.0000,0.0000,0,0,0,0,0,0,0,0,0,0,0,0,0,0,0,0,0,0,0,0,0,0,0,0,0
WG_METRICS 341,256,768,1.9312,0.0088,0.0070,1.8675,0.0192,0.0287,256,768,196608,393216,105277.5859,210555.1719,0.0000,0,0.0000,0.0000,0,0.0000,0,0.0000,0.0000,0,0.0000,0.0000,0,0,0,0,0,0,0,0,0,0,0,0,0,0,0,0,0,0,0,0,0,0,0,0,0
WG_METRICS 342,256,768,1.9273,0.0088,0.0071,1.8556,0.0272,0.0286,256,768,196608,393216,105953.8672,211907.7344,0.0000,0,0.0000,0.0000,0,0.0000,0,0.0000,0.0000,0,0.0000,0.0000,0,0,0,0,0,0,0,0,0,0,0,0,0,0,0,0,0,0,0,0,0,0,0,0,0
WG_METRICS 343,256,768,1.9207,0.0088,0.0070,1.8643,0.0118,0.0287,256,768,196608,393216,105458.2891,210916.5781,0.0000,0,0.0000,0.0000,0,0.0000,0,0.0000,0.0000,0,0.0000,0.0000,0,0,0,0,0,0,0,0,0,0,0,0,0,0,0,0,0,0,0,0,0,0,0,0,0
WG_METRICS 344,256,768,1.8971,0.0087,0.0070,1.8382,0.0145,0.0286,256,768,196608,393216,106956.8047,213913.6094,0.0000,0,0.0000,0.0000,0,0.0000,0,0.0000,0.0000,0,0.0000,0.0000,0,0,0,0,0,0,0,0,0,0,0,0,0,0,0,0,0,0,0,0,0,0,0,0,0
WG_METRICS 345,256,768,1.9242,0.0087,0.0070,1.8608,0.0188,0.0289,256,768,196608,393216,105657.7812,211315.5625,0.0000,0,0.0000,0.0000,0,0.0000,0,0.0000,0.0000,0,0.0000,0.0000,0,0,0,0,0,0,0,0,0,0,0,0,0,0,0,0,0,0,0,0,0,0,0,0,0
WG_METRICS 346,256,768,1.9030,0.0088,0.0070,1.8326,0.0262,0.0284,256,768,196608,393216,107285.9844,214571.9688,0.0000,0,0.0000,0.0000,0,0.0000,0,0.0000,0.0000,0,0.0000,0.0000,0,0,0,0,0,0,0,0,0,0,0,0,0,0,0,0,0,0,0,0,0,0,0,0,0
WG_METRICS 347,256,768,1.9187,0.0087,0.0071,1.8529,0.0150,0.0350,256,768,196608,393216,106107.1172,212214.2344,0.0000,0,0.0000,0.0000,0,0.0000,0,0.0000,0.0000,0,0.0000,0.0000,0,0,0,0,0,0,0,0,0,0,0,0,0,0,0,0,0,0,0,0,0,0,0,0,0
WG_METRICS 348,256,768,1.9142,0.0089,0.0071,1.8493,0.0202,0.0287,256,768,196608,393216,106313.6719,212627.3438,0.0000,0,0.0000,0.0000,0,0.0000,0,0.0000,0.0000,0,0.0000,0.0000,0,0,0,0,0,0,0,0,0,0,0,0,0,0,0,0,0,0,0,0,0,0,0,0,0
WG_METRICS 349,256,768,1.9122,0.0087,0.0070,1.8482,0.0194,0.0289,256,768,196608,393216,106380.3984,212760.7969,0.0000,0,0.0000,0.0000,0,0.0000,0,0.0000,0.0000,0,0.0000,0.0000,0,0,0,0,0,0,0,0,0,0,0,0,0,0,0,0,0,0,0,0,0,0,0,0,0
WG_METRICS 350,256,768,1.9067,0.0088,0.0070,1.8512,0.0110,0.0287,256,768,196608,393216,106208.0000,212416.0000,0.0000,0,0.0000,0.0000,0,0.0000,0,0.0000,0.0000,0,0.0000,0.0000,0,0,0,0,0,0,0,0,0,0,0,0,0,0,0,0,0,0,0,0,0,0,0,0,0
WG_METRICS 351,256,768,1.9270,0.0087,0.0070,1.8635,0.0189,0.0288,256,768,196608,393216,105503.5625,211007.1250,0.0000,0,0.0000,0.0000,0,0.0000,0,0.0000,0.0000,0,0.0000,0.0000,0,0,0,0,0,0,0,0,0,0,0,0,0,0,0,0,0,0,0,0,0,0,0,0,0
WG_METRICS 352,256,768,1.9382,0.0088,0.0071,1.8676,0.0260,0.0288,256,768,196608,393216,105273.0781,210546.1562,0.0000,0,0.0000,0.0000,0,0.0000,0,0.0000,0.0000,0,0.0000,0.0000,0,0,0,0,0,0,0,0,0,0,0,0,0,0,0,0,0,0,0,0,0,0,0,0,0
WG_METRICS 353,256,768,1.9900,0.0088,0.0070,1.9184,0.0272,0.0287,256,768,196608,393216,102487.5391,204975.0781,0.0000,0,0.0000,0.0000,0,0.0000,0,0.0000,0.0000,0,0.0000,0.0000,0,0,0,0,0,0,0,0,0,0,0,0,0,0,0,0,0,0,0,0,0,0,0,0,0
WG_METRICS 354,256,768,1.9254,0.0088,0.0071,1.8617,0.0193,0.0284,256,768,196608,393216,105605.5703,211211.1406,0.0000,0,0.0000,0.0000,0,0.0000,0,0.0000,0.0000,0,0.0000,0.0000,0,0,0,0,0,0,0,0,0,0,0,0,0,0,0,0,0,0,0,0,0,0,0,0,0
WG_METRICS 355,256,768,1.9332,0.0088,0.0070,1.8632,0.0258,0.0284,256,768,196608,393216,105523.9453,211047.8906,0.0000,0,0.0000,0.0000,0,0.0000,0,0.0000,0.0000,0,0.0000,0.0000,0,0,0,0,0,0,0,0,0,0,0,0,0,0,0,0,0,0,0,0,0,0,0,0,0
WG_METRICS 356,256,768,1.9362,0.0088,0.0070,1.8728,0.0188,0.0287,256,768,196608,393216,104978.5312,209957.0625,0.0000,0,0.0000,0.0000,0,0.0000,0,0.0000,0.0000,0,0.0000,0.0000,0,0,0,0,0,0,0,0,0,0,0,0,0,0,0,0,0,0,0,0,0,0,0,0,0
WG_METRICS 357,256,768,1.9511,0.0088,0.0070,1.8876,0.0188,0.0289,256,768,196608,393216,104157.6641,208315.3281,0.0000,0,0.0000,0.0000,0,0.0000,0,0.0000,0.0000,0,0.0000,0.0000,0,0,0,0,0,0,0,0,0,0,0,0,0,0,0,0,0,0,0,0,0,0,0,0,0
WG_METRICS 358,256,768,1.9152,0.0089,0.0070,1.8510,0.0197,0.0287,256,768,196608,393216,106219.4766,212438.9531,0.0000,0,0.0000,0.0000,0,0.0000,0,0.0000,0.0000,0,0.0000,0.0000,0,0,0,0,0,0,0,0,0,0,0,0,0,0,0,0,0,0,0,0,0,0,0,0,0
WG_METRICS 359,256,768,1.9284,0.0093,0.0076,1.8556,0.0197,0.0362,256,768,196608,393216,105956.1562,211912.3125,0.0000,0,0.0000,0.0000,0,0.0000,0,0.0000,0.0000,0,0.0000,0.0000,0,0,0,0,0,0,0,0,0,0,0,0,0,0,0,0,0,0,0,0,0,0,0,0,0
WG_METRICS 360,256,768,1.9438,0.0092,0.0076,1.8703,0.0194,0.0373,256,768,196608,393216,105122.2266,210244.4531,0.0000,0,0.0000,0.0000,0,0.0000,0,0.0000,0.0000,0,0.0000,0.0000,0,0,0,0,0,0,0,0,0,0,0,0,0,0,0,0,0,0,0,0,0,0,0,0,0
WG_METRICS 361,256,768,1.9430,0.0092,0.0076,1.8636,0.0268,0.0357,256,768,196608,393216,105496.7734,210993.5469,0.0000,0,0.0000,0.0000,0,0.0000,0,0.0000,0.0000,0,0.0000,0.0000,0,0,0,0,0,0,0,0,0,0,0,0,0,0,0,0,0,0,0,0,0,0,0,0,0
WG_METRICS 362,256,768,1.9338,0.0093,0.0076,1.8625,0.0194,0.0350,256,768,196608,393216,105562.4766,211124.9531,0.0000,0,0.0000,0.0000,0,0.0000,0,0.0000,0.0000,0,0.0000,0.0000,0,0,0,0,0,0,0,0,0,0,0,0,0,0,0,0,0,0,0,0,0,0,0,0,0
WG_METRICS 363,256,768,1.9539,0.0092,0.0076,1.8720,0.0264,0.0386,256,768,196608,393216,105025.6406,210051.2812,0.0000,0,0.0000,0.0000,0,0.0000,0,0.0000,0.0000,0,0.0000,0.0000,0,0,0,0,0,0,0,0,0,0,0,0,0,0,0,0,0,0,0,0,0,0,0,0,0
WG_METRICS 364,256,768,1.9283,0.0093,0.0076,1.8550,0.0198,0.0366,256,768,196608,393216,105988.1406,211976.2812,0.0000,0,0.0000,0.0000,0,0.0000,0,0.0000,0.0000,0,0.0000,0.0000,0,0,0,0,0,0,0,0,0,0,0,0,0,0,0,0,0,0,0,0,0,0,0,0,0
WG_METRICS 365,256,768,1.9473,0.0092,0.0076,1.8741,0.0193,0.0370,256,768,196608,393216,104906.8359,209813.6719,0.0000,0,0.0000,0.0000,0,0.0000,0,0.0000,0.0000,0,0.0000,0.0000,0,0,0,0,0,0,0,0,0,0,0,0,0,0,0,0,0,0,0,0,0,0,0,0,0
WG_METRICS 366,256,768,1.9398,0.0093,0.0076,1.8665,0.0191,0.0372,256,768,196608,393216,105333.9844,210667.9688,0.0000,0,0.0000,0.0000,0,0.0000,0,0.0000,0.0000,0,0.0000,0.0000,0,0,0,0,0,0,0,0,0,0,0,0,0,0,0,0,0,0,0,0,0,0,0,0,0
WG_METRICS 367,256,768,1.9522,0.0093,0.0076,1.8801,0.0197,0.0355,256,768,196608,393216,104572.0469,209144.0938,0.0000,0,0.0000,0.0000,0,0.0000,0,0.0000,0.0000,0,0.0000,0.0000,0,0,0,0,0,0,0,0,0,0,0,0,0,0,0,0,0,0,0,0,0,0,0,0,0
WG_METRICS 368,256,768,1.9166,0.0093,0.0076,1.8572,0.0112,0.0314,256,768,196608,393216,105864.8672,211729.7344,0.0000,0,0.0000,0.0000,0,0.0000,0,0.0000,0.0000,0,0.0000,0.0000,0,0,0,0,0,0,0,0,0,0,0,0,0,0,0,0,0,0,0,0,0,0,0,0,0
WG_METRICS 369,256,768,1.9110,0.0092,0.0077,1.8462,0.0111,0.0368,256,768,196608,393216,106495.6406,212991.2812,0.0000,0,0.0000,0.0000,0,0.0000,0,0.0000,0.0000,0,0.0000,0.0000,0,0,0,0,0,0,0,0,0,0,0,0,0,0,0,0,0,0,0,0,0,0,0,0,0
WG_METRICS 370,256,768,1.9402,0.0094,0.0076,1.8665,0.0202,0.0364,256,768,196608,393216,105333.9844,210667.9688,0.0000,0,0.0000,0.0000,0,0.0000,0,0.0000,0.0000,0,0.0000,0.0000,0,0,0,0,0,0,0,0,0,0,0,0,0,0,0,0,0,0,0,0,0,0,0,0,0
WG_METRICS 371,256,768,1.9155,0.0093,0.0076,1.8432,0.0195,0.0360,256,768,196608,393216,106668.9766,213337.9531,0.0000,0,0.0000,0.0000,0,0.0000,0,0.0000,0.0000,0,0.0000,0.0000,0,0,0,0,0,0,0,0,0,0,0,0,0,0,0,0,0,0,0,0,0,0,0,0,0
WG_METRICS 372,256,768,1.9642,0.0092,0.0076,1.8930,0.0184,0.0359,256,768,196608,393216,103862.7344,207725.4688,0.0000,0,0.0000,0.0000,0,0.0000,0,0.0000,0.0000,0,0.0000,0.0000,0,0,0,0,0,0,0,0,0,0,0,0,0,0,0,0,0,0,0,0,0,0,0,0,0
WG_METRICS 373,256,768,1.9214,0.0093,0.0076,1.8497,0.0194,0.0354,256,768,196608,393216,106292.9844,212585.9688,0.0000,0,0.0000,0.0000,0,0.0000,0,0.0000,0.0000,0,0.0000,0.0000,0,0,0,0,0,0,0,0,0,0,0,0,0,0,0,0,0,0,0,0,0,0,0,0,0
WG_METRICS 374,256,768,1.9578,0.0094,0.0105,1.8717,0.0284,0.0378,256,768,196608,393216,105041.3516,210082.7031,0.0000,0,0.0000,0.0000,0,0.0000,0,0.0000,0.0000,0,0.0000,0.0000,0,0,0,0,0,0,0,0,0,0,0,0,0,0,0,0,0,0,0,0,0,0,0,0,0
WG_METRICS 375,256,768,1.9166,0.0093,0.0076,1.8438,0.0184,0.0376,256,768,196608,393216,106634.2656,213268.5312,0.0000,0,0.0000,0.0000,0,0.0000,0,0.0000,0.0000,0,0.0000,0.0000,0,0,0,0,0,0,0,0,0,0,0,0,0,0,0,0,0,0,0,0,0,0,0,0,0
WG_METRICS 376,256,768,1.9335,0.0093,0.0076,1.8599,0.0193,0.0374,256,768,196608,393216,105707.7734,211415.5469,0.0000,0,0.0000,0.0000,0,0.0000,0,0.0000,0.0000,0,0.0000,0.0000,0,0,0,0,0,0,0,0,0,0,0,0,0,0,0,0,0,0,0,0,0,0,0,0,0
WG_METRICS 377,256,768,1.9451,0.0093,0.0076,1.8726,0.0194,0.0362,256,768,196608,393216,104989.7500,209979.5000,0.0000,0,0.0000,0.0000,0,0.0000,0,0.0000,0.0000,0,0.0000,0.0000,0,0,0,0,0,0,0,0,0,0,0,0,0,0,0,0,0,0,0,0,0,0,0,0,0
WG_METRICS 378,256,768,1.8962,0.0093,0.0076,1.8340,0.0110,0.0343,256,768,196608,393216,107201.7422,214403.4844,0.0000,0,0.0000,0.0000,0,0.0000,0,0.0000,0.0000,0,0.0000,0.0000,0,0,0,0,0,0,0,0,0,0,0,0,0,0,0,0,0,0,0,0,0,0,0,0,0
WG_METRICS 379,256,768,1.9499,0.0094,0.0076,1.8642,0.0272,0.0414,256,768,196608,393216,105462.8125,210925.6250,0.0000,0,0.0000,0.0000,0,0.0000,0,0.0000,0.0000,0,0.0000,0.0000,0,0,0,0,0,0,0,0,0,0,0,0,0,0,0,0,0,0,0,0,0,0,0,0,0
WG_METRICS 380,256,768,1.9362,0.0094,0.0076,1.8670,0.0160,0.0362,256,768,196608,393216,105304.6484,210609.2969,0.0000,0,0.0000,0.0000,0,0.0000,0,0.0000,0.0000,0,0.0000,0.0000,0,0,0,0,0,0,0,0,0,0,0,0,0,0,0,0,0,0,0,0,0,0,0,0,0
WG_METRICS 381,256,768,1.9885,0.0094,0.0076,1.9245,0.0110,0.0359,256,768,196608,393216,102159.5000,204319.0000,0.0000,0,0.0000,0.0000,0,0.0000,0,0.0000,0.0000,0,0.0000,0.0000,0,0,0,0,0,0,0,0,0,0,0,0,0,0,0,0,0,0,0,0,0,0,0,0,0
WG_METRICS 382,256,768,1.9388,0.0093,0.0076,1.8657,0.0193,0.0369,256,768,196608,393216,105379.1562,210758.3125,0.0000,0,0.0000,0.0000,0,0.0000,0,0.0000,0.0000,0,0.0000,0.0000,0,0,0,0,0,0,0,0,0,0,0,0,0,0,0,0,0,0,0,0,0,0,0,0,0
WG_METRICS 383,256,768,1.9306,0.0092,0.0076,1.8510,0.0270,0.0358,256,768,196608,393216,106217.1797,212434.3594,0.0000,0,0.0000,0.0000,0,0.0000,0,0.0000,0.0000,0,0.0000,0.0000,0,0,0,0,0,0,0,0,0,0,0,0,0,0,0,0,0,0,0,0,0,0,0,0,0
WG_METRICS 384,256,768,1.9550,0.0088,0.0070,1.8904,0.0195,0.0292,256,768,196608,393216,104001.1875,208002.3750,0.0000,0,0.0000,0.0000,0,0.0000,0,0.0000,0.0000,0,0.0000,0.0000,0,0,0,0,0,0,0,0,0,0,0,0,0,0,0,0,0,0,0,0,0,0,0,0,0
WG_METRICS 385,256,768,1.9058,0.0087,0.0071,1.8460,0.0145,0.0294,256,768,196608,393216,106502.5703,213005.1406,0.0000,0,0.0000,0.0000,0,0.0000,0,0.0000,0.0000,0,0.0000,0.0000,0,0,0,0,0,0,0,0,0,0,0,0,0,0,0,0,0,0,0,0,0,0,0,0,0
WG_METRICS 386,256,768,1.9275,0.0088,0.0070,1.8645,0.0188,0.0284,256,768,196608,393216,105446.9844,210893.9688,0.0000,0,0.0000,0.0000,0,0.0000,0,0.0000,0.0000,0,0.0000,0.0000,0,0,0,0,0,0,0,0,0,0,0,0,0,0,0,0,0,0,0,0,0,0,0,0,0
WG_METRICS 387,256,768,1.9278,0.0089,0.0070,1.8641,0.0192,0.0286,256,768,196608,393216,105471.8672,210943.7344,0.0000,0,0.0000,0.0000,0,0.0000,0,0.0000,0.0000,0,0.0000,0.0000,0,0,0,0,0,0,0,0,0,0,0,0,0,0,0,0,0,0,0,0,0,0,0,0,0
WG_METRICS 388,256,768,1.9314,0.0088,0.0070,1.8680,0.0188,0.0287,256,768,196608,393216,105250.5312,210501.0625,0.0000,0,0.0000,0.0000,0,0.0000,0,0.0000,0.0000,0,0.0000,0.0000,0,0,0,0,0,0,0,0,0,0,0,0,0,0,0,0,0,0,0,0,0,0,0,0,0
WG_METRICS 389,256,768,1.9038,0.0088,0.0070,1.8474,0.0118,0.0287,256,768,196608,393216,106424.1641,212848.3281,0.0000,0,0.0000,0.0000,0,0.0000,0,0.0000,0.0000,0,0.0000,0.0000,0,0,0,0,0,0,0,0,0,0,0,0,0,0,0,0,0,0,0,0,0,0,0,0,0
WG_METRICS 390,256,768,1.9010,0.0089,0.0070,1.8371,0.0193,0.0288,256,768,196608,393216,107022.0156,214044.0312,0.0000,0,0.0000,0.0000,0,0.0000,0,0.0000,0.0000,0,0.0000,0.0000,0,0,0,0,0,0,0,0,0,0,0,0,0,0,0,0,0,0,0,0,0,0,0,0,0
WG_METRICS 391,256,768,1.9042,0.0089,0.0070,1.8406,0.0189,0.0288,256,768,196608,393216,106815.0234,213630.0469,0.0000,0,0.0000,0.0000,0,0.0000,0,0.0000,0.0000,0,0.0000,0.0000,0,0,0,0,0,0,0,0,0,0,0,0,0,0,0,0,0,0,0,0,0,0,0,0,0
WG_METRICS 392,256,768,1.9741,0.0089,0.0070,1.9024,0.0272,0.0286,256,768,196608,393216,103347.3516,206694.7031,0.0000,0,0.0000,0.0000,0,0.0000,0,0.0000,0.0000,0,0.0000,0.0000,0,0,0,0,0,0,0,0,0,0,0,0,0,0,0,0,0,0,0,0,0,0,0,0,0
WG_METRICS 393,256,768,1.9341,0.0088,0.0070,1.8706,0.0193,0.0284,256,768,196608,393216,105104.2422,210208.4844,0.0000,0,0.0000,0.0000,0,0.0000,0,0.0000,0.0000,0,0.0000,0.0000,0,0,0,0,0,0,0,0,0,0,0,0,0,0,0,0,0,0,0,0,0,0,0,0,0
WG_METRICS 394,256,768,1.9263,0.0087,0.0070,1.8629,0.0190,0.0286,256,768,196608,393216,105537.5391,211075.0781,0.0000,0,0.0000,0.0000,0,0.0000,0,0.0000,0.0000,0,0.0000,0.0000,0,0,0,0,0,0,0,0,0,0,0,0,0,0,0,0,0,0,0,0,0,0,0,0,0
WG_METRICS 395,256,768,1.9124,0.0087,0.0071,1.8475,0.0188,0.0303,256,768,196608,393216,106419.5547,212839.1094,0.0000,0,0.0000,0.0000,0,0.0000,0,0.0000,0.0000,0,0.0000,0.0000,0,0,0,0,0,0,0,0,0,0,0,0,0,0,0,0,0,0,0,0,0,0,0,0,0
WG_METRICS 396,256,768,1.9064,0.0087,0.0071,1.8434,0.0187,0.0285,256,768,196608,393216,106655.0938,213310.1875,0.0000,0,0.0000,0.0000,0,0.0000,0,0.0000,0.0000,0,0.0000,0.0000,0,0,0,0,0,0,0,0,0,0,0,0,0,0,0,0,0,0,0,0,0,0,0,0,0
WG_METRICS 397,256,768,1.9316,0.0097,0.0072,1.8602,0.0262,0.0284,256,768,196608,393216,105691.8594,211383.7188,0.0000,0,0.0000,0.0000,0,0.0000,0,0.0000,0.0000,0,0.0000,0.0000,0,0,0,0,0,0,0,0,0,0,0,0,0,0,0,0,0,0,0,0,0,0,0,0,0
WG_METRICS 398,256,768,1.9403,0.0087,0.0070,1.8695,0.0260,0.0290,256,768,196608,393216,105164.9688,210329.9375,0.0000,0,0.0000,0.0000,0,0.0000,0,0.0000,0.0000,0,0.0000,0.0000,0,0,0,0,0,0,0,0,0,0,0,0,0,0,0,0,0,0,0,0,0,0,0,0,0
WG_METRICS 399,256,768,1.9294,0.0088,0.0070,1.8642,0.0199,0.0295,256,768,196608,393216,105465.0781,210930.1562,0.0000,0,0.0000,0.0000,0,0.0000,0,0.0000,0.0000,0,0.0000,0.0000,0,0,0,0,0,0,0,0,0,0,0,0,0,0,0,0,0,0,0,0,0,0,0,0,0
WG_METRICS 400,256,768,1.9220,0.0088,0.0070,1.8513,0.0264,0.0284,256,768,196608,393216,106198.8203,212397.6406,0.0000,0,0.0000,0.0000,0,0.0000,0,0.0000,0.0000,0,0.0000,0.0000,0,0,0,0,0,0,0,0,0,0,0,0,0,0,0,0,0,0,0,0,0,0,0,0,0
WG_METRICS 401,256,768,1.9049,0.0088,0.0070,1.8414,0.0189,0.0288,256,768,196608,393216,106768.6172,213537.2344,0.0000,0,0.0000,0.0000,0,0.0000,0,0.0000,0.0000,0,0.0000,0.0000,0,0,0,0,0,0,0,0,0,0,0,0,0,0,0,0,0,0,0,0,0,0,0,0,0
WG_METRICS 402,256,768,1.9658,0.0088,0.0070,1.8920,0.0272,0.0306,256,768,196608,393216,103913.2344,207826.4688,0.0000,0,0.0000,0.0000,0,0.0000,0,0.0000,0.0000,0,0.0000,0.0000,0,0,0,0,0,0,0,0,0,0,0,0,0,0,0,0,0,0,0,0,0,0,0,0,0
WG_METRICS 403,256,768,1.9018,0.0088,0.0071,1.8375,0.0194,0.0291,256,768,196608,393216,106996.3828,213992.7656,0.0000,0,0.0000,0.0000,0,0.0000,0,0.0000,0.0000,0,0.0000,0.0000,0,0,0,0,0,0,0,0,0,0,0,0,0,0,0,0,0,0,0,0,0,0,0,0,0
WG_METRICS 404,256,768,1.9548,0.0088,0.0070,1.8908,0.0189,0.0292,256,768,196608,393216,103979.1797,207958.3594,0.0000,0,0.0000,0.0000,0,0.0000,0,0.0000,0.0000,0,0.0000,0.0000,0,0,0,0,0,0,0,0,0,0,0,0,0,0,0,0,0,0,0,0,0,0,0,0,0
WG_METRICS 405,256,768,1.9231,0.0087,0.0070,1.8601,0.0188,0.0284,256,768,196608,393216,105696.4062,211392.8125,0.0000,0,0.0000,0.0000,0,0.0000,0,0.0000,0.0000,0,0.0000,0.0000,0,0,0,0,0,0,0,0,0,0,0,0,0,0,0,0,0,0,0,0,0,0,0,0,0
WG_METRICS 406,256,768,1.9150,0.0087,0.0070,1.8518,0.0188,0.0287,256,768,196608,393216,106169.0000,212338.0000,0.0000,0,0.0000,0.0000,0,0.0000,0,0.0000,0.0000,0,0.0000,0.0000,0,0,0,0,0,0,0,0,0,0,0,0,0,0,0,0,0,0,0,0,0,0,0,0,0
WG_METRICS 407,256,768,1.8976,0.0088,0.0071,1.8342,0.0188,0.0287,256,768,196608,393216,107190.0547,214380.1094,0.0000,0,0.0000,0.0000,0,0.0000,0,0.0000,0.0000,0,0.0000,0.0000,0,0,0,0,0,0,0,0,0,0,0,0,0,0,0,0,0,0,0,0,0,0,0,0,0
WG_METRICS 408,256,768,1.9212,0.0087,0.0070,1.8565,0.0198,0.0290,256,768,196608,393216,105901.3594,211802.7188,0.0000,0,0.0000,0.0000,0,0.0000,0,0.0000,0.0000,0,0.0000,0.0000,0,0,0,0,0,0,0,0,0,0,0,0,0,0,0,0,0,0,0,0,0,0,0,0,0
WG_METRICS 409,256,768,1.9232,0.0088,0.0070,1.8596,0.0193,0.0286,256,768,196608,393216,105728.2344,211456.4688,0.0000,0,0.0000,0.0000,0,0.0000,0,0.0000,0.0000,0,0.0000,0.0000,0,0,0,0,0,0,0,0,0,0,0,0,0,0,0,0,0,0,0,0,0,0,0,0,0
WG_METRICS 410,256,768,1.9218,0.0087,0.0071,1.8579,0.0189,0.0292,256,768,196608,393216,105823.8438,211647.6875,0.0000,0,0.0000,0.0000,0,0.0000,0,0.0000,0.0000,0,0.0000,0.0000,0,0,0,0,0,0,0,0,0,0,0,0,0,0,0,0,0,0,0,0,0,0,0,0,0
WG_METRICS 411,256,768,1.9348,0.0086,0.0071,1.8727,0.0171,0.0292,256,768,196608,393216,104985.2656,209970.5312,0.0000,0,0.0000,0.0000,0,0.0000,0,0.0000,0.0000,0,0.0000,0.0000,0,0,0,0,0,0,0,0,0,0,0,0,0,0,0,0,0,0,0,0,0,0,0,0,0
WG_METRICS 412,256,768,1.9560,0.0088,0.0070,1.8916,0.0198,0.0288,256,768,196608,393216,103935.2109,207870.4219,0.0000,0,0.0000,0.0000,0,0.0000,0,0.0000,0.0000,0,0.0000,0.0000,0,0,0,0,0,0,0,0,0,0,0,0,0,0,0,0,0,0,0,0,0,0,0,0,0
WG_METRICS 413,256,768,1.9518,0.0096,0.0070,1.8802,0.0263,0.0287,256,768,196608,393216,104567.5938,209135.1875,0.0000,0,0.0000,0.0000,0,0.0000,0,0.0000,0.0000,0,0.0000,0.0000,0,0,0,0,0,0,0,0,0,0,0,0,0,0,0,0,0,0,0,0,0,0,0,0,0
WG_METRICS 414,256,768,1.9237,0.0087,0.0070,1.8604,0.0189,0.0287,256,768,196608,393216,105682.7734,211365.5469,0.0000,0,0.0000,0.0000,0,0.0000,0,0.0000,0.0000,0,0.0000,0.0000,0,0,0,0,0,0,0,0,0,0,0,0,0,0,0,0,0,0,0,0,0,0,0,0,0
WG_METRICS 415,256,768,1.9301,0.0088,0.0070,1.8666,0.0188,0.0288,256,768,196608,393216,105327.2188,210654.4375,0.0000,0,0.0000,0.0000,0,0.0000,0,0.0000,0.0000,0,0.0000,0.0000,0,0,0,0,0,0,0,0,0,0,0,0,0,0,0,0,0,0,0,0,0,0,0,0,0
WG_METRICS 416,256,768,1.9237,0.0088,0.0070,1.8605,0.0187,0.0286,256,768,196608,393216,105673.6797,211347.3594,0.0000,0,0.0000,0.0000,0,0.0000,0,0.0000,0.0000,0,0.0000,0.0000,0,0,0,0,0,0,0,0,0,0,0,0,0,0,0,0,0,0,0,0,0,0,0,0,0
WG_METRICS 417,256,768,1.9337,0.0088,0.0070,1.8693,0.0176,0.0310,256,768,196608,393216,105176.2109,210352.4219,0.0000,0,0.0000,0.0000,0,0.0000,0,0.0000,0.0000,0,0.0000,0.0000,0,0,0,0,0,0,0,0,0,0,0,0,0,0,0,0,0,0,0,0,0,0,0,0,0
WG_METRICS 418,256,768,1.9476,0.0088,0.0070,1.8973,0.0057,0.0288,256,768,196608,393216,103626.2422,207252.4844,0.0000,0,0.0000,0.0000,0,0.0000,0,0.0000,0.0000,0,0.0000,0.0000,0,0,0,0,0,0,0,0,0,0,0,0,0,0,0,0,0,0,0,0,0,0,0,0,0
WG_METRICS 419,256,768,1.9294,0.0088,0.0070,1.8646,0.0198,0.0291,256,768,196608,393216,105440.1953,210880.3906,0.0000,0,0.0000,0.0000,0,0.0000,0,0.0000,0.0000,0,0.0000,0.0000,0,0,0,0,0,0,0,0,0,0,0,0,0,0,0,0,0,0,0,0,0,0,0,0,0
WG_METRICS 420,256,768,1.9118,0.0086,0.0070,1.8478,0.0194,0.0290,256,768,196608,393216,106403.4297,212806.8594,0.0000,0,0.0000,0.0000,0,0.0000,0,0.0000,0.0000,0,0.0000,0.0000,0,0,0,0,0,0,0,0,0,0,0,0,0,0,0,0,0,0,0,0,0,0,0,0,0
WG_METRICS 421,256,768,1.9082,0.0087,0.0070,1.8512,0.0114,0.0298,256,768,196608,393216,106205.7031,212411.4062,0.0000,0,0.0000,0.0000,0,0.0000,0,0.0000,0.0000,0,0.0000,0.0000,0,0,0,0,0,0,0,0,0,0,0,0,0,0,0,0,0,0,0,0,0,0,0,0,0
WG_METRICS 422,256,768,1.9205,0.0087,0.0070,1.8571,0.0188,0.0288,256,768,196608,393216,105867.1484,211734.2969,0.0000,0,0.0000,0.0000,0,0.0000,0,0.0000,0.0000,0,0.0000,0.0000,0,0,0,0,0,0,0,0,0,0,0,0,0,0,0,0,0,0,0,0,0,0,0,0,0
WG_METRICS 423,256,768,1.9471,0.0087,0.0070,1.8865,0.0154,0.0296,256,768,196608,393216,104219.5000,208439.0000,0.0000,0,0.0000,0.0000,0,0.0000,0,0.0000,0.0000,0,0.0000,0.0000,0,0,0,0,0,0,0,0,0,0,0,0,0,0,0,0,0,0,0,0,0,0,0,0,0
WG_METRICS 424,256,768,1.9713,0.0088,0.0070,1.8985,0.0277,0.0292,256,768,196608,393216,103558.5625,207117.1250,0.0000,0,0.0000,0.0000,0,0.0000,0,0.0000,0.0000,0,0.0000,0.0000,0,0,0,0,0,0,0,0,0,0,0,0,0,0,0,0,0,0,0,0,0,0,0,0,0
WG_METRICS 425,256,768,1.9149,0.0088,0.0070,1.8510,0.0192,0.0288,256,768,196608,393216,106217.1797,212434.3594,0.0000,0,0.0000,0.0000,0,0.0000,0,0.0000,0.0000,0,0.0000,0.0000,0,0,0,0,0,0,0,0,0,0,0,0,0,0,0,0,0,0,0,0,0,0,0,0,0
WG_METRICS 426,256,768,1.9460,0.0087,0.0070,1.8824,0.0189,0.0289,256,768,196608,393216,104443.1719,208886.3438,0.0000,0,0.0000,0.0000,0,0.0000,0,0.0000,0.0000,0,0.0000,0.0000,0,0,0,0,0,0,0,0,0,0,0,0,0,0,0,0,0,0,0,0,0,0,0,0,0
WG_METRICS 427,256,768,1.9074,0.0087,0.0070,1.8441,0.0188,0.0288,256,768,196608,393216,106615.7656,213231.5312,0.0000,0,0.0000,0.0000,0,0.0000,0,0.0000,0.0000,0,0.0000,0.0000,0,0,0,0,0,0,0,0,0,0,0,0,0,0,0,0,0,0,0,0,0,0,0,0,0
WG_METRICS 428,256,768,1.9395,0.0087,0.0070,1.8753,0.0188,0.0297,256,768,196608,393216,104839.7109,209679.4219,0.0000,0,0.0000,0.0000,0,0.0000,0,0.0000,0.0000,0,0.0000,0.0000,0,0,0,0,0,0,0,0,0,0,0,0,0,0,0,0,0,0,0,0,0,0,0,0,0
WG_METRICS 429,256,768,1.9199,0.0088,0.0070,1.8566,0.0188,0.0286,256,768,196608,393216,105896.7969,211793.5938,0.0000,0,0.0000,0.0000,0,0.0000,0,0.0000,0.0000,0,0.0000,0.0000,0,0,0,0,0,0,0,0,0,0,0,0,0,0,0,0,0,0,0,0,0,0,0,0,0
WG_METRICS 430,256,768,1.9325,0.0087,0.0070,1.8676,0.0188,0.0302,256,768,196608,393216,105270.8203,210541.6406,0.0000,0,0.0000,0.0000,0,0.0000,0,0.0000,0.0000,0,0.0000,0.0000,0,0,0,0,0,0,0,0,0,0,0,0,0,0,0,0,0,0,0,0,0,0,0,0,0
WG_METRICS 431,256,768,1.9184,0.0089,0.0070,1.8581,0.0156,0.0288,256,768,196608,393216,105810.1719,211620.3438,0.0000,0,0.0000,0.0000,0,0.0000,0,0.0000,0.0000,0,0.0000,0.0000,0,0,0,0,0,0,0,0,0,0,0,0,0,0,0,0,0,0,0,0,0,0,0,0,0
WG_METRICS 432,256,768,1.9410,0.0088,0.0070,1.8772,0.0193,0.0286,256,768,196608,393216,104732.4844,209464.9688,0.0000,0,0.0000,0.0000,0,0.0000,0,0.0000,0.0000,0,0.0000,0.0000,0,0,0,0,0,0,0,0,0,0,0,0,0,0,0,0,0,0,0,0,0,0,0,0,0
WG_METRICS 433,256,768,1.9306,0.0088,0.0070,1.8662,0.0189,0.0297,256,768,196608,393216,105354.3047,210708.6094,0.0000,0,0.0000,0.0000,0,0.0000,0,0.0000,0.0000,0,0.0000,0.0000,0,0,0,0,0,0,0,0,0,0,0,0,0,0,0,0,0,0,0,0,0,0,0,0,0
WG_METRICS 434,256,768,1.9338,0.0088,0.0070,1.8633,0.0261,0.0286,256,768,196608,393216,105514.8906,211029.7812,0.0000,0,0.0000,0.0000,0,0.0000,0,0.0000,0.0000,0,0.0000,0.0000,0,0,0,0,0,0,0,0,0,0,0,0,0,0,0,0,0,0,0,0,0,0,0,0,0
WG_METRICS 435,256,768,1.9364,0.0090,0.0070,1.8719,0.0198,0.0287,256,768,196608,393216,105030.1328,210060.2656,0.0000,0,0.0000,0.0000,0,0.0000,0,0.0000,0.0000,0,0.0000,0.0000,0,0,0,0,0,0,0,0,0,0,0,0,0,0,0,0,0,0,0,0,0,0,0,0,0
WG_METRICS 436,256,768,1.8966,0.0087,0.0070,1.8344,0.0176,0.0289,256,768,196608,393216,107180.7031,214361.4062,0.0000,0,0.0000,0.0000,0,0.0000,0,0.0000,0.0000,0,0.0000,0.0000,0,0,0,0,0,0,0,0,0,0,0,0,0,0,0,0,0,0,0,0,0,0,0,0,0
WG_METRICS 437,256,768,1.9232,0.0087,0.0070,1.8592,0.0189,0.0294,256,768,196608,393216,105746.4297,211492.8594,0.0000,0,0.0000,0.0000,0,0.0000,0,0.0000,0.0000,0,0.0000,0.0000,0,0,0,0,0,0,0,0,0,0,0,0,0,0,0,0,0,0,0,0,0,0,0,0,0
WG_METRICS 438,256,768,1.9230,0.0088,0.0070,1.8600,0.0188,0.0285,256,768,196608,393216,105703.2266,211406.4531,0.0000,0,0.0000,0.0000,0,0.0000,0,0.0000,0.0000,0,0.0000,0.0000,0,0,0,0,0,0,0,0,0,0,0,0,0,0,0,0,0,0,0,0,0,0,0,0,0
WG_METRICS 439,256,768,1.9038,0.0088,0.0070,1.8447,0.0137,0.0295,256,768,196608,393216,106578.7734,213157.5469,0.0000,0,0.0000,0.0000,0,0.0000,0,0.0000,0.0000,0,0.0000,0.0000,0,0,0,0,0,0,0,0,0,0,0,0,0,0,0,0,0,0,0,0,0,0,0,0,0
WG_METRICS 440,256,768,1.9352,0.0089,0.0070,1.8686,0.0221,0.0286,256,768,196608,393216,105218.9922,210437.9844,0.0000,0,0.0000,0.0000,0,0.0000,0,0.0000,0.0000,0,0.0000,0.0000,0,0,0,0,0,0,0,0,0,0,0,0,0,0,0,0,0,0,0,0,0,0,0,0,0
WG_METRICS 441,256,768,1.9297,0.0088,0.0071,1.8655,0.0199,0.0284,256,768,196608,393216,105390.4531,210780.9062,0.0000,0,0.0000,0.0000,0,0.0000,0,0.0000,0.0000,0,0.0000,0.0000,0,0,0,0,0,0,0,0,0,0,0,0,0,0,0,0,0,0,0,0,0,0,0,0,0
WG_METRICS 442,256,768,1.9166,0.0087,0.0070,1.8460,0.0263,0.0286,256,768,196608,393216,106507.1797,213014.3594,0.0000,0,0.0000,0.0000,0,0.0000,0,0.0000,0.0000,0,0.0000,0.0000,0,0,0,0,0,0,0,0,0,0,0,0,0,0,0,0,0,0,0,0,0,0,0,0,0
WG_METRICS 443,256,768,1.9335,0.0090,0.0070,1.8694,0.0189,0.0292,256,768,196608,393216,105171.7109,210343.4219,0.0000,0,0.0000,0.0000,0,0.0000,0,0.0000,0.0000,0,0.0000,0.0000,0,0,0,0,0,0,0,0,0,0,0,0,0,0,0,0,0,0,0,0,0,0,0,0,0
WG_METRICS 444,256,768,1.9336,0.0086,0.0071,1.8617,0.0275,0.0287,256,768,196608,393216,105605.5703,211211.1406,0.0000,0,0.0000,0.0000,0,0.0000,0,0.0000,0.0000,0,0.0000,0.0000,0,0,0,0,0,0,0,0,0,0,0,0,0,0,0,0,0,0,0,0,0,0,0,0,0
WG_METRICS 445,256,768,1.9187,0.0087,0.0070,1.8477,0.0264,0.0288,256,768,196608,393216,106405.7344,212811.4688,0.0000,0,0.0000,0.0000,0,0.0000,0,0.0000,0.0000,0,0.0000,0.0000,0,0,0,0,0,0,0,0,0,0,0,0,0,0,0,0,0,0,0,0,0,0,0,0,0
WG_METRICS 446,256,768,1.8980,0.0088,0.0071,1.8423,0.0112,0.0286,256,768,196608,393216,106717.6172,213435.2344,0.0000,0,0.0000,0.0000,0,0.0000,0,0.0000,0.0000,0,0.0000,0.0000,0,0,0,0,0,0,0,0,0,0,0,0,0,0,0,0,0,0,0,0,0,0,0,0,0
WG_METRICS 447,256,768,1.9329,0.0088,0.0070,1.8698,0.0188,0.0285,256,768,196608,393216,105151.4609,210302.9219,0.0000,0,0.0000,0.0000,0,0.0000,0,0.0000,0.0000,0,0.0000,0.0000,0,0,0,0,0,0,0,0,0,0,0,0,0,0,0,0,0,0,0,0,0,0,0,0,0
WG_METRICS 448,256,768,1.8900,0.0086,0.0070,1.8266,0.0188,0.0289,256,768,196608,393216,107636.0469,215272.0938,0.0000,0,0.0000,0.0000,0,0.0000,0,0.0000,0.0000,0,0.0000,0.0000,0,0,0,0,0,0,0,0,0,0,0,0,0,0,0,0,0,0,0,0,0,0,0,0,0
WG_METRICS 449,256,768,1.9457,0.0088,0.0070,1.8813,0.0200,0.0286,256,768,196608,393216,104505.3438,209010.6875,0.0000,0,0.0000,0.0000,0,0.0000,0,0.0000,0.0000,0,0.0000,0.0000,0,0,0,0,0,0,0,0,0,0,0,0,0,0,0,0,0,0,0,0,0,0,0,0,0
WG_METRICS 450,256,768,1.9211,0.0087,0.0070,1.8562,0.0194,0.0297,256,768,196608,393216,105917.3359,211834.6719,0.0000,0,0.0000,0.0000,0,0.0000,0,0.0000,0.0000,0,0.0000,0.0000,0,0,0,0,0,0,0,0,0,0,0,0,0,0,0,0,0,0,0,0,0,0,0,0,0
WG_METRICS 451,256,768,1.9363,0.0088,0.0070,1.8730,0.0189,0.0286,256,768,196608,393216,104969.5625,209939.1250,0.0000,0,0.0000,0.0000,0,0.0000,0,0.0000,0.0000,0,0.0000,0.0000,0,0,0,0,0,0,0,0,0,0,0,0,0,0,0,0,0,0,0,0,0,0,0,0,0
WG_METRICS 452,256,768,1.9156,0.0089,0.0070,1.8437,0.0273,0.0287,256,768,196608,393216,106636.5859,213273.1719,0.0000,0,0.0000,0.0000,0,0.0000,0,0.0000,0.0000,0,0.0000,0.0000,0,0,0,0,0,0,0,0,0,0,0,0,0,0,0,0,0,0,0,0,0,0,0,0,0
WG_METRICS 453,256,768,1.9350,0.0088,0.0070,1.8633,0.0261,0.0298,256,768,196608,393216,105514.8906,211029.7812,0.0000,0,0.0000,0.0000,0,0.0000,0,0.0000,0.0000,0,0.0000,0.0000,0,0,0,0,0,0,0,0,0,0,0,0,0,0,0,0,0,0,0,0,0,0,0,0,0
WG_METRICS 454,256,768,1.9053,0.0087,0.0070,1.8420,0.0189,0.0287,256,768,196608,393216,106736.1562,213472.3125,0.0000,0,0.0000,0.0000,0,0.0000,0,0.0000,0.0000,0,0.0000,0.0000,0,0,0,0,0,0,0,0,0,0,0,0,0,0,0,0,0,0,0,0,0,0,0,0,0
WG_METRICS 455,256,768,1.9169,0.0089,0.0070,1.8534,0.0188,0.0288,256,768,196608,393216,106079.6406,212159.2812,0.0000,0,0.0000,0.0000,0,0.0000,0,0.0000,0.0000,0,0.0000,0.0000,0,0,0,0,0,0,0,0,0,0,0,0,0,0,0,0,0,0,0,0,0,0,0,0,0
WG_METRICS 456,256,768,1.9107,0.0088,0.0070,1.8477,0.0188,0.0284,256,768,196608,393216,106405.7344,212811.4688,0.0000,0,0.0000,0.0000,0,0.0000,0,0.0000,0.0000,0,0.0000,0.0000,0,0,0,0,0,0,0,0,0,0,0,0,0,0,0,0,0,0,0,0,0,0,0,0,0
WG_METRICS 457,256,768,1.9584,0.0088,0.0070,1.8936,0.0202,0.0287,256,768,196608,393216,103825.4375,207650.8750,0.0000,0,0.0000,0.0000,0,0.0000,0,0.0000,0.0000,0,0.0000,0.0000,0,0,0,0,0,0,0,0,0,0,0,0,0,0,0,0,0,0,0,0,0,0,0,0,0
WG_METRICS 458,256,768,1.9136,0.0087,0.0070,1.8504,0.0189,0.0285,256,768,196608,393216,106251.6250,212503.2500,0.0000,0,0.0000,0.0000,0,0.0000,0,0.0000,0.0000,0,0.0000,0.0000,0,0,0,0,0,0,0,0,0,0,0,0,0,0,0,0,0,0,0,0,0,0,0,0,0
WG_METRICS 459,256,768,1.9042,0.0088,0.0070,1.8406,0.0189,0.0289,256,768,196608,393216,106815.0234,213630.0469,0.0000,0,0.0000,0.0000,0,0.0000,0,0.0000,0.0000,0,0.0000,0.0000,0,0,0,0,0,0,0,0,0,0,0,0,0,0,0,0,0,0,0,0,0,0,0,0,0
WG_METRICS 460,256,768,1.9500,0.0087,0.0070,1.8783,0.0258,0.0302,256,768,196608,393216,104674.4844,209348.9688,0.0000,0,0.0000,0.0000,0,0.0000,0,0.0000,0.0000,0,0.0000,0.0000,0,0,0,0,0,0,0,0,0,0,0,0,0,0,0,0,0,0,0,0,0,0,0,0,0
WG_METRICS 461,256,768,1.8988,0.0088,0.0070,1.8338,0.0199,0.0293,256,768,196608,393216,107213.4375,214426.8750,0.0000,0,0.0000,0.0000,0,0.0000,0,0.0000,0.0000,0,0.0000,0.0000,0,0,0,0,0,0,0,0,0,0,0,0,0,0,0,0,0,0,0,0,0,0,0,0,0
WG_METRICS 462,256,768,1.9313,0.0086,0.0071,1.8614,0.0259,0.0283,256,768,196608,393216,105626.0000,211252.0000,0.0000,0,0.0000,0.0000,0,0.0000,0,0.0000,0.0000,0,0.0000,0.0000,0,0,0,0,0,0,0,0,0,0,0,0,0,0,0,0,0,0,0,0,0,0,0,0,0
WG_METRICS 463,256,768,1.9008,0.0088,0.0070,1.8373,0.0188,0.0288,256,768,196608,393216,107008.0391,214016.0781,0.0000,0,0.0000,0.0000,0,0.0000,0,0.0000,0.0000,0,0.0000,0.0000,0,0,0,0,0,0,0,0,0,0,0,0,0,0,0,0,0,0,0,0,0,0,0,0,0
WG_METRICS 464,256,768,1.8958,0.0087,0.0070,1.8326,0.0188,0.0288,256,768,196608,393216,107285.9844,214571.9688,0.0000,0,0.0000,0.0000,0,0.0000,0,0.0000,0.0000,0,0.0000,0.0000,0,0,0,0,0,0,0,0,0,0,0,0,0,0,0,0,0,0,0,0,0,0,0,0,0
WG_METRICS 465,256,768,1.8975,0.0087,0.0070,1.8356,0.0174,0.0288,256,768,196608,393216,107110.6406,214221.2812,0.0000,0,0.0000,0.0000,0,0.0000,0,0.0000,0.0000,0,0.0000,0.0000,0,0,0,0,0,0,0,0,0,0,0,0,0,0,0,0,0,0,0,0,0,0,0,0,0
WG_METRICS 466,256,768,1.9452,0.0088,0.0070,1.8750,0.0259,0.0285,256,768,196608,393216,104857.6016,209715.2031,0.0000,0,0.0000,0.0000,0,0.0000,0,0.0000,0.0000,0,0.0000,0.0000,0,0,0,0,0,0,0,0,0,0,0,0,0,0,0,0,0,0,0,0,0,0,0,0,0
WG_METRICS 467,256,768,1.8922,0.0089,0.0070,1.8322,0.0154,0.0286,256,768,196608,393216,107307.0625,214614.1250,0.0000,0,0.0000,0.0000,0,0.0000,0,0.0000,0.0000,0,0.0000,0.0000,0,0,0,0,0,0,0,0,0,0,0,0,0,0,0,0,0,0,0,0,0,0,0,0,0
WG_METRICS 468,256,768,1.9124,0.0086,0.0070,1.8487,0.0194,0.0286,256,768,196608,393216,106348.1797,212696.3594,0.0000,0,0.0000,0.0000,0,0.0000,0,0.0000,0.0000,0,0.0000,0.0000,0,0,0,0,0,0,0,0,0,0,0,0,0,0,0,0,0,0,0,0,0,0,0,0,0
WG_METRICS 469,256,768,1.9439,0.0087,0.0070,1.8806,0.0190,0.0286,256,768,196608,393216,104545.3594,209090.7188,0.0000,0,0.0000,0.0000,0,0.0000,0,0.0000,0.0000,0,0.0000,0.0000,0,0,0,0,0,0,0,0,0,0,0,0,0,0,0,0,0,0,0,0,0,0,0,0,0
WG_METRICS 470,256,768,1.9167,0.0087,0.0070,1.8620,0.0056,0.0334,256,768,196608,393216,105591.9531,211183.9062,0.0000,0,0.0000,0.0000,0,0.0000,0,0.0000,0.0000,0,0.0000,0.0000,0,0,0,0,0,0,0,0,0,0,0,0,0,0,0,0,0,0,0,0,0,0,0,0,0
WG_METRICS 471,256,768,1.9641,0.0088,0.0070,1.8921,0.0273,0.0289,256,768,196608,393216,103908.8438,207817.6875,0.0000,0,0.0000,0.0000,0,0.0000,0,0.0000,0.0000,0,0.0000,0.0000,0,0,0,0,0,0,0,0,0,0,0,0,0,0,0,0,0,0,0,0,0,0,0,0,0
WG_METRICS 472,256,768,1.9191,0.0088,0.0071,1.8554,0.0189,0.0289,256,768,196608,393216,105963.0078,211926.0156,0.0000,0,0.0000,0.0000,0,0.0000,0,0.0000,0.0000,0,0.0000,0.0000,0,0,0,0,0,0,0,0,0,0,0,0,0,0,0,0,0,0,0,0,0,0,0,0,0
WG_METRICS 473,256,768,1.9209,0.0088,0.0070,1.8576,0.0173,0.0303,256,768,196608,393216,105842.0703,211684.1406,0.0000,0,0.0000,0.0000,0,0.0000,0,0.0000,0.0000,0,0.0000,0.0000,0,0,0,0,0,0,0,0,0,0,0,0,0,0,0,0,0,0,0,0,0,0,0,0,0
WG_METRICS 474,256,768,1.8867,0.0087,0.0070,1.8234,0.0188,0.0288,256,768,196608,393216,107827.3125,215654.6250,0.0000,0,0.0000,0.0000,0,0.0000,0,0.0000,0.0000,0,0.0000,0.0000,0,0,0,0,0,0,0,0,0,0,0,0,0,0,0,0,0,0,0,0,0,0,0,0,0
WG_METRICS 475,256,768,1.9733,0.0086,0.0070,1.9104,0.0188,0.0284,256,768,196608,393216,102914.5703,205829.1406,0.0000,0,0.0000,0.0000,0,0.0000,0,0.0000,0.0000,0,0.0000,0.0000,0,0,0,0,0,0,0,0,0,0,0,0,0,0,0,0,0,0,0,0,0,0,0,0,0
WG_METRICS 476,256,768,1.9454,0.0089,0.0070,1.8810,0.0188,0.0297,256,768,196608,393216,104523.1250,209046.2500,0.0000,0,0.0000,0.0000,0,0.0000,0,0.0000,0.0000,0,0.0000,0.0000,0,0,0,0,0,0,0,0,0,0,0,0,0,0,0,0,0,0,0,0,0,0,0,0,0
WG_METRICS 477,256,768,1.9176,0.0089,0.0070,1.8472,0.0259,0.0286,256,768,196608,393216,106437.9922,212875.9844,0.0000,0,0.0000,0.0000,0,0.0000,0,0.0000,0.0000,0,0.0000,0.0000,0,0,0,0,0,0,0,0,0,0,0,0,0,0,0,0,0,0,0,0,0,0,0,0,0
WG_METRICS 478,256,768,2.0010,0.0088,0.0070,1.9304,0.0260,0.0288,256,768,196608,393216,101850.4375,203700.8750,0.0000,0,0.0000,0.0000,0,0.0000,0,0.0000,0.0000,0,0.0000,0.0000,0,0,0,0,0,0,0,0,0,0,0,0,0,0,0,0,0,0,0,0,0,0,0,0,0
WG_METRICS 479,256,768,1.9091,0.0088,0.0070,1.8478,0.0156,0.0299,256,768,196608,393216,106398.8281,212797.6562,0.0000,0,0.0000,0.0000,0,0.0000,0,0.0000,0.0000,0,0.0000,0.0000,0,0,0,0,0,0,0,0,0,0,0,0,0,0,0,0,0,0,0,0,0,0,0,0,0
WG_METRICS 480,256,768,1.9354,0.0086,0.0057,1.8668,0.0258,0.0284,256,768,196608,393216,105318.1953,210636.3906,0.0000,0,0.0000,0.0000,0,0.0000,0,0.0000,0.0000,0,0.0000,0.0000,0,0,0,0,0,0,0,0,0,0,0,0,0,0,0,0,0,0,0,0,0,0,0,0,0
WG_METRICS 481,256,768,1.9264,0.0087,0.0070,1.8704,0.0111,0.0291,256,768,196608,393216,105113.2344,210226.4688,0.0000,0,0.0000,0.0000,0,0.0000,0,0.0000,0.0000,0,0.0000,0.0000,0,0,0,0,0,0,0,0,0,0,0,0,0,0,0,0,0,0,0,0,0,0,0,0,0
WG_METRICS 482,256,768,1.9258,0.0089,0.0070,1.8610,0.0202,0.0288,256,768,196608,393216,105648.6953,211297.3906,0.0000,0,0.0000,0.0000,0,0.0000,0,0.0000,0.0000,0,0.0000,0.0000,0,0,0,0,0,0,0,0,0,0,0,0,0,0,0,0,0,0,0,0,0,0,0,0,0
WG_METRICS 483,256,768,1.9252,0.0088,0.0070,1.8610,0.0193,0.0290,256,768,196608,393216,105646.4297,211292.8594,0.0000,0,0.0000,0.0000,0,0.0000,0,0.0000,0.0000,0,0.0000,0.0000,0,0,0,0,0,0,0,0,0,0,0,0,0,0,0,0,0,0,0,0,0,0,0,0,0
WG_METRICS 484,256,768,1.9376,0.0087,0.0070,1.8743,0.0188,0.0287,256,768,196608,393216,104897.8828,209795.7656,0.0000,0,0.0000,0.0000,0,0.0000,0,0.0000,0.0000,0,0.0000,0.0000,0,0,0,0,0,0,0,0,0,0,0,0,0,0,0,0,0,0,0,0,0,0,0,0,0
WG_METRICS 485,256,768,1.9237,0.0088,0.0070,1.8599,0.0192,0.0288,256,768,196608,393216,105710.0469,211420.0938,0.0000,0,0.0000,0.0000,0,0.0000,0,0.0000,0.0000,0,0.0000,0.0000,0,0,0,0,0,0,0,0,0,0,0,0,0,0,0,0,0,0,0,0,0,0,0,0,0
WG_METRICS 486,256,768,1.9131,0.0088,0.0071,1.8493,0.0188,0.0291,256,768,196608,393216,106313.6719,212627.3438,0.0000,0,0.0000,0.0000,0,0.0000,0,0.0000,0.0000,0,0.0000,0.0000,0,0,0,0,0,0,0,0,0,0,0,0,0,0,0,0,0,0,0,0,0,0,0,0,0
WG_METRICS 487,256,768,1.9403,0.0088,0.0070,1.8752,0.0198,0.0296,256,768,196608,393216,104846.4141,209692.8281,0.0000,0,0.0000,0.0000,0,0.0000,0,0.0000,0.0000,0,0.0000,0.0000,0,0,0,0,0,0,0,0,0,0,0,0,0,0,0,0,0,0,0,0,0,0,0,0,0
WG_METRICS 488,256,768,1.9104,0.0087,0.0070,1.8468,0.0193,0.0285,256,768,196608,393216,106456.4297,212912.8594,0.0000,0,0.0000,0.0000,0,0.0000,0,0.0000,0.0000,0,0.0000,0.0000,0,0,0,0,0,0,0,0,0,0,0,0,0,0,0,0,0,0,0,0,0,0,0,0,0
WG_METRICS 489,256,768,1.9392,0.0087,0.0070,1.8764,0.0178,0.0294,256,768,196608,393216,104781.5938,209563.1875,0.0000,0,0.0000,0.0000,0,0.0000,0,0.0000,0.0000,0,0.0000,0.0000,0,0,0,0,0,0,0,0,0,0,0,0,0,0,0,0,0,0,0,0,0,0,0,0,0
WG_METRICS 490,256,768,1.9381,0.0088,0.0070,1.8743,0.0188,0.0291,256,768,196608,393216,104895.6406,209791.2812,0.0000,0,0.0000,0.0000,0,0.0000,0,0.0000,0.0000,0,0.0000,0.0000,0,0,0,0,0,0,0,0,0,0,0,0,0,0,0,0,0,0,0,0,0,0,0,0,0
WG_METRICS 491,256,768,2.0564,0.0088,0.0070,1.8632,0.1477,0.0296,256,768,196608,393216,105521.6875,211043.3750,0.0000,0,0.0000,0.0000,0,0.0000,0,0.0000,0.0000,0,0.0000,0.0000,0,0,0,0,0,0,0,0,0,0,0,0,0,0,0,0,0,0,0,0,0,0,0,0,0
WG_METRICS 492,256,768,1.9217,0.0088,0.0070,1.8638,0.0128,0.0294,256,768,196608,393216,105489.9766,210979.9531,0.0000,0,0.0000,0.0000,0,0.0000,0,0.0000,0.0000,0,0.0000,0.0000,0,0,0,0,0,0,0,0,0,0,0,0,0,0,0,0,0,0,0,0,0,0,0,0,0
WG_METRICS 493,256,768,1.9188,0.0088,0.0070,1.8554,0.0189,0.0286,256,768,196608,393216,105963.0078,211926.0156,0.0000,0,0.0000,0.0000,0,0.0000,0,0.0000,0.0000,0,0.0000,0.0000,0,0,0,0,0,0,0,0,0,0,0,0,0,0,0,0,0,0,0,0,0,0,0,0,0
WG_METRICS 494,256,768,1.9160,0.0088,0.0070,1.8513,0.0187,0.0302,256,768,196608,393216,106201.1172,212402.2344,0.0000,0,0.0000,0.0000,0,0.0000,0,0.0000,0.0000,0,0.0000,0.0000,0,0,0,0,0,0,0,0,0,0,0,0,0,0,0,0,0,0,0,0,0,0,0,0,0
WG_METRICS 495,256,768,1.9244,0.0088,0.0070,1.8607,0.0192,0.0286,256,768,196608,393216,105662.3203,211324.6406,0.0000,0,0.0000,0.0000,0,0.0000,0,0.0000,0.0000,0,0.0000,0.0000,0,0,0,0,0,0,0,0,0,0,0,0,0,0,0,0,0,0,0,0,0,0,0,0,0
WG_METRICS 496,256,768,1.8947,0.0088,0.0070,1.8312,0.0188,0.0289,256,768,196608,393216,107363.3125,214726.6250,0.0000,0,0.0000,0.0000,0,0.0000,0,0.0000,0.0000,0,0.0000,0.0000,0,0,0,0,0,0,0,0,0,0,0,0,0,0,0,0,0,0,0,0,0,0,0,0,0
WG_METRICS 497,256,768,1.9132,0.0088,0.0070,1.8490,0.0199,0.0285,256,768,196608,393216,106334.3672,212668.7344,0.0000,0,0.0000,0.0000,0,0.0000,0,0.0000,0.0000,0,0.0000,0.0000,0,0,0,0,0,0,0,0,0,0,0,0,0,0,0,0,0,0,0,0,0,0,0,0,0
WG_METRICS 498,256,768,1.8936,0.0087,0.0071,1.8377,0.0117,0.0284,256,768,196608,393216,106984.7422,213969.4844,0.0000,0,0.0000,0.0000,0,0.0000,0,0.0000,0.0000,0,0.0000,0.0000,0,0,0,0,0,0,0,0,0,0,0,0,0,0,0,0,0,0,0,0,0,0,0,0,0
WG_METRICS 499,256,768,1.9234,0.0087,0.0070,1.8599,0.0188,0.0289,256,768,196608,393216,105710.0469,211420.0938,0.0000,0,0.0000,0.0000,0,0.0000,0,0.0000,0.0000,0,0.0000,0.0000,0,0,0,0,0,0,0,0,0,0,0,0,0,0,0,0,0,0,0,0,0,0,0,0,0
WG_METRICS 500,256,768,1.9180,0.0087,0.0070,1.8471,0.0258,0.0294,256,768,196608,393216,106440.2969,212880.5938,0.0000,0,0.0000,0.0000,0,0.0000,0,0.0000,0.0000,0,0.0000,0.0000,0,0,0,0,0,0,0,0,0,0,0,0,0,0,0,0,0,0,0,0,0,0,0,0,0
WG_METRICS 501,256,768,1.9358,0.0088,0.0070,1.8642,0.0271,0.0288,256,768,196608,393216,105467.3438,210934.6875,0.0000,0,0.0000,0.0000,0,0.0000,0,0.0000,0.0000,0,0.0000,0.0000,0,0,0,0,0,0,0,0,0,0,0,0,0,0,0,0,0,0,0,0,0,0,0,0,0
WG_METRICS 502,256,768,1.9218,0.0088,0.0070,1.8596,0.0177,0.0287,256,768,196608,393216,105728.2344,211456.4688,0.0000,0,0.0000,0.0000,0,0.0000,0,0.0000,0.0000,0,0.0000,0.0000,0,0,0,0,0,0,0,0,0,0,0,0,0,0,0,0,0,0,0,0,0,0,0,0,0
WG_METRICS 503,256,768,1.9286,0.0087,0.0071,1.8646,0.0194,0.0287,256,768,196608,393216,105440.1953,210880.3906,0.0000,0,0.0000,0.0000,0,0.0000,0,0.0000,0.0000,0,0.0000,0.0000,0,0,0,0,0,0,0,0,0,0,0,0,0,0,0,0,0,0,0,0,0,0,0,0,0
WG_METRICS 504,256,768,1.9100,0.0088,0.0070,1.8463,0.0188,0.0291,256,768,196608,393216,106488.7266,212977.4531,0.0000,0,0.0000,0.0000,0,0.0000,0,0.0000,0.0000,0,0.0000,0.0000,0,0,0,0,0,0,0,0,0,0,0,0,0,0,0,0,0,0,0,0,0,0,0,0,0
WG_METRICS 505,256,768,1.9362,0.0088,0.0070,1.8660,0.0256,0.0288,256,768,196608,393216,105361.0859,210722.1719,0.0000,0,0.0000,0.0000,0,0.0000,0,0.0000,0.0000,0,0.0000,0.0000,0,0,0,0,0,0,0,0,0,0,0,0,0,0,0,0,0,0,0,0,0,0,0,0,0
WG_METRICS 506,256,768,1.9026,0.0088,0.0070,1.8381,0.0199,0.0287,256,768,196608,393216,106961.4609,213922.9219,0.0000,0,0.0000,0.0000,0,0.0000,0,0.0000,0.0000,0,0.0000,0.0000,0,0,0,0,0,0,0,0,0,0,0,0,0,0,0,0,0,0,0,0,0,0,0,0,0
WG_METRICS 507,256,768,1.9266,0.0088,0.0070,1.8647,0.0178,0.0284,256,768,196608,393216,105437.9297,210875.8594,0.0000,0,0.0000,0.0000,0,0.0000,0,0.0000,0.0000,0,0.0000,0.0000,0,0,0,0,0,0,0,0,0,0,0,0,0,0,0,0,0,0,0,0,0,0,0,0,0
WG_METRICS 508,256,768,1.8976,0.0088,0.0070,1.8344,0.0188,0.0286,256,768,196608,393216,107178.3672,214356.7344,0.0000,0,0.0000,0.0000,0,0.0000,0,0.0000,0.0000,0,0.0000,0.0000,0,0,0,0,0,0,0,0,0,0,0,0,0,0,0,0,0,0,0,0,0,0,0,0,0
WG_METRICS 509,256,768,1.9192,0.0088,0.0070,1.8532,0.0194,0.0308,256,768,196608,393216,106091.0859,212182.1719,0.0000,0,0.0000,0.0000,0,0.0000,0,0.0000,0.0000,0,0.0000,0.0000,0,0,0,0,0,0,0,0,0,0,0,0,0,0,0,0,0,0,0,0,0,0,0,0,0
WG_METRICS 510,256,768,1.8994,0.0087,0.0070,1.8362,0.0189,0.0286,256,768,196608,393216,107073.3047,214146.6094,0.0000,0,0.0000,0.0000,0,0.0000,0,0.0000,0.0000,0,0.0000,0.0000,0,0,0,0,0,0,0,0,0,0,0,0,0,0,0,0,0,0,0,0,0,0,0,0,0
WG_METRICS 511,256,768,1.9353,0.0087,0.0070,1.8721,0.0190,0.0284,256,768,196608,393216,105018.9062,210037.8125,0.0000,0,0.0000,0.0000,0,0.0000,0,0.0000,0.0000,0,0.0000,0.0000,0,0,0,0,0,0,0,0,0,0,0,0,0,0,0,0,0,0,0,0,0,0,0,0,0
WG_METRICS 512,256,768,1.9228,0.0088,0.0070,1.8593,0.0192,0.0284,256,768,196608,393216,105744.1562,211488.3125,0.0000,0,0.0000,0.0000,0,0.0000,0,0.0000,0.0000,0,0.0000,0.0000,0,0,0,0,0,0,0,0,0,0,0,0,0,0,0,0,0,0,0,0,0,0,0,0,0
WG_METRICS 513,256,768,1.8937,0.0087,0.0070,1.8317,0.0178,0.0285,256,768,196608,393216,107337.5234,214675.0469,0.0000,0,0.0000,0.0000,0,0.0000,0,0.0000,0.0000,0,0.0000,0.0000,0,0,0,0,0,0,0,0,0,0,0,0,0,0,0,0,0,0,0,0,0,0,0,0,0
WG_METRICS 514,256,768,1.9181,0.0088,0.0070,1.8538,0.0198,0.0286,256,768,196608,393216,106056.7422,212113.4844,0.0000,0,0.0000,0.0000,0,0.0000,0,0.0000,0.0000,0,0.0000,0.0000,0,0,0,0,0,0,0,0,0,0,0,0,0,0,0,0,0,0,0,0,0,0,0,0,0
WG_METRICS 515,256,768,1.9180,0.0088,0.0070,1.8651,0.0085,0.0287,256,768,196608,393216,105415.3203,210830.6406,0.0000,0,0.0000,0.0000,0,0.0000,0,0.0000,0.0000,0,0.0000,0.0000,0,0,0,0,0,0,0,0,0,0,0,0,0,0,0,0,0,0,0,0,0,0,0,0,0
WG_METRICS 516,256,768,1.9093,0.0088,0.0070,1.8460,0.0188,0.0287,256,768,196608,393216,106504.8750,213009.7500,0.0000,0,0.0000,0.0000,0,0.0000,0,0.0000,0.0000,0,0.0000,0.0000,0,0,0,0,0,0,0,0,0,0,0,0,0,0,0,0,0,0,0,0,0,0,0,0,0
WG_METRICS 517,256,768,1.9999,0.0088,0.0070,1.9280,0.0274,0.0287,256,768,196608,393216,101972.9844,203945.9688,0.0000,0,0.0000,0.0000,0,0.0000,0,0.0000,0.0000,0,0.0000,0.0000,0,0,0,0,0,0,0,0,0,0,0,0,0,0,0,0,0,0,0,0,0,0,0,0,0
WG_METRICS 518,256,768,1.9263,0.0087,0.0070,1.8625,0.0193,0.0287,256,768,196608,393216,105560.2109,211120.4219,0.0000,0,0.0000,0.0000,0,0.0000,0,0.0000,0.0000,0,0.0000,0.0000,0,0,0,0,0,0,0,0,0,0,0,0,0,0,0,0,0,0,0,0,0,0,0,0,0
WG_METRICS 519,256,768,1.9216,0.0087,0.0070,1.8578,0.0190,0.0292,256,768,196608,393216,105830.6797,211661.3594,0.0000,0,0.0000,0.0000,0,0.0000,0,0.0000,0.0000,0,0.0000,0.0000,0,0,0,0,0,0,0,0,0,0,0,0,0,0,0,0,0,0,0,0,0,0,0,0,0
WG_METRICS 520,256,768,1.9164,0.0088,0.0070,1.8507,0.0188,0.0311,256,768,196608,393216,106233.2500,212466.5000,0.0000,0,0.0000,0.0000,0,0.0000,0,0.0000,0.0000,0,0.0000,0.0000,0,0,0,0,0,0,0,0,0,0,0,0,0,0,0,0,0,0,0,0,0,0,0,0,0
WG_METRICS 521,256,768,1.9550,0.0088,0.0070,1.8919,0.0188,0.0285,256,768,196608,393216,103922.0234,207844.0469,0.0000,0,0.0000,0.0000,0,0.0000,0,0.0000,0.0000,0,0.0000,0.0000,0,0,0,0,0,0,0,0,0,0,0,0,0,0,0,0,0,0,0,0,0,0,0,0,0
WG_METRICS 522,256,768,1.9073,0.0089,0.0070,1.8538,0.0084,0.0292,256,768,196608,393216,106054.4609,212108.9219,0.0000,0,0.0000,0.0000,0,0.0000,0,0.0000,0.0000,0,0.0000,0.0000,0,0,0,0,0,0,0,0,0,0,0,0,0,0,0,0,0,0,0,0,0,0,0,0,0
WG_METRICS 523,256,768,1.9139,0.0088,0.0070,1.8570,0.0112,0.0299,256,768,196608,393216,105876.2656,211752.5312,0.0000,0,0.0000,0.0000,0,0.0000,0,0.0000,0.0000,0,0.0000,0.0000,0,0,0,0,0,0,0,0,0,0,0,0,0,0,0,0,0,0,0,0,0,0,0,0,0
WG_METRICS 524,256,768,1.9219,0.0089,0.0070,1.8575,0.0198,0.0286,256,768,196608,393216,105844.3516,211688.7031,0.0000,0,0.0000,0.0000,0,0.0000,0,0.0000,0.0000,0,0.0000,0.0000,0,0,0,0,0,0,0,0,0,0,0,0,0,0,0,0,0,0,0,0,0,0,0,0,0
WG_METRICS 525,256,768,1.9211,0.0086,0.0070,1.8575,0.0191,0.0288,256,768,196608,393216,105844.3516,211688.7031,0.0000,0,0.0000,0.0000,0,0.0000,0,0.0000,0.0000,0,0.0000,0.0000,0,0,0,0,0,0,0,0,0,0,0,0,0,0,0,0,0,0,0,0,0,0,0,0,0
WG_METRICS 526,256,768,1.9122,0.0088,0.0071,1.8554,0.0081,0.0328,256,768,196608,393216,105965.2891,211930.5781,0.0000,0,0.0000,0.0000,0,0.0000,0,0.0000,0.0000,0,0.0000,0.0000,0,0,0,0,0,0,0,0,0,0,0,0,0,0,0,0,0,0,0,0,0,0,0,0,0
WG_METRICS 527,256,768,1.9118,0.0088,0.0070,1.8484,0.0189,0.0288,256,768,196608,393216,106368.8906,212737.7812,0.0000,0,0.0000,0.0000,0,0.0000,0,0.0000,0.0000,0,0.0000,0.0000,0,0,0,0,0,0,0,0,0,0,0,0,0,0,0,0,0,0,0,0,0,0,0,0,0
WG_METRICS 528,256,768,1.9543,0.0088,0.0071,1.8838,0.0260,0.0285,256,768,196608,393216,104365.5547,208731.1094,0.0000,0,0.0000,0.0000,0,0.0000,0,0.0000,0.0000,0,0.0000,0.0000,0,0,0,0,0,0,0,0,0,0,0,0,0,0,0,0,0,0,0,0,0,0,0,0,0
WG_METRICS 529,256,768,1.9674,0.0088,0.0070,1.8944,0.0275,0.0296,256,768,196608,393216,103781.5859,207563.1719,0.0000,0,0.0000,0.0000,0,0.0000,0,0.0000,0.0000,0,0.0000,0.0000,0,0,0,0,0,0,0,0,0,0,0,0,0,0,0,0,0,0,0,0,0,0,0,0,0
WG_METRICS 530,256,768,1.9034,0.0087,0.0071,1.8401,0.0189,0.0286,256,768,196608,393216,106847.5234,213695.0469,0.0000,0,0.0000,0.0000,0,0.0000,0,0.0000,0.0000,0,0.0000,0.0000,0,0,0,0,0,0,0,0,0,0,0,0,0,0,0,0,0,0,0,0,0,0,0,0,0
WG_METRICS 531,256,768,1.9395,0.0088,0.0070,1.8758,0.0192,0.0286,256,768,196608,393216,104810.6484,209621.2969,0.0000,0,0.0000,0.0000,0,0.0000,0,0.0000,0.0000,0,0.0000,0.0000,0,0,0,0,0,0,0,0,0,0,0,0,0,0,0,0,0,0,0,0,0,0,0,0,0
WG_METRICS 532,256,768,1.9101,0.0089,0.0070,1.8458,0.0193,0.0291,256,768,196608,393216,106518.7266,213037.4531,0.0000,0,0.0000,0.0000,0,0.0000,0,0.0000,0.0000,0,0.0000,0.0000,0,0,0,0,0,0,0,0,0,0,0,0,0,0,0,0,0,0,0,0,0,0,0,0,0
WG_METRICS 533,256,768,1.9174,0.0087,0.0070,1.8553,0.0174,0.0290,256,768,196608,393216,105972.1406,211944.2812,0.0000,0,0.0000,0.0000,0,0.0000,0,0.0000,0.0000,0,0.0000,0.0000,0,0,0,0,0,0,0,0,0,0,0,0,0,0,0,0,0,0,0,0,0,0,0,0,0
WG_METRICS 534,256,768,1.9317,0.0087,0.0070,1.8604,0.0264,0.0292,256,768,196608,393216,105678.2266,211356.4531,0.0000,0,0.0000,0.0000,0,0.0000,0,0.0000,0.0000,0,0.0000,0.0000,0,0,0,0,0,0,0,0,0,0,0,0,0,0,0,0,0,0,0,0,0,0,0,0,0
WG_METRICS 535,256,768,1.9252,0.0088,0.0071,1.8609,0.0198,0.0288,256,768,196608,393216,105653.2422,211306.4844,0.0000,0,0.0000,0.0000,0,0.0000,0,0.0000,0.0000,0,0.0000,0.0000,0,0,0,0,0,0,0,0,0,0,0,0,0,0,0,0,0,0,0,0,0,0,0,0,0
WG_METRICS 536,256,768,1.9155,0.0087,0.0071,1.8447,0.0266,0.0284,256,768,196608,393216,106581.0938,213162.1875,0.0000,0,0.0000,0.0000,0,0.0000,0,0.0000,0.0000,0,0.0000,0.0000,0,0,0,0,0,0,0,0,0,0,0,0,0,0,0,0,0,0,0,0,0,0,0,0,0
WG_METRICS 537,256,768,1.9355,0.0089,0.0070,1.8714,0.0188,0.0294,256,768,196608,393216,105061.5625,210123.1250,0.0000,0,0.0000,0.0000,0,0.0000,0,0.0000,0.0000,0,0.0000,0.0000,0,0,0,0,0,0,0,0,0,0,0,0,0,0,0,0,0,0,0,0,0,0,0,0,0
WG_METRICS 538,256,768,1.9454,0.0088,0.0070,1.8730,0.0277,0.0289,256,768,196608,393216,104969.5625,209939.1250,0.0000,0,0.0000,0.0000,0,0.0000,0,0.0000,0.0000,0,0.0000,0.0000,0,0,0,0,0,0,0,0,0,0,0,0,0,0,0,0,0,0,0,0,0,0,0,0,0
WG_METRICS 539,256,768,1.9197,0.0087,0.0071,1.8528,0.0193,0.0318,256,768,196608,393216,106111.7031,212223.4062,0.0000,0,0.0000,0.0000,0,0.0000,0,0.0000,0.0000,0,0.0000,0.0000,0,0,0,0,0,0,0,0,0,0,0,0,0,0,0,0,0,0,0,0,0,0,0,0,0
WG_METRICS 540,256,768,1.9684,0.0088,0.0070,1.9051,0.0189,0.0287,256,768,196608,393216,103201.9688,206403.9375,0.0000,0,0.0000,0.0000,0,0.0000,0,0.0000,0.0000,0,0.0000,0.0000,0,0,0,0,0,0,0,0,0,0,0,0,0,0,0,0,0,0,0,0,0,0,0,0,0
WG_METRICS 541,256,768,1.9205,0.0087,0.0071,1.8572,0.0188,0.0287,256,768,196608,393216,105862.5859,211725.1719,0.0000,0,0.0000,0.0000,0,0.0000,0,0.0000,0.0000,0,0.0000,0.0000,0,0,0,0,0,0,0,0,0,0,0,0,0,0,0,0,0,0,0,0,0,0,0,0,0
WG_METRICS 542,256,768,1.9254,0.0087,0.0070,1.8620,0.0188,0.0288,256,768,196608,393216,105587.4141,211174.8281,0.0000,0,0.0000,0.0000,0,0.0000,0,0.0000,0.0000,0,0.0000,0.0000,0,0,0,0,0,0,0,0,0,0,0,0,0,0,0,0,0,0,0,0,0,0,0,0,0
WG_METRICS 543,256,768,1.9168,0.0087,0.0070,1.8610,0.0113,0.0288,256,768,196608,393216,105644.1562,211288.3125,0.0000,0,0.0000,0.0000,0,0.0000,0,0.0000,0.0000,0,0.0000,0.0000,0,0,0,0,0,0,0,0,0,0,0,0,0,0,0,0,0,0,0,0,0,0,0,0,0
WG_METRICS 544,256,768,1.9134,0.0088,0.0070,1.8481,0.0202,0.0292,256,768,196608,393216,106382.7031,212765.4062,0.0000,0,0.0000,0.0000,0,0.0000,0,0.0000,0.0000,0,0.0000,0.0000,0,0,0,0,0,0,0,0,0,0,0,0,0,0,0,0,0,0,0,0,0,0,0,0,0
WG_METRICS 545,256,768,1.9182,0.0088,0.0071,1.8541,0.0194,0.0289,256,768,196608,393216,106040.7344,212081.4688,0.0000,0,0.0000,0.0000,0,0.0000,0,0.0000,0.0000,0,0.0000,0.0000,0,0,0,0,0,0,0,0,0,0,0,0,0,0,0,0,0,0,0,0,0,0,0,0,0
WG_METRICS 546,256,768,1.9025,0.0088,0.0070,1.8393,0.0188,0.0286,256,768,196608,393216,106891.6797,213783.3594,0.0000,0,0.0000,0.0000,0,0.0000,0,0.0000,0.0000,0,0.0000,0.0000,0,0,0,0,0,0,0,0,0,0,0,0,0,0,0,0,0,0,0,0,0,0,0,0,0
WG_METRICS 547,256,768,1.9558,0.0088,0.0070,1.8908,0.0188,0.0303,256,768,196608,393216,103979.1797,207958.3594,0.0000,0,0.0000,0.0000,0,0.0000,0,0.0000,0.0000,0,0.0000,0.0000,0,0,0,0,0,0,0,0,0,0,0,0,0,0,0,0,0,0,0,0,0,0,0,0,0
WG_METRICS 548,256,768,1.9279,0.0088,0.0070,1.8576,0.0258,0.0287,256,768,196608,393216,105837.5156,211675.0312,0.0000,0,0.0000,0.0000,0,0.0000,0,0.0000,0.0000,0,0.0000,0.0000,0,0,0,0,0,0,0,0,0,0,0,0,0,0,0,0,0,0,0,0,0,0,0,0,0
WG_METRICS 549,256,768,1.9350,0.0089,0.0070,1.8630,0.0272,0.0290,256,768,196608,393216,105533.0078,211066.0156,0.0000,0,0.0000,0.0000,0,0.0000,0,0.0000,0.0000,0,0.0000,0.0000,0,0,0,0,0,0,0,0,0,0,0,0,0,0,0,0,0,0,0,0,0,0,0,0,0
WG_METRICS 550,256,768,1.9006,0.0088,0.0070,1.8438,0.0117,0.0293,256,768,196608,393216,106631.9609,213263.9219,0.0000,0,0.0000,0.0000,0,0.0000,0,0.0000,0.0000,0,0.0000,0.0000,0,0,0,0,0,0,0,0,0,0,0,0,0,0,0,0,0,0,0,0,0,0,0,0,0
WG_METRICS 551,256,768,1.9244,0.0088,0.0070,1.8590,0.0194,0.0303,256,768,196608,393216,105757.8125,211515.6250,0.0000,0,0.0000,0.0000,0,0.0000,0,0.0000,0.0000,0,0.0000,0.0000,0,0,0,0,0,0,0,0,0,0,0,0,0,0,0,0,0,0,0,0,0,0,0,0,0
WG_METRICS 552,256,768,1.8972,0.0087,0.0071,1.8323,0.0188,0.0303,256,768,196608,393216,107300.0391,214600.0781,0.0000,0,0.0000,0.0000,0,0.0000,0,0.0000,0.0000,0,0.0000,0.0000,0,0,0,0,0,0,0,0,0,0,0,0,0,0,0,0,0,0,0,0,0,0,0,0,0
WG_METRICS 553,256,768,1.9107,0.0087,0.0070,1.8581,0.0081,0.0287,256,768,196608,393216,105810.1719,211620.3438,0.0000,0,0.0000,0.0000,0,0.0000,0,0.0000,0.0000,0,0.0000,0.0000,0,0,0,0,0,0,0,0,0,0,0,0,0,0,0,0,0,0,0,0,0,0,0,0,0
WG_METRICS 554,256,768,1.9263,0.0088,0.0070,1.8645,0.0174,0.0286,256,768,196608,393216,105446.9844,210893.9688,0.0000,0,0.0000,0.0000,0,0.0000,0,0.0000,0.0000,0,0.0000,0.0000,0,0,0,0,0,0,0,0,0,0,0,0,0,0,0,0,0,0,0,0,0,0,0,0,0
WG_METRICS 555,256,768,1.9354,0.0090,0.0070,1.8680,0.0197,0.0317,256,768,196608,393216,105248.2812,210496.5625,0.0000,0,0.0000,0.0000,0,0.0000,0,0.0000,0.0000,0,0.0000,0.0000,0,0,0,0,0,0,0,0,0,0,0,0,0,0,0,0,0,0,0,0,0,0,0,0,0
WG_METRICS 556,256,768,1.9429,0.0088,0.0070,1.8793,0.0193,0.0285,256,768,196608,393216,104618.7891,209237.5781,0.0000,0,0.0000,0.0000,0,0.0000,0,0.0000,0.0000,0,0.0000,0.0000,0,0,0,0,0,0,0,0,0,0,0,0,0,0,0,0,0,0,0,0,0,0,0,0,0
WG_METRICS 557,256,768,1.9529,0.0088,0.0071,1.8808,0.0274,0.0288,256,768,196608,393216,104532.0234,209064.0469,0.0000,0,0.0000,0.0000,0,0.0000,0,0.0000,0.0000,0,0.0000,0.0000,0,0,0,0,0,0,0,0,0,0,0,0,0,0,0,0,0,0,0,0,0,0,0,0,0
WG_METRICS 558,256,768,1.9086,0.0087,0.0071,1.8557,0.0086,0.0285,256,768,196608,393216,105947.0156,211894.0312,0.0000,0,0.0000,0.0000,0,0.0000,0,0.0000,0.0000,0,0.0000,0.0000,0,0,0,0,0,0,0,0,0,0,0,0,0,0,0,0,0,0,0,0,0,0,0,0,0
WG_METRICS 559,256,768,1.9256,0.0088,0.0070,1.8621,0.0189,0.0288,256,768,196608,393216,105582.8828,211165.7656,0.0000,0,0.0000,0.0000,0,0.0000,0,0.0000,0.0000,0,0.0000,0.0000,0,0,0,0,0,0,0,0,0,0,0,0,0,0,0,0,0,0,0,0,0,0,0,0,0
WG_METRICS 560,256,768,1.9081,0.0087,0.0070,1.8452,0.0188,0.0284,256,768,196608,393216,106548.7422,213097.4844,0.0000,0,0.0000,0.0000,0,0.0000,0,0.0000,0.0000,0,0.0000,0.0000,0,0,0,0,0,0,0,0,0,0,0,0,0,0,0,0,0,0,0,0,0,0,0,0,0
WG_METRICS 561,256,768,1.9040,0.0088,0.0071,1.8403,0.0187,0.0291,256,768,196608,393216,106835.9141,213671.8281,0.0000,0,0.0000,0.0000,0,0.0000,0,0.0000,0.0000,0,0.0000,0.0000,0,0,0,0,0,0,0,0,0,0,0,0,0,0,0,0,0,0,0,0,0,0,0,0,0
WG_METRICS 562,256,768,2.2838,0.0087,0.0071,1.8926,0.3464,0.0290,256,768,196608,393216,103884.6875,207769.3750,0.0000,0,0.0000,0.0000,0,0.0000,0,0.0000,0.0000,0,0.0000,0.0000,0,0,0,0,0,0,0,0,0,0,0,0,0,0,0,0,0,0,0,0,0,0,0,0,0
WG_METRICS 563,256,768,1.9250,0.0091,0.0070,1.8542,0.0260,0.0288,256,768,196608,393216,106033.8672,212067.7344,0.0000,0,0.0000,0.0000,0,0.0000,0,0.0000,0.0000,0,0.0000,0.0000,0,0,0,0,0,0,0,0,0,0,0,0,0,0,0,0,0,0,0,0,0,0,0,0,0
WG_METRICS 564,256,768,1.9707,0.0088,0.0070,1.9104,0.0154,0.0290,256,768,196608,393216,102914.5703,205829.1406,0.0000,0,0.0000,0.0000,0,0.0000,0,0.0000,0.0000,0,0.0000,0.0000,0,0,0,0,0,0,0,0,0,0,0,0,0,0,0,0,0,0,0,0,0,0,0,0,0
WG_METRICS 565,256,768,1.9274,0.0087,0.0070,1.8565,0.0265,0.0286,256,768,196608,393216,105901.3594,211802.7188,0.0000,0,0.0000,0.0000,0,0.0000,0,0.0000,0.0000,0,0.0000,0.0000,0,0,0,0,0,0,0,0,0,0,0,0,0,0,0,0,0,0,0,0,0,0,0,0,0
WG_METRICS 566,256,768,1.9940,0.0089,0.0070,1.9307,0.0189,0.0286,256,768,196608,393216,101833.5469,203667.0938,0.0000,0,0.0000,0.0000,0,0.0000,0,0.0000,0.0000,0,0.0000,0.0000,0,0,0,0,0,0,0,0,0,0,0,0,0,0,0,0,0,0,0,0,0,0,0,0,0
WG_METRICS 567,256,768,1.9531,0.0088,0.0159,1.8719,0.0271,0.0294,256,768,196608,393216,105032.3672,210064.7344,0.0000,0,0.0000,0.0000,0,0.0000,0,0.0000,0.0000,0,0.0000,0.0000,0,0,0,0,0,0,0,0,0,0,0,0,0,0,0,0,0,0,0,0,0,0,0,0,0
WG_METRICS 568,256,768,1.9214,0.0125,0.0050,1.8572,0.0180,0.0286,256,768,196608,393216,105864.8672,211729.7344,0.0000,0,0.0000,0.0000,0,0.0000,0,0.0000,0.0000,0,0.0000,0.0000,0,0,0,0,0,0,0,0,0,0,0,0,0,0,0,0,0,0,0,0,0,0,0,0,0
WG_METRICS 569,256,768,1.9151,0.0088,0.0070,1.8516,0.0189,0.0288,256,768,196608,393216,106182.7578,212365.5156,0.0000,0,0.0000,0.0000,0,0.0000,0,0.0000,0.0000,0,0.0000,0.0000,0,0,0,0,0,0,0,0,0,0,0,0,0,0,0,0,0,0,0,0,0,0,0,0,0
WG_METRICS 570,256,768,1.9625,0.0088,0.0070,1.8975,0.0188,0.0304,256,768,196608,393216,103615.3203,207230.6406,0.0000,0,0.0000,0.0000,0,0.0000,0,0.0000,0.0000,0,0.0000,0.0000,0,0,0,0,0,0,0,0,0,0,0,0,0,0,0,0,0,0,0,0,0,0,0,0,0
WG_METRICS 571,256,768,1.9317,0.0088,0.0070,1.8675,0.0188,0.0295,256,768,196608,393216,105277.5859,210555.1719,0.0000,0,0.0000,0.0000,0,0.0000,0,0.0000,0.0000,0,0.0000,0.0000,0,0,0,0,0,0,0,0,0,0,0,0,0,0,0,0,0,0,0,0,0,0,0,0,0
WG_METRICS 572,256,768,1.8922,0.0088,0.0071,1.8364,0.0112,0.0287,256,768,196608,393216,107061.6406,214123.2812,0.0000,0,0.0000,0.0000,0,0.0000,0,0.0000,0.0000,0,0.0000,0.0000,0,0,0,0,0,0,0,0,0,0,0,0,0,0,0,0,0,0,0,0,0,0,0,0,0
WG_METRICS 573,256,768,1.9126,0.0087,0.0070,1.8571,0.0110,0.0287,256,768,196608,393216,105867.1484,211734.2969,0.0000,0,0.0000,0.0000,0,0.0000,0,0.0000,0.0000,0,0.0000,0.0000,0,0,0,0,0,0,0,0,0,0,0,0,0,0,0,0,0,0,0,0,0,0,0,0,0
WG_METRICS 574,256,768,1.9291,0.0088,0.0070,1.8723,0.0118,0.0292,256,768,196608,393216,105009.9375,210019.8750,0.0000,0,0.0000,0.0000,0,0.0000,0,0.0000,0.0000,0,0.0000,0.0000,0,0,0,0,0,0,0,0,0,0,0,0,0,0,0,0,0,0,0,0,0,0,0,0,0
WG_METRICS 575,256,768,1.9056,0.0087,0.0071,1.8395,0.0193,0.0310,256,768,196608,393216,106880.0547,213760.1094,0.0000,0,0.0000,0.0000,0,0.0000,0,0.0000,0.0000,0,0.0000,0.0000,0,0,0,0,0,0,0,0,0,0,0,0,0,0,0,0,0,0,0,0,0,0,0,0,0
WG_METRICS 576,256,768,1.9145,0.0088,0.0070,1.8527,0.0173,0.0287,256,768,196608,393216,106120.8672,212241.7344,0.0000,0,0.0000,0.0000,0,0.0000,0,0.0000,0.0000,0,0.0000,0.0000,0,0,0,0,0,0,0,0,0,0,0,0,0,0,0,0,0,0,0,0,0,0,0,0,0
WG_METRICS 577,256,768,1.9115,0.0088,0.0070,1.8476,0.0189,0.0292,256,768,196608,393216,106412.6406,212825.2812,0.0000,0,0.0000,0.0000,0,0.0000,0,0.0000,0.0000,0,0.0000,0.0000,0,0,0,0,0,0,0,0,0,0,0,0,0,0,0,0,0,0,0,0,0,0,0,0,0
WG_METRICS 578,256,768,1.9690,0.0089,0.0070,1.8987,0.0257,0.0288,256,768,196608,393216,103549.8359,207099.6719,0.0000,0,0.0000,0.0000,0,0.0000,0,0.0000,0.0000,0,0.0000,0.0000,0,0,0,0,0,0,0,0,0,0,0,0,0,0,0,0,0,0,0,0,0,0,0,0,0
WG_METRICS 579,256,768,1.9483,0.0088,0.0071,1.8738,0.0276,0.0310,256,768,196608,393216,104926.9922,209853.9844,0.0000,0,0.0000,0.0000,0,0.0000,0,0.0000,0.0000,0,0.0000,0.0000,0,0,0,0,0,0,0,0,0,0,0,0,0,0,0,0,0,0,0,0,0,0,0,0,0
WG_METRICS 580,256,768,1.9373,0.0088,0.0070,1.8818,0.0110,0.0287,256,768,196608,393216,104478.6875,208957.3750,0.0000,0,0.0000,0.0000,0,0.0000,0,0.0000,0.0000,0,0.0000,0.0000,0,0,0,0,0,0,0,0,0,0,0,0,0,0,0,0,0,0,0,0,0,0,0,0,0
WG_METRICS 581,256,768,1.9499,0.0088,0.0070,1.8851,0.0194,0.0296,256,768,196608,393216,104294.6875,208589.3750,0.0000,0,0.0000,0.0000,0,0.0000,0,0.0000,0.0000,0,0.0000,0.0000,0,0,0,0,0,0,0,0,0,0,0,0,0,0,0,0,0,0,0,0,0,0,0,0,0
WG_METRICS 582,256,768,1.9232,0.0088,0.0070,1.8598,0.0188,0.0288,256,768,196608,393216,105716.8672,211433.7344,0.0000,0,0.0000,0.0000,0,0.0000,0,0.0000,0.0000,0,0.0000,0.0000,0,0,0,0,0,0,0,0,0,0,0,0,0,0,0,0,0,0,0,0,0,0,0,0,0
WG_METRICS 583,256,768,1.9413,0.0088,0.0071,1.8776,0.0188,0.0290,256,768,196608,393216,104712.3984,209424.7969,0.0000,0,0.0000,0.0000,0,0.0000,0,0.0000,0.0000,0,0.0000,0.0000,0,0,0,0,0,0,0,0,0,0,0,0,0,0,0,0,0,0,0,0,0,0,0,0,0
WG_METRICS 584,256,768,1.9420,0.0088,0.0070,1.8788,0.0188,0.0286,256,768,196608,393216,104643.2891,209286.5781,0.0000,0,0.0000,0.0000,0,0.0000,0,0.0000,0.0000,0,0.0000,0.0000,0,0,0,0,0,0,0,0,0,0,0,0,0,0,0,0,0,0,0,0,0,0,0,0,0
WG_METRICS 585,256,768,1.9289,0.0088,0.0070,1.8653,0.0189,0.0289,256,768,196608,393216,105404.0156,210808.0312,0.0000,0,0.0000,0.0000,0,0.0000,0,0.0000,0.0000,0,0.0000,0.0000,0,0,0,0,0,0,0,0,0,0,0,0,0,0,0,0,0,0,0,0,0,0,0,0,0
WG_METRICS 586,256,768,1.9568,0.0088,0.0070,1.8863,0.0257,0.0291,256,768,196608,393216,104228.3359,208456.6719,0.0000,0,0.0000,0.0000,0,0.0000,0,0.0000,0.0000,0,0.0000,0.0000,0,0,0,0,0,0,0,0,0,0,0,0,0,0,0,0,0,0,0,0,0,0,0,0,0
WG_METRICS 587,256,768,1.9208,0.0088,0.0070,1.8557,0.0194,0.0299,256,768,196608,393216,105949.3047,211898.6094,0.0000,0,0.0000,0.0000,0,0.0000,0,0.0000,0.0000,0,0.0000,0.0000,0,0,0,0,0,0,0,0,0,0,0,0,0,0,0,0,0,0,0,0,0,0,0,0,0
WG_METRICS 588,256,768,1.9446,0.0087,0.0070,1.8809,0.0193,0.0287,256,768,196608,393216,104529.7969,209059.5938,0.0000,0,0.0000,0.0000,0,0.0000,0,0.0000,0.0000,0,0.0000,0.0000,0,0,0,0,0,0,0,0,0,0,0,0,0,0,0,0,0,0,0,0,0,0,0,0,0
WG_METRICS 589,256,768,1.9026,0.0088,0.0071,1.8441,0.0138,0.0288,256,768,196608,393216,106615.7656,213231.5312,0.0000,0,0.0000,0.0000,0,0.0000,0,0.0000,0.0000,0,0.0000,0.0000,0,0,0,0,0,0,0,0,0,0,0,0,0,0,0,0,0,0,0,0,0,0,0,0,0
WG_METRICS 590,256,768,1.9250,0.0088,0.0070,1.8613,0.0188,0.0290,256,768,196608,393216,105628.2656,211256.5312,0.0000,0,0.0000,0.0000,0,0.0000,0,0.0000,0.0000,0,0.0000,0.0000,0,0,0,0,0,0,0,0,0,0,0,0,0,0,0,0,0,0,0,0,0,0,0,0,0
WG_METRICS 591,256,768,1.9511,0.0089,0.0070,1.8794,0.0269,0.0288,256,768,196608,393216,104609.8828,209219.7656,0.0000,0,0.0000,0.0000,0,0.0000,0,0.0000,0.0000,0,0.0000,0.0000,0,0,0,0,0,0,0,0,0,0,0,0,0,0,0,0,0,0,0,0,0,0,0,0,0
WG_METRICS 592,256,768,1.9438,0.0088,0.0071,1.8790,0.0193,0.0296,256,768,196608,393216,104636.6094,209273.2188,0.0000,0,0.0000,0.0000,0,0.0000,0,0.0000,0.0000,0,0.0000,0.0000,0,0,0,0,0,0,0,0,0,0,0,0,0,0,0,0,0,0,0,0,0,0,0,0,0
WG_METRICS 593,256,768,1.9553,0.0087,0.0071,1.8914,0.0190,0.0292,256,768,196608,393216,103948.3984,207896.7969,0.0000,0,0.0000,0.0000,0,0.0000,0,0.0000,0.0000,0,0.0000,0.0000,0,0,0,0,0,0,0,0,0,0,0,0,0,0,0,0,0,0,0,0,0,0,0,0,0
WG_METRICS 594,256,768,1.9178,0.0088,0.0070,1.8544,0.0187,0.0288,256,768,196608,393216,106022.4297,212044.8594,0.0000,0,0.0000,0.0000,0,0.0000,0,0.0000,0.0000,0,0.0000,0.0000,0,0,0,0,0,0,0,0,0,0,0,0,0,0,0,0,0,0,0,0,0,0,0,0,0
WG_METRICS 595,256,768,1.9097,0.0087,0.0070,1.8532,0.0104,0.0304,256,768,196608,393216,106093.3750,212186.7500,0.0000,0,0.0000,0.0000,0,0.0000,0,0.0000,0.0000,0,0.0000,0.0000,0,0,0,0,0,0,0,0,0,0,0,0,0,0,0,0,0,0,0,0,0,0,0,0,0
WG_METRICS 596,256,768,1.9484,0.0088,0.0070,1.8852,0.0173,0.0300,256,768,196608,393216,104288.0469,208576.0938,0.0000,0,0.0000,0.0000,0,0.0000,0,0.0000,0.0000,0,0.0000,0.0000,0,0,0,0,0,0,0,0,0,0,0,0,0,0,0,0,0,0,0,0,0,0,0,0,0
WG_METRICS 597,256,768,1.9321,0.0088,0.0070,1.8801,0.0071,0.0291,256,768,196608,393216,104574.2734,209148.5469,0.0000,0,0.0000,0.0000,0,0.0000,0,0.0000,0.0000,0,0.0000,0.0000,0,0,0,0,0,0,0,0,0,0,0,0,0,0,0,0,0,0,0,0,0,0,0,0,0
WG_METRICS 598,256,768,1.9218,0.0088,0.0070,1.8613,0.0156,0.0290,256,768,196608,393216,105628.2656,211256.5312,0.0000,0,0.0000,0.0000,0,0.0000,0,0.0000,0.0000,0,0.0000,0.0000,0,0,0,0,0,0,0,0,0,0,0,0,0,0,0,0,0,0,0,0,0,0,0,0,0
WG_METRICS 599,256,768,1.9130,0.0088,0.0071,1.8481,0.0193,0.0297,256,768,196608,393216,106382.7031,212765.4062,0.0000,0,0.0000,0.0000,0,0.0000,0,0.0000,0.0000,0,0.0000,0.0000,0,0,0,0,0,0,0,0,0,0,0,0,0,0,0,0,0,0,0,0,0,0,0,0,0
WG_METRICS 600,256,768,1.9413,0.0088,0.0070,1.8776,0.0189,0.0290,256,768,196608,393216,104710.1641,209420.3281,0.0000,0,0.0000,0.0000,0,0.0000,0,0.0000,0.0000,0,0.0000,0.0000,0,0,0,0,0,0,0,0,0,0,0,0,0,0,0,0,0,0,0,0,0,0,0,0,0
WG_METRICS 601,256,768,1.9347,0.0087,0.0070,1.8648,0.0255,0.0287,256,768,196608,393216,105433.4062,210866.8125,0.0000,0,0.0000,0.0000,0,0.0000,0,0.0000,0.0000,0,0.0000,0.0000,0,0,0,0,0,0,0,0,0,0,0,0,0,0,0,0,0,0,0,0,0,0,0,0,0
WG_METRICS 602,256,768,1.9348,0.0088,0.0070,1.8617,0.0271,0.0302,256,768,196608,393216,105607.8359,211215.6719,0.0000,0,0.0000,0.0000,0,0.0000,0,0.0000,0.0000,0,0.0000,0.0000,0,0,0,0,0,0,0,0,0,0,0,0,0,0,0,0,0,0,0,0,0,0,0,0,0
WG_METRICS 603,256,768,1.9220,0.0088,0.0070,1.8640,0.0134,0.0288,256,768,196608,393216,105478.6562,210957.3125,0.0000,0,0.0000,0.0000,0,0.0000,0,0.0000,0.0000,0,0.0000,0.0000,0,0,0,0,0,0,0,0,0,0,0,0,0,0,0,0,0,0,0,0,0,0,0,0,0
WG_METRICS 604,256,768,1.9171,0.0088,0.0070,1.8534,0.0190,0.0290,256,768,196608,393216,106079.6406,212159.2812,0.0000,0,0.0000,0.0000,0,0.0000,0,0.0000,0.0000,0,0.0000,0.0000,0,0,0,0,0,0,0,0,0,0,0,0,0,0,0,0,0,0,0,0,0,0,0,0,0
WG_METRICS 605,256,768,1.9635,0.0087,0.0070,1.9001,0.0189,0.0288,256,768,196608,393216,103471.3594,206942.7188,0.0000,0,0.0000,0.0000,0,0.0000,0,0.0000,0.0000,0,0.0000,0.0000,0,0,0,0,0,0,0,0,0,0,0,0,0,0,0,0,0,0,0,0,0,0,0,0,0
WG_METRICS 606,256,768,1.9469,0.0087,0.0070,1.8830,0.0188,0.0294,256,768,196608,393216,104409.8906,208819.7812,0.0000,0,0.0000,0.0000,0,0.0000,0,0.0000,0.0000,0,0.0000,0.0000,0,0,0,0,0,0,0,0,0,0,0,0,0,0,0,0,0,0,0,0,0,0,0,0,0
WG_METRICS 607,256,768,1.9362,0.0088,0.0070,1.8646,0.0265,0.0292,256,768,196608,393216,105440.1953,210880.3906,0.0000,0,0.0000,0.0000,0,0.0000,0,0.0000,0.0000,0,0.0000,0.0000,0,0,0,0,0,0,0,0,0,0,0,0,0,0,0,0,0,0,0,0,0,0,0,0,0
WG_METRICS 608,256,768,1.9515,0.0088,0.0070,1.8800,0.0258,0.0299,256,768,196608,393216,104576.4922,209152.9844,0.0000,0,0.0000,0.0000,0,0.0000,0,0.0000,0.0000,0,0.0000,0.0000,0,0,0,0,0,0,0,0,0,0,0,0,0,0,0,0,0,0,0,0,0,0,0,0,0
WG_METRICS 609,256,768,1.9601,0.0089,0.0070,1.8953,0.0199,0.0290,256,768,196608,393216,103735.5938,207471.1875,0.0000,0,0.0000,0.0000,0,0.0000,0,0.0000,0.0000,0,0.0000,0.0000,0,0,0,0,0,0,0,0,0,0,0,0,0,0,0,0,0,0,0,0,0,0,0,0,0
WG_METRICS 610,256,768,1.9298,0.0087,0.0070,1.8679,0.0174,0.0288,256,768,196608,393216,105257.2969,210514.5938,0.0000,0,0.0000,0.0000,0,0.0000,0,0.0000,0.0000,0,0.0000,0.0000,0,0,0,0,0,0,0,0,0,0,0,0,0,0,0,0,0,0,0,0,0,0,0,0,0
WG_METRICS 611,256,768,1.8909,0.0089,0.0070,1.8346,0.0115,0.0289,256,768,196608,393216,107169.0156,214338.0312,0.0000,0,0.0000,0.0000,0,0.0000,0,0.0000,0.0000,0,0.0000,0.0000,0,0,0,0,0,0,0,0,0,0,0,0,0,0,0,0,0,0,0,0,0,0,0,0,0
WG_METRICS 612,256,768,1.9385,0.0088,0.0070,1.8669,0.0270,0.0288,256,768,196608,393216,105313.6719,210627.3438,0.0000,0,0.0000,0.0000,0,0.0000,0,0.0000,0.0000,0,0.0000,0.0000,0,0,0,0,0,0,0,0,0,0,0,0,0,0,0,0,0,0,0,0,0,0,0,0,0
WG_METRICS 613,256,768,1.9472,0.0088,0.0070,1.8909,0.0115,0.0291,256,768,196608,393216,103976.9844,207953.9688,0.0000,0,0.0000,0.0000,0,0.0000,0,0.0000,0.0000,0,0.0000,0.0000,0,0,0,0,0,0,0,0,0,0,0,0,0,0,0,0,0,0,0,0,0,0,0,0,0
WG_METRICS 614,256,768,1.9091,0.0087,0.0070,1.8458,0.0189,0.0287,256,768,196608,393216,106518.7266,213037.4531,0.0000,0,0.0000,0.0000,0,0.0000,0,0.0000,0.0000,0,0.0000,0.0000,0,0,0,0,0,0,0,0,0,0,0,0,0,0,0,0,0,0,0,0,0,0,0,0,0
WG_METRICS 615,256,768,1.9036,0.0087,0.0070,1.8396,0.0188,0.0295,256,768,196608,393216,106873.0859,213746.1719,0.0000,0,0.0000,0.0000,0,0.0000,0,0.0000,0.0000,0,0.0000,0.0000,0,0,0,0,0,0,0,0,0,0,0,0,0,0,0,0,0,0,0,0,0,0,0,0,0
WG_METRICS 616,256,768,1.8969,0.0088,0.0070,1.8348,0.0172,0.0291,256,768,196608,393216,107155.0000,214310.0000,0.0000,0,0.0000,0.0000,0,0.0000,0,0.0000,0.0000,0,0.0000,0.0000,0,0,0,0,0,0,0,0,0,0,0,0,0,0,0,0,0,0,0,0,0,0,0,0,0
WG_METRICS 617,256,768,1.9566,0.0087,0.0071,1.8949,0.0166,0.0292,256,768,196608,393216,103755.3047,207510.6094,0.0000,0,0.0000,0.0000,0,0.0000,0,0.0000,0.0000,0,0.0000,0.0000,0,0,0,0,0,0,0,0,0,0,0,0,0,0,0,0,0,0,0,0,0,0,0,0,0
WG_METRICS 618,256,768,1.9477,0.0088,0.0071,1.8831,0.0197,0.0290,256,768,196608,393216,104405.4609,208810.9219,0.0000,0,0.0000,0.0000,0,0.0000,0,0.0000,0.0000,0,0.0000,0.0000,0,0,0,0,0,0,0,0,0,0,0,0,0,0,0,0,0,0,0,0,0,0,0,0,0
WG_METRICS 619,256,768,1.8930,0.0088,0.0070,1.8282,0.0178,0.0312,256,768,196608,393216,107539.4922,215078.9844,0.0000,0,0.0000,0.0000,0,0.0000,0,0.0000,0.0000,0,0.0000,0.0000,0,0,0,0,0,0,0,0,0,0,0,0,0,0,0,0,0,0,0,0,0,0,0,0,0
WG_METRICS 620,256,768,1.8960,0.0087,0.0070,1.8330,0.0188,0.0284,256,768,196608,393216,107262.5703,214525.1406,0.0000,0,0.0000,0.0000,0,0.0000,0,0.0000,0.0000,0,0.0000,0.0000,0,0,0,0,0,0,0,0,0,0,0,0,0,0,0,0,0,0,0,0,0,0,0,0,0
WG_METRICS 621,256,768,1.8979,0.0087,0.0070,1.8423,0.0114,0.0285,256,768,196608,393216,106719.9297,213439.8594,0.0000,0,0.0000,0.0000,0,0.0000,0,0.0000,0.0000,0,0.0000,0.0000,0,0,0,0,0,0,0,0,0,0,0,0,0,0,0,0,0,0,0,0,0,0,0,0,0
WG_METRICS 622,256,768,1.8913,0.0087,0.0070,1.8274,0.0189,0.0293,256,768,196608,393216,107588.9297,215177.8594,0.0000,0,0.0000,0.0000,0,0.0000,0,0.0000,0.0000,0,0.0000,0.0000,0,0,0,0,0,0,0,0,0,0,0,0,0,0,0,0,0,0,0,0,0,0,0,0,0
WG_METRICS 623,256,768,1.9342,0.0088,0.0070,1.8600,0.0273,0.0311,256,768,196608,393216,105705.5000,211411.0000,0.0000,0,0.0000,0.0000,0,0.0000,0,0.0000,0.0000,0,0.0000,0.0000,0,0,0,0,0,0,0,0,0,0,0,0,0,0,0,0,0,0,0,0,0,0,0,0,0
WG_METRICS 624,256,768,1.9079,0.0089,0.0070,1.8432,0.0198,0.0290,256,768,196608,393216,106668.9766,213337.9531,0.0000,0,0.0000,0.0000,0,0.0000,0,0.0000,0.0000,0,0.0000,0.0000,0,0,0,0,0,0,0,0,0,0,0,0,0,0,0,0,0,0,0,0,0,0,0,0,0
WG_METRICS 625,256,768,1.9130,0.0087,0.0070,1.8494,0.0190,0.0288,256,768,196608,393216,106309.0703,212618.1406,0.0000,0,0.0000,0.0000,0,0.0000,0,0.0000,0.0000,0,0.0000,0.0000,0,0,0,0,0,0,0,0,0,0,0,0,0,0,0,0,0,0,0,0,0,0,0,0,0
WG_METRICS 626,256,768,1.9012,0.0088,0.0070,1.8380,0.0188,0.0286,256,768,196608,393216,106966.1172,213932.2344,0.0000,0,0.0000,0.0000,0,0.0000,0,0.0000,0.0000,0,0.0000,0.0000,0,0,0,0,0,0,0,0,0,0,0,0,0,0,0,0,0,0,0,0,0,0,0,0,0
WG_METRICS 627,256,768,1.9070,0.0087,0.0070,1.8438,0.0188,0.0287,256,768,196608,393216,106634.2656,213268.5312,0.0000,0,0.0000,0.0000,0,0.0000,0,0.0000,0.0000,0,0.0000,0.0000,0,0,0,0,0,0,0,0,0,0,0,0,0,0,0,0,0,0,0,0,0,0,0,0,0
WG_METRICS 628,256,768,1.9031,0.0088,0.0070,1.8328,0.0260,0.0285,256,768,196608,393216,107271.9297,214543.8594,0.0000,0,0.0000,0.0000,0,0.0000,0,0.0000,0.0000,0,0.0000,0.0000,0,0,0,0,0,0,0,0,0,0,0,0,0,0,0,0,0,0,0,0,0,0,0,0,0
WG_METRICS 629,256,768,1.9380,0.0088,0.0070,1.8877,0.0057,0.0288,256,768,196608,393216,104151.0391,208302.0781,0.0000,0,0.0000,0.0000,0,0.0000,0,0.0000,0.0000,0,0.0000,0.0000,0,0,0,0,0,0,0,0,0,0,0,0,0,0,0,0,0,0,0,0,0,0,0,0,0
WG_METRICS 630,256,768,1.9275,0.0088,0.0070,1.8631,0.0198,0.0287,256,768,196608,393216,105528.4766,211056.9531,0.0000,0,0.0000,0.0000,0,0.0000,0,0.0000,0.0000,0,0.0000,0.0000,0,0,0,0,0,0,0,0,0,0,0,0,0,0,0,0,0,0,0,0,0,0,0,0,0
WG_METRICS 631,256,768,1.9301,0.0087,0.0070,1.8662,0.0192,0.0290,256,768,196608,393216,105352.0547,210704.1094,0.0000,0,0.0000,0.0000,0,0.0000,0,0.0000,0.0000,0,0.0000,0.0000,0,0,0,0,0,0,0,0,0,0,0,0,0,0,0,0,0,0,0,0,0,0,0,0,0
WG_METRICS 632,256,768,1.9090,0.0087,0.0071,1.8473,0.0172,0.0288,256,768,196608,393216,106431.0781,212862.1562,0.0000,0,0.0000,0.0000,0,0.0000,0,0.0000,0.0000,0,0.0000,0.0000,0,0,0,0,0,0,0,0,0,0,0,0,0,0,0,0,0,0,0,0,0,0,0,0,0
WG_METRICS 633,256,768,1.9179,0.0087,0.0070,1.8659,0.0057,0.0306,256,768,196608,393216,105367.8672,210735.7344,0.0000,0,0.0000,0.0000,0,0.0000,0,0.0000,0.0000,0,0.0000,0.0000,0,0,0,0,0,0,0,0,0,0,0,0,0,0,0,0,0,0,0,0,0,0,0,0,0
WG_METRICS 634,256,768,1.9076,0.0087,0.0070,1.8434,0.0194,0.0289,256,768,196608,393216,106652.7734,213305.5469,0.0000,0,0.0000,0.0000,0,0.0000,0,0.0000,0.0000,0,0.0000,0.0000,0,0,0,0,0,0,0,0,0,0,0,0,0,0,0,0,0,0,0,0,0,0,0,0,0
WG_METRICS 635,256,768,1.9342,0.0088,0.0070,1.8720,0.0175,0.0288,256,768,196608,393216,105023.3984,210046.7969,0.0000,0,0.0000,0.0000,0,0.0000,0,0.0000,0.0000,0,0.0000,0.0000,0,0,0,0,0,0,0,0,0,0,0,0,0,0,0,0,0,0,0,0,0,0,0,0,0
WG_METRICS 636,256,768,1.9184,0.0088,0.0070,1.8531,0.0188,0.0306,256,768,196608,393216,106095.6641,212191.3281,0.0000,0,0.0000,0.0000,0,0.0000,0,0.0000,0.0000,0,0.0000,0.0000,0,0,0,0,0,0,0,0,0,0,0,0,0,0,0,0,0,0,0,0,0,0,0,0,0
WG_METRICS 637,256,768,1.9127,0.0086,0.0071,1.8497,0.0188,0.0285,256,768,196608,393216,106290.6797,212581.3594,0.0000,0,0.0000,0.0000,0,0.0000,0,0.0000,0.0000,0,0.0000,0.0000,0,0,0,0,0,0,0,0,0,0,0,0,0,0,0,0,0,0,0,0,0,0,0,0,0
WG_METRICS 638,256,768,1.9045,0.0088,0.0070,1.8489,0.0114,0.0283,256,768,196608,393216,106338.9688,212677.9375,0.0000,0,0.0000,0.0000,0,0.0000,0,0.0000,0.0000,0,0.0000,0.0000,0,0,0,0,0,0,0,0,0,0,0,0,0,0,0,0,0,0,0,0,0,0,0,0,0
WG_METRICS 639,256,768,1.9105,0.0088,0.0070,1.8539,0.0121,0.0286,256,768,196608,393216,106049.8828,212099.7656,0.0000,0,0.0000,0.0000,0,0.0000,0,0.0000,0.0000,0,0.0000,0.0000,0,0,0,0,0,0,0,0,0,0,0,0,0,0,0,0,0,0,0,0,0,0,0,0,0
WG_METRICS 640,256,768,1.9373,0.0087,0.0070,1.8751,0.0179,0.0285,256,768,196608,393216,104850.8906,209701.7812,0.0000,0,0.0000,0.0000,0,0.0000,0,0.0000,0.0000,0,0.0000,0.0000,0,0,0,0,0,0,0,0,0,0,0,0,0,0,0,0,0,0,0,0,0,0,0,0,0
WG_METRICS 641,256,768,1.9220,0.0088,0.0070,1.8586,0.0188,0.0287,256,768,196608,393216,105785.1250,211570.2500,0.0000,0,0.0000,0.0000,0,0.0000,0,0.0000,0.0000,0,0.0000,0.0000,0,0,0,0,0,0,0,0,0,0,0,0,0,0,0,0,0,0,0,0,0,0,0,0,0
WG_METRICS 642,256,768,1.9202,0.0087,0.0070,1.8559,0.0187,0.0299,256,768,196608,393216,105937.8828,211875.7656,0.0000,0,0.0000,0.0000,0,0.0000,0,0.0000,0.0000,0,0.0000,0.0000,0,0,0,0,0,0,0,0,0,0,0,0,0,0,0,0,0,0,0,0,0,0,0,0,0
WG_METRICS 643,256,768,1.8855,0.0088,0.0070,1.8302,0.0111,0.0284,256,768,196608,393216,107426.6719,214853.3438,0.0000,0,0.0000,0.0000,0,0.0000,0,0.0000,0.0000,0,0.0000,0.0000,0,0,0,0,0,0,0,0,0,0,0,0,0,0,0,0,0,0,0,0,0,0,0,0,0
WG_METRICS 644,256,768,1.9100,0.0087,0.0071,1.8448,0.0188,0.0305,256,768,196608,393216,106571.8438,213143.6875,0.0000,0,0.0000,0.0000,0,0.0000,0,0.0000,0.0000,0,0.0000,0.0000,0,0,0,0,0,0,0,0,0,0,0,0,0,0,0,0,0,0,0,0,0,0,0,0,0
WG_METRICS 645,256,768,1.9332,0.0087,0.0070,1.8726,0.0162,0.0286,256,768,196608,393216,104989.7500,209979.5000,0.0000,0,0.0000,0.0000,0,0.0000,0,0.0000,0.0000,0,0.0000,0.0000,0,0,0,0,0,0,0,0,0,0,0,0,0,0,0,0,0,0,0,0,0,0,0,0,0
WG_METRICS 646,256,768,1.9635,0.0089,0.0070,1.8915,0.0273,0.0288,256,768,196608,393216,103944.0000,207888.0000,0.0000,0,0.0000,0.0000,0,0.0000,0,0.0000,0.0000,0,0.0000,0.0000,0,0,0,0,0,0,0,0,0,0,0,0,0,0,0,0,0,0,0,0,0,0,0,0,0
WG_METRICS 647,256,768,1.9270,0.0088,0.0070,1.8631,0.0194,0.0287,256,768,196608,393216,105526.2188,211052.4375,0.0000,0,0.0000,0.0000,0,0.0000,0,0.0000,0.0000,0,0.0000,0.0000,0,0,0,0,0,0,0,0,0,0,0,0,0,0,0,0,0,0,0,0,0,0,0,0,0
WG_METRICS 648,256,768,1.9385,0.0087,0.0070,1.8792,0.0148,0.0288,256,768,196608,393216,104621.0156,209242.0312,0.0000,0,0.0000,0.0000,0,0.0000,0,0.0000,0.0000,0,0.0000,0.0000,0,0,0,0,0,0,0,0,0,0,0,0,0,0,0,0,0,0,0,0,0,0,0,0,0
WG_METRICS 649,256,768,1.9199,0.0089,0.0070,1.8561,0.0189,0.0290,256,768,196608,393216,105924.1875,211848.3750,0.0000,0,0.0000,0.0000,0,0.0000,0,0.0000,0.0000,0,0.0000,0.0000,0,0,0,0,0,0,0,0,0,0,0,0,0,0,0,0,0,0,0,0,0,0,0,0,0
WG_METRICS 650,256,768,1.9454,0.0088,0.0070,1.8824,0.0187,0.0285,256,768,196608,393216,104447.6094,208895.2188,0.0000,0,0.0000,0.0000,0,0.0000,0,0.0000,0.0000,0,0.0000,0.0000,0,0,0,0,0,0,0,0,0,0,0,0,0,0,0,0,0,0,0,0,0,0,0,0,0
WG_METRICS 651,256,768,1.9120,0.0088,0.0070,1.8485,0.0189,0.0288,256,768,196608,393216,106361.9844,212723.9688,0.0000,0,0.0000,0.0000,0,0.0000,0,0.0000,0.0000,0,0.0000,0.0000,0,0,0,0,0,0,0,0,0,0,0,0,0,0,0,0,0,0,0,0,0,0,0,0,0
WG_METRICS 652,256,768,1.9147,0.0088,0.0070,1.8592,0.0111,0.0286,256,768,196608,393216,105748.7109,211497.4219,0.0000,0,0.0000,0.0000,0,0.0000,0,0.0000,0.0000,0,0.0000,0.0000,0,0,0,0,0,0,0,0,0,0,0,0,0,0,0,0,0,0,0,0,0,0,0,0,0
WG_METRICS 653,256,768,1.9355,0.0088,0.0070,1.8720,0.0190,0.0287,256,768,196608,393216,105023.3984,210046.7969,0.0000,0,0.0000,0.0000,0,0.0000,0,0.0000,0.0000,0,0.0000,0.0000,0,0,0,0,0,0,0,0,0,0,0,0,0,0,0,0,0,0,0,0,0,0,0,0,0
WG_METRICS 654,256,768,1.9100,0.0087,0.0070,1.8451,0.0201,0.0291,256,768,196608,393216,106555.6719,213111.3438,0.0000,0,0.0000,0.0000,0,0.0000,0,0.0000,0.0000,0,0.0000,0.0000,0,0,0,0,0,0,0,0,0,0,0,0,0,0,0,0,0,0,0,0,0,0,0,0,0
WG_METRICS 655,256,768,1.9119,0.0088,0.0070,1.8477,0.0193,0.0290,256,768,196608,393216,106405.7344,212811.4688,0.0000,0,0.0000,0.0000,0,0.0000,0,0.0000,0.0000,0,0.0000,0.0000,0,0,0,0,0,0,0,0,0,0,0,0,0,0,0,0,0,0,0,0,0,0,0,0,0
WG_METRICS 656,256,768,1.9633,0.0088,0.0070,1.9074,0.0113,0.0288,256,768,196608,393216,103076.4375,206152.8750,0.0000,0,0.0000,0.0000,0,0.0000,0,0.0000,0.0000,0,0.0000,0.0000,0,0,0,0,0,0,0,0,0,0,0,0,0,0,0,0,0,0,0,0,0,0,0,0,0
WG_METRICS 657,256,768,1.9554,0.0087,0.0070,1.8906,0.0188,0.0303,256,768,196608,393216,103994.5781,207989.1562,0.0000,0,0.0000,0.0000,0,0.0000,0,0.0000,0.0000,0,0.0000,0.0000,0,0,0,0,0,0,0,0,0,0,0,0,0,0,0,0,0,0,0,0,0,0,0,0,0
WG_METRICS 658,256,768,1.9744,0.0089,0.0070,1.9039,0.0259,0.0287,256,768,196608,393216,103267.0156,206534.0312,0.0000,0,0.0000,0.0000,0,0.0000,0,0.0000,0.0000,0,0.0000,0.0000,0,0,0,0,0,0,0,0,0,0,0,0,0,0,0,0,0,0,0,0,0,0,0,0,0
WG_METRICS 659,256,768,1.9809,0.0088,0.0070,1.9086,0.0270,0.0295,256,768,196608,393216,103011.6328,206023.2656,0.0000,0,0.0000,0.0000,0,0.0000,0,0.0000,0.0000,0,0.0000,0.0000,0,0,0,0,0,0,0,0,0,0,0,0,0,0,0,0,0,0,0,0,0,0,0,0,0
WG_METRICS 660,256,768,1.9469,0.0089,0.0070,1.8820,0.0193,0.0297,256,768,196608,393216,104467.5859,208935.1719,0.0000,0,0.0000,0.0000,0,0.0000,0,0.0000,0.0000,0,0.0000,0.0000,0,0,0,0,0,0,0,0,0,0,0,0,0,0,0,0,0,0,0,0,0,0,0,0,0
WG_METRICS 661,256,768,1.9303,0.0088,0.0070,1.8667,0.0172,0.0306,256,768,196608,393216,105322.7109,210645.4219,0.0000,0,0.0000,0.0000,0,0.0000,0,0.0000,0.0000,0,0.0000,0.0000,0,0,0,0,0,0,0,0,0,0,0,0,0,0,0,0,0,0,0,0,0,0,0,0,0
WG_METRICS 662,256,768,1.9984,0.0088,0.0134,1.9370,0.0102,0.0290,256,768,196608,393216,101503.3906,203006.7812,0.0000,0,0.0000,0.0000,0,0.0000,0,0.0000,0.0000,0,0.0000,0.0000,0,0,0,0,0,0,0,0,0,0,0,0,0,0,0,0,0,0,0,0,0,0,0,0,0
WG_METRICS 663,256,768,1.9499,0.0088,0.0070,1.8848,0.0199,0.0293,256,768,196608,393216,104310.1797,208620.3594,0.0000,0,0.0000,0.0000,0,0.0000,0,0.0000,0.0000,0,0.0000,0.0000,0,0,0,0,0,0,0,0,0,0,0,0,0,0,0,0,0,0,0,0,0,0,0,0,0
WG_METRICS 664,256,768,1.7750,0.0086,0.0070,1.7157,0.0186,0.0250,256,768,196608,393216,114592.1172,229184.2344,0.0000,0,0.0000,0.0000,0,0.0000,0,0.0000,0.0000,0,0.0000,0.0000,0,0,0,0,0,0,0,0,0,0,0,0,0,0,0,0,0,0,0,0,0,0,0,0,0
WG_METRICS 665,256,768,1.5812,0.0083,0.0070,1.5245,0.0183,0.0231,256,768,196608,393216,128967.2578,257934.5156,0.0000,0,0.0000,0.0000,0,0.0000,0,0.0000,0.0000,0,0.0000,0.0000,0,0,0,0,0,0,0,0,0,0,0,0,0,0,0,0,0,0,0,0,0,0,0,0,0
WG_METRICS 666,256,768,1.4022,0.0080,0.0069,1.3518,0.0149,0.0205,256,768,196608,393216,145437.3281,290874.6562,0.0000,0,0.0000,0.0000,0,0.0000,0,0.0000,0.0000,0,0.0000,0.0000,0,0,0,0,0,0,0,0,0,0,0,0,0,0,0,0,0,0,0,0,0,0,0,0,0
WG_METRICS 667,256,768,1.2299,0.0078,0.0068,1.1781,0.0188,0.0183,256,768,196608,393216,166882.8281,333765.6562,0.0000,0,0.0000,0.0000,0,0.0000,0,0.0000,0.0000,0,0.0000,0.0000,0,0,0,0,0,0,0,0,0,0,0,0,0,0,0,0,0,0,0,0,0,0,0,0,0
WG_METRICS 668,256,768,1.1370,0.0076,0.0069,1.0876,0.0182,0.0166,256,768,196608,393216,180765.6875,361531.3750,0.0000,0,0.0000,0.0000,0,0.0000,0,0.0000,0.0000,0,0.0000,0.0000,0,0,0,0,0,0,0,0,0,0,0,0,0,0,0,0,0,0,0,0,0,0,0,0,0
WG_METRICS 669,256,768,1.1066,0.0074,0.0069,1.0574,0.0182,0.0166,256,768,196608,393216,185942.3438,371884.6875,0.0000,0,0.0000,0.0000,0,0.0000,0,0.0000,0.0000,0,0.0000,0.0000,0,0,0,0,0,0,0,0,0,0,0,0,0,0,0,0,0,0,0,0,0,0,0,0,0
WG_METRICS 670,256,768,1.1027,0.0075,0.0069,1.0607,0.0102,0.0174,256,768,196608,393216,185353.3438,370706.6875,0.0000,0,0.0000,0.0000,0,0.0000,0,0.0000,0.0000,0,0.0000,0.0000,0,0,0,0,0,0,0,0,0,0,0,0,0,0,0,0,0,0,0,0,0,0,0,0,0
WG_METRICS 671,256,768,1.1599,0.0077,0.0069,1.1094,0.0180,0.0180,256,768,196608,393216,177220.1094,354440.2188,0.0000,0,0.0000,0.0000,0,0.0000,0,0.0000,0.0000,0,0.0000,0.0000,0,0,0,0,0,0,0,0,0,0,0,0,0,0,0,0,0,0,0,0,0,0,0,0,0
WG_METRICS 672,256,768,1.2794,0.0078,0.0068,1.2194,0.0260,0.0194,256,768,196608,393216,161233.3906,322466.7812,0.0000,0,0.0000,0.0000,0,0.0000,0,0.0000,0.0000,0,0.0000,0.0000,0,0,0,0,0,0,0,0,0,0,0,0,0,0,0,0,0,0,0,0,0,0,0,0,0
WG_METRICS 673,256,768,1.3251,0.0079,0.0069,1.2716,0.0190,0.0198,256,768,196608,393216,154619.5312,309239.0625,0.0000,0,0.0000,0.0000,0,0.0000,0,0.0000,0.0000,0,0.0000,0.0000,0,0,0,0,0,0,0,0,0,0,0,0,0,0,0,0,0,0,0,0,0,0,0,0,0
WG_METRICS 674,256,768,1.6085,0.0082,0.0069,1.5561,0.0124,0.0249,256,768,196608,393216,126348.2578,252696.5156,0.0000,0,0.0000,0.0000,0,0.0000,0,0.0000,0.0000,0,0.0000,0.0000,0,0,0,0,0,0,0,0,0,0,0,0,0,0,0,0,0,0,0,0,0,0,0,0,0
WG_METRICS 675,256,768,1.9442,0.0088,0.0070,1.8809,0.0188,0.0286,256,768,196608,393216,104527.5703,209055.1406,0.0000,0,0.0000,0.0000,0,0.0000,0,0.0000,0.0000,0,0.0000,0.0000,0,0,0,0,0,0,0,0,0,0,0,0,0,0,0,0,0,0,0,0,0,0,0,0,0
WG_METRICS 676,256,768,1.9807,0.0087,0.0070,1.9173,0.0188,0.0289,256,768,196608,393216,102543.1328,205086.2656,0.0000,0,0.0000,0.0000,0,0.0000,0,0.0000,0.0000,0,0.0000,0.0000,0,0,0,0,0,0,0,0,0,0,0,0,0,0,0,0,0,0,0,0,0,0,0,0,0
WG_METRICS 677,256,768,1.9151,0.0087,0.0070,1.8519,0.0188,0.0287,256,768,196608,393216,106166.7109,212333.4219,0.0000,0,0.0000,0.0000,0,0.0000,0,0.0000,0.0000,0,0.0000,0.0000,0,0,0,0,0,0,0,0,0,0,0,0,0,0,0,0,0,0,0,0,0,0,0,0,0
WG_METRICS 678,256,768,1.9163,0.0089,0.0070,1.8590,0.0082,0.0332,256,768,196608,393216,105760.0859,211520.1719,0.0000,0,0.0000,0.0000,0,0.0000,0,0.0000,0.0000,0,0.0000,0.0000,0,0,0,0,0,0,0,0,0,0,0,0,0,0,0,0,0,0,0,0,0,0,0,0,0
WG_METRICS 679,256,768,1.9157,0.0088,0.0070,1.8610,0.0103,0.0286,256,768,196608,393216,105648.6953,211297.3906,0.0000,0,0.0000,0.0000,0,0.0000,0,0.0000,0.0000,0,0.0000,0.0000,0,0,0,0,0,0,0,0,0,0,0,0,0,0,0,0,0,0,0,0,0,0,0,0,0
WG_METRICS 680,256,768,1.9476,0.0088,0.0070,1.8829,0.0197,0.0292,256,768,196608,393216,104418.7656,208837.5312,0.0000,0,0.0000,0.0000,0,0.0000,0,0.0000,0.0000,0,0.0000,0.0000,0,0,0,0,0,0,0,0,0,0,0,0,0,0,0,0,0,0,0,0,0,0,0,0,0
WG_METRICS 681,256,768,1.9412,0.0087,0.0070,1.8775,0.0192,0.0288,256,768,196608,393216,104716.8594,209433.7188,0.0000,0,0.0000,0.0000,0,0.0000,0,0.0000,0.0000,0,0.0000,0.0000,0,0,0,0,0,0,0,0,0,0,0,0,0,0,0,0,0,0,0,0,0,0,0,0,0
WG_METRICS 682,256,768,1.9240,0.0087,0.0070,1.8599,0.0188,0.0295,256,768,196608,393216,105707.7734,211415.5469,0.0000,0,0.0000,0.0000,0,0.0000,0,0.0000,0.0000,0,0.0000,0.0000,0,0,0,0,0,0,0,0,0,0,0,0,0,0,0,0,0,0,0,0,0,0,0,0,0
WG_METRICS 683,256,768,1.9058,0.0088,0.0071,1.8434,0.0178,0.0288,256,768,196608,393216,106652.7734,213305.5469,0.0000,0,0.0000,0.0000,0,0.0000,0,0.0000,0.0000,0,0.0000,0.0000,0,0,0,0,0,0,0,0,0,0,0,0,0,0,0,0,0,0,0,0,0,0,0,0,0
WG_METRICS 684,256,768,1.9475,0.0087,0.0070,1.8837,0.0189,0.0291,256,768,196608,393216,104372.1953,208744.3906,0.0000,0,0.0000,0.0000,0,0.0000,0,0.0000,0.0000,0,0.0000,0.0000,0,0,0,0,0,0,0,0,0,0,0,0,0,0,0,0,0,0,0,0,0,0,0,0,0
WG_METRICS 685,256,768,1.9547,0.0088,0.0072,1.8840,0.0258,0.0290,256,768,196608,393216,104356.6875,208713.3750,0.0000,0,0.0000,0.0000,0,0.0000,0,0.0000,0.0000,0,0.0000,0.0000,0,0,0,0,0,0,0,0,0,0,0,0,0,0,0,0,0,0,0,0,0,0,0,0,0
WG_METRICS 686,256,768,1.9416,0.0088,0.0070,1.8690,0.0270,0.0299,256,768,196608,393216,105196.4688,210392.9375,0.0000,0,0.0000,0.0000,0,0.0000,0,0.0000,0.0000,0,0.0000,0.0000,0,0,0,0,0,0,0,0,0,0,0,0,0,0,0,0,0,0,0,0,0,0,0,0,0
WG_METRICS 687,256,768,1.7986,0.0085,0.0070,1.7472,0.0107,0.0251,256,768,196608,393216,112524.8984,225049.7969,0.0000,0,0.0000,0.0000,0,0.0000,0,0.0000,0.0000,0,0.0000,0.0000,0,0,0,0,0,0,0,0,0,0,0,0,0,0,0,0,0,0,0,0,0,0,0,0,0
WG_METRICS 688,256,768,1.5238,0.0082,0.0070,1.4656,0.0210,0.0219,256,768,196608,393216,134144.8125,268289.6250,0.0000,0,0.0000,0.0000,0,0.0000,0,0.0000,0.0000,0,0.0000,0.0000,0,0,0,0,0,0,0,0,0,0,0,0,0,0,0,0,0,0,0,0,0,0,0,0,0
WG_METRICS 689,256,768,1.3466,0.0080,0.0070,1.2941,0.0181,0.0195,256,768,196608,393216,151924.0938,303848.1875,0.0000,0,0.0000,0.0000,0,0.0000,0,0.0000,0.0000,0,0.0000,0.0000,0,0,0,0,0,0,0,0,0,0,0,0,0,0,0,0,0,0,0,0,0,0,0,0,0
WG_METRICS 690,256,768,1.2831,0.0079,0.0069,1.2309,0.0181,0.0193,256,768,196608,393216,159729.6250,319459.2500,0.0000,0,0.0000,0.0000,0,0.0000,0,0.0000,0.0000,0,0.0000,0.0000,0,0,0,0,0,0,0,0,0,0,0,0,0,0,0,0,0,0,0,0,0,0,0,0,0
WG_METRICS 691,256,768,1.3320,0.0080,0.0069,1.2788,0.0181,0.0202,256,768,196608,393216,153739.3281,307478.6562,0.0000,0,0.0000,0.0000,0,0.0000,0,0.0000,0.0000,0,0.0000,0.0000,0,0,0,0,0,0,0,0,0,0,0,0,0,0,0,0,0,0,0,0,0,0,0,0,0
WG_METRICS 692,256,768,1.4450,0.0080,0.0068,1.3978,0.0105,0.0218,256,768,196608,393216,140655.3125,281310.6250,0.0000,0,0.0000,0.0000,0,0.0000,0,0.0000,0.0000,0,0.0000,0.0000,0,0,0,0,0,0,0,0,0,0,0,0,0,0,0,0,0,0,0,0,0,0,0,0,0
WG_METRICS 693,256,768,1.6387,0.0085,0.0068,1.5797,0.0186,0.0250,256,768,196608,393216,124457.5000,248915.0000,0.0000,0,0.0000,0.0000,0,0.0000,0,0.0000,0.0000,0,0.0000,0.0000,0,0,0,0,0,0,0,0,0,0,0,0,0,0,0,0,0,0,0,0,0,0,0,0,0
WG_METRICS 694,256,768,1.7826,0.0084,0.0070,1.7130,0.0254,0.0288,256,768,196608,393216,114774.0781,229548.1562,0.0000,0,0.0000,0.0000,0,0.0000,0,0.0000,0.0000,0,0.0000,0.0000,0,0,0,0,0,0,0,0,0,0,0,0,0,0,0,0,0,0,0,0,0,0,0,0,0
WG_METRICS 695,256,768,1.8977,0.0087,0.0070,1.8376,0.0155,0.0290,256,768,196608,393216,106991.7266,213983.4531,0.0000,0,0.0000,0.0000,0,0.0000,0,0.0000,0.0000,0,0.0000,0.0000,0,0,0,0,0,0,0,0,0,0,0,0,0,0,0,0,0,0,0,0,0,0,0,0,0
WG_METRICS 696,256,768,1.9344,0.0087,0.0070,1.8707,0.0192,0.0288,256,768,196608,393216,105097.5000,210195.0000,0.0000,0,0.0000,0.0000,0,0.0000,0,0.0000,0.0000,0,0.0000,0.0000,0,0,0,0,0,0,0,0,0,0,0,0,0,0,0,0,0,0,0,0,0,0,0,0,0
WG_METRICS 697,256,768,1.9242,0.0088,0.0071,1.8666,0.0132,0.0286,256,768,196608,393216,105331.7344,210663.4688,0.0000,0,0.0000,0.0000,0,0.0000,0,0.0000,0.0000,0,0.0000,0.0000,0,0,0,0,0,0,0,0,0,0,0,0,0,0,0,0,0,0,0,0,0,0,0,0,0
WG_METRICS 698,256,768,1.9202,0.0087,0.0071,1.8568,0.0188,0.0288,256,768,196608,393216,105885.3984,211770.7969,0.0000,0,0.0000,0.0000,0,0.0000,0,0.0000,0.0000,0,0.0000,0.0000,0,0,0,0,0,0,0,0,0,0,0,0,0,0,0,0,0,0,0,0,0,0,0,0,0
WG_METRICS 699,256,768,1.8800,0.0086,0.0070,1.8125,0.0256,0.0263,256,768,196608,393216,108472.1797,216944.3594,0.0000,0,0.0000,0.0000,0,0.0000,0,0.0000,0.0000,0,0.0000,0.0000,0,0,0,0,0,0,0,0,0,0,0,0,0,0,0,0,0,0,0,0,0,0,0,0,0
WG_METRICS 700,256,768,1.6686,0.0084,0.0070,1.6033,0.0263,0.0236,256,768,196608,393216,122625.5547,245251.1094,0.0000,0,0.0000,0.0000,0,0.0000,0,0.0000,0.0000,0,0.0000,0.0000,0,0,0,0,0,0,0,0,0,0,0,0,0,0,0,0,0,0,0,0,0,0,0,0,0
WG_METRICS 701,256,768,1.4213,0.0080,0.0069,1.3662,0.0191,0.0211,256,768,196608,393216,143912.8594,287825.7188,0.0000,0,0.0000,0.0000,0,0.0000,0,0.0000,0.0000,0,0.0000,0.0000,0,0,0,0,0,0,0,0,0,0,0,0,0,0,0,0,0,0,0,0,0,0,0,0,0
WG_METRICS 702,256,768,1.3253,0.0080,0.0068,1.2748,0.0159,0.0198,256,768,196608,393216,154221.7031,308443.4062,0.0000,0,0.0000,0.0000,0,0.0000,0,0.0000,0.0000,0,0.0000,0.0000,0,0,0,0,0,0,0,0,0,0,0,0,0,0,0,0,0,0,0,0,0,0,0,0,0
WG_METRICS 703,256,768,1.2600,0.0078,0.0069,1.2084,0.0180,0.0189,256,768,196608,393216,162706.4844,325412.9688,0.0000,0,0.0000,0.0000,0,0.0000,0,0.0000,0.0000,0,0.0000,0.0000,0,0,0,0,0,0,0,0,0,0,0,0,0,0,0,0,0,0,0,0,0,0,0,0,0
WG_METRICS 704,256,768,1.3150,0.0079,0.0068,1.2625,0.0180,0.0198,256,768,196608,393216,155731.5781,311463.1562,0.0000,0,0.0000,0.0000,0,0.0000,0,0.0000,0.0000,0,0.0000,0.0000,0,0,0,0,0,0,0,0,0,0,0,0,0,0,0,0,0,0,0,0,0,0,0,0,0
WG_METRICS 705,256,768,1.4187,0.0080,0.0068,1.3637,0.0182,0.0220,256,768,196608,393216,144174.5781,288349.1562,0.0000,0,0.0000,0.0000,0,0.0000,0,0.0000,0.0000,0,0.0000,0.0000,0,0,0,0,0,0,0,0,0,0,0,0,0,0,0,0,0,0,0,0,0,0,0,0,0
WG_METRICS 706,256,768,1.6169,0.0082,0.0068,1.5591,0.0184,0.0244,256,768,196608,393216,126101.8984,252203.7969,0.0000,0,0.0000,0.0000,0,0.0000,0,0.0000,0.0000,0,0.0000,0.0000,0,0,0,0,0,0,0,0,0,0,0,0,0,0,0,0,0,0,0,0,0,0,0,0,0
WG_METRICS 707,256,768,1.8013,0.0084,0.0069,1.7317,0.0258,0.0284,256,768,196608,393216,113533.3672,227066.7344,0.0000,0,0.0000,0.0000,0,0.0000,0,0.0000,0.0000,0,0.0000,0.0000,0,0,0,0,0,0,0,0,0,0,0,0,0,0,0,0,0,0,0,0,0,0,0,0,0
WG_METRICS 708,256,768,1.9683,0.0087,0.0070,1.9180,0.0057,0.0288,256,768,196608,393216,102504.6406,205009.2812,0.0000,0,0.0000,0.0000,0,0.0000,0,0.0000,0.0000,0,0.0000,0.0000,0,0,0,0,0,0,0,0,0,0,0,0,0,0,0,0,0,0,0,0,0,0,0,0,0
WG_METRICS 709,256,768,1.9249,0.0089,0.0070,1.8588,0.0198,0.0304,256,768,196608,393216,105771.4609,211542.9219,0.0000,0,0.0000,0.0000,0,0.0000,0,0.0000,0.0000,0,0.0000,0.0000,0,0,0,0,0,0,0,0,0,0,0,0,0,0,0,0,0,0,0,0,0,0,0,0,0
WG_METRICS 710,256,768,1.8973,0.0087,0.0070,1.8336,0.0192,0.0287,256,768,196608,393216,107222.7969,214445.5938,0.0000,0,0.0000,0.0000,0,0.0000,0,0.0000,0.0000,0,0.0000,0.0000,0,0,0,0,0,0,0,0,0,0,0,0,0,0,0,0,0,0,0,0,0,0,0,0,0
WG_METRICS 711,256,768,1.9398,0.0088,0.0070,1.8863,0.0087,0.0289,256,768,196608,393216,104228.3359,208456.6719,0.0000,0,0.0000,0.0000,0,0.0000,0,0.0000,0.0000,0,0.0000,0.0000,0,0,0,0,0,0,0,0,0,0,0,0,0,0,0,0,0,0,0,0,0,0,0,0,0
WG_METRICS 712,256,768,1.9398,0.0087,0.0070,1.8762,0.0188,0.0291,256,768,196608,393216,104792.7656,209585.5312,0.0000,0,0.0000,0.0000,0,0.0000,0,0.0000,0.0000,0,0.0000,0.0000,0,0,0,0,0,0,0,0,0,0,0,0,0,0,0,0,0,0,0,0,0,0,0,0,0
WG_METRICS 713,256,768,1.9333,0.0088,0.0070,1.8631,0.0258,0.0286,256,768,196608,393216,105526.2188,211052.4375,0.0000,0,0.0000,0.0000,0,0.0000,0,0.0000,0.0000,0,0.0000,0.0000,0,0,0,0,0,0,0,0,0,0,0,0,0,0,0,0,0,0,0,0,0,0,0,0,0
WG_METRICS 714,256,768,1.8150,0.0088,0.0070,1.7457,0.0270,0.0266,256,768,196608,393216,112625.4531,225250.9062,0.0000,0,0.0000,0.0000,0,0.0000,0,0.0000,0.0000,0,0.0000,0.0000,0,0,0,0,0,0,0,0,0,0,0,0,0,0,0,0,0,0,0,0,0,0,0,0,0
WG_METRICS 715,256,768,1.4664,0.0081,0.0070,1.4194,0.0107,0.0213,256,768,196608,393216,138518.7656,277037.5312,0.0000,0,0.0000,0.0000,0,0.0000,0,0.0000,0.0000,0,0.0000,0.0000,0,0,0,0,0,0,0,0,0,0,0,0,0,0,0,0,0,0,0,0,0,0,0,0,0
WG_METRICS 716,256,768,1.3544,0.0080,0.0068,1.3038,0.0160,0.0196,256,768,196608,393216,150791.5000,301583.0000,0.0000,0,0.0000,0.0000,0,0.0000,0,0.0000,0.0000,0,0.0000,0.0000,0,0,0,0,0,0,0,0,0,0,0,0,0,0,0,0,0,0,0,0,0,0,0,0,0
WG_METRICS 717,256,768,1.2806,0.0078,0.0069,1.2284,0.0181,0.0194,256,768,196608,393216,160052.0938,320104.1875,0.0000,0,0.0000,0.0000,0,0.0000,0,0.0000,0.0000,0,0.0000,0.0000,0,0,0,0,0,0,0,0,0,0,0,0,0,0,0,0,0,0,0,0,0,0,0,0,0
WG_METRICS 718,256,768,1.3430,0.0079,0.0069,1.2893,0.0181,0.0207,256,768,196608,393216,152489.6875,304979.3750,0.0000,0,0.0000,0.0000,0,0.0000,0,0.0000,0.0000,0,0.0000,0.0000,0,0,0,0,0,0,0,0,0,0,0,0,0,0,0,0,0,0,0,0,0,0,0,0,0
WG_METRICS 719,256,768,1.4340,0.0079,0.0070,1.3791,0.0182,0.0218,256,768,196608,393216,142564.6094,285129.2188,0.0000,0,0.0000,0.0000,0,0.0000,0,0.0000,0.0000,0,0.0000,0.0000,0,0,0,0,0,0,0,0,0,0,0,0,0,0,0,0,0,0,0,0,0,0,0,0,0
WG_METRICS 720,256,768,1.6198,0.0081,0.0070,1.5621,0.0184,0.0242,256,768,196608,393216,125859.7344,251719.4688,0.0000,0,0.0000,0.0000,0,0.0000,0,0.0000,0.0000,0,0.0000,0.0000,0,0,0,0,0,0,0,0,0,0,0,0,0,0,0,0,0,0,0,0,0,0,0,0,0
WG_METRICS 721,256,768,1.8131,0.0084,0.0070,1.7430,0.0259,0.0288,256,768,196608,393216,112796.0391,225592.0781,0.0000,0,0.0000,0.0000,0,0.0000,0,0.0000,0.0000,0,0.0000,0.0000,0,0,0,0,0,0,0,0,0,0,0,0,0,0,0,0,0,0,0,0,0,0,0,0,0
WG_METRICS 722,256,768,1.9224,0.0090,0.0071,1.8719,0.0057,0.0288,256,768,196608,393216,105030.1328,210060.2656,0.0000,0,0.0000,0.0000,0,0.0000,0,0.0000,0.0000,0,0.0000,0.0000,0,0,0,0,0,0,0,0,0,0,0,0,0,0,0,0,0,0,0,0,0,0,0,0,0
WG_METRICS 723,256,768,1.9158,0.0088,0.0070,1.8505,0.0195,0.0300,256,768,196608,393216,106247.0312,212494.0625,0.0000,0,0.0000,0.0000,0,0.0000,0,0.0000,0.0000,0,0.0000,0.0000,0,0,0,0,0,0,0,0,0,0,0,0,0,0,0,0,0,0,0,0,0,0,0,0,0
WG_METRICS 724,256,768,1.9262,0.0087,0.0070,1.8631,0.0193,0.0281,256,768,196608,393216,105526.2188,211052.4375,0.0000,0,0.0000,0.0000,0,0.0000,0,0.0000,0.0000,0,0.0000,0.0000,0,0,0,0,0,0,0,0,0,0,0,0,0,0,0,0,0,0,0,0,0,0,0,0,0
WG_METRICS 725,256,768,1.7925,0.0085,0.0069,1.7316,0.0191,0.0264,256,768,196608,393216,113541.2344,227082.4688,0.0000,0,0.0000,0.0000,0,0.0000,0,0.0000,0.0000,0,0.0000,0.0000,0,0,0,0,0,0,0,0,0,0,0,0,0,0,0,0,0,0,0,0,0,0,0,0,0
WG_METRICS 726,256,768,1.6656,0.0084,0.0070,1.5999,0.0253,0.0249,256,768,196608,393216,122889.2188,245778.4375,0.0000,0,0.0000,0.0000,0,0.0000,0,0.0000,0.0000,0,0.0000,0.0000,0,0,0,0,0,0,0,0,0,0,0,0,0,0,0,0,0,0,0,0,0,0,0,0,0
WG_METRICS 727,256,768,1.6320,0.0083,0.0070,1.5803,0.0130,0.0234,256,768,196608,393216,124410.2422,248820.4844,0.0000,0,0.0000,0.0000,0,0.0000,0,0.0000,0.0000,0,0.0000,0.0000,0,0,0,0,0,0,0,0,0,0,0,0,0,0,0,0,0,0,0,0,0,0,0,0,0
WG_METRICS 728,256,768,1.5538,0.0083,0.0070,1.4886,0.0265,0.0234,256,768,196608,393216,132075.7812,264151.5625,0.0000,0,0.0000,0.0000,0,0.0000,0,0.0000,0.0000,0,0.0000,0.0000,0,0,0,0,0,0,0,0,0,0,0,0,0,0,0,0,0,0,0,0,0,0,0,0,0
WG_METRICS 729,256,768,1.3952,0.0080,0.0069,1.3406,0.0186,0.0210,256,768,196608,393216,146661.0938,293322.1875,0.0000,0,0.0000,0.0000,0,0.0000,0,0.0000,0.0000,0,0.0000,0.0000,0,0,0,0,0,0,0,0,0,0,0,0,0,0,0,0,0,0,0,0,0,0,0,0,0
WG_METRICS 730,256,768,1.7160,0.0080,0.0068,1.3969,0.2816,0.0226,256,768,196608,393216,140747.9531,281495.9062,0.0000,0,0.0000,0.0000,0,0.0000,0,0.0000,0.0000,0,0.0000,0.0000,0,0,0,0,0,0,0,0,0,0,0,0,0,0,0,0,0,0,0,0,0,0,0,0,0
WG_METRICS 731,256,768,1.8601,0.0085,0.0071,1.7971,0.0188,0.0285,256,768,196608,393216,109401.7109,218803.4219,0.0000,0,0.0000,0.0000,0,0.0000,0,0.0000,0.0000,0,0.0000,0.0000,0,0,0,0,0,0,0,0,0,0,0,0,0,0,0,0,0,0,0,0,0,0,0,0,0
WG_METRICS 732,256,768,1.9275,0.0087,0.0070,1.8644,0.0188,0.0286,256,768,196608,393216,105453.7656,210907.5312,0.0000,0,0.0000,0.0000,0,0.0000,0,0.0000,0.0000,0,0.0000,0.0000,0,0,0,0,0,0,0,0,0,0,0,0,0,0,0,0,0,0,0,0,0,0,0,0,0
WG_METRICS 733,256,768,1.9159,0.0088,0.0070,1.8527,0.0188,0.0287,256,768,196608,393216,106120.8672,212241.7344,0.0000,0,0.0000,0.0000,0,0.0000,0,0.0000,0.0000,0,0.0000,0.0000,0,0,0,0,0,0,0,0,0,0,0,0,0,0,0,0,0,0,0,0,0,0,0,0,0
WG_METRICS 734,256,768,1.9139,0.0088,0.0070,1.8435,0.0259,0.0287,256,768,196608,393216,106648.1484,213296.2969,0.0000,0,0.0000,0.0000,0,0.0000,0,0.0000,0.0000,0,0.0000,0.0000,0,0,0,0,0,0,0,0,0,0,0,0,0,0,0,0,0,0,0,0,0,0,0,0,0
WG_METRICS 735,256,768,1.9109,0.0088,0.0070,1.8556,0.0108,0.0288,256,768,196608,393216,105956.1562,211912.3125,0.0000,0,0.0000,0.0000,0,0.0000,0,0.0000,0.0000,0,0.0000,0.0000,0,0,0,0,0,0,0,0,0,0,0,0,0,0,0,0,0,0,0,0,0,0,0,0,0
WG_METRICS 736,256,768,1.9603,0.0088,0.0070,1.8963,0.0194,0.0287,256,768,196608,393216,103680.8906,207361.7812,0.0000,0,0.0000,0.0000,0,0.0000,0,0.0000,0.0000,0,0.0000,0.0000,0,0,0,0,0,0,0,0,0,0,0,0,0,0,0,0,0,0,0,0,0,0,0,0,0
WG_METRICS 737,256,768,1.9340,0.0086,0.0070,1.8703,0.0191,0.0289,256,768,196608,393216,105119.9844,210239.9688,0.0000,0,0.0000,0.0000,0,0.0000,0,0.0000,0.0000,0,0.0000,0.0000,0,0,0,0,0,0,0,0,0,0,0,0,0,0,0,0,0,0,0,0,0,0,0,0,0
WG_METRICS 738,256,768,1.9341,0.0087,0.0071,1.8781,0.0110,0.0292,256,768,196608,393216,104683.4062,209366.8125,0.0000,0,0.0000,0.0000,0,0.0000,0,0.0000,0.0000,0,0.0000,0.0000,0,0,0,0,0,0,0,0,0,0,0,0,0,0,0,0,0,0,0,0,0,0,0,0,0
WG_METRICS 739,256,768,1.9143,0.0088,0.0070,1.8509,0.0188,0.0288,256,768,196608,393216,106224.0625,212448.1250,0.0000,0,0.0000,0.0000,0,0.0000,0,0.0000,0.0000,0,0.0000,0.0000,0,0,0,0,0,0,0,0,0,0,0,0,0,0,0,0,0,0,0,0,0,0,0,0,0
WG_METRICS 740,256,768,1.9320,0.0088,0.0070,1.8704,0.0159,0.0298,256,768,196608,393216,105117.7266,210235.4531,0.0000,0,0.0000,0.0000,0,0.0000,0,0.0000,0.0000,0,0.0000,0.0000,0,0,0,0,0,0,0,0,0,0,0,0,0,0,0,0,0,0,0,0,0,0,0,0,0
WG_METRICS 741,256,768,1.9572,0.0089,0.0070,1.8850,0.0275,0.0289,256,768,196608,393216,104301.3281,208602.6562,0.0000,0,0.0000,0.0000,0,0.0000,0,0.0000,0.0000,0,0.0000,0.0000,0,0,0,0,0,0,0,0,0,0,0,0,0,0,0,0,0,0,0,0,0,0,0,0,0
WG_METRICS 742,256,768,1.9376,0.0089,0.0070,1.8739,0.0193,0.0286,256,768,196608,393216,104920.2734,209840.5469,0.0000,0,0.0000,0.0000,0,0.0000,0,0.0000,0.0000,0,0.0000,0.0000,0,0,0,0,0,0,0,0,0,0,0,0,0,0,0,0,0,0,0,0,0,0,0,0,0
WG_METRICS 743,256,768,1.8877,0.0087,0.0064,1.8282,0.0172,0.0272,256,768,196608,393216,107541.8438,215083.6875,0.0000,0,0.0000,0.0000,0,0.0000,0,0.0000,0.0000,0,0.0000,0.0000,0,0,0,0,0,0,0,0,0,0,0,0,0,0,0,0,0,0,0,0,0,0,0,0,0
WG_METRICS 744,256,768,1.4995,0.0083,0.0069,1.4459,0.0182,0.0202,256,768,196608,393216,135978.0781,271956.1562,0.0000,0,0.0000,0.0000,0,0.0000,0,0.0000,0.0000,0,0.0000,0.0000,0,0,0,0,0,0,0,0,0,0,0,0,0,0,0,0,0,0,0,0,0,0,0,0,0
WG_METRICS 745,256,768,1.2466,0.0079,0.0068,1.1950,0.0180,0.0188,256,768,196608,393216,164525.5156,329051.0312,0.0000,0,0.0000,0.0000,0,0.0000,0,0.0000,0.0000,0,0.0000,0.0000,0,0,0,0,0,0,0,0,0,0,0,0,0,0,0,0,0,0,0,0,0,0,0,0,0
WG_METRICS 746,256,768,1.2234,0.0077,0.0068,1.1720,0.0180,0.0189,256,768,196608,393216,167760.0000,335520.0000,0.0000,0,0.0000,0.0000,0,0.0000,0,0.0000,0.0000,0,0.0000,0.0000,0,0,0,0,0,0,0,0,0,0,0,0,0,0,0,0,0,0,0,0,0,0,0,0,0
WG_METRICS 747,256,768,1.2128,0.0078,0.0068,1.1617,0.0180,0.0186,256,768,196608,393216,169244.5469,338489.0938,0.0000,0,0.0000,0.0000,0,0.0000,0,0.0000,0.0000,0,0.0000,0.0000,0,0,0,0,0,0,0,0,0,0,0,0,0,0,0,0,0,0,0,0,0,0,0,0,0
WG_METRICS 748,256,768,1.2840,0.0077,0.0069,1.2324,0.0180,0.0190,256,768,196608,393216,159527.4375,319054.8750,0.0000,0,0.0000,0.0000,0,0.0000,0,0.0000,0.0000,0,0.0000,0.0000,0,0,0,0,0,0,0,0,0,0,0,0,0,0,0,0,0,0,0,0,0,0,0,0,0
WG_METRICS 749,256,768,1.3414,0.0080,0.0068,1.2960,0.0095,0.0211,256,768,196608,393216,151703.7031,303407.4062,0.0000,0,0.0000,0.0000,0,0.0000,0,0.0000,0.0000,0,0.0000,0.0000,0,0,0,0,0,0,0,0,0,0,0,0,0,0,0,0,0,0,0,0,0,0,0,0,0
WG_METRICS 750,256,768,1.3978,0.0080,0.0069,1.3428,0.0191,0.0212,256,768,196608,393216,146420.8125,292841.6250,0.0000,0,0.0000,0.0000,0,0.0000,0,0.0000,0.0000,0,0.0000,0.0000,0,0,0,0,0,0,0,0,0,0,0,0,0,0,0,0,0,0,0,0,0,0,0,0,0
WG_METRICS 751,256,768,1.4608,0.0081,0.0068,1.4043,0.0187,0.0228,256,768,196608,393216,140006.2656,280012.5312,0.0000,0,0.0000,0.0000,0,0.0000,0,0.0000,0.0000,0,0.0000,0.0000,0,0,0,0,0,0,0,0,0,0,0,0,0,0,0,0,0,0,0,0,0,0,0,0,0
WG_METRICS 752,256,768,1.6474,0.0082,0.0070,1.5890,0.0185,0.0248,256,768,196608,393216,123733.7578,247467.5156,0.0000,0,0.0000,0.0000,0,0.0000,0,0.0000,0.0000,0,0.0000,0.0000,0,0,0,0,0,0,0,0,0,0,0,0,0,0,0,0,0,0,0,0,0,0,0,0,0
WG_METRICS 753,256,768,1.8212,0.0086,0.0069,1.7585,0.0176,0.0296,256,768,196608,393216,111805.6562,223611.3125,0.0000,0,0.0000,0.0000,0,0.0000,0,0.0000,0.0000,0,0.0000,0.0000,0,0,0,0,0,0,0,0,0,0,0,0,0,0,0,0,0,0,0,0,0,0,0,0,0
WG_METRICS 754,256,768,1.9274,0.0088,0.0070,1.8641,0.0189,0.0286,256,768,196608,393216,105469.6016,210939.2031,0.0000,0,0.0000,0.0000,0,0.0000,0,0.0000,0.0000,0,0.0000,0.0000,0,0,0,0,0,0,0,0,0,0,0,0,0,0,0,0,0,0,0,0,0,0,0,0,0
WG_METRICS 755,256,768,1.9498,0.0088,0.0071,1.8794,0.0257,0.0288,256,768,196608,393216,104612.1094,209224.2188,0.0000,0,0.0000,0.0000,0,0.0000,0,0.0000,0.0000,0,0.0000,0.0000,0,0,0,0,0,0,0,0,0,0,0,0,0,0,0,0,0,0,0,0,0,0,0,0,0
WG_METRICS 756,256,768,1.9497,0.0088,0.0070,1.8772,0.0268,0.0299,256,768,196608,393216,104736.9453,209473.8906,0.0000,0,0.0000,0.0000,0,0.0000,0,0.0000,0.0000,0,0.0000,0.0000,0,0,0,0,0,0,0,0,0,0,0,0,0,0,0,0,0,0,0,0,0,0,0,0,0
WG_METRICS 757,256,768,1.8964,0.0089,0.0070,1.8398,0.0115,0.0292,256,768,196608,393216,106866.1172,213732.2344,0.0000,0,0.0000,0.0000,0,0.0000,0,0.0000,0.0000,0,0.0000,0.0000,0,0,0,0,0,0,0,0,0,0,0,0,0,0,0,0,0,0,0,0,0,0,0,0,0
WG_METRICS 758,256,768,1.7899,0.0088,0.0070,1.7219,0.0262,0.0260,256,768,196608,393216,114182.1719,228364.3438,0.0000,0,0.0000,0.0000,0,0.0000,0,0.0000,0.0000,0,0.0000,0.0000,0,0,0,0,0,0,0,0,0,0,0,0,0,0,0,0,0,0,0,0,0,0,0,0,0
WG_METRICS 759,256,768,1.5485,0.0083,0.0070,1.4916,0.0184,0.0232,256,768,196608,393216,131806.6094,263613.2188,0.0000,0,0.0000,0.0000,0,0.0000,0,0.0000,0.0000,0,0.0000,0.0000,0,0,0,0,0,0,0,0,0,0,0,0,0,0,0,0,0,0,0,0,0,0,0,0,0
WG_METRICS 760,256,768,1.4078,0.0080,0.0069,1.3536,0.0182,0.0212,256,768,196608,393216,145252.5156,290505.0312,0.0000,0,0.0000,0.0000,0,0.0000,0,0.0000,0.0000,0,0.0000,0.0000,0,0,0,0,0,0,0,0,0,0,0,0,0,0,0,0,0,0,0,0,0,0,0,0,0
WG_METRICS 761,256,768,1.4466,0.0081,0.0069,1.3915,0.0184,0.0217,256,768,196608,393216,141294.1719,282588.3438,0.0000,0,0.0000,0.0000,0,0.0000,0,0.0000,0.0000,0,0.0000,0.0000,0,0,0,0,0,0,0,0,0,0,0,0,0,0,0,0,0,0,0,0,0,0,0,0,0
WG_METRICS 762,256,768,1.5231,0.0082,0.0069,1.4725,0.0122,0.0233,256,768,196608,393216,133521.6719,267043.3438,0.0000,0,0.0000,0.0000,0,0.0000,0,0.0000,0.0000,0,0.0000,0.0000,0,0,0,0,0,0,0,0,0,0,0,0,0,0,0,0,0,0,0,0,0,0,0,0,0
WG_METRICS 763,256,768,1.7131,0.0083,0.0070,1.6663,0.0055,0.0259,256,768,196608,393216,117989.3438,235978.6875,0.0000,0,0.0000,0.0000,0,0.0000,0,0.0000,0.0000,0,0.0000,0.0000,0,0,0,0,0,0,0,0,0,0,0,0,0,0,0,0,0,0,0,0,0,0,0,0,0
WG_METRICS 764,256,768,1.7844,0.0088,0.0070,1.7223,0.0196,0.0268,256,768,196608,393216,114155.6562,228311.3125,0.0000,0,0.0000,0.0000,0,0.0000,0,0.0000,0.0000,0,0.0000,0.0000,0,0,0,0,0,0,0,0,0,0,0,0,0,0,0,0,0,0,0,0,0,0,0,0,0
WG_METRICS 765,256,768,1.8404,0.0086,0.0070,1.7794,0.0190,0.0266,256,768,196608,393216,110491.1797,220982.3594,0.0000,0,0.0000,0.0000,0,0.0000,0,0.0000,0.0000,0,0.0000,0.0000,0,0,0,0,0,0,0,0,0,0,0,0,0,0,0,0,0,0,0,0,0,0,0,0,0
WG_METRICS 766,256,768,1.7714,0.0085,0.0070,1.7098,0.0187,0.0275,256,768,196608,393216,114986.1953,229972.3906,0.0000,0,0.0000,0.0000,0,0.0000,0,0.0000,0.0000,0,0.0000,0.0000,0,0,0,0,0,0,0,0,0,0,0,0,0,0,0,0,0,0,0,0,0,0,0,0,0
WG_METRICS 767,256,768,1.8972,0.0088,0.0070,1.8352,0.0174,0.0288,256,768,196608,393216,107131.6484,214263.2969,0.0000,0,0.0000,0.0000,0,0.0000,0,0.0000,0.0000,0,0.0000,0.0000,0,0,0,0,0,0,0,0,0,0,0,0,0,0,0,0,0,0,0,0,0,0,0,0,0
WG_METRICS 768,256,768,1.9195,0.0088,0.0070,1.8563,0.0187,0.0287,256,768,196608,393216,105912.7734,211825.5469,0.0000,0,0.0000,0.0000,0,0.0000,0,0.0000,0.0000,0,0.0000,0.0000,0,0,0,0,0,0,0,0,0,0,0,0,0,0,0,0,0,0,0,0,0,0,0,0,0
WG_METRICS 769,256,768,1.9962,0.0088,0.0070,1.9244,0.0274,0.0287,256,768,196608,393216,102167.9922,204335.9844,0.0000,0,0.0000,0.0000,0,0.0000,0,0.0000,0.0000,0,0.0000,0.0000,0,0,0,0,0,0,0,0,0,0,0,0,0,0,0,0,0,0,0,0,0,0,0,0,0
WG_METRICS 770,256,768,1.9622,0.0087,0.0070,1.8996,0.0183,0.0286,256,768,196608,393216,103499.6797,206999.3594,0.0000,0,0.0000,0.0000,0,0.0000,0,0.0000,0.0000,0,0.0000,0.0000,0,0,0,0,0,0,0,0,0,0,0,0,0,0,0,0,0,0,0,0,0,0,0,0,0
WG_METRICS 771,256,768,1.9224,0.0088,0.0070,1.8588,0.0189,0.0289,256,768,196608,393216,105769.1875,211538.3750,0.0000,0,0.0000,0.0000,0,0.0000,0,0.0000,0.0000,0,0.0000,0.0000,0,0,0,0,0,0,0,0,0,0,0,0,0,0,0,0,0,0,0,0,0,0,0,0,0
WG_METRICS 772,256,768,1.9132,0.0087,0.0071,1.8500,0.0188,0.0287,256,768,196608,393216,106276.8906,212553.7812,0.0000,0,0.0000,0.0000,0,0.0000,0,0.0000,0.0000,0,0.0000,0.0000,0,0,0,0,0,0,0,0,0,0,0,0,0,0,0,0,0,0,0,0,0,0,0,0,0
WG_METRICS 773,256,768,1.9185,0.0087,0.0070,1.8551,0.0188,0.0288,256,768,196608,393216,105981.2891,211962.5781,0.0000,0,0.0000,0.0000,0,0.0000,0,0.0000,0.0000,0,0.0000,0.0000,0,0,0,0,0,0,0,0,0,0,0,0,0,0,0,0,0,0,0,0,0,0,0,0,0
WG_METRICS 774,256,768,1.9086,0.0087,0.0070,1.8558,0.0082,0.0289,256,768,196608,393216,105944.7344,211889.4688,0.0000,0,0.0000,0.0000,0,0.0000,0,0.0000,0.0000,0,0.0000,0.0000,0,0,0,0,0,0,0,0,0,0,0,0,0,0,0,0,0,0,0,0,0,0,0,0,0
WG_METRICS 775,256,768,2.4087,0.0087,0.0070,1.8522,0.5121,0.0287,256,768,196608,393216,106150.6562,212301.3125,0.0000,0,0.0000,0.0000,0,0.0000,0,0.0000,0.0000,0,0.0000,0.0000,0,0,0,0,0,0,0,0,0,0,0,0,0,0,0,0,0,0,0,0,0,0,0,0,0
WG_METRICS 776,256,768,1.9066,0.0088,0.0070,1.8544,0.0076,0.0288,256,768,196608,393216,106020.1484,212040.2969,0.0000,0,0.0000,0.0000,0,0.0000,0,0.0000,0.0000,0,0.0000,0.0000,0,0,0,0,0,0,0,0,0,0,0,0,0,0,0,0,0,0,0,0,0,0,0,0,0
WG_METRICS 777,256,768,1.9572,0.0089,0.0070,1.8928,0.0199,0.0286,256,768,196608,393216,103873.7031,207747.4062,0.0000,0,0.0000,0.0000,0,0.0000,0,0.0000,0.0000,0,0.0000,0.0000,0,0,0,0,0,0,0,0,0,0,0,0,0,0,0,0,0,0,0,0,0,0,0,0,0
WG_METRICS 778,256,768,1.9351,0.0088,0.0070,1.8713,0.0194,0.0286,256,768,196608,393216,105066.0547,210132.1094,0.0000,0,0.0000,0.0000,0,0.0000,0,0.0000,0.0000,0,0.0000,0.0000,0,0,0,0,0,0,0,0,0,0,0,0,0,0,0,0,0,0,0,0,0,0,0,0,0
WG_METRICS 779,256,768,1.9571,0.0088,0.0070,1.8925,0.0192,0.0296,256,768,196608,393216,103889.0781,207778.1562,0.0000,0,0.0000,0.0000,0,0.0000,0,0.0000,0.0000,0,0.0000,0.0000,0,0,0,0,0,0,0,0,0,0,0,0,0,0,0,0,0,0,0,0,0,0,0,0,0
WG_METRICS 780,256,768,1.9358,0.0088,0.0070,1.8722,0.0190,0.0288,256,768,196608,393216,105012.1797,210024.3594,0.0000,0,0.0000,0.0000,0,0.0000,0,0.0000,0.0000,0,0.0000,0.0000,0,0,0,0,0,0,0,0,0,0,0,0,0,0,0,0,0,0,0,0,0,0,0,0,0
WG_METRICS 781,256,768,1.9506,0.0088,0.0070,1.8919,0.0139,0.0291,256,768,196608,393216,103922.0234,207844.0469,0.0000,0,0.0000,0.0000,0,0.0000,0,0.0000,0.0000,0,0.0000,0.0000,0,0,0,0,0,0,0,0,0,0,0,0,0,0,0,0,0,0,0,0,0,0,0,0,0
WG_METRICS 782,256,768,1.9998,0.0088,0.0070,1.9268,0.0272,0.0300,256,768,196608,393216,102040.7344,204081.4688,0.0000,0,0.0000,0.0000,0,0.0000,0,0.0000,0.0000,0,0.0000,0.0000,0,0,0,0,0,0,0,0,0,0,0,0,0,0,0,0,0,0,0,0,0,0,0,0,0
WG_METRICS 783,256,768,1.7232,0.0088,0.0070,1.6650,0.0188,0.0237,256,768,196608,393216,118085.7188,236171.4375,0.0000,0,0.0000,0.0000,0,0.0000,0,0.0000,0.0000,0,0.0000,0.0000,0,0,0,0,0,0,0,0,0,0,0,0,0,0,0,0,0,0,0,0,0,0,0,0,0
WG_METRICS 784,256,768,1.4588,0.0083,0.0069,1.4054,0.0166,0.0216,256,768,196608,393216,139890.7188,279781.4375,0.0000,0,0.0000,0.0000,0,0.0000,0,0.0000,0.0000,0,0.0000,0.0000,0,0,0,0,0,0,0,0,0,0,0,0,0,0,0,0,0,0,0,0,0,0,0,0,0
WG_METRICS 785,256,768,1.2246,0.0078,0.0068,1.1744,0.0180,0.0176,256,768,196608,393216,167405.7344,334811.4688,0.0000,0,0.0000,0.0000,0,0.0000,0,0.0000,0.0000,0,0.0000,0.0000,0,0,0,0,0,0,0,0,0,0,0,0,0,0,0,0,0,0,0,0,0,0,0,0,0
WG_METRICS 786,256,768,1.1410,0.0076,0.0068,1.0915,0.0179,0.0171,256,768,196608,393216,180129.7344,360259.4688,0.0000,0,0.0000,0.0000,0,0.0000,0,0.0000,0.0000,0,0.0000,0.0000,0,0,0,0,0,0,0,0,0,0,0,0,0,0,0,0,0,0,0,0,0,0,0,0,0
WG_METRICS 787,256,768,1.1438,0.0076,0.0068,1.0939,0.0179,0.0175,256,768,196608,393216,179727.9531,359455.9062,0.0000,0,0.0000,0.0000,0,0.0000,0,0.0000,0.0000,0,0.0000,0.0000,0,0,0,0,0,0,0,0,0,0,0,0,0,0,0,0,0,0,0,0,0,0,0,0,0
WG_METRICS 788,256,768,1.2456,0.0077,0.0068,1.1946,0.0179,0.0185,256,768,196608,393216,164575.0938,329150.1875,0.0000,0,0.0000,0.0000,0,0.0000,0,0.0000,0.0000,0,0.0000,0.0000,0,0,0,0,0,0,0,0,0,0,0,0,0,0,0,0,0,0,0,0,0,0,0,0,0
WG_METRICS 789,256,768,1.3448,0.0072,0.0067,1.2950,0.0160,0.0200,256,768,196608,393216,151820.8594,303641.7188,0.0000,0,0.0000,0.0000,0,0.0000,0,0.0000,0.0000,0,0.0000,0.0000,0,0,0,0,0,0,0,0,0,0,0,0,0,0,0,0,0,0,0,0,0,0,0,0,0
WG_METRICS 790,256,768,1.5374,0.0081,0.0070,1.4936,0.0052,0.0235,256,768,196608,393216,131633.6406,263267.2812,0.0000,0,0.0000,0.0000,0,0.0000,0,0.0000,0.0000,0,0.0000,0.0000,0,0,0,0,0,0,0,0,0,0,0,0,0,0,0,0,0,0,0,0,0,0,0,0,0
WG_METRICS 791,256,768,1.8592,0.0086,0.0070,1.7999,0.0154,0.0284,256,768,196608,393216,109231.5234,218463.0469,0.0000,0,0.0000,0.0000,0,0.0000,0,0.0000,0.0000,0,0.0000,0.0000,0,0,0,0,0,0,0,0,0,0,0,0,0,0,0,0,0,0,0,0,0,0,0,0,0
WG_METRICS 792,256,768,1.9009,0.0087,0.0070,1.8367,0.0194,0.0291,256,768,196608,393216,107042.9922,214085.9844,0.0000,0,0.0000,0.0000,0,0.0000,0,0.0000,0.0000,0,0.0000,0.0000,0,0,0,0,0,0,0,0,0,0,0,0,0,0,0,0,0,0,0,0,0,0,0,0,0
WG_METRICS 793,256,768,1.9382,0.0088,0.0070,1.8854,0.0086,0.0284,256,768,196608,393216,104281.4141,208562.8281,0.0000,0,0.0000,0.0000,0,0.0000,0,0.0000,0.0000,0,0.0000,0.0000,0,0,0,0,0,0,0,0,0,0,0,0,0,0,0,0,0,0,0,0,0,0,0,0,0
WG_METRICS 794,256,768,1.9257,0.0087,0.0070,1.8622,0.0188,0.0289,256,768,196608,393216,105576.0859,211152.1719,0.0000,0,0.0000,0.0000,0,0.0000,0,0.0000,0.0000,0,0.0000,0.0000,0,0,0,0,0,0,0,0,0,0,0,0,0,0,0,0,0,0,0,0,0,0,0,0,0
WG_METRICS 795,256,768,1.9308,0.0088,0.0070,1.8604,0.0259,0.0288,256,768,196608,393216,105682.7734,211365.5469,0.0000,0,0.0000,0.0000,0,0.0000,0,0.0000,0.0000,0,0.0000,0.0000,0,0,0,0,0,0,0,0,0,0,0,0,0,0,0,0,0,0,0,0,0,0,0,0,0
WG_METRICS 796,256,768,1.9420,0.0088,0.0070,1.8700,0.0272,0.0289,256,768,196608,393216,105135.7188,210271.4375,0.0000,0,0.0000,0.0000,0,0.0000,0,0.0000,0.0000,0,0.0000,0.0000,0,0,0,0,0,0,0,0,0,0,0,0,0,0,0,0,0,0,0,0,0,0,0,0,0
WG_METRICS 797,256,768,1.9221,0.0088,0.0070,1.8566,0.0193,0.0303,256,768,196608,393216,105894.5234,211789.0469,0.0000,0,0.0000,0.0000,0,0.0000,0,0.0000,0.0000,0,0.0000,0.0000,0,0,0,0,0,0,0,0,0,0,0,0,0,0,0,0,0,0,0,0,0,0,0,0,0
WG_METRICS 798,256,768,1.9399,0.0091,0.0070,1.8774,0.0176,0.0288,256,768,196608,393216,104721.3203,209442.6406,0.0000,0,0.0000,0.0000,0,0.0000,0,0.0000,0.0000,0,0.0000,0.0000,0,0,0,0,0,0,0,0,0,0,0,0,0,0,0,0,0,0,0,0,0,0,0,0,0
WG_METRICS 799,256,768,1.9397,0.0088,0.0070,1.8763,0.0189,0.0287,256,768,196608,393216,104786.0703,209572.1406,0.0000,0,0.0000,0.0000,0,0.0000,0,0.0000,0.0000,0,0.0000,0.0000,0,0,0,0,0,0,0,0,0,0,0,0,0,0,0,0,0,0,0,0,0,0,0,0,0
WG_METRICS 800,256,768,1.9401,0.0089,0.0070,1.8764,0.0188,0.0290,256,768,196608,393216,104779.3672,209558.7344,0.0000,0,0.0000,0.0000,0,0.0000,0,0.0000,0.0000,0,0.0000,0.0000,0,0,0,0,0,0,0,0,0,0,0,0,0,0,0,0,0,0,0,0,0,0,0,0,0
WG_METRICS 801,256,768,1.9164,0.0088,0.0070,1.8527,0.0188,0.0290,256,768,196608,393216,106118.5703,212237.1406,0.0000,0,0.0000,0.0000,0,0.0000,0,0.0000,0.0000,0,0.0000,0.0000,0,0,0,0,0,0,0,0,0,0,0,0,0,0,0,0,0,0,0,0,0,0,0,0,0
WG_METRICS 802,256,768,2.2492,0.0088,0.0070,1.8597,0.3449,0.0288,256,768,196608,393216,105719.1406,211438.2812,0.0000,0,0.0000,0.0000,0,0.0000,0,0.0000,0.0000,0,0.0000,0.0000,0,0,0,0,0,0,0,0,0,0,0,0,0,0,0,0,0,0,0,0,0,0,0,0,0
WG_METRICS 803,256,768,1.9342,0.0088,0.0070,1.8831,0.0065,0.0287,256,768,196608,393216,104405.4609,208810.9219,0.0000,0,0.0000,0.0000,0,0.0000,0,0.0000,0.0000,0,0.0000,0.0000,0,0,0,0,0,0,0,0,0,0,0,0,0,0,0,0,0,0,0,0,0,0,0,0,0
WG_METRICS 804,256,768,1.9403,0.0088,0.0071,1.8758,0.0199,0.0288,256,768,196608,393216,104815.1172,209630.2344,0.0000,0,0.0000,0.0000,0,0.0000,0,0.0000,0.0000,0,0.0000,0.0000,0,0,0,0,0,0,0,0,0,0,0,0,0,0,0,0,0,0,0,0,0,0,0,0,0
WG_METRICS 805,256,768,1.9306,0.0087,0.0071,1.8668,0.0194,0.0286,256,768,196608,393216,105318.1953,210636.3906,0.0000,0,0.0000,0.0000,0,0.0000,0,0.0000,0.0000,0,0.0000,0.0000,0,0,0,0,0,0,0,0,0,0,0,0,0,0,0,0,0,0,0,0,0,0,0,0,0
WG_METRICS 806,256,768,1.9566,0.0088,0.0070,1.8931,0.0188,0.0287,256,768,196608,393216,103853.9531,207707.9062,0.0000,0,0.0000,0.0000,0,0.0000,0,0.0000,0.0000,0,0.0000,0.0000,0,0,0,0,0,0,0,0,0,0,0,0,0,0,0,0,0,0,0,0,0,0,0,0,0
WG_METRICS 807,256,768,1.9187,0.0088,0.0070,1.8477,0.0259,0.0293,256,768,196608,393216,106405.7344,212811.4688,0.0000,0,0.0000,0.0000,0,0.0000,0,0.0000,0.0000,0,0.0000,0.0000,0,0,0,0,0,0,0,0,0,0,0,0,0,0,0,0,0,0,0,0,0,0,0,0,0
WG_METRICS 808,256,768,1.9241,0.0089,0.0070,1.8597,0.0198,0.0286,256,768,196608,393216,105719.1406,211438.2812,0.0000,0,0.0000,0.0000,0,0.0000,0,0.0000,0.0000,0,0.0000,0.0000,0,0,0,0,0,0,0,0,0,0,0,0,0,0,0,0,0,0,0,0,0,0,0,0,0
WG_METRICS 809,256,768,1.9563,0.0088,0.0070,1.8904,0.0215,0.0286,256,768,196608,393216,104003.3828,208006.7656,0.0000,0,0.0000,0.0000,0,0.0000,0,0.0000,0.0000,0,0.0000,0.0000,0,0,0,0,0,0,0,0,0,0,0,0,0,0,0,0,0,0,0,0,0,0,0,0,0
WG_METRICS 810,256,768,1.9131,0.0088,0.0070,1.8498,0.0188,0.0286,256,768,196608,393216,106283.7812,212567.5625,0.0000,0,0.0000,0.0000,0,0.0000,0,0.0000,0.0000,0,0.0000,0.0000,0,0,0,0,0,0,0,0,0,0,0,0,0,0,0,0,0,0,0,0,0,0,0,0,0
WG_METRICS 811,256,768,1.9056,0.0088,0.0070,1.8408,0.0193,0.0297,256,768,196608,393216,106808.0547,213616.1094,0.0000,0,0.0000,0.0000,0,0.0000,0,0.0000,0.0000,0,0.0000,0.0000,0,0,0,0,0,0,0,0,0,0,0,0,0,0,0,0,0,0,0,0,0,0,0,0,0
WG_METRICS 812,256,768,2.4056,0.0088,0.0070,1.8374,0.5238,0.0286,256,768,196608,393216,107005.7031,214011.4062,0.0000,0,0.0000,0.0000,0,0.0000,0,0.0000,0.0000,0,0.0000,0.0000,0,0,0,0,0,0,0,0,0,0,0,0,0,0,0,0,0,0,0,0,0,0,0,0,0
WG_METRICS 813,256,768,1.9288,0.0087,0.0070,1.8723,0.0122,0.0285,256,768,196608,393216,105009.9375,210019.8750,0.0000,0,0.0000,0.0000,0,0.0000,0,0.0000,0.0000,0,0.0000,0.0000,0,0,0,0,0,0,0,0,0,0,0,0,0,0,0,0,0,0,0,0,0,0,0,0,0
WG_METRICS 814,256,768,1.9202,0.0088,0.0070,1.8557,0.0198,0.0288,256,768,196608,393216,105949.3047,211898.6094,0.0000,0,0.0000,0.0000,0,0.0000,0,0.0000,0.0000,0,0.0000,0.0000,0,0,0,0,0,0,0,0,0,0,0,0,0,0,0,0,0,0,0,0,0,0,0,0,0
WG_METRICS 815,256,768,1.9146,0.0087,0.0070,1.8574,0.0113,0.0301,256,768,196608,393216,105848.9141,211697.8281,0.0000,0,0.0000,0.0000,0,0.0000,0,0.0000,0.0000,0,0.0000,0.0000,0,0,0,0,0,0,0,0,0,0,0,0,0,0,0,0,0,0,0,0,0,0,0,0,0
WG_METRICS 816,256,768,1.9176,0.0088,0.0070,1.8541,0.0188,0.0288,256,768,196608,393216,106038.4453,212076.8906,0.0000,0,0.0000,0.0000,0,0.0000,0,0.0000,0.0000,0,0.0000,0.0000,0,0,0,0,0,0,0,0,0,0,0,0,0,0,0,0,0,0,0,0,0,0,0,0,0
WG_METRICS 817,256,768,1.9479,0.0089,0.0070,1.8752,0.0271,0.0297,256,768,196608,393216,104848.6562,209697.3125,0.0000,0,0.0000,0.0000,0,0.0000,0,0.0000,0.0000,0,0.0000,0.0000,0,0,0,0,0,0,0,0,0,0,0,0,0,0,0,0,0,0,0,0,0,0,0,0,0
WG_METRICS 818,256,768,1.9202,0.0088,0.0070,1.8666,0.0090,0.0288,256,768,196608,393216,105329.4766,210658.9531,0.0000,0,0.0000,0.0000,0,0.0000,0,0.0000,0.0000,0,0.0000,0.0000,0,0,0,0,0,0,0,0,0,0,0,0,0,0,0,0,0,0,0,0,0,0,0,0,0
WG_METRICS 819,256,768,1.9852,0.0088,0.0070,1.9215,0.0190,0.0289,256,768,196608,393216,102319.0000,204638.0000,0.0000,0,0.0000,0.0000,0,0.0000,0,0.0000,0.0000,0,0.0000,0.0000,0,0,0,0,0,0,0,0,0,0,0,0,0,0,0,0,0,0,0,0,0,0,0,0,0
WG_METRICS 820,256,768,1.9126,0.0088,0.0070,1.8482,0.0188,0.0297,256,768,196608,393216,106375.7969,212751.5938,0.0000,0,0.0000,0.0000,0,0.0000,0,0.0000,0.0000,0,0.0000,0.0000,0,0,0,0,0,0,0,0,0,0,0,0,0,0,0,0,0,0,0,0,0,0,0,0,0
WG_METRICS 821,256,768,1.9300,0.0087,0.0070,1.8670,0.0188,0.0284,256,768,196608,393216,105306.9141,210613.8281,0.0000,0,0.0000,0.0000,0,0.0000,0,0.0000,0.0000,0,0.0000,0.0000,0,0,0,0,0,0,0,0,0,0,0,0,0,0,0,0,0,0,0,0,0,0,0,0,0
WG_METRICS 822,256,768,1.9446,0.0087,0.0071,1.8819,0.0171,0.0298,256,768,196608,393216,104474.2500,208948.5000,0.0000,0,0.0000,0.0000,0,0.0000,0,0.0000,0.0000,0,0.0000,0.0000,0,0,0,0,0,0,0,0,0,0,0,0,0,0,0,0,0,0,0,0,0,0,0,0,0
WG_METRICS 823,256,768,1.9260,0.0087,0.0070,1.8640,0.0172,0.0291,256,768,196608,393216,105474.1328,210948.2656,0.0000,0,0.0000,0.0000,0,0.0000,0,0.0000,0.0000,0,0.0000,0.0000,0,0,0,0,0,0,0,0,0,0,0,0,0,0,0,0,0,0,0,0,0,0,0,0,0
WG_METRICS 824,256,768,1.9504,0.0088,0.0071,1.8903,0.0155,0.0286,256,768,196608,393216,104007.7891,208015.5781,0.0000,0,0.0000,0.0000,0,0.0000,0,0.0000,0.0000,0,0.0000,0.0000,0,0,0,0,0,0,0,0,0,0,0,0,0,0,0,0,0,0,0,0,0,0,0,0,0
WG_METRICS 825,256,768,1.9031,0.0087,0.0070,1.8413,0.0176,0.0285,256,768,196608,393216,106777.8984,213555.7969,0.0000,0,0.0000,0.0000,0,0.0000,0,0.0000,0.0000,0,0.0000,0.0000,0,0,0,0,0,0,0,0,0,0,0,0,0,0,0,0,0,0,0,0,0,0,0,0,0
WG_METRICS 826,256,768,1.9297,0.0088,0.0070,1.8586,0.0259,0.0294,256,768,196608,393216,105785.1250,211570.2500,0.0000,0,0.0000,0.0000,0,0.0000,0,0.0000,0.0000,0,0.0000,0.0000,0,0,0,0,0,0,0,0,0,0,0,0,0,0,0,0,0,0,0,0,0,0,0,0,0
WG_METRICS 827,256,768,1.9369,0.0089,0.0070,1.8643,0.0278,0.0289,256,768,196608,393216,105460.5547,210921.1094,0.0000,0,0.0000,0.0000,0,0.0000,0,0.0000,0.0000,0,0.0000,0.0000,0,0,0,0,0,0,0,0,0,0,0,0,0,0,0,0,0,0,0,0,0,0,0,0,0
WG_METRICS 828,256,768,1.9217,0.0089,0.0070,1.8594,0.0178,0.0286,256,768,196608,393216,105739.6094,211479.2188,0.0000,0,0.0000,0.0000,0,0.0000,0,0.0000,0.0000,0,0.0000,0.0000,0,0,0,0,0,0,0,0,0,0,0,0,0,0,0,0,0,0,0,0,0,0,0,0,0
WG_METRICS 829,256,768,1.9267,0.0088,0.0070,1.8626,0.0189,0.0294,256,768,196608,393216,105555.6797,211111.3594,0.0000,0,0.0000,0.0000,0,0.0000,0,0.0000,0.0000,0,0.0000,0.0000,0,0,0,0,0,0,0,0,0,0,0,0,0,0,0,0,0,0,0,0,0,0,0,0,0
WG_METRICS 830,256,768,1.9168,0.0087,0.0070,1.8536,0.0189,0.0286,256,768,196608,393216,106068.1875,212136.3750,0.0000,0,0.0000,0.0000,0,0.0000,0,0.0000,0.0000,0,0.0000,0.0000,0,0,0,0,0,0,0,0,0,0,0,0,0,0,0,0,0,0,0,0,0,0,0,0,0
WG_METRICS 831,256,768,1.8962,0.0088,0.0070,1.8330,0.0188,0.0286,256,768,196608,393216,107257.8906,214515.7812,0.0000,0,0.0000,0.0000,0,0.0000,0,0.0000,0.0000,0,0.0000,0.0000,0,0,0,0,0,0,0,0,0,0,0,0,0,0,0,0,0,0,0,0,0,0,0,0,0
WG_METRICS 832,256,768,1.9121,0.0088,0.0070,1.8506,0.0169,0.0288,256,768,196608,393216,106240.1406,212480.2812,0.0000,0,0.0000,0.0000,0,0.0000,0,0.0000,0.0000,0,0.0000,0.0000,0,0,0,0,0,0,0,0,0,0,0,0,0,0,0,0,0,0,0,0,0,0,0,0,0
WG_METRICS 833,256,768,1.9526,0.0088,0.0070,1.8806,0.0260,0.0302,256,768,196608,393216,104545.3594,209090.7188,0.0000,0,0.0000,0.0000,0,0.0000,0,0.0000,0.0000,0,0.0000,0.0000,0,0,0,0,0,0,0,0,0,0,0,0,0,0,0,0,0,0,0,0,0,0,0,0,0
WG_METRICS 834,256,768,1.9478,0.0089,0.0070,1.8834,0.0194,0.0290,256,768,196608,393216,104387.7188,208775.4375,0.0000,0,0.0000,0.0000,0,0.0000,0,0.0000,0.0000,0,0.0000,0.0000,0,0,0,0,0,0,0,0,0,0,0,0,0,0,0,0,0,0,0,0,0,0,0,0,0
WG_METRICS 835,256,768,1.9225,0.0088,0.0070,1.8660,0.0113,0.0294,256,768,196608,393216,105365.6016,210731.2031,0.0000,0,0.0000,0.0000,0,0.0000,0,0.0000,0.0000,0,0.0000,0.0000,0,0,0,0,0,0,0,0,0,0,0,0,0,0,0,0,0,0,0,0,0,0,0,0,0
WG_METRICS 836,256,768,1.9405,0.0088,0.0070,1.8701,0.0261,0.0286,256,768,196608,393216,105133.4688,210266.9375,0.0000,0,0.0000,0.0000,0,0.0000,0,0.0000,0.0000,0,0.0000,0.0000,0,0,0,0,0,0,0,0,0,0,0,0,0,0,0,0,0,0,0,0,0,0,0,0,0
WG_METRICS 837,256,768,1.9148,0.0087,0.0070,1.8515,0.0189,0.0287,256,768,196608,393216,106187.3516,212374.7031,0.0000,0,0.0000,0.0000,0,0.0000,0,0.0000,0.0000,0,0.0000,0.0000,0,0,0,0,0,0,0,0,0,0,0,0,0,0,0,0,0,0,0,0,0,0,0,0,0
WG_METRICS 838,256,768,1.9105,0.0087,0.0070,1.8470,0.0189,0.0288,256,768,196608,393216,106444.9062,212889.8125,0.0000,0,0.0000,0.0000,0,0.0000,0,0.0000,0.0000,0,0.0000,0.0000,0,0,0,0,0,0,0,0,0,0,0,0,0,0,0,0,0,0,0,0,0,0,0,0,0
WG_METRICS 839,256,768,1.9230,0.0087,0.0070,1.8665,0.0116,0.0291,256,768,196608,393216,105336.2500,210672.5000,0.0000,0,0.0000,0.0000,0,0.0000,0,0.0000,0.0000,0,0.0000,0.0000,0,0,0,0,0,0,0,0,0,0,0,0,0,0,0,0,0,0,0,0,0,0,0,0,0
WG_METRICS 840,256,768,1.9428,0.0088,0.0070,1.8791,0.0189,0.0291,256,768,196608,393216,104629.9219,209259.8438,0.0000,0,0.0000,0.0000,0,0.0000,0,0.0000,0.0000,0,0.0000,0.0000,0,0,0,0,0,0,0,0,0,0,0,0,0,0,0,0,0,0,0,0,0,0,0,0,0
WG_METRICS 841,256,768,1.9744,0.0088,0.0070,1.9113,0.0186,0.0287,256,768,196608,393216,102865.0391,205730.0781,0.0000,0,0.0000,0.0000,0,0.0000,0,0.0000,0.0000,0,0.0000,0.0000,0,0,0,0,0,0,0,0,0,0,0,0,0,0,0,0,0,0,0,0,0,0,0,0,0
WG_METRICS 842,256,768,1.9144,0.0088,0.0070,1.8513,0.0179,0.0294,256,768,196608,393216,106201.1172,212402.2344,0.0000,0,0.0000,0.0000,0,0.0000,0,0.0000,0.0000,0,0.0000,0.0000,0,0,0,0,0,0,0,0,0,0,0,0,0,0,0,0,0,0,0,0,0,0,0,0,0
WG_METRICS 843,256,768,1.9131,0.0087,0.0070,1.8489,0.0190,0.0294,256,768,196608,393216,106336.6719,212673.3438,0.0000,0,0.0000,0.0000,0,0.0000,0,0.0000,0.0000,0,0.0000,0.0000,0,0,0,0,0,0,0,0,0,0,0,0,0,0,0,0,0,0,0,0,0,0,0,0,0
WG_METRICS 844,256,768,1.9312,0.0088,0.0070,1.8672,0.0188,0.0294,256,768,196608,393216,105293.3750,210586.7500,0.0000,0,0.0000,0.0000,0,0.0000,0,0.0000,0.0000,0,0.0000,0.0000,0,0,0,0,0,0,0,0,0,0,0,0,0,0,0,0,0,0,0,0,0,0,0,0,0
WG_METRICS 845,256,768,1.9366,0.0087,0.0070,1.8731,0.0189,0.0288,256,768,196608,393216,104962.8438,209925.6875,0.0000,0,0.0000,0.0000,0,0.0000,0,0.0000,0.0000,0,0.0000,0.0000,0,0,0,0,0,0,0,0,0,0,0,0,0,0,0,0,0,0,0,0,0,0,0,0,0
WG_METRICS 846,256,768,1.9141,0.0088,0.0070,1.8641,0.0057,0.0285,256,768,196608,393216,105471.8672,210943.7344,0.0000,0,0.0000,0.0000,0,0.0000,0,0.0000,0.0000,0,0.0000,0.0000,0,0,0,0,0,0,0,0,0,0,0,0,0,0,0,0,0,0,0,0,0,0,0,0,0
WG_METRICS 847,256,768,1.9173,0.0088,0.0070,1.8570,0.0155,0.0289,256,768,196608,393216,105871.7109,211743.4219,0.0000,0,0.0000,0.0000,0,0.0000,0,0.0000,0.0000,0,0.0000,0.0000,0,0,0,0,0,0,0,0,0,0,0,0,0,0,0,0,0,0,0,0,0,0,0,0,0
WG_METRICS 848,256,768,1.9228,0.0088,0.0070,1.8578,0.0194,0.0298,256,768,196608,393216,105826.1250,211652.2500,0.0000,0,0.0000,0.0000,0,0.0000,0,0.0000,0.0000,0,0.0000,0.0000,0,0,0,0,0,0,0,0,0,0,0,0,0,0,0,0,0,0,0,0,0,0,0,0,0
WG_METRICS 849,256,768,1.9330,0.0088,0.0070,1.8712,0.0175,0.0286,256,768,196608,393216,105070.5469,210141.0938,0.0000,0,0.0000,0.0000,0,0.0000,0,0.0000,0.0000,0,0.0000,0.0000,0,0,0,0,0,0,0,0,0,0,0,0,0,0,0,0,0,0,0,0,0,0,0,0,0
WG_METRICS 850,256,768,1.9036,0.0088,0.0071,1.8396,0.0188,0.0293,256,768,196608,393216,106873.0859,213746.1719,0.0000,0,0.0000,0.0000,0,0.0000,0,0.0000,0.0000,0,0.0000,0.0000,0,0,0,0,0,0,0,0,0,0,0,0,0,0,0,0,0,0,0,0,0,0,0,0,0
WG_METRICS 851,256,768,2.0624,0.0088,0.0070,1.8698,0.1479,0.0288,256,768,196608,393216,105146.9609,210293.9219,0.0000,0,0.0000,0.0000,0,0.0000,0,0.0000,0.0000,0,0.0000,0.0000,0,0,0,0,0,0,0,0,0,0,0,0,0,0,0,0,0,0,0,0,0,0,0,0,0
WG_METRICS 852,256,768,1.9191,0.0088,0.0070,1.8552,0.0193,0.0288,256,768,196608,393216,105979.0000,211958.0000,0.0000,0,0.0000,0.0000,0,0.0000,0,0.0000,0.0000,0,0.0000,0.0000,0,0,0,0,0,0,0,0,0,0,0,0,0,0,0,0,0,0,0,0,0,0,0,0,0
WG_METRICS 853,256,768,1.9194,0.0088,0.0070,1.8551,0.0189,0.0296,256,768,196608,393216,105983.5703,211967.1406,0.0000,0,0.0000,0.0000,0,0.0000,0,0.0000,0.0000,0,0.0000,0.0000,0,0,0,0,0,0,0,0,0,0,0,0,0,0,0,0,0,0,0,0,0,0,0,0,0
WG_METRICS 854,256,768,1.9127,0.0087,0.0070,1.8496,0.0188,0.0286,256,768,196608,393216,106295.2812,212590.5625,0.0000,0,0.0000,0.0000,0,0.0000,0,0.0000,0.0000,0,0.0000,0.0000,0,0,0,0,0,0,0,0,0,0,0,0,0,0,0,0,0,0,0,0,0,0,0,0,0
WG_METRICS 855,256,768,1.9074,0.0087,0.0070,1.8440,0.0174,0.0303,256,768,196608,393216,106620.3906,213240.7812,0.0000,0,0.0000,0.0000,0,0.0000,0,0.0000,0.0000,0,0.0000,0.0000,0,0,0,0,0,0,0,0,0,0,0,0,0,0,0,0,0,0,0,0,0,0,0,0,0
WG_METRICS 856,256,768,1.9462,0.0089,0.0070,1.8757,0.0259,0.0287,256,768,196608,393216,104819.5859,209639.1719,0.0000,0,0.0000,0.0000,0,0.0000,0,0.0000,0.0000,0,0.0000,0.0000,0,0,0,0,0,0,0,0,0,0,0,0,0,0,0,0,0,0,0,0,0,0,0,0,0
WG_METRICS 857,256,768,1.9054,0.0089,0.0070,1.8488,0.0121,0.0286,256,768,196608,393216,106345.8750,212691.7500,0.0000,0,0.0000,0.0000,0,0.0000,0,0.0000,0.0000,0,0.0000,0.0000,0,0,0,0,0,0,0,0,0,0,0,0,0,0,0,0,0,0,0,0,0,0,0,0,0
WG_METRICS 858,256,768,1.9229,0.0088,0.0070,1.8607,0.0179,0.0285,256,768,196608,393216,105662.3203,211324.6406,0.0000,0,0.0000,0.0000,0,0.0000,0,0.0000,0.0000,0,0.0000,0.0000,0,0,0,0,0,0,0,0,0,0,0,0,0,0,0,0,0,0,0,0,0,0,0,0,0
WG_METRICS 859,256,768,2.0658,0.0088,0.0070,1.8770,0.1436,0.0294,256,768,196608,393216,104748.1016,209496.2031,0.0000,0,0.0000,0.0000,0,0.0000,0,0.0000,0.0000,0,0.0000,0.0000,0,0,0,0,0,0,0,0,0,0,0,0,0,0,0,0,0,0,0,0,0,0,0,0,0
WG_METRICS 860,256,768,1.9172,0.0088,0.0070,1.8593,0.0116,0.0306,256,768,196608,393216,105741.8828,211483.7656,0.0000,0,0.0000,0.0000,0,0.0000,0,0.0000,0.0000,0,0.0000,0.0000,0,0,0,0,0,0,0,0,0,0,0,0,0,0,0,0,0,0,0,0,0,0,0,0,0
WG_METRICS 861,256,768,1.8966,0.0087,0.0070,1.8336,0.0189,0.0284,256,768,196608,393216,107227.4688,214454.9375,0.0000,0,0.0000,0.0000,0,0.0000,0,0.0000,0.0000,0,0.0000,0.0000,0,0,0,0,0,0,0,0,0,0,0,0,0,0,0,0,0,0,0,0,0,0,0,0,0
WG_METRICS 862,256,768,1.9071,0.0088,0.0070,1.8440,0.0188,0.0285,256,768,196608,393216,106618.0781,213236.1562,0.0000,0,0.0000,0.0000,0,0.0000,0,0.0000,0.0000,0,0.0000,0.0000,0,0,0,0,0,0,0,0,0,0,0,0,0,0,0,0,0,0,0,0,0,0,0,0,0
WG_METRICS 863,256,768,1.9197,0.0086,0.0071,1.8560,0.0192,0.0288,256,768,196608,393216,105931.0391,211862.0781,0.0000,0,0.0000,0.0000,0,0.0000,0,0.0000,0.0000,0,0.0000,0.0000,0,0,0,0,0,0,0,0,0,0,0,0,0,0,0,0,0,0,0,0,0,0,0,0,0
WG_METRICS 864,256,768,1.9332,0.0087,0.0071,1.8628,0.0256,0.0290,256,768,196608,393216,105542.0703,211084.1406,0.0000,0,0.0000,0.0000,0,0.0000,0,0.0000,0.0000,0,0.0000,0.0000,0,0,0,0,0,0,0,0,0,0,0,0,0,0,0,0,0,0,0,0,0,0,0,0,0
WG_METRICS 865,256,768,1.9322,0.0088,0.0070,1.8679,0.0199,0.0287,256,768,196608,393216,105257.2969,210514.5938,0.0000,0,0.0000,0.0000,0,0.0000,0,0.0000,0.0000,0,0.0000,0.0000,0,0,0,0,0,0,0,0,0,0,0,0,0,0,0,0,0,0,0,0,0,0,0,0,0
WG_METRICS 866,256,768,1.9133,0.0088,0.0070,1.8556,0.0088,0.0330,256,768,196608,393216,105953.8672,211907.7344,0.0000,0,0.0000,0.0000,0,0.0000,0,0.0000,0.0000,0,0.0000,0.0000,0,0,0,0,0,0,0,0,0,0,0,0,0,0,0,0,0,0,0,0,0,0,0,0,0
WG_METRICS 867,256,768,1.8991,0.0087,0.0070,1.8424,0.0109,0.0300,256,768,196608,393216,106710.6641,213421.3281,0.0000,0,0.0000,0.0000,0,0.0000,0,0.0000,0.0000,0,0.0000,0.0000,0,0,0,0,0,0,0,0,0,0,0,0,0,0,0,0,0,0,0,0,0,0,0,0,0
WG_METRICS 868,256,768,1.9359,0.0088,0.0070,1.8719,0.0194,0.0288,256,768,196608,393216,105032.3672,210064.7344,0.0000,0,0.0000,0.0000,0,0.0000,0,0.0000,0.0000,0,0.0000,0.0000,0,0,0,0,0,0,0,0,0,0,0,0,0,0,0,0,0,0,0,0,0,0,0,0,0
WG_METRICS 869,256,768,1.9190,0.0087,0.0070,1.8630,0.0116,0.0287,256,768,196608,393216,105535.2812,211070.5625,0.0000,0,0.0000,0.0000,0,0.0000,0,0.0000,0.0000,0,0.0000,0.0000,0,0,0,0,0,0,0,0,0,0,0,0,0,0,0,0,0,0,0,0,0,0,0,0,0
WG_METRICS 870,256,768,1.9080,0.0087,0.0070,1.8445,0.0189,0.0288,256,768,196608,393216,106590.3359,213180.6719,0.0000,0,0.0000,0.0000,0,0.0000,0,0.0000,0.0000,0,0.0000,0.0000,0,0,0,0,0,0,0,0,0,0,0,0,0,0,0,0,0,0,0,0,0,0,0,0,0
WG_METRICS 871,256,768,1.9367,0.0088,0.0070,1.8731,0.0188,0.0289,256,768,196608,393216,104962.8438,209925.6875,0.0000,0,0.0000,0.0000,0,0.0000,0,0.0000,0.0000,0,0.0000,0.0000,0,0,0,0,0,0,0,0,0,0,0,0,0,0,0,0,0,0,0,0,0,0,0,0,0
WG_METRICS 872,256,768,1.9324,0.0087,0.0070,1.8690,0.0192,0.0285,256,768,196608,393216,105194.2266,210388.4531,0.0000,0,0.0000,0.0000,0,0.0000,0,0.0000,0.0000,0,0.0000,0.0000,0,0,0,0,0,0,0,0,0,0,0,0,0,0,0,0,0,0,0,0,0,0,0,0,0
WG_METRICS 873,256,768,1.9812,0.0087,0.0071,1.9105,0.0257,0.0292,256,768,196608,393216,102908.1094,205816.2188,0.0000,0,0.0000,0.0000,0,0.0000,0,0.0000,0.0000,0,0.0000,0.0000,0,0,0,0,0,0,0,0,0,0,0,0,0,0,0,0,0,0,0,0,0,0,0,0,0
WG_METRICS 874,256,768,1.8973,0.0087,0.0070,1.8362,0.0153,0.0300,256,768,196608,393216,107073.3047,214146.6094,0.0000,0,0.0000,0.0000,0,0.0000,0,0.0000,0.0000,0,0.0000,0.0000,0,0,0,0,0,0,0,0,0,0,0,0,0,0,0,0,0,0,0,0,0,0,0,0,0
WG_METRICS 875,256,768,1.9176,0.0088,0.0070,1.8536,0.0193,0.0289,256,768,196608,393216,106065.9062,212131.8125,0.0000,0,0.0000,0.0000,0,0.0000,0,0.0000,0.0000,0,0.0000,0.0000,0,0,0,0,0,0,0,0,0,0,0,0,0,0,0,0,0,0,0,0,0,0,0,0,0
WG_METRICS 876,256,768,1.9312,0.0089,0.0070,1.8678,0.0189,0.0286,256,768,196608,393216,105264.0625,210528.1250,0.0000,0,0.0000,0.0000,0,0.0000,0,0.0000,0.0000,0,0.0000,0.0000,0,0,0,0,0,0,0,0,0,0,0,0,0,0,0,0,0,0,0,0,0,0,0,0,0
WG_METRICS 877,256,768,1.9720,0.0089,0.0070,1.8990,0.0272,0.0299,256,768,196608,393216,103532.3828,207064.7656,0.0000,0,0.0000,0.0000,0,0.0000,0,0.0000,0.0000,0,0.0000,0.0000,0,0,0,0,0,0,0,0,0,0,0,0,0,0,0,0,0,0,0,0,0,0,0,0,0
WG_METRICS 878,256,768,1.9310,0.0088,0.0070,1.8748,0.0115,0.0289,256,768,196608,393216,104871.0234,209742.0469,0.0000,0,0.0000,0.0000,0,0.0000,0,0.0000,0.0000,0,0.0000,0.0000,0,0,0,0,0,0,0,0,0,0,0,0,0,0,0,0,0,0,0,0,0,0,0,0,0
WG_METRICS 879,256,768,1.9358,0.0087,0.0070,1.8722,0.0189,0.0289,256,768,196608,393216,105014.4219,210028.8438,0.0000,0,0.0000,0.0000,0,0.0000,0,0.0000,0.0000,0,0.0000,0.0000,0,0,0,0,0,0,0,0,0,0,0,0,0,0,0,0,0,0,0,0,0,0,0,0,0
WG_METRICS 880,256,768,1.9410,0.0087,0.0070,1.8779,0.0188,0.0286,256,768,196608,393216,104696.7891,209393.5781,0.0000,0,0.0000,0.0000,0,0.0000,0,0.0000,0.0000,0,0.0000,0.0000,0,0,0,0,0,0,0,0,0,0,0,0,0,0,0,0,0,0,0,0,0,0,0,0,0
WG_METRICS 881,256,768,1.9100,0.0087,0.0071,1.8466,0.0188,0.0288,256,768,196608,393216,106470.2656,212940.5312,0.0000,0,0.0000,0.0000,0,0.0000,0,0.0000,0.0000,0,0.0000,0.0000,0,0,0,0,0,0,0,0,0,0,0,0,0,0,0,0,0,0,0,0,0,0,0,0,0
WG_METRICS 882,256,768,1.9173,0.0087,0.0070,1.8615,0.0109,0.0291,256,768,196608,393216,105616.9141,211233.8281,0.0000,0,0.0000,0.0000,0,0.0000,0,0.0000,0.0000,0,0.0000,0.0000,0,0,0,0,0,0,0,0,0,0,0,0,0,0,0,0,0,0,0,0,0,0,0,0,0
WG_METRICS 883,256,768,1.9168,0.0088,0.0070,1.8522,0.0198,0.0289,256,768,196608,393216,106146.0703,212292.1406,0.0000,0,0.0000,0.0000,0,0.0000,0,0.0000,0.0000,0,0.0000,0.0000,0,0,0,0,0,0,0,0,0,0,0,0,0,0,0,0,0,0,0,0,0,0,0,0,0
WG_METRICS 884,256,768,1.9103,0.0088,0.0071,1.8465,0.0192,0.0287,256,768,196608,393216,106477.1875,212954.3750,0.0000,0,0.0000,0.0000,0,0.0000,0,0.0000,0.0000,0,0.0000,0.0000,0,0,0,0,0,0,0,0,0,0,0,0,0,0,0,0,0,0,0,0,0,0,0,0,0
WG_METRICS 885,256,768,1.9069,0.0088,0.0070,1.8450,0.0175,0.0286,256,768,196608,393216,106564.9141,213129.8281,0.0000,0,0.0000,0.0000,0,0.0000,0,0.0000,0.0000,0,0.0000,0.0000,0,0,0,0,0,0,0,0,0,0,0,0,0,0,0,0,0,0,0,0,0,0,0,0,0
WG_METRICS 886,256,768,1.9135,0.0088,0.0071,1.8497,0.0189,0.0290,256,768,196608,393216,106292.9844,212585.9688,0.0000,0,0.0000,0.0000,0,0.0000,0,0.0000,0.0000,0,0.0000,0.0000,0,0,0,0,0,0,0,0,0,0,0,0,0,0,0,0,0,0,0,0,0,0,0,0,0
WG_METRICS 887,256,768,1.9712,0.0088,0.0070,1.8988,0.0277,0.0289,256,768,196608,393216,103541.1094,207082.2188,0.0000,0,0.0000,0.0000,0,0.0000,0,0.0000,0.0000,0,0.0000,0.0000,0,0,0,0,0,0,0,0,0,0,0,0,0,0,0,0,0,0,0,0,0,0,0,0,0
WG_METRICS 888,256,768,1.9140,0.0090,0.0070,1.8426,0.0266,0.0288,256,768,196608,393216,106701.3984,213402.7969,0.0000,0,0.0000,0.0000,0,0.0000,0,0.0000,0.0000,0,0.0000,0.0000,0,0,0,0,0,0,0,0,0,0,0,0,0,0,0,0,0,0,0,0,0,0,0,0,0
WG_METRICS 889,256,768,1.9230,0.0089,0.0070,1.8634,0.0146,0.0291,256,768,196608,393216,105508.0938,211016.1875,0.0000,0,0.0000,0.0000,0,0.0000,0,0.0000,0.0000,0,0.0000,0.0000,0,0,0,0,0,0,0,0,0,0,0,0,0,0,0,0,0,0,0,0,0,0,0,0,0
WG_METRICS 890,256,768,1.9388,0.0087,0.0071,1.8758,0.0188,0.0285,256,768,196608,393216,104815.1172,209630.2344,0.0000,0,0.0000,0.0000,0,0.0000,0,0.0000,0.0000,0,0.0000,0.0000,0,0,0,0,0,0,0,0,0,0,0,0,0,0,0,0,0,0,0,0,0,0,0,0,0
WG_METRICS 891,256,768,1.8838,0.0087,0.0072,1.8280,0.0109,0.0290,256,768,196608,393216,107553.6172,215107.2344,0.0000,0,0.0000,0.0000,0,0.0000,0,0.0000,0.0000,0,0.0000,0.0000,0,0,0,0,0,0,0,0,0,0,0,0,0,0,0,0,0,0,0,0,0,0,0,0,0
WG_METRICS 892,256,768,1.9494,0.0088,0.0070,1.8789,0.0257,0.0289,256,768,196608,393216,104641.0625,209282.1250,0.0000,0,0.0000,0.0000,0,0.0000,0,0.0000,0.0000,0,0.0000,0.0000,0,0,0,0,0,0,0,0,0,0,0,0,0,0,0,0,0,0,0,0,0,0,0,0,0
WG_METRICS 893,256,768,1.9071,0.0088,0.0070,1.8469,0.0154,0.0290,256,768,196608,393216,106451.8203,212903.6406,0.0000,0,0.0000,0.0000,0,0.0000,0,0.0000,0.0000,0,0.0000,0.0000,0,0,0,0,0,0,0,0,0,0,0,0,0,0,0,0,0,0,0,0,0,0,0,0,0
WG_METRICS 894,256,768,1.9188,0.0088,0.0070,1.8552,0.0192,0.0285,256,768,196608,393216,105974.4297,211948.8594,0.0000,0,0.0000,0.0000,0,0.0000,0,0.0000,0.0000,0,0.0000,0.0000,0,0,0,0,0,0,0,0,0,0,0,0,0,0,0,0,0,0,0,0,0,0,0,0,0
WG_METRICS 895,256,768,1.9396,0.0088,0.0070,1.8760,0.0189,0.0288,256,768,196608,393216,104801.7031,209603.4062,0.0000,0,0.0000,0.0000,0,0.0000,0,0.0000,0.0000,0,0.0000,0.0000,0,0,0,0,0,0,0,0,0,0,0,0,0,0,0,0,0,0,0,0,0,0,0,0,0
WG_METRICS 896,256,768,2.0117,0.0088,0.0070,1.9397,0.0274,0.0287,256,768,196608,393216,101358.9609,202717.9219,0.0000,0,0.0000,0.0000,0,0.0000,0,0.0000,0.0000,0,0.0000,0.0000,0,0,0,0,0,0,0,0,0,0,0,0,0,0,0,0,0,0,0,0,0,0,0,0,0
WG_METRICS 897,256,768,1.9165,0.0087,0.0070,1.8596,0.0108,0.0303,256,768,196608,393216,105725.9688,211451.9375,0.0000,0,0.0000,0.0000,0,0.0000,0,0.0000,0.0000,0,0.0000,0.0000,0,0,0,0,0,0,0,0,0,0,0,0,0,0,0,0,0,0,0,0,0,0,0,0,0
WG_METRICS 898,256,768,1.9414,0.0088,0.0070,1.8766,0.0189,0.0301,256,768,196608,393216,104770.4297,209540.8594,0.0000,0,0.0000,0.0000,0,0.0000,0,0.0000,0.0000,0,0.0000,0.0000,0,0,0,0,0,0,0,0,0,0,0,0,0,0,0,0,0,0,0,0,0,0,0,0,0
WG_METRICS 899,256,768,1.9398,0.0087,0.0071,1.8764,0.0188,0.0288,256,768,196608,393216,104779.3672,209558.7344,0.0000,0,0.0000,0.0000,0,0.0000,0,0.0000,0.0000,0,0.0000,0.0000,0,0,0,0,0,0,0,0,0,0,0,0,0,0,0,0,0,0,0,0,0,0,0,0,0
WG_METRICS 900,256,768,1.9234,0.0088,0.0070,1.8680,0.0110,0.0286,256,768,196608,393216,105252.7891,210505.5781,0.0000,0,0.0000,0.0000,0,0.0000,0,0.0000,0.0000,0,0.0000,0.0000,0,0,0,0,0,0,0,0,0,0,0,0,0,0,0,0,0,0,0,0,0,0,0,0,0
WG_METRICS 901,256,768,1.9678,0.0088,0.0070,1.8975,0.0259,0.0286,256,768,196608,393216,103613.1406,207226.2812,0.0000,0,0.0000,0.0000,0,0.0000,0,0.0000,0.0000,0,0.0000,0.0000,0,0,0,0,0,0,0,0,0,0,0,0,0,0,0,0,0,0,0,0,0,0,0,0,0
WG_METRICS 902,256,768,1.9312,0.0088,0.0071,1.8660,0.0198,0.0294,256,768,196608,393216,105361.0859,210722.1719,0.0000,0,0.0000,0.0000,0,0.0000,0,0.0000,0.0000,0,0.0000,0.0000,0,0,0,0,0,0,0,0,0,0,0,0,0,0,0,0,0,0,0,0,0,0,0,0,0
WG_METRICS 903,256,768,1.9254,0.0088,0.0070,1.8694,0.0114,0.0288,256,768,196608,393216,105171.7109,210343.4219,0.0000,0,0.0000,0.0000,0,0.0000,0,0.0000,0.0000,0,0.0000,0.0000,0,0,0,0,0,0,0,0,0,0,0,0,0,0,0,0,0,0,0,0,0,0,0,0,0
WG_METRICS 904,256,768,1.9232,0.0087,0.0071,1.8598,0.0189,0.0288,256,768,196608,393216,105716.8672,211433.7344,0.0000,0,0.0000,0.0000,0,0.0000,0,0.0000,0.0000,0,0.0000,0.0000,0,0,0,0,0,0,0,0,0,0,0,0,0,0,0,0,0,0,0,0,0,0,0,0,0
WG_METRICS 905,256,768,1.9717,0.0090,0.0070,1.8992,0.0274,0.0291,256,768,196608,393216,103523.6641,207047.3281,0.0000,0,0.0000,0.0000,0,0.0000,0,0.0000,0.0000,0,0.0000,0.0000,0,0,0,0,0,0,0,0,0,0,0,0,0,0,0,0,0,0,0,0,0,0,0,0,0
WG_METRICS 906,256,768,1.9265,0.0088,0.0070,1.8558,0.0262,0.0286,256,768,196608,393216,105940.1719,211880.3438,0.0000,0,0.0000,0.0000,0,0.0000,0,0.0000,0.0000,0,0.0000,0.0000,0,0,0,0,0,0,0,0,0,0,0,0,0,0,0,0,0,0,0,0,0,0,0,0,0
WG_METRICS 907,256,768,1.9060,0.0088,0.0070,1.8415,0.0189,0.0298,256,768,196608,393216,106766.2969,213532.5938,0.0000,0,0.0000,0.0000,0,0.0000,0,0.0000,0.0000,0,0.0000,0.0000,0,0,0,0,0,0,0,0,0,0,0,0,0,0,0,0,0,0,0,0,0,0,0,0,0
WG_METRICS 908,256,768,1.9391,0.0087,0.0070,1.8755,0.0187,0.0291,256,768,196608,393216,104830.7578,209661.5156,0.0000,0,0.0000,0.0000,0,0.0000,0,0.0000,0.0000,0,0.0000,0.0000,0,0,0,0,0,0,0,0,0,0,0,0,0,0,0,0,0,0,0,0,0,0,0,0,0
WG_METRICS 909,256,768,1.9019,0.0088,0.0070,1.8483,0.0090,0.0288,256,768,196608,393216,106373.4922,212746.9844,0.0000,0,0.0000,0.0000,0,0.0000,0,0.0000,0.0000,0,0.0000,0.0000,0,0,0,0,0,0,0,0,0,0,0,0,0,0,0,0,0,0,0,0,0,0,0,0,0
WG_METRICS 910,256,768,1.9240,0.0088,0.0071,1.8535,0.0260,0.0286,256,768,196608,393216,106072.7656,212145.5312,0.0000,0,0.0000,0.0000,0,0.0000,0,0.0000,0.0000,0,0.0000,0.0000,0,0,0,0,0,0,0,0,0,0,0,0,0,0,0,0,0,0,0,0,0,0,0,0,0
WG_METRICS 911,256,768,1.9436,0.0088,0.0070,1.8831,0.0156,0.0291,256,768,196608,393216,104405.4609,208810.9219,0.0000,0,0.0000,0.0000,0,0.0000,0,0.0000,0.0000,0,0.0000,0.0000,0,0,0,0,0,0,0,0,0,0,0,0,0,0,0,0,0,0,0,0,0,0,0,0,0
WG_METRICS 912,256,768,1.9133,0.0088,0.0070,1.8497,0.0194,0.0285,256,768,196608,393216,106292.9844,212585.9688,0.0000,0,0.0000,0.0000,0,0.0000,0,0.0000,0.0000,0,0.0000,0.0000,0,0,0,0,0,0,0,0,0,0,0,0,0,0,0,0,0,0,0,0,0,0,0,0,0
WG_METRICS 913,256,768,1.9046,0.0087,0.0070,1.8399,0.0189,0.0300,256,768,196608,393216,106859.1406,213718.2812,0.0000,0,0.0000,0.0000,0,0.0000,0,0.0000,0.0000,0,0.0000,0.0000,0,0,0,0,0,0,0,0,0,0,0,0,0,0,0,0,0,0,0,0,0,0,0,0,0
WG_METRICS 914,256,768,1.9558,0.0088,0.0070,1.8843,0.0272,0.0286,256,768,196608,393216,104341.1797,208682.3594,0.0000,0,0.0000,0.0000,0,0.0000,0,0.0000,0.0000,0,0.0000,0.0000,0,0,0,0,0,0,0,0,0,0,0,0,0,0,0,0,0,0,0,0,0,0,0,0,0
WG_METRICS 915,256,768,1.9406,0.0088,0.0070,1.8763,0.0193,0.0292,256,768,196608,393216,104786.0703,209572.1406,0.0000,0,0.0000,0.0000,0,0.0000,0,0.0000,0.0000,0,0.0000,0.0000,0,0,0,0,0,0,0,0,0,0,0,0,0,0,0,0,0,0,0,0,0,0,0,0,0
WG_METRICS 916,256,768,2.2363,0.0087,0.0070,1.8658,0.3258,0.0289,256,768,196608,393216,105372.3828,210744.7656,0.0000,0,0.0000,0.0000,0,0.0000,0,0.0000,0.0000,0,0.0000,0.0000,0,0,0,0,0,0,0,0,0,0,0,0,0,0,0,0,0,0,0,0,0,0,0,0,0
WG_METRICS 917,256,768,1.9642,0.0088,0.0070,1.9007,0.0189,0.0287,256,768,196608,393216,103440.8750,206881.7500,0.0000,0,0.0000,0.0000,0,0.0000,0,0.0000,0.0000,0,0.0000,0.0000,0,0,0,0,0,0,0,0,0,0,0,0,0,0,0,0,0,0,0,0,0,0,0,0,0
WG_METRICS 918,256,768,1.9362,0.0089,0.0070,1.8726,0.0188,0.0289,256,768,196608,393216,104994.2344,209988.4688,0.0000,0,0.0000,0.0000,0,0.0000,0,0.0000,0.0000,0,0.0000,0.0000,0,0,0,0,0,0,0,0,0,0,0,0,0,0,0,0,0,0,0,0,0,0,0,0,0
WG_METRICS 919,256,768,1.9217,0.0088,0.0070,1.8511,0.0262,0.0286,256,768,196608,393216,106212.5938,212425.1875,0.0000,0,0.0000,0.0000,0,0.0000,0,0.0000,0.0000,0,0.0000,0.0000,0,0,0,0,0,0,0,0,0,0,0,0,0,0,0,0,0,0,0,0,0,0,0,0,0
WG_METRICS 920,256,768,1.9080,0.0088,0.0070,1.8435,0.0199,0.0287,256,768,196608,393216,106650.4688,213300.9375,0.0000,0,0.0000,0.0000,0,0.0000,0,0.0000,0.0000,0,0.0000,0.0000,0,0,0,0,0,0,0,0,0,0,0,0,0,0,0,0,0,0,0,0,0,0,0,0,0
WG_METRICS 921,256,768,1.9581,0.0086,0.0071,1.8946,0.0194,0.0284,256,768,196608,393216,103772.8281,207545.6562,0.0000,0,0.0000,0.0000,0,0.0000,0,0.0000,0.0000,0,0.0000,0.0000,0,0,0,0,0,0,0,0,0,0,0,0,0,0,0,0,0,0,0,0,0,0,0,0,0
WG_METRICS 922,256,768,1.9102,0.0090,0.0070,1.8473,0.0174,0.0296,256,768,196608,393216,106428.7734,212857.5469,0.0000,0,0.0000,0.0000,0,0.0000,0,0.0000,0.0000,0,0.0000,0.0000,0,0,0,0,0,0,0,0,0,0,0,0,0,0,0,0,0,0,0,0,0,0,0,0,0
WG_METRICS 923,256,768,1.9117,0.0089,0.0070,1.8566,0.0107,0.0286,256,768,196608,393216,105899.0859,211798.1719,0.0000,0,0.0000,0.0000,0,0.0000,0,0.0000,0.0000,0,0.0000,0.0000,0,0,0,0,0,0,0,0,0,0,0,0,0,0,0,0,0,0,0,0,0,0,0,0,0
WG_METRICS 924,256,768,1.9417,0.0088,0.0070,1.8696,0.0274,0.0288,256,768,196608,393216,105158.2109,210316.4219,0.0000,0,0.0000,0.0000,0,0.0000,0,0.0000,0.0000,0,0.0000,0.0000,0,0,0,0,0,0,0,0,0,0,0,0,0,0,0,0,0,0,0,0,0,0,0,0,0
WG_METRICS 925,256,768,1.9053,0.0088,0.0070,1.8433,0.0174,0.0288,256,768,196608,393216,106659.7188,213319.4375,0.0000,0,0.0000,0.0000,0,0.0000,0,0.0000,0.0000,0,0.0000,0.0000,0,0,0,0,0,0,0,0,0,0,0,0,0,0,0,0,0,0,0,0,0,0,0,0,0
WG_METRICS 926,256,768,1.9429,0.0087,0.0070,1.8791,0.0189,0.0291,256,768,196608,393216,104627.6953,209255.3906,0.0000,0,0.0000,0.0000,0,0.0000,0,0.0000,0.0000,0,0.0000,0.0000,0,0,0,0,0,0,0,0,0,0,0,0,0,0,0,0,0,0,0,0,0,0,0,0,0
