WG_METRICS_HEADER frame,q1_shards,q1_shard_capacity,gpu_frame_ms,reset_ms,reset_barrier_ms,compute_ms,metrics_copy_ms,render_ms,q2_shards,q2_shard_capacity,edges,vertices,edges_per_ms,vertices_per_ms,q1_deq_attempt_mean,q1_deq_attempt_max,q1_deq_attempt_imbalance,q1_deq_cas_fail_mean,q1_deq_cas_fail_max,q1_deq_probe_mean,q1_deq_probe_max,q1_deq_probe_imbalance,q1_enq_attempt_mean,q1_enq_attempt_max,q1_enq_attempt_imbalance,q1_high_water_mean,q1_high_water_max,q1_enq_ok,q1_enq_cas_fail,q1_enq_full,q1_deq_ok,q1_deq_cas_fail,q1_deq_empty,q1_ready_cas_fail,q1_ready_max_spin,q1_high_water,q2_enq_ok,q2_enq_cas_fail,q2_enq_full,q2_deq_ok,q2_deq_cas_fail,q2_deq_empty,q2_ready_cas_fail,q2_ready_max_spin,q2_high_water,node_a_seed,node_b_tasks,node_b_subdivide,node_b_final,node_c_output,stop_writes
WG_METRICS 1,256,768,1.9434,0.0114,0.0076,1.8782,0.0111,0.0352,256,768,196608,393216,104681.1797,209362.3594,0.0000,0,0.0000,0.0000,0,0.0000,0,0.0000,0.0000,0,0.0000,0.0000,0,0,0,0,0,0,0,0,0,0,0,0,0,0,0,0,0,0,0,0,0,0,0,0,0
WG_METRICS 2,256,768,1.9452,0.0092,0.0076,1.8727,0.0186,0.0370,256,768,196608,393216,104987.5078,209975.0156,0.0000,0,0.0000,0.0000,0,0.0000,0,0.0000,0.0000,0,0.0000,0.0000,0,0,0,0,0,0,0,0,0,0,0,0,0,0,0,0,0,0,0,0,0,0,0,0,0
WG_METRICS 3,256,768,1.9519,0.0092,0.0138,1.8659,0.0261,0.0369,256,768,196608,393216,105367.8672,210735.7344,0.0000,0,0.0000,0.0000,0,0.0000,0,0.0000,0.0000,0,0.0000,0.0000,0,0,0,0,0,0,0,0,0,0,0,0,0,0,0,0,0,0,0,0,0,0,0,0,0
WG_METRICS 4,256,768,1.8764,0.0092,0.0070,1.8047,0.0250,0.0305,256,768,196608,393216,108943.4141,217886.8281,0.0000,0,0.0000,0.0000,0,0.0000,0,0.0000,0.0000,0,0.0000,0.0000,0,0,0,0,0,0,0,0,0,0,0,0,0,0,0,0,0,0,0,0,0,0,0,0,0
WG_METRICS 5,256,768,1.9131,0.0090,0.0070,1.8419,0.0252,0.0300,256,768,196608,393216,106743.1094,213486.2188,0.0000,0,0.0000,0.0000,0,0.0000,0,0.0000,0.0000,0,0.0000,0.0000,0,0,0,0,0,0,0,0,0,0,0,0,0,0,0,0,0,0,0,0,0,0,0,0,0
WG_METRICS 6,256,768,1.9168,0.0088,0.0071,1.8453,0.0253,0.0304,256,768,196608,393216,106546.4297,213092.8594,0.0000,0,0.0000,0.0000,0,0.0000,0,0.0000,0.0000,0,0.0000,0.0000,0,0,0,0,0,0,0,0,0,0,0,0,0,0,0,0,0,0,0,0,0,0,0,0,0
WG_METRICS 7,256,768,1.8849,0.0086,0.0069,1.8155,0.0252,0.0286,256,768,196608,393216,108292.9375,216585.8750,0.0000,0,0.0000,0.0000,0,0.0000,0,0.0000,0.0000,0,0.0000,0.0000,0,0,0,0,0,0,0,0,0,0,0,0,0,0,0,0,0,0,0,0,0,0,0,0,0
WG_METRICS 8,256,768,1.8867,0.0088,0.0070,1.8260,0.0164,0.0286,256,768,196608,393216,107671.4141,215342.8281,0.0000,0,0.0000,0.0000,0,0.0000,0,0.0000,0.0000,0,0.0000,0.0000,0,0,0,0,0,0,0,0,0,0,0,0,0,0,0,0,0,0,0,0,0,0,0,0,0
WG_METRICS 9,256,768,1.8940,0.0087,0.0071,1.8323,0.0165,0.0294,256,768,196608,393216,107302.3750,214604.7500,0.0000,0,0.0000,0.0000,0,0.0000,0,0.0000,0.0000,0,0.0000,0.0000,0,0,0,0,0,0,0,0,0,0,0,0,0,0,0,0,0,0,0,0,0,0,0,0,0
WG_METRICS 10,256,768,1.9538,0.0088,0.0070,1.8807,0.0267,0.0305,256,768,196608,393216,104538.6875,209077.3750,0.0000,0,0.0000,0.0000,0,0.0000,0,0.0000,0.0000,0,0.0000,0.0000,0,0,0,0,0,0,0,0,0,0,0,0,0,0,0,0,0,0,0,0,0,0,0,0,0
WG_METRICS 11,256,768,1.9321,0.0086,0.0071,1.8693,0.0173,0.0298,256,768,196608,393216,105178.4688,210356.9375,0.0000,0,0.0000,0.0000,0,0.0000,0,0.0000,0.0000,0,0.0000,0.0000,0,0,0,0,0,0,0,0,0,0,0,0,0,0,0,0,0,0,0,0,0,0,0,0,0
WG_METRICS 12,256,768,1.9303,0.0087,0.0070,1.8605,0.0251,0.0289,256,768,196608,393216,105673.6797,211347.3594,0.0000,0,0.0000,0.0000,0,0.0000,0,0.0000,0.0000,0,0.0000,0.0000,0,0,0,0,0,0,0,0,0,0,0,0,0,0,0,0,0,0,0,0,0,0,0,0,0
WG_METRICS 13,256,768,1.9534,0.0091,0.0075,1.8949,0.0122,0.0297,256,768,196608,393216,103757.4922,207514.9844,0.0000,0,0.0000,0.0000,0,0.0000,0,0.0000,0.0000,0,0.0000,0.0000,0,0,0,0,0,0,0,0,0,0,0,0,0,0,0,0,0,0,0,0,0,0,0,0,0
WG_METRICS 14,256,768,1.1024,0.0074,0.0068,0.9768,0.0635,0.0479,256,768,196608,393216,201277.6406,402555.2812,0.0000,0,0.0000,0.0000,0,0.0000,0,0.0000,0.0000,0,0.0000,0.0000,0,0,0,0,0,0,0,0,0,0,0,0,0,0,0,0,0,0,0,0,0,0,0,0,0
WG_METRICS 15,256,768,1.9425,0.0088,0.0070,1.8724,0.0248,0.0294,256,768,196608,393216,105000.9609,210001.9219,0.0000,0,0.0000,0.0000,0,0.0000,0,0.0000,0.0000,0,0.0000,0.0000,0,0,0,0,0,0,0,0,0,0,0,0,0,0,0,0,0,0,0,0,0,0,0,0,0
WG_METRICS 16,256,768,1.9100,0.0088,0.0070,1.8404,0.0249,0.0288,256,768,196608,393216,106831.2656,213662.5312,0.0000,0,0.0000,0.0000,0,0.0000,0,0.0000,0.0000,0,0.0000,0.0000,0,0,0,0,0,0,0,0,0,0,0,0,0,0,0,0,0,0,0,0,0,0,0,0,0
WG_METRICS 17,256,768,1.9408,0.0087,0.0071,1.8707,0.0253,0.0290,256,768,196608,393216,105099.7500,210199.5000,0.0000,0,0.0000,0.0000,0,0.0000,0,0.0000,0.0000,0,0.0000,0.0000,0,0,0,0,0,0,0,0,0,0,0,0,0,0,0,0,0,0,0,0,0,0,0,0,0
WG_METRICS 18,256,768,1.9645,0.0087,0.0070,1.8930,0.0261,0.0296,256,768,196608,393216,103860.5391,207721.0781,0.0000,0,0.0000,0.0000,0,0.0000,0,0.0000,0.0000,0,0.0000,0.0000,0,0,0,0,0,0,0,0,0,0,0,0,0,0,0,0,0,0,0,0,0,0,0,0,0
WG_METRICS 19,256,768,1.9303,0.0088,0.0070,1.8587,0.0256,0.0302,256,768,196608,393216,105776.0234,211552.0469,0.0000,0,0.0000,0.0000,0,0.0000,0,0.0000,0.0000,0,0.0000,0.0000,0,0,0,0,0,0,0,0,0,0,0,0,0,0,0,0,0,0,0,0,0,0,0,0,0
WG_METRICS 20,256,768,1.4980,0.0084,0.0070,1.4457,0.0154,0.0215,256,768,196608,393216,135996.9062,271993.8125,0.0000,0,0.0000,0.0000,0,0.0000,0,0.0000,0.0000,0,0.0000,0.0000,0,0,0,0,0,0,0,0,0,0,0,0,0,0,0,0,0,0,0,0,0,0,0,0,0
WG_METRICS 21,256,768,1.0789,0.0075,0.0069,1.0257,0.0226,0.0161,256,768,196608,393216,191678.0469,383356.0938,0.0000,0,0.0000,0.0000,0,0.0000,0,0.0000,0.0000,0,0.0000,0.0000,0,0,0,0,0,0,0,0,0,0,0,0,0,0,0,0,0,0,0,0,0,0,0,0,0
WG_METRICS 22,256,768,1.0460,0.0074,0.0162,0.9839,0.0226,0.0160,256,768,196608,393216,199829.2500,399658.5000,0.0000,0,0.0000,0.0000,0,0.0000,0,0.0000,0.0000,0,0.0000,0.0000,0,0,0,0,0,0,0,0,0,0,0,0,0,0,0,0,0,0,0,0,0,0,0,0,0
WG_METRICS 23,256,768,1.0320,0.0077,0.0068,0.9846,0.0166,0.0162,256,768,196608,393216,199683.1250,399366.2500,0.0000,0,0.0000,0.0000,0,0.0000,0,0.0000,0.0000,0,0.0000,0.0000,0,0,0,0,0,0,0,0,0,0,0,0,0,0,0,0,0,0,0,0,0,0,0,0,0
WG_METRICS 24,256,768,1.0159,0.0075,0.0068,0.9736,0.0120,0.0160,256,768,196608,393216,201939.2031,403878.4062,0.0000,0,0.0000,0.0000,0,0.0000,0,0.0000,0.0000,0,0.0000,0.0000,0,0,0,0,0,0,0,0,0,0,0,0,0,0,0,0,0,0,0,0,0,0,0,0,0
WG_METRICS 25,256,768,1.0222,0.0075,0.0068,0.9761,0.0164,0.0155,256,768,196608,393216,201426.1094,402852.2188,0.0000,0,0.0000,0.0000,0,0.0000,0,0.0000,0.0000,0,0.0000,0.0000,0,0,0,0,0,0,0,0,0,0,0,0,0,0,0,0,0,0,0,0,0,0,0,0,0
WG_METRICS 26,256,768,1.0421,0.0074,0.0069,0.9954,0.0164,0.0160,256,768,196608,393216,197516.5781,395033.1562,0.0000,0,0.0000,0.0000,0,0.0000,0,0.0000,0.0000,0,0.0000,0.0000,0,0,0,0,0,0,0,0,0,0,0,0,0,0,0,0,0,0,0,0,0,0,0,0,0
WG_METRICS 27,256,768,1.0135,0.0074,0.0068,0.9700,0.0138,0.0155,256,768,196608,393216,202688.6562,405377.3125,0.0000,0,0.0000,0.0000,0,0.0000,0,0.0000,0.0000,0,0.0000,0.0000,0,0,0,0,0,0,0,0,0,0,0,0,0,0,0,0,0,0,0,0,0,0,0,0,0
WG_METRICS 28,256,768,1.0272,0.0075,0.0067,0.9793,0.0168,0.0168,256,768,196608,393216,200759.7188,401519.4375,0.0000,0,0.0000,0.0000,0,0.0000,0,0.0000,0.0000,0,0.0000,0.0000,0,0,0,0,0,0,0,0,0,0,0,0,0,0,0,0,0,0,0,0,0,0,0,0,0
WG_METRICS 29,256,768,1.0117,0.0074,0.0068,0.9678,0.0144,0.0153,256,768,196608,393216,203157.7969,406315.5938,0.0000,0,0.0000,0.0000,0,0.0000,0,0.0000,0.0000,0,0.0000,0.0000,0,0,0,0,0,0,0,0,0,0,0,0,0,0,0,0,0,0,0,0,0,0,0,0,0
WG_METRICS 30,256,768,1.0279,0.0074,0.0068,0.9803,0.0164,0.0170,256,768,196608,393216,200554.9219,401109.8438,0.0000,0,0.0000,0.0000,0,0.0000,0,0.0000,0.0000,0,0.0000,0.0000,0,0,0,0,0,0,0,0,0,0,0,0,0,0,0,0,0,0,0,0,0,0,0,0,0
WG_METRICS 31,256,768,1.0308,0.0075,0.0067,0.9780,0.0228,0.0158,256,768,196608,393216,201030.6719,402061.3438,0.0000,0,0.0000,0.0000,0,0.0000,0,0.0000,0.0000,0,0.0000,0.0000,0,0,0,0,0,0,0,0,0,0,0,0,0,0,0,0,0,0,0,0,0,0,0,0,0
WG_METRICS 32,256,768,1.0324,0.0080,0.0119,0.9791,0.0171,0.0163,256,768,196608,393216,200800.7188,401601.4375,0.0000,0,0.0000,0.0000,0,0.0000,0,0.0000,0.0000,0,0.0000,0.0000,0,0,0,0,0,0,0,0,0,0,0,0,0,0,0,0,0,0,0,0,0,0,0,0,0
WG_METRICS 33,256,768,1.4699,0.0081,0.0068,1.4063,0.0243,0.0243,256,768,196608,393216,139803.1719,279606.3438,0.0000,0,0.0000,0.0000,0,0.0000,0,0.0000,0.0000,0,0.0000,0.0000,0,0,0,0,0,0,0,0,0,0,0,0,0,0,0,0,0,0,0,0,0,0,0,0,0
WG_METRICS 34,256,768,1.9107,0.0088,0.0070,1.8390,0.0250,0.0308,256,768,196608,393216,106907.9531,213815.9062,0.0000,0,0.0000,0.0000,0,0.0000,0,0.0000,0.0000,0,0.0000,0.0000,0,0,0,0,0,0,0,0,0,0,0,0,0,0,0,0,0,0,0,0,0,0,0,0,0
WG_METRICS 35,256,768,1.9205,0.0087,0.0070,1.8509,0.0251,0.0287,256,768,196608,393216,106221.7734,212443.5469,0.0000,0,0.0000,0.0000,0,0.0000,0,0.0000,0.0000,0,0.0000,0.0000,0,0,0,0,0,0,0,0,0,0,0,0,0,0,0,0,0,0,0,0,0,0,0,0,0
WG_METRICS 36,256,768,1.9302,0.0088,0.0070,1.8690,0.0166,0.0289,256,768,196608,393216,105194.2266,210388.4531,0.0000,0,0.0000,0.0000,0,0.0000,0,0.0000,0.0000,0,0.0000,0.0000,0,0,0,0,0,0,0,0,0,0,0,0,0,0,0,0,0,0,0,0,0,0,0,0,0
WG_METRICS 37,256,768,1.9476,0.0088,0.0070,1.8874,0.0154,0.0290,256,768,196608,393216,104170.9062,208341.8125,0.0000,0,0.0000,0.0000,0,0.0000,0,0.0000,0.0000,0,0.0000,0.0000,0,0,0,0,0,0,0,0,0,0,0,0,0,0,0,0,0,0,0,0,0,0,0,0,0
WG_METRICS 38,256,768,1.9480,0.0088,0.0070,1.8823,0.0206,0.0293,256,768,196608,393216,104452.0469,208904.0938,0.0000,0,0.0000,0.0000,0,0.0000,0,0.0000,0.0000,0,0.0000,0.0000,0,0,0,0,0,0,0,0,0,0,0,0,0,0,0,0,0,0,0,0,0,0,0,0,0
WG_METRICS 39,256,768,1.5692,0.0083,0.0070,1.5163,0.0152,0.0225,256,768,196608,393216,129661.2891,259322.5781,0.0000,0,0.0000,0.0000,0,0.0000,0,0.0000,0.0000,0,0.0000,0.0000,0,0,0,0,0,0,0,0,0,0,0,0,0,0,0,0,0,0,0,0,0,0,0,0,0
WG_METRICS 40,256,768,1.0283,0.0076,0.0068,0.9816,0.0164,0.0160,256,768,196608,393216,200285.2344,400570.4688,0.0000,0,0.0000,0.0000,0,0.0000,0,0.0000,0.0000,0,0.0000,0.0000,0,0,0,0,0,0,0,0,0,0,0,0,0,0,0,0,0,0,0,0,0,0,0,0,0
WG_METRICS 41,256,768,1.0370,0.0075,0.0069,0.9928,0.0141,0.0157,256,768,196608,393216,198033.8438,396067.6875,0.0000,0,0.0000,0.0000,0,0.0000,0,0.0000,0.0000,0,0.0000,0.0000,0,0,0,0,0,0,0,0,0,0,0,0,0,0,0,0,0,0,0,0,0,0,0,0,0
WG_METRICS 42,256,768,1.0337,0.0079,0.0066,0.9938,0.0090,0.0163,256,768,196608,393216,197842.5469,395685.0938,0.0000,0,0.0000,0.0000,0,0.0000,0,0.0000,0.0000,0,0.0000,0.0000,0,0,0,0,0,0,0,0,0,0,0,0,0,0,0,0,0,0,0,0,0,0,0,0,0
WG_METRICS 43,256,768,1.0110,0.0074,0.0068,0.9648,0.0164,0.0155,256,768,196608,393216,203772.6406,407545.2812,0.0000,0,0.0000,0.0000,0,0.0000,0,0.0000,0.0000,0,0.0000,0.0000,0,0,0,0,0,0,0,0,0,0,0,0,0,0,0,0,0,0,0,0,0,0,0,0,0
WG_METRICS 44,256,768,1.0110,0.0074,0.0068,0.9649,0.0164,0.0154,256,768,196608,393216,203755.7500,407511.5000,0.0000,0,0.0000,0.0000,0,0.0000,0,0.0000,0.0000,0,0.0000,0.0000,0,0,0,0,0,0,0,0,0,0,0,0,0,0,0,0,0,0,0,0,0,0,0,0,0
WG_METRICS 45,256,768,1.0392,0.0074,0.0069,0.9928,0.0164,0.0157,256,768,196608,393216,198041.8281,396083.6562,0.0000,0,0.0000,0.0000,0,0.0000,0,0.0000,0.0000,0,0.0000,0.0000,0,0,0,0,0,0,0,0,0,0,0,0,0,0,0,0,0,0,0,0,0,0,0,0,0
WG_METRICS 46,256,768,1.0814,0.0075,0.0069,1.0392,0.0111,0.0167,256,768,196608,393216,189191.7031,378383.4062,0.0000,0,0.0000,0.0000,0,0.0000,0,0.0000,0.0000,0,0.0000,0.0000,0,0,0,0,0,0,0,0,0,0,0,0,0,0,0,0,0,0,0,0,0,0,0,0,0
WG_METRICS 47,256,768,1.0336,0.0075,0.0068,0.9929,0.0101,0.0163,256,768,196608,393216,198009.9062,396019.8125,0.0000,0,0.0000,0.0000,0,0.0000,0,0.0000,0.0000,0,0.0000,0.0000,0,0,0,0,0,0,0,0,0,0,0,0,0,0,0,0,0,0,0,0,0,0,0,0,0
WG_METRICS 48,256,768,1.1086,0.0075,0.0069,1.0630,0.0140,0.0172,256,768,196608,393216,184962.7344,369925.4688,0.0000,0,0.0000,0.0000,0,0.0000,0,0.0000,0.0000,0,0.0000,0.0000,0,0,0,0,0,0,0,0,0,0,0,0,0,0,0,0,0,0,0,0,0,0,0,0,0
WG_METRICS 49,256,768,1.0756,0.0075,0.0067,1.0286,0.0166,0.0162,256,768,196608,393216,191141.3594,382282.7188,0.0000,0,0.0000,0.0000,0,0.0000,0,0.0000,0.0000,0,0.0000,0.0000,0,0,0,0,0,0,0,0,0,0,0,0,0,0,0,0,0,0,0,0,0,0,0,0,0
WG_METRICS 50,256,768,1.1443,0.0080,0.0069,1.0971,0.0146,0.0178,256,768,196608,393216,179210.2656,358420.5312,0.0000,0,0.0000,0.0000,0,0.0000,0,0.0000,0.0000,0,0.0000,0.0000,0,0,0,0,0,0,0,0,0,0,0,0,0,0,0,0,0,0,0,0,0,0,0,0,0
WG_METRICS 51,256,768,1.3090,0.0078,0.0068,1.2511,0.0236,0.0197,256,768,196608,393216,157145.5938,314291.1875,0.0000,0,0.0000,0.0000,0,0.0000,0,0.0000,0.0000,0,0.0000,0.0000,0,0,0,0,0,0,0,0,0,0,0,0,0,0,0,0,0,0,0,0,0,0,0,0,0
WG_METRICS 52,256,768,1.4021,0.0079,0.0069,1.3428,0.0234,0.0210,256,768,196608,393216,146412.0938,292824.1875,0.0000,0,0.0000,0.0000,0,0.0000,0,0.0000,0.0000,0,0.0000,0.0000,0,0,0,0,0,0,0,0,0,0,0,0,0,0,0,0,0,0,0,0,0,0,0,0,0
WG_METRICS 53,256,768,1.3936,0.0080,0.0069,1.3332,0.0237,0.0218,256,768,196608,393216,147470.7500,294941.5000,0.0000,0,0.0000,0.0000,0,0.0000,0,0.0000,0.0000,0,0.0000,0.0000,0,0,0,0,0,0,0,0,0,0,0,0,0,0,0,0,0,0,0,0,0,0,0,0,0
WG_METRICS 54,256,768,1.3239,0.0079,0.0070,1.2742,0.0149,0.0199,256,768,196608,393216,154299.1719,308598.3438,0.0000,0,0.0000,0.0000,0,0.0000,0,0.0000,0.0000,0,0.0000,0.0000,0,0,0,0,0,0,0,0,0,0,0,0,0,0,0,0,0,0,0,0,0,0,0,0,0
WG_METRICS 55,256,768,1.1107,0.0080,0.0069,1.0572,0.0226,0.0160,256,768,196608,393216,185963.4531,371926.9062,0.0000,0,0.0000,0.0000,0,0.0000,0,0.0000,0.0000,0,0.0000,0.0000,0,0,0,0,0,0,0,0,0,0,0,0,0,0,0,0,0,0,0,0,0,0,0,0,0
WG_METRICS 56,256,768,1.0507,0.0076,0.0067,0.9972,0.0236,0.0157,256,768,196608,393216,197167.9531,394335.9062,0.0000,0,0.0000,0.0000,0,0.0000,0,0.0000,0.0000,0,0.0000,0.0000,0,0,0,0,0,0,0,0,0,0,0,0,0,0,0,0,0,0,0,0,0,0,0,0,0
WG_METRICS 57,256,768,1.0238,0.0074,0.0069,0.9710,0.0228,0.0157,256,768,196608,393216,202479.9219,404959.8438,0.0000,0,0.0000,0.0000,0,0.0000,0,0.0000,0.0000,0,0.0000,0.0000,0,0,0,0,0,0,0,0,0,0,0,0,0,0,0,0,0,0,0,0,0,0,0,0,0
WG_METRICS 58,256,768,1.0619,0.0074,0.0069,0.9901,0.0406,0.0169,256,768,196608,393216,198577.8906,397155.7812,0.0000,0,0.0000,0.0000,0,0.0000,0,0.0000,0.0000,0,0.0000,0.0000,0,0,0,0,0,0,0,0,0,0,0,0,0,0,0,0,0,0,0,0,0,0,0,0,0
WG_METRICS 59,256,768,1.0242,0.0074,0.0068,0.9720,0.0224,0.0157,256,768,196608,393216,202279.9219,404559.8438,0.0000,0,0.0000,0.0000,0,0.0000,0,0.0000,0.0000,0,0.0000,0.0000,0,0,0,0,0,0,0,0,0,0,0,0,0,0,0,0,0,0,0,0,0,0,0,0,0
WG_METRICS 60,256,768,1.0264,0.0074,0.0068,0.9826,0.0141,0.0155,256,768,196608,393216,200097.7031,400195.4062,0.0000,0,0.0000,0.0000,0,0.0000,0,0.0000,0.0000,0,0.0000,0.0000,0,0,0,0,0,0,0,0,0,0,0,0,0,0,0,0,0,0,0,0,0,0,0,0,0
WG_METRICS 61,256,768,1.0303,0.0075,0.0070,0.9945,0.0048,0.0164,256,768,196608,393216,197691.3438,395382.6875,0.0000,0,0.0000,0.0000,0,0.0000,0,0.0000,0.0000,0,0.0000,0.0000,0,0,0,0,0,0,0,0,0,0,0,0,0,0,0,0,0,0,0,0,0,0,0,0,0
WG_METRICS 62,256,768,1.0122,0.0075,0.0068,0.9654,0.0164,0.0161,256,768,196608,393216,203654.4531,407308.9062,0.0000,0,0.0000,0.0000,0,0.0000,0,0.0000,0.0000,0,0.0000,0.0000,0,0,0,0,0,0,0,0,0,0,0,0,0,0,0,0,0,0,0,0,0,0,0,0,0
WG_METRICS 63,256,768,1.0184,0.0074,0.0068,0.9661,0.0226,0.0155,256,768,196608,393216,203511.0938,407022.1875,0.0000,0,0.0000,0.0000,0,0.0000,0,0.0000,0.0000,0,0.0000,0.0000,0,0,0,0,0,0,0,0,0,0,0,0,0,0,0,0,0,0,0,0,0,0,0,0,0
WG_METRICS 64,256,768,1.0281,0.0074,0.0069,0.9755,0.0227,0.0157,256,768,196608,393216,201550.0000,403100.0000,0.0000,0,0.0000,0.0000,0,0.0000,0,0.0000,0.0000,0,0.0000,0.0000,0,0,0,0,0,0,0,0,0,0,0,0,0,0,0,0,0,0,0,0,0,0,0,0,0
WG_METRICS 65,256,768,1.0407,0.0075,0.0068,0.9882,0.0227,0.0155,256,768,196608,393216,198947.6250,397895.2500,0.0000,0,0.0000,0.0000,0,0.0000,0,0.0000,0.0000,0,0.0000,0.0000,0,0,0,0,0,0,0,0,0,0,0,0,0,0,0,0,0,0,0,0,0,0,0,0,0
WG_METRICS 66,256,768,1.0309,0.0101,0.0066,0.9759,0.0227,0.0156,256,768,196608,393216,201459.1250,402918.2500,0.0000,0,0.0000,0.0000,0,0.0000,0,0.0000,0.0000,0,0.0000,0.0000,0,0,0,0,0,0,0,0,0,0,0,0,0,0,0,0,0,0,0,0,0,0,0,0,0
WG_METRICS 67,256,768,1.0329,0.0074,0.0069,0.9855,0.0170,0.0160,256,768,196608,393216,199496.7188,398993.4375,0.0000,0,0.0000,0.0000,0,0.0000,0,0.0000,0.0000,0,0.0000,0.0000,0,0,0,0,0,0,0,0,0,0,0,0,0,0,0,0,0,0,0,0,0,0,0,0,0
WG_METRICS 68,256,768,1.0128,0.0074,0.0069,0.9665,0.0166,0.0154,256,768,196608,393216,203418.4531,406836.9062,0.0000,0,0.0000,0.0000,0,0.0000,0,0.0000,0.0000,0,0.0000,0.0000,0,0,0,0,0,0,0,0,0,0,0,0,0,0,0,0,0,0,0,0,0,0,0,0,0
WG_METRICS 69,256,768,1.0279,0.0075,0.0068,0.9838,0.0143,0.0156,256,768,196608,393216,199853.6250,399707.2500,0.0000,0,0.0000,0.0000,0,0.0000,0,0.0000,0.0000,0,0.0000,0.0000,0,0,0,0,0,0,0,0,0,0,0,0,0,0,0,0,0,0,0,0,0,0,0,0,0
WG_METRICS 70,256,768,1.0540,0.0074,0.0068,1.0008,0.0231,0.0158,256,768,196608,393216,196443.0000,392886.0000,0.0000,0,0.0000,0.0000,0,0.0000,0,0.0000,0.0000,0,0.0000,0.0000,0,0,0,0,0,0,0,0,0,0,0,0,0,0,0,0,0,0,0,0,0,0,0,0,0
WG_METRICS 71,256,768,1.0310,0.0076,0.0068,0.9770,0.0233,0.0162,256,768,196608,393216,201228.2031,402456.4062,0.0000,0,0.0000,0.0000,0,0.0000,0,0.0000,0.0000,0,0.0000,0.0000,0,0,0,0,0,0,0,0,0,0,0,0,0,0,0,0,0,0,0,0,0,0,0,0,0
WG_METRICS 72,256,768,1.0591,0.0075,0.0068,1.0058,0.0227,0.0164,256,768,196608,393216,195482.0312,390964.0625,0.0000,0,0.0000,0.0000,0,0.0000,0,0.0000,0.0000,0,0.0000,0.0000,0,0,0,0,0,0,0,0,0,0,0,0,0,0,0,0,0,0,0,0,0,0,0,0,0
WG_METRICS 73,256,768,1.7977,0.0084,0.0069,1.7287,0.0251,0.0286,256,768,196608,393216,113730.3906,227460.7812,0.0000,0,0.0000,0.0000,0,0.0000,0,0.0000,0.0000,0,0.0000,0.0000,0,0,0,0,0,0,0,0,0,0,0,0,0,0,0,0,0,0,0,0,0,0,0,0,0
WG_METRICS 74,256,768,1.9004,0.0087,0.0068,1.8400,0.0163,0.0286,256,768,196608,393216,106854.5000,213709.0000,0.0000,0,0.0000,0.0000,0,0.0000,0,0.0000,0.0000,0,0.0000,0.0000,0,0,0,0,0,0,0,0,0,0,0,0,0,0,0,0,0,0,0,0,0,0,0,0,0
WG_METRICS 75,256,768,1.9146,0.0087,0.0070,1.8529,0.0156,0.0304,256,768,196608,393216,106109.4062,212218.8125,0.0000,0,0.0000,0.0000,0,0.0000,0,0.0000,0.0000,0,0.0000,0.0000,0,0,0,0,0,0,0,0,0,0,0,0,0,0,0,0,0,0,0,0,0,0,0,0,0
WG_METRICS 76,256,768,1.9400,0.0086,0.0070,1.8696,0.0254,0.0293,256,768,196608,393216,105162.7109,210325.4219,0.0000,0,0.0000,0.0000,0,0.0000,0,0.0000,0.0000,0,0.0000,0.0000,0,0,0,0,0,0,0,0,0,0,0,0,0,0,0,0,0,0,0,0,0,0,0,0,0
WG_METRICS 77,256,768,1.6156,0.0084,0.0070,1.5612,0.0153,0.0237,256,768,196608,393216,125937.1250,251874.2500,0.0000,0,0.0000,0.0000,0,0.0000,0,0.0000,0.0000,0,0.0000,0.0000,0,0,0,0,0,0,0,0,0,0,0,0,0,0,0,0,0,0,0,0,0,0,0,0,0
WG_METRICS 78,256,768,1.1483,0.0077,0.0068,1.1037,0.0141,0.0159,256,768,196608,393216,178132.1406,356264.2812,0.0000,0,0.0000,0.0000,0,0.0000,0,0.0000,0.0000,0,0.0000,0.0000,0,0,0,0,0,0,0,0,0,0,0,0,0,0,0,0,0,0,0,0,0,0,0,0,0
WG_METRICS 79,256,768,1.0126,0.0074,0.0068,0.9786,0.0043,0.0154,256,768,196608,393216,200907.4062,401814.8125,0.0000,0,0.0000,0.0000,0,0.0000,0,0.0000,0.0000,0,0.0000,0.0000,0,0,0,0,0,0,0,0,0,0,0,0,0,0,0,0,0,0,0,0,0,0,0,0,0
WG_METRICS 80,256,768,1.0289,0.0076,0.0068,0.9836,0.0144,0.0165,256,768,196608,393216,199878.0000,399756.0000,0.0000,0,0.0000,0.0000,0,0.0000,0,0.0000,0.0000,0,0.0000,0.0000,0,0,0,0,0,0,0,0,0,0,0,0,0,0,0,0,0,0,0,0,0,0,0,0,0
WG_METRICS 81,256,768,1.0451,0.0082,0.0068,1.0004,0.0142,0.0155,256,768,196608,393216,196537.2500,393074.5000,0.0000,0,0.0000,0.0000,0,0.0000,0,0.0000,0.0000,0,0.0000,0.0000,0,0,0,0,0,0,0,0,0,0,0,0,0,0,0,0,0,0,0,0,0,0,0,0,0
WG_METRICS 82,256,768,1.0226,0.0074,0.0069,0.9701,0.0225,0.0157,256,768,196608,393216,202663.5781,405327.1562,0.0000,0,0.0000,0.0000,0,0.0000,0,0.0000,0.0000,0,0.0000,0.0000,0,0,0,0,0,0,0,0,0,0,0,0,0,0,0,0,0,0,0,0,0,0,0,0,0
WG_METRICS 83,256,768,1.0284,0.0075,0.0068,0.9749,0.0228,0.0164,256,768,196608,393216,201665.7812,403331.5625,0.0000,0,0.0000,0.0000,0,0.0000,0,0.0000,0.0000,0,0.0000,0.0000,0,0,0,0,0,0,0,0,0,0,0,0,0,0,0,0,0,0,0,0,0,0,0,0,0
WG_METRICS 84,256,768,1.0204,0.0072,0.0066,0.9769,0.0142,0.0155,256,768,196608,393216,201252.9219,402505.8438,0.0000,0,0.0000,0.0000,0,0.0000,0,0.0000,0.0000,0,0.0000,0.0000,0,0,0,0,0,0,0,0,0,0,0,0,0,0,0,0,0,0,0,0,0,0,0,0,0
WG_METRICS 85,256,768,1.0271,0.0075,0.0068,0.9875,0.0100,0.0154,256,768,196608,393216,199100.7500,398201.5000,0.0000,0,0.0000,0.0000,0,0.0000,0,0.0000,0.0000,0,0.0000,0.0000,0,0,0,0,0,0,0,0,0,0,0,0,0,0,0,0,0,0,0,0,0,0,0,0,0
WG_METRICS 86,256,768,1.0319,0.0074,0.0069,0.9789,0.0227,0.0160,256,768,196608,393216,200849.9531,401699.9062,0.0000,0,0.0000,0.0000,0,0.0000,0,0.0000,0.0000,0,0.0000,0.0000,0,0,0,0,0,0,0,0,0,0,0,0,0,0,0,0,0,0,0,0,0,0,0,0,0
WG_METRICS 87,256,768,1.0334,0.0074,0.0066,0.9806,0.0228,0.0159,256,768,196608,393216,200489.4844,400978.9688,0.0000,0,0.0000,0.0000,0,0.0000,0,0.0000,0.0000,0,0.0000,0.0000,0,0,0,0,0,0,0,0,0,0,0,0,0,0,0,0,0,0,0,0,0,0,0,0,0
WG_METRICS 88,256,768,1.0148,0.0075,0.0068,0.9626,0.0226,0.0153,256,768,196608,393216,204238.3438,408476.6875,0.0000,0,0.0000,0.0000,0,0.0000,0,0.0000,0.0000,0,0.0000,0.0000,0,0,0,0,0,0,0,0,0,0,0,0,0,0,0,0,0,0,0,0,0,0,0,0,0
WG_METRICS 89,256,768,1.0451,0.0075,0.0068,0.9925,0.0226,0.0157,256,768,196608,393216,198089.7188,396179.4375,0.0000,0,0.0000,0.0000,0,0.0000,0,0.0000,0.0000,0,0.0000,0.0000,0,0,0,0,0,0,0,0,0,0,0,0,0,0,0,0,0,0,0,0,0,0,0,0,0
WG_METRICS 90,256,768,1.0591,0.0074,0.0068,1.0057,0.0227,0.0164,256,768,196608,393216,195497.5781,390995.1562,0.0000,0,0.0000,0.0000,0,0.0000,0,0.0000,0.0000,0,0.0000,0.0000,0,0,0,0,0,0,0,0,0,0,0,0,0,0,0,0,0,0,0,0,0,0,0,0,0
WG_METRICS 91,256,768,1.0310,0.0075,0.0068,0.9864,0.0140,0.0162,256,768,196608,393216,199310.6562,398621.3125,0.0000,0,0.0000,0.0000,0,0.0000,0,0.0000,0.0000,0,0.0000,0.0000,0,0,0,0,0,0,0,0,0,0,0,0,0,0,0,0,0,0,0,0,0,0,0,0,0
WG_METRICS 92,256,768,1.0371,0.0075,0.0068,0.9842,0.0226,0.0160,256,768,196608,393216,199756.1562,399512.3125,0.0000,0,0.0000,0.0000,0,0.0000,0,0.0000,0.0000,0,0.0000,0.0000,0,0,0,0,0,0,0,0,0,0,0,0,0,0,0,0,0,0,0,0,0,0,0,0,0
WG_METRICS 93,256,768,1.0551,0.0077,0.0068,1.0010,0.0226,0.0170,256,768,196608,393216,196411.5781,392823.1562,0.0000,0,0.0000,0.0000,0,0.0000,0,0.0000,0.0000,0,0.0000,0.0000,0,0,0,0,0,0,0,0,0,0,0,0,0,0,0,0,0,0,0,0,0,0,0,0,0
WG_METRICS 94,256,768,1.0790,0.0078,0.0069,1.0321,0.0144,0.0178,256,768,196608,393216,190496.8438,380993.6875,0.0000,0,0.0000,0.0000,0,0.0000,0,0.0000,0.0000,0,0.0000,0.0000,0,0,0,0,0,0,0,0,0,0,0,0,0,0,0,0,0,0,0,0,0,0,0,0,0
WG_METRICS 95,256,768,1.1346,0.0076,0.0069,1.0863,0.0165,0.0174,256,768,196608,393216,180992.0156,361984.0312,0.0000,0,0.0000,0.0000,0,0.0000,0,0.0000,0.0000,0,0.0000,0.0000,0,0,0,0,0,0,0,0,0,0,0,0,0,0,0,0,0,0,0,0,0,0,0,0,0
WG_METRICS 96,256,768,1.1137,0.0076,0.0068,1.0662,0.0165,0.0166,256,768,196608,393216,184407.5938,368815.1875,0.0000,0,0.0000,0.0000,0,0.0000,0,0.0000,0.0000,0,0.0000,0.0000,0,0,0,0,0,0,0,0,0,0,0,0,0,0,0,0,0,0,0,0,0,0,0,0,0
WG_METRICS 97,256,768,1.0375,0.0075,0.0068,0.9896,0.0163,0.0172,256,768,196608,393216,198666.1875,397332.3750,0.0000,0,0.0000,0.0000,0,0.0000,0,0.0000,0.0000,0,0.0000,0.0000,0,0,0,0,0,0,0,0,0,0,0,0,0,0,0,0,0,0,0,0,0,0,0,0,0
WG_METRICS 98,256,768,1.0124,0.0075,0.0068,0.9742,0.0079,0.0160,256,768,196608,393216,201806.5312,403613.0625,0.0000,0,0.0000,0.0000,0,0.0000,0,0.0000,0.0000,0,0.0000,0.0000,0,0,0,0,0,0,0,0,0,0,0,0,0,0,0,0,0,0,0,0,0,0,0,0,0
WG_METRICS 99,256,768,1.0230,0.0074,0.0069,0.9832,0.0095,0.0159,256,768,196608,393216,199959.3125,399918.6250,0.0000,0,0.0000,0.0000,0,0.0000,0,0.0000,0.0000,0,0.0000,0.0000,0,0,0,0,0,0,0,0,0,0,0,0,0,0,0,0,0,0,0,0,0,0,0,0,0
WG_METRICS 100,256,768,1.0776,0.0075,0.0068,1.0370,0.0100,0.0162,256,768,196608,393216,189593.0625,379186.1250,0.0000,0,0.0000,0.0000,0,0.0000,0,0.0000,0.0000,0,0.0000,0.0000,0,0,0,0,0,0,0,0,0,0,0,0,0,0,0,0,0,0,0,0,0,0,0,0,0
WG_METRICS 101,256,768,1.1573,0.0076,0.0068,1.1022,0.0232,0.0174,256,768,196608,393216,178384.2656,356768.5312,0.0000,0,0.0000,0.0000,0,0.0000,0,0.0000,0.0000,0,0.0000,0.0000,0,0,0,0,0,0,0,0,0,0,0,0,0,0,0,0,0,0,0,0,0,0,0,0,0
WG_METRICS 102,256,768,1.1381,0.0078,0.0068,1.0883,0.0167,0.0185,256,768,196608,393216,180659.3906,361318.7812,0.0000,0,0.0000,0.0000,0,0.0000,0,0.0000,0.0000,0,0.0000,0.0000,0,0,0,0,0,0,0,0,0,0,0,0,0,0,0,0,0,0,0,0,0,0,0,0,0
WG_METRICS 103,256,768,1.0338,0.0076,0.0068,0.9935,0.0100,0.0158,256,768,196608,393216,197890.3281,395780.6562,0.0000,0,0.0000,0.0000,0,0.0000,0,0.0000,0.0000,0,0.0000,0.0000,0,0,0,0,0,0,0,0,0,0,0,0,0,0,0,0,0,0,0,0,0,0,0,0,0
WG_METRICS 104,256,768,0.9999,0.0074,0.0069,0.9612,0.0088,0.0156,256,768,196608,393216,204544.3125,409088.6250,0.0000,0,0.0000,0.0000,0,0.0000,0,0.0000,0.0000,0,0.0000,0.0000,0,0,0,0,0,0,0,0,0,0,0,0,0,0,0,0,0,0,0,0,0,0,0,0,0
WG_METRICS 105,256,768,1.1428,0.0075,0.0068,1.0941,0.0166,0.0179,256,768,196608,393216,179701.6719,359403.3438,0.0000,0,0.0000,0.0000,0,0.0000,0,0.0000,0.0000,0,0.0000,0.0000,0,0,0,0,0,0,0,0,0,0,0,0,0,0,0,0,0,0,0,0,0,0,0,0,0
WG_METRICS 106,256,768,1.3027,0.0079,0.0068,1.2574,0.0102,0.0205,256,768,196608,393216,156365.7188,312731.4375,0.0000,0,0.0000,0.0000,0,0.0000,0,0.0000,0.0000,0,0.0000,0.0000,0,0,0,0,0,0,0,0,0,0,0,0,0,0,0,0,0,0,0,0,0,0,0,0,0
WG_METRICS 107,256,768,1.3708,0.0080,0.0069,1.3222,0.0128,0.0209,256,768,196608,393216,148702.1250,297404.2500,0.0000,0,0.0000,0.0000,0,0.0000,0,0.0000,0.0000,0,0.0000,0.0000,0,0,0,0,0,0,0,0,0,0,0,0,0,0,0,0,0,0,0,0,0,0,0,0,0
WG_METRICS 108,256,768,1.3218,0.0080,0.0068,1.2702,0.0169,0.0199,256,768,196608,393216,154785.0781,309570.1562,0.0000,0,0.0000,0.0000,0,0.0000,0,0.0000,0.0000,0,0.0000,0.0000,0,0,0,0,0,0,0,0,0,0,0,0,0,0,0,0,0,0,0,0,0,0,0,0,0
WG_METRICS 109,256,768,1.2002,0.0078,0.0068,1.1508,0.0165,0.0182,256,768,196608,393216,170838.6875,341677.3750,0.0000,0,0.0000,0.0000,0,0.0000,0,0.0000,0.0000,0,0.0000,0.0000,0,0,0,0,0,0,0,0,0,0,0,0,0,0,0,0,0,0,0,0,0,0,0,0,0
WG_METRICS 110,256,768,1.0716,0.0077,0.0068,1.0250,0.0148,0.0172,256,768,196608,393216,191812.6875,383625.3750,0.0000,0,0.0000,0.0000,0,0.0000,0,0.0000,0.0000,0,0.0000,0.0000,0,0,0,0,0,0,0,0,0,0,0,0,0,0,0,0,0,0,0,0,0,0,0,0,0
WG_METRICS 111,256,768,1.0236,0.0074,0.0068,0.9772,0.0166,0.0156,256,768,196608,393216,201187.0156,402374.0312,0.0000,0,0.0000,0.0000,0,0.0000,0,0.0000,0.0000,0,0.0000,0.0000,0,0,0,0,0,0,0,0,0,0,0,0,0,0,0,0,0,0,0,0,0,0,0,0,0
WG_METRICS 112,256,768,1.4531,0.0080,0.0069,1.3922,0.0240,0.0221,256,768,196608,393216,141217.0312,282434.0625,0.0000,0,0.0000,0.0000,0,0.0000,0,0.0000,0.0000,0,0.0000,0.0000,0,0,0,0,0,0,0,0,0,0,0,0,0,0,0,0,0,0,0,0,0,0,0,0,0
WG_METRICS 113,256,768,1.9122,0.0087,0.0070,1.8513,0.0164,0.0287,256,768,196608,393216,106198.8203,212397.6406,0.0000,0,0.0000,0.0000,0,0.0000,0,0.0000,0.0000,0,0.0000,0.0000,0,0,0,0,0,0,0,0,0,0,0,0,0,0,0,0,0,0,0,0,0,0,0,0,0
WG_METRICS 114,256,768,1.9372,0.0088,0.0070,1.8667,0.0254,0.0292,256,768,196608,393216,105322.7109,210645.4219,0.0000,0,0.0000,0.0000,0,0.0000,0,0.0000,0.0000,0,0.0000,0.0000,0,0,0,0,0,0,0,0,0,0,0,0,0,0,0,0,0,0,0,0,0,0,0,0,0
WG_METRICS 115,256,768,1.9170,0.0087,0.0070,1.8472,0.0252,0.0289,256,768,196608,393216,106437.9922,212875.9844,0.0000,0,0.0000,0.0000,0,0.0000,0,0.0000,0.0000,0,0.0000,0.0000,0,0,0,0,0,0,0,0,0,0,0,0,0,0,0,0,0,0,0,0,0,0,0,0,0
WG_METRICS 116,256,768,1.9401,0.0089,0.0070,1.8783,0.0164,0.0295,256,768,196608,393216,104674.4844,209348.9688,0.0000,0,0.0000,0.0000,0,0.0000,0,0.0000,0.0000,0,0.0000,0.0000,0,0,0,0,0,0,0,0,0,0,0,0,0,0,0,0,0,0,0,0,0,0,0,0,0
WG_METRICS 117,256,768,1.6951,0.0087,0.0070,1.6401,0.0156,0.0238,256,768,196608,393216,119877.0781,239754.1562,0.0000,0,0.0000,0.0000,0,0.0000,0,0.0000,0.0000,0,0.0000,0.0000,0,0,0,0,0,0,0,0,0,0,0,0,0,0,0,0,0,0,0,0,0,0,0,0,0
WG_METRICS 118,256,768,1.2234,0.0079,0.0068,1.1665,0.0235,0.0186,256,768,196608,393216,168542.3281,337084.6562,0.0000,0,0.0000,0.0000,0,0.0000,0,0.0000,0.0000,0,0.0000,0.0000,0,0,0,0,0,0,0,0,0,0,0,0,0,0,0,0,0,0,0,0,0,0,0,0,0
WG_METRICS 119,256,768,1.0109,0.0065,0.0054,0.9693,0.0142,0.0154,256,768,196608,393216,202839.2188,405678.4375,0.0000,0,0.0000,0.0000,0,0.0000,0,0.0000,0.0000,0,0.0000,0.0000,0,0,0,0,0,0,0,0,0,0,0,0,0,0,0,0,0,0,0,0,0,0,0,0,0
WG_METRICS 120,256,768,1.0300,0.0124,0.0023,0.9769,0.0229,0.0155,256,768,196608,393216,201252.9219,402505.8438,0.0000,0,0.0000,0.0000,0,0.0000,0,0.0000,0.0000,0,0.0000,0.0000,0,0,0,0,0,0,0,0,0,0,0,0,0,0,0,0,0,0,0,0,0,0,0,0,0
WG_METRICS 121,256,768,1.0297,0.0077,0.0068,0.9824,0.0166,0.0162,256,768,196608,393216,200122.1406,400244.2812,0.0000,0,0.0000,0.0000,0,0.0000,0,0.0000,0.0000,0,0.0000,0.0000,0,0,0,0,0,0,0,0,0,0,0,0,0,0,0,0,0,0,0,0,0,0,0,0,0
WG_METRICS 122,256,768,1.0292,0.0074,0.0068,0.9848,0.0143,0.0159,256,768,196608,393216,199634.4688,399268.9375,0.0000,0,0.0000,0.0000,0,0.0000,0,0.0000,0.0000,0,0.0000,0.0000,0,0,0,0,0,0,0,0,0,0,0,0,0,0,0,0,0,0,0,0,0,0,0,0,0
WG_METRICS 123,256,768,1.0215,0.0076,0.0067,0.9693,0.0224,0.0155,256,768,196608,393216,202830.8438,405661.6875,0.0000,0,0.0000,0.0000,0,0.0000,0,0.0000,0.0000,0,0.0000,0.0000,0,0,0,0,0,0,0,0,0,0,0,0,0,0,0,0,0,0,0,0,0,0,0,0,0
WG_METRICS 124,256,768,1.0575,0.0075,0.0068,1.0044,0.0228,0.0161,256,768,196608,393216,195754.5156,391509.0312,0.0000,0,0.0000,0.0000,0,0.0000,0,0.0000,0.0000,0,0.0000,0.0000,0,0,0,0,0,0,0,0,0,0,0,0,0,0,0,0,0,0,0,0,0,0,0,0,0
WG_METRICS 125,256,768,1.0729,0.0076,0.0067,1.0278,0.0143,0.0165,256,768,196608,393216,191290.1406,382580.2812,0.0000,0,0.0000,0.0000,0,0.0000,0,0.0000,0.0000,0,0.0000,0.0000,0,0,0,0,0,0,0,0,0,0,0,0,0,0,0,0,0,0,0,0,0,0,0,0,0
WG_METRICS 126,256,768,1.0603,0.0075,0.0068,1.0157,0.0144,0.0159,256,768,196608,393216,193565.1562,387130.3125,0.0000,0,0.0000,0.0000,0,0.0000,0,0.0000,0.0000,0,0.0000,0.0000,0,0,0,0,0,0,0,0,0,0,0,0,0,0,0,0,0,0,0,0,0,0,0,0,0
WG_METRICS 127,256,768,1.0252,0.0074,0.0069,0.9785,0.0165,0.0159,256,768,196608,393216,200923.8438,401847.6875,0.0000,0,0.0000,0.0000,0,0.0000,0,0.0000,0.0000,0,0.0000,0.0000,0,0,0,0,0,0,0,0,0,0,0,0,0,0,0,0,0,0,0,0,0,0,0,0,0
WG_METRICS 128,256,768,1.0226,0.0074,0.0069,0.9703,0.0225,0.0156,256,768,196608,393216,202630.1719,405260.3438,0.0000,0,0.0000,0.0000,0,0.0000,0,0.0000,0.0000,0,0.0000,0.0000,0,0,0,0,0,0,0,0,0,0,0,0,0,0,0,0,0,0,0,0,0,0,0,0,0
WG_METRICS 129,256,768,1.0256,0.0074,0.0069,0.9793,0.0164,0.0156,256,768,196608,393216,200767.9062,401535.8125,0.0000,0,0.0000,0.0000,0,0.0000,0,0.0000,0.0000,0,0.0000,0.0000,0,0,0,0,0,0,0,0,0,0,0,0,0,0,0,0,0,0,0,0,0,0,0,0,0
WG_METRICS 130,256,768,1.0242,0.0075,0.0070,0.9777,0.0164,0.0156,256,768,196608,393216,201088.2344,402176.4688,0.0000,0,0.0000,0.0000,0,0.0000,0,0.0000,0.0000,0,0.0000,0.0000,0,0,0,0,0,0,0,0,0,0,0,0,0,0,0,0,0,0,0,0,0,0,0,0,0
WG_METRICS 131,256,768,1.1192,0.0076,0.0068,1.0723,0.0147,0.0178,256,768,196608,393216,183355.0781,366710.1562,0.0000,0,0.0000,0.0000,0,0.0000,0,0.0000,0.0000,0,0.0000,0.0000,0,0,0,0,0,0,0,0,0,0,0,0,0,0,0,0,0,0,0,0,0,0,0,0,0
WG_METRICS 132,256,768,1.2897,0.0078,0.0070,1.2319,0.0234,0.0197,256,768,196608,393216,159599.9688,319199.9375,0.0000,0,0.0000,0.0000,0,0.0000,0,0.0000,0.0000,0,0.0000,0.0000,0,0,0,0,0,0,0,0,0,0,0,0,0,0,0,0,0,0,0,0,0,0,0,0,0
WG_METRICS 133,256,768,1.3535,0.0080,0.0069,1.2949,0.0236,0.0201,256,768,196608,393216,151834.9219,303669.8438,0.0000,0,0.0000,0.0000,0,0.0000,0,0.0000,0.0000,0,0.0000,0.0000,0,0,0,0,0,0,0,0,0,0,0,0,0,0,0,0,0,0,0,0,0,0,0,0,0
WG_METRICS 134,256,768,1.2997,0.0078,0.0069,1.2420,0.0235,0.0195,256,768,196608,393216,158294.4062,316588.8125,0.0000,0,0.0000,0.0000,0,0.0000,0,0.0000,0.0000,0,0.0000,0.0000,0,0,0,0,0,0,0,0,0,0,0,0,0,0,0,0,0,0,0,0,0,0,0,0,0
WG_METRICS 135,256,768,1.1760,0.0077,0.0068,1.1203,0.0232,0.0180,256,768,196608,393216,175498.9844,350997.9688,0.0000,0,0.0000,0.0000,0,0.0000,0,0.0000,0.0000,0,0.0000,0.0000,0,0,0,0,0,0,0,0,0,0,0,0,0,0,0,0,0,0,0,0,0,0,0,0,0
WG_METRICS 136,256,768,1.1123,0.0076,0.0068,1.0713,0.0097,0.0169,256,768,196608,393216,183519.3906,367038.7812,0.0000,0,0.0000,0.0000,0,0.0000,0,0.0000,0.0000,0,0.0000,0.0000,0,0,0,0,0,0,0,0,0,0,0,0,0,0,0,0,0,0,0,0,0,0,0,0,0
WG_METRICS 137,256,768,1.0297,0.0076,0.0067,0.9834,0.0165,0.0154,256,768,196608,393216,199918.6562,399837.3125,0.0000,0,0.0000,0.0000,0,0.0000,0,0.0000,0.0000,0,0.0000,0.0000,0,0,0,0,0,0,0,0,0,0,0,0,0,0,0,0,0,0,0,0,0,0,0,0,0
WG_METRICS 138,256,768,1.0246,0.0074,0.0068,0.9785,0.0164,0.0155,256,768,196608,393216,200932.0625,401864.1250,0.0000,0,0.0000,0.0000,0,0.0000,0,0.0000,0.0000,0,0.0000,0.0000,0,0,0,0,0,0,0,0,0,0,0,0,0,0,0,0,0,0,0,0,0,0,0,0,0
WG_METRICS 139,256,768,1.0342,0.0074,0.0068,0.9816,0.0230,0.0154,256,768,196608,393216,200293.4062,400586.8125,0.0000,0,0.0000,0.0000,0,0.0000,0,0.0000,0.0000,0,0.0000,0.0000,0,0,0,0,0,0,0,0,0,0,0,0,0,0,0,0,0,0,0,0,0,0,0,0,0
WG_METRICS 140,256,768,1.0442,0.0074,0.0068,0.9906,0.0230,0.0164,256,768,196608,393216,198465.6406,396931.2812,0.0000,0,0.0000,0.0000,0,0.0000,0,0.0000,0.0000,0,0.0000,0.0000,0,0,0,0,0,0,0,0,0,0,0,0,0,0,0,0,0,0,0,0,0,0,0,0,0
WG_METRICS 141,256,768,1.0211,0.0075,0.0068,0.9679,0.0230,0.0160,256,768,196608,393216,203124.2188,406248.4375,0.0000,0,0.0000,0.0000,0,0.0000,0,0.0000,0.0000,0,0.0000,0.0000,0,0,0,0,0,0,0,0,0,0,0,0,0,0,0,0,0,0,0,0,0,0,0,0,0
WG_METRICS 142,256,768,1.0553,0.0075,0.0068,1.0084,0.0164,0.0162,256,768,196608,393216,194962.5156,389925.0312,0.0000,0,0.0000,0.0000,0,0.0000,0,0.0000,0.0000,0,0.0000,0.0000,0,0,0,0,0,0,0,0,0,0,0,0,0,0,0,0,0,0,0,0,0,0,0,0,0
WG_METRICS 143,256,768,1.1064,0.0076,0.0068,1.0526,0.0230,0.0165,256,768,196608,393216,186790.3125,373580.6250,0.0000,0,0.0000,0.0000,0,0.0000,0,0.0000,0.0000,0,0.0000,0.0000,0,0,0,0,0,0,0,0,0,0,0,0,0,0,0,0,0,0,0,0,0,0,0,0,0
WG_METRICS 144,256,768,1.0994,0.0078,0.0068,1.0527,0.0150,0.0171,256,768,196608,393216,186761.9219,373523.8438,0.0000,0,0.0000,0.0000,0,0.0000,0,0.0000,0.0000,0,0.0000,0.0000,0,0,0,0,0,0,0,0,0,0,0,0,0,0,0,0,0,0,0,0,0,0,0,0,0
WG_METRICS 145,256,768,1.0602,0.0075,0.0067,1.0072,0.0231,0.0157,256,768,196608,393216,195210.2969,390420.5938,0.0000,0,0.0000,0.0000,0,0.0000,0,0.0000,0.0000,0,0.0000,0.0000,0,0,0,0,0,0,0,0,0,0,0,0,0,0,0,0,0,0,0,0,0,0,0,0,0
WG_METRICS 146,256,768,1.0162,0.0074,0.0068,0.9640,0.0227,0.0152,256,768,196608,393216,203950.2031,407900.4062,0.0000,0,0.0000,0.0000,0,0.0000,0,0.0000,0.0000,0,0.0000,0.0000,0,0,0,0,0,0,0,0,0,0,0,0,0,0,0,0,0,0,0,0,0,0,0,0,0
WG_METRICS 147,256,768,1.0164,0.0074,0.0066,0.9641,0.0228,0.0154,256,768,196608,393216,203933.2812,407866.5625,0.0000,0,0.0000,0.0000,0,0.0000,0,0.0000,0.0000,0,0.0000,0.0000,0,0,0,0,0,0,0,0,0,0,0,0,0,0,0,0,0,0,0,0,0,0,0,0,0
WG_METRICS 148,256,768,1.0209,0.0073,0.0068,0.9765,0.0144,0.0160,256,768,196608,393216,201343.5938,402687.1875,0.0000,0,0.0000,0.0000,0,0.0000,0,0.0000,0.0000,0,0.0000,0.0000,0,0,0,0,0,0,0,0,0,0,0,0,0,0,0,0,0,0,0,0,0,0,0,0,0
WG_METRICS 149,256,768,1.0627,0.0076,0.0068,1.0095,0.0228,0.0160,256,768,196608,393216,194761.6562,389523.3125,0.0000,0,0.0000,0.0000,0,0.0000,0,0.0000,0.0000,0,0.0000,0.0000,0,0,0,0,0,0,0,0,0,0,0,0,0,0,0,0,0,0,0,0,0,0,0,0,0
WG_METRICS 150,256,768,1.0508,0.0074,0.0069,1.0019,0.0185,0.0160,256,768,196608,393216,196239.0625,392478.1250,0.0000,0,0.0000,0.0000,0,0.0000,0,0.0000,0.0000,0,0.0000,0.0000,0,0,0,0,0,0,0,0,0,0,0,0,0,0,0,0,0,0,0,0,0,0,0,0,0
WG_METRICS 151,256,768,1.0370,0.0074,0.0068,0.9845,0.0227,0.0156,256,768,196608,393216,199707.4531,399414.9062,0.0000,0,0.0000,0.0000,0,0.0000,0,0.0000,0.0000,0,0.0000,0.0000,0,0,0,0,0,0,0,0,0,0,0,0,0,0,0,0,0,0,0,0,0,0,0,0,0
WG_METRICS 152,256,768,1.0167,0.0074,0.0068,0.9729,0.0142,0.0154,256,768,196608,393216,202080.3281,404160.6562,0.0000,0,0.0000,0.0000,0,0.0000,0,0.0000,0.0000,0,0.0000,0.0000,0,0,0,0,0,0,0,0,0,0,0,0,0,0,0,0,0,0,0,0,0,0,0,0,0
WG_METRICS 153,256,768,1.5252,0.0084,0.0069,1.4616,0.0240,0.0243,256,768,196608,393216,134511.9219,269023.8438,0.0000,0,0.0000,0.0000,0,0.0000,0,0.0000,0.0000,0,0.0000,0.0000,0,0,0,0,0,0,0,0,0,0,0,0,0,0,0,0,0,0,0,0,0,0,0,0,0
WG_METRICS 154,256,768,1.7679,0.0088,0.0070,1.6878,0.0381,0.0262,256,768,196608,393216,116487.7344,232975.4688,0.0000,0,0.0000,0.0000,0,0.0000,0,0.0000,0.0000,0,0.0000,0.0000,0,0,0,0,0,0,0,0,0,0,0,0,0,0,0,0,0,0,0,0,0,0,0,0,0
WG_METRICS 155,256,768,1.5998,0.0083,0.0070,1.5372,0.0240,0.0233,256,768,196608,393216,127903.4062,255806.8125,0.0000,0,0.0000,0.0000,0,0.0000,0,0.0000,0.0000,0,0.0000,0.0000,0,0,0,0,0,0,0,0,0,0,0,0,0,0,0,0,0,0,0,0,0,0,0,0,0
WG_METRICS 156,256,768,1.3908,0.0081,0.0068,1.3310,0.0237,0.0211,256,768,196608,393216,147710.0625,295420.1250,0.0000,0,0.0000,0.0000,0,0.0000,0,0.0000,0.0000,0,0.0000,0.0000,0,0,0,0,0,0,0,0,0,0,0,0,0,0,0,0,0,0,0,0,0,0,0,0,0
WG_METRICS 157,256,768,1.3571,0.0079,0.0070,1.3077,0.0146,0.0199,256,768,196608,393216,150348.7031,300697.4062,0.0000,0,0.0000,0.0000,0,0.0000,0,0.0000,0.0000,0,0.0000,0.0000,0,0,0,0,0,0,0,0,0,0,0,0,0,0,0,0,0,0,0,0,0,0,0,0,0
WG_METRICS 158,256,768,1.1371,0.0076,0.0070,1.0823,0.0231,0.0172,256,768,196608,393216,181660.9375,363321.8750,0.0000,0,0.0000,0.0000,0,0.0000,0,0.0000,0.0000,0,0.0000,0.0000,0,0,0,0,0,0,0,0,0,0,0,0,0,0,0,0,0,0,0,0,0,0,0,0,0
WG_METRICS 159,256,768,1.0378,0.0100,0.0067,0.9829,0.0227,0.0154,256,768,196608,393216,200032.5625,400065.1250,0.0000,0,0.0000,0.0000,0,0.0000,0,0.0000,0.0000,0,0.0000,0.0000,0,0,0,0,0,0,0,0,0,0,0,0,0,0,0,0,0,0,0,0,0,0,0,0,0
WG_METRICS 160,256,768,1.0184,0.0076,0.0068,0.9658,0.0228,0.0154,256,768,196608,393216,203578.5312,407157.0625,0.0000,0,0.0000,0.0000,0,0.0000,0,0.0000,0.0000,0,0.0000,0.0000,0,0,0,0,0,0,0,0,0,0,0,0,0,0,0,0,0,0,0,0,0,0,0,0,0
WG_METRICS 161,256,768,1.0136,0.0074,0.0068,0.9696,0.0142,0.0155,256,768,196608,393216,202772.2656,405544.5312,0.0000,0,0.0000,0.0000,0,0.0000,0,0.0000,0.0000,0,0.0000,0.0000,0,0,0,0,0,0,0,0,0,0,0,0,0,0,0,0,0,0,0,0,0,0,0,0,0
WG_METRICS 162,256,768,1.0173,0.0074,0.0068,0.9771,0.0102,0.0158,256,768,196608,393216,201219.9688,402439.9375,0.0000,0,0.0000,0.0000,0,0.0000,0,0.0000,0.0000,0,0.0000,0.0000,0,0,0,0,0,0,0,0,0,0,0,0,0,0,0,0,0,0,0,0,0,0,0,0,0
WG_METRICS 163,256,768,1.0225,0.0076,0.0068,0.9832,0.0088,0.0160,256,768,196608,393216,199975.5781,399951.1562,0.0000,0,0.0000,0.0000,0,0.0000,0,0.0000,0.0000,0,0.0000,0.0000,0,0,0,0,0,0,0,0,0,0,0,0,0,0,0,0,0,0,0,0,0,0,0,0,0
WG_METRICS 164,256,768,1.0664,0.0075,0.0069,1.0191,0.0165,0.0164,256,768,196608,393216,192926.9531,385853.9062,0.0000,0,0.0000,0.0000,0,0.0000,0,0.0000,0.0000,0,0.0000,0.0000,0,0,0,0,0,0,0,0,0,0,0,0,0,0,0,0,0,0,0,0,0,0,0,0,0
WG_METRICS 165,256,768,1.2664,0.0077,0.0069,1.2162,0.0167,0.0190,256,768,196608,393216,161662.9375,323325.8750,0.0000,0,0.0000,0.0000,0,0.0000,0,0.0000,0.0000,0,0.0000,0.0000,0,0,0,0,0,0,0,0,0,0,0,0,0,0,0,0,0,0,0,0,0,0,0,0,0
WG_METRICS 166,256,768,1.3641,0.0080,0.0069,1.3130,0.0151,0.0212,256,768,196608,393216,149739.5312,299479.0625,0.0000,0,0.0000,0.0000,0,0.0000,0,0.0000,0.0000,0,0.0000,0.0000,0,0,0,0,0,0,0,0,0,0,0,0,0,0,0,0,0,0,0,0,0,0,0,0,0
WG_METRICS 167,256,768,1.5674,0.0082,0.0070,1.5060,0.0239,0.0223,256,768,196608,393216,130546.3359,261092.6719,0.0000,0,0.0000,0.0000,0,0.0000,0,0.0000,0.0000,0,0.0000,0.0000,0,0,0,0,0,0,0,0,0,0,0,0,0,0,0,0,0,0,0,0,0,0,0,0,0
WG_METRICS 168,256,768,1.4447,0.0080,0.0069,1.3850,0.0238,0.0209,256,768,196608,393216,141951.1250,283902.2500,0.0000,0,0.0000,0.0000,0,0.0000,0,0.0000,0.0000,0,0.0000,0.0000,0,0,0,0,0,0,0,0,0,0,0,0,0,0,0,0,0,0,0,0,0,0,0,0,0
WG_METRICS 169,256,768,1.2811,0.0079,0.0068,1.2239,0.0234,0.0192,256,768,196608,393216,160637.9531,321275.9062,0.0000,0,0.0000,0.0000,0,0.0000,0,0.0000,0.0000,0,0.0000,0.0000,0,0,0,0,0,0,0,0,0,0,0,0,0,0,0,0,0,0,0,0,0,0,0,0,0
WG_METRICS 170,256,768,1.0836,0.0075,0.0068,1.0327,0.0200,0.0165,256,768,196608,393216,190378.8125,380757.6250,0.0000,0,0.0000,0.0000,0,0.0000,0,0.0000,0.0000,0,0.0000,0.0000,0,0,0,0,0,0,0,0,0,0,0,0,0,0,0,0,0,0,0,0,0,0,0,0,0
WG_METRICS 171,256,768,1.0278,0.0074,0.0068,0.9837,0.0143,0.0155,256,768,196608,393216,199861.7500,399723.5000,0.0000,0,0.0000,0.0000,0,0.0000,0,0.0000,0.0000,0,0.0000,0.0000,0,0,0,0,0,0,0,0,0,0,0,0,0,0,0,0,0,0,0,0,0,0,0,0,0
WG_METRICS 172,256,768,1.0676,0.0075,0.0068,1.0136,0.0234,0.0163,256,768,196608,393216,193962.3438,387924.6875,0.0000,0,0.0000,0.0000,0,0.0000,0,0.0000,0.0000,0,0.0000,0.0000,0,0,0,0,0,0,0,0,0,0,0,0,0,0,0,0,0,0,0,0,0,0,0,0,0
WG_METRICS 173,256,768,1.0274,0.0075,0.0068,0.9745,0.0228,0.0158,256,768,196608,393216,201748.5469,403497.0938,0.0000,0,0.0000,0.0000,0,0.0000,0,0.0000,0.0000,0,0.0000,0.0000,0,0,0,0,0,0,0,0,0,0,0,0,0,0,0,0,0,0,0,0,0,0,0,0,0
WG_METRICS 174,256,768,1.1134,0.0075,0.0067,1.0594,0.0231,0.0166,256,768,196608,393216,185577.2812,371154.5625,0.0000,0,0.0000,0.0000,0,0.0000,0,0.0000,0.0000,0,0.0000,0.0000,0,0,0,0,0,0,0,0,0,0,0,0,0,0,0,0,0,0,0,0,0,0,0,0,0
WG_METRICS 175,256,768,1.1520,0.0076,0.0069,1.0969,0.0230,0.0176,256,768,196608,393216,179242.9531,358485.9062,0.0000,0,0.0000,0.0000,0,0.0000,0,0.0000,0.0000,0,0.0000,0.0000,0,0,0,0,0,0,0,0,0,0,0,0,0,0,0,0,0,0,0,0,0,0,0,0,0
WG_METRICS 176,256,768,1.1456,0.0076,0.0069,1.0905,0.0234,0.0172,256,768,196608,393216,180288.2969,360576.5938,0.0000,0,0.0000,0.0000,0,0.0000,0,0.0000,0.0000,0,0.0000,0.0000,0,0,0,0,0,0,0,0,0,0,0,0,0,0,0,0,0,0,0,0,0,0,0,0,0
WG_METRICS 177,256,768,1.0960,0.0075,0.0068,1.0420,0.0231,0.0166,256,768,196608,393216,188690.5469,377381.0938,0.0000,0,0.0000,0.0000,0,0.0000,0,0.0000,0.0000,0,0.0000,0.0000,0,0,0,0,0,0,0,0,0,0,0,0,0,0,0,0,0,0,0,0,0,0,0,0,0
WG_METRICS 178,256,768,1.0130,0.0074,0.0068,0.9690,0.0140,0.0156,256,768,196608,393216,202889.4688,405778.9375,0.0000,0,0.0000,0.0000,0,0.0000,0,0.0000,0.0000,0,0.0000,0.0000,0,0,0,0,0,0,0,0,0,0,0,0,0,0,0,0,0,0,0,0,0,0,0,0,0
WG_METRICS 179,256,768,1.0378,0.0075,0.0069,0.9854,0.0226,0.0155,256,768,196608,393216,199521.0000,399042.0000,0.0000,0,0.0000,0.0000,0,0.0000,0,0.0000,0.0000,0,0.0000,0.0000,0,0,0,0,0,0,0,0,0,0,0,0,0,0,0,0,0,0,0,0,0,0,0,0,0
WG_METRICS 180,256,768,1.0262,0.0074,0.0068,0.9739,0.0226,0.0154,256,768,196608,393216,201872.8438,403745.6875,0.0000,0,0.0000,0.0000,0,0.0000,0,0.0000,0.0000,0,0.0000,0.0000,0,0,0,0,0,0,0,0,0,0,0,0,0,0,0,0,0,0,0,0,0,0,0,0,0
WG_METRICS 181,256,768,1.0240,0.0078,0.0068,0.9706,0.0226,0.0161,256,768,196608,393216,202555.0156,405110.0312,0.0000,0,0.0000,0.0000,0,0.0000,0,0.0000,0.0000,0,0.0000,0.0000,0,0,0,0,0,0,0,0,0,0,0,0,0,0,0,0,0,0,0,0,0,0,0,0,0
WG_METRICS 182,256,768,1.0260,0.0074,0.0068,0.9825,0.0139,0.0154,256,768,196608,393216,200105.8594,400211.7188,0.0000,0,0.0000,0.0000,0,0.0000,0,0.0000,0.0000,0,0.0000,0.0000,0,0,0,0,0,0,0,0,0,0,0,0,0,0,0,0,0,0,0,0,0,0,0,0,0
WG_METRICS 183,256,768,1.0249,0.0075,0.0068,0.9721,0.0228,0.0157,256,768,196608,393216,202246.6406,404493.2812,0.0000,0,0.0000,0.0000,0,0.0000,0,0.0000,0.0000,0,0.0000,0.0000,0,0,0,0,0,0,0,0,0,0,0,0,0,0,0,0,0,0,0,0,0,0,0,0,0
WG_METRICS 184,256,768,1.0244,0.0074,0.0068,0.9718,0.0225,0.0158,256,768,196608,393216,202304.9062,404609.8125,0.0000,0,0.0000,0.0000,0,0.0000,0,0.0000,0.0000,0,0.0000,0.0000,0,0,0,0,0,0,0,0,0,0,0,0,0,0,0,0,0,0,0,0,0,0,0,0,0
WG_METRICS 185,256,768,1.0299,0.0074,0.0069,0.9774,0.0227,0.0154,256,768,196608,393216,201145.8438,402291.6875,0.0000,0,0.0000,0.0000,0,0.0000,0,0.0000,0.0000,0,0.0000,0.0000,0,0,0,0,0,0,0,0,0,0,0,0,0,0,0,0,0,0,0,0,0,0,0,0,0
WG_METRICS 186,256,768,1.0327,0.0074,0.0068,0.9936,0.0093,0.0155,256,768,196608,393216,197866.4219,395732.8438,0.0000,0,0.0000,0.0000,0,0.0000,0,0.0000,0.0000,0,0.0000,0.0000,0,0,0,0,0,0,0,0,0,0,0,0,0,0,0,0,0,0,0,0,0,0,0,0,0
WG_METRICS 187,256,768,1.0348,0.0074,0.0068,0.9882,0.0164,0.0160,256,768,196608,393216,198955.6719,397911.3438,0.0000,0,0.0000,0.0000,0,0.0000,0,0.0000,0.0000,0,0.0000,0.0000,0,0,0,0,0,0,0,0,0,0,0,0,0,0,0,0,0,0,0,0,0,0,0,0,0
WG_METRICS 188,256,768,1.0298,0.0075,0.0068,0.9767,0.0228,0.0160,256,768,196608,393216,201294.1250,402588.2500,0.0000,0,0.0000,0.0000,0,0.0000,0,0.0000,0.0000,0,0.0000,0.0000,0,0,0,0,0,0,0,0,0,0,0,0,0,0,0,0,0,0,0,0,0,0,0,0,0
WG_METRICS 189,256,768,1.0261,0.0075,0.0068,0.9738,0.0226,0.0154,256,768,196608,393216,201897.7188,403795.4375,0.0000,0,0.0000,0.0000,0,0.0000,0,0.0000,0.0000,0,0.0000,0.0000,0,0,0,0,0,0,0,0,0,0,0,0,0,0,0,0,0,0,0,0,0,0,0,0,0
WG_METRICS 190,256,768,1.0270,0.0074,0.0069,0.9743,0.0227,0.0157,256,768,196608,393216,201798.2500,403596.5000,0.0000,0,0.0000,0.0000,0,0.0000,0,0.0000,0.0000,0,0.0000,0.0000,0,0,0,0,0,0,0,0,0,0,0,0,0,0,0,0,0,0,0,0,0,0,0,0,0
WG_METRICS 191,256,768,1.0314,0.0074,0.0069,0.9789,0.0228,0.0154,256,768,196608,393216,200849.9531,401699.9062,0.0000,0,0.0000,0.0000,0,0.0000,0,0.0000,0.0000,0,0.0000,0.0000,0,0,0,0,0,0,0,0,0,0,0,0,0,0,0,0,0,0,0,0,0,0,0,0,0
WG_METRICS 192,256,768,1.0235,0.0075,0.0069,0.9709,0.0228,0.0154,256,768,196608,393216,202496.5938,404993.1875,0.0000,0,0.0000,0.0000,0,0.0000,0,0.0000,0.0000,0,0.0000,0.0000,0,0,0,0,0,0,0,0,0,0,0,0,0,0,0,0,0,0,0,0,0,0,0,0,0
WG_METRICS 193,256,768,1.0384,0.0077,0.0066,0.9849,0.0230,0.0162,256,768,196608,393216,199626.3594,399252.7188,0.0000,0,0.0000,0.0000,0,0.0000,0,0.0000,0.0000,0,0.0000,0.0000,0,0,0,0,0,0,0,0,0,0,0,0,0,0,0,0,0,0,0,0,0,0,0,0,0
WG_METRICS 194,256,768,1.0303,0.0074,0.0068,0.9772,0.0229,0.0160,256,768,196608,393216,201187.0156,402374.0312,0.0000,0,0.0000,0.0000,0,0.0000,0,0.0000,0.0000,0,0.0000,0.0000,0,0,0,0,0,0,0,0,0,0,0,0,0,0,0,0,0,0,0,0,0,0,0,0,0
WG_METRICS 195,256,768,1.0341,0.0074,0.0066,0.9815,0.0227,0.0159,256,768,196608,393216,200309.7188,400619.4375,0.0000,0,0.0000,0.0000,0,0.0000,0,0.0000,0.0000,0,0.0000,0.0000,0,0,0,0,0,0,0,0,0,0,0,0,0,0,0,0,0,0,0,0,0,0,0,0,0
WG_METRICS 196,256,768,1.0204,0.0074,0.0068,0.9678,0.0228,0.0155,256,768,196608,393216,203141.0156,406282.0312,0.0000,0,0.0000,0.0000,0,0.0000,0,0.0000,0.0000,0,0.0000,0.0000,0,0,0,0,0,0,0,0,0,0,0,0,0,0,0,0,0,0,0,0,0,0,0,0,0
WG_METRICS 197,256,768,1.0344,0.0074,0.0068,0.9820,0.0228,0.0154,256,768,196608,393216,200219.9688,400439.9375,0.0000,0,0.0000,0.0000,0,0.0000,0,0.0000,0.0000,0,0.0000,0.0000,0,0,0,0,0,0,0,0,0,0,0,0,0,0,0,0,0,0,0,0,0,0,0,0,0
WG_METRICS 198,256,768,1.0230,0.0074,0.0068,0.9700,0.0228,0.0160,256,768,196608,393216,202688.6562,405377.3125,0.0000,0,0.0000,0.0000,0,0.0000,0,0.0000,0.0000,0,0.0000,0.0000,0,0,0,0,0,0,0,0,0,0,0,0,0,0,0,0,0,0,0,0,0,0,0,0,0
WG_METRICS 199,256,768,1.0126,0.0075,0.0068,0.9691,0.0139,0.0154,256,768,196608,393216,202872.7031,405745.4062,0.0000,0,0.0000,0.0000,0,0.0000,0,0.0000,0.0000,0,0.0000,0.0000,0,0,0,0,0,0,0,0,0,0,0,0,0,0,0,0,0,0,0,0,0,0,0,0,0
WG_METRICS 200,256,768,1.4145,0.0078,0.0069,1.3532,0.0241,0.0225,256,768,196608,393216,145286.8594,290573.7188,0.0000,0,0.0000,0.0000,0,0.0000,0,0.0000,0.0000,0,0.0000,0.0000,0,0,0,0,0,0,0,0,0,0,0,0,0,0,0,0,0,0,0,0,0,0,0,0,0
WG_METRICS 201,256,768,1.7770,0.0085,0.0070,1.6879,0.0474,0.0262,256,768,196608,393216,116482.2109,232964.4219,0.0000,0,0.0000,0.0000,0,0.0000,0,0.0000,0.0000,0,0.0000,0.0000,0,0,0,0,0,0,0,0,0,0,0,0,0,0,0,0,0,0,0,0,0,0,0,0,0
WG_METRICS 202,256,768,1.6248,0.0122,0.0047,1.5674,0.0161,0.0243,256,768,196608,393216,125432.5469,250865.0938,0.0000,0,0.0000,0.0000,0,0.0000,0,0.0000,0.0000,0,0.0000,0.0000,0,0,0,0,0,0,0,0,0,0,0,0,0,0,0,0,0,0,0,0,0,0,0,0,0
WG_METRICS 203,256,768,1.3387,0.0081,0.0069,1.2799,0.0238,0.0200,256,768,196608,393216,153614.3906,307228.7812,0.0000,0,0.0000,0.0000,0,0.0000,0,0.0000,0.0000,0,0.0000,0.0000,0,0,0,0,0,0,0,0,0,0,0,0,0,0,0,0,0,0,0,0,0,0,0,0,0
WG_METRICS 204,256,768,1.1010,0.0076,0.0069,1.0596,0.0098,0.0171,256,768,196608,393216,185549.2656,371098.5312,0.0000,0,0.0000,0.0000,0,0.0000,0,0.0000,0.0000,0,0.0000,0.0000,0,0,0,0,0,0,0,0,0,0,0,0,0,0,0,0,0,0,0,0,0,0,0,0,0
WG_METRICS 205,256,768,1.0211,0.0074,0.0068,0.9795,0.0120,0.0154,256,768,196608,393216,200726.9062,401453.8125,0.0000,0,0.0000,0.0000,0,0.0000,0,0.0000,0.0000,0,0.0000,0.0000,0,0,0,0,0,0,0,0,0,0,0,0,0,0,0,0,0,0,0,0,0,0,0,0,0
WG_METRICS 206,256,768,1.2322,0.0098,0.0070,0.9766,0.2234,0.0154,256,768,196608,393216,201327.1094,402654.2188,0.0000,0,0.0000,0.0000,0,0.0000,0,0.0000,0.0000,0,0.0000,0.0000,0,0,0,0,0,0,0,0,0,0,0,0,0,0,0,0,0,0,0,0,0,0,0,0,0
WG_METRICS 207,256,768,1.0279,0.0074,0.0066,0.9755,0.0227,0.0157,256,768,196608,393216,201550.0000,403100.0000,0.0000,0,0.0000,0.0000,0,0.0000,0,0.0000,0.0000,0,0.0000,0.0000,0,0,0,0,0,0,0,0,0,0,0,0,0,0,0,0,0,0,0,0,0,0,0,0,0
WG_METRICS 208,256,768,1.0267,0.0077,0.0069,0.9734,0.0226,0.0160,256,768,196608,393216,201972.3906,403944.7812,0.0000,0,0.0000,0.0000,0,0.0000,0,0.0000,0.0000,0,0.0000,0.0000,0,0,0,0,0,0,0,0,0,0,0,0,0,0,0,0,0,0,0,0,0,0,0,0,0
WG_METRICS 209,256,768,1.0445,0.0076,0.0068,0.9982,0.0165,0.0154,256,768,196608,393216,196970.4219,393940.8438,0.0000,0,0.0000,0.0000,0,0.0000,0,0.0000,0.0000,0,0.0000,0.0000,0,0,0,0,0,0,0,0,0,0,0,0,0,0,0,0,0,0,0,0,0,0,0,0,0
WG_METRICS 210,256,768,1.0175,0.0074,0.0068,0.9708,0.0165,0.0160,256,768,196608,393216,202529.9844,405059.9688,0.0000,0,0.0000,0.0000,0,0.0000,0,0.0000,0.0000,0,0.0000,0.0000,0,0,0,0,0,0,0,0,0,0,0,0,0,0,0,0,0,0,0,0,0,0,0,0,0
WG_METRICS 211,256,768,1.0192,0.0074,0.0068,0.9745,0.0142,0.0162,256,768,196608,393216,201748.5469,403497.0938,0.0000,0,0.0000,0.0000,0,0.0000,0,0.0000,0.0000,0,0.0000,0.0000,0,0,0,0,0,0,0,0,0,0,0,0,0,0,0,0,0,0,0,0,0,0,0,0,0
WG_METRICS 212,256,768,1.0148,0.0074,0.0068,0.9687,0.0164,0.0154,256,768,196608,393216,202956.4688,405912.9375,0.0000,0,0.0000,0.0000,0,0.0000,0,0.0000,0.0000,0,0.0000,0.0000,0,0,0,0,0,0,0,0,0,0,0,0,0,0,0,0,0,0,0,0,0,0,0,0,0
WG_METRICS 213,256,768,1.0624,0.0077,0.0066,1.0172,0.0143,0.0166,256,768,196608,393216,193291.1094,386582.2188,0.0000,0,0.0000,0.0000,0,0.0000,0,0.0000,0.0000,0,0.0000,0.0000,0,0,0,0,0,0,0,0,0,0,0,0,0,0,0,0,0,0,0,0,0,0,0,0,0
WG_METRICS 214,256,768,1.0463,0.0074,0.0068,0.9997,0.0164,0.0160,256,768,196608,393216,196670.9375,393341.8750,0.0000,0,0.0000,0.0000,0,0.0000,0,0.0000,0.0000,0,0.0000,0.0000,0,0,0,0,0,0,0,0,0,0,0,0,0,0,0,0,0,0,0,0,0,0,0,0,0
WG_METRICS 215,256,768,1.0303,0.0074,0.0068,0.9862,0.0144,0.0154,256,768,196608,393216,199351.0625,398702.1250,0.0000,0,0.0000,0.0000,0,0.0000,0,0.0000,0.0000,0,0.0000,0.0000,0,0,0,0,0,0,0,0,0,0,0,0,0,0,0,0,0,0,0,0,0,0,0,0,0
WG_METRICS 216,256,768,1.0276,0.0074,0.0068,0.9816,0.0164,0.0154,256,768,196608,393216,200301.5625,400603.1250,0.0000,0,0.0000,0.0000,0,0.0000,0,0.0000,0.0000,0,0.0000,0.0000,0,0,0,0,0,0,0,0,0,0,0,0,0,0,0,0,0,0,0,0,0,0,0,0,0
WG_METRICS 217,256,768,1.0258,0.0075,0.0068,0.9797,0.0164,0.0154,256,768,196608,393216,200677.7500,401355.5000,0.0000,0,0.0000,0.0000,0,0.0000,0,0.0000,0.0000,0,0.0000,0.0000,0,0,0,0,0,0,0,0,0,0,0,0,0,0,0,0,0,0,0,0,0,0,0,0,0
WG_METRICS 218,256,768,1.0224,0.0074,0.0068,0.9780,0.0143,0.0159,256,768,196608,393216,201038.9062,402077.8125,0.0000,0,0.0000,0.0000,0,0.0000,0,0.0000,0.0000,0,0.0000,0.0000,0,0,0,0,0,0,0,0,0,0,0,0,0,0,0,0,0,0,0,0,0,0,0,0,0
WG_METRICS 219,256,768,1.0302,0.0075,0.0068,0.9835,0.0169,0.0155,256,768,196608,393216,199910.5312,399821.0625,0.0000,0,0.0000,0.0000,0,0.0000,0,0.0000,0.0000,0,0.0000,0.0000,0,0,0,0,0,0,0,0,0,0,0,0,0,0,0,0,0,0,0,0,0,0,0,0,0
WG_METRICS 220,256,768,1.0768,0.0075,0.0067,1.0243,0.0225,0.0158,256,768,196608,393216,191947.5156,383895.0312,0.0000,0,0.0000,0.0000,0,0.0000,0,0.0000,0.0000,0,0.0000,0.0000,0,0,0,0,0,0,0,0,0,0,0,0,0,0,0,0,0,0,0,0,0,0,0,0,0
WG_METRICS 221,256,768,1.2537,0.0078,0.0069,1.1951,0.0234,0.0206,256,768,196608,393216,164514.5000,329029.0000,0.0000,0,0.0000,0.0000,0,0.0000,0,0.0000,0.0000,0,0.0000,0.0000,0,0,0,0,0,0,0,0,0,0,0,0,0,0,0,0,0,0,0,0,0,0,0,0,0
WG_METRICS 222,256,768,3.3311,0.0081,0.0069,1.5095,0.0533,1.7533,256,768,196608,393216,130248.8281,260497.6562,0.0000,0,0.0000,0.0000,0,0.0000,0,0.0000,0.0000,0,0.0000,0.0000,0,0,0,0,0,0,0,0,0,0,0,0,0,0,0,0,0,0,0,0,0,0,0,0,0
WG_METRICS 223,256,768,1.7693,0.0087,0.0070,1.7001,0.0248,0.0287,256,768,196608,393216,115646.3203,231292.6406,0.0000,0,0.0000,0.0000,0,0.0000,0,0.0000,0.0000,0,0.0000,0.0000,0,0,0,0,0,0,0,0,0,0,0,0,0,0,0,0,0,0,0,0,0,0,0,0,0
WG_METRICS 224,256,768,1.7374,0.0084,0.0070,1.6031,0.0455,0.0734,256,768,196608,393216,122640.8516,245281.7031,0.0000,0,0.0000,0.0000,0,0.0000,0,0.0000,0.0000,0,0.0000,0.0000,0,0,0,0,0,0,0,0,0,0,0,0,0,0,0,0,0,0,0,0,0,0,0,0,0
WG_METRICS 225,256,768,1.3851,0.0079,0.0070,1.3261,0.0238,0.0202,256,768,196608,393216,148258.0781,296516.1562,0.0000,0,0.0000,0.0000,0,0.0000,0,0.0000,0.0000,0,0.0000,0.0000,0,0,0,0,0,0,0,0,0,0,0,0,0,0,0,0,0,0,0,0,0,0,0,0,0
WG_METRICS 226,256,768,1.1452,0.0074,0.0068,1.0988,0.0140,0.0182,256,768,196608,393216,178936.2500,357872.5000,0.0000,0,0.0000,0.0000,0,0.0000,0,0.0000,0.0000,0,0.0000,0.0000,0,0,0,0,0,0,0,0,0,0,0,0,0,0,0,0,0,0,0,0,0,0,0,0,0
WG_METRICS 227,256,768,1.0381,0.0076,0.0068,0.9931,0.0145,0.0161,256,768,196608,393216,197970.0312,395940.0625,0.0000,0,0.0000,0.0000,0,0.0000,0,0.0000,0.0000,0,0.0000,0.0000,0,0,0,0,0,0,0,0,0,0,0,0,0,0,0,0,0,0,0,0,0,0,0,0,0
WG_METRICS 228,256,768,1.0241,0.0074,0.0069,0.9776,0.0164,0.0158,256,768,196608,393216,201112.9375,402225.8750,0.0000,0,0.0000,0.0000,0,0.0000,0,0.0000,0.0000,0,0.0000,0.0000,0,0,0,0,0,0,0,0,0,0,0,0,0,0,0,0,0,0,0,0,0,0,0,0,0
WG_METRICS 229,256,768,1.0292,0.0074,0.0069,0.9887,0.0076,0.0186,256,768,196608,393216,198859.0781,397718.1562,0.0000,0,0.0000,0.0000,0,0.0000,0,0.0000,0.0000,0,0.0000,0.0000,0,0,0,0,0,0,0,0,0,0,0,0,0,0,0,0,0,0,0,0,0,0,0,0,0
WG_METRICS 230,256,768,1.0184,0.0075,0.0068,0.9722,0.0165,0.0154,256,768,196608,393216,202238.3125,404476.6250,0.0000,0,0.0000,0.0000,0,0.0000,0,0.0000,0.0000,0,0.0000,0.0000,0,0,0,0,0,0,0,0,0,0,0,0,0,0,0,0,0,0,0,0,0,0,0,0,0
WG_METRICS 231,256,768,1.0115,0.0074,0.0069,0.9653,0.0164,0.0156,256,768,196608,393216,203679.7656,407359.5312,0.0000,0,0.0000,0.0000,0,0.0000,0,0.0000,0.0000,0,0.0000,0.0000,0,0,0,0,0,0,0,0,0,0,0,0,0,0,0,0,0,0,0,0,0,0,0,0,0
WG_METRICS 232,256,768,1.0203,0.0074,0.0068,0.9740,0.0163,0.0157,256,768,196608,393216,201847.9844,403695.9688,0.0000,0,0.0000,0.0000,0,0.0000,0,0.0000,0.0000,0,0.0000,0.0000,0,0,0,0,0,0,0,0,0,0,0,0,0,0,0,0,0,0,0,0,0,0,0,0,0
WG_METRICS 233,256,768,1.0118,0.0074,0.0068,0.9724,0.0098,0.0155,256,768,196608,393216,202188.3906,404376.7812,0.0000,0,0.0000,0.0000,0,0.0000,0,0.0000,0.0000,0,0.0000,0.0000,0,0,0,0,0,0,0,0,0,0,0,0,0,0,0,0,0,0,0,0,0,0,0,0,0
WG_METRICS 234,256,768,1.0301,0.0075,0.0068,0.9834,0.0165,0.0159,256,768,196608,393216,199934.9219,399869.8438,0.0000,0,0.0000,0.0000,0,0.0000,0,0.0000,0.0000,0,0.0000,0.0000,0,0,0,0,0,0,0,0,0,0,0,0,0,0,0,0,0,0,0,0,0,0,0,0,0
WG_METRICS 235,256,768,1.0322,0.0075,0.0068,0.9858,0.0166,0.0155,256,768,196608,393216,199440.0469,398880.0938,0.0000,0,0.0000,0.0000,0,0.0000,0,0.0000,0.0000,0,0.0000,0.0000,0,0,0,0,0,0,0,0,0,0,0,0,0,0,0,0,0,0,0,0,0,0,0,0,0
WG_METRICS 236,256,768,1.0097,0.0074,0.0068,0.9697,0.0096,0.0161,256,768,196608,393216,202755.5469,405511.0938,0.0000,0,0.0000,0.0000,0,0.0000,0,0.0000,0.0000,0,0.0000,0.0000,0,0,0,0,0,0,0,0,0,0,0,0,0,0,0,0,0,0,0,0,0,0,0,0,0
WG_METRICS 237,256,768,1.0198,0.0075,0.0068,0.9805,0.0093,0.0157,256,768,196608,393216,200514.0156,401028.0312,0.0000,0,0.0000,0.0000,0,0.0000,0,0.0000,0.0000,0,0.0000,0.0000,0,0,0,0,0,0,0,0,0,0,0,0,0,0,0,0,0,0,0,0,0,0,0,0,0
WG_METRICS 238,256,768,1.0801,0.0075,0.0069,1.0379,0.0121,0.0158,256,768,196608,393216,189432.3125,378864.6250,0.0000,0,0.0000,0.0000,0,0.0000,0,0.0000,0.0000,0,0.0000,0.0000,0,0,0,0,0,0,0,0,0,0,0,0,0,0,0,0,0,0,0,0,0,0,0,0,0
WG_METRICS 239,256,768,1.0250,0.0076,0.0068,0.9802,0.0144,0.0159,256,768,196608,393216,200571.2969,401142.5938,0.0000,0,0.0000,0.0000,0,0.0000,0,0.0000,0.0000,0,0.0000,0.0000,0,0,0,0,0,0,0,0,0,0,0,0,0,0,0,0,0,0,0,0,0,0,0,0,0
WG_METRICS 240,256,768,1.0280,0.0074,0.0068,0.9755,0.0228,0.0155,256,768,196608,393216,201541.7344,403083.4688,0.0000,0,0.0000,0.0000,0,0.0000,0,0.0000,0.0000,0,0.0000,0.0000,0,0,0,0,0,0,0,0,0,0,0,0,0,0,0,0,0,0,0,0,0,0,0,0,0
WG_METRICS 241,256,768,1.0196,0.0074,0.0068,0.9702,0.0165,0.0186,256,768,196608,393216,202638.5156,405277.0312,0.0000,0,0.0000,0.0000,0,0.0000,0,0.0000,0.0000,0,0.0000,0.0000,0,0,0,0,0,0,0,0,0,0,0,0,0,0,0,0,0,0,0,0,0,0,0,0,0
WG_METRICS 242,256,768,1.0359,0.0074,0.0068,0.9835,0.0223,0.0159,256,768,196608,393216,199902.3906,399804.7812,0.0000,0,0.0000,0.0000,0,0.0000,0,0.0000,0.0000,0,0.0000,0.0000,0,0,0,0,0,0,0,0,0,0,0,0,0,0,0,0,0,0,0,0,0,0,0,0,0
WG_METRICS 243,256,768,1.0527,0.0075,0.0068,0.9838,0.0390,0.0157,256,768,196608,393216,199853.6250,399707.2500,0.0000,0,0.0000,0.0000,0,0.0000,0,0.0000,0.0000,0,0.0000,0.0000,0,0,0,0,0,0,0,0,0,0,0,0,0,0,0,0,0,0,0,0,0,0,0,0,0
WG_METRICS 244,256,768,1.0299,0.0075,0.0069,0.9771,0.0228,0.0156,256,768,196608,393216,201211.7344,402423.4688,0.0000,0,0.0000,0.0000,0,0.0000,0,0.0000,0.0000,0,0.0000,0.0000,0,0,0,0,0,0,0,0,0,0,0,0,0,0,0,0,0,0,0,0,0,0,0,0,0
WG_METRICS 245,256,768,1.0359,0.0074,0.0069,0.9834,0.0226,0.0156,256,768,196608,393216,199918.6562,399837.3125,0.0000,0,0.0000,0.0000,0,0.0000,0,0.0000,0.0000,0,0.0000,0.0000,0,0,0,0,0,0,0,0,0,0,0,0,0,0,0,0,0,0,0,0,0,0,0,0,0
WG_METRICS 246,256,768,1.0201,0.0075,0.0066,0.9670,0.0227,0.0164,256,768,196608,393216,203325.8906,406651.7812,0.0000,0,0.0000,0.0000,0,0.0000,0,0.0000,0.0000,0,0.0000,0.0000,0,0,0,0,0,0,0,0,0,0,0,0,0,0,0,0,0,0,0,0,0,0,0,0,0
WG_METRICS 247,256,768,1.0488,0.0075,0.0068,0.9939,0.0228,0.0178,256,768,196608,393216,197818.6562,395637.3125,0.0000,0,0.0000,0.0000,0,0.0000,0,0.0000,0.0000,0,0.0000,0.0000,0,0,0,0,0,0,0,0,0,0,0,0,0,0,0,0,0,0,0,0,0,0,0,0,0
WG_METRICS 248,256,768,1.0996,0.0075,0.0068,1.0458,0.0228,0.0166,256,768,196608,393216,187997.7031,375995.4062,0.0000,0,0.0000,0.0000,0,0.0000,0,0.0000,0.0000,0,0.0000,0.0000,0,0,0,0,0,0,0,0,0,0,0,0,0,0,0,0,0,0,0,0,0,0,0,0,0
WG_METRICS 249,256,768,1.0521,0.0075,0.0069,1.0077,0.0144,0.0156,256,768,196608,393216,195109.5469,390219.0938,0.0000,0,0.0000,0.0000,0,0.0000,0,0.0000,0.0000,0,0.0000,0.0000,0,0,0,0,0,0,0,0,0,0,0,0,0,0,0,0,0,0,0,0,0,0,0,0,0
WG_METRICS 250,256,768,1.0391,0.0075,0.0077,0.9856,0.0226,0.0157,256,768,196608,393216,199488.6094,398977.2188,0.0000,0,0.0000,0.0000,0,0.0000,0,0.0000,0.0000,0,0.0000,0.0000,0,0,0,0,0,0,0,0,0,0,0,0,0,0,0,0,0,0,0,0,0,0,0,0,0
WG_METRICS 251,256,768,1.0148,0.0077,0.0066,0.9702,0.0144,0.0158,256,768,196608,393216,202646.8750,405293.7500,0.0000,0,0.0000,0.0000,0,0.0000,0,0.0000,0.0000,0,0.0000,0.0000,0,0,0,0,0,0,0,0,0,0,0,0,0,0,0,0,0,0,0,0,0,0,0,0,0
WG_METRICS 252,256,768,1.0202,0.0075,0.0068,0.9760,0.0144,0.0156,256,768,196608,393216,201442.6250,402885.2500,0.0000,0,0.0000,0.0000,0,0.0000,0,0.0000,0.0000,0,0.0000,0.0000,0,0,0,0,0,0,0,0,0,0,0,0,0,0,0,0,0,0,0,0,0,0,0,0,0
WG_METRICS 253,256,768,1.0337,0.0074,0.0068,0.9814,0.0226,0.0154,256,768,196608,393216,200326.0469,400652.0938,0.0000,0,0.0000,0.0000,0,0.0000,0,0.0000,0.0000,0,0.0000,0.0000,0,0,0,0,0,0,0,0,0,0,0,0,0,0,0,0,0,0,0,0,0,0,0,0,0
WG_METRICS 254,256,768,1.0246,0.0074,0.0068,0.9713,0.0230,0.0160,256,768,196608,393216,202413.2188,404826.4375,0.0000,0,0.0000,0.0000,0,0.0000,0,0.0000,0.0000,0,0.0000,0.0000,0,0,0,0,0,0,0,0,0,0,0,0,0,0,0,0,0,0,0,0,0,0,0,0,0
WG_METRICS 255,256,768,1.0317,0.0074,0.0069,0.9785,0.0226,0.0164,256,768,196608,393216,200932.0625,401864.1250,0.0000,0,0.0000,0.0000,0,0.0000,0,0.0000,0.0000,0,0.0000,0.0000,0,0,0,0,0,0,0,0,0,0,0,0,0,0,0,0,0,0,0,0,0,0,0,0,0
WG_METRICS 256,256,768,1.0230,0.0076,0.0067,0.9788,0.0143,0.0157,256,768,196608,393216,200874.5781,401749.1562,0.0000,0,0.0000,0.0000,0,0.0000,0,0.0000,0.0000,0,0.0000,0.0000,0,0,0,0,0,0,0,0,0,0,0,0,0,0,0,0,0,0,0,0,0,0,0,0,0
WG_METRICS 257,256,768,1.0347,0.0074,0.0068,0.9821,0.0229,0.0154,256,768,196608,393216,200187.3594,400374.7188,0.0000,0,0.0000,0.0000,0,0.0000,0,0.0000,0.0000,0,0.0000,0.0000,0,0,0,0,0,0,0,0,0,0,0,0,0,0,0,0,0,0,0,0,0,0,0,0,0
WG_METRICS 258,256,768,1.0310,0.0075,0.0068,0.9780,0.0230,0.0158,256,768,196608,393216,201030.6719,402061.3438,0.0000,0,0.0000,0.0000,0,0.0000,0,0.0000,0.0000,0,0.0000,0.0000,0,0,0,0,0,0,0,0,0,0,0,0,0,0,0,0,0,0,0,0,0,0,0,0,0
WG_METRICS 259,256,768,1.0303,0.0074,0.0068,0.9775,0.0229,0.0156,256,768,196608,393216,201137.6250,402275.2500,0.0000,0,0.0000,0.0000,0,0.0000,0,0.0000,0.0000,0,0.0000,0.0000,0,0,0,0,0,0,0,0,0,0,0,0,0,0,0,0,0,0,0,0,0,0,0,0,0
WG_METRICS 260,256,768,1.0312,0.0074,0.0067,0.9782,0.0232,0.0157,256,768,196608,393216,200981.3594,401962.7188,0.0000,0,0.0000,0.0000,0,0.0000,0,0.0000,0.0000,0,0.0000,0.0000,0,0,0,0,0,0,0,0,0,0,0,0,0,0,0,0,0,0,0,0,0,0,0,0,0
WG_METRICS 261,256,768,1.0128,0.0074,0.0068,0.9733,0.0097,0.0155,256,768,196608,393216,201997.2812,403994.5625,0.0000,0,0.0000,0.0000,0,0.0000,0,0.0000,0.0000,0,0.0000,0.0000,0,0,0,0,0,0,0,0,0,0,0,0,0,0,0,0,0,0,0,0,0,0,0,0,0
WG_METRICS 262,256,768,1.0221,0.0074,0.0068,0.9687,0.0226,0.0166,256,768,196608,393216,202964.8594,405929.7188,0.0000,0,0.0000,0.0000,0,0.0000,0,0.0000,0.0000,0,0.0000,0.0000,0,0,0,0,0,0,0,0,0,0,0,0,0,0,0,0,0,0,0,0,0,0,0,0,0
WG_METRICS 263,256,768,1.0583,0.0075,0.0067,1.0139,0.0142,0.0160,256,768,196608,393216,193916.4375,387832.8750,0.0000,0,0.0000,0.0000,0,0.0000,0,0.0000,0.0000,0,0.0000,0.0000,0,0,0,0,0,0,0,0,0,0,0,0,0,0,0,0,0,0,0,0,0,0,0,0,0
WG_METRICS 264,256,768,1.0424,0.0076,0.0068,0.9966,0.0144,0.0170,256,768,196608,393216,197270.8281,394541.6562,0.0000,0,0.0000,0.0000,0,0.0000,0,0.0000,0.0000,0,0.0000,0.0000,0,0,0,0,0,0,0,0,0,0,0,0,0,0,0,0,0,0,0,0,0,0,0,0,0
WG_METRICS 265,256,768,1.0262,0.0074,0.0068,0.9735,0.0230,0.0154,256,768,196608,393216,201964.0938,403928.1875,0.0000,0,0.0000,0.0000,0,0.0000,0,0.0000,0.0000,0,0.0000,0.0000,0,0,0,0,0,0,0,0,0,0,0,0,0,0,0,0,0,0,0,0,0,0,0,0,0
WG_METRICS 266,256,768,1.0223,0.0074,0.0068,0.9694,0.0230,0.0156,256,768,196608,393216,202805.7500,405611.5000,0.0000,0,0.0000,0.0000,0,0.0000,0,0.0000,0.0000,0,0.0000,0.0000,0,0,0,0,0,0,0,0,0,0,0,0,0,0,0,0,0,0,0,0,0,0,0,0,0
WG_METRICS 267,256,768,1.0248,0.0074,0.0069,0.9724,0.0226,0.0154,256,768,196608,393216,202180.0781,404360.1562,0.0000,0,0.0000,0.0000,0,0.0000,0,0.0000,0.0000,0,0.0000,0.0000,0,0,0,0,0,0,0,0,0,0,0,0,0,0,0,0,0,0,0,0,0,0,0,0,0
WG_METRICS 268,256,768,1.0333,0.0074,0.0068,0.9805,0.0228,0.0158,256,768,196608,393216,200514.0156,401028.0312,0.0000,0,0.0000,0.0000,0,0.0000,0,0.0000,0.0000,0,0.0000,0.0000,0,0,0,0,0,0,0,0,0,0,0,0,0,0,0,0,0,0,0,0,0,0,0,0,0
WG_METRICS 269,256,768,1.0365,0.0075,0.0068,0.9839,0.0228,0.0154,256,768,196608,393216,199829.2500,399658.5000,0.0000,0,0.0000,0.0000,0,0.0000,0,0.0000,0.0000,0,0.0000,0.0000,0,0,0,0,0,0,0,0,0,0,0,0,0,0,0,0,0,0,0,0,0,0,0,0,0
WG_METRICS 270,256,768,1.0432,0.0074,0.0069,0.9902,0.0226,0.0160,256,768,196608,393216,198545.8125,397091.6250,0.0000,0,0.0000,0.0000,0,0.0000,0,0.0000,0.0000,0,0.0000,0.0000,0,0,0,0,0,0,0,0,0,0,0,0,0,0,0,0,0,0,0,0,0,0,0,0,0
WG_METRICS 271,256,768,1.0241,0.0074,0.0069,0.9789,0.0148,0.0161,256,768,196608,393216,200841.7500,401683.5000,0.0000,0,0.0000,0.0000,0,0.0000,0,0.0000,0.0000,0,0.0000,0.0000,0,0,0,0,0,0,0,0,0,0,0,0,0,0,0,0,0,0,0,0,0,0,0,0,0
WG_METRICS 272,256,768,1.0546,0.0122,0.0025,1.0018,0.0227,0.0154,256,768,196608,393216,196246.9062,392493.8125,0.0000,0,0.0000,0.0000,0,0.0000,0,0.0000,0.0000,0,0.0000,0.0000,0,0,0,0,0,0,0,0,0,0,0,0,0,0,0,0,0,0,0,0,0,0,0,0,0
WG_METRICS 273,256,768,1.0166,0.0075,0.0068,0.9699,0.0166,0.0157,256,768,196608,393216,202705.3750,405410.7500,0.0000,0,0.0000,0.0000,0,0.0000,0,0.0000,0.0000,0,0.0000,0.0000,0,0,0,0,0,0,0,0,0,0,0,0,0,0,0,0,0,0,0,0,0,0,0,0,0
WG_METRICS 274,256,768,1.0473,0.0074,0.0069,0.9946,0.0227,0.0157,256,768,196608,393216,197683.3906,395366.7812,0.0000,0,0.0000,0.0000,0,0.0000,0,0.0000,0.0000,0,0.0000,0.0000,0,0,0,0,0,0,0,0,0,0,0,0,0,0,0,0,0,0,0,0,0,0,0,0,0
WG_METRICS 275,256,768,1.0246,0.0074,0.0069,0.9717,0.0230,0.0155,256,768,196608,393216,202338.2188,404676.4375,0.0000,0,0.0000,0.0000,0,0.0000,0,0.0000,0.0000,0,0.0000,0.0000,0,0,0,0,0,0,0,0,0,0,0,0,0,0,0,0,0,0,0,0,0,0,0,0,0
WG_METRICS 276,256,768,1.0406,0.0075,0.0068,0.9880,0.0228,0.0156,256,768,196608,393216,199004.0156,398008.0312,0.0000,0,0.0000,0.0000,0,0.0000,0,0.0000,0.0000,0,0.0000,0.0000,0,0,0,0,0,0,0,0,0,0,0,0,0,0,0,0,0,0,0,0,0,0,0,0,0
WG_METRICS 277,256,768,1.0195,0.0075,0.0068,0.9668,0.0230,0.0154,256,768,196608,393216,203367.9531,406735.9062,0.0000,0,0.0000,0.0000,0,0.0000,0,0.0000,0.0000,0,0.0000,0.0000,0,0,0,0,0,0,0,0,0,0,0,0,0,0,0,0,0,0,0,0,0,0,0,0,0
WG_METRICS 278,256,768,1.0249,0.0074,0.0068,0.9718,0.0232,0.0156,256,768,196608,393216,202321.5625,404643.1250,0.0000,0,0.0000,0.0000,0,0.0000,0,0.0000,0.0000,0,0.0000,0.0000,0,0,0,0,0,0,0,0,0,0,0,0,0,0,0,0,0,0,0,0,0,0,0,0,0
WG_METRICS 279,256,768,1.0084,0.0074,0.0068,0.9648,0.0141,0.0154,256,768,196608,393216,203789.5469,407579.0938,0.0000,0,0.0000,0.0000,0,0.0000,0,0.0000,0.0000,0,0.0000,0.0000,0,0,0,0,0,0,0,0,0,0,0,0,0,0,0,0,0,0,0,0,0,0,0,0,0
WG_METRICS 280,256,768,1.0088,0.0074,0.0068,0.9638,0.0141,0.0167,256,768,196608,393216,204001.0000,408002.0000,0.0000,0,0.0000,0.0000,0,0.0000,0,0.0000,0.0000,0,0.0000,0.0000,0,0,0,0,0,0,0,0,0,0,0,0,0,0,0,0,0,0,0,0,0,0,0,0,0
WG_METRICS 281,256,768,1.0405,0.0075,0.0068,0.9879,0.0226,0.0158,256,768,196608,393216,199020.1250,398040.2500,0.0000,0,0.0000,0.0000,0,0.0000,0,0.0000,0.0000,0,0.0000,0.0000,0,0,0,0,0,0,0,0,0,0,0,0,0,0,0,0,0,0,0,0,0,0,0,0,0
WG_METRICS 282,256,768,1.0298,0.0077,0.0067,0.9768,0.0228,0.0159,256,768,196608,393216,201285.8750,402571.7500,0.0000,0,0.0000,0.0000,0,0.0000,0,0.0000,0.0000,0,0.0000,0.0000,0,0,0,0,0,0,0,0,0,0,0,0,0,0,0,0,0,0,0,0,0,0,0,0,0
WG_METRICS 283,256,768,1.0612,0.0074,0.0068,0.9917,0.0396,0.0156,256,768,196608,393216,198257.5000,396515.0000,0.0000,0,0.0000,0.0000,0,0.0000,0,0.0000,0.0000,0,0.0000,0.0000,0,0,0,0,0,0,0,0,0,0,0,0,0,0,0,0,0,0,0,0,0,0,0,0,0
WG_METRICS 284,256,768,1.0258,0.0074,0.0068,0.9733,0.0226,0.0156,256,768,196608,393216,201997.2812,403994.5625,0.0000,0,0.0000,0.0000,0,0.0000,0,0.0000,0.0000,0,0.0000,0.0000,0,0,0,0,0,0,0,0,0,0,0,0,0,0,0,0,0,0,0,0,0,0,0,0,0
WG_METRICS 285,256,768,1.0398,0.0075,0.0069,0.9876,0.0224,0.0154,256,768,196608,393216,199076.5469,398153.0938,0.0000,0,0.0000,0.0000,0,0.0000,0,0.0000,0.0000,0,0.0000,0.0000,0,0,0,0,0,0,0,0,0,0,0,0,0,0,0,0,0,0,0,0,0,0,0,0,0
WG_METRICS 286,256,768,1.0314,0.0074,0.0068,0.9786,0.0228,0.0158,256,768,196608,393216,200915.6406,401831.2812,0.0000,0,0.0000,0.0000,0,0.0000,0,0.0000,0.0000,0,0.0000,0.0000,0,0,0,0,0,0,0,0,0,0,0,0,0,0,0,0,0,0,0,0,0,0,0,0,0
WG_METRICS 287,256,768,1.0432,0.0075,0.0067,0.9907,0.0227,0.0156,256,768,196608,393216,198457.6250,396915.2500,0.0000,0,0.0000,0.0000,0,0.0000,0,0.0000,0.0000,0,0.0000,0.0000,0,0,0,0,0,0,0,0,0,0,0,0,0,0,0,0,0,0,0,0,0,0,0,0,0
WG_METRICS 288,256,768,1.0377,0.0074,0.0068,0.9675,0.0403,0.0156,256,768,196608,393216,203208.2031,406416.4062,0.0000,0,0.0000,0.0000,0,0.0000,0,0.0000,0.0000,0,0.0000,0.0000,0,0,0,0,0,0,0,0,0,0,0,0,0,0,0,0,0,0,0,0,0,0,0,0,0
WG_METRICS 289,256,768,1.0200,0.0074,0.0066,0.9752,0.0142,0.0165,256,768,196608,393216,201599.6094,403199.2188,0.0000,0,0.0000,0.0000,0,0.0000,0,0.0000,0.0000,0,0.0000,0.0000,0,0,0,0,0,0,0,0,0,0,0,0,0,0,0,0,0,0,0,0,0,0,0,0,0
WG_METRICS 290,256,768,1.0280,0.0075,0.0067,0.9746,0.0234,0.0158,256,768,196608,393216,201740.2656,403480.5312,0.0000,0,0.0000,0.0000,0,0.0000,0,0.0000,0.0000,0,0.0000,0.0000,0,0,0,0,0,0,0,0,0,0,0,0,0,0,0,0,0,0,0,0,0,0,0,0,0
WG_METRICS 291,256,768,1.0254,0.0074,0.0068,0.9770,0.0183,0.0158,256,768,196608,393216,201228.2031,402456.4062,0.0000,0,0.0000,0.0000,0,0.0000,0,0.0000,0.0000,0,0.0000,0.0000,0,0,0,0,0,0,0,0,0,0,0,0,0,0,0,0,0,0,0,0,0,0,0,0,0
WG_METRICS 292,256,768,1.0298,0.0074,0.0068,0.9773,0.0228,0.0155,256,768,196608,393216,201178.7812,402357.5625,0.0000,0,0.0000,0.0000,0,0.0000,0,0.0000,0.0000,0,0.0000,0.0000,0,0,0,0,0,0,0,0,0,0,0,0,0,0,0,0,0,0,0,0,0,0,0,0,0
WG_METRICS 293,256,768,1.0249,0.0074,0.0068,0.9813,0.0137,0.0156,256,768,196608,393216,200350.5469,400701.0938,0.0000,0,0.0000,0.0000,0,0.0000,0,0.0000,0.0000,0,0.0000,0.0000,0,0,0,0,0,0,0,0,0,0,0,0,0,0,0,0,0,0,0,0,0,0,0,0,0
WG_METRICS 294,256,768,1.0458,0.0074,0.0069,0.9929,0.0228,0.0158,256,768,196608,393216,198017.8906,396035.7812,0.0000,0,0.0000,0.0000,0,0.0000,0,0.0000,0.0000,0,0.0000,0.0000,0,0,0,0,0,0,0,0,0,0,0,0,0,0,0,0,0,0,0,0,0,0,0,0,0
WG_METRICS 295,256,768,1.0294,0.0074,0.0068,0.9766,0.0230,0.0156,256,768,196608,393216,201327.1094,402654.2188,0.0000,0,0.0000,0.0000,0,0.0000,0,0.0000,0.0000,0,0.0000,0.0000,0,0,0,0,0,0,0,0,0,0,0,0,0,0,0,0,0,0,0,0,0,0,0,0,0
WG_METRICS 296,256,768,1.0410,0.0076,0.0068,0.9958,0.0146,0.0162,256,768,196608,393216,197445.1562,394890.3125,0.0000,0,0.0000,0.0000,0,0.0000,0,0.0000,0.0000,0,0.0000,0.0000,0,0,0,0,0,0,0,0,0,0,0,0,0,0,0,0,0,0,0,0,0,0,0,0,0
WG_METRICS 297,256,768,1.0424,0.0074,0.0068,0.9889,0.0231,0.0161,256,768,196608,393216,198810.8281,397621.6562,0.0000,0,0.0000,0.0000,0,0.0000,0,0.0000,0.0000,0,0.0000,0.0000,0,0,0,0,0,0,0,0,0,0,0,0,0,0,0,0,0,0,0,0,0,0,0,0,0
WG_METRICS 298,256,768,1.0482,0.0074,0.0068,1.0042,0.0142,0.0154,256,768,196608,393216,195777.8906,391555.7812,0.0000,0,0.0000,0.0000,0,0.0000,0,0.0000,0.0000,0,0.0000,0.0000,0,0,0,0,0,0,0,0,0,0,0,0,0,0,0,0,0,0,0,0,0,0,0,0,0
WG_METRICS 299,256,768,1.0278,0.0075,0.0068,0.9812,0.0164,0.0159,256,768,196608,393216,200375.0625,400750.1250,0.0000,0,0.0000,0.0000,0,0.0000,0,0.0000,0.0000,0,0.0000,0.0000,0,0,0,0,0,0,0,0,0,0,0,0,0,0,0,0,0,0,0,0,0,0,0,0,0
WG_METRICS 300,256,768,1.0297,0.0074,0.0068,0.9833,0.0166,0.0156,256,768,196608,393216,199951.1875,399902.3750,0.0000,0,0.0000,0.0000,0,0.0000,0,0.0000,0.0000,0,0.0000,0.0000,0,0,0,0,0,0,0,0,0,0,0,0,0,0,0,0,0,0,0,0,0,0,0,0,0
WG_METRICS 301,256,768,1.0359,0.0074,0.0068,0.9891,0.0164,0.0160,256,768,196608,393216,198770.6250,397541.2500,0.0000,0,0.0000,0.0000,0,0.0000,0,0.0000,0.0000,0,0.0000,0.0000,0,0,0,0,0,0,0,0,0,0,0,0,0,0,0,0,0,0,0,0,0,0,0,0,0
WG_METRICS 302,256,768,1.0229,0.0075,0.0068,0.9763,0.0164,0.0158,256,768,196608,393216,201376.5938,402753.1875,0.0000,0,0.0000,0.0000,0,0.0000,0,0.0000,0.0000,0,0.0000,0.0000,0,0,0,0,0,0,0,0,0,0,0,0,0,0,0,0,0,0,0,0,0,0,0,0,0
WG_METRICS 303,256,768,1.0398,0.0075,0.0067,0.9955,0.0144,0.0157,256,768,196608,393216,197492.7656,394985.5312,0.0000,0,0.0000,0.0000,0,0.0000,0,0.0000,0.0000,0,0.0000,0.0000,0,0,0,0,0,0,0,0,0,0,0,0,0,0,0,0,0,0,0,0,0,0,0,0,0
WG_METRICS 304,256,768,1.0336,0.0074,0.0068,0.9868,0.0170,0.0156,256,768,196608,393216,199237.9375,398475.8750,0.0000,0,0.0000,0.0000,0,0.0000,0,0.0000,0.0000,0,0.0000,0.0000,0,0,0,0,0,0,0,0,0,0,0,0,0,0,0,0,0,0,0,0,0,0,0,0,0
WG_METRICS 305,256,768,1.0207,0.0074,0.0068,0.9681,0.0226,0.0157,256,768,196608,393216,203082.2656,406164.5312,0.0000,0,0.0000,0.0000,0,0.0000,0,0.0000,0.0000,0,0.0000,0.0000,0,0,0,0,0,0,0,0,0,0,0,0,0,0,0,0,0,0,0,0,0,0,0,0,0
WG_METRICS 306,256,768,1.0167,0.0075,0.0068,0.9729,0.0140,0.0154,256,768,196608,393216,202088.6406,404177.2812,0.0000,0,0.0000,0.0000,0,0.0000,0,0.0000,0.0000,0,0.0000,0.0000,0,0,0,0,0,0,0,0,0,0,0,0,0,0,0,0,0,0,0,0,0,0,0,0,0
WG_METRICS 307,256,768,1.0366,0.0074,0.0068,0.9843,0.0225,0.0156,256,768,196608,393216,199739.9219,399479.8438,0.0000,0,0.0000,0.0000,0,0.0000,0,0.0000,0.0000,0,0.0000,0.0000,0,0,0,0,0,0,0,0,0,0,0,0,0,0,0,0,0,0,0,0,0,0,0,0,0
WG_METRICS 308,256,768,1.0490,0.0075,0.0066,0.9964,0.0225,0.0160,256,768,196608,393216,197318.3438,394636.6875,0.0000,0,0.0000,0.0000,0,0.0000,0,0.0000,0.0000,0,0.0000,0.0000,0,0,0,0,0,0,0,0,0,0,0,0,0,0,0,0,0,0,0,0,0,0,0,0,0
WG_METRICS 309,256,768,1.0718,0.0075,0.0068,1.0178,0.0232,0.0165,256,768,196608,393216,193177.1719,386354.3438,0.0000,0,0.0000,0.0000,0,0.0000,0,0.0000,0.0000,0,0.0000,0.0000,0,0,0,0,0,0,0,0,0,0,0,0,0,0,0,0,0,0,0,0,0,0,0,0,0
WG_METRICS 310,256,768,1.0506,0.0075,0.0068,0.9970,0.0230,0.0164,256,768,196608,393216,197191.6875,394383.3750,0.0000,0,0.0000,0.0000,0,0.0000,0,0.0000,0.0000,0,0.0000,0.0000,0,0,0,0,0,0,0,0,0,0,0,0,0,0,0,0,0,0,0,0,0,0,0,0,0
WG_METRICS 311,256,768,1.0311,0.0074,0.0069,0.9776,0.0230,0.0161,256,768,196608,393216,201104.7031,402209.4062,0.0000,0,0.0000,0.0000,0,0.0000,0,0.0000,0.0000,0,0.0000,0.0000,0,0,0,0,0,0,0,0,0,0,0,0,0,0,0,0,0,0,0,0,0,0,0,0,0
WG_METRICS 312,256,768,1.0402,0.0075,0.0068,0.9876,0.0228,0.0155,256,768,196608,393216,199084.6250,398169.2500,0.0000,0,0.0000,0.0000,0,0.0000,0,0.0000,0.0000,0,0.0000,0.0000,0,0,0,0,0,0,0,0,0,0,0,0,0,0,0,0,0,0,0,0,0,0,0,0,0
WG_METRICS 313,256,768,1.0149,0.0074,0.0069,0.9626,0.0226,0.0155,256,768,196608,393216,204255.3125,408510.6250,0.0000,0,0.0000,0.0000,0,0.0000,0,0.0000,0.0000,0,0.0000,0.0000,0,0,0,0,0,0,0,0,0,0,0,0,0,0,0,0,0,0,0,0,0,0,0,0,0
WG_METRICS 314,256,768,1.0278,0.0074,0.0068,0.9746,0.0227,0.0163,256,768,196608,393216,201731.9844,403463.9688,0.0000,0,0.0000,0.0000,0,0.0000,0,0.0000,0.0000,0,0.0000,0.0000,0,0,0,0,0,0,0,0,0,0,0,0,0,0,0,0,0,0,0,0,0,0,0,0,0
WG_METRICS 315,256,768,1.0443,0.0076,0.0067,0.9908,0.0232,0.0160,256,768,196608,393216,198433.5781,396867.1562,0.0000,0,0.0000,0.0000,0,0.0000,0,0.0000,0.0000,0,0.0000,0.0000,0,0,0,0,0,0,0,0,0,0,0,0,0,0,0,0,0,0,0,0,0,0,0,0,0
WG_METRICS 316,256,768,1.0200,0.0074,0.0068,0.9758,0.0141,0.0158,256,768,196608,393216,201492.1719,402984.3438,0.0000,0,0.0000,0.0000,0,0.0000,0,0.0000,0.0000,0,0.0000,0.0000,0,0,0,0,0,0,0,0,0,0,0,0,0,0,0,0,0,0,0,0,0,0,0,0,0
WG_METRICS 317,256,768,1.0262,0.0074,0.0069,0.9738,0.0225,0.0156,256,768,196608,393216,201897.7188,403795.4375,0.0000,0,0.0000,0.0000,0,0.0000,0,0.0000,0.0000,0,0.0000,0.0000,0,0,0,0,0,0,0,0,0,0,0,0,0,0,0,0,0,0,0,0,0,0,0,0,0
WG_METRICS 318,256,768,1.0373,0.0077,0.0070,0.9886,0.0185,0.0156,256,768,196608,393216,198875.1719,397750.3438,0.0000,0,0.0000,0.0000,0,0.0000,0,0.0000,0.0000,0,0.0000,0.0000,0,0,0,0,0,0,0,0,0,0,0,0,0,0,0,0,0,0,0,0,0,0,0,0,0
WG_METRICS 319,256,768,1.0408,0.0075,0.0068,0.9875,0.0232,0.0158,256,768,196608,393216,199092.6875,398185.3750,0.0000,0,0.0000,0.0000,0,0.0000,0,0.0000,0.0000,0,0.0000,0.0000,0,0,0,0,0,0,0,0,0,0,0,0,0,0,0,0,0,0,0,0,0,0,0,0,0
WG_METRICS 320,256,768,1.0153,0.0075,0.0068,0.9754,0.0102,0.0155,256,768,196608,393216,201574.8125,403149.6250,0.0000,0,0.0000,0.0000,0,0.0000,0,0.0000,0.0000,0,0.0000,0.0000,0,0,0,0,0,0,0,0,0,0,0,0,0,0,0,0,0,0,0,0,0,0,0,0,0
WG_METRICS 321,256,768,1.0280,0.0074,0.0067,0.9756,0.0227,0.0156,256,768,196608,393216,201516.9531,403033.9062,0.0000,0,0.0000,0.0000,0,0.0000,0,0.0000,0.0000,0,0.0000,0.0000,0,0,0,0,0,0,0,0,0,0,0,0,0,0,0,0,0,0,0,0,0,0,0,0,0
WG_METRICS 322,256,768,1.0396,0.0075,0.0068,0.9868,0.0230,0.0155,256,768,196608,393216,199229.8594,398459.7188,0.0000,0,0.0000,0.0000,0,0.0000,0,0.0000,0.0000,0,0.0000,0.0000,0,0,0,0,0,0,0,0,0,0,0,0,0,0,0,0,0,0,0,0,0,0,0,0,0
WG_METRICS 323,256,768,1.0433,0.0074,0.0068,0.9905,0.0226,0.0159,256,768,196608,393216,198489.6875,396979.3750,0.0000,0,0.0000,0.0000,0,0.0000,0,0.0000,0.0000,0,0.0000,0.0000,0,0,0,0,0,0,0,0,0,0,0,0,0,0,0,0,0,0,0,0,0,0,0,0,0
WG_METRICS 324,256,768,1.0317,0.0076,0.0068,0.9784,0.0230,0.0158,256,768,196608,393216,200940.2812,401880.5625,0.0000,0,0.0000,0.0000,0,0.0000,0,0.0000,0.0000,0,0.0000,0.0000,0,0,0,0,0,0,0,0,0,0,0,0,0,0,0,0,0,0,0,0,0,0,0,0,0
WG_METRICS 325,256,768,1.0257,0.0074,0.0068,0.9778,0.0182,0.0155,256,768,196608,393216,201071.7969,402143.5938,0.0000,0,0.0000,0.0000,0,0.0000,0,0.0000,0.0000,0,0.0000,0.0000,0,0,0,0,0,0,0,0,0,0,0,0,0,0,0,0,0,0,0,0,0,0,0,0,0
WG_METRICS 326,256,768,1.0220,0.0074,0.0068,0.9692,0.0226,0.0160,256,768,196608,393216,202864.3281,405728.6562,0.0000,0,0.0000,0.0000,0,0.0000,0,0.0000,0.0000,0,0.0000,0.0000,0,0,0,0,0,0,0,0,0,0,0,0,0,0,0,0,0,0,0,0,0,0,0,0,0
WG_METRICS 327,256,768,1.0192,0.0074,0.0068,0.9662,0.0230,0.0158,256,768,196608,393216,203494.2500,406988.5000,0.0000,0,0.0000,0.0000,0,0.0000,0,0.0000,0.0000,0,0.0000,0.0000,0,0,0,0,0,0,0,0,0,0,0,0,0,0,0,0,0,0,0,0,0,0,0,0,0
WG_METRICS 328,256,768,1.0274,0.0074,0.0068,0.9746,0.0229,0.0156,256,768,196608,393216,201723.7031,403447.4062,0.0000,0,0.0000,0.0000,0,0.0000,0,0.0000,0.0000,0,0.0000,0.0000,0,0,0,0,0,0,0,0,0,0,0,0,0,0,0,0,0,0,0,0,0,0,0,0,0
WG_METRICS 329,256,768,1.0326,0.0074,0.0068,0.9802,0.0226,0.0155,256,768,196608,393216,200571.2969,401142.5938,0.0000,0,0.0000,0.0000,0,0.0000,0,0.0000,0.0000,0,0.0000,0.0000,0,0,0,0,0,0,0,0,0,0,0,0,0,0,0,0,0,0,0,0,0,0,0,0,0
WG_METRICS 330,256,768,1.0309,0.0075,0.0068,0.9738,0.0274,0.0155,256,768,196608,393216,201889.4219,403778.8438,0.0000,0,0.0000,0.0000,0,0.0000,0,0.0000,0.0000,0,0.0000,0.0000,0,0,0,0,0,0,0,0,0,0,0,0,0,0,0,0,0,0,0,0,0,0,0,0,0
WG_METRICS 331,256,768,1.0472,0.0074,0.0069,0.9928,0.0231,0.0171,256,768,196608,393216,198041.8281,396083.6562,0.0000,0,0.0000,0.0000,0,0.0000,0,0.0000,0.0000,0,0.0000,0.0000,0,0,0,0,0,0,0,0,0,0,0,0,0,0,0,0,0,0,0,0,0,0,0,0,0
WG_METRICS 332,256,768,1.0390,0.0074,0.0068,0.9858,0.0229,0.0160,256,768,196608,393216,199431.9531,398863.9062,0.0000,0,0.0000,0.0000,0,0.0000,0,0.0000,0.0000,0,0.0000,0.0000,0,0,0,0,0,0,0,0,0,0,0,0,0,0,0,0,0,0,0,0,0,0,0,0,0
WG_METRICS 333,256,768,1.0340,0.0074,0.0068,0.9806,0.0233,0.0158,256,768,196608,393216,200489.4844,400978.9688,0.0000,0,0.0000,0.0000,0,0.0000,0,0.0000,0.0000,0,0.0000,0.0000,0,0,0,0,0,0,0,0,0,0,0,0,0,0,0,0,0,0,0,0,0,0,0,0,0
WG_METRICS 334,256,768,1.0805,0.0075,0.0067,1.0269,0.0229,0.0164,256,768,196608,393216,191454.0625,382908.1250,0.0000,0,0.0000,0.0000,0,0.0000,0,0.0000,0.0000,0,0.0000,0.0000,0,0,0,0,0,0,0,0,0,0,0,0,0,0,0,0,0,0,0,0,0,0,0,0,0
WG_METRICS 335,256,768,1.1146,0.0077,0.0069,1.0601,0.0228,0.0172,256,768,196608,393216,185458.2500,370916.5000,0.0000,0,0.0000,0.0000,0,0.0000,0,0.0000,0.0000,0,0.0000,0.0000,0,0,0,0,0,0,0,0,0,0,0,0,0,0,0,0,0,0,0,0,0,0,0,0,0
WG_METRICS 336,256,768,1.1306,0.0075,0.0069,1.0607,0.0379,0.0176,256,768,196608,393216,185360.3281,370720.6562,0.0000,0,0.0000,0.0000,0,0.0000,0,0.0000,0.0000,0,0.0000,0.0000,0,0,0,0,0,0,0,0,0,0,0,0,0,0,0,0,0,0,0,0,0,0,0,0,0
WG_METRICS 337,256,768,1.1069,0.0076,0.0068,1.0608,0.0149,0.0168,256,768,196608,393216,185339.3750,370678.7500,0.0000,0,0.0000,0.0000,0,0.0000,0,0.0000,0.0000,0,0.0000,0.0000,0,0,0,0,0,0,0,0,0,0,0,0,0,0,0,0,0,0,0,0,0,0,0,0,0
WG_METRICS 338,256,768,1.5732,0.0075,0.0069,1.0786,0.4634,0.0168,256,768,196608,393216,182287.5000,364575.0000,0.0000,0,0.0000,0.0000,0,0.0000,0,0.0000,0.0000,0,0.0000,0.0000,0,0,0,0,0,0,0,0,0,0,0,0,0,0,0,0,0,0,0,0,0,0,0,0,0
WG_METRICS 339,256,768,1.0307,0.0076,0.0067,0.9844,0.0166,0.0154,256,768,196608,393216,199715.5625,399431.1250,0.0000,0,0.0000,0.0000,0,0.0000,0,0.0000,0.0000,0,0.0000,0.0000,0,0,0,0,0,0,0,0,0,0,0,0,0,0,0,0,0,0,0,0,0,0,0,0,0
WG_METRICS 340,256,768,1.0118,0.0075,0.0068,0.9680,0.0140,0.0154,256,768,196608,393216,203099.0469,406198.0938,0.0000,0,0.0000,0.0000,0,0.0000,0,0.0000,0.0000,0,0.0000,0.0000,0,0,0,0,0,0,0,0,0,0,0,0,0,0,0,0,0,0,0,0,0,0,0,0,0
WG_METRICS 341,256,768,1.0440,0.0074,0.0068,0.9997,0.0142,0.0159,256,768,196608,393216,196670.9375,393341.8750,0.0000,0,0.0000,0.0000,0,0.0000,0,0.0000,0.0000,0,0.0000,0.0000,0,0,0,0,0,0,0,0,0,0,0,0,0,0,0,0,0,0,0,0,0,0,0,0,0
WG_METRICS 342,256,768,1.0246,0.0075,0.0069,0.9784,0.0164,0.0155,256,768,196608,393216,200948.4844,401896.9688,0.0000,0,0.0000,0.0000,0,0.0000,0,0.0000,0.0000,0,0.0000,0.0000,0,0,0,0,0,0,0,0,0,0,0,0,0,0,0,0,0,0,0,0,0,0,0,0,0
WG_METRICS 343,256,768,1.0126,0.0075,0.0067,0.9684,0.0146,0.0155,256,768,196608,393216,203031.9219,406063.8438,0.0000,0,0.0000,0.0000,0,0.0000,0,0.0000,0.0000,0,0.0000,0.0000,0,0,0,0,0,0,0,0,0,0,0,0,0,0,0,0,0,0,0,0,0,0,0,0,0
WG_METRICS 344,256,768,1.0078,0.0074,0.0066,0.9636,0.0143,0.0159,256,768,196608,393216,204043.3438,408086.6875,0.0000,0,0.0000,0.0000,0,0.0000,0,0.0000,0.0000,0,0.0000,0.0000,0,0,0,0,0,0,0,0,0,0,0,0,0,0,0,0,0,0,0,0,0,0,0,0,0
WG_METRICS 345,256,768,1.0128,0.0075,0.0068,0.9688,0.0142,0.0154,256,768,196608,393216,202939.7188,405879.4375,0.0000,0,0.0000,0.0000,0,0.0000,0,0.0000,0.0000,0,0.0000,0.0000,0,0,0,0,0,0,0,0,0,0,0,0,0,0,0,0,0,0,0,0,0,0,0,0,0
WG_METRICS 346,256,768,1.0353,0.0074,0.0068,0.9910,0.0145,0.0155,256,768,196608,393216,198385.5312,396771.0625,0.0000,0,0.0000,0.0000,0,0.0000,0,0.0000,0.0000,0,0.0000,0.0000,0,0,0,0,0,0,0,0,0,0,0,0,0,0,0,0,0,0,0,0,0,0,0,0,0
WG_METRICS 347,256,768,1.0331,0.0074,0.0066,0.9892,0.0143,0.0156,256,768,196608,393216,198762.5938,397525.1875,0.0000,0,0.0000,0.0000,0,0.0000,0,0.0000,0.0000,0,0.0000,0.0000,0,0,0,0,0,0,0,0,0,0,0,0,0,0,0,0,0,0,0,0,0,0,0,0,0
WG_METRICS 348,256,768,1.0330,0.0075,0.0069,0.9886,0.0141,0.0160,256,768,196608,393216,198883.2188,397766.4375,0.0000,0,0.0000,0.0000,0,0.0000,0,0.0000,0.0000,0,0.0000,0.0000,0,0,0,0,0,0,0,0,0,0,0,0,0,0,0,0,0,0,0,0,0,0,0,0,0
WG_METRICS 349,256,768,1.0082,0.0076,0.0068,0.9639,0.0140,0.0158,256,768,196608,393216,203975.5938,407951.1875,0.0000,0,0.0000,0.0000,0,0.0000,0,0.0000,0.0000,0,0.0000,0.0000,0,0,0,0,0,0,0,0,0,0,0,0,0,0,0,0,0,0,0,0,0,0,0,0,0
WG_METRICS 350,256,768,1.0379,0.0074,0.0068,0.9711,0.0370,0.0156,256,768,196608,393216,202454.8906,404909.7812,0.0000,0,0.0000,0.0000,0,0.0000,0,0.0000,0.0000,0,0.0000,0.0000,0,0,0,0,0,0,0,0,0,0,0,0,0,0,0,0,0,0,0,0,0,0,0,0,0
WG_METRICS 351,256,768,1.0152,0.0074,0.0068,0.9714,0.0140,0.0156,256,768,196608,393216,202404.8750,404809.7500,0.0000,0,0.0000,0.0000,0,0.0000,0,0.0000,0.0000,0,0.0000,0.0000,0,0,0,0,0,0,0,0,0,0,0,0,0,0,0,0,0,0,0,0,0,0,0,0,0
WG_METRICS 352,256,768,1.0180,0.0075,0.0068,0.9738,0.0139,0.0160,256,768,196608,393216,201906.0156,403812.0312,0.0000,0,0.0000,0.0000,0,0.0000,0,0.0000,0.0000,0,0.0000,0.0000,0,0,0,0,0,0,0,0,0,0,0,0,0,0,0,0,0,0,0,0,0,0,0,0,0
WG_METRICS 353,256,768,1.0395,0.0075,0.0068,0.9863,0.0233,0.0156,256,768,196608,393216,199342.9844,398685.9688,0.0000,0,0.0000,0.0000,0,0.0000,0,0.0000,0.0000,0,0.0000,0.0000,0,0,0,0,0,0,0,0,0,0,0,0,0,0,0,0,0,0,0,0,0,0,0,0,0
WG_METRICS 354,256,768,1.0307,0.0076,0.0068,0.9772,0.0225,0.0166,256,768,196608,393216,201187.0156,402374.0312,0.0000,0,0.0000,0.0000,0,0.0000,0,0.0000,0.0000,0,0.0000,0.0000,0,0,0,0,0,0,0,0,0,0,0,0,0,0,0,0,0,0,0,0,0,0,0,0,0
WG_METRICS 355,256,768,1.0381,0.0075,0.0068,0.9726,0.0357,0.0156,256,768,196608,393216,202146.8281,404293.6562,0.0000,0,0.0000,0.0000,0,0.0000,0,0.0000,0.0000,0,0.0000,0.0000,0,0,0,0,0,0,0,0,0,0,0,0,0,0,0,0,0,0,0,0,0,0,0,0,0
WG_METRICS 356,256,768,1.0325,0.0074,0.0069,0.9798,0.0230,0.0155,256,768,196608,393216,200661.3594,401322.7188,0.0000,0,0.0000,0.0000,0,0.0000,0,0.0000,0.0000,0,0.0000,0.0000,0,0,0,0,0,0,0,0,0,0,0,0,0,0,0,0,0,0,0,0,0,0,0,0,0
WG_METRICS 357,256,768,1.0375,0.0074,0.0067,0.9848,0.0229,0.0158,256,768,196608,393216,199650.6719,399301.3438,0.0000,0,0.0000,0.0000,0,0.0000,0,0.0000,0.0000,0,0.0000,0.0000,0,0,0,0,0,0,0,0,0,0,0,0,0,0,0,0,0,0,0,0,0,0,0,0,0
WG_METRICS 358,256,768,1.0191,0.0075,0.0066,0.9659,0.0232,0.0159,256,768,196608,393216,203553.2344,407106.4688,0.0000,0,0.0000,0.0000,0,0.0000,0,0.0000,0.0000,0,0.0000,0.0000,0,0,0,0,0,0,0,0,0,0,0,0,0,0,0,0,0,0,0,0,0,0,0,0,0
WG_METRICS 359,256,768,1.0199,0.0075,0.0068,0.9673,0.0227,0.0156,256,768,196608,393216,203258.6250,406517.2500,0.0000,0,0.0000,0.0000,0,0.0000,0,0.0000,0.0000,0,0.0000,0.0000,0,0,0,0,0,0,0,0,0,0,0,0,0,0,0,0,0,0,0,0,0,0,0,0,0
WG_METRICS 360,256,768,1.0345,0.0074,0.0054,0.9923,0.0140,0.0154,256,768,196608,393216,198129.6406,396259.2812,0.0000,0,0.0000,0.0000,0,0.0000,0,0.0000,0.0000,0,0.0000,0.0000,0,0,0,0,0,0,0,0,0,0,0,0,0,0,0,0,0,0,0,0,0,0,0,0,0
WG_METRICS 361,256,768,1.0500,0.0074,0.0066,0.9978,0.0226,0.0155,256,768,196608,393216,197041.5000,394083.0000,0.0000,0,0.0000,0.0000,0,0.0000,0,0.0000,0.0000,0,0.0000,0.0000,0,0,0,0,0,0,0,0,0,0,0,0,0,0,0,0,0,0,0,0,0,0,0,0,0
WG_METRICS 362,256,768,1.0380,0.0078,0.0068,0.9840,0.0226,0.0168,256,768,196608,393216,199796.7500,399593.5000,0.0000,0,0.0000,0.0000,0,0.0000,0,0.0000,0.0000,0,0.0000,0.0000,0,0,0,0,0,0,0,0,0,0,0,0,0,0,0,0,0,0,0,0,0,0,0,0,0
WG_METRICS 363,256,768,1.0121,0.0074,0.0067,0.9684,0.0142,0.0155,256,768,196608,393216,203031.9219,406063.8438,0.0000,0,0.0000,0.0000,0,0.0000,0,0.0000,0.0000,0,0.0000,0.0000,0,0,0,0,0,0,0,0,0,0,0,0,0,0,0,0,0,0,0,0,0,0,0,0,0
WG_METRICS 364,256,768,1.0270,0.0074,0.0069,0.9832,0.0140,0.0155,256,768,196608,393216,199959.3125,399918.6250,0.0000,0,0.0000,0.0000,0,0.0000,0,0.0000,0.0000,0,0.0000,0.0000,0,0,0,0,0,0,0,0,0,0,0,0,0,0,0,0,0,0,0,0,0,0,0,0,0
WG_METRICS 365,256,768,1.0278,0.0074,0.0068,0.9742,0.0228,0.0166,256,768,196608,393216,201814.8125,403629.6250,0.0000,0,0.0000,0.0000,0,0.0000,0,0.0000,0.0000,0,0.0000,0.0000,0,0,0,0,0,0,0,0,0,0,0,0,0,0,0,0,0,0,0,0,0,0,0,0,0
WG_METRICS 366,256,768,1.0208,0.0074,0.0068,0.9672,0.0229,0.0164,256,768,196608,393216,203267.0312,406534.0625,0.0000,0,0.0000,0.0000,0,0.0000,0,0.0000,0.0000,0,0.0000,0.0000,0,0,0,0,0,0,0,0,0,0,0,0,0,0,0,0,0,0,0,0,0,0,0,0,0
WG_METRICS 367,256,768,1.0186,0.0074,0.0068,0.9661,0.0226,0.0156,256,768,196608,393216,203511.0938,407022.1875,0.0000,0,0.0000,0.0000,0,0.0000,0,0.0000,0.0000,0,0.0000,0.0000,0,0,0,0,0,0,0,0,0,0,0,0,0,0,0,0,0,0,0,0,0,0,0,0,0
WG_METRICS 368,256,768,1.0216,0.0074,0.0068,0.9772,0.0142,0.0160,256,768,196608,393216,201187.0156,402374.0312,0.0000,0,0.0000,0.0000,0,0.0000,0,0.0000,0.0000,0,0.0000,0.0000,0,0,0,0,0,0,0,0,0,0,0,0,0,0,0,0,0,0,0,0,0,0,0,0,0
WG_METRICS 369,256,768,1.0204,0.0075,0.0067,0.9676,0.0227,0.0158,256,768,196608,393216,203183.0000,406366.0000,0.0000,0,0.0000,0.0000,0,0.0000,0,0.0000,0.0000,0,0.0000,0.0000,0,0,0,0,0,0,0,0,0,0,0,0,0,0,0,0,0,0,0,0,0,0,0,0,0
WG_METRICS 370,256,768,0.9993,0.0074,0.0068,0.9656,0.0041,0.0154,256,768,196608,393216,203620.6875,407241.3750,0.0000,0,0.0000,0.0000,0,0.0000,0,0.0000,0.0000,0,0.0000,0.0000,0,0,0,0,0,0,0,0,0,0,0,0,0,0,0,0,0,0,0,0,0,0,0,0,0
WG_METRICS 371,256,768,1.0574,0.0074,0.0068,1.0045,0.0230,0.0156,256,768,196608,393216,195731.1250,391462.2500,0.0000,0,0.0000,0.0000,0,0.0000,0,0.0000,0.0000,0,0.0000,0.0000,0,0,0,0,0,0,0,0,0,0,0,0,0,0,0,0,0,0,0,0,0,0,0,0,0
WG_METRICS 372,256,768,1.0315,0.0074,0.0069,0.9783,0.0230,0.0158,256,768,196608,393216,200973.1406,401946.2812,0.0000,0,0.0000,0.0000,0,0.0000,0,0.0000,0.0000,0,0.0000,0.0000,0,0,0,0,0,0,0,0,0,0,0,0,0,0,0,0,0,0,0,0,0,0,0,0,0
WG_METRICS 373,256,768,1.0190,0.0074,0.0068,0.9740,0.0148,0.0160,256,768,196608,393216,201864.5625,403729.1250,0.0000,0,0.0000,0.0000,0,0.0000,0,0.0000,0.0000,0,0.0000,0.0000,0,0,0,0,0,0,0,0,0,0,0,0,0,0,0,0,0,0,0,0,0,0,0,0,0
WG_METRICS 374,256,768,1.0198,0.0074,0.0068,0.9759,0.0142,0.0155,256,768,196608,393216,201467.3906,402934.7812,0.0000,0,0.0000,0.0000,0,0.0000,0,0.0000,0.0000,0,0.0000,0.0000,0,0,0,0,0,0,0,0,0,0,0,0,0,0,0,0,0,0,0,0,0,0,0,0,0
WG_METRICS 375,256,768,1.9336,0.0087,0.0070,1.8578,0.0254,0.0347,256,768,196608,393216,105826.1250,211652.2500,0.0000,0,0.0000,0.0000,0,0.0000,0,0.0000,0.0000,0,0.0000,0.0000,0,0,0,0,0,0,0,0,0,0,0,0,0,0,0,0,0,0,0,0,0,0,0,0,0
WG_METRICS 376,256,768,1.9186,0.0092,0.0076,1.8483,0.0176,0.0359,256,768,196608,393216,106373.4922,212746.9844,0.0000,0,0.0000,0.0000,0,0.0000,0,0.0000,0.0000,0,0.0000,0.0000,0,0,0,0,0,0,0,0,0,0,0,0,0,0,0,0,0,0,0,0,0,0,0,0,0
WG_METRICS 377,256,768,1.9176,0.0093,0.0076,1.8486,0.0173,0.0348,256,768,196608,393216,106357.3828,212714.7656,0.0000,0,0.0000,0.0000,0,0.0000,0,0.0000,0.0000,0,0.0000,0.0000,0,0,0,0,0,0,0,0,0,0,0,0,0,0,0,0,0,0,0,0,0,0,0,0,0
WG_METRICS 378,256,768,1.9669,0.0091,0.0076,1.8895,0.0258,0.0348,256,768,196608,393216,104051.8203,208103.6406,0.0000,0,0.0000,0.0000,0,0.0000,0,0.0000,0.0000,0,0.0000,0.0000,0,0,0,0,0,0,0,0,0,0,0,0,0,0,0,0,0,0,0,0,0,0,0,0,0
WG_METRICS 379,256,768,1.9484,0.0092,0.0076,1.8706,0.0255,0.0355,256,768,196608,393216,105104.2422,210208.4844,0.0000,0,0.0000,0.0000,0,0.0000,0,0.0000,0.0000,0,0.0000,0.0000,0,0,0,0,0,0,0,0,0,0,0,0,0,0,0,0,0,0,0,0,0,0,0,0,0
WG_METRICS 380,256,768,1.5033,0.0087,0.0076,1.4325,0.0248,0.0298,256,768,196608,393216,137250.0781,274500.1562,0.0000,0,0.0000,0.0000,0,0.0000,0,0.0000,0.0000,0,0.0000,0.0000,0,0,0,0,0,0,0,0,0,0,0,0,0,0,0,0,0,0,0,0,0,0,0,0,0
WG_METRICS 381,256,768,1.1862,0.0078,0.0068,1.1324,0.0228,0.0164,256,768,196608,393216,173614.5000,347229.0000,0.0000,0,0.0000,0.0000,0,0.0000,0,0.0000,0.0000,0,0.0000,0.0000,0,0,0,0,0,0,0,0,0,0,0,0,0,0,0,0,0,0,0,0,0,0,0,0,0
WG_METRICS 382,256,768,1.0263,0.0074,0.0068,0.9780,0.0186,0.0155,256,768,196608,393216,201038.9062,402077.8125,0.0000,0,0.0000,0.0000,0,0.0000,0,0.0000,0.0000,0,0.0000,0.0000,0,0,0,0,0,0,0,0,0,0,0,0,0,0,0,0,0,0,0,0,0,0,0,0,0
WG_METRICS 383,256,768,1.0232,0.0075,0.0068,0.9796,0.0139,0.0155,256,768,196608,393216,200710.5156,401421.0312,0.0000,0,0.0000,0.0000,0,0.0000,0,0.0000,0.0000,0,0.0000,0.0000,0,0,0,0,0,0,0,0,0,0,0,0,0,0,0,0,0,0,0,0,0,0,0,0,0
WG_METRICS 384,256,768,1.0502,0.0075,0.0068,1.0061,0.0142,0.0157,256,768,196608,393216,195419.8438,390839.6875,0.0000,0,0.0000,0.0000,0,0.0000,0,0.0000,0.0000,0,0.0000,0.0000,0,0,0,0,0,0,0,0,0,0,0,0,0,0,0,0,0,0,0,0,0,0,0,0,0
WG_METRICS 385,256,768,1.0300,0.0076,0.0068,0.9769,0.0229,0.0158,256,768,196608,393216,201252.9219,402505.8438,0.0000,0,0.0000,0.0000,0,0.0000,0,0.0000,0.0000,0,0.0000,0.0000,0,0,0,0,0,0,0,0,0,0,0,0,0,0,0,0,0,0,0,0,0,0,0,0,0
WG_METRICS 386,256,768,1.0295,0.0074,0.0067,0.9598,0.0403,0.0154,256,768,196608,393216,204851.2031,409702.4062,0.0000,0,0.0000,0.0000,0,0.0000,0,0.0000,0.0000,0,0.0000,0.0000,0,0,0,0,0,0,0,0,0,0,0,0,0,0,0,0,0,0,0,0,0,0,0,0,0
WG_METRICS 387,256,768,1.0392,0.0074,0.0069,0.9866,0.0227,0.0156,256,768,196608,393216,199286.4062,398572.8125,0.0000,0,0.0000,0.0000,0,0.0000,0,0.0000,0.0000,0,0.0000,0.0000,0,0,0,0,0,0,0,0,0,0,0,0,0,0,0,0,0,0,0,0,0,0,0,0,0
WG_METRICS 388,256,768,1.0214,0.0074,0.0069,0.9777,0.0140,0.0154,256,768,196608,393216,201088.2344,402176.4688,0.0000,0,0.0000,0.0000,0,0.0000,0,0.0000,0.0000,0,0.0000,0.0000,0,0,0,0,0,0,0,0,0,0,0,0,0,0,0,0,0,0,0,0,0,0,0,0,0
WG_METRICS 389,256,768,1.0373,0.0074,0.0068,0.9935,0.0140,0.0155,256,768,196608,393216,197890.3281,395780.6562,0.0000,0,0.0000,0.0000,0,0.0000,0,0.0000,0.0000,0,0.0000,0.0000,0,0,0,0,0,0,0,0,0,0,0,0,0,0,0,0,0,0,0,0,0,0,0,0,0
WG_METRICS 390,256,768,1.0230,0.0074,0.0068,0.9793,0.0139,0.0156,256,768,196608,393216,200759.7188,401519.4375,0.0000,0,0.0000,0.0000,0,0.0000,0,0.0000,0.0000,0,0.0000,0.0000,0,0,0,0,0,0,0,0,0,0,0,0,0,0,0,0,0,0,0,0,0,0,0,0,0
WG_METRICS 391,256,768,1.0265,0.0075,0.0067,0.9765,0.0198,0.0159,256,768,196608,393216,201335.3594,402670.7188,0.0000,0,0.0000,0.0000,0,0.0000,0,0.0000,0.0000,0,0.0000,0.0000,0,0,0,0,0,0,0,0,0,0,0,0,0,0,0,0,0,0,0,0,0,0,0,0,0
WG_METRICS 392,256,768,1.0323,0.0075,0.0068,0.9797,0.0229,0.0154,256,768,196608,393216,200685.9375,401371.8750,0.0000,0,0.0000,0.0000,0,0.0000,0,0.0000,0.0000,0,0.0000,0.0000,0,0,0,0,0,0,0,0,0,0,0,0,0,0,0,0,0,0,0,0,0,0,0,0,0
WG_METRICS 393,256,768,1.0091,0.0075,0.0062,0.9654,0.0145,0.0155,256,768,196608,393216,203654.4531,407308.9062,0.0000,0,0.0000,0.0000,0,0.0000,0,0.0000,0.0000,0,0.0000,0.0000,0,0,0,0,0,0,0,0,0,0,0,0,0,0,0,0,0,0,0,0,0,0,0,0,0
WG_METRICS 394,256,768,1.0263,0.0075,0.0068,0.9730,0.0227,0.0164,256,768,196608,393216,202072.0312,404144.0625,0.0000,0,0.0000,0.0000,0,0.0000,0,0.0000,0.0000,0,0.0000,0.0000,0,0,0,0,0,0,0,0,0,0,0,0,0,0,0,0,0,0,0,0,0,0,0,0,0
WG_METRICS 395,256,768,1.0410,0.0075,0.0068,0.9963,0.0148,0.0156,256,768,196608,393216,197334.1875,394668.3750,0.0000,0,0.0000,0.0000,0,0.0000,0,0.0000,0.0000,0,0.0000,0.0000,0,0,0,0,0,0,0,0,0,0,0,0,0,0,0,0,0,0,0,0,0,0,0,0,0
WG_METRICS 396,256,768,1.0220,0.0080,0.0069,0.9827,0.0087,0.0157,256,768,196608,393216,200073.2656,400146.5312,0.0000,0,0.0000,0.0000,0,0.0000,0,0.0000,0.0000,0,0.0000,0.0000,0,0,0,0,0,0,0,0,0,0,0,0,0,0,0,0,0,0,0,0,0,0,0,0,0
WG_METRICS 397,256,768,1.0335,0.0074,0.0066,0.9809,0.0226,0.0160,256,768,196608,393216,200440.4219,400880.8438,0.0000,0,0.0000,0.0000,0,0.0000,0,0.0000,0.0000,0,0.0000,0.0000,0,0,0,0,0,0,0,0,0,0,0,0,0,0,0,0,0,0,0,0,0,0,0,0,0
WG_METRICS 398,256,768,1.0278,0.0074,0.0068,0.9752,0.0227,0.0156,256,768,196608,393216,201599.6094,403199.2188,0.0000,0,0.0000,0.0000,0,0.0000,0,0.0000,0.0000,0,0.0000,0.0000,0,0,0,0,0,0,0,0,0,0,0,0,0,0,0,0,0,0,0,0,0,0,0,0,0
WG_METRICS 399,256,768,1.0712,0.0076,0.0068,1.0260,0.0144,0.0164,256,768,196608,393216,191625.7344,383251.4688,0.0000,0,0.0000,0.0000,0,0.0000,0,0.0000,0.0000,0,0.0000,0.0000,0,0,0,0,0,0,0,0,0,0,0,0,0,0,0,0,0,0,0,0,0,0,0,0,0
WG_METRICS 400,256,768,1.1778,0.0075,0.0070,1.1307,0.0146,0.0181,256,768,196608,393216,173884.7500,347769.5000,0.0000,0,0.0000,0.0000,0,0.0000,0,0.0000,0.0000,0,0.0000,0.0000,0,0,0,0,0,0,0,0,0,0,0,0,0,0,0,0,0,0,0,0,0,0,0,0,0
WG_METRICS 401,256,768,1.1205,0.0076,0.0069,1.0708,0.0185,0.0166,256,768,196608,393216,183608.5312,367217.0625,0.0000,0,0.0000,0.0000,0,0.0000,0,0.0000,0.0000,0,0.0000,0.0000,0,0,0,0,0,0,0,0,0,0,0,0,0,0,0,0,0,0,0,0,0,0,0,0,0
WG_METRICS 402,256,768,1.0579,0.0076,0.0068,1.0127,0.0143,0.0164,256,768,196608,393216,194138.5625,388277.1250,0.0000,0,0.0000,0.0000,0,0.0000,0,0.0000,0.0000,0,0.0000,0.0000,0,0,0,0,0,0,0,0,0,0,0,0,0,0,0,0,0,0,0,0,0,0,0,0,0
WG_METRICS 403,256,768,1.1584,0.0077,0.0066,1.1032,0.0234,0.0175,256,768,196608,393216,178216.1094,356432.2188,0.0000,0,0.0000,0.0000,0,0.0000,0,0.0000,0.0000,0,0.0000,0.0000,0,0,0,0,0,0,0,0,0,0,0,0,0,0,0,0,0,0,0,0,0,0,0,0,0
WG_METRICS 404,256,768,1.2382,0.0077,0.0069,1.1814,0.0230,0.0193,256,768,196608,393216,166425.1406,332850.2812,0.0000,0,0.0000,0.0000,0,0.0000,0,0.0000,0.0000,0,0.0000,0.0000,0,0,0,0,0,0,0,0,0,0,0,0,0,0,0,0,0,0,0,0,0,0,0,0,0
WG_METRICS 405,256,768,1.2215,0.0079,0.0068,1.1649,0.0238,0.0182,256,768,196608,393216,168779.6094,337559.2188,0.0000,0,0.0000,0.0000,0,0.0000,0,0.0000,0.0000,0,0.0000,0.0000,0,0,0,0,0,0,0,0,0,0,0,0,0,0,0,0,0,0,0,0,0,0,0,0,0
WG_METRICS 406,256,768,1.1106,0.0076,0.0068,1.0563,0.0228,0.0171,256,768,196608,393216,186132.4688,372264.9375,0.0000,0,0.0000,0.0000,0,0.0000,0,0.0000,0.0000,0,0.0000,0.0000,0,0,0,0,0,0,0,0,0,0,0,0,0,0,0,0,0,0,0,0,0,0,0,0,0
WG_METRICS 407,256,768,1.0763,0.0075,0.0066,1.0228,0.0228,0.0165,256,768,196608,393216,192225.2656,384450.5312,0.0000,0,0.0000,0.0000,0,0.0000,0,0.0000,0.0000,0,0.0000,0.0000,0,0,0,0,0,0,0,0,0,0,0,0,0,0,0,0,0,0,0,0,0,0,0,0,0
WG_METRICS 408,256,768,1.0835,0.0075,0.0069,1.0292,0.0230,0.0170,256,768,196608,393216,191037.3438,382074.6875,0.0000,0,0.0000,0.0000,0,0.0000,0,0.0000,0.0000,0,0.0000,0.0000,0,0,0,0,0,0,0,0,0,0,0,0,0,0,0,0,0,0,0,0,0,0,0,0,0
WG_METRICS 409,256,768,1.9302,0.0088,0.0073,1.8686,0.0165,0.0290,256,768,196608,393216,105218.9922,210437.9844,0.0000,0,0.0000,0.0000,0,0.0000,0,0.0000,0.0000,0,0.0000,0.0000,0,0,0,0,0,0,0,0,0,0,0,0,0,0,0,0,0,0,0,0,0,0,0,0,0
WG_METRICS 410,256,768,1.9148,0.0087,0.0070,1.8444,0.0252,0.0295,256,768,196608,393216,106597.2656,213194.5312,0.0000,0,0.0000,0.0000,0,0.0000,0,0.0000,0.0000,0,0.0000,0.0000,0,0,0,0,0,0,0,0,0,0,0,0,0,0,0,0,0,0,0,0,0,0,0,0,0
WG_METRICS 411,256,768,1.9310,0.0089,0.0070,1.8609,0.0252,0.0290,256,768,196608,393216,105653.2422,211306.4844,0.0000,0,0.0000,0.0000,0,0.0000,0,0.0000,0.0000,0,0.0000,0.0000,0,0,0,0,0,0,0,0,0,0,0,0,0,0,0,0,0,0,0,0,0,0,0,0,0
WG_METRICS 412,256,768,1.5411,0.0084,0.0070,1.4895,0.0110,0.0252,256,768,196608,393216,131994.2031,263988.4062,0.0000,0,0.0000,0.0000,0,0.0000,0,0.0000,0.0000,0,0.0000,0.0000,0,0,0,0,0,0,0,0,0,0,0,0,0,0,0,0,0,0,0,0,0,0,0,0,0
WG_METRICS 413,256,768,1.1498,0.0076,0.0069,1.0944,0.0232,0.0178,256,768,196608,393216,179655.6875,359311.3750,0.0000,0,0.0000,0.0000,0,0.0000,0,0.0000,0.0000,0,0.0000,0.0000,0,0,0,0,0,0,0,0,0,0,0,0,0,0,0,0,0,0,0,0,0,0,0,0,0
WG_METRICS 414,256,768,1.0338,0.0075,0.0067,0.9812,0.0229,0.0156,256,768,196608,393216,200375.0625,400750.1250,0.0000,0,0.0000,0.0000,0,0.0000,0,0.0000,0.0000,0,0.0000,0.0000,0,0,0,0,0,0,0,0,0,0,0,0,0,0,0,0,0,0,0,0,0,0,0,0,0
WG_METRICS 415,256,768,1.0275,0.0074,0.0068,0.9840,0.0138,0.0155,256,768,196608,393216,199804.8750,399609.7500,0.0000,0,0.0000,0.0000,0,0.0000,0,0.0000,0.0000,0,0.0000,0.0000,0,0,0,0,0,0,0,0,0,0,0,0,0,0,0,0,0,0,0,0,0,0,0,0,0
WG_METRICS 416,256,768,1.0383,0.0074,0.0068,0.9856,0.0228,0.0157,256,768,196608,393216,199488.6094,398977.2188,0.0000,0,0.0000,0.0000,0,0.0000,0,0.0000,0.0000,0,0.0000,0.0000,0,0,0,0,0,0,0,0,0,0,0,0,0,0,0,0,0,0,0,0,0,0,0,0,0
WG_METRICS 417,256,768,1.0353,0.0076,0.0067,0.9901,0.0149,0.0159,256,768,196608,393216,198569.8750,397139.7500,0.0000,0,0.0000,0.0000,0,0.0000,0,0.0000,0.0000,0,0.0000,0.0000,0,0,0,0,0,0,0,0,0,0,0,0,0,0,0,0,0,0,0,0,0,0,0,0,0
WG_METRICS 418,256,768,1.0287,0.0074,0.0068,0.9759,0.0226,0.0159,256,768,196608,393216,201467.3906,402934.7812,0.0000,0,0.0000,0.0000,0,0.0000,0,0.0000,0.0000,0,0.0000,0.0000,0,0,0,0,0,0,0,0,0,0,0,0,0,0,0,0,0,0,0,0,0,0,0,0,0
WG_METRICS 419,256,768,1.0162,0.0074,0.0069,0.9771,0.0090,0.0158,256,768,196608,393216,201219.9688,402439.9375,0.0000,0,0.0000,0.0000,0,0.0000,0,0.0000,0.0000,0,0.0000,0.0000,0,0,0,0,0,0,0,0,0,0,0,0,0,0,0,0,0,0,0,0,0,0,0,0,0
WG_METRICS 420,256,768,1.0172,0.0075,0.0067,0.9701,0.0164,0.0164,256,768,196608,393216,202663.5781,405327.1562,0.0000,0,0.0000,0.0000,0,0.0000,0,0.0000,0.0000,0,0.0000,0.0000,0,0,0,0,0,0,0,0,0,0,0,0,0,0,0,0,0,0,0,0,0,0,0,0,0
WG_METRICS 421,256,768,1.0178,0.0075,0.0068,0.9717,0.0164,0.0154,256,768,196608,393216,202338.2188,404676.4375,0.0000,0,0.0000,0.0000,0,0.0000,0,0.0000,0.0000,0,0.0000,0.0000,0,0,0,0,0,0,0,0,0,0,0,0,0,0,0,0,0,0,0,0,0,0,0,0,0
WG_METRICS 422,256,768,1.0157,0.0076,0.0067,0.9763,0.0089,0.0162,256,768,196608,393216,201376.5938,402753.1875,0.0000,0,0.0000,0.0000,0,0.0000,0,0.0000,0.0000,0,0.0000,0.0000,0,0,0,0,0,0,0,0,0,0,0,0,0,0,0,0,0,0,0,0,0,0,0,0,0
WG_METRICS 423,256,768,1.0134,0.0074,0.0069,0.9739,0.0098,0.0154,256,768,196608,393216,201881.1406,403762.2812,0.0000,0,0.0000,0.0000,0,0.0000,0,0.0000,0.0000,0,0.0000,0.0000,0,0,0,0,0,0,0,0,0,0,0,0,0,0,0,0,0,0,0,0,0,0,0,0,0
WG_METRICS 424,256,768,1.0258,0.0075,0.0068,0.9797,0.0165,0.0154,256,768,196608,393216,200685.9375,401371.8750,0.0000,0,0.0000,0.0000,0,0.0000,0,0.0000,0.0000,0,0.0000,0.0000,0,0,0,0,0,0,0,0,0,0,0,0,0,0,0,0,0,0,0,0,0,0,0,0,0
WG_METRICS 425,256,768,1.0311,0.0074,0.0069,0.9847,0.0166,0.0155,256,768,196608,393216,199666.8906,399333.7812,0.0000,0,0.0000,0.0000,0,0.0000,0,0.0000,0.0000,0,0.0000,0.0000,0,0,0,0,0,0,0,0,0,0,0,0,0,0,0,0,0,0,0,0,0,0,0,0,0
WG_METRICS 426,256,768,1.0052,0.0074,0.0069,0.9665,0.0088,0.0156,256,768,196608,393216,203426.8594,406853.7188,0.0000,0,0.0000,0.0000,0,0.0000,0,0.0000,0.0000,0,0.0000,0.0000,0,0,0,0,0,0,0,0,0,0,0,0,0,0,0,0,0,0,0,0,0,0,0,0,0
WG_METRICS 427,256,768,1.0342,0.0074,0.0068,0.9811,0.0226,0.0163,256,768,196608,393216,200391.3906,400782.7812,0.0000,0,0.0000,0.0000,0,0.0000,0,0.0000,0.0000,0,0.0000,0.0000,0,0,0,0,0,0,0,0,0,0,0,0,0,0,0,0,0,0,0,0,0,0,0,0,0
WG_METRICS 428,256,768,1.0265,0.0075,0.0066,0.9822,0.0144,0.0158,256,768,196608,393216,200171.0469,400342.0938,0.0000,0,0.0000,0.0000,0,0.0000,0,0.0000,0.0000,0,0.0000,0.0000,0,0,0,0,0,0,0,0,0,0,0,0,0,0,0,0,0,0,0,0,0,0,0,0,0
WG_METRICS 429,256,768,1.0258,0.0075,0.0068,0.9779,0.0166,0.0170,256,768,196608,393216,201047.1250,402094.2500,0.0000,0,0.0000,0.0000,0,0.0000,0,0.0000,0.0000,0,0.0000,0.0000,0,0,0,0,0,0,0,0,0,0,0,0,0,0,0,0,0,0,0,0,0,0,0,0,0
WG_METRICS 430,256,768,1.0282,0.0074,0.0069,0.9821,0.0164,0.0154,256,768,196608,393216,200195.5000,400391.0000,0.0000,0,0.0000,0.0000,0,0.0000,0,0.0000,0.0000,0,0.0000,0.0000,0,0,0,0,0,0,0,0,0,0,0,0,0,0,0,0,0,0,0,0,0,0,0,0,0
WG_METRICS 431,256,768,1.4114,0.0079,0.0067,1.3509,0.0242,0.0217,256,768,196608,393216,145540.6875,291081.3750,0.0000,0,0.0000,0.0000,0,0.0000,0,0.0000,0.0000,0,0.0000,0.0000,0,0,0,0,0,0,0,0,0,0,0,0,0,0,0,0,0,0,0,0,0,0,0,0,0
WG_METRICS 432,256,768,1.8956,0.0086,0.0070,1.8260,0.0249,0.0291,256,768,196608,393216,107671.4141,215342.8281,0.0000,0,0.0000,0.0000,0,0.0000,0,0.0000,0.0000,0,0.0000,0.0000,0,0,0,0,0,0,0,0,0,0,0,0,0,0,0,0,0,0,0,0,0,0,0,0,0
WG_METRICS 433,256,768,1.9208,0.0087,0.0070,1.8672,0.0068,0.0311,256,768,196608,393216,105297.8906,210595.7812,0.0000,0,0.0000,0.0000,0,0.0000,0,0.0000,0.0000,0,0.0000,0.0000,0,0,0,0,0,0,0,0,0,0,0,0,0,0,0,0,0,0,0,0,0,0,0,0,0
WG_METRICS 434,256,768,1.9394,0.0088,0.0071,1.8672,0.0260,0.0302,256,768,196608,393216,105293.3750,210586.7500,0.0000,0,0.0000,0.0000,0,0.0000,0,0.0000,0.0000,0,0.0000,0.0000,0,0,0,0,0,0,0,0,0,0,0,0,0,0,0,0,0,0,0,0,0,0,0,0,0
WG_METRICS 435,256,768,1.4778,0.0082,0.0069,1.4180,0.0237,0.0211,256,768,196608,393216,138651.6250,277303.2500,0.0000,0,0.0000,0.0000,0,0.0000,0,0.0000,0.0000,0,0.0000,0.0000,0,0,0,0,0,0,0,0,0,0,0,0,0,0,0,0,0,0,0,0,0,0,0,0,0
WG_METRICS 436,256,768,1.0734,0.0074,0.0068,1.0211,0.0225,0.0155,256,768,196608,393216,192549.0625,385098.1250,0.0000,0,0.0000,0.0000,0,0.0000,0,0.0000,0.0000,0,0.0000,0.0000,0,0,0,0,0,0,0,0,0,0,0,0,0,0,0,0,0,0,0,0,0,0,0,0,0
WG_METRICS 437,256,768,1.0315,0.0074,0.0069,0.9790,0.0228,0.0155,256,768,196608,393216,200825.3438,401650.6875,0.0000,0,0.0000,0.0000,0,0.0000,0,0.0000,0.0000,0,0.0000,0.0000,0,0,0,0,0,0,0,0,0,0,0,0,0,0,0,0,0,0,0,0,0,0,0,0,0
WG_METRICS 438,256,768,1.0265,0.0075,0.0068,0.9824,0.0144,0.0155,256,768,196608,393216,200138.4375,400276.8750,0.0000,0,0.0000,0.0000,0,0.0000,0,0.0000,0.0000,0,0.0000,0.0000,0,0,0,0,0,0,0,0,0,0,0,0,0,0,0,0,0,0,0,0,0,0,0,0,0
WG_METRICS 439,256,768,1.0273,0.0074,0.0069,0.9739,0.0223,0.0168,256,768,196608,393216,201872.8438,403745.6875,0.0000,0,0.0000,0.0000,0,0.0000,0,0.0000,0.0000,0,0.0000,0.0000,0,0,0,0,0,0,0,0,0,0,0,0,0,0,0,0,0,0,0,0,0,0,0,0,0
WG_METRICS 440,256,768,1.0357,0.0074,0.0069,0.9912,0.0141,0.0161,256,768,196608,393216,198353.5156,396707.0312,0.0000,0,0.0000,0.0000,0,0.0000,0,0.0000,0.0000,0,0.0000,0.0000,0,0,0,0,0,0,0,0,0,0,0,0,0,0,0,0,0,0,0,0,0,0,0,0,0
WG_METRICS 441,256,768,1.0277,0.0079,0.0068,0.9741,0.0230,0.0158,256,768,196608,393216,201831.3906,403662.7812,0.0000,0,0.0000,0.0000,0,0.0000,0,0.0000,0.0000,0,0.0000,0.0000,0,0,0,0,0,0,0,0,0,0,0,0,0,0,0,0,0,0,0,0,0,0,0,0,0
WG_METRICS 442,256,768,1.0552,0.0075,0.0068,1.0023,0.0230,0.0155,256,768,196608,393216,196152.9219,392305.8438,0.0000,0,0.0000,0.0000,0,0.0000,0,0.0000,0.0000,0,0.0000,0.0000,0,0,0,0,0,0,0,0,0,0,0,0,0,0,0,0,0,0,0,0,0,0,0,0,0
WG_METRICS 443,256,768,1.0371,0.0075,0.0068,0.9846,0.0226,0.0156,256,768,196608,393216,199683.1250,399366.2500,0.0000,0,0.0000,0.0000,0,0.0000,0,0.0000,0.0000,0,0.0000,0.0000,0,0,0,0,0,0,0,0,0,0,0,0,0,0,0,0,0,0,0,0,0,0,0,0,0
WG_METRICS 444,256,768,1.0809,0.0076,0.0068,1.0274,0.0228,0.0162,256,768,196608,393216,191357.1719,382714.3438,0.0000,0,0.0000,0.0000,0,0.0000,0,0.0000,0.0000,0,0.0000,0.0000,0,0,0,0,0,0,0,0,0,0,0,0,0,0,0,0,0,0,0,0,0,0,0,0,0
WG_METRICS 445,256,768,1.0673,0.0076,0.0068,1.0140,0.0229,0.0160,256,768,196608,393216,193885.8438,387771.6875,0.0000,0,0.0000,0.0000,0,0.0000,0,0.0000,0.0000,0,0.0000,0.0000,0,0,0,0,0,0,0,0,0,0,0,0,0,0,0,0,0,0,0,0,0,0,0,0,0
WG_METRICS 446,256,768,1.5413,0.0076,0.0149,1.0018,0.0659,0.4511,256,768,196608,393216,196254.7500,392509.5000,0.0000,0,0.0000,0.0000,0,0.0000,0,0.0000,0.0000,0,0.0000,0.0000,0,0,0,0,0,0,0,0,0,0,0,0,0,0,0,0,0,0,0,0,0,0,0,0,0
WG_METRICS 447,256,768,1.0076,0.0074,0.0070,0.9612,0.0165,0.0155,256,768,196608,393216,204544.3125,409088.6250,0.0000,0,0.0000,0.0000,0,0.0000,0,0.0000,0.0000,0,0.0000,0.0000,0,0,0,0,0,0,0,0,0,0,0,0,0,0,0,0,0,0,0,0,0,0,0,0,0
WG_METRICS 448,256,768,1.0603,0.0075,0.0068,1.0068,0.0230,0.0162,256,768,196608,393216,195280.0781,390560.1562,0.0000,0,0.0000,0.0000,0,0.0000,0,0.0000,0.0000,0,0.0000,0.0000,0,0,0,0,0,0,0,0,0,0,0,0,0,0,0,0,0,0,0,0,0,0,0,0,0
WG_METRICS 449,256,768,1.1360,0.0076,0.0068,1.0886,0.0165,0.0166,256,768,196608,393216,180612.9219,361225.8438,0.0000,0,0.0000,0.0000,0,0.0000,0,0.0000,0.0000,0,0.0000,0.0000,0,0,0,0,0,0,0,0,0,0,0,0,0,0,0,0,0,0,0,0,0,0,0,0,0
WG_METRICS 450,256,768,1.2235,0.0077,0.0068,1.1670,0.0234,0.0186,256,768,196608,393216,168467.2344,336934.4688,0.0000,0,0.0000,0.0000,0,0.0000,0,0.0000,0.0000,0,0.0000,0.0000,0,0,0,0,0,0,0,0,0,0,0,0,0,0,0,0,0,0,0,0,0,0,0,0,0
WG_METRICS 451,256,768,1.9224,0.0086,0.0072,1.8614,0.0165,0.0288,256,768,196608,393216,105626.0000,211252.0000,0.0000,0,0.0000,0.0000,0,0.0000,0,0.0000,0.0000,0,0.0000,0.0000,0,0,0,0,0,0,0,0,0,0,0,0,0,0,0,0,0,0,0,0,0,0,0,0,0
WG_METRICS 452,256,768,1.9070,0.0089,0.0070,1.8371,0.0251,0.0289,256,768,196608,393216,107022.0156,214044.0312,0.0000,0,0.0000,0.0000,0,0.0000,0,0.0000,0.0000,0,0.0000,0.0000,0,0,0,0,0,0,0,0,0,0,0,0,0,0,0,0,0,0,0,0,0,0,0,0,0
WG_METRICS 453,256,768,1.9208,0.0088,0.0070,1.8503,0.0255,0.0293,256,768,196608,393216,106258.5078,212517.0156,0.0000,0,0.0000,0.0000,0,0.0000,0,0.0000,0.0000,0,0.0000,0.0000,0,0,0,0,0,0,0,0,0,0,0,0,0,0,0,0,0,0,0,0,0,0,0,0,0
WG_METRICS 454,256,768,1.8613,0.0088,0.0070,1.7932,0.0246,0.0278,256,768,196608,393216,109643.3125,219286.6250,0.0000,0,0.0000,0.0000,0,0.0000,0,0.0000,0.0000,0,0.0000,0.0000,0,0,0,0,0,0,0,0,0,0,0,0,0,0,0,0,0,0,0,0,0,0,0,0,0
WG_METRICS 455,256,768,1.1682,0.0076,0.0069,1.1130,0.0231,0.0177,256,768,196608,393216,176653.2500,353306.5000,0.0000,0,0.0000,0.0000,0,0.0000,0,0.0000,0.0000,0,0.0000,0.0000,0,0,0,0,0,0,0,0,0,0,0,0,0,0,0,0,0,0,0,0,0,0,0,0,0
WG_METRICS 456,256,768,1.0291,0.0074,0.0068,0.9850,0.0143,0.0155,256,768,196608,393216,199602.0312,399204.0625,0.0000,0,0.0000,0.0000,0,0.0000,0,0.0000,0.0000,0,0.0000,0.0000,0,0,0,0,0,0,0,0,0,0,0,0,0,0,0,0,0,0,0,0,0,0,0,0,0
WG_METRICS 457,256,768,1.0099,0.0076,0.0069,0.9657,0.0140,0.0156,256,768,196608,393216,203595.3906,407190.7812,0.0000,0,0.0000,0.0000,0,0.0000,0,0.0000,0.0000,0,0.0000,0.0000,0,0,0,0,0,0,0,0,0,0,0,0,0,0,0,0,0,0,0,0,0,0,0,0,0
WG_METRICS 458,256,768,1.0272,0.0076,0.0068,0.9739,0.0228,0.0161,256,768,196608,393216,201881.1406,403762.2812,0.0000,0,0.0000,0.0000,0,0.0000,0,0.0000,0.0000,0,0.0000,0.0000,0,0,0,0,0,0,0,0,0,0,0,0,0,0,0,0,0,0,0,0,0,0,0,0,0
WG_METRICS 459,256,768,1.0159,0.0075,0.0067,0.9634,0.0226,0.0158,256,768,196608,393216,204085.7031,408171.4062,0.0000,0,0.0000,0.0000,0,0.0000,0,0.0000,0.0000,0,0.0000,0.0000,0,0,0,0,0,0,0,0,0,0,0,0,0,0,0,0,0,0,0,0,0,0,0,0,0
WG_METRICS 460,256,768,1.0223,0.0074,0.0069,0.9779,0.0139,0.0162,256,768,196608,393216,201055.3438,402110.6875,0.0000,0,0.0000,0.0000,0,0.0000,0,0.0000,0.0000,0,0.0000,0.0000,0,0,0,0,0,0,0,0,0,0,0,0,0,0,0,0,0,0,0,0,0,0,0,0,0
WG_METRICS 461,256,768,1.0759,0.0076,0.0068,1.0308,0.0144,0.0163,256,768,196608,393216,190733.4062,381466.8125,0.0000,0,0.0000,0.0000,0,0.0000,0,0.0000,0.0000,0,0.0000,0.0000,0,0,0,0,0,0,0,0,0,0,0,0,0,0,0,0,0,0,0,0,0,0,0,0,0
WG_METRICS 462,256,768,1.1521,0.0076,0.0068,1.0226,0.0664,0.0486,256,768,196608,393216,192255.3438,384510.6875,0.0000,0,0.0000,0.0000,0,0.0000,0,0.0000,0.0000,0,0.0000,0.0000,0,0,0,0,0,0,0,0,0,0,0,0,0,0,0,0,0,0,0,0,0,0,0,0,0
WG_METRICS 463,256,768,1.0597,0.0075,0.0069,1.0058,0.0230,0.0165,256,768,196608,393216,195482.0312,390964.0625,0.0000,0,0.0000,0.0000,0,0.0000,0,0.0000,0.0000,0,0.0000,0.0000,0,0,0,0,0,0,0,0,0,0,0,0,0,0,0,0,0,0,0,0,0,0,0,0,0
WG_METRICS 464,256,768,1.0166,0.0074,0.0068,0.9705,0.0164,0.0154,256,768,196608,393216,202588.4062,405176.8125,0.0000,0,0.0000,0.0000,0,0.0000,0,0.0000,0.0000,0,0.0000,0.0000,0,0,0,0,0,0,0,0,0,0,0,0,0,0,0,0,0,0,0,0,0,0,0,0,0
WG_METRICS 465,256,768,1.0181,0.0075,0.0067,0.9717,0.0163,0.0159,256,768,196608,393216,202338.2188,404676.4375,0.0000,0,0.0000,0.0000,0,0.0000,0,0.0000,0.0000,0,0.0000,0.0000,0,0,0,0,0,0,0,0,0,0,0,0,0,0,0,0,0,0,0,0,0,0,0,0,0
WG_METRICS 466,256,768,1.0683,0.0075,0.0069,1.0206,0.0165,0.0168,256,768,196608,393216,192639.6250,385279.2500,0.0000,0,0.0000,0.0000,0,0.0000,0,0.0000,0.0000,0,0.0000,0.0000,0,0,0,0,0,0,0,0,0,0,0,0,0,0,0,0,0,0,0,0,0,0,0,0,0
WG_METRICS 467,256,768,1.1491,0.0077,0.0067,1.1004,0.0172,0.0171,256,768,196608,393216,178669.5781,357339.1562,0.0000,0,0.0000,0.0000,0,0.0000,0,0.0000,0.0000,0,0.0000,0.0000,0,0,0,0,0,0,0,0,0,0,0,0,0,0,0,0,0,0,0,0,0,0,0,0,0
WG_METRICS 468,256,768,1.1081,0.0076,0.0068,1.0603,0.0166,0.0168,256,768,196608,393216,185430.2656,370860.5312,0.0000,0,0.0000,0.0000,0,0.0000,0,0.0000,0.0000,0,0.0000,0.0000,0,0,0,0,0,0,0,0,0,0,0,0,0,0,0,0,0,0,0,0,0,0,0,0,0
WG_METRICS 469,256,768,1.0760,0.0076,0.0068,1.0364,0.0087,0.0165,256,768,196608,393216,189695.5000,379391.0000,0.0000,0,0.0000,0.0000,0,0.0000,0,0.0000,0.0000,0,0.0000,0.0000,0,0,0,0,0,0,0,0,0,0,0,0,0,0,0,0,0,0,0,0,0,0,0,0,0
WG_METRICS 470,256,768,1.0974,0.0075,0.0069,1.0518,0.0144,0.0167,256,768,196608,393216,186918.1719,373836.3438,0.0000,0,0.0000,0.0000,0,0.0000,0,0.0000,0.0000,0,0.0000,0.0000,0,0,0,0,0,0,0,0,0,0,0,0,0,0,0,0,0,0,0,0,0,0,0,0,0
WG_METRICS 471,256,768,1.4352,0.0080,0.0069,1.3734,0.0240,0.0230,256,768,196608,393216,143158.3750,286316.7500,0.0000,0,0.0000,0.0000,0,0.0000,0,0.0000,0.0000,0,0.0000,0.0000,0,0,0,0,0,0,0,0,0,0,0,0,0,0,0,0,0,0,0,0,0,0,0,0,0
WG_METRICS 472,256,768,1.7114,0.0083,0.0070,1.6452,0.0249,0.0260,256,768,196608,393216,119504.0078,239008.0156,0.0000,0,0.0000,0.0000,0,0.0000,0,0.0000,0.0000,0,0.0000,0.0000,0,0,0,0,0,0,0,0,0,0,0,0,0,0,0,0,0,0,0,0,0,0,0,0,0
WG_METRICS 473,256,768,1.9190,0.0086,0.0071,1.8472,0.0250,0.0310,256,768,196608,393216,106435.6875,212871.3750,0.0000,0,0.0000,0.0000,0,0.0000,0,0.0000,0.0000,0,0.0000,0.0000,0,0,0,0,0,0,0,0,0,0,0,0,0,0,0,0,0,0,0,0,0,0,0,0,0
WG_METRICS 474,256,768,1.9302,0.0088,0.0070,1.8600,0.0252,0.0293,256,768,196608,393216,105705.5000,211411.0000,0.0000,0,0.0000,0.0000,0,0.0000,0,0.0000,0.0000,0,0.0000,0.0000,0,0,0,0,0,0,0,0,0,0,0,0,0,0,0,0,0,0,0,0,0,0,0,0,0
WG_METRICS 475,256,768,1.7341,0.0086,0.0070,1.6696,0.0243,0.0246,256,768,196608,393216,117757.5469,235515.0938,0.0000,0,0.0000,0.0000,0,0.0000,0,0.0000,0.0000,0,0.0000,0.0000,0,0,0,0,0,0,0,0,0,0,0,0,0,0,0,0,0,0,0,0,0,0,0,0,0
WG_METRICS 476,256,768,1.0848,0.0076,0.0068,1.0306,0.0229,0.0169,256,768,196608,393216,190777.8281,381555.6562,0.0000,0,0.0000,0.0000,0,0.0000,0,0.0000,0.0000,0,0.0000,0.0000,0,0,0,0,0,0,0,0,0,0,0,0,0,0,0,0,0,0,0,0,0,0,0,0,0
WG_METRICS 477,256,768,1.0331,0.0074,0.0068,0.9805,0.0230,0.0154,256,768,196608,393216,200514.0156,401028.0312,0.0000,0,0.0000,0.0000,0,0.0000,0,0.0000,0.0000,0,0.0000,0.0000,0,0,0,0,0,0,0,0,0,0,0,0,0,0,0,0,0,0,0,0,0,0,0,0,0
WG_METRICS 478,256,768,1.0344,0.0074,0.0068,0.9818,0.0226,0.0156,256,768,196608,393216,200244.4375,400488.8750,0.0000,0,0.0000,0.0000,0,0.0000,0,0.0000,0.0000,0,0.0000,0.0000,0,0,0,0,0,0,0,0,0,0,0,0,0,0,0,0,0,0,0,0,0,0,0,0,0
WG_METRICS 479,256,768,1.0406,0.0074,0.0067,0.9877,0.0229,0.0159,256,768,196608,393216,199060.4219,398120.8438,0.0000,0,0.0000,0.0000,0,0.0000,0,0.0000,0.0000,0,0.0000,0.0000,0,0,0,0,0,0,0,0,0,0,0,0,0,0,0,0,0,0,0,0,0,0,0,0,0
WG_METRICS 480,256,768,1.0356,0.0075,0.0068,0.9827,0.0226,0.0160,256,768,196608,393216,200065.1250,400130.2500,0.0000,0,0.0000,0.0000,0,0.0000,0,0.0000,0.0000,0,0.0000,0.0000,0,0,0,0,0,0,0,0,0,0,0,0,0,0,0,0,0,0,0,0,0,0,0,0,0
WG_METRICS 481,256,768,1.0349,0.0074,0.0068,0.9816,0.0232,0.0158,256,768,196608,393216,200293.4062,400586.8125,0.0000,0,0.0000,0.0000,0,0.0000,0,0.0000,0.0000,0,0.0000,0.0000,0,0,0,0,0,0,0,0,0,0,0,0,0,0,0,0,0,0,0,0,0,0,0,0,0
WG_METRICS 482,256,768,1.0223,0.0076,0.0067,0.9693,0.0228,0.0159,256,768,196608,393216,202830.8438,405661.6875,0.0000,0,0.0000,0.0000,0,0.0000,0,0.0000,0.0000,0,0.0000,0.0000,0,0,0,0,0,0,0,0,0,0,0,0,0,0,0,0,0,0,0,0,0,0,0,0,0
WG_METRICS 483,256,768,1.0210,0.0075,0.0068,0.9742,0.0164,0.0162,256,768,196608,393216,201814.8125,403629.6250,0.0000,0,0.0000,0.0000,0,0.0000,0,0.0000,0.0000,0,0.0000,0.0000,0,0,0,0,0,0,0,0,0,0,0,0,0,0,0,0,0,0,0,0,0,0,0,0,0
WG_METRICS 484,256,768,1.0396,0.0075,0.0068,0.9870,0.0228,0.0156,256,768,196608,393216,199205.6406,398411.2812,0.0000,0,0.0000,0.0000,0,0.0000,0,0.0000,0.0000,0,0.0000,0.0000,0,0,0,0,0,0,0,0,0,0,0,0,0,0,0,0,0,0,0,0,0,0,0,0,0
WG_METRICS 485,256,768,1.0335,0.0074,0.0068,0.9810,0.0227,0.0155,256,768,196608,393216,200407.7344,400815.4688,0.0000,0,0.0000,0.0000,0,0.0000,0,0.0000,0.0000,0,0.0000,0.0000,0,0,0,0,0,0,0,0,0,0,0,0,0,0,0,0,0,0,0,0,0,0,0,0,0
WG_METRICS 486,256,768,1.0211,0.0074,0.0062,0.9776,0.0141,0.0159,256,768,196608,393216,201121.1562,402242.3125,0.0000,0,0.0000,0.0000,0,0.0000,0,0.0000,0.0000,0,0.0000,0.0000,0,0,0,0,0,0,0,0,0,0,0,0,0,0,0,0,0,0,0,0,0,0,0,0,0
WG_METRICS 487,256,768,1.0096,0.0074,0.0068,0.9690,0.0095,0.0169,256,768,196608,393216,202906.2188,405812.4375,0.0000,0,0.0000,0.0000,0,0.0000,0,0.0000,0.0000,0,0.0000,0.0000,0,0,0,0,0,0,0,0,0,0,0,0,0,0,0,0,0,0,0,0,0,0,0,0,0
WG_METRICS 488,256,768,1.0231,0.0076,0.0067,0.9705,0.0228,0.0155,256,768,196608,393216,202588.4062,405176.8125,0.0000,0,0.0000,0.0000,0,0.0000,0,0.0000,0.0000,0,0.0000,0.0000,0,0,0,0,0,0,0,0,0,0,0,0,0,0,0,0,0,0,0,0,0,0,0,0,0
WG_METRICS 489,256,768,1.0172,0.0075,0.0068,0.9709,0.0165,0.0155,256,768,196608,393216,202504.9531,405009.9062,0.0000,0,0.0000,0.0000,0,0.0000,0,0.0000,0.0000,0,0.0000,0.0000,0,0,0,0,0,0,0,0,0,0,0,0,0,0,0,0,0,0,0,0,0,0,0,0,0
WG_METRICS 490,256,768,1.0254,0.0074,0.0068,0.9794,0.0164,0.0154,256,768,196608,393216,200735.1250,401470.2500,0.0000,0,0.0000,0.0000,0,0.0000,0,0.0000,0.0000,0,0.0000,0.0000,0,0,0,0,0,0,0,0,0,0,0,0,0,0,0,0,0,0,0,0,0,0,0,0,0
WG_METRICS 491,256,768,1.0344,0.0074,0.0068,0.9818,0.0229,0.0155,256,768,196608,393216,200260.7500,400521.5000,0.0000,0,0.0000,0.0000,0,0.0000,0,0.0000,0.0000,0,0.0000,0.0000,0,0,0,0,0,0,0,0,0,0,0,0,0,0,0,0,0,0,0,0,0,0,0,0,0
WG_METRICS 492,256,768,1.0314,0.0075,0.0068,0.9784,0.0232,0.0155,256,768,196608,393216,200956.7031,401913.4062,0.0000,0,0.0000,0.0000,0,0.0000,0,0.0000,0.0000,0,0.0000,0.0000,0,0,0,0,0,0,0,0,0,0,0,0,0,0,0,0,0,0,0,0,0,0,0,0,0
WG_METRICS 493,256,768,1.0445,0.0075,0.0068,1.0004,0.0141,0.0157,256,768,196608,393216,196537.2500,393074.5000,0.0000,0,0.0000,0.0000,0,0.0000,0,0.0000,0.0000,0,0.0000,0.0000,0,0,0,0,0,0,0,0,0,0,0,0,0,0,0,0,0,0,0,0,0,0,0,0,0
WG_METRICS 494,256,768,1.0374,0.0076,0.0068,0.9904,0.0165,0.0160,256,768,196608,393216,198505.7188,397011.4375,0.0000,0,0.0000,0.0000,0,0.0000,0,0.0000,0.0000,0,0.0000,0.0000,0,0,0,0,0,0,0,0,0,0,0,0,0,0,0,0,0,0,0,0,0,0,0,0,0
WG_METRICS 495,256,768,1.0328,0.0074,0.0069,0.9832,0.0186,0.0167,256,768,196608,393216,199967.4531,399934.9062,0.0000,0,0.0000,0.0000,0,0.0000,0,0.0000,0.0000,0,0.0000,0.0000,0,0,0,0,0,0,0,0,0,0,0,0,0,0,0,0,0,0,0,0,0,0,0,0,0
WG_METRICS 496,256,768,1.0466,0.0075,0.0068,0.9999,0.0164,0.0160,256,768,196608,393216,196631.5938,393263.1875,0.0000,0,0.0000,0.0000,0,0.0000,0,0.0000,0.0000,0,0.0000,0.0000,0,0,0,0,0,0,0,0,0,0,0,0,0,0,0,0,0,0,0,0,0,0,0,0,0
WG_METRICS 497,256,768,1.0710,0.0075,0.0069,1.0296,0.0098,0.0172,256,768,196608,393216,190963.1406,381926.2812,0.0000,0,0.0000,0.0000,0,0.0000,0,0.0000,0.0000,0,0.0000,0.0000,0,0,0,0,0,0,0,0,0,0,0,0,0,0,0,0,0,0,0,0,0,0,0,0,0
WG_METRICS 498,256,768,1.0897,0.0075,0.0069,1.0425,0.0166,0.0163,256,768,196608,393216,188596.4219,377192.8438,0.0000,0,0.0000,0.0000,0,0.0000,0,0.0000,0.0000,0,0.0000,0.0000,0,0,0,0,0,0,0,0,0,0,0,0,0,0,0,0,0,0,0,0,0,0,0,0,0
WG_METRICS 499,256,768,1.1320,0.0076,0.0068,1.0857,0.0147,0.0171,256,768,196608,393216,181092.0312,362184.0625,0.0000,0,0.0000,0.0000,0,0.0000,0,0.0000,0.0000,0,0.0000,0.0000,0,0,0,0,0,0,0,0,0,0,0,0,0,0,0,0,0,0,0,0,0,0,0,0,0
WG_METRICS 500,256,768,1.1726,0.0077,0.0068,1.1259,0.0144,0.0177,256,768,196608,393216,174619.8594,349239.7188,0.0000,0,0.0000,0.0000,0,0.0000,0,0.0000,0.0000,0,0.0000,0.0000,0,0,0,0,0,0,0,0,0,0,0,0,0,0,0,0,0,0,0,0,0,0,0,0,0
WG_METRICS 501,256,768,1.1966,0.0076,0.0125,1.1438,0.0145,0.0181,256,768,196608,393216,171884.1875,343768.3750,0.0000,0,0.0000,0.0000,0,0.0000,0,0.0000,0.0000,0,0.0000,0.0000,0,0,0,0,0,0,0,0,0,0,0,0,0,0,0,0,0,0,0,0,0,0,0,0,0
WG_METRICS 502,256,768,1.0789,0.0077,0.0068,1.0312,0.0167,0.0166,256,768,196608,393216,190666.8281,381333.6562,0.0000,0,0.0000,0.0000,0,0.0000,0,0.0000,0.0000,0,0.0000,0.0000,0,0,0,0,0,0,0,0,0,0,0,0,0,0,0,0,0,0,0,0,0,0,0,0,0
WG_METRICS 503,256,768,1.0132,0.0074,0.0068,0.9728,0.0100,0.0162,256,768,196608,393216,202096.9531,404193.9062,0.0000,0,0.0000,0.0000,0,0.0000,0,0.0000,0.0000,0,0.0000,0.0000,0,0,0,0,0,0,0,0,0,0,0,0,0,0,0,0,0,0,0,0,0,0,0,0,0
WG_METRICS 504,256,768,1.0215,0.0075,0.0068,0.9828,0.0089,0.0154,256,768,196608,393216,200048.8438,400097.6875,0.0000,0,0.0000,0.0000,0,0.0000,0,0.0000,0.0000,0,0.0000,0.0000,0,0,0,0,0,0,0,0,0,0,0,0,0,0,0,0,0,0,0,0,0,0,0,0,0
WG_METRICS 505,256,768,1.1893,0.0078,0.0067,1.1338,0.0231,0.0179,256,768,196608,393216,173400.1250,346800.2500,0.0000,0,0.0000,0.0000,0,0.0000,0,0.0000,0.0000,0,0.0000,0.0000,0,0,0,0,0,0,0,0,0,0,0,0,0,0,0,0,0,0,0,0,0,0,0,0,0
WG_METRICS 506,256,768,1.4686,0.0080,0.0069,1.4196,0.0110,0.0230,256,768,196608,393216,138491.4531,276982.9062,0.0000,0,0.0000,0.0000,0,0.0000,0,0.0000,0.0000,0,0.0000,0.0000,0,0,0,0,0,0,0,0,0,0,0,0,0,0,0,0,0,0,0,0,0,0,0,0,0
WG_METRICS 507,256,768,1.5351,0.0081,0.0068,1.4897,0.0074,0.0230,256,768,196608,393216,131976.4844,263952.9688,0.0000,0,0.0000,0.0000,0,0.0000,0,0.0000,0.0000,0,0.0000,0.0000,0,0,0,0,0,0,0,0,0,0,0,0,0,0,0,0,0,0,0,0,0,0,0,0,0
WG_METRICS 508,256,768,1.3270,0.0080,0.0069,1.2768,0.0148,0.0206,256,768,196608,393216,153984.9531,307969.9062,0.0000,0,0.0000,0.0000,0,0.0000,0,0.0000,0.0000,0,0.0000,0.0000,0,0,0,0,0,0,0,0,0,0,0,0,0,0,0,0,0,0,0,0,0,0,0,0,0
WG_METRICS 509,256,768,1.3805,0.0080,0.0068,1.3290,0.0155,0.0212,256,768,196608,393216,147932.3438,295864.6875,0.0000,0,0.0000,0.0000,0,0.0000,0,0.0000,0.0000,0,0.0000,0.0000,0,0,0,0,0,0,0,0,0,0,0,0,0,0,0,0,0,0,0,0,0,0,0,0,0
WG_METRICS 510,256,768,1.4486,0.0080,0.0070,1.3875,0.0239,0.0222,256,768,196608,393216,141697.4219,283394.8438,0.0000,0,0.0000,0.0000,0,0.0000,0,0.0000,0.0000,0,0.0000,0.0000,0,0,0,0,0,0,0,0,0,0,0,0,0,0,0,0,0,0,0,0,0,0,0,0,0
WG_METRICS 511,256,768,1.3280,0.0080,0.0069,1.2822,0.0104,0.0205,256,768,196608,393216,153341.2344,306682.4688,0.0000,0,0.0000,0.0000,0,0.0000,0,0.0000,0.0000,0,0.0000,0.0000,0,0,0,0,0,0,0,0,0,0,0,0,0,0,0,0,0,0,0,0,0,0,0,0,0
WG_METRICS 512,256,768,1.1666,0.0077,0.0068,1.1188,0.0165,0.0168,256,768,196608,393216,175731.1406,351462.2812,0.0000,0,0.0000,0.0000,0,0.0000,0,0.0000,0.0000,0,0.0000,0.0000,0,0,0,0,0,0,0,0,0,0,0,0,0,0,0,0,0,0,0,0,0,0,0,0,0
WG_METRICS 513,256,768,1.8946,0.0087,0.0070,1.8253,0.0252,0.0284,256,768,196608,393216,107713.8906,215427.7812,0.0000,0,0.0000,0.0000,0,0.0000,0,0.0000,0.0000,0,0.0000,0.0000,0,0,0,0,0,0,0,0,0,0,0,0,0,0,0,0,0,0,0,0,0,0,0,0,0
WG_METRICS 514,256,768,1.9486,0.0088,0.0070,1.8531,0.0503,0.0294,256,768,196608,393216,106095.6641,212191.3281,0.0000,0,0.0000,0.0000,0,0.0000,0,0.0000,0.0000,0,0.0000,0.0000,0,0,0,0,0,0,0,0,0,0,0,0,0,0,0,0,0,0,0,0,0,0,0,0,0
WG_METRICS 515,256,768,1.9168,0.0088,0.0070,1.8452,0.0254,0.0303,256,768,196608,393216,106548.7422,213097.4844,0.0000,0,0.0000,0.0000,0,0.0000,0,0.0000,0.0000,0,0.0000,0.0000,0,0,0,0,0,0,0,0,0,0,0,0,0,0,0,0,0,0,0,0,0,0,0,0,0
WG_METRICS 516,256,768,1.9352,0.0089,0.0070,1.8655,0.0250,0.0288,256,768,196608,393216,105390.4531,210780.9062,0.0000,0,0.0000,0.0000,0,0.0000,0,0.0000,0.0000,0,0.0000,0.0000,0,0,0,0,0,0,0,0,0,0,0,0,0,0,0,0,0,0,0,0,0,0,0,0,0
WG_METRICS 517,256,768,1.4432,0.0082,0.0069,1.3839,0.0236,0.0206,256,768,196608,393216,142070.1250,284140.2500,0.0000,0,0.0000,0.0000,0,0.0000,0,0.0000,0.0000,0,0.0000,0.0000,0,0,0,0,0,0,0,0,0,0,0,0,0,0,0,0,0,0,0,0,0,0,0,0,0
WG_METRICS 518,256,768,1.0436,0.0104,0.0068,0.9879,0.0229,0.0156,256,768,196608,393216,199012.0625,398024.1250,0.0000,0,0.0000,0.0000,0,0.0000,0,0.0000,0.0000,0,0.0000,0.0000,0,0,0,0,0,0,0,0,0,0,0,0,0,0,0,0,0,0,0,0,0,0,0,0,0
WG_METRICS 519,256,768,1.0104,0.0074,0.0068,0.9711,0.0097,0.0154,256,768,196608,393216,202463.2344,404926.4688,0.0000,0,0.0000,0.0000,0,0.0000,0,0.0000,0.0000,0,0.0000,0.0000,0,0,0,0,0,0,0,0,0,0,0,0,0,0,0,0,0,0,0,0,0,0,0,0,0
WG_METRICS 520,256,768,1.0140,0.0075,0.0068,0.9749,0.0090,0.0158,256,768,196608,393216,201665.7812,403331.5625,0.0000,0,0.0000,0.0000,0,0.0000,0,0.0000,0.0000,0,0.0000,0.0000,0,0,0,0,0,0,0,0,0,0,0,0,0,0,0,0,0,0,0,0,0,0,0,0,0
WG_METRICS 521,256,768,1.0421,0.0076,0.0068,0.9971,0.0146,0.0160,256,768,196608,393216,197175.8594,394351.7188,0.0000,0,0.0000,0.0000,0,0.0000,0,0.0000,0.0000,0,0.0000,0.0000,0,0,0,0,0,0,0,0,0,0,0,0,0,0,0,0,0,0,0,0,0,0,0,0,0
WG_METRICS 522,256,768,1.0340,0.0074,0.0069,0.9810,0.0229,0.0158,256,768,196608,393216,200407.7344,400815.4688,0.0000,0,0.0000,0.0000,0,0.0000,0,0.0000,0.0000,0,0.0000,0.0000,0,0,0,0,0,0,0,0,0,0,0,0,0,0,0,0,0,0,0,0,0,0,0,0,0
WG_METRICS 523,256,768,1.0336,0.0078,0.0068,0.9810,0.0226,0.0154,256,768,196608,393216,200424.0781,400848.1562,0.0000,0,0.0000,0.0000,0,0.0000,0,0.0000,0.0000,0,0.0000,0.0000,0,0,0,0,0,0,0,0,0,0,0,0,0,0,0,0,0,0,0,0,0,0,0,0,0
WG_METRICS 524,256,768,1.0462,0.0074,0.0068,0.9933,0.0229,0.0158,256,768,196608,393216,197930.1719,395860.3438,0.0000,0,0.0000,0.0000,0,0.0000,0,0.0000,0.0000,0,0.0000,0.0000,0,0,0,0,0,0,0,0,0,0,0,0,0,0,0,0,0,0,0,0,0,0,0,0,0
WG_METRICS 525,256,768,1.1508,0.0076,0.0068,1.0956,0.0230,0.0179,256,768,196608,393216,179452.3594,358904.7188,0.0000,0,0.0000,0.0000,0,0.0000,0,0.0000,0.0000,0,0.0000,0.0000,0,0,0,0,0,0,0,0,0,0,0,0,0,0,0,0,0,0,0,0,0,0,0,0,0
WG_METRICS 526,256,768,1.2954,0.0078,0.0069,1.2460,0.0145,0.0202,256,768,196608,393216,157786.2656,315572.5312,0.0000,0,0.0000,0.0000,0,0.0000,0,0.0000,0.0000,0,0.0000,0.0000,0,0,0,0,0,0,0,0,0,0,0,0,0,0,0,0,0,0,0,0,0,0,0,0,0
WG_METRICS 527,256,768,1.3853,0.0079,0.0069,1.3248,0.0240,0.0217,256,768,196608,393216,148410.2812,296820.5625,0.0000,0,0.0000,0.0000,0,0.0000,0,0.0000,0.0000,0,0.0000,0.0000,0,0,0,0,0,0,0,0,0,0,0,0,0,0,0,0,0,0,0,0,0,0,0,0,0
WG_METRICS 528,256,768,1.3190,0.0079,0.0070,1.2672,0.0170,0.0199,256,768,196608,393216,155151.5156,310303.0312,0.0000,0,0.0000,0.0000,0,0.0000,0,0.0000,0.0000,0,0.0000,0.0000,0,0,0,0,0,0,0,0,0,0,0,0,0,0,0,0,0,0,0,0,0,0,0,0,0
WG_METRICS 529,256,768,1.1933,0.0077,0.0069,1.1465,0.0145,0.0177,256,768,196608,393216,171482.3906,342964.7812,0.0000,0,0.0000,0.0000,0,0.0000,0,0.0000,0.0000,0,0.0000,0.0000,0,0,0,0,0,0,0,0,0,0,0,0,0,0,0,0,0,0,0,0,0,0,0,0,0
WG_METRICS 530,256,768,1.0948,0.0076,0.0068,1.0388,0.0252,0.0164,256,768,196608,393216,189264.5312,378529.0625,0.0000,0,0.0000,0.0000,0,0.0000,0,0.0000,0.0000,0,0.0000,0.0000,0,0,0,0,0,0,0,0,0,0,0,0,0,0,0,0,0,0,0,0,0,0,0,0,0
WG_METRICS 531,256,768,1.0274,0.0076,0.0068,0.9744,0.0228,0.0158,256,768,196608,393216,201781.6875,403563.3750,0.0000,0,0.0000,0.0000,0,0.0000,0,0.0000,0.0000,0,0.0000,0.0000,0,0,0,0,0,0,0,0,0,0,0,0,0,0,0,0,0,0,0,0,0,0,0,0,0
WG_METRICS 532,256,768,1.0398,0.0075,0.0067,0.9873,0.0228,0.0154,256,768,196608,393216,199133.0000,398266.0000,0.0000,0,0.0000,0.0000,0,0.0000,0,0.0000,0.0000,0,0.0000,0.0000,0,0,0,0,0,0,0,0,0,0,0,0,0,0,0,0,0,0,0,0,0,0,0,0,0
WG_METRICS 533,256,768,1.0629,0.0076,0.0068,1.0089,0.0234,0.0163,256,768,196608,393216,194877.4844,389754.9688,0.0000,0,0.0000,0.0000,0,0.0000,0,0.0000,0.0000,0,0.0000,0.0000,0,0,0,0,0,0,0,0,0,0,0,0,0,0,0,0,0,0,0,0,0,0,0,0,0
WG_METRICS 534,256,768,1.1424,0.0075,0.0068,1.0878,0.0230,0.0172,256,768,196608,393216,180732.4688,361464.9375,0.0000,0,0.0000,0.0000,0,0.0000,0,0.0000,0.0000,0,0.0000,0.0000,0,0,0,0,0,0,0,0,0,0,0,0,0,0,0,0,0,0,0,0,0,0,0,0,0
WG_METRICS 535,256,768,1.2666,0.0078,0.0068,1.2091,0.0236,0.0192,256,768,196608,393216,162604.2031,325208.4062,0.0000,0,0.0000,0.0000,0,0.0000,0,0.0000,0.0000,0,0.0000,0.0000,0,0,0,0,0,0,0,0,0,0,0,0,0,0,0,0,0,0,0,0,0,0,0,0,0
WG_METRICS 536,256,768,1.3738,0.0078,0.0070,1.3147,0.0238,0.0205,256,768,196608,393216,149543.6250,299087.2500,0.0000,0,0.0000,0.0000,0,0.0000,0,0.0000,0.0000,0,0.0000,0.0000,0,0,0,0,0,0,0,0,0,0,0,0,0,0,0,0,0,0,0,0,0,0,0,0,0
WG_METRICS 537,256,768,1.3393,0.0079,0.0069,1.2806,0.0232,0.0207,256,768,196608,393216,153523.2344,307046.4688,0.0000,0,0.0000,0.0000,0,0.0000,0,0.0000,0.0000,0,0.0000,0.0000,0,0,0,0,0,0,0,0,0,0,0,0,0,0,0,0,0,0,0,0,0,0,0,0,0
WG_METRICS 538,256,768,1.1787,0.0076,0.0069,1.1236,0.0231,0.0175,256,768,196608,393216,174974.2031,349948.4062,0.0000,0,0.0000,0.0000,0,0.0000,0,0.0000,0.0000,0,0.0000,0.0000,0,0,0,0,0,0,0,0,0,0,0,0,0,0,0,0,0,0,0,0,0,0,0,0,0
WG_METRICS 539,256,768,1.0292,0.0075,0.0067,0.9950,0.0039,0.0161,256,768,196608,393216,197603.9219,395207.8438,0.0000,0,0.0000,0.0000,0,0.0000,0,0.0000,0.0000,0,0.0000,0.0000,0,0,0,0,0,0,0,0,0,0,0,0,0,0,0,0,0,0,0,0,0,0,0,0,0
WG_METRICS 540,256,768,1.0274,0.0075,0.0068,0.9740,0.0231,0.0161,256,768,196608,393216,201864.5625,403729.1250,0.0000,0,0.0000,0.0000,0,0.0000,0,0.0000,0.0000,0,0.0000,0.0000,0,0,0,0,0,0,0,0,0,0,0,0,0,0,0,0,0,0,0,0,0,0,0,0,0
WG_METRICS 541,256,768,1.0284,0.0074,0.0069,0.9887,0.0093,0.0160,256,768,196608,393216,198851.0469,397702.0938,0.0000,0,0.0000,0.0000,0,0.0000,0,0.0000,0.0000,0,0.0000,0.0000,0,0,0,0,0,0,0,0,0,0,0,0,0,0,0,0,0,0,0,0,0,0,0,0,0
WG_METRICS 542,256,768,1.0124,0.0074,0.0068,0.9688,0.0138,0.0156,256,768,196608,393216,202939.7188,405879.4375,0.0000,0,0.0000,0.0000,0,0.0000,0,0.0000,0.0000,0,0.0000,0.0000,0,0,0,0,0,0,0,0,0,0,0,0,0,0,0,0,0,0,0,0,0,0,0,0,0
WG_METRICS 543,256,768,1.0236,0.0074,0.0068,0.9712,0.0227,0.0154,256,768,196608,393216,202438.2188,404876.4375,0.0000,0,0.0000,0.0000,0,0.0000,0,0.0000,0.0000,0,0.0000,0.0000,0,0,0,0,0,0,0,0,0,0,0,0,0,0,0,0,0,0,0,0,0,0,0,0,0
WG_METRICS 544,256,768,1.0298,0.0075,0.0068,0.9768,0.0230,0.0157,256,768,196608,393216,201277.6406,402555.2812,0.0000,0,0.0000,0.0000,0,0.0000,0,0.0000,0.0000,0,0.0000,0.0000,0,0,0,0,0,0,0,0,0,0,0,0,0,0,0,0,0,0,0,0,0,0,0,0,0
WG_METRICS 545,256,768,1.0094,0.0075,0.0068,0.9657,0.0140,0.0154,256,768,196608,393216,203595.3906,407190.7812,0.0000,0,0.0000,0.0000,0,0.0000,0,0.0000,0.0000,0,0.0000,0.0000,0,0,0,0,0,0,0,0,0,0,0,0,0,0,0,0,0,0,0,0,0,0,0,0,0
WG_METRICS 546,256,768,1.0159,0.0074,0.0068,0.9631,0.0227,0.0158,256,768,196608,393216,204136.5625,408273.1250,0.0000,0,0.0000,0.0000,0,0.0000,0,0.0000,0.0000,0,0.0000,0.0000,0,0,0,0,0,0,0,0,0,0,0,0,0,0,0,0,0,0,0,0,0,0,0,0,0
WG_METRICS 547,256,768,1.0299,0.0075,0.0068,0.9773,0.0228,0.0156,256,768,196608,393216,201178.7812,402357.5625,0.0000,0,0.0000,0.0000,0,0.0000,0,0.0000,0.0000,0,0.0000,0.0000,0,0,0,0,0,0,0,0,0,0,0,0,0,0,0,0,0,0,0,0,0,0,0,0,0
WG_METRICS 548,256,768,1.0208,0.0075,0.0068,0.9684,0.0228,0.0154,256,768,196608,393216,203015.1562,406030.3125,0.0000,0,0.0000,0.0000,0,0.0000,0,0.0000,0.0000,0,0.0000,0.0000,0,0,0,0,0,0,0,0,0,0,0,0,0,0,0,0,0,0,0,0,0,0,0,0,0
WG_METRICS 549,256,768,1.0187,0.0074,0.0068,0.9740,0.0142,0.0163,256,768,196608,393216,201847.9844,403695.9688,0.0000,0,0.0000,0.0000,0,0.0000,0,0.0000,0.0000,0,0.0000,0.0000,0,0,0,0,0,0,0,0,0,0,0,0,0,0,0,0,0,0,0,0,0,0,0,0,0
WG_METRICS 550,256,768,1.0642,0.0078,0.0068,1.0101,0.0230,0.0165,256,768,196608,393216,194638.2500,389276.5000,0.0000,0,0.0000,0.0000,0,0.0000,0,0.0000,0.0000,0,0.0000,0.0000,0,0,0,0,0,0,0,0,0,0,0,0,0,0,0,0,0,0,0,0,0,0,0,0,0
WG_METRICS 551,256,768,1.0886,0.0075,0.0068,1.0351,0.0229,0.0162,256,768,196608,393216,189937.3906,379874.7812,0.0000,0,0.0000,0.0000,0,0.0000,0,0.0000,0.0000,0,0.0000,0.0000,0,0,0,0,0,0,0,0,0,0,0,0,0,0,0,0,0,0,0,0,0,0,0,0,0
WG_METRICS 552,256,768,1.0581,0.0075,0.0069,1.0136,0.0142,0.0160,256,768,196608,393216,193970.0156,387940.0312,0.0000,0,0.0000,0.0000,0,0.0000,0,0.0000,0.0000,0,0.0000,0.0000,0,0,0,0,0,0,0,0,0,0,0,0,0,0,0,0,0,0,0,0,0,0,0,0,0
WG_METRICS 553,256,768,1.1902,0.0076,0.0069,1.1348,0.0232,0.0177,256,768,196608,393216,173253.4375,346506.8750,0.0000,0,0.0000,0.0000,0,0.0000,0,0.0000,0.0000,0,0.0000,0.0000,0,0,0,0,0,0,0,0,0,0,0,0,0,0,0,0,0,0,0,0,0,0,0,0,0
WG_METRICS 554,256,768,1.9364,0.0087,0.0070,1.8657,0.0251,0.0298,256,768,196608,393216,105379.1562,210758.3125,0.0000,0,0.0000,0.0000,0,0.0000,0,0.0000,0.0000,0,0.0000,0.0000,0,0,0,0,0,0,0,0,0,0,0,0,0,0,0,0,0,0,0,0,0,0,0,0,0
WG_METRICS 555,256,768,1.9655,0.0087,0.0070,1.8948,0.0260,0.0289,256,768,196608,393216,103759.6875,207519.3750,0.0000,0,0.0000,0.0000,0,0.0000,0,0.0000,0.0000,0,0.0000,0.0000,0,0,0,0,0,0,0,0,0,0,0,0,0,0,0,0,0,0,0,0,0,0,0,0,0
WG_METRICS 556,256,768,1.9317,0.0088,0.0125,1.8548,0.0262,0.0295,256,768,196608,393216,106001.8516,212003.7031,0.0000,0,0.0000,0.0000,0,0.0000,0,0.0000,0.0000,0,0.0000,0.0000,0,0,0,0,0,0,0,0,0,0,0,0,0,0,0,0,0,0,0,0,0,0,0,0,0
WG_METRICS 557,256,768,1.9453,0.0087,0.0071,1.8747,0.0259,0.0289,256,768,196608,393216,104873.2656,209746.5312,0.0000,0,0.0000,0.0000,0,0.0000,0,0.0000,0.0000,0,0.0000,0.0000,0,0,0,0,0,0,0,0,0,0,0,0,0,0,0,0,0,0,0,0,0,0,0,0,0
WG_METRICS 558,256,768,1.6296,0.0086,0.0070,1.5666,0.0243,0.0231,256,768,196608,393216,125499.8125,250999.6250,0.0000,0,0.0000,0.0000,0,0.0000,0,0.0000,0.0000,0,0.0000,0.0000,0,0,0,0,0,0,0,0,0,0,0,0,0,0,0,0,0,0,0,0,0,0,0,0,0
WG_METRICS 559,256,768,1.2019,0.0078,0.0068,1.1482,0.0228,0.0163,256,768,196608,393216,171231.4844,342462.9688,0.0000,0,0.0000,0.0000,0,0.0000,0,0.0000,0.0000,0,0.0000,0.0000,0,0,0,0,0,0,0,0,0,0,0,0,0,0,0,0,0,0,0,0,0,0,0,0,0
WG_METRICS 560,256,768,1.0153,0.0076,0.0067,0.9695,0.0142,0.0174,256,768,196608,393216,202797.3750,405594.7500,0.0000,0,0.0000,0.0000,0,0.0000,0,0.0000,0.0000,0,0.0000,0.0000,0,0,0,0,0,0,0,0,0,0,0,0,0,0,0,0,0,0,0,0,0,0,0,0,0
WG_METRICS 561,256,768,1.0228,0.0075,0.0069,0.9787,0.0141,0.0156,256,768,196608,393216,200891.0000,401782.0000,0.0000,0,0.0000,0.0000,0,0.0000,0,0.0000,0.0000,0,0.0000,0.0000,0,0,0,0,0,0,0,0,0,0,0,0,0,0,0,0,0,0,0,0,0,0,0,0,0
WG_METRICS 562,256,768,1.0368,0.0076,0.0067,0.9929,0.0140,0.0156,256,768,196608,393216,198009.9062,396019.8125,0.0000,0,0.0000,0.0000,0,0.0000,0,0.0000,0.0000,0,0.0000,0.0000,0,0,0,0,0,0,0,0,0,0,0,0,0,0,0,0,0,0,0,0,0,0,0,0,0
WG_METRICS 563,256,768,1.0390,0.0076,0.0068,0.9860,0.0228,0.0158,256,768,196608,393216,199407.6875,398815.3750,0.0000,0,0.0000,0.0000,0,0.0000,0,0.0000,0.0000,0,0.0000,0.0000,0,0,0,0,0,0,0,0,0,0,0,0,0,0,0,0,0,0,0,0,0,0,0,0,0
WG_METRICS 564,256,768,1.0304,0.0074,0.0068,0.9781,0.0226,0.0154,256,768,196608,393216,201006.0000,402012.0000,0.0000,0,0.0000,0.0000,0,0.0000,0,0.0000,0.0000,0,0.0000,0.0000,0,0,0,0,0,0,0,0,0,0,0,0,0,0,0,0,0,0,0,0,0,0,0,0,0
WG_METRICS 565,256,768,1.0495,0.0075,0.0068,1.0052,0.0142,0.0158,256,768,196608,393216,195583.1562,391166.3125,0.0000,0,0.0000,0.0000,0,0.0000,0,0.0000,0.0000,0,0.0000,0.0000,0,0,0,0,0,0,0,0,0,0,0,0,0,0,0,0,0,0,0,0,0,0,0,0,0
WG_METRICS 566,256,768,1.0348,0.0074,0.0068,0.9817,0.0228,0.0161,256,768,196608,393216,200277.0781,400554.1562,0.0000,0,0.0000,0.0000,0,0.0000,0,0.0000,0.0000,0,0.0000,0.0000,0,0,0,0,0,0,0,0,0,0,0,0,0,0,0,0,0,0,0,0,0,0,0,0,0
WG_METRICS 567,256,768,1.0236,0.0074,0.0068,0.9711,0.0226,0.0157,256,768,196608,393216,202454.8906,404909.7812,0.0000,0,0.0000,0.0000,0,0.0000,0,0.0000,0.0000,0,0.0000,0.0000,0,0,0,0,0,0,0,0,0,0,0,0,0,0,0,0,0,0,0,0,0,0,0,0,0
WG_METRICS 568,256,768,1.0211,0.0076,0.0068,0.9774,0.0139,0.0154,256,768,196608,393216,201145.8438,402291.6875,0.0000,0,0.0000,0.0000,0,0.0000,0,0.0000,0.0000,0,0.0000,0.0000,0,0,0,0,0,0,0,0,0,0,0,0,0,0,0,0,0,0,0,0,0,0,0,0,0
WG_METRICS 569,256,768,1.0344,0.0074,0.0069,0.9903,0.0141,0.0157,256,768,196608,393216,198537.7969,397075.5938,0.0000,0,0.0000,0.0000,0,0.0000,0,0.0000,0.0000,0,0.0000,0.0000,0,0,0,0,0,0,0,0,0,0,0,0,0,0,0,0,0,0,0,0,0,0,0,0,0
WG_METRICS 570,256,768,1.0250,0.0075,0.0068,0.9761,0.0184,0.0163,256,768,196608,393216,201426.1094,402852.2188,0.0000,0,0.0000,0.0000,0,0.0000,0,0.0000,0.0000,0,0.0000,0.0000,0,0,0,0,0,0,0,0,0,0,0,0,0,0,0,0,0,0,0,0,0,0,0,0,0
WG_METRICS 571,256,768,1.1320,0.0076,0.0069,1.0860,0.0144,0.0171,256,768,196608,393216,181045.3438,362090.6875,0.0000,0,0.0000,0.0000,0,0.0000,0,0.0000,0.0000,0,0.0000,0.0000,0,0,0,0,0,0,0,0,0,0,0,0,0,0,0,0,0,0,0,0,0,0,0,0,0
WG_METRICS 572,256,768,1.2329,0.0079,0.0067,1.1844,0.0149,0.0190,256,768,196608,393216,165992.3594,331984.7188,0.0000,0,0.0000,0.0000,0,0.0000,0,0.0000,0.0000,0,0.0000,0.0000,0,0,0,0,0,0,0,0,0,0,0,0,0,0,0,0,0,0,0,0,0,0,0,0,0
WG_METRICS 573,256,768,1.3947,0.0081,0.0069,1.3430,0.0150,0.0216,256,768,196608,393216,146390.2812,292780.5625,0.0000,0,0.0000,0.0000,0,0.0000,0,0.0000,0.0000,0,0.0000,0.0000,0,0,0,0,0,0,0,0,0,0,0,0,0,0,0,0,0,0,0,0,0,0,0,0,0
WG_METRICS 574,256,768,1.3948,0.0079,0.0069,1.3358,0.0241,0.0202,256,768,196608,393216,147188.1250,294376.2500,0.0000,0,0.0000,0.0000,0,0.0000,0,0.0000,0.0000,0,0.0000,0.0000,0,0,0,0,0,0,0,0,0,0,0,0,0,0,0,0,0,0,0,0,0,0,0,0,0
WG_METRICS 575,256,768,1.6953,0.0082,0.0070,1.6331,0.0204,0.0265,256,768,196608,393216,120387.9766,240775.9531,0.0000,0,0.0000,0.0000,0,0.0000,0,0.0000,0.0000,0,0.0000,0.0000,0,0,0,0,0,0,0,0,0,0,0,0,0,0,0,0,0,0,0,0,0,0,0,0,0
WG_METRICS 576,256,768,1.9199,0.0088,0.0070,1.8579,0.0164,0.0299,256,768,196608,393216,105823.8438,211647.6875,0.0000,0,0.0000,0.0000,0,0.0000,0,0.0000,0.0000,0,0.0000,0.0000,0,0,0,0,0,0,0,0,0,0,0,0,0,0,0,0,0,0,0,0,0,0,0,0,0
WG_METRICS 577,256,768,1.9223,0.0086,0.0070,1.8524,0.0254,0.0288,256,768,196608,393216,106134.6094,212269.2188,0.0000,0,0.0000,0.0000,0,0.0000,0,0.0000,0.0000,0,0.0000,0.0000,0,0,0,0,0,0,0,0,0,0,0,0,0,0,0,0,0,0,0,0,0,0,0,0,0
WG_METRICS 578,256,768,1.8031,0.0088,0.0070,1.7358,0.0248,0.0267,256,768,196608,393216,113263.8984,226527.7969,0.0000,0,0.0000,0.0000,0,0.0000,0,0.0000,0.0000,0,0.0000,0.0000,0,0,0,0,0,0,0,0,0,0,0,0,0,0,0,0,0,0,0,0,0,0,0,0,0
WG_METRICS 579,256,768,1.2882,0.0079,0.0068,1.2456,0.0084,0.0195,256,768,196608,393216,157836.9375,315673.8750,0.0000,0,0.0000,0.0000,0,0.0000,0,0.0000,0.0000,0,0.0000,0.0000,0,0,0,0,0,0,0,0,0,0,0,0,0,0,0,0,0,0,0,0,0,0,0,0,0
WG_METRICS 580,256,768,1.0098,0.0075,0.0068,0.9689,0.0075,0.0191,256,768,196608,393216,202922.9688,405845.9375,0.0000,0,0.0000,0.0000,0,0.0000,0,0.0000,0.0000,0,0.0000,0.0000,0,0,0,0,0,0,0,0,0,0,0,0,0,0,0,0,0,0,0,0,0,0,0,0,0
WG_METRICS 581,256,768,1.0208,0.0074,0.0068,0.9770,0.0140,0.0156,256,768,196608,393216,201244.6719,402489.3438,0.0000,0,0.0000,0.0000,0,0.0000,0,0.0000,0.0000,0,0.0000,0.0000,0,0,0,0,0,0,0,0,0,0,0,0,0,0,0,0,0,0,0,0,0,0,0,0,0
WG_METRICS 582,256,768,1.0172,0.0074,0.0068,0.9770,0.0100,0.0160,256,768,196608,393216,201236.4375,402472.8750,0.0000,0,0.0000,0.0000,0,0.0000,0,0.0000,0.0000,0,0.0000,0.0000,0,0,0,0,0,0,0,0,0,0,0,0,0,0,0,0,0,0,0,0,0,0,0,0,0
WG_METRICS 583,256,768,1.0415,0.0075,0.0068,1.0072,0.0045,0.0155,256,768,196608,393216,195194.7812,390389.5625,0.0000,0,0.0000,0.0000,0,0.0000,0,0.0000,0.0000,0,0.0000,0.0000,0,0,0,0,0,0,0,0,0,0,0,0,0,0,0,0,0,0,0,0,0,0,0,0,0
WG_METRICS 584,256,768,1.0213,0.0076,0.0068,0.9744,0.0165,0.0159,256,768,196608,393216,201765.1250,403530.2500,0.0000,0,0.0000,0.0000,0,0.0000,0,0.0000,0.0000,0,0.0000,0.0000,0,0,0,0,0,0,0,0,0,0,0,0,0,0,0,0,0,0,0,0,0,0,0,0,0
WG_METRICS 585,256,768,1.0431,0.0074,0.0068,0.9965,0.0165,0.0159,256,768,196608,393216,197302.5000,394605.0000,0.0000,0,0.0000,0.0000,0,0.0000,0,0.0000,0.0000,0,0.0000,0.0000,0,0,0,0,0,0,0,0,0,0,0,0,0,0,0,0,0,0,0,0,0,0,0,0,0
WG_METRICS 586,256,768,1.0483,0.0074,0.0068,1.0017,0.0165,0.0158,256,768,196608,393216,196278.2500,392556.5000,0.0000,0,0.0000,0.0000,0,0.0000,0,0.0000,0.0000,0,0.0000,0.0000,0,0,0,0,0,0,0,0,0,0,0,0,0,0,0,0,0,0,0,0,0,0,0,0,0
WG_METRICS 587,256,768,1.0791,0.0076,0.0067,1.0321,0.0165,0.0161,256,768,196608,393216,190489.4844,380978.9688,0.0000,0,0.0000,0.0000,0,0.0000,0,0.0000,0.0000,0,0.0000,0.0000,0,0,0,0,0,0,0,0,0,0,0,0,0,0,0,0,0,0,0,0,0,0,0,0,0
WG_METRICS 588,256,768,1.1331,0.0075,0.0066,1.0792,0.0226,0.0172,256,768,196608,393216,182179.3906,364358.7812,0.0000,0,0.0000,0.0000,0,0.0000,0,0.0000,0.0000,0,0.0000,0.0000,0,0,0,0,0,0,0,0,0,0,0,0,0,0,0,0,0,0,0,0,0,0,0,0,0
WG_METRICS 589,256,768,1.2329,0.0079,0.0069,1.1810,0.0174,0.0198,256,768,196608,393216,166475.8750,332951.7500,0.0000,0,0.0000,0.0000,0,0.0000,0,0.0000,0.0000,0,0.0000,0.0000,0,0,0,0,0,0,0,0,0,0,0,0,0,0,0,0,0,0,0,0,0,0,0,0,0
WG_METRICS 590,256,768,1.3056,0.0078,0.0069,1.2561,0.0149,0.0200,256,768,196608,393216,156525.0625,313050.1250,0.0000,0,0.0000,0.0000,0,0.0000,0,0.0000,0.0000,0,0.0000,0.0000,0,0,0,0,0,0,0,0,0,0,0,0,0,0,0,0,0,0,0,0,0,0,0,0,0
WG_METRICS 591,256,768,1.5324,0.0081,0.0069,1.4691,0.0241,0.0242,256,768,196608,393216,133827.0469,267654.0938,0.0000,0,0.0000,0.0000,0,0.0000,0,0.0000,0.0000,0,0.0000,0.0000,0,0,0,0,0,0,0,0,0,0,0,0,0,0,0,0,0,0,0,0,0,0,0,0,0
WG_METRICS 592,256,768,1.6369,0.0083,0.0069,1.5724,0.0243,0.0250,256,768,196608,393216,125036.8906,250073.7812,0.0000,0,0.0000,0.0000,0,0.0000,0,0.0000,0.0000,0,0.0000,0.0000,0,0,0,0,0,0,0,0,0,0,0,0,0,0,0,0,0,0,0,0,0,0,0,0,0
WG_METRICS 593,256,768,1.4851,0.0081,0.0070,1.4332,0.0153,0.0215,256,768,196608,393216,137177.2969,274354.5938,0.0000,0,0.0000,0.0000,0,0.0000,0,0.0000,0.0000,0,0.0000,0.0000,0,0,0,0,0,0,0,0,0,0,0,0,0,0,0,0,0,0,0,0,0,0,0,0,0
WG_METRICS 594,256,768,1.4551,0.0084,0.0069,1.3916,0.0241,0.0240,256,768,196608,393216,141277.9219,282555.8438,0.0000,0,0.0000,0.0000,0,0.0000,0,0.0000,0.0000,0,0.0000,0.0000,0,0,0,0,0,0,0,0,0,0,0,0,0,0,0,0,0,0,0,0,0,0,0,0,0
WG_METRICS 595,256,768,1.9339,0.0087,0.0070,1.8640,0.0254,0.0288,256,768,196608,393216,105476.3984,210952.7969,0.0000,0,0.0000,0.0000,0,0.0000,0,0.0000,0.0000,0,0.0000,0.0000,0,0,0,0,0,0,0,0,0,0,0,0,0,0,0,0,0,0,0,0,0,0,0,0,0
WG_METRICS 596,256,768,1.9393,0.0089,0.0070,1.8698,0.0248,0.0287,256,768,196608,393216,105146.9609,210293.9219,0.0000,0,0.0000,0.0000,0,0.0000,0,0.0000,0.0000,0,0.0000,0.0000,0,0,0,0,0,0,0,0,0,0,0,0,0,0,0,0,0,0,0,0,0,0,0,0,0
WG_METRICS 597,256,768,1.9540,0.0089,0.0070,1.8825,0.0257,0.0298,256,768,196608,393216,104438.7344,208877.4688,0.0000,0,0.0000,0.0000,0,0.0000,0,0.0000,0.0000,0,0.0000,0.0000,0,0,0,0,0,0,0,0,0,0,0,0,0,0,0,0,0,0,0,0,0,0,0,0,0
WG_METRICS 598,256,768,1.9440,0.0087,0.0071,1.8827,0.0166,0.0288,256,768,196608,393216,104427.6406,208855.2812,0.0000,0,0.0000,0.0000,0,0.0000,0,0.0000,0.0000,0,0.0000,0.0000,0,0,0,0,0,0,0,0,0,0,0,0,0,0,0,0,0,0,0,0,0,0,0,0,0
WG_METRICS 599,256,768,1.3723,0.0080,0.0069,1.3240,0.0146,0.0188,256,768,196608,393216,148499.9531,296999.9062,0.0000,0,0.0000,0.0000,0,0.0000,0,0.0000,0.0000,0,0.0000,0.0000,0,0,0,0,0,0,0,0,0,0,0,0,0,0,0,0,0,0,0,0,0,0,0,0,0
WG_METRICS 600,256,768,1.1062,0.0076,0.0068,1.0524,0.0226,0.0168,256,768,196608,393216,186811.5938,373623.1875,0.0000,0,0.0000,0.0000,0,0.0000,0,0.0000,0.0000,0,0.0000,0.0000,0,0,0,0,0,0,0,0,0,0,0,0,0,0,0,0,0,0,0,0,0,0,0,0,0
WG_METRICS 601,256,768,1.0714,0.0076,0.0068,1.0155,0.0252,0.0163,256,768,196608,393216,193603.2812,387206.5625,0.0000,0,0.0000,0.0000,0,0.0000,0,0.0000,0.0000,0,0.0000,0.0000,0,0,0,0,0,0,0,0,0,0,0,0,0,0,0,0,0,0,0,0,0,0,0,0,0
WG_METRICS 602,256,768,1.0331,0.0075,0.0067,0.9802,0.0228,0.0158,256,768,196608,393216,200579.4688,401158.9375,0.0000,0,0.0000,0.0000,0,0.0000,0,0.0000,0.0000,0,0.0000,0.0000,0,0,0,0,0,0,0,0,0,0,0,0,0,0,0,0,0,0,0,0,0,0,0,0,0
WG_METRICS 603,256,768,1.0142,0.0075,0.0068,0.9703,0.0140,0.0156,256,768,196608,393216,202630.1719,405260.3438,0.0000,0,0.0000,0.0000,0,0.0000,0,0.0000,0.0000,0,0.0000,0.0000,0,0,0,0,0,0,0,0,0,0,0,0,0,0,0,0,0,0,0,0,0,0,0,0,0
WG_METRICS 604,256,768,1.0297,0.0076,0.0068,0.9829,0.0164,0.0162,256,768,196608,393216,200032.5625,400065.1250,0.0000,0,0.0000,0.0000,0,0.0000,0,0.0000,0.0000,0,0.0000,0.0000,0,0,0,0,0,0,0,0,0,0,0,0,0,0,0,0,0,0,0,0,0,0,0,0,0
WG_METRICS 605,256,768,1.0328,0.0075,0.0069,0.9864,0.0165,0.0156,256,768,196608,393216,199310.6562,398621.3125,0.0000,0,0.0000,0.0000,0,0.0000,0,0.0000,0.0000,0,0.0000,0.0000,0,0,0,0,0,0,0,0,0,0,0,0,0,0,0,0,0,0,0,0,0,0,0,0,0
WG_METRICS 606,256,768,1.0130,0.0074,0.0068,0.9742,0.0085,0.0161,256,768,196608,393216,201823.1094,403646.2188,0.0000,0,0.0000,0.0000,0,0.0000,0,0.0000,0.0000,0,0.0000,0.0000,0,0,0,0,0,0,0,0,0,0,0,0,0,0,0,0,0,0,0,0,0,0,0,0,0
WG_METRICS 607,256,768,1.0154,0.0074,0.0069,0.9758,0.0098,0.0156,256,768,196608,393216,201492.1719,402984.3438,0.0000,0,0.0000,0.0000,0,0.0000,0,0.0000,0.0000,0,0.0000,0.0000,0,0,0,0,0,0,0,0,0,0,0,0,0,0,0,0,0,0,0,0,0,0,0,0,0
WG_METRICS 608,256,768,1.0374,0.0074,0.0068,0.9910,0.0165,0.0156,256,768,196608,393216,198401.5469,396803.0938,0.0000,0,0.0000,0.0000,0,0.0000,0,0.0000,0.0000,0,0.0000,0.0000,0,0,0,0,0,0,0,0,0,0,0,0,0,0,0,0,0,0,0,0,0,0,0,0,0
WG_METRICS 609,256,768,1.0178,0.0074,0.0068,0.9715,0.0166,0.0155,256,768,196608,393216,202379.8750,404759.7500,0.0000,0,0.0000,0.0000,0,0.0000,0,0.0000,0.0000,0,0.0000,0.0000,0,0,0,0,0,0,0,0,0,0,0,0,0,0,0,0,0,0,0,0,0,0,0,0,0
WG_METRICS 610,256,768,1.0218,0.0074,0.0068,0.9834,0.0087,0.0154,256,768,196608,393216,199918.6562,399837.3125,0.0000,0,0.0000,0.0000,0,0.0000,0,0.0000,0.0000,0,0.0000,0.0000,0,0,0,0,0,0,0,0,0,0,0,0,0,0,0,0,0,0,0,0,0,0,0,0,0
WG_METRICS 611,256,768,1.0368,0.0075,0.0068,0.9934,0.0138,0.0154,256,768,196608,393216,197914.2344,395828.4688,0.0000,0,0.0000,0.0000,0,0.0000,0,0.0000,0.0000,0,0.0000,0.0000,0,0,0,0,0,0,0,0,0,0,0,0,0,0,0,0,0,0,0,0,0,0,0,0,0
WG_METRICS 612,256,768,1.0235,0.0075,0.0068,0.9796,0.0142,0.0155,256,768,196608,393216,200710.5156,401421.0312,0.0000,0,0.0000,0.0000,0,0.0000,0,0.0000,0.0000,0,0.0000,0.0000,0,0,0,0,0,0,0,0,0,0,0,0,0,0,0,0,0,0,0,0,0,0,0,0,0
WG_METRICS 613,256,768,1.0304,0.0077,0.0067,0.9900,0.0098,0.0162,256,768,196608,393216,198585.9219,397171.8438,0.0000,0,0.0000,0.0000,0,0.0000,0,0.0000,0.0000,0,0.0000,0.0000,0,0,0,0,0,0,0,0,0,0,0,0,0,0,0,0,0,0,0,0,0,0,0,0,0
WG_METRICS 614,256,768,1.0336,0.0075,0.0064,0.9873,0.0164,0.0160,256,768,196608,393216,199133.0000,398266.0000,0.0000,0,0.0000,0.0000,0,0.0000,0,0.0000,0.0000,0,0.0000,0.0000,0,0,0,0,0,0,0,0,0,0,0,0,0,0,0,0,0,0,0,0,0,0,0,0,0
WG_METRICS 615,256,768,1.0444,0.0075,0.0068,0.9919,0.0227,0.0155,256,768,196608,393216,198209.5312,396419.0625,0.0000,0,0.0000,0.0000,0,0.0000,0,0.0000,0.0000,0,0.0000,0.0000,0,0,0,0,0,0,0,0,0,0,0,0,0,0,0,0,0,0,0,0,0,0,0,0,0
WG_METRICS 616,256,768,1.1286,0.0076,0.0068,1.0744,0.0229,0.0169,256,768,196608,393216,183000.1094,366000.2188,0.0000,0,0.0000,0.0000,0,0.0000,0,0.0000,0.0000,0,0.0000,0.0000,0,0,0,0,0,0,0,0,0,0,0,0,0,0,0,0,0,0,0,0,0,0,0,0,0
WG_METRICS 617,256,768,1.1949,0.0077,0.0068,1.1385,0.0233,0.0186,256,768,196608,393216,172693.4219,345386.8438,0.0000,0,0.0000,0.0000,0,0.0000,0,0.0000,0.0000,0,0.0000,0.0000,0,0,0,0,0,0,0,0,0,0,0,0,0,0,0,0,0,0,0,0,0,0,0,0,0
WG_METRICS 618,256,768,1.1452,0.0076,0.0068,1.0901,0.0229,0.0178,256,768,196608,393216,180361.0781,360722.1562,0.0000,0,0.0000,0.0000,0,0.0000,0,0.0000,0.0000,0,0.0000,0.0000,0,0,0,0,0,0,0,0,0,0,0,0,0,0,0,0,0,0,0,0,0,0,0,0,0
WG_METRICS 619,256,768,1.0613,0.0075,0.0066,1.0084,0.0229,0.0160,256,768,196608,393216,194977.9844,389955.9688,0.0000,0,0.0000,0.0000,0,0.0000,0,0.0000,0.0000,0,0.0000,0.0000,0,0,0,0,0,0,0,0,0,0,0,0,0,0,0,0,0,0,0,0,0,0,0,0,0
WG_METRICS 620,256,768,1.0355,0.0074,0.0068,0.9829,0.0228,0.0156,256,768,196608,393216,200032.5625,400065.1250,0.0000,0,0.0000,0.0000,0,0.0000,0,0.0000,0.0000,0,0.0000,0.0000,0,0,0,0,0,0,0,0,0,0,0,0,0,0,0,0,0,0,0,0,0,0,0,0,0
WG_METRICS 621,256,768,1.0210,0.0075,0.0068,0.9683,0.0228,0.0156,256,768,196608,393216,203048.7031,406097.4062,0.0000,0,0.0000,0.0000,0,0.0000,0,0.0000,0.0000,0,0.0000,0.0000,0,0,0,0,0,0,0,0,0,0,0,0,0,0,0,0,0,0,0,0,0,0,0,0,0
WG_METRICS 622,256,768,1.0488,0.0076,0.0068,1.0055,0.0124,0.0165,256,768,196608,393216,195536.4531,391072.9062,0.0000,0,0.0000,0.0000,0,0.0000,0,0.0000,0.0000,0,0.0000,0.0000,0,0,0,0,0,0,0,0,0,0,0,0,0,0,0,0,0,0,0,0,0,0,0,0,0
WG_METRICS 623,256,768,1.0577,0.0074,0.0069,0.9748,0.0530,0.0156,256,768,196608,393216,201690.6094,403381.2188,0.0000,0,0.0000,0.0000,0,0.0000,0,0.0000,0.0000,0,0.0000,0.0000,0,0,0,0,0,0,0,0,0,0,0,0,0,0,0,0,0,0,0,0,0,0,0,0,0
WG_METRICS 624,256,768,1.0267,0.0074,0.0068,0.9826,0.0143,0.0156,256,768,196608,393216,200097.7031,400195.4062,0.0000,0,0.0000,0.0000,0,0.0000,0,0.0000,0.0000,0,0.0000,0.0000,0,0,0,0,0,0,0,0,0,0,0,0,0,0,0,0,0,0,0,0,0,0,0,0,0
WG_METRICS 625,256,768,1.0274,0.0075,0.0068,0.9747,0.0228,0.0156,256,768,196608,393216,201715.4375,403430.8750,0.0000,0,0.0000,0.0000,0,0.0000,0,0.0000,0.0000,0,0.0000,0.0000,0,0,0,0,0,0,0,0,0,0,0,0,0,0,0,0,0,0,0,0,0,0,0,0,0
WG_METRICS 626,256,768,1.0247,0.0075,0.0068,0.9714,0.0231,0.0160,256,768,196608,393216,202396.5312,404793.0625,0.0000,0,0.0000,0.0000,0,0.0000,0,0.0000,0.0000,0,0.0000,0.0000,0,0,0,0,0,0,0,0,0,0,0,0,0,0,0,0,0,0,0,0,0,0,0,0,0
WG_METRICS 627,256,768,1.0320,0.0075,0.0068,0.9881,0.0140,0.0156,256,768,196608,393216,198971.7812,397943.5625,0.0000,0,0.0000,0.0000,0,0.0000,0,0.0000,0.0000,0,0.0000,0.0000,0,0,0,0,0,0,0,0,0,0,0,0,0,0,0,0,0,0,0,0,0,0,0,0,0
WG_METRICS 628,256,768,1.0356,0.0075,0.0068,0.9916,0.0140,0.0158,256,768,196608,393216,198265.5000,396531.0000,0.0000,0,0.0000,0.0000,0,0.0000,0,0.0000,0.0000,0,0.0000,0.0000,0,0,0,0,0,0,0,0,0,0,0,0,0,0,0,0,0,0,0,0,0,0,0,0,0
WG_METRICS 629,256,768,1.0191,0.0074,0.0068,0.9668,0.0226,0.0153,256,768,196608,393216,203351.1250,406702.2500,0.0000,0,0.0000,0.0000,0,0.0000,0,0.0000,0.0000,0,0.0000,0.0000,0,0,0,0,0,0,0,0,0,0,0,0,0,0,0,0,0,0,0,0,0,0,0,0,0
WG_METRICS 630,256,768,1.0340,0.0075,0.0067,0.9816,0.0226,0.0156,256,768,196608,393216,200301.5625,400603.1250,0.0000,0,0.0000,0.0000,0,0.0000,0,0.0000,0.0000,0,0.0000,0.0000,0,0,0,0,0,0,0,0,0,0,0,0,0,0,0,0,0,0,0,0,0,0,0,0,0
WG_METRICS 631,256,768,1.0116,0.0075,0.0068,0.9718,0.0098,0.0157,256,768,196608,393216,202304.9062,404609.8125,0.0000,0,0.0000,0.0000,0,0.0000,0,0.0000,0.0000,0,0.0000,0.0000,0,0,0,0,0,0,0,0,0,0,0,0,0,0,0,0,0,0,0,0,0,0,0,0,0
WG_METRICS 632,256,768,1.0441,0.0074,0.0069,1.0096,0.0044,0.0158,256,768,196608,393216,194730.7969,389461.5938,0.0000,0,0.0000,0.0000,0,0.0000,0,0.0000,0.0000,0,0.0000,0.0000,0,0,0,0,0,0,0,0,0,0,0,0,0,0,0,0,0,0,0,0,0,0,0,0,0
WG_METRICS 633,256,768,1.0271,0.0075,0.0068,0.9801,0.0166,0.0161,256,768,196608,393216,200595.8438,401191.6875,0.0000,0,0.0000,0.0000,0,0.0000,0,0.0000,0.0000,0,0.0000,0.0000,0,0,0,0,0,0,0,0,0,0,0,0,0,0,0,0,0,0,0,0,0,0,0,0,0
WG_METRICS 634,256,768,1.0322,0.0075,0.0068,0.9855,0.0168,0.0156,256,768,196608,393216,199496.7188,398993.4375,0.0000,0,0.0000,0.0000,0,0.0000,0,0.0000,0.0000,0,0.0000,0.0000,0,0,0,0,0,0,0,0,0,0,0,0,0,0,0,0,0,0,0,0,0,0,0,0,0
WG_METRICS 635,256,768,1.0250,0.0074,0.0068,0.9786,0.0165,0.0157,256,768,196608,393216,200915.6406,401831.2812,0.0000,0,0.0000,0.0000,0,0.0000,0,0.0000,0.0000,0,0.0000,0.0000,0,0,0,0,0,0,0,0,0,0,0,0,0,0,0,0,0,0,0,0,0,0,0,0,0
WG_METRICS 636,256,768,1.0227,0.0074,0.0068,0.9760,0.0164,0.0161,256,768,196608,393216,201450.8750,402901.7500,0.0000,0,0.0000,0.0000,0,0.0000,0,0.0000,0.0000,0,0.0000,0.0000,0,0,0,0,0,0,0,0,0,0,0,0,0,0,0,0,0,0,0,0,0,0,0,0,0
WG_METRICS 637,256,768,1.4514,0.0101,0.0069,1.3872,0.0240,0.0232,256,768,196608,393216,141730.1094,283460.2188,0.0000,0,0.0000,0.0000,0,0.0000,0,0.0000,0.0000,0,0.0000,0.0000,0,0,0,0,0,0,0,0,0,0,0,0,0,0,0,0,0,0,0,0,0,0,0,0,0
WG_METRICS 638,256,768,1.7208,0.0082,0.0070,1.6544,0.0248,0.0264,256,768,196608,393216,118842.3281,237684.6562,0.0000,0,0.0000,0.0000,0,0.0000,0,0.0000,0.0000,0,0.0000,0.0000,0,0,0,0,0,0,0,0,0,0,0,0,0,0,0,0,0,0,0,0,0,0,0,0,0
WG_METRICS 639,256,768,1.6781,0.0084,0.0070,1.6152,0.0230,0.0246,256,768,196608,393216,121720.6094,243441.2188,0.0000,0,0.0000,0.0000,0,0.0000,0,0.0000,0.0000,0,0.0000,0.0000,0,0,0,0,0,0,0,0,0,0,0,0,0,0,0,0,0,0,0,0,0,0,0,0,0
WG_METRICS 640,256,768,1.4158,0.0081,0.0068,1.3659,0.0150,0.0200,256,768,196608,393216,143938.1562,287876.3125,0.0000,0,0.0000,0.0000,0,0.0000,0,0.0000,0.0000,0,0.0000,0.0000,0,0,0,0,0,0,0,0,0,0,0,0,0,0,0,0,0,0,0,0,0,0,0,0,0
WG_METRICS 641,256,768,1.1575,0.0078,0.0070,1.1118,0.0138,0.0172,256,768,196608,393216,176831.2031,353662.4062,0.0000,0,0.0000,0.0000,0,0.0000,0,0.0000,0.0000,0,0.0000,0.0000,0,0,0,0,0,0,0,0,0,0,0,0,0,0,0,0,0,0,0,0,0,0,0,0,0
WG_METRICS 642,256,768,1.0060,0.0076,0.0068,0.9652,0.0091,0.0172,256,768,196608,393216,203696.6406,407393.2812,0.0000,0,0.0000,0.0000,0,0.0000,0,0.0000,0.0000,0,0.0000,0.0000,0,0,0,0,0,0,0,0,0,0,0,0,0,0,0,0,0,0,0,0,0,0,0,0,0
WG_METRICS 643,256,768,1.0402,0.0075,0.0068,0.9874,0.0230,0.0155,256,768,196608,393216,199108.8125,398217.6250,0.0000,0,0.0000,0.0000,0,0.0000,0,0.0000,0.0000,0,0.0000,0.0000,0,0,0,0,0,0,0,0,0,0,0,0,0,0,0,0,0,0,0,0,0,0,0,0,0
WG_METRICS 644,256,768,1.0410,0.0075,0.0067,0.9886,0.0227,0.0156,256,768,196608,393216,198883.2188,397766.4375,0.0000,0,0.0000,0.0000,0,0.0000,0,0.0000,0.0000,0,0.0000,0.0000,0,0,0,0,0,0,0,0,0,0,0,0,0,0,0,0,0,0,0,0,0,0,0,0,0
WG_METRICS 645,256,768,1.0416,0.0074,0.0069,0.9886,0.0229,0.0159,256,768,196608,393216,198867.1250,397734.2500,0.0000,0,0.0000,0.0000,0,0.0000,0,0.0000,0.0000,0,0.0000,0.0000,0,0,0,0,0,0,0,0,0,0,0,0,0,0,0,0,0,0,0,0,0,0,0,0,0
WG_METRICS 646,256,768,1.0410,0.0074,0.0068,0.9879,0.0228,0.0161,256,768,196608,393216,199020.1250,398040.2500,0.0000,0,0.0000,0.0000,0,0.0000,0,0.0000,0.0000,0,0.0000,0.0000,0,0,0,0,0,0,0,0,0,0,0,0,0,0,0,0,0,0,0,0,0,0,0,0,0
WG_METRICS 647,256,768,1.0211,0.0075,0.0068,0.9769,0.0142,0.0157,256,768,196608,393216,201261.1562,402522.3125,0.0000,0,0.0000,0.0000,0,0.0000,0,0.0000,0.0000,0,0.0000,0.0000,0,0,0,0,0,0,0,0,0,0,0,0,0,0,0,0,0,0,0,0,0,0,0,0,0
WG_METRICS 648,256,768,1.0296,0.0076,0.0068,0.9767,0.0228,0.0157,256,768,196608,393216,201294.1250,402588.2500,0.0000,0,0.0000,0.0000,0,0.0000,0,0.0000,0.0000,0,0.0000,0.0000,0,0,0,0,0,0,0,0,0,0,0,0,0,0,0,0,0,0,0,0,0,0,0,0,0
WG_METRICS 649,256,768,1.0333,0.0074,0.0068,0.9802,0.0231,0.0157,256,768,196608,393216,200571.2969,401142.5938,0.0000,0,0.0000,0.0000,0,0.0000,0,0.0000,0.0000,0,0.0000,0.0000,0,0,0,0,0,0,0,0,0,0,0,0,0,0,0,0,0,0,0,0,0,0,0,0,0
WG_METRICS 650,256,768,1.0214,0.0074,0.0068,0.9732,0.0182,0.0157,256,768,196608,393216,202022.1875,404044.3750,0.0000,0,0.0000,0.0000,0,0.0000,0,0.0000,0.0000,0,0.0000,0.0000,0,0,0,0,0,0,0,0,0,0,0,0,0,0,0,0,0,0,0,0,0,0,0,0,0
WG_METRICS 651,256,768,1.0244,0.0074,0.0068,0.9718,0.0228,0.0156,256,768,196608,393216,202313.2344,404626.4688,0.0000,0,0.0000,0.0000,0,0.0000,0,0.0000,0.0000,0,0.0000,0.0000,0,0,0,0,0,0,0,0,0,0,0,0,0,0,0,0,0,0,0,0,0,0,0,0,0
WG_METRICS 652,256,768,1.0300,0.0074,0.0066,0.9860,0.0144,0.0156,256,768,196608,393216,199407.6875,398815.3750,0.0000,0,0.0000,0.0000,0,0.0000,0,0.0000,0.0000,0,0.0000,0.0000,0,0,0,0,0,0,0,0,0,0,0,0,0,0,0,0,0,0,0,0,0,0,0,0,0
WG_METRICS 653,256,768,1.0130,0.0074,0.0068,0.9662,0.0166,0.0159,256,768,196608,393216,203477.4062,406954.8125,0.0000,0,0.0000,0.0000,0,0.0000,0,0.0000,0.0000,0,0.0000,0.0000,0,0,0,0,0,0,0,0,0,0,0,0,0,0,0,0,0,0,0,0,0,0,0,0,0
WG_METRICS 654,256,768,1.0383,0.0074,0.0069,0.9941,0.0143,0.0157,256,768,196608,393216,197778.8438,395557.6875,0.0000,0,0.0000,0.0000,0,0.0000,0,0.0000,0.0000,0,0.0000,0.0000,0,0,0,0,0,0,0,0,0,0,0,0,0,0,0,0,0,0,0,0,0,0,0,0,0
WG_METRICS 655,256,768,1.0300,0.0076,0.0069,0.9762,0.0234,0.0160,256,768,196608,393216,201409.6094,402819.2188,0.0000,0,0.0000,0.0000,0,0.0000,0,0.0000,0.0000,0,0.0000,0.0000,0,0,0,0,0,0,0,0,0,0,0,0,0,0,0,0,0,0,0,0,0,0,0,0,0
WG_METRICS 656,256,768,1.0249,0.0073,0.0066,0.9809,0.0140,0.0161,256,768,196608,393216,200440.4219,400880.8438,0.0000,0,0.0000,0.0000,0,0.0000,0,0.0000,0.0000,0,0.0000,0.0000,0,0,0,0,0,0,0,0,0,0,0,0,0,0,0,0,0,0,0,0,0,0,0,0,0
WG_METRICS 657,256,768,1.0316,0.0075,0.0068,0.9854,0.0163,0.0156,256,768,196608,393216,199529.0938,399058.1875,0.0000,0,0.0000,0.0000,0,0.0000,0,0.0000,0.0000,0,0.0000,0.0000,0,0,0,0,0,0,0,0,0,0,0,0,0,0,0,0,0,0,0,0,0,0,0,0,0
WG_METRICS 658,256,768,1.0258,0.0074,0.0069,0.9792,0.0164,0.0159,256,768,196608,393216,200776.1094,401552.2188,0.0000,0,0.0000,0.0000,0,0.0000,0,0.0000,0.0000,0,0.0000,0.0000,0,0,0,0,0,0,0,0,0,0,0,0,0,0,0,0,0,0,0,0,0,0,0,0,0
WG_METRICS 659,256,768,1.0307,0.0074,0.0069,0.9844,0.0164,0.0156,256,768,196608,393216,199723.6875,399447.3750,0.0000,0,0.0000,0.0000,0,0.0000,0,0.0000,0.0000,0,0.0000,0.0000,0,0,0,0,0,0,0,0,0,0,0,0,0,0,0,0,0,0,0,0,0,0,0,0,0
WG_METRICS 660,256,768,1.0220,0.0074,0.0068,0.9757,0.0164,0.0157,256,768,196608,393216,201508.6875,403017.3750,0.0000,0,0.0000,0.0000,0,0.0000,0,0.0000,0.0000,0,0.0000,0.0000,0,0,0,0,0,0,0,0,0,0,0,0,0,0,0,0,0,0,0,0,0,0,0,0,0
WG_METRICS 661,256,768,1.0321,0.0075,0.0068,0.9795,0.0225,0.0158,256,768,196608,393216,200718.7188,401437.4375,0.0000,0,0.0000,0.0000,0,0.0000,0,0.0000,0.0000,0,0.0000,0.0000,0,0,0,0,0,0,0,0,0,0,0,0,0,0,0,0,0,0,0,0,0,0,0,0,0
WG_METRICS 662,256,768,1.0381,0.0076,0.0067,0.9942,0.0141,0.0155,256,768,196608,393216,197762.9375,395525.8750,0.0000,0,0.0000,0.0000,0,0.0000,0,0.0000,0.0000,0,0.0000,0.0000,0,0,0,0,0,0,0,0,0,0,0,0,0,0,0,0,0,0,0,0,0,0,0,0,0
WG_METRICS 663,256,768,1.0423,0.0074,0.0069,0.9891,0.0229,0.0161,256,768,196608,393216,198770.6250,397541.2500,0.0000,0,0.0000,0.0000,0,0.0000,0,0.0000,0.0000,0,0.0000,0.0000,0,0,0,0,0,0,0,0,0,0,0,0,0,0,0,0,0,0,0,0,0,0,0,0,0
WG_METRICS 664,256,768,1.0255,0.0075,0.0068,0.9712,0.0226,0.0174,256,768,196608,393216,202429.8906,404859.7812,0.0000,0,0.0000,0.0000,0,0.0000,0,0.0000,0.0000,0,0.0000,0.0000,0,0,0,0,0,0,0,0,0,0,0,0,0,0,0,0,0,0,0,0,0,0,0,0,0
WG_METRICS 665,256,768,1.0182,0.0075,0.0068,0.9658,0.0227,0.0155,256,768,196608,393216,203578.5312,407157.0625,0.0000,0,0.0000,0.0000,0,0.0000,0,0.0000,0.0000,0,0.0000,0.0000,0,0,0,0,0,0,0,0,0,0,0,0,0,0,0,0,0,0,0,0,0,0,0,0,0
WG_METRICS 666,256,768,1.0155,0.0075,0.0068,0.9632,0.0227,0.0154,256,768,196608,393216,204128.0781,408256.1562,0.0000,0,0.0000,0.0000,0,0.0000,0,0.0000,0.0000,0,0.0000,0.0000,0,0,0,0,0,0,0,0,0,0,0,0,0,0,0,0,0,0,0,0,0,0,0,0,0
WG_METRICS 667,256,768,1.0309,0.0076,0.0070,0.9773,0.0231,0.0160,256,768,196608,393216,201170.5469,402341.0938,0.0000,0,0.0000,0.0000,0,0.0000,0,0.0000,0.0000,0,0.0000,0.0000,0,0,0,0,0,0,0,0,0,0,0,0,0,0,0,0,0,0,0,0,0,0,0,0,0
WG_METRICS 668,256,768,1.0289,0.0074,0.0068,0.9845,0.0141,0.0161,256,768,196608,393216,199707.4531,399414.9062,0.0000,0,0.0000,0.0000,0,0.0000,0,0.0000,0.0000,0,0.0000,0.0000,0,0,0,0,0,0,0,0,0,0,0,0,0,0,0,0,0,0,0,0,0,0,0,0,0
WG_METRICS 669,256,768,1.0044,0.0075,0.0068,0.9670,0.0074,0.0157,256,768,196608,393216,203317.4688,406634.9375,0.0000,0,0.0000,0.0000,0,0.0000,0,0.0000,0.0000,0,0.0000,0.0000,0,0,0,0,0,0,0,0,0,0,0,0,0,0,0,0,0,0,0,0,0,0,0,0,0
WG_METRICS 670,256,768,1.0361,0.0074,0.0068,0.9833,0.0228,0.0157,256,768,196608,393216,199943.0469,399886.0938,0.0000,0,0.0000,0.0000,0,0.0000,0,0.0000,0.0000,0,0.0000,0.0000,0,0,0,0,0,0,0,0,0,0,0,0,0,0,0,0,0,0,0,0,0,0,0,0,0
WG_METRICS 671,256,768,1.0266,0.0074,0.0068,0.9823,0.0143,0.0157,256,768,196608,393216,200146.5938,400293.1875,0.0000,0,0.0000,0.0000,0,0.0000,0,0.0000,0.0000,0,0.0000,0.0000,0,0,0,0,0,0,0,0,0,0,0,0,0,0,0,0,0,0,0,0,0,0,0,0,0
WG_METRICS 672,256,768,1.0214,0.0076,0.0067,0.9777,0.0140,0.0154,256,768,196608,393216,201088.2344,402176.4688,0.0000,0,0.0000,0.0000,0,0.0000,0,0.0000,0.0000,0,0.0000,0.0000,0,0,0,0,0,0,0,0,0,0,0,0,0,0,0,0,0,0,0,0,0,0,0,0,0
WG_METRICS 673,256,768,1.0224,0.0075,0.0068,0.9784,0.0142,0.0156,256,768,196608,393216,200948.4844,401896.9688,0.0000,0,0.0000,0.0000,0,0.0000,0,0.0000,0.0000,0,0.0000,0.0000,0,0,0,0,0,0,0,0,0,0,0,0,0,0,0,0,0,0,0,0,0,0,0,0,0
WG_METRICS 674,256,768,1.0224,0.0075,0.0068,0.9760,0.0166,0.0156,256,768,196608,393216,201450.8750,402901.7500,0.0000,0,0.0000,0.0000,0,0.0000,0,0.0000,0.0000,0,0.0000,0.0000,0,0,0,0,0,0,0,0,0,0,0,0,0,0,0,0,0,0,0,0,0,0,0,0,0
WG_METRICS 675,256,768,1.0308,0.0075,0.0068,0.9869,0.0141,0.0155,256,768,196608,393216,199221.7812,398443.5625,0.0000,0,0.0000,0.0000,0,0.0000,0,0.0000,0.0000,0,0.0000,0.0000,0,0,0,0,0,0,0,0,0,0,0,0,0,0,0,0,0,0,0,0,0,0,0,0,0
WG_METRICS 676,256,768,1.0120,0.0074,0.0068,0.9682,0.0139,0.0156,256,768,196608,393216,203057.0938,406114.1875,0.0000,0,0.0000,0.0000,0,0.0000,0,0.0000,0.0000,0,0.0000,0.0000,0,0,0,0,0,0,0,0,0,0,0,0,0,0,0,0,0,0,0,0,0,0,0,0,0
WG_METRICS 677,256,768,1.0138,0.0070,0.0050,0.9716,0.0140,0.0162,256,768,196608,393216,202346.5469,404693.0938,0.0000,0,0.0000,0.0000,0,0.0000,0,0.0000,0.0000,0,0.0000,0.0000,0,0,0,0,0,0,0,0,0,0,0,0,0,0,0,0,0,0,0,0,0,0,0,0,0
WG_METRICS 678,256,768,1.0931,0.0075,0.0068,1.0541,0.0089,0.0159,256,768,196608,393216,186520.9531,373041.9062,0.0000,0,0.0000,0.0000,0,0.0000,0,0.0000,0.0000,0,0.0000,0.0000,0,0,0,0,0,0,0,0,0,0,0,0,0,0,0,0,0,0,0,0,0,0,0,0,0
WG_METRICS 679,256,768,1.0392,0.0077,0.0068,0.9723,0.0361,0.0164,256,768,196608,393216,202213.3438,404426.6875,0.0000,0,0.0000,0.0000,0,0.0000,0,0.0000,0.0000,0,0.0000,0.0000,0,0,0,0,0,0,0,0,0,0,0,0,0,0,0,0,0,0,0,0,0,0,0,0,0
WG_METRICS 680,256,768,1.0494,0.0075,0.0068,0.9835,0.0360,0.0157,256,768,196608,393216,199902.3906,399804.7812,0.0000,0,0.0000,0.0000,0,0.0000,0,0.0000,0.0000,0,0.0000,0.0000,0,0,0,0,0,0,0,0,0,0,0,0,0,0,0,0,0,0,0,0,0,0,0,0,0
WG_METRICS 681,256,768,1.0056,0.0075,0.0068,0.9658,0.0100,0.0156,256,768,196608,393216,203561.6719,407123.3438,0.0000,0,0.0000,0.0000,0,0.0000,0,0.0000,0.0000,0,0.0000,0.0000,0,0,0,0,0,0,0,0,0,0,0,0,0,0,0,0,0,0,0,0,0,0,0,0,0
WG_METRICS 682,256,768,1.0945,0.0074,0.0068,1.0597,0.0043,0.0162,256,768,196608,393216,185528.2500,371056.5000,0.0000,0,0.0000,0.0000,0,0.0000,0,0.0000,0.0000,0,0.0000,0.0000,0,0,0,0,0,0,0,0,0,0,0,0,0,0,0,0,0,0,0,0,0,0,0,0,0
WG_METRICS 683,256,768,1.0191,0.0074,0.0066,0.9754,0.0142,0.0155,256,768,196608,393216,201566.5469,403133.0938,0.0000,0,0.0000,0.0000,0,0.0000,0,0.0000,0.0000,0,0.0000,0.0000,0,0,0,0,0,0,0,0,0,0,0,0,0,0,0,0,0,0,0,0,0,0,0,0,0
WG_METRICS 684,256,768,1.0232,0.0074,0.0068,0.9788,0.0143,0.0158,256,768,196608,393216,200866.3750,401732.7500,0.0000,0,0.0000,0.0000,0,0.0000,0,0.0000,0.0000,0,0.0000,0.0000,0,0,0,0,0,0,0,0,0,0,0,0,0,0,0,0,0,0,0,0,0,0,0,0,0
WG_METRICS 685,256,768,1.0292,0.0074,0.0069,0.9854,0.0141,0.0154,256,768,196608,393216,199529.0938,399058.1875,0.0000,0,0.0000,0.0000,0,0.0000,0,0.0000,0.0000,0,0.0000,0.0000,0,0,0,0,0,0,0,0,0,0,0,0,0,0,0,0,0,0,0,0,0,0,0,0,0
WG_METRICS 686,256,768,1.0368,0.0075,0.0068,0.9931,0.0137,0.0156,256,768,196608,393216,197970.0312,395940.0625,0.0000,0,0.0000,0.0000,0,0.0000,0,0.0000,0.0000,0,0.0000,0.0000,0,0,0,0,0,0,0,0,0,0,0,0,0,0,0,0,0,0,0,0,0,0,0,0,0
WG_METRICS 687,256,768,1.0542,0.0074,0.0068,1.0004,0.0232,0.0164,256,768,196608,393216,196537.2500,393074.5000,0.0000,0,0.0000,0.0000,0,0.0000,0,0.0000,0.0000,0,0.0000,0.0000,0,0,0,0,0,0,0,0,0,0,0,0,0,0,0,0,0,0,0,0,0,0,0,0,0
WG_METRICS 688,256,768,1.0248,0.0074,0.0068,0.9765,0.0186,0.0156,256,768,196608,393216,201343.5938,402687.1875,0.0000,0,0.0000,0.0000,0,0.0000,0,0.0000,0.0000,0,0.0000,0.0000,0,0,0,0,0,0,0,0,0,0,0,0,0,0,0,0,0,0,0,0,0,0,0,0,0
WG_METRICS 689,256,768,1.0343,0.0074,0.0066,0.9817,0.0232,0.0155,256,768,196608,393216,200268.9219,400537.8438,0.0000,0,0.0000,0.0000,0,0.0000,0,0.0000,0.0000,0,0.0000,0.0000,0,0,0,0,0,0,0,0,0,0,0,0,0,0,0,0,0,0,0,0,0,0,0,0,0
WG_METRICS 690,256,768,1.0292,0.0075,0.0067,0.9763,0.0227,0.0159,256,768,196608,393216,201384.8594,402769.7188,0.0000,0,0.0000,0.0000,0,0.0000,0,0.0000,0.0000,0,0.0000,0.0000,0,0,0,0,0,0,0,0,0,0,0,0,0,0,0,0,0,0,0,0,0,0,0,0,0
WG_METRICS 691,256,768,1.0373,0.0075,0.0068,0.9848,0.0226,0.0156,256,768,196608,393216,199642.5781,399285.1562,0.0000,0,0.0000,0.0000,0,0.0000,0,0.0000,0.0000,0,0.0000,0.0000,0,0,0,0,0,0,0,0,0,0,0,0,0,0,0,0,0,0,0,0,0,0,0,0,0
WG_METRICS 692,256,768,1.0251,0.0074,0.0070,0.9720,0.0226,0.0162,256,768,196608,393216,202271.6094,404543.2188,0.0000,0,0.0000,0.0000,0,0.0000,0,0.0000,0.0000,0,0.0000,0.0000,0,0,0,0,0,0,0,0,0,0,0,0,0,0,0,0,0,0,0,0,0,0,0,0,0
WG_METRICS 693,256,768,1.0241,0.0074,0.0069,0.9800,0.0144,0.0154,256,768,196608,393216,200612.2188,401224.4375,0.0000,0,0.0000,0.0000,0,0.0000,0,0.0000,0.0000,0,0.0000,0.0000,0,0,0,0,0,0,0,0,0,0,0,0,0,0,0,0,0,0,0,0,0,0,0,0,0
WG_METRICS 694,256,768,1.0542,0.0074,0.0068,0.9997,0.0247,0.0155,256,768,196608,393216,196663.0625,393326.1250,0.0000,0,0.0000,0.0000,0,0.0000,0,0.0000,0.0000,0,0.0000,0.0000,0,0,0,0,0,0,0,0,0,0,0,0,0,0,0,0,0,0,0,0,0,0,0,0,0
WG_METRICS 695,256,768,1.0338,0.0074,0.0068,0.9913,0.0128,0.0154,256,768,196608,393216,198337.5000,396675.0000,0.0000,0,0.0000,0.0000,0,0.0000,0,0.0000,0.0000,0,0.0000,0.0000,0,0,0,0,0,0,0,0,0,0,0,0,0,0,0,0,0,0,0,0,0,0,0,0,0
WG_METRICS 696,256,768,1.0422,0.0076,0.0068,0.9896,0.0227,0.0157,256,768,196608,393216,198682.2344,397364.4688,0.0000,0,0.0000,0.0000,0,0.0000,0,0.0000,0.0000,0,0.0000,0.0000,0,0,0,0,0,0,0,0,0,0,0,0,0,0,0,0,0,0,0,0,0,0,0,0,0
WG_METRICS 697,256,768,1.0150,0.0078,0.0068,0.9678,0.0165,0.0160,256,768,196608,393216,203149.4062,406298.8125,0.0000,0,0.0000,0.0000,0,0.0000,0,0.0000,0.0000,0,0.0000,0.0000,0,0,0,0,0,0,0,0,0,0,0,0,0,0,0,0,0,0,0,0,0,0,0,0,0
WG_METRICS 698,256,768,1.0217,0.0074,0.0066,0.9781,0.0140,0.0156,256,768,196608,393216,201006.0000,402012.0000,0.0000,0,0.0000,0.0000,0,0.0000,0,0.0000,0.0000,0,0.0000,0.0000,0,0,0,0,0,0,0,0,0,0,0,0,0,0,0,0,0,0,0,0,0,0,0,0,0
WG_METRICS 699,256,768,1.0286,0.0079,0.0068,0.9839,0.0143,0.0156,256,768,196608,393216,199821.1250,399642.2500,0.0000,0,0.0000,0.0000,0,0.0000,0,0.0000,0.0000,0,0.0000,0.0000,0,0,0,0,0,0,0,0,0,0,0,0,0,0,0,0,0,0,0,0,0,0,0,0,0
WG_METRICS 700,256,768,1.0185,0.0074,0.0068,0.9658,0.0227,0.0158,256,768,196608,393216,203578.5312,407157.0625,0.0000,0,0.0000,0.0000,0,0.0000,0,0.0000,0.0000,0,0.0000,0.0000,0,0,0,0,0,0,0,0,0,0,0,0,0,0,0,0,0,0,0,0,0,0,0,0,0
WG_METRICS 701,256,768,1.0301,0.0074,0.0069,0.9772,0.0232,0.0154,256,768,196608,393216,201187.0156,402374.0312,0.0000,0,0.0000,0.0000,0,0.0000,0,0.0000,0.0000,0,0.0000,0.0000,0,0,0,0,0,0,0,0,0,0,0,0,0,0,0,0,0,0,0,0,0,0,0,0,0
WG_METRICS 702,256,768,1.0239,0.0075,0.0068,0.9710,0.0226,0.0161,256,768,196608,393216,202488.2500,404976.5000,0.0000,0,0.0000,0.0000,0,0.0000,0,0.0000,0.0000,0,0.0000,0.0000,0,0,0,0,0,0,0,0,0,0,0,0,0,0,0,0,0,0,0,0,0,0,0,0,0
WG_METRICS 703,256,768,1.0236,0.0074,0.0062,0.9803,0.0142,0.0155,256,768,196608,393216,200554.9219,401109.8438,0.0000,0,0.0000,0.0000,0,0.0000,0,0.0000,0.0000,0,0.0000,0.0000,0,0,0,0,0,0,0,0,0,0,0,0,0,0,0,0,0,0,0,0,0,0,0,0,0
WG_METRICS 704,256,768,1.0179,0.0074,0.0068,0.9740,0.0138,0.0158,256,768,196608,393216,201847.9844,403695.9688,0.0000,0,0.0000,0.0000,0,0.0000,0,0.0000,0.0000,0,0.0000,0.0000,0,0,0,0,0,0,0,0,0,0,0,0,0,0,0,0,0,0,0,0,0,0,0,0,0
WG_METRICS 705,256,768,1.0355,0.0075,0.0068,0.9907,0.0142,0.0163,256,768,196608,393216,198449.6250,396899.2500,0.0000,0,0.0000,0.0000,0,0.0000,0,0.0000,0.0000,0,0.0000,0.0000,0,0,0,0,0,0,0,0,0,0,0,0,0,0,0,0,0,0,0,0,0,0,0,0,0
WG_METRICS 706,256,768,1.0156,0.0074,0.0069,0.9672,0.0186,0.0155,256,768,196608,393216,203283.8438,406567.6875,0.0000,0,0.0000,0.0000,0,0.0000,0,0.0000,0.0000,0,0.0000,0.0000,0,0,0,0,0,0,0,0,0,0,0,0,0,0,0,0,0,0,0,0,0,0,0,0,0
WG_METRICS 707,256,768,1.0298,0.0074,0.0068,0.9762,0.0228,0.0164,256,768,196608,393216,201393.1094,402786.2188,0.0000,0,0.0000,0.0000,0,0.0000,0,0.0000,0.0000,0,0.0000,0.0000,0,0,0,0,0,0,0,0,0,0,0,0,0,0,0,0,0,0,0,0,0,0,0,0,0
WG_METRICS 708,256,768,1.0225,0.0074,0.0069,0.9787,0.0140,0.0155,256,768,196608,393216,200882.7812,401765.5625,0.0000,0,0.0000,0.0000,0,0.0000,0,0.0000,0.0000,0,0.0000,0.0000,0,0,0,0,0,0,0,0,0,0,0,0,0,0,0,0,0,0,0,0,0,0,0,0,0
WG_METRICS 709,256,768,1.0178,0.0075,0.0067,0.9788,0.0093,0.0154,256,768,196608,393216,200858.1562,401716.3125,0.0000,0,0.0000,0.0000,0,0.0000,0,0.0000,0.0000,0,0.0000,0.0000,0,0,0,0,0,0,0,0,0,0,0,0,0,0,0,0,0,0,0,0,0,0,0,0,0
WG_METRICS 710,256,768,1.0424,0.0075,0.0068,0.9984,0.0141,0.0157,256,768,196608,393216,196930.9688,393861.9375,0.0000,0,0.0000,0.0000,0,0.0000,0,0.0000,0.0000,0,0.0000,0.0000,0,0,0,0,0,0,0,0,0,0,0,0,0,0,0,0,0,0,0,0,0,0,0,0,0
WG_METRICS 711,256,768,1.0102,0.0075,0.0069,0.9660,0.0140,0.0158,256,768,196608,393216,203527.9531,407055.9062,0.0000,0,0.0000,0.0000,0,0.0000,0,0.0000,0.0000,0,0.0000,0.0000,0,0,0,0,0,0,0,0,0,0,0,0,0,0,0,0,0,0,0,0,0,0,0,0,0
WG_METRICS 712,256,768,1.0271,0.0074,0.0066,0.9740,0.0232,0.0159,256,768,196608,393216,201864.5625,403729.1250,0.0000,0,0.0000,0.0000,0,0.0000,0,0.0000,0.0000,0,0.0000,0.0000,0,0,0,0,0,0,0,0,0,0,0,0,0,0,0,0,0,0,0,0,0,0,0,0,0
WG_METRICS 713,256,768,1.0275,0.0074,0.0068,0.9812,0.0165,0.0156,256,768,196608,393216,200375.0625,400750.1250,0.0000,0,0.0000,0.0000,0,0.0000,0,0.0000,0.0000,0,0.0000,0.0000,0,0,0,0,0,0,0,0,0,0,0,0,0,0,0,0,0,0,0,0,0,0,0,0,0
WG_METRICS 714,256,768,1.0276,0.0075,0.0068,0.9838,0.0141,0.0154,256,768,196608,393216,199837.3750,399674.7500,0.0000,0,0.0000,0.0000,0,0.0000,0,0.0000,0.0000,0,0.0000,0.0000,0,0,0,0,0,0,0,0,0,0,0,0,0,0,0,0,0,0,0,0,0,0,0,0,0
WG_METRICS 715,256,768,1.0240,0.0074,0.0068,0.9778,0.0164,0.0156,256,768,196608,393216,201063.5625,402127.1250,0.0000,0,0.0000,0.0000,0,0.0000,0,0.0000,0.0000,0,0.0000,0.0000,0,0,0,0,0,0,0,0,0,0,0,0,0,0,0,0,0,0,0,0,0,0,0,0,0
WG_METRICS 716,256,768,1.0421,0.0074,0.0069,0.9960,0.0164,0.0155,256,768,196608,393216,197397.5938,394795.1875,0.0000,0,0.0000,0.0000,0,0.0000,0,0.0000,0.0000,0,0.0000,0.0000,0,0,0,0,0,0,0,0,0,0,0,0,0,0,0,0,0,0,0,0,0,0,0,0,0
WG_METRICS 717,256,768,1.0372,0.0075,0.0067,0.9911,0.0164,0.0156,256,768,196608,393216,198377.5312,396755.0625,0.0000,0,0.0000,0.0000,0,0.0000,0,0.0000,0.0000,0,0.0000,0.0000,0,0,0,0,0,0,0,0,0,0,0,0,0,0,0,0,0,0,0,0,0,0,0,0,0
WG_METRICS 718,256,768,1.0524,0.0075,0.0066,0.9870,0.0358,0.0156,256,768,196608,393216,199197.5781,398395.1562,0.0000,0,0.0000,0.0000,0,0.0000,0,0.0000,0.0000,0,0.0000,0.0000,0,0,0,0,0,0,0,0,0,0,0,0,0,0,0,0,0,0,0,0,0,0,0,0,0
WG_METRICS 719,256,768,1.0367,0.0074,0.0068,0.9845,0.0225,0.0155,256,768,196608,393216,199707.4531,399414.9062,0.0000,0,0.0000,0.0000,0,0.0000,0,0.0000,0.0000,0,0.0000,0.0000,0,0,0,0,0,0,0,0,0,0,0,0,0,0,0,0,0,0,0,0,0,0,0,0,0
WG_METRICS 720,256,768,1.0204,0.0075,0.0067,0.9678,0.0228,0.0156,256,768,196608,393216,203157.7969,406315.5938,0.0000,0,0.0000,0.0000,0,0.0000,0,0.0000,0.0000,0,0.0000,0.0000,0,0,0,0,0,0,0,0,0,0,0,0,0,0,0,0,0,0,0,0,0,0,0,0,0
WG_METRICS 721,256,768,1.0188,0.0075,0.0068,0.9749,0.0140,0.0156,256,768,196608,393216,201665.7812,403331.5625,0.0000,0,0.0000,0.0000,0,0.0000,0,0.0000,0.0000,0,0.0000,0.0000,0,0,0,0,0,0,0,0,0,0,0,0,0,0,0,0,0,0,0,0,0,0,0,0,0
WG_METRICS 722,256,768,1.0303,0.0075,0.0068,0.9866,0.0140,0.0155,256,768,196608,393216,199270.2500,398540.5000,0.0000,0,0.0000,0.0000,0,0.0000,0,0.0000,0.0000,0,0.0000,0.0000,0,0,0,0,0,0,0,0,0,0,0,0,0,0,0,0,0,0,0,0,0,0,0,0,0
WG_METRICS 723,256,768,1.0650,0.0076,0.0068,1.0237,0.0110,0.0158,256,768,196608,393216,192060.0312,384120.0625,0.0000,0,0.0000,0.0000,0,0.0000,0,0.0000,0.0000,0,0.0000,0.0000,0,0,0,0,0,0,0,0,0,0,0,0,0,0,0,0,0,0,0,0,0,0,0,0,0
WG_METRICS 724,256,768,1.0244,0.0074,0.0069,0.9712,0.0228,0.0160,256,768,196608,393216,202446.5625,404893.1250,0.0000,0,0.0000,0.0000,0,0.0000,0,0.0000,0.0000,0,0.0000,0.0000,0,0,0,0,0,0,0,0,0,0,0,0,0,0,0,0,0,0,0,0,0,0,0,0,0
WG_METRICS 725,256,768,1.0394,0.0074,0.0069,0.9953,0.0143,0.0155,256,768,196608,393216,197532.4531,395064.9062,0.0000,0,0.0000,0.0000,0,0.0000,0,0.0000,0.0000,0,0.0000,0.0000,0,0,0,0,0,0,0,0,0,0,0,0,0,0,0,0,0,0,0,0,0,0,0,0,0
WG_METRICS 726,256,768,1.0392,0.0074,0.0069,0.9863,0.0228,0.0158,256,768,196608,393216,199334.8906,398669.7812,0.0000,0,0.0000,0.0000,0,0.0000,0,0.0000,0.0000,0,0.0000,0.0000,0,0,0,0,0,0,0,0,0,0,0,0,0,0,0,0,0,0,0,0,0,0,0,0,0
WG_METRICS 727,256,768,1.0152,0.0075,0.0068,0.9624,0.0228,0.0157,256,768,196608,393216,204280.7812,408561.5625,0.0000,0,0.0000,0.0000,0,0.0000,0,0.0000,0.0000,0,0.0000,0.0000,0,0,0,0,0,0,0,0,0,0,0,0,0,0,0,0,0,0,0,0,0,0,0,0,0
WG_METRICS 728,256,768,1.0346,0.0074,0.0068,0.9816,0.0228,0.0160,256,768,196608,393216,200301.5625,400603.1250,0.0000,0,0.0000,0.0000,0,0.0000,0,0.0000,0.0000,0,0.0000,0.0000,0,0,0,0,0,0,0,0,0,0,0,0,0,0,0,0,0,0,0,0,0,0,0,0,0
WG_METRICS 729,256,768,1.0352,0.0074,0.0069,0.9828,0.0225,0.0155,256,768,196608,393216,200040.7031,400081.4062,0.0000,0,0.0000,0.0000,0,0.0000,0,0.0000,0.0000,0,0.0000,0.0000,0,0,0,0,0,0,0,0,0,0,0,0,0,0,0,0,0,0,0,0,0,0,0,0,0
WG_METRICS 730,256,768,1.0204,0.0075,0.0068,0.9766,0.0136,0.0158,256,768,196608,393216,201310.6250,402621.2500,0.0000,0,0.0000,0.0000,0,0.0000,0,0.0000,0.0000,0,0.0000,0.0000,0,0,0,0,0,0,0,0,0,0,0,0,0,0,0,0,0,0,0,0,0,0,0,0,0
WG_METRICS 731,256,768,1.0212,0.0078,0.0068,0.9770,0.0141,0.0155,256,768,196608,393216,201244.6719,402489.3438,0.0000,0,0.0000,0.0000,0,0.0000,0,0.0000,0.0000,0,0.0000,0.0000,0,0,0,0,0,0,0,0,0,0,0,0,0,0,0,0,0,0,0,0,0,0,0,0,0
WG_METRICS 732,256,768,1.0613,0.0074,0.0069,0.9942,0.0370,0.0157,256,768,196608,393216,197747.0312,395494.0625,0.0000,0,0.0000,0.0000,0,0.0000,0,0.0000,0.0000,0,0.0000,0.0000,0,0,0,0,0,0,0,0,0,0,0,0,0,0,0,0,0,0,0,0,0,0,0,0,0
WG_METRICS 733,256,768,1.0250,0.0075,0.0068,0.9832,0.0122,0.0154,256,768,196608,393216,199975.5781,399951.1562,0.0000,0,0.0000,0.0000,0,0.0000,0,0.0000,0.0000,0,0.0000,0.0000,0,0,0,0,0,0,0,0,0,0,0,0,0,0,0,0,0,0,0,0,0,0,0,0,0
WG_METRICS 734,256,768,1.0275,0.0076,0.0068,0.9812,0.0164,0.0156,256,768,196608,393216,200383.2188,400766.4375,0.0000,0,0.0000,0.0000,0,0.0000,0,0.0000,0.0000,0,0.0000,0.0000,0,0,0,0,0,0,0,0,0,0,0,0,0,0,0,0,0,0,0,0,0,0,0,0,0
WG_METRICS 735,256,768,1.0222,0.0075,0.0068,0.9779,0.0143,0.0156,256,768,196608,393216,201047.1250,402094.2500,0.0000,0,0.0000,0.0000,0,0.0000,0,0.0000,0.0000,0,0.0000,0.0000,0,0,0,0,0,0,0,0,0,0,0,0,0,0,0,0,0,0,0,0,0,0,0,0,0
WG_METRICS 736,256,768,1.0256,0.0075,0.0068,0.9870,0.0087,0.0156,256,768,196608,393216,199189.5000,398379.0000,0.0000,0,0.0000,0.0000,0,0.0000,0,0.0000,0.0000,0,0.0000,0.0000,0,0,0,0,0,0,0,0,0,0,0,0,0,0,0,0,0,0,0,0,0,0,0,0,0
WG_METRICS 737,256,768,1.0336,0.0074,0.0068,0.9888,0.0148,0.0158,256,768,196608,393216,198834.9531,397669.9062,0.0000,0,0.0000,0.0000,0,0.0000,0,0.0000,0.0000,0,0.0000,0.0000,0,0,0,0,0,0,0,0,0,0,0,0,0,0,0,0,0,0,0,0,0,0,0,0,0
WG_METRICS 738,256,768,1.0519,0.0076,0.0068,0.9855,0.0356,0.0164,256,768,196608,393216,199496.7188,398993.4375,0.0000,0,0.0000,0.0000,0,0.0000,0,0.0000,0.0000,0,0.0000,0.0000,0,0,0,0,0,0,0,0,0,0,0,0,0,0,0,0,0,0,0,0,0,0,0,0,0
WG_METRICS 739,256,768,1.0417,0.0073,0.0066,0.9956,0.0166,0.0157,256,768,196608,393216,197484.8281,394969.6562,0.0000,0,0.0000,0.0000,0,0.0000,0,0.0000,0.0000,0,0.0000,0.0000,0,0,0,0,0,0,0,0,0,0,0,0,0,0,0,0,0,0,0,0,0,0,0,0,0
WG_METRICS 740,256,768,1.0305,0.0077,0.0069,0.9775,0.0230,0.0154,256,768,196608,393216,201137.6250,402275.2500,0.0000,0,0.0000,0.0000,0,0.0000,0,0.0000,0.0000,0,0.0000,0.0000,0,0,0,0,0,0,0,0,0,0,0,0,0,0,0,0,0,0,0,0,0,0,0,0,0
WG_METRICS 741,256,768,1.0190,0.0075,0.0068,0.9726,0.0164,0.0157,256,768,196608,393216,202155.1406,404310.2812,0.0000,0,0.0000,0.0000,0,0.0000,0,0.0000,0.0000,0,0.0000,0.0000,0,0,0,0,0,0,0,0,0,0,0,0,0,0,0,0,0,0,0,0,0,0,0,0,0
WG_METRICS 742,256,768,1.0240,0.0074,0.0068,0.9772,0.0163,0.0163,256,768,196608,393216,201195.2500,402390.5000,0.0000,0,0.0000,0.0000,0,0.0000,0,0.0000,0.0000,0,0.0000,0.0000,0,0,0,0,0,0,0,0,0,0,0,0,0,0,0,0,0,0,0,0,0,0,0,0,0
WG_METRICS 743,256,768,1.0222,0.0075,0.0066,0.9756,0.0164,0.0161,256,768,196608,393216,201516.9531,403033.9062,0.0000,0,0.0000,0.0000,0,0.0000,0,0.0000,0.0000,0,0.0000,0.0000,0,0,0,0,0,0,0,0,0,0,0,0,0,0,0,0,0,0,0,0,0,0,0,0,0
WG_METRICS 744,256,768,1.0194,0.0075,0.0066,0.9728,0.0164,0.0161,256,768,196608,393216,202105.2656,404210.5312,0.0000,0,0.0000,0.0000,0,0.0000,0,0.0000,0.0000,0,0.0000,0.0000,0,0,0,0,0,0,0,0,0,0,0,0,0,0,0,0,0,0,0,0,0,0,0,0,0
WG_METRICS 745,256,768,1.0570,0.0074,0.0068,0.9909,0.0364,0.0155,256,768,196608,393216,198409.5625,396819.1250,0.0000,0,0.0000,0.0000,0,0.0000,0,0.0000,0.0000,0,0.0000,0.0000,0,0,0,0,0,0,0,0,0,0,0,0,0,0,0,0,0,0,0,0,0,0,0,0,0
WG_METRICS 746,256,768,1.0224,0.0075,0.0068,0.9896,0.0032,0.0154,256,768,196608,393216,198682.2344,397364.4688,0.0000,0,0.0000,0.0000,0,0.0000,0,0.0000,0.0000,0,0.0000,0.0000,0,0,0,0,0,0,0,0,0,0,0,0,0,0,0,0,0,0,0,0,0,0,0,0,0
WG_METRICS 747,256,768,1.0290,0.0075,0.0068,0.9828,0.0165,0.0155,256,768,196608,393216,200056.9844,400113.9688,0.0000,0,0.0000,0.0000,0,0.0000,0,0.0000,0.0000,0,0.0000,0.0000,0,0,0,0,0,0,0,0,0,0,0,0,0,0,0,0,0,0,0,0,0,0,0,0,0
WG_METRICS 748,256,768,1.0411,0.0074,0.0067,0.9951,0.0163,0.0156,256,768,196608,393216,197580.0938,395160.1875,0.0000,0,0.0000,0.0000,0,0.0000,0,0.0000,0.0000,0,0.0000,0.0000,0,0,0,0,0,0,0,0,0,0,0,0,0,0,0,0,0,0,0,0,0,0,0,0,0
WG_METRICS 749,256,768,1.0204,0.0074,0.0068,0.9741,0.0165,0.0155,256,768,196608,393216,201831.3906,403662.7812,0.0000,0,0.0000,0.0000,0,0.0000,0,0.0000,0.0000,0,0.0000,0.0000,0,0,0,0,0,0,0,0,0,0,0,0,0,0,0,0,0,0,0,0,0,0,0,0,0
WG_METRICS 750,256,768,1.0432,0.0077,0.0068,0.9892,0.0237,0.0158,256,768,196608,393216,198754.5469,397509.0938,0.0000,0,0.0000,0.0000,0,0.0000,0,0.0000,0.0000,0,0.0000,0.0000,0,0,0,0,0,0,0,0,0,0,0,0,0,0,0,0,0,0,0,0,0,0,0,0,0
WG_METRICS 751,256,768,1.0246,0.0074,0.0068,0.9720,0.0227,0.0157,256,768,196608,393216,202279.9219,404559.8438,0.0000,0,0.0000,0.0000,0,0.0000,0,0.0000,0.0000,0,0.0000,0.0000,0,0,0,0,0,0,0,0,0,0,0,0,0,0,0,0,0,0,0,0,0,0,0,0,0
WG_METRICS 752,256,768,1.0258,0.0075,0.0068,0.9728,0.0230,0.0157,256,768,196608,393216,202096.9531,404193.9062,0.0000,0,0.0000,0.0000,0,0.0000,0,0.0000,0.0000,0,0.0000,0.0000,0,0,0,0,0,0,0,0,0,0,0,0,0,0,0,0,0,0,0,0,0,0,0,0,0
WG_METRICS 753,256,768,1.0295,0.0075,0.0068,0.9769,0.0227,0.0156,256,768,196608,393216,201261.1562,402522.3125,0.0000,0,0.0000,0.0000,0,0.0000,0,0.0000,0.0000,0,0.0000,0.0000,0,0,0,0,0,0,0,0,0,0,0,0,0,0,0,0,0,0,0,0,0,0,0,0,0
WG_METRICS 754,256,768,1.0323,0.0074,0.0068,0.9793,0.0230,0.0157,256,768,196608,393216,200767.9062,401535.8125,0.0000,0,0.0000,0.0000,0,0.0000,0,0.0000,0.0000,0,0.0000,0.0000,0,0,0,0,0,0,0,0,0,0,0,0,0,0,0,0,0,0,0,0,0,0,0,0,0
WG_METRICS 755,256,768,1.0504,0.0074,0.0068,0.9981,0.0226,0.0154,256,768,196608,393216,196986.2031,393972.4062,0.0000,0,0.0000,0.0000,0,0.0000,0,0.0000,0.0000,0,0.0000,0.0000,0,0,0,0,0,0,0,0,0,0,0,0,0,0,0,0,0,0,0,0,0,0,0,0,0
WG_METRICS 756,256,768,1.0241,0.0076,0.0068,0.9798,0.0142,0.0157,256,768,196608,393216,200653.1719,401306.3438,0.0000,0,0.0000,0.0000,0,0.0000,0,0.0000,0.0000,0,0.0000,0.0000,0,0,0,0,0,0,0,0,0,0,0,0,0,0,0,0,0,0,0,0,0,0,0,0,0
WG_METRICS 757,256,768,1.0178,0.0075,0.0068,0.9735,0.0144,0.0156,256,768,196608,393216,201955.7969,403911.5938,0.0000,0,0.0000,0.0000,0,0.0000,0,0.0000,0.0000,0,0.0000,0.0000,0,0,0,0,0,0,0,0,0,0,0,0,0,0,0,0,0,0,0,0,0,0,0,0,0
WG_METRICS 758,256,768,1.0465,0.0074,0.0069,1.0026,0.0138,0.0159,256,768,196608,393216,196105.9688,392211.9375,0.0000,0,0.0000,0.0000,0,0.0000,0,0.0000,0.0000,0,0.0000,0.0000,0,0,0,0,0,0,0,0,0,0,0,0,0,0,0,0,0,0,0,0,0,0,0,0,0
WG_METRICS 759,256,768,1.0404,0.0075,0.0068,0.9941,0.0165,0.0156,256,768,196608,393216,197778.8438,395557.6875,0.0000,0,0.0000,0.0000,0,0.0000,0,0.0000,0.0000,0,0.0000,0.0000,0,0,0,0,0,0,0,0,0,0,0,0,0,0,0,0,0,0,0,0,0,0,0,0,0
WG_METRICS 760,256,768,1.0278,0.0075,0.0068,0.9837,0.0142,0.0156,256,768,196608,393216,199861.7500,399723.5000,0.0000,0,0.0000,0.0000,0,0.0000,0,0.0000,0.0000,0,0.0000,0.0000,0,0,0,0,0,0,0,0,0,0,0,0,0,0,0,0,0,0,0,0,0,0,0,0,0
WG_METRICS 761,256,768,1.0188,0.0074,0.0066,0.9748,0.0139,0.0161,256,768,196608,393216,201698.8750,403397.7500,0.0000,0,0.0000,0.0000,0,0.0000,0,0.0000,0.0000,0,0.0000,0.0000,0,0,0,0,0,0,0,0,0,0,0,0,0,0,0,0,0,0,0,0,0,0,0,0,0
WG_METRICS 762,256,768,1.0147,0.0075,0.0068,0.9707,0.0142,0.0156,256,768,196608,393216,202538.3281,405076.6562,0.0000,0,0.0000,0.0000,0,0.0000,0,0.0000,0.0000,0,0.0000,0.0000,0,0,0,0,0,0,0,0,0,0,0,0,0,0,0,0,0,0,0,0,0,0,0,0,0
WG_METRICS 763,256,768,1.0424,0.0074,0.0069,1.0050,0.0073,0.0158,256,768,196608,393216,195622.0625,391244.1250,0.0000,0,0.0000,0.0000,0,0.0000,0,0.0000,0.0000,0,0.0000,0.0000,0,0,0,0,0,0,0,0,0,0,0,0,0,0,0,0,0,0,0,0,0,0,0,0,0
WG_METRICS 764,256,768,1.0494,0.0076,0.0068,1.0042,0.0146,0.0162,256,768,196608,393216,195793.4844,391586.9688,0.0000,0,0.0000,0.0000,0,0.0000,0,0.0000,0.0000,0,0.0000,0.0000,0,0,0,0,0,0,0,0,0,0,0,0,0,0,0,0,0,0,0,0,0,0,0,0,0
WG_METRICS 765,256,768,1.0280,0.0075,0.0068,0.9795,0.0184,0.0159,256,768,196608,393216,200726.9062,401453.8125,0.0000,0,0.0000,0.0000,0,0.0000,0,0.0000,0.0000,0,0.0000,0.0000,0,0,0,0,0,0,0,0,0,0,0,0,0,0,0,0,0,0,0,0,0,0,0,0,0
WG_METRICS 766,256,768,1.0293,0.0075,0.0068,0.9894,0.0071,0.0185,256,768,196608,393216,198722.4062,397444.8125,0.0000,0,0.0000,0.0000,0,0.0000,0,0.0000,0.0000,0,0.0000,0.0000,0,0,0,0,0,0,0,0,0,0,0,0,0,0,0,0,0,0,0,0,0,0,0,0,0
WG_METRICS 767,256,768,1.0245,0.0075,0.0068,0.9856,0.0086,0.0160,256,768,196608,393216,199472.4219,398944.8438,0.0000,0,0.0000,0.0000,0,0.0000,0,0.0000,0.0000,0,0.0000,0.0000,0,0,0,0,0,0,0,0,0,0,0,0,0,0,0,0,0,0,0,0,0,0,0,0,0
WG_METRICS 768,256,768,1.0197,0.0074,0.0068,0.9673,0.0225,0.0157,256,768,196608,393216,203250.2188,406500.4375,0.0000,0,0.0000,0.0000,0,0.0000,0,0.0000,0.0000,0,0.0000,0.0000,0,0,0,0,0,0,0,0,0,0,0,0,0,0,0,0,0,0,0,0,0,0,0,0,0
WG_METRICS 769,256,768,1.0363,0.0074,0.0068,0.9900,0.0164,0.0156,256,768,196608,393216,198585.9219,397171.8438,0.0000,0,0.0000,0.0000,0,0.0000,0,0.0000,0.0000,0,0.0000,0.0000,0,0,0,0,0,0,0,0,0,0,0,0,0,0,0,0,0,0,0,0,0,0,0,0,0
WG_METRICS 770,256,768,1.0377,0.0075,0.0068,0.9916,0.0164,0.0155,256,768,196608,393216,198281.5000,396563.0000,0.0000,0,0.0000,0.0000,0,0.0000,0,0.0000,0.0000,0,0.0000,0.0000,0,0,0,0,0,0,0,0,0,0,0,0,0,0,0,0,0,0,0,0,0,0,0,0,0
WG_METRICS 771,256,768,1.0325,0.0073,0.0069,0.9887,0.0140,0.0155,256,768,196608,393216,198851.0469,397702.0938,0.0000,0,0.0000,0.0000,0,0.0000,0,0.0000,0.0000,0,0.0000,0.0000,0,0,0,0,0,0,0,0,0,0,0,0,0,0,0,0,0,0,0,0,0,0,0,0,0
WG_METRICS 772,256,768,1.0468,0.0074,0.0068,1.0026,0.0145,0.0154,256,768,196608,393216,196090.3125,392180.6250,0.0000,0,0.0000,0.0000,0,0.0000,0,0.0000,0.0000,0,0.0000,0.0000,0,0,0,0,0,0,0,0,0,0,0,0,0,0,0,0,0,0,0,0,0,0,0,0,0
WG_METRICS 773,256,768,1.0456,0.0074,0.0068,0.9925,0.0227,0.0161,256,768,196608,393216,198097.7031,396195.4062,0.0000,0,0.0000,0.0000,0,0.0000,0,0.0000,0.0000,0,0.0000,0.0000,0,0,0,0,0,0,0,0,0,0,0,0,0,0,0,0,0,0,0,0,0,0,0,0,0
WG_METRICS 774,256,768,1.0502,0.0075,0.0068,1.0037,0.0165,0.0156,256,768,196608,393216,195879.3125,391758.6250,0.0000,0,0.0000,0.0000,0,0.0000,0,0.0000,0.0000,0,0.0000,0.0000,0,0,0,0,0,0,0,0,0,0,0,0,0,0,0,0,0,0,0,0,0,0,0,0,0
WG_METRICS 775,256,768,1.0198,0.0074,0.0069,0.9756,0.0139,0.0161,256,768,196608,393216,201533.4688,403066.9375,0.0000,0,0.0000,0.0000,0,0.0000,0,0.0000,0.0000,0,0.0000,0.0000,0,0,0,0,0,0,0,0,0,0,0,0,0,0,0,0,0,0,0,0,0,0,0,0,0
WG_METRICS 776,256,768,1.0218,0.0075,0.0068,0.9694,0.0226,0.0154,256,768,196608,393216,202805.7500,405611.5000,0.0000,0,0.0000,0.0000,0,0.0000,0,0.0000,0.0000,0,0.0000,0.0000,0,0,0,0,0,0,0,0,0,0,0,0,0,0,0,0,0,0,0,0,0,0,0,0,0
WG_METRICS 777,256,768,1.0256,0.0074,0.0068,0.9730,0.0228,0.0155,256,768,196608,393216,202055.4219,404110.8438,0.0000,0,0.0000,0.0000,0,0.0000,0,0.0000,0.0000,0,0.0000,0.0000,0,0,0,0,0,0,0,0,0,0,0,0,0,0,0,0,0,0,0,0,0,0,0,0,0
WG_METRICS 778,256,768,1.0455,0.0075,0.0068,0.9924,0.0228,0.0162,256,768,196608,393216,198121.6562,396243.3125,0.0000,0,0.0000,0.0000,0,0.0000,0,0.0000,0.0000,0,0.0000,0.0000,0,0,0,0,0,0,0,0,0,0,0,0,0,0,0,0,0,0,0,0,0,0,0,0,0
WG_METRICS 779,256,768,1.0080,0.0076,0.0068,0.9611,0.0165,0.0160,256,768,196608,393216,204561.3438,409122.6875,0.0000,0,0.0000,0.0000,0,0.0000,0,0.0000,0.0000,0,0.0000,0.0000,0,0,0,0,0,0,0,0,0,0,0,0,0,0,0,0,0,0,0,0,0,0,0,0,0
WG_METRICS 780,256,768,1.0278,0.0075,0.0068,0.9754,0.0226,0.0155,256,768,196608,393216,201558.2656,403116.5312,0.0000,0,0.0000,0.0000,0,0.0000,0,0.0000,0.0000,0,0.0000,0.0000,0,0,0,0,0,0,0,0,0,0,0,0,0,0,0,0,0,0,0,0,0,0,0,0,0
WG_METRICS 781,256,768,1.0316,0.0075,0.0068,0.9789,0.0228,0.0156,256,768,196608,393216,200841.7500,401683.5000,0.0000,0,0.0000,0.0000,0,0.0000,0,0.0000,0.0000,0,0.0000,0.0000,0,0,0,0,0,0,0,0,0,0,0,0,0,0,0,0,0,0,0,0,0,0,0,0,0
WG_METRICS 782,256,768,1.0337,0.0074,0.0067,0.9813,0.0228,0.0155,256,768,196608,393216,200358.7031,400717.4062,0.0000,0,0.0000,0.0000,0,0.0000,0,0.0000,0.0000,0,0.0000,0.0000,0,0,0,0,0,0,0,0,0,0,0,0,0,0,0,0,0,0,0,0,0,0,0,0,0
WG_METRICS 783,256,768,1.0158,0.0075,0.0068,0.9717,0.0142,0.0156,256,768,196608,393216,202329.8906,404659.7812,0.0000,0,0.0000,0.0000,0,0.0000,0,0.0000,0.0000,0,0.0000,0.0000,0,0,0,0,0,0,0,0,0,0,0,0,0,0,0,0,0,0,0,0,0,0,0,0,0
WG_METRICS 784,256,768,1.0308,0.0075,0.0068,0.9910,0.0099,0.0156,256,768,196608,393216,198385.5312,396771.0625,0.0000,0,0.0000,0.0000,0,0.0000,0,0.0000,0.0000,0,0.0000,0.0000,0,0,0,0,0,0,0,0,0,0,0,0,0,0,0,0,0,0,0,0,0,0,0,0,0
WG_METRICS 785,256,768,1.0475,0.0076,0.0068,0.9942,0.0233,0.0156,256,768,196608,393216,197762.9375,395525.8750,0.0000,0,0.0000,0.0000,0,0.0000,0,0.0000,0.0000,0,0.0000,0.0000,0,0,0,0,0,0,0,0,0,0,0,0,0,0,0,0,0,0,0,0,0,0,0,0,0
WG_METRICS 786,256,768,1.0357,0.0074,0.0068,0.9892,0.0166,0.0158,256,768,196608,393216,198754.5469,397509.0938,0.0000,0,0.0000,0.0000,0,0.0000,0,0.0000,0.0000,0,0.0000,0.0000,0,0,0,0,0,0,0,0,0,0,0,0,0,0,0,0,0,0,0,0,0,0,0,0,0
WG_METRICS 787,256,768,1.0316,0.0074,0.0069,0.9852,0.0164,0.0157,256,768,196608,393216,199569.6094,399139.2188,0.0000,0,0.0000,0.0000,0,0.0000,0,0.0000,0.0000,0,0.0000,0.0000,0,0,0,0,0,0,0,0,0,0,0,0,0,0,0,0,0,0,0,0,0,0,0,0,0
WG_METRICS 788,256,768,1.0376,0.0075,0.0068,0.9850,0.0230,0.0154,256,768,196608,393216,199610.1250,399220.2500,0.0000,0,0.0000,0.0000,0,0.0000,0,0.0000,0.0000,0,0.0000,0.0000,0,0,0,0,0,0,0,0,0,0,0,0,0,0,0,0,0,0,0,0,0,0,0,0,0
WG_METRICS 789,256,768,1.0257,0.0074,0.0068,0.9814,0.0144,0.0156,256,768,196608,393216,200326.0469,400652.0938,0.0000,0,0.0000,0.0000,0,0.0000,0,0.0000,0.0000,0,0.0000,0.0000,0,0,0,0,0,0,0,0,0,0,0,0,0,0,0,0,0,0,0,0,0,0,0,0,0
WG_METRICS 790,256,768,1.0503,0.0074,0.0068,0.9975,0.0230,0.0155,256,768,196608,393216,197096.7969,394193.5938,0.0000,0,0.0000,0.0000,0,0.0000,0,0.0000,0.0000,0,0.0000,0.0000,0,0,0,0,0,0,0,0,0,0,0,0,0,0,0,0,0,0,0,0,0,0,0,0,0
WG_METRICS 791,256,768,1.0387,0.0076,0.0068,0.9976,0.0105,0.0161,256,768,196608,393216,197073.0938,394146.1875,0.0000,0,0.0000,0.0000,0,0.0000,0,0.0000,0.0000,0,0.0000,0.0000,0,0,0,0,0,0,0,0,0,0,0,0,0,0,0,0,0,0,0,0,0,0,0,0,0
WG_METRICS 792,256,768,1.0595,0.0074,0.0068,1.0065,0.0228,0.0160,256,768,196608,393216,195334.4062,390668.8125,0.0000,0,0.0000,0.0000,0,0.0000,0,0.0000,0.0000,0,0.0000,0.0000,0,0,0,0,0,0,0,0,0,0,0,0,0,0,0,0,0,0,0,0,0,0,0,0,0
WG_METRICS 793,256,768,1.0221,0.0074,0.0068,0.9760,0.0164,0.0154,256,768,196608,393216,201434.3594,402868.7188,0.0000,0,0.0000,0.0000,0,0.0000,0,0.0000,0.0000,0,0.0000,0.0000,0,0,0,0,0,0,0,0,0,0,0,0,0,0,0,0,0,0,0,0,0,0,0,0,0
WG_METRICS 794,256,768,1.0225,0.0074,0.0068,0.9782,0.0144,0.0156,256,768,196608,393216,200981.3594,401962.7188,0.0000,0,0.0000,0.0000,0,0.0000,0,0.0000,0.0000,0,0.0000,0.0000,0,0,0,0,0,0,0,0,0,0,0,0,0,0,0,0,0,0,0,0,0,0,0,0,0
WG_METRICS 795,256,768,1.0147,0.0075,0.0068,0.9686,0.0164,0.0155,256,768,196608,393216,202990.0156,405980.0312,0.0000,0,0.0000,0.0000,0,0.0000,0,0.0000,0.0000,0,0.0000,0.0000,0,0,0,0,0,0,0,0,0,0,0,0,0,0,0,0,0,0,0,0,0,0,0,0,0
WG_METRICS 796,256,768,1.0180,0.0074,0.0069,0.9719,0.0164,0.0155,256,768,196608,393216,202296.5781,404593.1562,0.0000,0,0.0000,0.0000,0,0.0000,0,0.0000,0.0000,0,0.0000,0.0000,0,0,0,0,0,0,0,0,0,0,0,0,0,0,0,0,0,0,0,0,0,0,0,0,0
WG_METRICS 797,256,768,1.0605,0.0075,0.0068,1.0143,0.0165,0.0154,256,768,196608,393216,193839.9688,387679.9375,0.0000,0,0.0000,0.0000,0,0.0000,0,0.0000,0.0000,0,0.0000,0.0000,0,0,0,0,0,0,0,0,0,0,0,0,0,0,0,0,0,0,0,0,0,0,0,0,0
WG_METRICS 798,256,768,1.0194,0.0074,0.0068,0.9732,0.0163,0.0156,256,768,196608,393216,202022.1875,404044.3750,0.0000,0,0.0000,0.0000,0,0.0000,0,0.0000,0.0000,0,0.0000,0.0000,0,0,0,0,0,0,0,0,0,0,0,0,0,0,0,0,0,0,0,0,0,0,0,0,0
WG_METRICS 799,256,768,1.0433,0.0074,0.0069,0.9994,0.0132,0.0164,256,768,196608,393216,196733.9062,393467.8125,0.0000,0,0.0000,0.0000,0,0.0000,0,0.0000,0.0000,0,0.0000,0.0000,0,0,0,0,0,0,0,0,0,0,0,0,0,0,0,0,0,0,0,0,0,0,0,0,0
WG_METRICS 800,256,768,1.0279,0.0074,0.0070,0.9814,0.0165,0.0156,256,768,196608,393216,200326.0469,400652.0938,0.0000,0,0.0000,0.0000,0,0.0000,0,0.0000,0.0000,0,0.0000,0.0000,0,0,0,0,0,0,0,0,0,0,0,0,0,0,0,0,0,0,0,0,0,0,0,0,0
WG_METRICS 801,256,768,1.0366,0.0075,0.0068,0.9718,0.0349,0.0156,256,768,196608,393216,202313.2344,404626.4688,0.0000,0,0.0000,0.0000,0,0.0000,0,0.0000,0.0000,0,0.0000,0.0000,0,0,0,0,0,0,0,0,0,0,0,0,0,0,0,0,0,0,0,0,0,0,0,0,0
WG_METRICS 802,256,768,1.0286,0.0074,0.0069,0.9824,0.0164,0.0155,256,768,196608,393216,200122.1406,400244.2812,0.0000,0,0.0000,0.0000,0,0.0000,0,0.0000,0.0000,0,0.0000,0.0000,0,0,0,0,0,0,0,0,0,0,0,0,0,0,0,0,0,0,0,0,0,0,0,0,0
WG_METRICS 803,256,768,1.0174,0.0074,0.0069,0.9770,0.0086,0.0174,256,768,196608,393216,201236.4375,402472.8750,0.0000,0,0.0000,0.0000,0,0.0000,0,0.0000,0.0000,0,0.0000,0.0000,0,0,0,0,0,0,0,0,0,0,0,0,0,0,0,0,0,0,0,0,0,0,0,0,0
WG_METRICS 804,256,768,1.0171,0.0074,0.0068,0.9714,0.0150,0.0164,256,768,196608,393216,202388.2031,404776.4062,0.0000,0,0.0000,0.0000,0,0.0000,0,0.0000,0.0000,0,0.0000,0.0000,0,0,0,0,0,0,0,0,0,0,0,0,0,0,0,0,0,0,0,0,0,0,0,0,0
WG_METRICS 805,256,768,1.0468,0.0076,0.0067,0.9963,0.0200,0.0162,256,768,196608,393216,197334.1875,394668.3750,0.0000,0,0.0000,0.0000,0,0.0000,0,0.0000,0.0000,0,0.0000,0.0000,0,0,0,0,0,0,0,0,0,0,0,0,0,0,0,0,0,0,0,0,0,0,0,0,0
WG_METRICS 806,256,768,1.0228,0.0074,0.0068,0.9762,0.0164,0.0159,256,768,196608,393216,201393.1094,402786.2188,0.0000,0,0.0000,0.0000,0,0.0000,0,0.0000,0.0000,0,0.0000,0.0000,0,0,0,0,0,0,0,0,0,0,0,0,0,0,0,0,0,0,0,0,0,0,0,0,0
WG_METRICS 807,256,768,1.0142,0.0074,0.0066,0.9726,0.0120,0.0156,256,768,196608,393216,202155.1406,404310.2812,0.0000,0,0.0000,0.0000,0,0.0000,0,0.0000,0.0000,0,0.0000,0.0000,0,0,0,0,0,0,0,0,0,0,0,0,0,0,0,0,0,0,0,0,0,0,0,0,0
WG_METRICS 808,256,768,1.0272,0.0074,0.0069,0.9742,0.0230,0.0157,256,768,196608,393216,201806.5312,403613.0625,0.0000,0,0.0000,0.0000,0,0.0000,0,0.0000,0.0000,0,0.0000,0.0000,0,0,0,0,0,0,0,0,0,0,0,0,0,0,0,0,0,0,0,0,0,0,0,0,0
WG_METRICS 809,256,768,1.2320,0.0077,0.0069,1.1825,0.0147,0.0203,256,768,196608,393216,166267.5156,332535.0312,0.0000,0,0.0000,0.0000,0,0.0000,0,0.0000,0.0000,0,0.0000,0.0000,0,0,0,0,0,0,0,0,0,0,0,0,0,0,0,0,0,0,0,0,0,0,0,0,0
WG_METRICS 810,256,768,1.3098,0.0077,0.0067,1.2516,0.0232,0.0206,256,768,196608,393216,157085.3281,314170.6562,0.0000,0,0.0000,0.0000,0,0.0000,0,0.0000,0.0000,0,0.0000,0.0000,0,0,0,0,0,0,0,0,0,0,0,0,0,0,0,0,0,0,0,0,0,0,0,0,0
WG_METRICS 811,256,768,1.2491,0.0078,0.0070,1.1930,0.0233,0.0180,256,768,196608,393216,164795.8125,329591.6250,0.0000,0,0.0000,0.0000,0,0.0000,0,0.0000,0.0000,0,0.0000,0.0000,0,0,0,0,0,0,0,0,0,0,0,0,0,0,0,0,0,0,0,0,0,0,0,0,0
WG_METRICS 812,256,768,1.1375,0.0101,0.0068,1.0813,0.0231,0.0162,256,768,196608,393216,181822.2031,363644.4062,0.0000,0,0.0000,0.0000,0,0.0000,0,0.0000,0.0000,0,0.0000,0.0000,0,0,0,0,0,0,0,0,0,0,0,0,0,0,0,0,0,0,0,0,0,0,0,0,0
WG_METRICS 813,256,768,1.0357,0.0074,0.0068,0.9834,0.0227,0.0154,256,768,196608,393216,199934.9219,399869.8438,0.0000,0,0.0000,0.0000,0,0.0000,0,0.0000,0.0000,0,0.0000,0.0000,0,0,0,0,0,0,0,0,0,0,0,0,0,0,0,0,0,0,0,0,0,0,0,0,0
WG_METRICS 814,256,768,1.0411,0.0074,0.0068,0.9885,0.0227,0.0156,256,768,196608,393216,198899.3281,397798.6562,0.0000,0,0.0000,0.0000,0,0.0000,0,0.0000,0.0000,0,0.0000,0.0000,0,0,0,0,0,0,0,0,0,0,0,0,0,0,0,0,0,0,0,0,0,0,0,0,0
WG_METRICS 815,256,768,1.0266,0.0075,0.0068,0.9824,0.0141,0.0159,256,768,196608,393216,200138.4375,400276.8750,0.0000,0,0.0000,0.0000,0,0.0000,0,0.0000,0.0000,0,0.0000,0.0000,0,0,0,0,0,0,0,0,0,0,0,0,0,0,0,0,0,0,0,0,0,0,0,0,0
WG_METRICS 816,256,768,1.0584,0.0076,0.0069,1.0129,0.0146,0.0166,256,768,196608,393216,194107.8906,388215.7812,0.0000,0,0.0000,0.0000,0,0.0000,0,0.0000,0.0000,0,0.0000,0.0000,0,0,0,0,0,0,0,0,0,0,0,0,0,0,0,0,0,0,0,0,0,0,0,0,0
WG_METRICS 817,256,768,1.0321,0.0075,0.0067,0.9796,0.0229,0.0154,256,768,196608,393216,200710.5156,401421.0312,0.0000,0,0.0000,0.0000,0,0.0000,0,0.0000,0.0000,0,0.0000,0.0000,0,0,0,0,0,0,0,0,0,0,0,0,0,0,0,0,0,0,0,0,0,0,0,0,0
WG_METRICS 818,256,768,1.0893,0.0074,0.0421,1.0013,0.0228,0.0157,256,768,196608,393216,196348.8125,392697.6250,0.0000,0,0.0000,0.0000,0,0.0000,0,0.0000,0.0000,0,0.0000,0.0000,0,0,0,0,0,0,0,0,0,0,0,0,0,0,0,0,0,0,0,0,0,0,0,0,0
WG_METRICS 819,256,768,1.0432,0.0074,0.0068,0.9902,0.0231,0.0156,256,768,196608,393216,198545.8125,397091.6250,0.0000,0,0.0000,0.0000,0,0.0000,0,0.0000,0.0000,0,0.0000,0.0000,0,0,0,0,0,0,0,0,0,0,0,0,0,0,0,0,0,0,0,0,0,0,0,0,0
WG_METRICS 820,256,768,1.0134,0.0074,0.0068,0.9611,0.0226,0.0154,256,768,196608,393216,204561.3438,409122.6875,0.0000,0,0.0000,0.0000,0,0.0000,0,0.0000,0.0000,0,0.0000,0.0000,0,0,0,0,0,0,0,0,0,0,0,0,0,0,0,0,0,0,0,0,0,0,0,0,0
WG_METRICS 821,256,768,1.0368,0.0075,0.0068,0.9844,0.0226,0.0154,256,768,196608,393216,199715.5625,399431.1250,0.0000,0,0.0000,0.0000,0,0.0000,0,0.0000,0.0000,0,0.0000,0.0000,0,0,0,0,0,0,0,0,0,0,0,0,0,0,0,0,0,0,0,0,0,0,0,0,0
WG_METRICS 822,256,768,1.0097,0.0075,0.0068,0.9648,0.0143,0.0164,256,768,196608,393216,203789.5469,407579.0938,0.0000,0,0.0000,0.0000,0,0.0000,0,0.0000,0.0000,0,0.0000,0.0000,0,0,0,0,0,0,0,0,0,0,0,0,0,0,0,0,0,0,0,0,0,0,0,0,0
WG_METRICS 823,256,768,1.0310,0.0074,0.0068,0.9823,0.0186,0.0159,256,768,196608,393216,200146.5938,400293.1875,0.0000,0,0.0000,0.0000,0,0.0000,0,0.0000,0.0000,0,0.0000,0.0000,0,0,0,0,0,0,0,0,0,0,0,0,0,0,0,0,0,0,0,0,0,0,0,0,0
WG_METRICS 824,256,768,1.0077,0.0074,0.0069,0.9686,0.0092,0.0156,256,768,196608,393216,202981.6250,405963.2500,0.0000,0,0.0000,0.0000,0,0.0000,0,0.0000,0.0000,0,0.0000,0.0000,0,0,0,0,0,0,0,0,0,0,0,0,0,0,0,0,0,0,0,0,0,0,0,0,0
WG_METRICS 825,256,768,1.0144,0.0074,0.0068,0.9752,0.0094,0.0156,256,768,196608,393216,201599.6094,403199.2188,0.0000,0,0.0000,0.0000,0,0.0000,0,0.0000,0.0000,0,0.0000,0.0000,0,0,0,0,0,0,0,0,0,0,0,0,0,0,0,0,0,0,0,0,0,0,0,0,0
WG_METRICS 826,256,768,1.0066,0.0076,0.0068,0.9654,0.0094,0.0173,256,768,196608,393216,203654.4531,407308.9062,0.0000,0,0.0000,0.0000,0,0.0000,0,0.0000,0.0000,0,0.0000,0.0000,0,0,0,0,0,0,0,0,0,0,0,0,0,0,0,0,0,0,0,0,0,0,0,0,0
WG_METRICS 827,256,768,1.0232,0.0074,0.0068,0.9837,0.0097,0.0154,256,768,196608,393216,199861.7500,399723.5000,0.0000,0,0.0000,0.0000,0,0.0000,0,0.0000,0.0000,0,0.0000,0.0000,0,0,0,0,0,0,0,0,0,0,0,0,0,0,0,0,0,0,0,0,0,0,0,0,0
WG_METRICS 828,256,768,1.0222,0.0075,0.0068,0.9828,0.0096,0.0155,256,768,196608,393216,200040.7031,400081.4062,0.0000,0,0.0000,0.0000,0,0.0000,0,0.0000,0.0000,0,0.0000,0.0000,0,0,0,0,0,0,0,0,0,0,0,0,0,0,0,0,0,0,0,0,0,0,0,0,0
WG_METRICS 829,256,768,1.0238,0.0075,0.0067,0.9714,0.0227,0.0155,256,768,196608,393216,202404.8750,404809.7500,0.0000,0,0.0000,0.0000,0,0.0000,0,0.0000,0.0000,0,0.0000,0.0000,0,0,0,0,0,0,0,0,0,0,0,0,0,0,0,0,0,0,0,0,0,0,0,0,0
WG_METRICS 830,256,768,1.2442,0.0078,0.0068,1.1871,0.0235,0.0190,256,768,196608,393216,165623.2031,331246.4062,0.0000,0,0.0000,0.0000,0,0.0000,0,0.0000,0.0000,0,0.0000,0.0000,0,0,0,0,0,0,0,0,0,0,0,0,0,0,0,0,0,0,0,0,0,0,0,0,0
WG_METRICS 831,256,768,1.5533,0.0086,0.0120,1.4846,0.0249,0.0232,256,768,196608,393216,132431.6406,264863.2812,0.0000,0,0.0000,0.0000,0,0.0000,0,0.0000,0.0000,0,0.0000,0.0000,0,0,0,0,0,0,0,0,0,0,0,0,0,0,0,0,0,0,0,0,0,0,0,0,0
WG_METRICS 832,256,768,1.4897,0.0082,0.0069,1.4269,0.0238,0.0240,256,768,196608,393216,137788.7344,275577.4688,0.0000,0,0.0000,0.0000,0,0.0000,0,0.0000,0.0000,0,0.0000,0.0000,0,0,0,0,0,0,0,0,0,0,0,0,0,0,0,0,0,0,0,0,0,0,0,0,0
WG_METRICS 833,256,768,1.3341,0.0079,0.0070,1.2836,0.0152,0.0204,256,768,196608,393216,153169.2188,306338.4375,0.0000,0,0.0000,0.0000,0,0.0000,0,0.0000,0.0000,0,0.0000,0.0000,0,0,0,0,0,0,0,0,0,0,0,0,0,0,0,0,0,0,0,0,0,0,0,0,0
WG_METRICS 834,256,768,1.1843,0.0076,0.0068,1.1302,0.0228,0.0169,256,768,196608,393216,173964.7500,347929.5000,0.0000,0,0.0000,0.0000,0,0.0000,0,0.0000,0.0000,0,0.0000,0.0000,0,0,0,0,0,0,0,0,0,0,0,0,0,0,0,0,0,0,0,0,0,0,0,0,0
WG_METRICS 835,256,768,1.0493,0.0074,0.0069,1.0049,0.0144,0.0158,256,768,196608,393216,195653.2188,391306.4375,0.0000,0,0.0000,0.0000,0,0.0000,0,0.0000,0.0000,0,0.0000,0.0000,0,0,0,0,0,0,0,0,0,0,0,0,0,0,0,0,0,0,0,0,0,0,0,0,0
WG_METRICS 836,256,768,1.0282,0.0076,0.0067,0.9815,0.0165,0.0159,256,768,196608,393216,200309.7188,400619.4375,0.0000,0,0.0000,0.0000,0,0.0000,0,0.0000,0.0000,0,0.0000,0.0000,0,0,0,0,0,0,0,0,0,0,0,0,0,0,0,0,0,0,0,0,0,0,0,0,0
WG_METRICS 837,256,768,1.0232,0.0075,0.0068,0.9844,0.0089,0.0156,256,768,196608,393216,199723.6875,399447.3750,0.0000,0,0.0000,0.0000,0,0.0000,0,0.0000,0.0000,0,0.0000,0.0000,0,0,0,0,0,0,0,0,0,0,0,0,0,0,0,0,0,0,0,0,0,0,0,0,0
WG_METRICS 838,256,768,1.0252,0.0074,0.0069,0.9785,0.0164,0.0160,256,768,196608,393216,200923.8438,401847.6875,0.0000,0,0.0000,0.0000,0,0.0000,0,0.0000,0.0000,0,0.0000,0.0000,0,0,0,0,0,0,0,0,0,0,0,0,0,0,0,0,0,0,0,0,0,0,0,0,0
WG_METRICS 839,256,768,1.0244,0.0074,0.0068,0.9782,0.0164,0.0156,256,768,196608,393216,200997.7812,401995.5625,0.0000,0,0.0000,0.0000,0,0.0000,0,0.0000,0.0000,0,0.0000,0.0000,0,0,0,0,0,0,0,0,0,0,0,0,0,0,0,0,0,0,0,0,0,0,0,0,0
WG_METRICS 840,256,768,1.0301,0.0075,0.0068,0.9907,0.0096,0.0155,256,768,196608,393216,198449.6250,396899.2500,0.0000,0,0.0000,0.0000,0,0.0000,0,0.0000,0.0000,0,0.0000,0.0000,0,0,0,0,0,0,0,0,0,0,0,0,0,0,0,0,0,0,0,0,0,0,0,0,0
WG_METRICS 841,256,768,1.0584,0.0075,0.0069,1.0044,0.0228,0.0168,256,768,196608,393216,195738.9219,391477.8438,0.0000,0,0.0000,0.0000,0,0.0000,0,0.0000,0.0000,0,0.0000,0.0000,0,0,0,0,0,0,0,0,0,0,0,0,0,0,0,0,0,0,0,0,0,0,0,0,0
WG_METRICS 842,256,768,1.0177,0.0074,0.0068,0.9710,0.0165,0.0159,256,768,196608,393216,202471.5781,404943.1562,0.0000,0,0.0000,0.0000,0,0.0000,0,0.0000,0.0000,0,0.0000,0.0000,0,0,0,0,0,0,0,0,0,0,0,0,0,0,0,0,0,0,0,0,0,0,0,0,0
WG_METRICS 843,256,768,1.1238,0.0076,0.0068,1.0757,0.0165,0.0172,256,768,196608,393216,182775.5469,365551.0938,0.0000,0,0.0000,0.0000,0,0.0000,0,0.0000,0.0000,0,0.0000,0.0000,0,0,0,0,0,0,0,0,0,0,0,0,0,0,0,0,0,0,0,0,0,0,0,0,0
WG_METRICS 844,256,768,1.2122,0.0076,0.0069,1.1625,0.0167,0.0186,256,768,196608,393216,169128.0781,338256.1562,0.0000,0,0.0000,0.0000,0,0.0000,0,0.0000,0.0000,0,0.0000,0.0000,0,0,0,0,0,0,0,0,0,0,0,0,0,0,0,0,0,0,0,0,0,0,0,0,0
WG_METRICS 845,256,768,1.2592,0.0078,0.0069,1.2107,0.0147,0.0190,256,768,196608,393216,162389.3281,324778.6562,0.0000,0,0.0000,0.0000,0,0.0000,0,0.0000,0.0000,0,0.0000,0.0000,0,0,0,0,0,0,0,0,0,0,0,0,0,0,0,0,0,0,0,0,0,0,0,0,0
WG_METRICS 846,256,768,1.2147,0.0077,0.0069,1.1596,0.0231,0.0174,256,768,196608,393216,169542.2812,339084.5625,0.0000,0,0.0000,0.0000,0,0.0000,0,0.0000,0.0000,0,0.0000,0.0000,0,0,0,0,0,0,0,0,0,0,0,0,0,0,0,0,0,0,0,0,0,0,0,0,0
WG_METRICS 847,256,768,1.0545,0.0075,0.0068,1.0078,0.0164,0.0160,256,768,196608,393216,195086.3281,390172.6562,0.0000,0,0.0000,0.0000,0,0.0000,0,0.0000,0.0000,0,0.0000,0.0000,0,0,0,0,0,0,0,0,0,0,0,0,0,0,0,0,0,0,0,0,0,0,0,0,0
WG_METRICS 848,256,768,1.0298,0.0074,0.0068,0.9863,0.0136,0.0156,256,768,196608,393216,199342.9844,398685.9688,0.0000,0,0.0000,0.0000,0,0.0000,0,0.0000,0.0000,0,0.0000,0.0000,0,0,0,0,0,0,0,0,0,0,0,0,0,0,0,0,0,0,0,0,0,0,0,0,0
WG_METRICS 849,256,768,1.0638,0.0076,0.0068,1.0183,0.0148,0.0162,256,768,196608,393216,193070.9531,386141.9062,0.0000,0,0.0000,0.0000,0,0.0000,0,0.0000,0.0000,0,0.0000,0.0000,0,0,0,0,0,0,0,0,0,0,0,0,0,0,0,0,0,0,0,0,0,0,0,0,0
WG_METRICS 850,256,768,1.0253,0.0074,0.0068,0.9788,0.0163,0.0159,256,768,196608,393216,200866.3750,401732.7500,0.0000,0,0.0000,0.0000,0,0.0000,0,0.0000,0.0000,0,0.0000,0.0000,0,0,0,0,0,0,0,0,0,0,0,0,0,0,0,0,0,0,0,0,0,0,0,0,0
WG_METRICS 851,256,768,1.0326,0.0074,0.0069,0.9864,0.0166,0.0154,256,768,196608,393216,199326.8125,398653.6250,0.0000,0,0.0000,0.0000,0,0.0000,0,0.0000,0.0000,0,0.0000,0.0000,0,0,0,0,0,0,0,0,0,0,0,0,0,0,0,0,0,0,0,0,0,0,0,0,0
WG_METRICS 852,256,768,1.1338,0.0075,0.0068,1.0794,0.0230,0.0170,256,768,196608,393216,182145.6406,364291.2812,0.0000,0,0.0000,0.0000,0,0.0000,0,0.0000,0.0000,0,0.0000,0.0000,0,0,0,0,0,0,0,0,0,0,0,0,0,0,0,0,0,0,0,0,0,0,0,0,0
WG_METRICS 853,256,768,1.2668,0.0077,0.0068,1.2180,0.0150,0.0193,256,768,196608,393216,161424.0156,322848.0312,0.0000,0,0.0000,0.0000,0,0.0000,0,0.0000,0.0000,0,0.0000,0.0000,0,0,0,0,0,0,0,0,0,0,0,0,0,0,0,0,0,0,0,0,0,0,0,0,0
WG_METRICS 854,256,768,1.3252,0.0078,0.0070,1.2740,0.0154,0.0211,256,768,196608,393216,154328.2344,308656.4688,0.0000,0,0.0000,0.0000,0,0.0000,0,0.0000,0.0000,0,0.0000,0.0000,0,0,0,0,0,0,0,0,0,0,0,0,0,0,0,0,0,0,0,0,0,0,0,0,0
WG_METRICS 855,256,768,1.2438,0.0078,0.0068,1.1945,0.0172,0.0174,256,768,196608,393216,164591.6406,329183.2812,0.0000,0,0.0000,0.0000,0,0.0000,0,0.0000,0.0000,0,0.0000,0.0000,0,0,0,0,0,0,0,0,0,0,0,0,0,0,0,0,0,0,0,0,0,0,0,0,0
WG_METRICS 856,256,768,1.1616,0.0075,0.0069,1.0349,0.0654,0.0469,256,768,196608,393216,189981.4375,379962.8750,0.0000,0,0.0000,0.0000,0,0.0000,0,0.0000,0.0000,0,0.0000,0.0000,0,0,0,0,0,0,0,0,0,0,0,0,0,0,0,0,0,0,0,0,0,0,0,0,0
WG_METRICS 857,256,768,1.0202,0.0075,0.0068,0.9673,0.0231,0.0155,256,768,196608,393216,203258.6250,406517.2500,0.0000,0,0.0000,0.0000,0,0.0000,0,0.0000,0.0000,0,0.0000,0.0000,0,0,0,0,0,0,0,0,0,0,0,0,0,0,0,0,0,0,0,0,0,0,0,0,0
WG_METRICS 858,256,768,1.0160,0.0075,0.0068,0.9725,0.0140,0.0153,256,768,196608,393216,202163.4531,404326.9062,0.0000,0,0.0000,0.0000,0,0.0000,0,0.0000,0.0000,0,0.0000,0.0000,0,0,0,0,0,0,0,0,0,0,0,0,0,0,0,0,0,0,0,0,0,0,0,0,0
WG_METRICS 859,256,768,1.0332,0.0074,0.0069,0.9891,0.0140,0.0158,256,768,196608,393216,198770.6250,397541.2500,0.0000,0,0.0000,0.0000,0,0.0000,0,0.0000,0.0000,0,0.0000,0.0000,0,0,0,0,0,0,0,0,0,0,0,0,0,0,0,0,0,0,0,0,0,0,0,0,0
WG_METRICS 860,256,768,1.0430,0.0074,0.0068,0.9978,0.0138,0.0171,256,768,196608,393216,197049.3906,394098.7812,0.0000,0,0.0000,0.0000,0,0.0000,0,0.0000,0.0000,0,0.0000,0.0000,0,0,0,0,0,0,0,0,0,0,0,0,0,0,0,0,0,0,0,0,0,0,0,0,0
WG_METRICS 861,256,768,1.0402,0.0076,0.0068,0.9958,0.0141,0.0159,256,768,196608,393216,197437.2344,394874.4688,0.0000,0,0.0000,0.0000,0,0.0000,0,0.0000,0.0000,0,0.0000,0.0000,0,0,0,0,0,0,0,0,0,0,0,0,0,0,0,0,0,0,0,0,0,0,0,0,0
WG_METRICS 862,256,768,1.8957,0.0087,0.0070,1.8334,0.0178,0.0288,256,768,196608,393216,107239.1719,214478.3438,0.0000,0,0.0000,0.0000,0,0.0000,0,0.0000,0.0000,0,0.0000,0.0000,0,0,0,0,0,0,0,0,0,0,0,0,0,0,0,0,0,0,0,0,0,0,0,0,0
WG_METRICS 863,256,768,1.9299,0.0088,0.0070,1.8737,0.0112,0.0293,256,768,196608,393216,104931.4688,209862.9375,0.0000,0,0.0000,0.0000,0,0.0000,0,0.0000,0.0000,0,0.0000,0.0000,0,0,0,0,0,0,0,0,0,0,0,0,0,0,0,0,0,0,0,0,0,0,0,0,0
WG_METRICS 864,256,768,1.9218,0.0086,0.0071,1.8508,0.0252,0.0301,256,768,196608,393216,106230.9531,212461.9062,0.0000,0,0.0000,0.0000,0,0.0000,0,0.0000,0.0000,0,0.0000,0.0000,0,0,0,0,0,0,0,0,0,0,0,0,0,0,0,0,0,0,0,0,0,0,0,0,0
WG_METRICS 865,256,768,1.9323,0.0088,0.0070,1.8678,0.0180,0.0306,256,768,196608,393216,105261.8047,210523.6094,0.0000,0,0.0000,0.0000,0,0.0000,0,0.0000,0.0000,0,0.0000,0.0000,0,0,0,0,0,0,0,0,0,0,0,0,0,0,0,0,0,0,0,0,0,0,0,0,0
WG_METRICS 866,256,768,1.9040,0.0088,0.0070,1.8502,0.0091,0.0289,256,768,196608,393216,106260.8125,212521.6250,0.0000,0,0.0000,0.0000,0,0.0000,0,0.0000,0.0000,0,0.0000,0.0000,0,0,0,0,0,0,0,0,0,0,0,0,0,0,0,0,0,0,0,0,0,0,0,0,0
WG_METRICS 867,256,768,1.9653,0.0090,0.0070,1.8941,0.0259,0.0293,256,768,196608,393216,103801.3125,207602.6250,0.0000,0,0.0000,0.0000,0,0.0000,0,0.0000,0.0000,0,0.0000,0.0000,0,0,0,0,0,0,0,0,0,0,0,0,0,0,0,0,0,0,0,0,0,0,0,0,0
WG_METRICS 868,256,768,1.9559,0.0088,0.0070,1.8928,0.0180,0.0292,256,768,196608,393216,103871.5156,207743.0312,0.0000,0,0.0000,0.0000,0,0.0000,0,0.0000,0.0000,0,0.0000,0.0000,0,0,0,0,0,0,0,0,0,0,0,0,0,0,0,0,0,0,0,0,0,0,0,0,0
WG_METRICS 869,256,768,1.9378,0.0088,0.0070,1.8682,0.0250,0.0288,256,768,196608,393216,105239.2734,210478.5469,0.0000,0,0.0000,0.0000,0,0.0000,0,0.0000,0.0000,0,0.0000,0.0000,0,0,0,0,0,0,0,0,0,0,0,0,0,0,0,0,0,0,0,0,0,0,0,0,0
WG_METRICS 870,256,768,1.9636,0.0087,0.0070,1.8919,0.0252,0.0308,256,768,196608,393216,103922.0234,207844.0469,0.0000,0,0.0000,0.0000,0,0.0000,0,0.0000,0.0000,0,0.0000,0.0000,0,0,0,0,0,0,0,0,0,0,0,0,0,0,0,0,0,0,0,0,0,0,0,0,0
WG_METRICS 871,256,768,1.9495,0.0089,0.0070,1.8793,0.0255,0.0288,256,768,196608,393216,104618.7891,209237.5781,0.0000,0,0.0000,0.0000,0,0.0000,0,0.0000,0.0000,0,0.0000,0.0000,0,0,0,0,0,0,0,0,0,0,0,0,0,0,0,0,0,0,0,0,0,0,0,0,0
WG_METRICS 872,256,768,1.6419,0.0086,0.0070,1.5638,0.0391,0.0234,256,768,196608,393216,125724.5156,251449.0312,0.0000,0,0.0000,0.0000,0,0.0000,0,0.0000,0.0000,0,0.0000,0.0000,0,0,0,0,0,0,0,0,0,0,0,0,0,0,0,0,0,0,0,0,0,0,0,0,0
WG_METRICS 873,256,768,1.0410,0.0075,0.0068,0.9941,0.0166,0.0160,256,768,196608,393216,197770.8906,395541.7812,0.0000,0,0.0000,0.0000,0,0.0000,0,0.0000,0.0000,0,0.0000,0.0000,0,0,0,0,0,0,0,0,0,0,0,0,0,0,0,0,0,0,0,0,0,0,0,0,0
WG_METRICS 874,256,768,1.0082,0.0074,0.0068,0.9644,0.0142,0.0154,256,768,196608,393216,203874.0781,407748.1562,0.0000,0,0.0000,0.0000,0,0.0000,0,0.0000,0.0000,0,0.0000,0.0000,0,0,0,0,0,0,0,0,0,0,0,0,0,0,0,0,0,0,0,0,0,0,0,0,0
WG_METRICS 875,256,768,1.0391,0.0074,0.0069,0.9950,0.0143,0.0155,256,768,196608,393216,197603.9219,395207.8438,0.0000,0,0.0000,0.0000,0,0.0000,0,0.0000,0.0000,0,0.0000,0.0000,0,0,0,0,0,0,0,0,0,0,0,0,0,0,0,0,0,0,0,0,0,0,0,0,0
WG_METRICS 876,256,768,1.0252,0.0076,0.0068,0.9804,0.0143,0.0162,256,768,196608,393216,200546.7500,401093.5000,0.0000,0,0.0000,0.0000,0,0.0000,0,0.0000,0.0000,0,0.0000,0.0000,0,0,0,0,0,0,0,0,0,0,0,0,0,0,0,0,0,0,0,0,0,0,0,0,0
WG_METRICS 877,256,768,1.0142,0.0074,0.0068,0.9768,0.0074,0.0159,256,768,196608,393216,201285.8750,402571.7500,0.0000,0,0.0000,0.0000,0,0.0000,0,0.0000,0.0000,0,0.0000,0.0000,0,0,0,0,0,0,0,0,0,0,0,0,0,0,0,0,0,0,0,0,0,0,0,0,0
WG_METRICS 878,256,768,1.0233,0.0074,0.0068,0.9769,0.0164,0.0158,256,768,196608,393216,201261.1562,402522.3125,0.0000,0,0.0000,0.0000,0,0.0000,0,0.0000,0.0000,0,0.0000,0.0000,0,0,0,0,0,0,0,0,0,0,0,0,0,0,0,0,0,0,0,0,0,0,0,0,0
WG_METRICS 879,256,768,1.1734,0.0076,0.0069,1.1241,0.0168,0.0181,256,768,196608,393216,174905.7031,349811.4062,0.0000,0,0.0000,0.0000,0,0.0000,0,0.0000,0.0000,0,0.0000,0.0000,0,0,0,0,0,0,0,0,0,0,0,0,0,0,0,0,0,0,0,0,0,0,0,0,0
WG_METRICS 880,256,768,1.3537,0.0082,0.0069,1.3033,0.0148,0.0206,256,768,196608,393216,150856.2969,301712.5938,0.0000,0,0.0000,0.0000,0,0.0000,0,0.0000,0.0000,0,0.0000,0.0000,0,0,0,0,0,0,0,0,0,0,0,0,0,0,0,0,0,0,0,0,0,0,0,0,0
WG_METRICS 881,256,768,1.4154,0.0080,0.0070,1.3548,0.0238,0.0218,256,768,196608,393216,145119.5781,290239.1562,0.0000,0,0.0000,0.0000,0,0.0000,0,0.0000,0.0000,0,0.0000,0.0000,0,0,0,0,0,0,0,0,0,0,0,0,0,0,0,0,0,0,0,0,0,0,0,0,0
WG_METRICS 882,256,768,1.3397,0.0080,0.0070,1.2804,0.0236,0.0207,256,768,196608,393216,153552.0156,307104.0312,0.0000,0,0.0000,0.0000,0,0.0000,0,0.0000,0.0000,0,0.0000,0.0000,0,0,0,0,0,0,0,0,0,0,0,0,0,0,0,0,0,0,0,0,0,0,0,0,0
WG_METRICS 883,256,768,1.1678,0.0077,0.0068,1.1254,0.0102,0.0176,256,768,196608,393216,174694.3438,349388.6875,0.0000,0,0.0000,0.0000,0,0.0000,0,0.0000,0.0000,0,0.0000,0.0000,0,0,0,0,0,0,0,0,0,0,0,0,0,0,0,0,0,0,0,0,0,0,0,0,0
WG_METRICS 884,256,768,1.0257,0.0075,0.0068,0.9816,0.0142,0.0157,256,768,196608,393216,200301.5625,400603.1250,0.0000,0,0.0000,0.0000,0,0.0000,0,0.0000,0.0000,0,0.0000,0.0000,0,0,0,0,0,0,0,0,0,0,0,0,0,0,0,0,0,0,0,0,0,0,0,0,0
WG_METRICS 885,256,768,1.0332,0.0075,0.0068,0.9798,0.0228,0.0163,256,768,196608,393216,200653.1719,401306.3438,0.0000,0,0.0000,0.0000,0,0.0000,0,0.0000,0.0000,0,0.0000,0.0000,0,0,0,0,0,0,0,0,0,0,0,0,0,0,0,0,0,0,0,0,0,0,0,0,0
WG_METRICS 886,256,768,1.0251,0.0076,0.0068,0.9783,0.0166,0.0158,256,768,196608,393216,200964.9219,401929.8438,0.0000,0,0.0000,0.0000,0,0.0000,0,0.0000,0.0000,0,0.0000,0.0000,0,0,0,0,0,0,0,0,0,0,0,0,0,0,0,0,0,0,0,0,0,0,0,0,0
WG_METRICS 887,256,768,1.0189,0.0074,0.0069,0.9749,0.0143,0.0154,256,768,196608,393216,201674.0625,403348.1250,0.0000,0,0.0000,0.0000,0,0.0000,0,0.0000,0.0000,0,0.0000,0.0000,0,0,0,0,0,0,0,0,0,0,0,0,0,0,0,0,0,0,0,0,0,0,0,0,0
WG_METRICS 888,256,768,1.0611,0.0074,0.0068,1.0168,0.0145,0.0156,256,768,196608,393216,193351.9531,386703.9062,0.0000,0,0.0000,0.0000,0,0.0000,0,0.0000,0.0000,0,0.0000,0.0000,0,0,0,0,0,0,0,0,0,0,0,0,0,0,0,0,0,0,0,0,0,0,0,0,0
WG_METRICS 889,256,768,1.7005,0.0083,0.0068,1.6432,0.0158,0.0264,256,768,196608,393216,119652.3750,239304.7500,0.0000,0,0.0000,0.0000,0,0.0000,0,0.0000,0.0000,0,0.0000,0.0000,0,0,0,0,0,0,0,0,0,0,0,0,0,0,0,0,0,0,0,0,0,0,0,0,0
WG_METRICS 890,256,768,1.9125,0.0090,0.0070,1.8406,0.0260,0.0298,256,768,196608,393216,106815.0234,213630.0469,0.0000,0,0.0000,0.0000,0,0.0000,0,0.0000,0.0000,0,0.0000,0.0000,0,0,0,0,0,0,0,0,0,0,0,0,0,0,0,0,0,0,0,0,0,0,0,0,0
WG_METRICS 891,256,768,1.9378,0.0088,0.0070,1.8718,0.0210,0.0294,256,768,196608,393216,105039.1094,210078.2188,0.0000,0,0.0000,0.0000,0,0.0000,0,0.0000,0.0000,0,0.0000,0.0000,0,0,0,0,0,0,0,0,0,0,0,0,0,0,0,0,0,0,0,0,0,0,0,0,0
WG_METRICS 892,256,768,1.9146,0.0088,0.0070,1.8447,0.0253,0.0289,256,768,196608,393216,106581.0938,213162.1875,0.0000,0,0.0000,0.0000,0,0.0000,0,0.0000,0.0000,0,0.0000,0.0000,0,0,0,0,0,0,0,0,0,0,0,0,0,0,0,0,0,0,0,0,0,0,0,0,0
WG_METRICS 893,256,768,1.6514,0.0085,0.0070,1.5885,0.0243,0.0231,256,768,196608,393216,123768.0312,247536.0625,0.0000,0,0.0000,0.0000,0,0.0000,0,0.0000,0.0000,0,0.0000,0.0000,0,0,0,0,0,0,0,0,0,0,0,0,0,0,0,0,0,0,0,0,0,0,0,0,0
WG_METRICS 894,256,768,1.0457,0.0076,0.0069,1.0014,0.0138,0.0160,256,768,196608,393216,196340.9688,392681.9375,0.0000,0,0.0000,0.0000,0,0.0000,0,0.0000,0.0000,0,0.0000,0.0000,0,0,0,0,0,0,0,0,0,0,0,0,0,0,0,0,0,0,0,0,0,0,0,0,0
WG_METRICS 895,256,768,1.0973,0.0075,0.0068,0.9792,0.0512,0.0527,256,768,196608,393216,200784.3125,401568.6250,0.0000,0,0.0000,0.0000,0,0.0000,0,0.0000,0.0000,0,0.0000,0.0000,0,0,0,0,0,0,0,0,0,0,0,0,0,0,0,0,0,0,0,0,0,0,0,0,0
WG_METRICS 896,256,768,1.0205,0.0074,0.0068,0.9743,0.0164,0.0156,256,768,196608,393216,201798.2500,403596.5000,0.0000,0,0.0000,0.0000,0,0.0000,0,0.0000,0.0000,0,0.0000,0.0000,0,0,0,0,0,0,0,0,0,0,0,0,0,0,0,0,0,0,0,0,0,0,0,0,0
WG_METRICS 897,256,768,1.0328,0.0075,0.0067,0.9805,0.0226,0.0155,256,768,196608,393216,200522.1875,401044.3750,0.0000,0,0.0000,0.0000,0,0.0000,0,0.0000,0.0000,0,0.0000,0.0000,0,0,0,0,0,0,0,0,0,0,0,0,0,0,0,0,0,0,0,0,0,0,0,0,0
WG_METRICS 898,256,768,1.0155,0.0074,0.0068,0.9712,0.0145,0.0155,256,768,196608,393216,202438.2188,404876.4375,0.0000,0,0.0000,0.0000,0,0.0000,0,0.0000,0.0000,0,0.0000,0.0000,0,0,0,0,0,0,0,0,0,0,0,0,0,0,0,0,0,0,0,0,0,0,0,0,0
WG_METRICS 899,256,768,1.0129,0.0074,0.0068,0.9689,0.0141,0.0156,256,768,196608,393216,202914.5938,405829.1875,0.0000,0,0.0000,0.0000,0,0.0000,0,0.0000,0.0000,0,0.0000,0.0000,0,0,0,0,0,0,0,0,0,0,0,0,0,0,0,0,0,0,0,0,0,0,0,0,0
WG_METRICS 900,256,768,1.0344,0.0074,0.0069,0.9809,0.0231,0.0162,256,768,196608,393216,200440.4219,400880.8438,0.0000,0,0.0000,0.0000,0,0.0000,0,0.0000,0.0000,0,0.0000,0.0000,0,0,0,0,0,0,0,0,0,0,0,0,0,0,0,0,0,0,0,0,0,0,0,0,0
WG_METRICS 901,256,768,1.0492,0.0074,0.0068,0.9960,0.0229,0.0160,256,768,196608,393216,197389.6719,394779.3438,0.0000,0,0.0000,0.0000,0,0.0000,0,0.0000,0.0000,0,0.0000,0.0000,0,0,0,0,0,0,0,0,0,0,0,0,0,0,0,0,0,0,0,0,0,0,0,0,0
WG_METRICS 902,256,768,1.0476,0.0076,0.0068,1.0030,0.0144,0.0160,256,768,196608,393216,196027.7656,392055.5312,0.0000,0,0.0000,0.0000,0,0.0000,0,0.0000,0.0000,0,0.0000,0.0000,0,0,0,0,0,0,0,0,0,0,0,0,0,0,0,0,0,0,0,0,0,0,0,0,0
WG_METRICS 903,256,768,1.0458,0.0075,0.0069,1.0012,0.0142,0.0161,256,768,196608,393216,196380.1875,392760.3750,0.0000,0,0.0000,0.0000,0,0.0000,0,0.0000,0.0000,0,0.0000,0.0000,0,0,0,0,0,0,0,0,0,0,0,0,0,0,0,0,0,0,0,0,0,0,0,0,0
WG_METRICS 904,256,768,1.0205,0.0077,0.0068,0.9674,0.0226,0.0160,256,768,196608,393216,203241.8125,406483.6250,0.0000,0,0.0000,0.0000,0,0.0000,0,0.0000,0.0000,0,0.0000,0.0000,0,0,0,0,0,0,0,0,0,0,0,0,0,0,0,0,0,0,0,0,0,0,0,0,0
WG_METRICS 905,256,768,1.0264,0.0075,0.0068,0.9824,0.0142,0.0156,256,768,196608,393216,200130.2969,400260.5938,0.0000,0,0.0000,0.0000,0,0.0000,0,0.0000,0.0000,0,0.0000,0.0000,0,0,0,0,0,0,0,0,0,0,0,0,0,0,0,0,0,0,0,0,0,0,0,0,0
WG_METRICS 906,256,768,1.0764,0.0076,0.0068,1.0295,0.0164,0.0162,256,768,196608,393216,190977.9688,381955.9375,0.0000,0,0.0000,0.0000,0,0.0000,0,0.0000,0.0000,0,0.0000,0.0000,0,0,0,0,0,0,0,0,0,0,0,0,0,0,0,0,0,0,0,0,0,0,0,0,0
WG_METRICS 907,256,768,1.0855,0.0075,0.0068,1.0383,0.0164,0.0165,256,768,196608,393216,189359.3281,378718.6562,0.0000,0,0.0000,0.0000,0,0.0000,0,0.0000,0.0000,0,0.0000,0.0000,0,0,0,0,0,0,0,0,0,0,0,0,0,0,0,0,0,0,0,0,0,0,0,0,0
WG_METRICS 908,256,768,1.0732,0.0075,0.0068,1.0329,0.0099,0.0160,256,768,196608,393216,190341.9375,380683.8750,0.0000,0,0.0000,0.0000,0,0.0000,0,0.0000,0.0000,0,0.0000,0.0000,0,0,0,0,0,0,0,0,0,0,0,0,0,0,0,0,0,0,0,0,0,0,0,0,0
WG_METRICS 909,256,768,1.0891,0.0075,0.0068,1.0348,0.0236,0.0164,256,768,196608,393216,189996.1250,379992.2500,0.0000,0,0.0000,0.0000,0,0.0000,0,0.0000,0.0000,0,0.0000,0.0000,0,0,0,0,0,0,0,0,0,0,0,0,0,0,0,0,0,0,0,0,0,0,0,0,0
WG_METRICS 910,256,768,1.2434,0.0078,0.0068,1.1858,0.0235,0.0194,256,768,196608,393216,165802.0000,331604.0000,0.0000,0,0.0000,0.0000,0,0.0000,0,0.0000,0.0000,0,0.0000,0.0000,0,0,0,0,0,0,0,0,0,0,0,0,0,0,0,0,0,0,0,0,0,0,0,0,0
WG_METRICS 911,256,768,1.4944,0.0080,0.0069,1.4329,0.0240,0.0225,256,768,196608,393216,137207.9375,274415.8750,0.0000,0,0.0000,0.0000,0,0.0000,0,0.0000,0.0000,0,0.0000,0.0000,0,0,0,0,0,0,0,0,0,0,0,0,0,0,0,0,0,0,0,0,0,0,0,0,0
WG_METRICS 912,256,768,1.6050,0.0086,0.0069,1.5549,0.0114,0.0232,256,768,196608,393216,126442.5234,252885.0469,0.0000,0,0.0000,0.0000,0,0.0000,0,0.0000,0.0000,0,0.0000,0.0000,0,0,0,0,0,0,0,0,0,0,0,0,0,0,0,0,0,0,0,0,0,0,0,0,0
WG_METRICS 913,256,768,1.4253,0.0080,0.0069,1.3658,0.0236,0.0209,256,768,196608,393216,143955.0156,287910.0312,0.0000,0,0.0000,0.0000,0,0.0000,0,0.0000,0.0000,0,0.0000,0.0000,0,0,0,0,0,0,0,0,0,0,0,0,0,0,0,0,0,0,0,0,0,0,0,0,0
WG_METRICS 914,256,768,1.1693,0.0078,0.0075,1.1207,0.0147,0.0186,256,768,196608,393216,175436.3438,350872.6875,0.0000,0,0.0000,0.0000,0,0.0000,0,0.0000,0.0000,0,0.0000,0.0000,0,0,0,0,0,0,0,0,0,0,0,0,0,0,0,0,0,0,0,0,0,0,0,0,0
WG_METRICS 915,256,768,1.0112,0.0074,0.0068,0.9669,0.0143,0.0158,256,768,196608,393216,203342.7031,406685.4062,0.0000,0,0.0000,0.0000,0,0.0000,0,0.0000,0.0000,0,0.0000,0.0000,0,0,0,0,0,0,0,0,0,0,0,0,0,0,0,0,0,0,0,0,0,0,0,0,0
WG_METRICS 916,256,768,1.0194,0.0080,0.0068,0.9664,0.0227,0.0155,256,768,196608,393216,203435.2812,406870.5625,0.0000,0,0.0000,0.0000,0,0.0000,0,0.0000,0.0000,0,0.0000,0.0000,0,0,0,0,0,0,0,0,0,0,0,0,0,0,0,0,0,0,0,0,0,0,0,0,0
WG_METRICS 917,256,768,1.0275,0.0074,0.0068,0.9839,0.0139,0.0154,256,768,196608,393216,199829.2500,399658.5000,0.0000,0,0.0000,0.0000,0,0.0000,0,0.0000,0.0000,0,0.0000,0.0000,0,0,0,0,0,0,0,0,0,0,0,0,0,0,0,0,0,0,0,0,0,0,0,0,0
WG_METRICS 918,256,768,1.0567,0.0074,0.0068,0.9924,0.0333,0.0168,256,768,196608,393216,198113.6719,396227.3438,0.0000,0,0.0000,0.0000,0,0.0000,0,0.0000,0.0000,0,0.0000,0.0000,0,0,0,0,0,0,0,0,0,0,0,0,0,0,0,0,0,0,0,0,0,0,0,0,0
WG_METRICS 919,256,768,1.0318,0.0074,0.0069,0.9972,0.0045,0.0158,256,768,196608,393216,197152.1406,394304.2812,0.0000,0,0.0000,0.0000,0,0.0000,0,0.0000,0.0000,0,0.0000,0.0000,0,0,0,0,0,0,0,0,0,0,0,0,0,0,0,0,0,0,0,0,0,0,0,0,0
WG_METRICS 920,256,768,1.0104,0.0074,0.0068,0.9634,0.0165,0.0161,256,768,196608,393216,204068.7500,408137.5000,0.0000,0,0.0000,0.0000,0,0.0000,0,0.0000,0.0000,0,0.0000,0.0000,0,0,0,0,0,0,0,0,0,0,0,0,0,0,0,0,0,0,0,0,0,0,0,0,0
WG_METRICS 921,256,768,1.0432,0.0075,0.0068,0.9990,0.0142,0.0156,256,768,196608,393216,196796.9219,393593.8438,0.0000,0,0.0000,0.0000,0,0.0000,0,0.0000,0.0000,0,0.0000,0.0000,0,0,0,0,0,0,0,0,0,0,0,0,0,0,0,0,0,0,0,0,0,0,0,0,0
WG_METRICS 922,256,768,1.1525,0.0076,0.0068,1.1053,0.0145,0.0184,256,768,196608,393216,177880.7188,355761.4375,0.0000,0,0.0000,0.0000,0,0.0000,0,0.0000,0.0000,0,0.0000,0.0000,0,0,0,0,0,0,0,0,0,0,0,0,0,0,0,0,0,0,0,0,0,0,0,0,0
WG_METRICS 923,256,768,1.2579,0.0079,0.0067,1.2004,0.0236,0.0193,256,768,196608,393216,163779.9375,327559.8750,0.0000,0,0.0000,0.0000,0,0.0000,0,0.0000,0.0000,0,0.0000,0.0000,0,0,0,0,0,0,0,0,0,0,0,0,0,0,0,0,0,0,0,0,0,0,0,0,0
WG_METRICS 924,256,768,1.2336,0.0078,0.0069,1.1852,0.0145,0.0192,256,768,196608,393216,165885.9375,331771.8750,0.0000,0,0.0000,0.0000,0,0.0000,0,0.0000,0.0000,0,0.0000,0.0000,0,0,0,0,0,0,0,0,0,0,0,0,0,0,0,0,0,0,0,0,0,0,0,0,0
WG_METRICS 925,256,768,1.0966,0.0075,0.0068,1.0518,0.0141,0.0163,256,768,196608,393216,186932.3906,373864.7812,0.0000,0,0.0000,0.0000,0,0.0000,0,0.0000,0.0000,0,0.0000,0.0000,0,0,0,0,0,0,0,0,0,0,0,0,0,0,0,0,0,0,0,0,0,0,0,0,0
WG_METRICS 926,256,768,1.0272,0.0074,0.0069,0.9745,0.0229,0.0155,256,768,196608,393216,201748.5469,403497.0938,0.0000,0,0.0000,0.0000,0,0.0000,0,0.0000,0.0000,0,0.0000,0.0000,0,0,0,0,0,0,0,0,0,0,0,0,0,0,0,0,0,0,0,0,0,0,0,0,0
WG_METRICS 927,256,768,1.0278,0.0074,0.0069,0.9752,0.0228,0.0155,256,768,196608,393216,201616.1406,403232.2812,0.0000,0,0.0000,0.0000,0,0.0000,0,0.0000,0.0000,0,0.0000,0.0000,0,0,0,0,0,0,0,0,0,0,0,0,0,0,0,0,0,0,0,0,0,0,0,0,0
WG_METRICS 928,256,768,1.0124,0.0074,0.0068,0.9683,0.0144,0.0155,256,768,196608,393216,203048.7031,406097.4062,0.0000,0,0.0000,0.0000,0,0.0000,0,0.0000,0.0000,0,0.0000,0.0000,0,0,0,0,0,0,0,0,0,0,0,0,0,0,0,0,0,0,0,0,0,0,0,0,0
WG_METRICS 929,256,768,1.0241,0.0074,0.0068,0.9803,0.0140,0.0155,256,768,196608,393216,200554.9219,401109.8438,0.0000,0,0.0000,0.0000,0,0.0000,0,0.0000,0.0000,0,0.0000,0.0000,0,0,0,0,0,0,0,0,0,0,0,0,0,0,0,0,0,0,0,0,0,0,0,0,0
WG_METRICS 930,256,768,1.0312,0.0078,0.0069,0.9780,0.0230,0.0155,256,768,196608,393216,201022.4531,402044.9062,0.0000,0,0.0000,0.0000,0,0.0000,0,0.0000,0.0000,0,0.0000,0.0000,0,0,0,0,0,0,0,0,0,0,0,0,0,0,0,0,0,0,0,0,0,0,0,0,0
WG_METRICS 931,256,768,1.0190,0.0074,0.0068,0.9749,0.0144,0.0156,256,768,196608,393216,201674.0625,403348.1250,0.0000,0,0.0000,0.0000,0,0.0000,0,0.0000,0.0000,0,0.0000,0.0000,0,0,0,0,0,0,0,0,0,0,0,0,0,0,0,0,0,0,0,0,0,0,0,0,0
WG_METRICS 932,256,768,1.3480,0.0079,0.0069,1.2872,0.0238,0.0221,256,768,196608,393216,152736.0781,305472.1562,0.0000,0,0.0000,0.0000,0,0.0000,0,0.0000,0.0000,0,0.0000,0.0000,0,0,0,0,0,0,0,0,0,0,0,0,0,0,0,0,0,0,0,0,0,0,0,0,0
WG_METRICS 933,256,768,1.6079,0.0081,0.0070,1.5436,0.0245,0.0246,256,768,196608,393216,127366.4844,254732.9688,0.0000,0,0.0000,0.0000,0,0.0000,0,0.0000,0.0000,0,0.0000,0.0000,0,0,0,0,0,0,0,0,0,0,0,0,0,0,0,0,0,0,0,0,0,0,0,0,0
WG_METRICS 934,256,768,1.7101,0.0084,0.0070,1.6533,0.0160,0.0255,256,768,196608,393216,118919.9609,237839.9219,0.0000,0,0.0000,0.0000,0,0.0000,0,0.0000,0.0000,0,0.0000,0.0000,0,0,0,0,0,0,0,0,0,0,0,0,0,0,0,0,0,0,0,0,0,0,0,0,0
WG_METRICS 935,256,768,1.5392,0.0083,0.0070,1.4900,0.0111,0.0229,256,768,196608,393216,131955.2188,263910.4375,0.0000,0,0.0000,0.0000,0,0.0000,0,0.0000,0.0000,0,0.0000,0.0000,0,0,0,0,0,0,0,0,0,0,0,0,0,0,0,0,0,0,0,0,0,0,0,0,0
WG_METRICS 936,256,768,1.2594,0.0078,0.0069,1.2022,0.0232,0.0192,256,768,196608,393216,163534.7344,327069.4688,0.0000,0,0.0000,0.0000,0,0.0000,0,0.0000,0.0000,0,0.0000,0.0000,0,0,0,0,0,0,0,0,0,0,0,0,0,0,0,0,0,0,0,0,0,0,0,0,0
WG_METRICS 937,256,768,1.0147,0.0123,0.0026,0.9747,0.0091,0.0160,256,768,196608,393216,201715.4375,403430.8750,0.0000,0,0.0000,0.0000,0,0.0000,0,0.0000,0.0000,0,0.0000,0.0000,0,0,0,0,0,0,0,0,0,0,0,0,0,0,0,0,0,0,0,0,0,0,0,0,0
WG_METRICS 938,256,768,1.0380,0.0074,0.0068,0.9711,0.0371,0.0156,256,768,196608,393216,202463.2344,404926.4688,0.0000,0,0.0000,0.0000,0,0.0000,0,0.0000,0.0000,0,0.0000,0.0000,0,0,0,0,0,0,0,0,0,0,0,0,0,0,0,0,0,0,0,0,0,0,0,0,0
WG_METRICS 939,256,768,1.0183,0.0074,0.0068,0.9723,0.0163,0.0154,256,768,196608,393216,202213.3438,404426.6875,0.0000,0,0.0000,0.0000,0,0.0000,0,0.0000,0.0000,0,0.0000,0.0000,0,0,0,0,0,0,0,0,0,0,0,0,0,0,0,0,0,0,0,0,0,0,0,0,0
WG_METRICS 940,256,768,1.0227,0.0074,0.0068,0.9767,0.0164,0.0154,256,768,196608,393216,201302.3750,402604.7500,0.0000,0,0.0000,0.0000,0,0.0000,0,0.0000,0.0000,0,0.0000,0.0000,0,0,0,0,0,0,0,0,0,0,0,0,0,0,0,0,0,0,0,0,0,0,0,0,0
WG_METRICS 941,256,768,1.0530,0.0074,0.0069,1.0132,0.0094,0.0161,256,768,196608,393216,194046.5781,388093.1562,0.0000,0,0.0000,0.0000,0,0.0000,0,0.0000,0.0000,0,0.0000,0.0000,0,0,0,0,0,0,0,0,0,0,0,0,0,0,0,0,0,0,0,0,0,0,0,0,0
WG_METRICS 942,256,768,1.0203,0.0074,0.0068,0.9778,0.0122,0.0160,256,768,196608,393216,201071.7969,402143.5938,0.0000,0,0.0000,0.0000,0,0.0000,0,0.0000,0.0000,0,0.0000,0.0000,0,0,0,0,0,0,0,0,0,0,0,0,0,0,0,0,0,0,0,0,0,0,0,0,0
WG_METRICS 943,256,768,1.0423,0.0075,0.0068,0.9956,0.0164,0.0159,256,768,196608,393216,197476.9062,394953.8125,0.0000,0,0.0000,0.0000,0,0.0000,0,0.0000,0.0000,0,0.0000,0.0000,0,0,0,0,0,0,0,0,0,0,0,0,0,0,0,0,0,0,0,0,0,0,0,0,0
WG_METRICS 944,256,768,1.1257,0.0076,0.0070,1.0706,0.0228,0.0177,256,768,196608,393216,183642.8125,367285.6250,0.0000,0,0.0000,0.0000,0,0.0000,0,0.0000,0.0000,0,0.0000,0.0000,0,0,0,0,0,0,0,0,0,0,0,0,0,0,0,0,0,0,0,0,0,0,0,0,0
WG_METRICS 945,256,768,1.2017,0.0078,0.0068,1.1444,0.0235,0.0191,256,768,196608,393216,171794.0625,343588.1250,0.0000,0,0.0000,0.0000,0,0.0000,0,0.0000,0.0000,0,0.0000,0.0000,0,0,0,0,0,0,0,0,0,0,0,0,0,0,0,0,0,0,0,0,0,0,0,0,0
WG_METRICS 946,256,768,1.1976,0.0077,0.0068,1.1490,0.0143,0.0198,256,768,196608,393216,171112.2656,342224.5312,0.0000,0,0.0000,0.0000,0,0.0000,0,0.0000,0.0000,0,0.0000,0.0000,0,0,0,0,0,0,0,0,0,0,0,0,0,0,0,0,0,0,0,0,0,0,0,0,0
WG_METRICS 947,256,768,1.3485,0.0078,0.0069,1.2900,0.0237,0.0200,256,768,196608,393216,152404.5781,304809.1562,0.0000,0,0.0000,0.0000,0,0.0000,0,0.0000,0.0000,0,0.0000,0.0000,0,0,0,0,0,0,0,0,0,0,0,0,0,0,0,0,0,0,0,0,0,0,0,0,0
WG_METRICS 948,256,768,1.5956,0.0082,0.0070,1.5315,0.0241,0.0249,256,768,196608,393216,128374.4219,256748.8438,0.0000,0,0.0000,0.0000,0,0.0000,0,0.0000,0.0000,0,0.0000,0.0000,0,0,0,0,0,0,0,0,0,0,0,0,0,0,0,0,0,0,0,0,0,0,0,0,0
WG_METRICS 949,256,768,1.8964,0.0086,0.0070,1.8273,0.0251,0.0284,256,768,196608,393216,107595.9844,215191.9688,0.0000,0,0.0000,0.0000,0,0.0000,0,0.0000,0.0000,0,0.0000,0.0000,0,0,0,0,0,0,0,0,0,0,0,0,0,0,0,0,0,0,0,0,0,0,0,0,0
WG_METRICS 950,256,768,1.9280,0.0087,0.0070,1.8571,0.0255,0.0296,256,768,196608,393216,105869.4297,211738.8594,0.0000,0,0.0000,0.0000,0,0.0000,0,0.0000,0.0000,0,0.0000,0.0000,0,0,0,0,0,0,0,0,0,0,0,0,0,0,0,0,0,0,0,0,0,0,0,0,0
WG_METRICS 951,256,768,1.8843,0.0088,0.0070,1.8238,0.0166,0.0280,256,768,196608,393216,107798.9297,215597.8594,0.0000,0,0.0000,0.0000,0,0.0000,0,0.0000,0.0000,0,0.0000,0.0000,0,0,0,0,0,0,0,0,0,0,0,0,0,0,0,0,0,0,0,0,0,0,0,0,0
WG_METRICS 952,256,768,1.4632,0.0082,0.0068,1.4034,0.0237,0.0210,256,768,196608,393216,140090.0625,280180.1250,0.0000,0,0.0000,0.0000,0,0.0000,0,0.0000,0.0000,0,0.0000,0.0000,0,0,0,0,0,0,0,0,0,0,0,0,0,0,0,0,0,0,0,0,0,0,0,0,0
WG_METRICS 953,256,768,1.2755,0.0078,0.0068,1.2200,0.0233,0.0176,256,768,196608,393216,161154.0938,322308.1875,0.0000,0,0.0000,0.0000,0,0.0000,0,0.0000,0.0000,0,0.0000,0.0000,0,0,0,0,0,0,0,0,0,0,0,0,0,0,0,0,0,0,0,0,0,0,0,0,0
WG_METRICS 954,256,768,1.0401,0.0075,0.0069,0.9870,0.0229,0.0158,256,768,196608,393216,199189.5000,398379.0000,0.0000,0,0.0000,0.0000,0,0.0000,0,0.0000,0.0000,0,0.0000,0.0000,0,0,0,0,0,0,0,0,0,0,0,0,0,0,0,0,0,0,0,0,0,0,0,0,0
WG_METRICS 955,256,768,1.0319,0.0074,0.0069,0.9783,0.0223,0.0170,256,768,196608,393216,200973.1406,401946.2812,0.0000,0,0.0000,0.0000,0,0.0000,0,0.0000,0.0000,0,0.0000,0.0000,0,0,0,0,0,0,0,0,0,0,0,0,0,0,0,0,0,0,0,0,0,0,0,0,0
WG_METRICS 956,256,768,1.0118,0.0075,0.0068,0.9674,0.0138,0.0163,256,768,196608,393216,203233.4062,406466.8125,0.0000,0,0.0000,0.0000,0,0.0000,0,0.0000,0.0000,0,0.0000,0.0000,0,0,0,0,0,0,0,0,0,0,0,0,0,0,0,0,0,0,0,0,0,0,0,0,0
WG_METRICS 957,256,768,1.0324,0.0076,0.0068,0.9857,0.0165,0.0158,256,768,196608,393216,199456.2344,398912.4688,0.0000,0,0.0000,0.0000,0,0.0000,0,0.0000,0.0000,0,0.0000,0.0000,0,0,0,0,0,0,0,0,0,0,0,0,0,0,0,0,0,0,0,0,0,0,0,0,0
WG_METRICS 958,256,768,1.0335,0.0074,0.0069,0.9944,0.0088,0.0160,256,768,196608,393216,197715.2031,395430.4062,0.0000,0,0.0000,0.0000,0,0.0000,0,0.0000,0.0000,0,0.0000,0.0000,0,0,0,0,0,0,0,0,0,0,0,0,0,0,0,0,0,0,0,0,0,0,0,0,0
WG_METRICS 959,256,768,1.0222,0.0075,0.0068,0.9829,0.0096,0.0154,256,768,196608,393216,200032.5625,400065.1250,0.0000,0,0.0000,0.0000,0,0.0000,0,0.0000,0.0000,0,0.0000,0.0000,0,0,0,0,0,0,0,0,0,0,0,0,0,0,0,0,0,0,0,0,0,0,0,0,0
WG_METRICS 960,256,768,1.0231,0.0074,0.0068,0.9767,0.0164,0.0158,256,768,196608,393216,201294.1250,402588.2500,0.0000,0,0.0000,0.0000,0,0.0000,0,0.0000,0.0000,0,0.0000,0.0000,0,0,0,0,0,0,0,0,0,0,0,0,0,0,0,0,0,0,0,0,0,0,0,0,0
WG_METRICS 961,256,768,1.0289,0.0074,0.0068,0.9828,0.0163,0.0155,256,768,196608,393216,200040.7031,400081.4062,0.0000,0,0.0000,0.0000,0,0.0000,0,0.0000,0.0000,0,0.0000,0.0000,0,0,0,0,0,0,0,0,0,0,0,0,0,0,0,0,0,0,0,0,0,0,0,0,0
WG_METRICS 962,256,768,1.0284,0.0074,0.0069,0.9822,0.0164,0.0155,256,768,196608,393216,200171.0469,400342.0938,0.0000,0,0.0000,0.0000,0,0.0000,0,0.0000,0.0000,0,0.0000,0.0000,0,0,0,0,0,0,0,0,0,0,0,0,0,0,0,0,0,0,0,0,0,0,0,0,0
WG_METRICS 963,256,768,1.0403,0.0074,0.0069,0.9925,0.0170,0.0165,256,768,196608,393216,198089.7188,396179.4375,0.0000,0,0.0000,0.0000,0,0.0000,0,0.0000,0.0000,0,0.0000,0.0000,0,0,0,0,0,0,0,0,0,0,0,0,0,0,0,0,0,0,0,0,0,0,0,0,0
WG_METRICS 964,256,768,1.0189,0.0074,0.0066,0.9751,0.0139,0.0158,256,768,196608,393216,201632.6875,403265.3750,0.0000,0,0.0000,0.0000,0,0.0000,0,0.0000,0.0000,0,0.0000,0.0000,0,0,0,0,0,0,0,0,0,0,0,0,0,0,0,0,0,0,0,0,0,0,0,0,0
WG_METRICS 965,256,768,1.0168,0.0075,0.0067,0.9708,0.0164,0.0155,256,768,196608,393216,202529.9844,405059.9688,0.0000,0,0.0000,0.0000,0,0.0000,0,0.0000,0.0000,0,0.0000,0.0000,0,0,0,0,0,0,0,0,0,0,0,0,0,0,0,0,0,0,0,0,0,0,0,0,0
WG_METRICS 966,256,768,1.0266,0.0074,0.0069,0.9737,0.0228,0.0158,256,768,196608,393216,201914.3125,403828.6250,0.0000,0,0.0000,0.0000,0,0.0000,0,0.0000,0.0000,0,0.0000,0.0000,0,0,0,0,0,0,0,0,0,0,0,0,0,0,0,0,0,0,0,0,0,0,0,0,0
WG_METRICS 967,256,768,1.0274,0.0100,0.0066,0.9721,0.0228,0.0159,256,768,196608,393216,202254.9531,404509.9062,0.0000,0,0.0000,0.0000,0,0.0000,0,0.0000,0.0000,0,0.0000,0.0000,0,0,0,0,0,0,0,0,0,0,0,0,0,0,0,0,0,0,0,0,0,0,0,0,0
WG_METRICS 968,256,768,1.0212,0.0071,0.0069,0.9796,0.0122,0.0154,256,768,196608,393216,200710.5156,401421.0312,0.0000,0,0.0000,0.0000,0,0.0000,0,0.0000,0.0000,0,0.0000,0.0000,0,0,0,0,0,0,0,0,0,0,0,0,0,0,0,0,0,0,0,0,0,0,0,0,0
WG_METRICS 969,256,768,1.0448,0.0074,0.0066,0.9925,0.0227,0.0156,256,768,196608,393216,198097.7031,396195.4062,0.0000,0,0.0000,0.0000,0,0.0000,0,0.0000,0.0000,0,0.0000,0.0000,0,0,0,0,0,0,0,0,0,0,0,0,0,0,0,0,0,0,0,0,0,0,0,0,0
WG_METRICS 970,256,768,1.0668,0.0074,0.0069,1.0200,0.0164,0.0162,256,768,196608,393216,192760.4844,385520.9688,0.0000,0,0.0000,0.0000,0,0.0000,0,0.0000,0.0000,0,0.0000,0.0000,0,0,0,0,0,0,0,0,0,0,0,0,0,0,0,0,0,0,0,0,0,0,0,0,0
WG_METRICS 971,256,768,1.9522,0.0088,0.0070,1.8810,0.0258,0.0296,256,768,196608,393216,104523.1250,209046.2500,0.0000,0,0.0000,0.0000,0,0.0000,0,0.0000,0.0000,0,0.0000,0.0000,0,0,0,0,0,0,0,0,0,0,0,0,0,0,0,0,0,0,0,0,0,0,0,0,0
WG_METRICS 972,256,768,1.9633,0.0087,0.0071,1.8936,0.0251,0.0288,256,768,196608,393216,103827.6328,207655.2656,0.0000,0,0.0000,0.0000,0,0.0000,0,0.0000,0.0000,0,0.0000,0.0000,0,0,0,0,0,0,0,0,0,0,0,0,0,0,0,0,0,0,0,0,0,0,0,0,0
WG_METRICS 973,256,768,1.9235,0.0088,0.0070,1.8719,0.0067,0.0291,256,768,196608,393216,105032.3672,210064.7344,0.0000,0,0.0000,0.0000,0,0.0000,0,0.0000,0.0000,0,0.0000,0.0000,0,0,0,0,0,0,0,0,0,0,0,0,0,0,0,0,0,0,0,0,0,0,0,0,0
WG_METRICS 974,256,768,1.9267,0.0089,0.0070,1.8549,0.0258,0.0301,256,768,196608,393216,105992.7109,211985.4219,0.0000,0,0.0000,0.0000,0,0.0000,0,0.0000,0.0000,0,0.0000,0.0000,0,0,0,0,0,0,0,0,0,0,0,0,0,0,0,0,0,0,0,0,0,0,0,0,0
WG_METRICS 975,256,768,1.9685,0.0166,0.0077,1.8762,0.0303,0.0378,256,768,196608,393216,104792.7656,209585.5312,0.0000,0,0.0000,0.0000,0,0.0000,0,0.0000,0.0000,0,0.0000,0.0000,0,0,0,0,0,0,0,0,0,0,0,0,0,0,0,0,0,0,0,0,0,0,0,0,0
WG_METRICS 976,256,768,1.9568,0.0093,0.0076,1.8789,0.0260,0.0350,256,768,196608,393216,104638.8359,209277.6719,0.0000,0,0.0000,0.0000,0,0.0000,0,0.0000,0.0000,0,0.0000,0.0000,0,0,0,0,0,0,0,0,0,0,0,0,0,0,0,0,0,0,0,0,0,0,0,0,0
WG_METRICS 977,256,768,1.9574,0.0125,0.0078,1.8737,0.0272,0.0363,256,768,196608,393216,104929.2266,209858.4531,0.0000,0,0.0000,0.0000,0,0.0000,0,0.0000,0.0000,0,0.0000,0.0000,0,0,0,0,0,0,0,0,0,0,0,0,0,0,0,0,0,0,0,0,0,0,0,0,0
WG_METRICS 978,256,768,1.9915,0.0093,0.0076,1.9119,0.0262,0.0364,256,768,196608,393216,102832.7578,205665.5156,0.0000,0,0.0000,0.0000,0,0.0000,0,0.0000,0.0000,0,0.0000,0.0000,0,0,0,0,0,0,0,0,0,0,0,0,0,0,0,0,0,0,0,0,0,0,0,0,0
WG_METRICS 979,256,768,1.9450,0.0094,0.0076,1.8746,0.0178,0.0356,256,768,196608,393216,104877.7344,209755.4688,0.0000,0,0.0000,0.0000,0,0.0000,0,0.0000,0.0000,0,0.0000,0.0000,0,0,0,0,0,0,0,0,0,0,0,0,0,0,0,0,0,0,0,0,0,0,0,0,0
WG_METRICS 980,256,768,1.9673,0.0095,0.0076,1.8971,0.0178,0.0353,256,768,196608,393216,103634.9844,207269.9688,0.0000,0,0.0000,0.0000,0,0.0000,0,0.0000,0.0000,0,0.0000,0.0000,0,0,0,0,0,0,0,0,0,0,0,0,0,0,0,0,0,0,0,0,0,0,0,0,0
WG_METRICS 981,256,768,1.9396,0.0116,0.0078,1.8647,0.0183,0.0372,256,768,196608,393216,105437.9297,210875.8594,0.0000,0,0.0000,0.0000,0,0.0000,0,0.0000,0.0000,0,0.0000,0.0000,0,0,0,0,0,0,0,0,0,0,0,0,0,0,0,0,0,0,0,0,0,0,0,0,0
WG_METRICS 982,256,768,1.9427,0.0092,0.0077,1.8639,0.0260,0.0358,256,768,196608,393216,105480.9219,210961.8438,0.0000,0,0.0000,0.0000,0,0.0000,0,0.0000,0.0000,0,0.0000,0.0000,0,0,0,0,0,0,0,0,0,0,0,0,0,0,0,0,0,0,0,0,0,0,0,0,0
WG_METRICS 983,256,768,1.9439,0.0094,0.0076,1.8646,0.0254,0.0368,256,768,196608,393216,105440.1953,210880.3906,0.0000,0,0.0000,0.0000,0,0.0000,0,0.0000,0.0000,0,0.0000,0.0000,0,0,0,0,0,0,0,0,0,0,0,0,0,0,0,0,0,0,0,0,0,0,0,0,0
WG_METRICS 984,256,768,1.9399,0.0122,0.0076,1.8569,0.0270,0.0362,256,768,196608,393216,105880.8359,211761.6719,0.0000,0,0.0000,0.0000,0,0.0000,0,0.0000,0.0000,0,0.0000,0.0000,0,0,0,0,0,0,0,0,0,0,0,0,0,0,0,0,0,0,0,0,0,0,0,0,0
WG_METRICS 985,256,768,1.9637,0.0094,0.0076,1.8856,0.0255,0.0356,256,768,196608,393216,104270.3438,208540.6875,0.0000,0,0.0000,0.0000,0,0.0000,0,0.0000,0.0000,0,0.0000,0.0000,0,0,0,0,0,0,0,0,0,0,0,0,0,0,0,0,0,0,0,0,0,0,0,0,0
WG_METRICS 986,256,768,1.9385,0.0093,0.0076,1.8699,0.0171,0.0346,256,768,196608,393216,105144.7188,210289.4375,0.0000,0,0.0000,0.0000,0,0.0000,0,0.0000,0.0000,0,0.0000,0.0000,0,0,0,0,0,0,0,0,0,0,0,0,0,0,0,0,0,0,0,0,0,0,0,0,0
WG_METRICS 987,256,768,1.9771,0.0093,0.0076,1.8992,0.0263,0.0347,256,768,196608,393216,103519.3047,207038.6094,0.0000,0,0.0000,0.0000,0,0.0000,0,0.0000,0.0000,0,0.0000,0.0000,0,0,0,0,0,0,0,0,0,0,0,0,0,0,0,0,0,0,0,0,0,0,0,0,0
WG_METRICS 988,256,768,1.9354,0.0093,0.0076,1.8576,0.0257,0.0351,256,768,196608,393216,105837.5156,211675.0312,0.0000,0,0.0000,0.0000,0,0.0000,0,0.0000,0.0000,0,0.0000,0.0000,0,0,0,0,0,0,0,0,0,0,0,0,0,0,0,0,0,0,0,0,0,0,0,0,0
WG_METRICS 989,256,768,1.9965,0.0093,0.0076,1.9175,0.0264,0.0357,256,768,196608,393216,102532.4375,205064.8750,0.0000,0,0.0000,0.0000,0,0.0000,0,0.0000,0.0000,0,0.0000,0.0000,0,0,0,0,0,0,0,0,0,0,0,0,0,0,0,0,0,0,0,0,0,0,0,0,0
WG_METRICS 990,256,768,1.9648,0.0138,0.0078,1.8882,0.0200,0.0349,256,768,196608,393216,104126.7656,208253.5312,0.0000,0,0.0000,0.0000,0,0.0000,0,0.0000,0.0000,0,0.0000,0.0000,0,0,0,0,0,0,0,0,0,0,0,0,0,0,0,0,0,0,0,0,0,0,0,0,0
WG_METRICS 991,256,768,1.9478,0.0092,0.0076,1.8707,0.0254,0.0350,256,768,196608,393216,105099.7500,210199.5000,0.0000,0,0.0000,0.0000,0,0.0000,0,0.0000,0.0000,0,0.0000,0.0000,0,0,0,0,0,0,0,0,0,0,0,0,0,0,0,0,0,0,0,0,0,0,0,0,0
WG_METRICS 992,256,768,1.9746,0.0098,0.0076,1.8963,0.0256,0.0354,256,768,196608,393216,103680.8906,207361.7812,0.0000,0,0.0000,0.0000,0,0.0000,0,0.0000,0.0000,0,0.0000,0.0000,0,0,0,0,0,0,0,0,0,0,0,0,0,0,0,0,0,0,0,0,0,0,0,0,0
WG_METRICS 993,256,768,1.9250,0.0103,0.0076,1.8440,0.0260,0.0371,256,768,196608,393216,106622.7031,213245.4062,0.0000,0,0.0000,0.0000,0,0.0000,0,0.0000,0.0000,0,0.0000,0.0000,0,0,0,0,0,0,0,0,0,0,0,0,0,0,0,0,0,0,0,0,0,0,0,0,0
WG_METRICS 994,256,768,1.9946,0.0092,0.0077,1.9172,0.0257,0.0348,256,768,196608,393216,102549.5547,205099.1094,0.0000,0,0.0000,0.0000,0,0.0000,0,0.0000,0.0000,0,0.0000,0.0000,0,0,0,0,0,0,0,0,0,0,0,0,0,0,0,0,0,0,0,0,0,0,0,0,0
WG_METRICS 995,256,768,1.9251,0.0099,0.0076,1.8459,0.0257,0.0360,256,768,196608,393216,106509.4922,213018.9844,0.0000,0,0.0000,0.0000,0,0.0000,0,0.0000,0.0000,0,0.0000,0.0000,0,0,0,0,0,0,0,0,0,0,0,0,0,0,0,0,0,0,0,0,0,0,0,0,0
WG_METRICS 996,256,768,1.9563,0.0093,0.0076,1.8865,0.0172,0.0357,256,768,196608,393216,104217.2891,208434.5781,0.0000,0,0.0000,0.0000,0,0.0000,0,0.0000,0.0000,0,0.0000,0.0000,0,0,0,0,0,0,0,0,0,0,0,0,0,0,0,0,0,0,0,0,0,0,0,0,0
WG_METRICS 997,256,768,1.9420,0.0094,0.0076,1.8638,0.0263,0.0350,256,768,196608,393216,105487.7109,210975.4219,0.0000,0,0.0000,0.0000,0,0.0000,0,0.0000,0.0000,0,0.0000,0.0000,0,0,0,0,0,0,0,0,0,0,0,0,0,0,0,0,0,0,0,0,0,0,0,0,0
WG_METRICS 998,256,768,1.9363,0.0093,0.0077,1.8584,0.0254,0.0355,256,768,196608,393216,105794.2344,211588.4688,0.0000,0,0.0000,0.0000,0,0.0000,0,0.0000,0.0000,0,0.0000,0.0000,0,0,0,0,0,0,0,0,0,0,0,0,0,0,0,0,0,0,0,0,0,0,0,0,0
WG_METRICS 999,256,768,1.9460,0.0098,0.0076,1.8751,0.0171,0.0363,256,768,196608,393216,104853.1250,209706.2500,0.0000,0,0.0000,0.0000,0,0.0000,0,0.0000,0.0000,0,0.0000,0.0000,0,0,0,0,0,0,0,0,0,0,0,0,0,0,0,0,0,0,0,0,0,0,0,0,0
WG_METRICS 1000,256,768,1.9509,0.0112,0.0076,1.8714,0.0256,0.0352,256,768,196608,393216,105061.5625,210123.1250,0.0000,0,0.0000,0.0000,0,0.0000,0,0.0000,0.0000,0,0.0000,0.0000,0,0,0,0,0,0,0,0,0,0,0,0,0,0,0,0,0,0,0,0,0,0,0,0,0
WG_METRICS 1001,256,768,1.9589,0.0101,0.0075,1.8806,0.0260,0.0347,256,768,196608,393216,104545.3594,209090.7188,0.0000,0,0.0000,0.0000,0,0.0000,0,0.0000,0.0000,0,0.0000,0.0000,0,0,0,0,0,0,0,0,0,0,0,0,0,0,0,0,0,0,0,0,0,0,0,0,0
WG_METRICS 1002,256,768,1.9650,0.0093,0.0076,1.8963,0.0166,0.0352,256,768,196608,393216,103680.8906,207361.7812,0.0000,0,0.0000,0.0000,0,0.0000,0,0.0000,0.0000,0,0.0000,0.0000,0,0,0,0,0,0,0,0,0,0,0,0,0,0,0,0,0,0,0,0,0,0,0,0,0
WG_METRICS 1003,256,768,1.9728,0.0092,0.0076,1.9037,0.0171,0.0351,256,768,196608,393216,103275.6875,206551.3750,0.0000,0,0.0000,0.0000,0,0.0000,0,0.0000,0.0000,0,0.0000,0.0000,0,0,0,0,0,0,0,0,0,0,0,0,0,0,0,0,0,0,0,0,0,0,0,0,0
WG_METRICS 1004,256,768,1.9706,0.0093,0.0076,1.8934,0.0256,0.0347,256,768,196608,393216,103840.7891,207681.5781,0.0000,0,0.0000,0.0000,0,0.0000,0,0.0000,0.0000,0,0.0000,0.0000,0,0,0,0,0,0,0,0,0,0,0,0,0,0,0,0,0,0,0,0,0,0,0,0,0
WG_METRICS 1005,256,768,1.9456,0.0091,0.0070,1.8835,0.0164,0.0294,256,768,196608,393216,104383.2812,208766.5625,0.0000,0,0.0000,0.0000,0,0.0000,0,0.0000,0.0000,0,0.0000,0.0000,0,0,0,0,0,0,0,0,0,0,0,0,0,0,0,0,0,0,0,0,0,0,0,0,0
WG_METRICS 1006,256,768,1.5942,0.0086,0.0070,1.5308,0.0240,0.0238,256,768,196608,393216,128438.1562,256876.3125,0.0000,0,0.0000,0.0000,0,0.0000,0,0.0000,0.0000,0,0.0000,0.0000,0,0,0,0,0,0,0,0,0,0,0,0,0,0,0,0,0,0,0,0,0,0,0,0,0
WG_METRICS 1007,256,768,1.0902,0.0075,0.0069,1.0428,0.0165,0.0164,256,768,196608,393216,188538.5625,377077.1250,0.0000,0,0.0000,0.0000,0,0.0000,0,0.0000,0.0000,0,0.0000,0.0000,0,0,0,0,0,0,0,0,0,0,0,0,0,0,0,0,0,0,0,0,0,0,0,0,0
WG_METRICS 1008,256,768,1.0193,0.0074,0.0069,0.9754,0.0142,0.0154,256,768,196608,393216,201566.5469,403133.0938,0.0000,0,0.0000,0.0000,0,0.0000,0,0.0000,0.0000,0,0.0000,0.0000,0,0,0,0,0,0,0,0,0,0,0,0,0,0,0,0,0,0,0,0,0,0,0,0,0
WG_METRICS 1009,256,768,1.0433,0.0074,0.0068,1.0035,0.0100,0.0155,256,768,196608,393216,195918.3594,391836.7188,0.0000,0,0.0000,0.0000,0,0.0000,0,0.0000,0.0000,0,0.0000,0.0000,0,0,0,0,0,0,0,0,0,0,0,0,0,0,0,0,0,0,0,0,0,0,0,0,0
WG_METRICS 1010,256,768,1.0370,0.0075,0.0068,0.9904,0.0165,0.0158,256,768,196608,393216,198513.7344,397027.4688,0.0000,0,0.0000,0.0000,0,0.0000,0,0.0000,0.0000,0,0.0000,0.0000,0,0,0,0,0,0,0,0,0,0,0,0,0,0,0,0,0,0,0,0,0,0,0,0,0
WG_METRICS 1011,256,768,1.0196,0.0074,0.0068,0.9734,0.0164,0.0155,256,768,196608,393216,201972.3906,403944.7812,0.0000,0,0.0000,0.0000,0,0.0000,0,0.0000,0.0000,0,0.0000,0.0000,0,0,0,0,0,0,0,0,0,0,0,0,0,0,0,0,0,0,0,0,0,0,0,0,0
WG_METRICS 1012,256,768,1.0217,0.0074,0.0068,0.9794,0.0078,0.0202,256,768,196608,393216,200735.1250,401470.2500,0.0000,0,0.0000,0.0000,0,0.0000,0,0.0000,0.0000,0,0.0000,0.0000,0,0,0,0,0,0,0,0,0,0,0,0,0,0,0,0,0,0,0,0,0,0,0,0,0
WG_METRICS 1013,256,768,1.0390,0.0075,0.0069,0.9933,0.0151,0.0162,256,768,196608,393216,197930.1719,395860.3438,0.0000,0,0.0000,0.0000,0,0.0000,0,0.0000,0.0000,0,0.0000,0.0000,0,0,0,0,0,0,0,0,0,0,0,0,0,0,0,0,0,0,0,0,0,0,0,0,0
WG_METRICS 1014,256,768,1.0244,0.0074,0.0068,0.9778,0.0166,0.0159,256,768,196608,393216,201080.0156,402160.0312,0.0000,0,0.0000,0.0000,0,0.0000,0,0.0000,0.0000,0,0.0000,0.0000,0,0,0,0,0,0,0,0,0,0,0,0,0,0,0,0,0,0,0,0,0,0,0,0,0
WG_METRICS 1015,256,768,1.0258,0.0074,0.0068,0.9798,0.0163,0.0155,256,768,196608,393216,200653.1719,401306.3438,0.0000,0,0.0000,0.0000,0,0.0000,0,0.0000,0.0000,0,0.0000,0.0000,0,0,0,0,0,0,0,0,0,0,0,0,0,0,0,0,0,0,0,0,0,0,0,0,0
WG_METRICS 1016,256,768,1.0260,0.0074,0.0069,0.9789,0.0166,0.0162,256,768,196608,393216,200841.7500,401683.5000,0.0000,0,0.0000,0.0000,0,0.0000,0,0.0000,0.0000,0,0.0000,0.0000,0,0,0,0,0,0,0,0,0,0,0,0,0,0,0,0,0,0,0,0,0,0,0,0,0
WG_METRICS 1017,256,768,1.0137,0.0074,0.0068,0.9676,0.0164,0.0155,256,768,196608,393216,203199.7969,406399.5938,0.0000,0,0.0000,0.0000,0,0.0000,0,0.0000,0.0000,0,0.0000,0.0000,0,0,0,0,0,0,0,0,0,0,0,0,0,0,0,0,0,0,0,0,0,0,0,0,0
WG_METRICS 1018,256,768,1.0316,0.0074,0.0069,0.9918,0.0090,0.0165,256,768,196608,393216,198233.5156,396467.0312,0.0000,0,0.0000,0.0000,0,0.0000,0,0.0000,0.0000,0,0.0000,0.0000,0,0,0,0,0,0,0,0,0,0,0,0,0,0,0,0,0,0,0,0,0,0,0,0,0
WG_METRICS 1019,256,768,1.0300,0.0075,0.0067,0.9838,0.0164,0.0156,256,768,196608,393216,199853.6250,399707.2500,0.0000,0,0.0000,0.0000,0,0.0000,0,0.0000,0.0000,0,0.0000,0.0000,0,0,0,0,0,0,0,0,0,0,0,0,0,0,0,0,0,0,0,0,0,0,0,0,0
WG_METRICS 1020,256,768,1.9046,0.0086,0.0070,1.8342,0.0250,0.0298,256,768,196608,393216,107187.7188,214375.4375,0.0000,0,0.0000,0.0000,0,0.0000,0,0.0000,0.0000,0,0.0000,0.0000,0,0,0,0,0,0,0,0,0,0,0,0,0,0,0,0,0,0,0,0,0,0,0,0,0
WG_METRICS 1021,256,768,1.9186,0.0087,0.0070,1.8482,0.0259,0.0287,256,768,196608,393216,106375.7969,212751.5938,0.0000,0,0.0000,0.0000,0,0.0000,0,0.0000,0.0000,0,0.0000,0.0000,0,0,0,0,0,0,0,0,0,0,0,0,0,0,0,0,0,0,0,0,0,0,0,0,0
WG_METRICS 1022,256,768,1.9487,0.0089,0.0070,1.8792,0.0250,0.0286,256,768,196608,393216,104625.4688,209250.9375,0.0000,0,0.0000,0.0000,0,0.0000,0,0.0000,0.0000,0,0.0000,0.0000,0,0,0,0,0,0,0,0,0,0,0,0,0,0,0,0,0,0,0,0,0,0,0,0,0
WG_METRICS 1023,256,768,1.9778,0.0087,0.0070,1.9064,0.0261,0.0296,256,768,196608,393216,103132.6719,206265.3438,0.0000,0,0.0000,0.0000,0,0.0000,0,0.0000,0.0000,0,0.0000,0.0000,0,0,0,0,0,0,0,0,0,0,0,0,0,0,0,0,0,0,0,0,0,0,0,0,0
WG_METRICS 1024,256,768,1.6437,0.0087,0.0070,1.5873,0.0157,0.0250,256,768,196608,393216,123864.7188,247729.4375,0.0000,0,0.0000,0.0000,0,0.0000,0,0.0000,0.0000,0,0.0000,0.0000,0,0,0,0,0,0,0,0,0,0,0,0,0,0,0,0,0,0,0,0,0,0,0,0,0
WG_METRICS 1025,256,768,1.2012,0.0077,0.0067,1.1470,0.0230,0.0168,256,768,196608,393216,171416.6094,342833.2188,0.0000,0,0.0000,0.0000,0,0.0000,0,0.0000,0.0000,0,0.0000,0.0000,0,0,0,0,0,0,0,0,0,0,0,0,0,0,0,0,0,0,0,0,0,0,0,0,0
WG_METRICS 1026,256,768,1.0326,0.0074,0.0068,0.9666,0.0362,0.0155,256,768,196608,393216,203401.6094,406803.2188,0.0000,0,0.0000,0.0000,0,0.0000,0,0.0000,0.0000,0,0.0000,0.0000,0,0,0,0,0,0,0,0,0,0,0,0,0,0,0,0,0,0,0,0,0,0,0,0,0
WG_METRICS 1027,256,768,1.0404,0.0075,0.0068,0.9741,0.0362,0.0159,256,768,196608,393216,201839.6719,403679.3438,0.0000,0,0.0000,0.0000,0,0.0000,0,0.0000,0.0000,0,0.0000,0.0000,0,0,0,0,0,0,0,0,0,0,0,0,0,0,0,0,0,0,0,0,0,0,0,0,0
WG_METRICS 1028,256,768,1.0163,0.0074,0.0068,0.9678,0.0186,0.0156,256,768,196608,393216,203141.0156,406282.0312,0.0000,0,0.0000,0.0000,0,0.0000,0,0.0000,0.0000,0,0.0000,0.0000,0,0,0,0,0,0,0,0,0,0,0,0,0,0,0,0,0,0,0,0,0,0,0,0,0
WG_METRICS 1029,256,768,1.0139,0.0074,0.0068,0.9762,0.0080,0.0154,256,768,196608,393216,201393.1094,402786.2188,0.0000,0,0.0000,0.0000,0,0.0000,0,0.0000,0.0000,0,0.0000,0.0000,0,0,0,0,0,0,0,0,0,0,0,0,0,0,0,0,0,0,0,0,0,0,0,0,0
WG_METRICS 1030,256,768,1.0282,0.0075,0.0068,0.9859,0.0122,0.0159,256,768,196608,393216,199415.7656,398831.5312,0.0000,0,0.0000,0.0000,0,0.0000,0,0.0000,0.0000,0,0.0000,0.0000,0,0,0,0,0,0,0,0,0,0,0,0,0,0,0,0,0,0,0,0,0,0,0,0,0
WG_METRICS 1031,256,768,1.0273,0.0074,0.0068,0.9808,0.0165,0.0158,256,768,196608,393216,200464.9531,400929.9062,0.0000,0,0.0000,0.0000,0,0.0000,0,0.0000,0.0000,0,0.0000,0.0000,0,0,0,0,0,0,0,0,0,0,0,0,0,0,0,0,0,0,0,0,0,0,0,0,0
WG_METRICS 1032,256,768,1.0190,0.0074,0.0069,0.9724,0.0164,0.0160,256,768,196608,393216,202188.3906,404376.7812,0.0000,0,0.0000,0.0000,0,0.0000,0,0.0000,0.0000,0,0.0000,0.0000,0,0,0,0,0,0,0,0,0,0,0,0,0,0,0,0,0,0,0,0,0,0,0,0,0
WG_METRICS 1033,256,768,1.0186,0.0074,0.0068,0.9855,0.0032,0.0156,256,768,196608,393216,199504.8125,399009.6250,0.0000,0,0.0000,0.0000,0,0.0000,0,0.0000,0.0000,0,0.0000,0.0000,0,0,0,0,0,0,0,0,0,0,0,0,0,0,0,0,0,0,0,0,0,0,0,0,0
WG_METRICS 1034,256,768,1.0402,0.0074,0.0068,0.9868,0.0232,0.0159,256,768,196608,393216,199237.9375,398475.8750,0.0000,0,0.0000,0.0000,0,0.0000,0,0.0000,0.0000,0,0.0000,0.0000,0,0,0,0,0,0,0,0,0,0,0,0,0,0,0,0,0,0,0,0,0,0,0,0,0
WG_METRICS 1035,256,768,1.0099,0.0074,0.0066,0.9722,0.0082,0.0155,256,768,196608,393216,202230.0000,404460.0000,0.0000,0,0.0000,0.0000,0,0.0000,0,0.0000,0.0000,0,0.0000,0.0000,0,0,0,0,0,0,0,0,0,0,0,0,0,0,0,0,0,0,0,0,0,0,0,0,0
WG_METRICS 1036,256,768,1.1396,0.0075,0.0069,1.0847,0.0233,0.0173,256,768,196608,393216,181259.0000,362518.0000,0.0000,0,0.0000,0.0000,0,0.0000,0,0.0000,0.0000,0,0.0000,0.0000,0,0,0,0,0,0,0,0,0,0,0,0,0,0,0,0,0,0,0,0,0,0,0,0,0
WG_METRICS 1037,256,768,1.4941,0.0080,0.0069,1.4404,0.0155,0.0233,256,768,196608,393216,136491.6250,272983.2500,0.0000,0,0.0000,0.0000,0,0.0000,0,0.0000,0.0000,0,0.0000,0.0000,0,0,0,0,0,0,0,0,0,0,0,0,0,0,0,0,0,0,0,0,0,0,0,0,0
WG_METRICS 1038,256,768,1.9615,0.0090,0.0070,1.8901,0.0261,0.0292,256,768,196608,393216,104018.7891,208037.5781,0.0000,0,0.0000,0.0000,0,0.0000,0,0.0000,0.0000,0,0.0000,0.0000,0,0,0,0,0,0,0,0,0,0,0,0,0,0,0,0,0,0,0,0,0,0,0,0,0
WG_METRICS 1039,256,768,1.9370,0.0087,0.0070,1.8669,0.0253,0.0290,256,768,196608,393216,105311.4219,210622.8438,0.0000,0,0.0000,0.0000,0,0.0000,0,0.0000,0.0000,0,0.0000,0.0000,0,0,0,0,0,0,0,0,0,0,0,0,0,0,0,0,0,0,0,0,0,0,0,0,0
WG_METRICS 1040,256,768,1.9190,0.0089,0.0071,1.8492,0.0250,0.0288,256,768,196608,393216,106320.5703,212641.1406,0.0000,0,0.0000,0.0000,0,0.0000,0,0.0000,0.0000,0,0.0000,0.0000,0,0,0,0,0,0,0,0,0,0,0,0,0,0,0,0,0,0,0,0,0,0,0,0,0
WG_METRICS 1041,256,768,1.9099,0.0088,0.0073,1.8528,0.0122,0.0289,256,768,196608,393216,106116.2812,212232.5625,0.0000,0,0.0000,0.0000,0,0.0000,0,0.0000,0.0000,0,0.0000,0.0000,0,0,0,0,0,0,0,0,0,0,0,0,0,0,0,0,0,0,0,0,0,0,0,0,0
WG_METRICS 1042,256,768,1.5488,0.0084,0.0070,1.4957,0.0154,0.0224,256,768,196608,393216,131447.0625,262894.1250,0.0000,0,0.0000,0.0000,0,0.0000,0,0.0000,0.0000,0,0.0000,0.0000,0,0,0,0,0,0,0,0,0,0,0,0,0,0,0,0,0,0,0,0,0,0,0,0,0
WG_METRICS 1043,256,768,1.2063,0.0078,0.0068,1.1600,0.0141,0.0176,256,768,196608,393216,169483.8125,338967.6250,0.0000,0,0.0000,0.0000,0,0.0000,0,0.0000,0.0000,0,0.0000,0.0000,0,0,0,0,0,0,0,0,0,0,0,0,0,0,0,0,0,0,0,0,0,0,0,0,0
WG_METRICS 1044,256,768,1.0418,0.0074,0.0068,0.9976,0.0140,0.0159,256,768,196608,393216,197080.9844,394161.9688,0.0000,0,0.0000,0.0000,0,0.0000,0,0.0000,0.0000,0,0.0000,0.0000,0,0,0,0,0,0,0,0,0,0,0,0,0,0,0,0,0,0,0,0,0,0,0,0,0
WG_METRICS 1045,256,768,1.0175,0.0076,0.0068,0.9708,0.0166,0.0159,256,768,196608,393216,202529.9844,405059.9688,0.0000,0,0.0000,0.0000,0,0.0000,0,0.0000,0.0000,0,0.0000,0.0000,0,0,0,0,0,0,0,0,0,0,0,0,0,0,0,0,0,0,0,0,0,0,0,0,0
WG_METRICS 1046,256,768,1.0043,0.0074,0.0066,0.9580,0.0163,0.0159,256,768,196608,393216,205227.5625,410455.1250,0.0000,0,0.0000,0.0000,0,0.0000,0,0.0000,0.0000,0,0.0000,0.0000,0,0,0,0,0,0,0,0,0,0,0,0,0,0,0,0,0,0,0,0,0,0,0,0,0
WG_METRICS 1047,256,768,1.0277,0.0075,0.0068,0.9810,0.0164,0.0161,256,768,196608,393216,200424.0781,400848.1562,0.0000,0,0.0000,0.0000,0,0.0000,0,0.0000,0.0000,0,0.0000,0.0000,0,0,0,0,0,0,0,0,0,0,0,0,0,0,0,0,0,0,0,0,0,0,0,0,0
WG_METRICS 1048,256,768,1.0252,0.0075,0.0069,0.9847,0.0093,0.0169,256,768,196608,393216,199666.8906,399333.7812,0.0000,0,0.0000,0.0000,0,0.0000,0,0.0000,0.0000,0,0.0000,0.0000,0,0,0,0,0,0,0,0,0,0,0,0,0,0,0,0,0,0,0,0,0,0,0,0,0
WG_METRICS 1049,256,768,1.0223,0.0074,0.0066,0.9851,0.0072,0.0160,256,768,196608,393216,199577.7188,399155.4375,0.0000,0,0.0000,0.0000,0,0.0000,0,0.0000,0.0000,0,0.0000,0.0000,0,0,0,0,0,0,0,0,0,0,0,0,0,0,0,0,0,0,0,0,0,0,0,0,0
WG_METRICS 1050,256,768,1.0197,0.0075,0.0066,0.9733,0.0165,0.0158,256,768,196608,393216,202005.5938,404011.1875,0.0000,0,0.0000,0.0000,0,0.0000,0,0.0000,0.0000,0,0.0000,0.0000,0,0,0,0,0,0,0,0,0,0,0,0,0,0,0,0,0,0,0,0,0,0,0,0,0
WG_METRICS 1051,256,768,1.0157,0.0074,0.0068,0.9782,0.0072,0.0161,256,768,196608,393216,200997.7812,401995.5625,0.0000,0,0.0000,0.0000,0,0.0000,0,0.0000,0.0000,0,0.0000,0.0000,0,0,0,0,0,0,0,0,0,0,0,0,0,0,0,0,0,0,0,0,0,0,0,0,0
WG_METRICS 1052,256,768,1.0172,0.0074,0.0069,0.9772,0.0070,0.0187,256,768,196608,393216,201195.2500,402390.5000,0.0000,0,0.0000,0.0000,0,0.0000,0,0.0000,0.0000,0,0.0000,0.0000,0,0,0,0,0,0,0,0,0,0,0,0,0,0,0,0,0,0,0,0,0,0,0,0,0
WG_METRICS 1053,256,768,1.0347,0.0075,0.0068,0.9886,0.0164,0.0154,256,768,196608,393216,198867.1250,397734.2500,0.0000,0,0.0000,0.0000,0,0.0000,0,0.0000,0.0000,0,0.0000,0.0000,0,0,0,0,0,0,0,0,0,0,0,0,0,0,0,0,0,0,0,0,0,0,0,0,0
WG_METRICS 1054,256,768,1.5036,0.0075,0.0068,1.0114,0.4614,0.0164,256,768,196608,393216,194384.2344,388768.4688,0.0000,0,0.0000,0.0000,0,0.0000,0,0.0000,0.0000,0,0.0000,0.0000,0,0,0,0,0,0,0,0,0,0,0,0,0,0,0,0,0,0,0,0,0,0,0,0,0
WG_METRICS 1055,256,768,1.0644,0.0075,0.0068,1.0104,0.0235,0.0162,256,768,196608,393216,194576.6250,389153.2500,0.0000,0,0.0000,0.0000,0,0.0000,0,0.0000,0.0000,0,0.0000,0.0000,0,0,0,0,0,0,0,0,0,0,0,0,0,0,0,0,0,0,0,0,0,0,0,0,0
WG_METRICS 1056,256,768,1.0410,0.0074,0.0068,0.9876,0.0232,0.0160,256,768,196608,393216,199084.6250,398169.2500,0.0000,0,0.0000,0.0000,0,0.0000,0,0.0000,0.0000,0,0.0000,0.0000,0,0,0,0,0,0,0,0,0,0,0,0,0,0,0,0,0,0,0,0,0,0,0,0,0
WG_METRICS 1057,256,768,1.0366,0.0074,0.0068,0.9885,0.0182,0.0157,256,768,196608,393216,198899.3281,397798.6562,0.0000,0,0.0000,0.0000,0,0.0000,0,0.0000,0.0000,0,0.0000,0.0000,0,0,0,0,0,0,0,0,0,0,0,0,0,0,0,0,0,0,0,0,0,0,0,0,0
WG_METRICS 1058,256,768,1.0323,0.0075,0.0066,0.9798,0.0228,0.0156,256,768,196608,393216,200661.3594,401322.7188,0.0000,0,0.0000,0.0000,0,0.0000,0,0.0000,0.0000,0,0.0000,0.0000,0,0,0,0,0,0,0,0,0,0,0,0,0,0,0,0,0,0,0,0,0,0,0,0,0
WG_METRICS 1059,256,768,1.0346,0.0074,0.0069,0.9818,0.0226,0.0159,256,768,196608,393216,200252.5938,400505.1875,0.0000,0,0.0000,0.0000,0,0.0000,0,0.0000,0.0000,0,0.0000,0.0000,0,0,0,0,0,0,0,0,0,0,0,0,0,0,0,0,0,0,0,0,0,0,0,0,0
WG_METRICS 1060,256,768,1.0323,0.0074,0.0069,0.9800,0.0225,0.0154,256,768,196608,393216,200620.4062,401240.8125,0.0000,0,0.0000,0.0000,0,0.0000,0,0.0000,0.0000,0,0.0000,0.0000,0,0,0,0,0,0,0,0,0,0,0,0,0,0,0,0,0,0,0,0,0,0,0,0,0
WG_METRICS 1061,256,768,1.0170,0.0100,0.0068,0.9708,0.0140,0.0154,256,768,196608,393216,202521.6406,405043.2812,0.0000,0,0.0000,0.0000,0,0.0000,0,0.0000,0.0000,0,0.0000,0.0000,0,0,0,0,0,0,0,0,0,0,0,0,0,0,0,0,0,0,0,0,0,0,0,0,0
WG_METRICS 1062,256,768,1.0012,0.0078,0.0070,0.9568,0.0140,0.0156,256,768,196608,393216,205493.5469,410987.0938,0.0000,0,0.0000,0.0000,0,0.0000,0,0.0000,0.0000,0,0.0000,0.0000,0,0,0,0,0,0,0,0,0,0,0,0,0,0,0,0,0,0,0,0,0,0,0,0,0
WG_METRICS 1063,256,768,1.1286,0.0075,0.0068,1.0739,0.0232,0.0172,256,768,196608,393216,183081.9219,366163.8438,0.0000,0,0.0000,0.0000,0,0.0000,0,0.0000,0.0000,0,0.0000,0.0000,0,0,0,0,0,0,0,0,0,0,0,0,0,0,0,0,0,0,0,0,0,0,0,0,0
WG_METRICS 1064,256,768,1.2530,0.0078,0.0069,1.1963,0.0235,0.0186,256,768,196608,393216,164349.4844,328698.9688,0.0000,0,0.0000,0.0000,0,0.0000,0,0.0000,0.0000,0,0.0000,0.0000,0,0,0,0,0,0,0,0,0,0,0,0,0,0,0,0,0,0,0,0,0,0,0,0,0
WG_METRICS 1065,256,768,1.2346,0.0078,0.0069,1.1776,0.0231,0.0192,256,768,196608,393216,166950.8594,333901.7188,0.0000,0,0.0000,0.0000,0,0.0000,0,0.0000,0.0000,0,0.0000,0.0000,0,0,0,0,0,0,0,0,0,0,0,0,0,0,0,0,0,0,0,0,0,0,0,0,0
WG_METRICS 1066,256,768,1.1835,0.0076,0.0068,1.1293,0.0229,0.0168,256,768,196608,393216,174094.1406,348188.2812,0.0000,0,0.0000,0.0000,0,0.0000,0,0.0000,0.0000,0,0.0000,0.0000,0,0,0,0,0,0,0,0,0,0,0,0,0,0,0,0,0,0,0,0,0,0,0,0,0
WG_METRICS 1067,256,768,1.0837,0.0075,0.0068,1.0301,0.0233,0.0160,256,768,196608,393216,190866.7344,381733.4688,0.0000,0,0.0000,0.0000,0,0.0000,0,0.0000,0.0000,0,0.0000,0.0000,0,0,0,0,0,0,0,0,0,0,0,0,0,0,0,0,0,0,0,0,0,0,0,0,0
WG_METRICS 1068,256,768,1.0150,0.0074,0.0069,0.9706,0.0141,0.0160,256,768,196608,393216,202571.7031,405143.4062,0.0000,0,0.0000,0.0000,0,0.0000,0,0.0000,0.0000,0,0.0000,0.0000,0,0,0,0,0,0,0,0,0,0,0,0,0,0,0,0,0,0,0,0,0,0,0,0,0
WG_METRICS 1069,256,768,1.0222,0.0080,0.0066,0.9739,0.0175,0.0162,256,768,196608,393216,201872.8438,403745.6875,0.0000,0,0.0000,0.0000,0,0.0000,0,0.0000,0.0000,0,0.0000,0.0000,0,0,0,0,0,0,0,0,0,0,0,0,0,0,0,0,0,0,0,0,0,0,0,0,0
WG_METRICS 1070,256,768,1.0431,0.0075,0.0068,0.9906,0.0226,0.0156,256,768,196608,393216,198465.6406,396931.2812,0.0000,0,0.0000,0.0000,0,0.0000,0,0.0000,0.0000,0,0.0000,0.0000,0,0,0,0,0,0,0,0,0,0,0,0,0,0,0,0,0,0,0,0,0,0,0,0,0
WG_METRICS 1071,256,768,1.0344,0.0075,0.0067,0.9819,0.0228,0.0154,256,768,196608,393216,200236.2812,400472.5625,0.0000,0,0.0000,0.0000,0,0.0000,0,0.0000,0.0000,0,0.0000,0.0000,0,0,0,0,0,0,0,0,0,0,0,0,0,0,0,0,0,0,0,0,0,0,0,0,0
WG_METRICS 1072,256,768,1.0613,0.0074,0.0068,0.9917,0.0399,0.0154,256,768,196608,393216,198249.5000,396499.0000,0.0000,0,0.0000,0.0000,0,0.0000,0,0.0000,0.0000,0,0.0000,0.0000,0,0,0,0,0,0,0,0,0,0,0,0,0,0,0,0,0,0,0,0,0,0,0,0,0
WG_METRICS 1073,256,768,1.0218,0.0074,0.0068,0.9877,0.0045,0.0154,256,768,196608,393216,199060.4219,398120.8438,0.0000,0,0.0000,0.0000,0,0.0000,0,0.0000,0.0000,0,0.0000,0.0000,0,0,0,0,0,0,0,0,0,0,0,0,0,0,0,0,0,0,0,0,0,0,0,0,0
WG_METRICS 1074,256,768,1.0435,0.0079,0.0068,0.9903,0.0228,0.0156,256,768,196608,393216,198537.7969,397075.5938,0.0000,0,0.0000,0.0000,0,0.0000,0,0.0000,0.0000,0,0.0000,0.0000,0,0,0,0,0,0,0,0,0,0,0,0,0,0,0,0,0,0,0,0,0,0,0,0,0
WG_METRICS 1075,256,768,1.0093,0.0074,0.0068,0.9697,0.0098,0.0156,256,768,196608,393216,202747.1875,405494.3750,0.0000,0,0.0000,0.0000,0,0.0000,0,0.0000,0.0000,0,0.0000,0.0000,0,0,0,0,0,0,0,0,0,0,0,0,0,0,0,0,0,0,0,0,0,0,0,0,0
WG_METRICS 1076,256,768,1.0415,0.0074,0.0068,1.0016,0.0097,0.0159,256,768,196608,393216,196286.0938,392572.1875,0.0000,0,0.0000,0.0000,0,0.0000,0,0.0000,0.0000,0,0.0000,0.0000,0,0,0,0,0,0,0,0,0,0,0,0,0,0,0,0,0,0,0,0,0,0,0,0,0
WG_METRICS 1077,256,768,1.0448,0.0076,0.0068,0.9996,0.0146,0.0161,256,768,196608,393216,196678.8125,393357.6250,0.0000,0,0.0000,0.0000,0,0.0000,0,0.0000,0.0000,0,0.0000,0.0000,0,0,0,0,0,0,0,0,0,0,0,0,0,0,0,0,0,0,0,0,0,0,0,0,0
WG_METRICS 1078,256,768,1.0298,0.0074,0.0068,0.9831,0.0166,0.0159,256,768,196608,393216,199983.7188,399967.4375,0.0000,0,0.0000,0.0000,0,0.0000,0,0.0000,0.0000,0,0.0000,0.0000,0,0,0,0,0,0,0,0,0,0,0,0,0,0,0,0,0,0,0,0,0,0,0,0,0
WG_METRICS 1079,256,768,1.0078,0.0074,0.0067,0.9616,0.0165,0.0155,256,768,196608,393216,204450.7344,408901.4688,0.0000,0,0.0000,0.0000,0,0.0000,0,0.0000,0.0000,0,0.0000,0.0000,0,0,0,0,0,0,0,0,0,0,0,0,0,0,0,0,0,0,0,0,0,0,0,0,0
WG_METRICS 1080,256,768,1.0301,0.0076,0.0067,0.9838,0.0164,0.0156,256,768,196608,393216,199845.5000,399691.0000,0.0000,0,0.0000,0.0000,0,0.0000,0,0.0000,0.0000,0,0.0000,0.0000,0,0,0,0,0,0,0,0,0,0,0,0,0,0,0,0,0,0,0,0,0,0,0,0,0
WG_METRICS 1081,256,768,1.0660,0.0074,0.0069,1.0193,0.0164,0.0160,256,768,196608,393216,192881.5312,385763.0625,0.0000,0,0.0000,0.0000,0,0.0000,0,0.0000,0.0000,0,0.0000,0.0000,0,0,0,0,0,0,0,0,0,0,0,0,0,0,0,0,0,0,0,0,0,0,0,0,0
WG_METRICS 1082,256,768,1.0537,0.0075,0.0068,1.0069,0.0165,0.0160,256,768,196608,393216,195256.8281,390513.6562,0.0000,0,0.0000,0.0000,0,0.0000,0,0.0000,0.0000,0,0.0000,0.0000,0,0,0,0,0,0,0,0,0,0,0,0,0,0,0,0,0,0,0,0,0,0,0,0,0
WG_METRICS 1083,256,768,1.0728,0.0076,0.0068,1.0184,0.0235,0.0163,256,768,196608,393216,193048.1875,386096.3750,0.0000,0,0.0000,0.0000,0,0.0000,0,0.0000,0.0000,0,0.0000,0.0000,0,0,0,0,0,0,0,0,0,0,0,0,0,0,0,0,0,0,0,0,0,0,0,0,0
WG_METRICS 1084,256,768,1.1050,0.0076,0.0068,1.0507,0.0229,0.0170,256,768,196608,393216,187117.4062,374234.8125,0.0000,0,0.0000,0.0000,0,0.0000,0,0.0000,0.0000,0,0.0000,0.0000,0,0,0,0,0,0,0,0,0,0,0,0,0,0,0,0,0,0,0,0,0,0,0,0,0
WG_METRICS 1085,256,768,1.8672,0.0087,0.0069,1.7974,0.0254,0.0288,256,768,196608,393216,109384.6641,218769.3281,0.0000,0,0.0000,0.0000,0,0.0000,0,0.0000,0.0000,0,0.0000,0.0000,0,0,0,0,0,0,0,0,0,0,0,0,0,0,0,0,0,0,0,0,0,0,0,0,0
WG_METRICS 1086,256,768,1.9246,0.0087,0.0070,1.8545,0.0252,0.0291,256,768,196608,393216,106015.5781,212031.1562,0.0000,0,0.0000,0.0000,0,0.0000,0,0.0000,0.0000,0,0.0000,0.0000,0,0,0,0,0,0,0,0,0,0,0,0,0,0,0,0,0,0,0,0,0,0,0,0,0
WG_METRICS 1087,256,768,1.8959,0.0087,0.0070,1.8342,0.0166,0.0294,256,768,196608,393216,107187.7188,214375.4375,0.0000,0,0.0000,0.0000,0,0.0000,0,0.0000,0.0000,0,0.0000,0.0000,0,0,0,0,0,0,0,0,0,0,0,0,0,0,0,0,0,0,0,0,0,0,0,0,0
WG_METRICS 1088,256,768,1.9277,0.0092,0.0072,1.8614,0.0211,0.0288,256,768,196608,393216,105621.4609,211242.9219,0.0000,0,0.0000,0.0000,0,0.0000,0,0.0000,0.0000,0,0.0000,0.0000,0,0,0,0,0,0,0,0,0,0,0,0,0,0,0,0,0,0,0,0,0,0,0,0,0
WG_METRICS 1089,256,768,1.4848,0.0082,0.0069,1.4252,0.0238,0.0206,256,768,196608,393216,137947.2969,275894.5938,0.0000,0,0.0000,0.0000,0,0.0000,0,0.0000,0.0000,0,0.0000,0.0000,0,0,0,0,0,0,0,0,0,0,0,0,0,0,0,0,0,0,0,0,0,0,0,0,0
WG_METRICS 1090,256,768,1.0879,0.0076,0.0068,1.0416,0.0152,0.0167,256,768,196608,393216,188755.7656,377511.5312,0.0000,0,0.0000,0.0000,0,0.0000,0,0.0000,0.0000,0,0.0000,0.0000,0,0,0,0,0,0,0,0,0,0,0,0,0,0,0,0,0,0,0,0,0,0,0,0,0
WG_METRICS 1091,256,768,1.0205,0.0074,0.0069,0.9831,0.0076,0.0156,256,768,196608,393216,199991.8594,399983.7188,0.0000,0,0.0000,0.0000,0,0.0000,0,0.0000,0.0000,0,0.0000,0.0000,0,0,0,0,0,0,0,0,0,0,0,0,0,0,0,0,0,0,0,0,0,0,0,0,0
WG_METRICS 1092,256,768,1.0326,0.0074,0.0069,0.9888,0.0140,0.0154,256,768,196608,393216,198826.9062,397653.8125,0.0000,0,0.0000,0.0000,0,0.0000,0,0.0000,0.0000,0,0.0000,0.0000,0,0,0,0,0,0,0,0,0,0,0,0,0,0,0,0,0,0,0,0,0,0,0,0,0
WG_METRICS 1093,256,768,1.0239,0.0074,0.0068,0.9778,0.0164,0.0154,256,768,196608,393216,201063.5625,402127.1250,0.0000,0,0.0000,0.0000,0,0.0000,0,0.0000,0.0000,0,0.0000,0.0000,0,0,0,0,0,0,0,0,0,0,0,0,0,0,0,0,0,0,0,0,0,0,0,0,0
WG_METRICS 1094,256,768,1.0293,0.0074,0.0068,0.9852,0.0142,0.0156,256,768,196608,393216,199561.5156,399123.0312,0.0000,0,0.0000,0.0000,0,0.0000,0,0.0000,0.0000,0,0.0000,0.0000,0,0,0,0,0,0,0,0,0,0,0,0,0,0,0,0,0,0,0,0,0,0,0,0,0
WG_METRICS 1095,256,768,1.0538,0.0075,0.0068,1.0113,0.0128,0.0154,256,768,196608,393216,194415.0156,388830.0312,0.0000,0,0.0000,0.0000,0,0.0000,0,0.0000,0.0000,0,0.0000,0.0000,0,0,0,0,0,0,0,0,0,0,0,0,0,0,0,0,0,0,0,0,0,0,0,0,0
WG_METRICS 1096,256,768,1.0447,0.0074,0.0067,0.9982,0.0166,0.0158,256,768,196608,393216,196970.4219,393940.8438,0.0000,0,0.0000,0.0000,0,0.0000,0,0.0000,0.0000,0,0.0000,0.0000,0,0,0,0,0,0,0,0,0,0,0,0,0,0,0,0,0,0,0,0,0,0,0,0,0
WG_METRICS 1097,256,768,1.0326,0.0075,0.0068,0.9884,0.0142,0.0158,256,768,196608,393216,198923.4688,397846.9375,0.0000,0,0.0000,0.0000,0,0.0000,0,0.0000,0.0000,0,0.0000,0.0000,0,0,0,0,0,0,0,0,0,0,0,0,0,0,0,0,0,0,0,0,0,0,0,0,0
WG_METRICS 1098,256,768,1.1807,0.0077,0.0067,1.1253,0.0231,0.0179,256,768,196608,393216,174719.1719,349438.3438,0.0000,0,0.0000,0.0000,0,0.0000,0,0.0000,0.0000,0,0.0000,0.0000,0,0,0,0,0,0,0,0,0,0,0,0,0,0,0,0,0,0,0,0,0,0,0,0,0
WG_METRICS 1099,256,768,1.2109,0.0078,0.0069,1.1620,0.0153,0.0189,256,768,196608,393216,169192.1094,338384.2188,0.0000,0,0.0000,0.0000,0,0.0000,0,0.0000,0.0000,0,0.0000,0.0000,0,0,0,0,0,0,0,0,0,0,0,0,0,0,0,0,0,0,0,0,0,0,0,0,0
WG_METRICS 1100,256,768,1.1476,0.0076,0.0069,1.1009,0.0144,0.0178,256,768,196608,393216,178585.1875,357170.3750,0.0000,0,0.0000,0.0000,0,0.0000,0,0.0000,0.0000,0,0.0000,0.0000,0,0,0,0,0,0,0,0,0,0,0,0,0,0,0,0,0,0,0,0,0,0,0,0,0
WG_METRICS 1101,256,768,1.1195,0.0076,0.0068,1.0662,0.0227,0.0162,256,768,196608,393216,184407.5938,368815.1875,0.0000,0,0.0000,0.0000,0,0.0000,0,0.0000,0.0000,0,0.0000,0.0000,0,0,0,0,0,0,0,0,0,0,0,0,0,0,0,0,0,0,0,0,0,0,0,0,0
WG_METRICS 1102,256,768,1.0570,0.0075,0.0068,1.0036,0.0229,0.0162,256,768,196608,393216,195910.5625,391821.1250,0.0000,0,0.0000,0.0000,0,0.0000,0,0.0000,0.0000,0,0.0000,0.0000,0,0,0,0,0,0,0,0,0,0,0,0,0,0,0,0,0,0,0,0,0,0,0,0,0
WG_METRICS 1103,256,768,1.0412,0.0074,0.0069,0.9886,0.0229,0.0154,256,768,196608,393216,198883.2188,397766.4375,0.0000,0,0.0000,0.0000,0,0.0000,0,0.0000,0.0000,0,0.0000,0.0000,0,0,0,0,0,0,0,0,0,0,0,0,0,0,0,0,0,0,0,0,0,0,0,0,0
WG_METRICS 1104,256,768,1.0193,0.0075,0.0068,0.9754,0.0140,0.0156,256,768,196608,393216,201566.5469,403133.0938,0.0000,0,0.0000,0.0000,0,0.0000,0,0.0000,0.0000,0,0.0000,0.0000,0,0,0,0,0,0,0,0,0,0,0,0,0,0,0,0,0,0,0,0,0,0,0,0,0
WG_METRICS 1105,256,768,1.0331,0.0076,0.0067,0.9989,0.0044,0.0155,256,768,196608,393216,196820.5625,393641.1250,0.0000,0,0.0000,0.0000,0,0.0000,0,0.0000,0.0000,0,0.0000,0.0000,0,0,0,0,0,0,0,0,0,0,0,0,0,0,0,0,0,0,0,0,0,0,0,0,0
WG_METRICS 1106,256,768,1.4902,0.0079,0.0069,1.4282,0.0240,0.0230,256,768,196608,393216,137657.5469,275315.0938,0.0000,0,0.0000,0.0000,0,0.0000,0,0.0000,0.0000,0,0.0000,0.0000,0,0,0,0,0,0,0,0,0,0,0,0,0,0,0,0,0,0,0,0,0,0,0,0,0
WG_METRICS 1107,256,768,1.8959,0.0088,0.0070,1.8346,0.0166,0.0290,256,768,196608,393216,107169.0156,214338.0312,0.0000,0,0.0000,0.0000,0,0.0000,0,0.0000,0.0000,0,0.0000,0.0000,0,0,0,0,0,0,0,0,0,0,0,0,0,0,0,0,0,0,0,0,0,0,0,0,0
WG_METRICS 1108,256,768,1.9389,0.0087,0.0070,1.8692,0.0252,0.0288,256,768,196608,393216,105180.7109,210361.4219,0.0000,0,0.0000,0.0000,0,0.0000,0,0.0000,0.0000,0,0.0000,0.0000,0,0,0,0,0,0,0,0,0,0,0,0,0,0,0,0,0,0,0,0,0,0,0,0,0
WG_METRICS 1109,256,768,1.8265,0.0087,0.0070,1.7667,0.0165,0.0276,256,768,196608,393216,111286.7109,222573.4219,0.0000,0,0.0000,0.0000,0,0.0000,0,0.0000,0.0000,0,0.0000,0.0000,0,0,0,0,0,0,0,0,0,0,0,0,0,0,0,0,0,0,0,0,0,0,0,0,0
WG_METRICS 1110,256,768,1.4246,0.0081,0.0069,1.3667,0.0235,0.0194,256,768,196608,393216,143858.1094,287716.2188,0.0000,0,0.0000,0.0000,0,0.0000,0,0.0000,0.0000,0,0.0000,0.0000,0,0,0,0,0,0,0,0,0,0,0,0,0,0,0,0,0,0,0,0,0,0,0,0,0
WG_METRICS 1111,256,768,1.0787,0.0075,0.0068,1.0340,0.0142,0.0162,256,768,196608,393216,190135.7812,380271.5625,0.0000,0,0.0000,0.0000,0,0.0000,0,0.0000,0.0000,0,0.0000,0.0000,0,0,0,0,0,0,0,0,0,0,0,0,0,0,0,0,0,0,0,0,0,0,0,0,0
WG_METRICS 1112,256,768,1.0408,0.0076,0.0068,0.9960,0.0149,0.0156,256,768,196608,393216,197405.5156,394811.0312,0.0000,0,0.0000,0.0000,0,0.0000,0,0.0000,0.0000,0,0.0000,0.0000,0,0,0,0,0,0,0,0,0,0,0,0,0,0,0,0,0,0,0,0,0,0,0,0,0
WG_METRICS 1113,256,768,1.0308,0.0075,0.0069,0.9862,0.0144,0.0158,256,768,196608,393216,199367.2500,398734.5000,0.0000,0,0.0000,0.0000,0,0.0000,0,0.0000,0.0000,0,0.0000,0.0000,0,0,0,0,0,0,0,0,0,0,0,0,0,0,0,0,0,0,0,0,0,0,0,0,0
WG_METRICS 1114,256,768,1.0426,0.0075,0.0068,0.9896,0.0226,0.0162,256,768,196608,393216,198682.2344,397364.4688,0.0000,0,0.0000,0.0000,0,0.0000,0,0.0000,0.0000,0,0.0000,0.0000,0,0,0,0,0,0,0,0,0,0,0,0,0,0,0,0,0,0,0,0,0,0,0,0,0
WG_METRICS 1115,256,768,1.0258,0.0074,0.0067,0.9734,0.0228,0.0155,256,768,196608,393216,201988.9844,403977.9688,0.0000,0,0.0000,0.0000,0,0.0000,0,0.0000,0.0000,0,0.0000,0.0000,0,0,0,0,0,0,0,0,0,0,0,0,0,0,0,0,0,0,0,0,0,0,0,0,0
WG_METRICS 1116,256,768,1.0284,0.0074,0.0068,0.9752,0.0230,0.0160,256,768,196608,393216,201607.8750,403215.7500,0.0000,0,0.0000,0.0000,0,0.0000,0,0.0000,0.0000,0,0.0000,0.0000,0,0,0,0,0,0,0,0,0,0,0,0,0,0,0,0,0,0,0,0,0,0,0,0,0
WG_METRICS 1117,256,768,1.0134,0.0075,0.0068,0.9695,0.0140,0.0156,256,768,196608,393216,202797.3750,405594.7500,0.0000,0,0.0000,0.0000,0,0.0000,0,0.0000,0.0000,0,0.0000,0.0000,0,0,0,0,0,0,0,0,0,0,0,0,0,0,0,0,0,0,0,0,0,0,0,0,0
WG_METRICS 1118,256,768,1.0423,0.0078,0.0068,1.0072,0.0050,0.0156,256,768,196608,393216,195202.5469,390405.0938,0.0000,0,0.0000,0.0000,0,0.0000,0,0.0000,0.0000,0,0.0000,0.0000,0,0,0,0,0,0,0,0,0,0,0,0,0,0,0,0,0,0,0,0,0,0,0,0,0
WG_METRICS 1119,256,768,1.0242,0.0074,0.0069,0.9712,0.0228,0.0159,256,768,196608,393216,202429.8906,404859.7812,0.0000,0,0.0000,0.0000,0,0.0000,0,0.0000,0.0000,0,0.0000,0.0000,0,0,0,0,0,0,0,0,0,0,0,0,0,0,0,0,0,0,0,0,0,0,0,0,0
WG_METRICS 1120,256,768,1.0368,0.0074,0.0068,0.9843,0.0227,0.0155,256,768,196608,393216,199748.0469,399496.0938,0.0000,0,0.0000,0.0000,0,0.0000,0,0.0000,0.0000,0,0.0000,0.0000,0,0,0,0,0,0,0,0,0,0,0,0,0,0,0,0,0,0,0,0,0,0,0,0,0
WG_METRICS 1121,256,768,1.0866,0.0077,0.0068,0.9788,0.0468,0.0464,256,768,196608,393216,200866.3750,401732.7500,0.0000,0,0.0000,0.0000,0,0.0000,0,0.0000,0.0000,0,0.0000,0.0000,0,0,0,0,0,0,0,0,0,0,0,0,0,0,0,0,0,0,0,0,0,0,0,0,0
WG_METRICS 1122,256,768,1.0404,0.0075,0.0066,0.9964,0.0142,0.0157,256,768,196608,393216,197310.4219,394620.8438,0.0000,0,0.0000,0.0000,0,0.0000,0,0.0000,0.0000,0,0.0000,0.0000,0,0,0,0,0,0,0,0,0,0,0,0,0,0,0,0,0,0,0,0,0,0,0,0,0
WG_METRICS 1123,256,768,1.0430,0.0078,0.0066,0.9982,0.0144,0.0160,256,768,196608,393216,196962.5312,393925.0625,0.0000,0,0.0000,0.0000,0,0.0000,0,0.0000,0.0000,0,0.0000,0.0000,0,0,0,0,0,0,0,0,0,0,0,0,0,0,0,0,0,0,0,0,0,0,0,0,0
WG_METRICS 1124,256,768,1.0211,0.0075,0.0068,0.9767,0.0142,0.0159,256,768,196608,393216,201294.1250,402588.2500,0.0000,0,0.0000,0.0000,0,0.0000,0,0.0000,0.0000,0,0.0000,0.0000,0,0,0,0,0,0,0,0,0,0,0,0,0,0,0,0,0,0,0,0,0,0,0,0,0
WG_METRICS 1125,256,768,1.0284,0.0075,0.0067,0.9896,0.0084,0.0161,256,768,196608,393216,198674.2188,397348.4375,0.0000,0,0.0000,0.0000,0,0.0000,0,0.0000,0.0000,0,0.0000,0.0000,0,0,0,0,0,0,0,0,0,0,0,0,0,0,0,0,0,0,0,0,0,0,0,0,0
WG_METRICS 1126,256,768,1.0489,0.0075,0.0068,1.0036,0.0143,0.0167,256,768,196608,393216,195894.9375,391789.8750,0.0000,0,0.0000,0.0000,0,0.0000,0,0.0000,0.0000,0,0.0000,0.0000,0,0,0,0,0,0,0,0,0,0,0,0,0,0,0,0,0,0,0,0,0,0,0,0,0
WG_METRICS 1127,256,768,1.1398,0.0075,0.0068,1.0849,0.0229,0.0177,256,768,196608,393216,181218.8906,362437.7812,0.0000,0,0.0000,0.0000,0,0.0000,0,0.0000,0.0000,0,0.0000,0.0000,0,0,0,0,0,0,0,0,0,0,0,0,0,0,0,0,0,0,0,0,0,0,0,0,0
WG_METRICS 1128,256,768,1.9071,0.0088,0.0070,1.8416,0.0207,0.0290,256,768,196608,393216,106761.6562,213523.3125,0.0000,0,0.0000,0.0000,0,0.0000,0,0.0000,0.0000,0,0.0000,0.0000,0,0,0,0,0,0,0,0,0,0,0,0,0,0,0,0,0,0,0,0,0,0,0,0,0
WG_METRICS 1129,256,768,1.9378,0.0088,0.0070,1.8676,0.0256,0.0289,256,768,196608,393216,105273.0781,210546.1562,0.0000,0,0.0000,0.0000,0,0.0000,0,0.0000,0.0000,0,0.0000,0.0000,0,0,0,0,0,0,0,0,0,0,0,0,0,0,0,0,0,0,0,0,0,0,0,0,0
WG_METRICS 1130,256,768,1.9332,0.0088,0.0070,1.8634,0.0251,0.0289,256,768,196608,393216,105510.3594,211020.7188,0.0000,0,0.0000,0.0000,0,0.0000,0,0.0000,0.0000,0,0.0000,0.0000,0,0,0,0,0,0,0,0,0,0,0,0,0,0,0,0,0,0,0,0,0,0,0,0,0
WG_METRICS 1131,256,768,1.8220,0.0088,0.0070,1.7586,0.0240,0.0235,256,768,196608,393216,111795.4766,223590.9531,0.0000,0,0.0000,0.0000,0,0.0000,0,0.0000,0.0000,0,0.0000,0.0000,0,0,0,0,0,0,0,0,0,0,0,0,0,0,0,0,0,0,0,0,0,0,0,0,0
WG_METRICS 1132,256,768,1.0606,0.0078,0.0068,1.0132,0.0166,0.0162,256,768,196608,393216,194038.9219,388077.8438,0.0000,0,0.0000,0.0000,0,0.0000,0,0.0000,0.0000,0,0.0000,0.0000,0,0,0,0,0,0,0,0,0,0,0,0,0,0,0,0,0,0,0,0,0,0,0,0,0
WG_METRICS 1133,256,768,1.0099,0.0074,0.0068,0.9568,0.0230,0.0160,256,768,196608,393216,205493.5469,410987.0938,0.0000,0,0.0000,0.0000,0,0.0000,0,0.0000,0.0000,0,0.0000,0.0000,0,0,0,0,0,0,0,0,0,0,0,0,0,0,0,0,0,0,0,0,0,0,0,0,0
WG_METRICS 1134,256,768,1.0427,0.0074,0.0069,0.9901,0.0228,0.0155,256,768,196608,393216,198569.8750,397139.7500,0.0000,0,0.0000,0.0000,0,0.0000,0,0.0000,0.0000,0,0.0000,0.0000,0,0,0,0,0,0,0,0,0,0,0,0,0,0,0,0,0,0,0,0,0,0,0,0,0
WG_METRICS 1135,256,768,1.0372,0.0075,0.0068,0.9846,0.0229,0.0156,256,768,196608,393216,199691.2344,399382.4688,0.0000,0,0.0000,0.0000,0,0.0000,0,0.0000,0.0000,0,0.0000,0.0000,0,0,0,0,0,0,0,0,0,0,0,0,0,0,0,0,0,0,0,0,0,0,0,0,0
WG_METRICS 1136,256,768,1.0403,0.0074,0.0069,0.9876,0.0229,0.0155,256,768,196608,393216,199076.5469,398153.0938,0.0000,0,0.0000,0.0000,0,0.0000,0,0.0000,0.0000,0,0.0000,0.0000,0,0,0,0,0,0,0,0,0,0,0,0,0,0,0,0,0,0,0,0,0,0,0,0,0
WG_METRICS 1137,256,768,1.0104,0.0074,0.0068,0.9641,0.0163,0.0158,256,768,196608,393216,203924.8281,407849.6562,0.0000,0,0.0000,0.0000,0,0.0000,0,0.0000,0.0000,0,0.0000,0.0000,0,0,0,0,0,0,0,0,0,0,0,0,0,0,0,0,0,0,0,0,0,0,0,0,0
WG_METRICS 1138,256,768,1.0282,0.0075,0.0068,0.9815,0.0165,0.0158,256,768,196608,393216,200309.7188,400619.4375,0.0000,0,0.0000,0.0000,0,0.0000,0,0.0000,0.0000,0,0.0000,0.0000,0,0,0,0,0,0,0,0,0,0,0,0,0,0,0,0,0,0,0,0,0,0,0,0,0
WG_METRICS 1139,256,768,1.0254,0.0074,0.0068,0.9792,0.0164,0.0156,256,768,196608,393216,200792.5156,401585.0312,0.0000,0,0.0000,0.0000,0,0.0000,0,0.0000,0.0000,0,0.0000,0.0000,0,0,0,0,0,0,0,0,0,0,0,0,0,0,0,0,0,0,0,0,0,0,0,0,0
WG_METRICS 1140,256,768,1.0324,0.0075,0.0068,0.9883,0.0140,0.0158,256,768,196608,393216,198931.5156,397863.0312,0.0000,0,0.0000,0.0000,0,0.0000,0,0.0000,0.0000,0,0.0000,0.0000,0,0,0,0,0,0,0,0,0,0,0,0,0,0,0,0,0,0,0,0,0,0,0,0,0
WG_METRICS 1141,256,768,1.0124,0.0074,0.0068,0.9737,0.0086,0.0158,256,768,196608,393216,201914.3125,403828.6250,0.0000,0,0.0000,0.0000,0,0.0000,0,0.0000,0.0000,0,0.0000,0.0000,0,0,0,0,0,0,0,0,0,0,0,0,0,0,0,0,0,0,0,0,0,0,0,0,0
WG_METRICS 1142,256,768,1.0444,0.0077,0.0068,0.9994,0.0144,0.0161,256,768,196608,393216,196718.1562,393436.3125,0.0000,0,0.0000,0.0000,0,0.0000,0,0.0000,0.0000,0,0.0000,0.0000,0,0,0,0,0,0,0,0,0,0,0,0,0,0,0,0,0,0,0,0,0,0,0,0,0
WG_METRICS 1143,256,768,1.0658,0.0075,0.0068,0.9794,0.0566,0.0155,256,768,196608,393216,200743.3125,401486.6250,0.0000,0,0.0000,0.0000,0,0.0000,0,0.0000,0.0000,0,0.0000,0.0000,0,0,0,0,0,0,0,0,0,0,0,0,0,0,0,0,0,0,0,0,0,0,0,0,0
WG_METRICS 1144,256,768,1.0193,0.0075,0.0068,0.9732,0.0164,0.0155,256,768,196608,393216,202030.5000,404061.0000,0.0000,0,0.0000,0.0000,0,0.0000,0,0.0000,0.0000,0,0.0000,0.0000,0,0,0,0,0,0,0,0,0,0,0,0,0,0,0,0,0,0,0,0,0,0,0,0,0
WG_METRICS 1145,256,768,1.0318,0.0074,0.0066,0.9900,0.0122,0.0155,256,768,196608,393216,198585.9219,397171.8438,0.0000,0,0.0000,0.0000,0,0.0000,0,0.0000,0.0000,0,0.0000,0.0000,0,0,0,0,0,0,0,0,0,0,0,0,0,0,0,0,0,0,0,0,0,0,0,0,0
WG_METRICS 1146,256,768,1.0269,0.0074,0.0068,0.9802,0.0164,0.0161,256,768,196608,393216,200579.4688,401158.9375,0.0000,0,0.0000,0.0000,0,0.0000,0,0.0000,0.0000,0,0.0000,0.0000,0,0,0,0,0,0,0,0,0,0,0,0,0,0,0,0,0,0,0,0,0,0,0,0,0
WG_METRICS 1147,256,768,1.0164,0.0075,0.0066,0.9702,0.0164,0.0157,256,768,196608,393216,202638.5156,405277.0312,0.0000,0,0.0000,0.0000,0,0.0000,0,0.0000,0.0000,0,0.0000,0.0000,0,0,0,0,0,0,0,0,0,0,0,0,0,0,0,0,0,0,0,0,0,0,0,0,0
WG_METRICS 1148,256,768,1.0182,0.0075,0.0067,0.9720,0.0166,0.0154,256,768,196608,393216,202271.6094,404543.2188,0.0000,0,0.0000,0.0000,0,0.0000,0,0.0000,0.0000,0,0.0000,0.0000,0,0,0,0,0,0,0,0,0,0,0,0,0,0,0,0,0,0,0,0,0,0,0,0,0
WG_METRICS 1149,256,768,1.5880,0.0078,0.0068,1.2694,0.2837,0.0204,256,768,196608,393216,154887.5156,309775.0312,0.0000,0,0.0000,0.0000,0,0.0000,0,0.0000,0.0000,0,0.0000,0.0000,0,0,0,0,0,0,0,0,0,0,0,0,0,0,0,0,0,0,0,0,0,0,0,0,0
WG_METRICS 1150,256,768,1.8517,0.0084,0.0069,1.7910,0.0166,0.0288,256,768,196608,393216,109775.5469,219551.0938,0.0000,0,0.0000,0.0000,0,0.0000,0,0.0000,0.0000,0,0.0000,0.0000,0,0,0,0,0,0,0,0,0,0,0,0,0,0,0,0,0,0,0,0,0,0,0,0,0
WG_METRICS 1151,256,768,1.9304,0.0087,0.0070,1.8597,0.0251,0.0299,256,768,196608,393216,105719.1406,211438.2812,0.0000,0,0.0000,0.0000,0,0.0000,0,0.0000,0.0000,0,0.0000,0.0000,0,0,0,0,0,0,0,0,0,0,0,0,0,0,0,0,0,0,0,0,0,0,0,0,0
WG_METRICS 1152,256,768,1.6501,0.0085,0.0070,1.5871,0.0246,0.0229,256,768,196608,393216,123880.3359,247760.6719,0.0000,0,0.0000,0.0000,0,0.0000,0,0.0000,0.0000,0,0.0000,0.0000,0,0,0,0,0,0,0,0,0,0,0,0,0,0,0,0,0,0,0,0,0,0,0,0,0
WG_METRICS 1153,256,768,1.2289,0.0078,0.0068,1.1738,0.0231,0.0174,256,768,196608,393216,167502.7188,335005.4375,0.0000,0,0.0000,0.0000,0,0.0000,0,0.0000,0.0000,0,0.0000,0.0000,0,0,0,0,0,0,0,0,0,0,0,0,0,0,0,0,0,0,0,0,0,0,0,0,0
WG_METRICS 1154,256,768,1.1079,0.0076,0.0067,1.0539,0.0232,0.0165,256,768,196608,393216,186549.2656,373098.5312,0.0000,0,0.0000,0.0000,0,0.0000,0,0.0000,0.0000,0,0.0000,0.0000,0,0,0,0,0,0,0,0,0,0,0,0,0,0,0,0,0,0,0,0,0,0,0,0,0
WG_METRICS 1155,256,768,1.0557,0.0075,0.0068,1.0045,0.0209,0.0160,256,768,196608,393216,195723.3125,391446.6250,0.0000,0,0.0000,0.0000,0,0.0000,0,0.0000,0.0000,0,0.0000,0.0000,0,0,0,0,0,0,0,0,0,0,0,0,0,0,0,0,0,0,0,0,0,0,0,0,0
WG_METRICS 1156,256,768,1.0673,0.0066,0.0047,1.0260,0.0141,0.0159,256,768,196608,393216,191618.2656,383236.5312,0.0000,0,0.0000,0.0000,0,0.0000,0,0.0000,0.0000,0,0.0000,0.0000,0,0,0,0,0,0,0,0,0,0,0,0,0,0,0,0,0,0,0,0,0,0,0,0,0
WG_METRICS 1157,256,768,1.0398,0.0075,0.0068,0.9906,0.0186,0.0162,256,768,196608,393216,198473.6562,396947.3125,0.0000,0,0.0000,0.0000,0,0.0000,0,0.0000,0.0000,0,0.0000,0.0000,0,0,0,0,0,0,0,0,0,0,0,0,0,0,0,0,0,0,0,0,0,0,0,0,0
WG_METRICS 1158,256,768,1.0264,0.0075,0.0068,0.9824,0.0141,0.0157,256,768,196608,393216,200138.4375,400276.8750,0.0000,0,0.0000,0.0000,0,0.0000,0,0.0000,0.0000,0,0.0000,0.0000,0,0,0,0,0,0,0,0,0,0,0,0,0,0,0,0,0,0,0,0,0,0,0,0,0
WG_METRICS 1159,256,768,1.0449,0.0075,0.0068,1.0002,0.0144,0.0160,256,768,196608,393216,196560.8281,393121.6562,0.0000,0,0.0000,0.0000,0,0.0000,0,0.0000,0.0000,0,0.0000,0.0000,0,0,0,0,0,0,0,0,0,0,0,0,0,0,0,0,0,0,0,0,0,0,0,0,0
WG_METRICS 1160,256,768,1.1125,0.0075,0.0068,1.0582,0.0229,0.0172,256,768,196608,393216,185801.7812,371603.5625,0.0000,0,0.0000,0.0000,0,0.0000,0,0.0000,0.0000,0,0.0000,0.0000,0,0,0,0,0,0,0,0,0,0,0,0,0,0,0,0,0,0,0,0,0,0,0,0,0
WG_METRICS 1161,256,768,1.0884,0.0076,0.0067,1.0349,0.0228,0.0165,256,768,196608,393216,189981.4375,379962.8750,0.0000,0,0.0000,0.0000,0,0.0000,0,0.0000,0.0000,0,0.0000,0.0000,0,0,0,0,0,0,0,0,0,0,0,0,0,0,0,0,0,0,0,0,0,0,0,0,0
WG_METRICS 1162,256,768,1.0363,0.0076,0.0068,0.9837,0.0227,0.0155,256,768,196608,393216,199869.8750,399739.7500,0.0000,0,0.0000,0.0000,0,0.0000,0,0.0000,0.0000,0,0.0000,0.0000,0,0,0,0,0,0,0,0,0,0,0,0,0,0,0,0,0,0,0,0,0,0,0,0,0
WG_METRICS 1163,256,768,1.0098,0.0075,0.0067,0.9661,0.0141,0.0154,256,768,196608,393216,203502.6719,407005.3438,0.0000,0,0.0000,0.0000,0,0.0000,0,0.0000,0.0000,0,0.0000,0.0000,0,0,0,0,0,0,0,0,0,0,0,0,0,0,0,0,0,0,0,0,0,0,0,0,0
WG_METRICS 1164,256,768,1.0467,0.0076,0.0068,1.0011,0.0146,0.0166,256,768,196608,393216,196395.8906,392791.7812,0.0000,0,0.0000,0.0000,0,0.0000,0,0.0000,0.0000,0,0.0000,0.0000,0,0,0,0,0,0,0,0,0,0,0,0,0,0,0,0,0,0,0,0,0,0,0,0,0
WG_METRICS 1165,256,768,1.0070,0.0074,0.0068,0.9604,0.0165,0.0158,256,768,196608,393216,204723.2344,409446.4688,0.0000,0,0.0000,0.0000,0,0.0000,0,0.0000,0.0000,0,0.0000,0.0000,0,0,0,0,0,0,0,0,0,0,0,0,0,0,0,0,0,0,0,0,0,0,0,0,0
WG_METRICS 1166,256,768,1.0402,0.0074,0.0068,0.9878,0.0225,0.0156,256,768,196608,393216,199028.1875,398056.3750,0.0000,0,0.0000,0.0000,0,0.0000,0,0.0000,0.0000,0,0.0000,0.0000,0,0,0,0,0,0,0,0,0,0,0,0,0,0,0,0,0,0,0,0,0,0,0,0,0
WG_METRICS 1167,256,768,1.0308,0.0074,0.0068,0.9837,0.0164,0.0165,256,768,196608,393216,199861.7500,399723.5000,0.0000,0,0.0000,0.0000,0,0.0000,0,0.0000,0.0000,0,0.0000,0.0000,0,0,0,0,0,0,0,0,0,0,0,0,0,0,0,0,0,0,0,0,0,0,0,0,0
WG_METRICS 1168,256,768,1.0307,0.0074,0.0069,0.9842,0.0164,0.0158,256,768,196608,393216,199772.3906,399544.7812,0.0000,0,0.0000,0.0000,0,0.0000,0,0.0000,0.0000,0,0.0000,0.0000,0,0,0,0,0,0,0,0,0,0,0,0,0,0,0,0,0,0,0,0,0,0,0,0,0
WG_METRICS 1169,256,768,1.3018,0.0086,0.0070,1.2412,0.0240,0.0210,256,768,196608,393216,158396.4375,316792.8750,0.0000,0,0.0000,0.0000,0,0.0000,0,0.0000,0.0000,0,0.0000,0.0000,0,0,0,0,0,0,0,0,0,0,0,0,0,0,0,0,0,0,0,0,0,0,0,0,0
WG_METRICS 1170,256,768,1.8932,0.0088,0.0072,1.8233,0.0251,0.0289,256,768,196608,393216,107829.6719,215659.3438,0.0000,0,0.0000,0.0000,0,0.0000,0,0.0000,0.0000,0,0.0000,0.0000,0,0,0,0,0,0,0,0,0,0,0,0,0,0,0,0,0,0,0,0,0,0,0,0,0
WG_METRICS 1171,256,768,1.9098,0.0088,0.0070,1.8484,0.0167,0.0288,256,768,196608,393216,106368.8906,212737.7812,0.0000,0,0.0000,0.0000,0,0.0000,0,0.0000,0.0000,0,0.0000,0.0000,0,0,0,0,0,0,0,0,0,0,0,0,0,0,0,0,0,0,0,0,0,0,0,0,0
WG_METRICS 1172,256,768,1.9384,0.0088,0.0070,1.8679,0.0256,0.0292,256,768,196608,393216,105255.0391,210510.0781,0.0000,0,0.0000,0.0000,0,0.0000,0,0.0000,0.0000,0,0.0000,0.0000,0,0,0,0,0,0,0,0,0,0,0,0,0,0,0,0,0,0,0,0,0,0,0,0,0
WG_METRICS 1173,256,768,1.7435,0.0087,0.0070,1.6799,0.0242,0.0236,256,768,196608,393216,117034.1484,234068.2969,0.0000,0,0.0000,0.0000,0,0.0000,0,0.0000,0.0000,0,0.0000,0.0000,0,0,0,0,0,0,0,0,0,0,0,0,0,0,0,0,0,0,0,0,0,0,0,0,0
WG_METRICS 1174,256,768,1.1823,0.0078,0.0067,1.1281,0.0231,0.0166,256,768,196608,393216,174279.3438,348558.6875,0.0000,0,0.0000,0.0000,0,0.0000,0,0.0000,0.0000,0,0.0000,0.0000,0,0,0,0,0,0,0,0,0,0,0,0,0,0,0,0,0,0,0,0,0,0,0,0,0
WG_METRICS 1175,256,768,2.7030,0.0074,0.0068,0.9806,0.0509,1.6572,256,768,196608,393216,200505.8281,401011.6562,0.0000,0,0.0000,0.0000,0,0.0000,0,0.0000,0.0000,0,0.0000,0.0000,0,0,0,0,0,0,0,0,0,0,0,0,0,0,0,0,0,0,0,0,0,0,0,0,0
WG_METRICS 1176,256,768,1.0262,0.0075,0.0068,0.9730,0.0230,0.0159,256,768,196608,393216,202063.7188,404127.4375,0.0000,0,0.0000,0.0000,0,0.0000,0,0.0000,0.0000,0,0.0000,0.0000,0,0,0,0,0,0,0,0,0,0,0,0,0,0,0,0,0,0,0,0,0,0,0,0,0
WG_METRICS 1177,256,768,1.0249,0.0074,0.0068,0.9782,0.0168,0.0156,256,768,196608,393216,200997.7812,401995.5625,0.0000,0,0.0000,0.0000,0,0.0000,0,0.0000,0.0000,0,0.0000,0.0000,0,0,0,0,0,0,0,0,0,0,0,0,0,0,0,0,0,0,0,0,0,0,0,0,0
WG_METRICS 1178,256,768,1.0753,0.0076,0.0068,1.0210,0.0228,0.0172,256,768,196608,393216,192571.7031,385143.4062,0.0000,0,0.0000,0.0000,0,0.0000,0,0.0000,0.0000,0,0.0000,0.0000,0,0,0,0,0,0,0,0,0,0,0,0,0,0,0,0,0,0,0,0,0,0,0,0,0
WG_METRICS 1179,256,768,1.8033,0.0084,0.0071,1.7340,0.0250,0.0288,256,768,196608,393216,113381.4688,226762.9375,0.0000,0,0.0000,0.0000,0,0.0000,0,0.0000,0.0000,0,0.0000,0.0000,0,0,0,0,0,0,0,0,0,0,0,0,0,0,0,0,0,0,0,0,0,0,0,0,0
WG_METRICS 1180,256,768,1.9096,0.0087,0.0070,1.8387,0.0252,0.0299,256,768,196608,393216,106928.8828,213857.7656,0.0000,0,0.0000,0.0000,0,0.0000,0,0.0000,0.0000,0,0.0000,0.0000,0,0,0,0,0,0,0,0,0,0,0,0,0,0,0,0,0,0,0,0,0,0,0,0,0
WG_METRICS 1181,256,768,1.9081,0.0088,0.0070,1.8464,0.0168,0.0291,256,768,196608,393216,106479.5000,212959.0000,0.0000,0,0.0000,0.0000,0,0.0000,0,0.0000,0.0000,0,0.0000,0.0000,0,0,0,0,0,0,0,0,0,0,0,0,0,0,0,0,0,0,0,0,0,0,0,0,0
WG_METRICS 1182,256,768,1.6499,0.0084,0.0069,1.5876,0.0240,0.0230,256,768,196608,393216,123836.6328,247673.2656,0.0000,0,0.0000,0.0000,0,0.0000,0,0.0000,0.0000,0,0.0000,0.0000,0,0,0,0,0,0,0,0,0,0,0,0,0,0,0,0,0,0,0,0,0,0,0,0,0
WG_METRICS 1183,256,768,1.1734,0.0078,0.0068,1.1279,0.0142,0.0168,256,768,196608,393216,174316.4219,348632.8438,0.0000,0,0.0000,0.0000,0,0.0000,0,0.0000,0.0000,0,0.0000,0.0000,0,0,0,0,0,0,0,0,0,0,0,0,0,0,0,0,0,0,0,0,0,0,0,0,0
WG_METRICS 1184,256,768,1.0375,0.0075,0.0067,0.9937,0.0138,0.0158,256,768,196608,393216,197858.4688,395716.9375,0.0000,0,0.0000,0.0000,0,0.0000,0,0.0000,0.0000,0,0.0000,0.0000,0,0,0,0,0,0,0,0,0,0,0,0,0,0,0,0,0,0,0,0,0,0,0,0,0
WG_METRICS 1185,256,768,1.0217,0.0078,0.0070,0.9752,0.0142,0.0174,256,768,196608,393216,201599.6094,403199.2188,0.0000,0,0.0000,0.0000,0,0.0000,0,0.0000,0.0000,0,0.0000,0.0000,0,0,0,0,0,0,0,0,0,0,0,0,0,0,0,0,0,0,0,0,0,0,0,0,0
WG_METRICS 1186,256,768,1.0200,0.0074,0.0068,0.9760,0.0143,0.0155,256,768,196608,393216,201442.6250,402885.2500,0.0000,0,0.0000,0.0000,0,0.0000,0,0.0000,0.0000,0,0.0000,0.0000,0,0,0,0,0,0,0,0,0,0,0,0,0,0,0,0,0,0,0,0,0,0,0,0,0
WG_METRICS 1187,256,768,1.0284,0.0075,0.0067,0.9751,0.0232,0.0159,256,768,196608,393216,201624.4062,403248.8125,0.0000,0,0.0000,0.0000,0,0.0000,0,0.0000,0.0000,0,0.0000,0.0000,0,0,0,0,0,0,0,0,0,0,0,0,0,0,0,0,0,0,0,0,0,0,0,0,0
WG_METRICS 1188,256,768,1.4086,0.0079,0.0069,1.3552,0.0155,0.0231,256,768,196608,393216,145076.7344,290153.4688,0.0000,0,0.0000,0.0000,0,0.0000,0,0.0000,0.0000,0,0.0000,0.0000,0,0,0,0,0,0,0,0,0,0,0,0,0,0,0,0,0,0,0,0,0,0,0,0,0
WG_METRICS 1189,256,768,1.8490,0.0085,0.0069,1.7787,0.0250,0.0298,256,768,196608,393216,110535.9062,221071.8125,0.0000,0,0.0000,0.0000,0,0.0000,0,0.0000,0.0000,0,0.0000,0.0000,0,0,0,0,0,0,0,0,0,0,0,0,0,0,0,0,0,0,0,0,0,0,0,0,0
WG_METRICS 1190,256,768,1.9368,0.0088,0.0070,1.8734,0.0166,0.0310,256,768,196608,393216,104944.9141,209889.8281,0.0000,0,0.0000,0.0000,0,0.0000,0,0.0000,0.0000,0,0.0000,0.0000,0,0,0,0,0,0,0,0,0,0,0,0,0,0,0,0,0,0,0,0,0,0,0,0,0
WG_METRICS 1191,256,768,1.6210,0.0083,0.0070,1.5580,0.0247,0.0230,256,768,196608,393216,126192.5547,252385.1094,0.0000,0,0.0000,0.0000,0,0.0000,0,0.0000,0.0000,0,0.0000,0.0000,0,0,0,0,0,0,0,0,0,0,0,0,0,0,0,0,0,0,0,0,0,0,0,0,0
WG_METRICS 1192,256,768,1.3517,0.0080,0.0068,1.2935,0.0240,0.0194,256,768,196608,393216,151999.2500,303998.5000,0.0000,0,0.0000,0.0000,0,0.0000,0,0.0000,0.0000,0,0.0000,0.0000,0,0,0,0,0,0,0,0,0,0,0,0,0,0,0,0,0,0,0,0,0,0,0,0,0
WG_METRICS 1193,256,768,1.0529,0.0075,0.0068,1.0004,0.0228,0.0154,256,768,196608,393216,196529.4062,393058.8125,0.0000,0,0.0000,0.0000,0,0.0000,0,0.0000,0.0000,0,0.0000,0.0000,0,0,0,0,0,0,0,0,0,0,0,0,0,0,0,0,0,0,0,0,0,0,0,0,0
WG_METRICS 1194,256,768,1.0262,0.0075,0.0068,0.9733,0.0228,0.0159,256,768,196608,393216,201997.2812,403994.5625,0.0000,0,0.0000,0.0000,0,0.0000,0,0.0000,0.0000,0,0.0000,0.0000,0,0,0,0,0,0,0,0,0,0,0,0,0,0,0,0,0,0,0,0,0,0,0,0,0
WG_METRICS 1195,256,768,1.0117,0.0074,0.0068,0.9656,0.0164,0.0155,256,768,196608,393216,203603.8281,407207.6562,0.0000,0,0.0000,0.0000,0,0.0000,0,0.0000,0.0000,0,0.0000,0.0000,0,0,0,0,0,0,0,0,0,0,0,0,0,0,0,0,0,0,0,0,0,0,0,0,0
WG_METRICS 1196,256,768,1.0322,0.0074,0.0068,0.9797,0.0227,0.0156,256,768,196608,393216,200685.9375,401371.8750,0.0000,0,0.0000,0.0000,0,0.0000,0,0.0000,0.0000,0,0.0000,0.0000,0,0,0,0,0,0,0,0,0,0,0,0,0,0,0,0,0,0,0,0,0,0,0,0,0
WG_METRICS 1197,256,768,1.0148,0.0075,0.0068,0.9711,0.0136,0.0158,256,768,196608,393216,202463.2344,404926.4688,0.0000,0,0.0000,0.0000,0,0.0000,0,0.0000,0.0000,0,0.0000,0.0000,0,0,0,0,0,0,0,0,0,0,0,0,0,0,0,0,0,0,0,0,0,0,0,0,0
WG_METRICS 1198,256,768,1.0197,0.0075,0.0068,0.9801,0.0098,0.0155,256,768,196608,393216,200604.0312,401208.0625,0.0000,0,0.0000,0.0000,0,0.0000,0,0.0000,0.0000,0,0.0000,0.0000,0,0,0,0,0,0,0,0,0,0,0,0,0,0,0,0,0,0,0,0,0,0,0,0,0
WG_METRICS 1199,256,768,1.0351,0.0092,0.0069,0.9804,0.0229,0.0157,256,768,196608,393216,200546.7500,401093.5000,0.0000,0,0.0000,0.0000,0,0.0000,0,0.0000,0.0000,0,0.0000,0.0000,0,0,0,0,0,0,0,0,0,0,0,0,0,0,0,0,0,0,0,0,0,0,0,0,0
WG_METRICS 1200,256,768,1.0215,0.0076,0.0068,0.9746,0.0165,0.0160,256,768,196608,393216,201731.9844,403463.9688,0.0000,0,0.0000,0.0000,0,0.0000,0,0.0000,0.0000,0,0.0000,0.0000,0,0,0,0,0,0,0,0,0,0,0,0,0,0,0,0,0,0,0,0,0,0,0,0,0
WG_METRICS 1201,256,768,1.0207,0.0074,0.0069,0.9741,0.0165,0.0157,256,768,196608,393216,201831.3906,403662.7812,0.0000,0,0.0000,0.0000,0,0.0000,0,0.0000,0.0000,0,0.0000,0.0000,0,0,0,0,0,0,0,0,0,0,0,0,0,0,0,0,0,0,0,0,0,0,0,0,0
WG_METRICS 1202,256,768,1.0246,0.0076,0.0068,0.9718,0.0228,0.0156,256,768,196608,393216,202304.9062,404609.8125,0.0000,0,0.0000,0.0000,0,0.0000,0,0.0000,0.0000,0,0.0000,0.0000,0,0,0,0,0,0,0,0,0,0,0,0,0,0,0,0,0,0,0,0,0,0,0,0,0
WG_METRICS 1203,256,768,1.0132,0.0075,0.0068,0.9669,0.0164,0.0156,256,768,196608,393216,203334.2969,406668.5938,0.0000,0,0.0000,0.0000,0,0.0000,0,0.0000,0.0000,0,0.0000,0.0000,0,0,0,0,0,0,0,0,0,0,0,0,0,0,0,0,0,0,0,0,0,0,0,0,0
WG_METRICS 1204,256,768,2.3230,0.0074,0.0068,0.9763,0.0437,1.2887,256,768,196608,393216,201384.8594,402769.7188,0.0000,0,0.0000,0.0000,0,0.0000,0,0.0000,0.0000,0,0.0000,0.0000,0,0,0,0,0,0,0,0,0,0,0,0,0,0,0,0,0,0,0,0,0,0,0,0,0
WG_METRICS 1205,256,768,1.0174,0.0074,0.0068,0.9792,0.0083,0.0157,256,768,196608,393216,200784.3125,401568.6250,0.0000,0,0.0000,0.0000,0,0.0000,0,0.0000,0.0000,0,0.0000,0.0000,0,0,0,0,0,0,0,0,0,0,0,0,0,0,0,0,0,0,0,0,0,0,0,0,0
WG_METRICS 1206,256,768,1.0160,0.0075,0.0068,0.9688,0.0169,0.0160,256,768,196608,393216,202939.7188,405879.4375,0.0000,0,0.0000,0.0000,0,0.0000,0,0.0000,0.0000,0,0.0000,0.0000,0,0,0,0,0,0,0,0,0,0,0,0,0,0,0,0,0,0,0,0,0,0,0,0,0
WG_METRICS 1207,256,768,1.0149,0.0074,0.0068,0.9626,0.0226,0.0154,256,768,196608,393216,204238.3438,408476.6875,0.0000,0,0.0000,0.0000,0,0.0000,0,0.0000,0.0000,0,0.0000,0.0000,0,0,0,0,0,0,0,0,0,0,0,0,0,0,0,0,0,0,0,0,0,0,0,0,0
WG_METRICS 1208,256,768,1.6396,0.0112,0.0060,1.5708,0.0244,0.0272,256,768,196608,393216,125161.0625,250322.1250,0.0000,0,0.0000,0.0000,0,0.0000,0,0.0000,0.0000,0,0.0000,0.0000,0,0,0,0,0,0,0,0,0,0,0,0,0,0,0,0,0,0,0,0,0,0,0,0,0
WG_METRICS 1209,256,768,1.9103,0.0087,0.0070,1.8534,0.0122,0.0289,256,768,196608,393216,106077.3438,212154.6875,0.0000,0,0.0000,0.0000,0,0.0000,0,0.0000,0.0000,0,0.0000,0.0000,0,0,0,0,0,0,0,0,0,0,0,0,0,0,0,0,0,0,0,0,0,0,0,0,0
WG_METRICS 1210,256,768,1.9408,0.0088,0.0070,1.8716,0.0250,0.0284,256,768,196608,393216,105048.0859,210096.1719,0.0000,0,0.0000,0.0000,0,0.0000,0,0.0000,0.0000,0,0.0000,0.0000,0,0,0,0,0,0,0,0,0,0,0,0,0,0,0,0,0,0,0,0,0,0,0,0,0
WG_METRICS 1211,256,768,1.4778,0.0081,0.0069,1.4168,0.0237,0.0223,256,768,196608,393216,138769.0625,277538.1250,0.0000,0,0.0000,0.0000,0,0.0000,0,0.0000,0.0000,0,0.0000,0.0000,0,0,0,0,0,0,0,0,0,0,0,0,0,0,0,0,0,0,0,0,0,0,0,0,0
WG_METRICS 1212,256,768,1.1657,0.0077,0.0068,1.1106,0.0230,0.0176,256,768,196608,393216,177035.0000,354070.0000,0.0000,0,0.0000,0.0000,0,0.0000,0,0.0000,0.0000,0,0.0000,0.0000,0,0,0,0,0,0,0,0,0,0,0,0,0,0,0,0,0,0,0,0,0,0,0,0,0
WG_METRICS 1213,256,768,1.0405,0.0074,0.0068,0.9878,0.0229,0.0156,256,768,196608,393216,199044.2969,398088.5938,0.0000,0,0.0000,0.0000,0,0.0000,0,0.0000,0.0000,0,0.0000,0.0000,0,0,0,0,0,0,0,0,0,0,0,0,0,0,0,0,0,0,0,0,0,0,0,0,0
WG_METRICS 1214,256,768,1.0468,0.0074,0.0068,0.9934,0.0230,0.0162,256,768,196608,393216,197914.2344,395828.4688,0.0000,0,0.0000,0.0000,0,0.0000,0,0.0000,0.0000,0,0.0000,0.0000,0,0,0,0,0,0,0,0,0,0,0,0,0,0,0,0,0,0,0,0,0,0,0,0,0
WG_METRICS 1215,256,768,1.0433,0.0075,0.0068,0.9910,0.0224,0.0156,256,768,196608,393216,198385.5312,396771.0625,0.0000,0,0.0000,0.0000,0,0.0000,0,0.0000,0.0000,0,0.0000,0.0000,0,0,0,0,0,0,0,0,0,0,0,0,0,0,0,0,0,0,0,0,0,0,0,0,0
WG_METRICS 1216,256,768,1.0452,0.0074,0.0069,0.9923,0.0230,0.0156,256,768,196608,393216,198137.6250,396275.2500,0.0000,0,0.0000,0.0000,0,0.0000,0,0.0000,0.0000,0,0.0000,0.0000,0,0,0,0,0,0,0,0,0,0,0,0,0,0,0,0,0,0,0,0,0,0,0,0,0
WG_METRICS 1217,256,768,1.0286,0.0074,0.0068,0.9758,0.0225,0.0161,256,768,196608,393216,201475.6562,402951.3125,0.0000,0,0.0000,0.0000,0,0.0000,0,0.0000,0.0000,0,0.0000,0.0000,0,0,0,0,0,0,0,0,0,0,0,0,0,0,0,0,0,0,0,0,0,0,0,0,0
WG_METRICS 1218,256,768,1.0335,0.0076,0.0068,0.9795,0.0234,0.0162,256,768,196608,393216,200726.9062,401453.8125,0.0000,0,0.0000,0.0000,0,0.0000,0,0.0000,0.0000,0,0.0000,0.0000,0,0,0,0,0,0,0,0,0,0,0,0,0,0,0,0,0,0,0,0,0,0,0,0,0
WG_METRICS 1219,256,768,1.0310,0.0074,0.0068,0.9780,0.0230,0.0157,256,768,196608,393216,201022.4531,402044.9062,0.0000,0,0.0000,0.0000,0,0.0000,0,0.0000,0.0000,0,0.0000,0.0000,0,0,0,0,0,0,0,0,0,0,0,0,0,0,0,0,0,0,0,0,0,0,0,0,0
WG_METRICS 1220,256,768,1.0342,0.0074,0.0069,0.9809,0.0230,0.0161,256,768,196608,393216,200440.4219,400880.8438,0.0000,0,0.0000,0.0000,0,0.0000,0,0.0000,0.0000,0,0.0000,0.0000,0,0,0,0,0,0,0,0,0,0,0,0,0,0,0,0,0,0,0,0,0,0,0,0,0
WG_METRICS 1221,256,768,1.0274,0.0074,0.0068,0.9747,0.0229,0.0155,256,768,196608,393216,201707.1562,403414.3125,0.0000,0,0.0000,0.0000,0,0.0000,0,0.0000,0.0000,0,0.0000,0.0000,0,0,0,0,0,0,0,0,0,0,0,0,0,0,0,0,0,0,0,0,0,0,0,0,0
WG_METRICS 1222,256,768,1.0362,0.0074,0.0069,0.9896,0.0164,0.0159,256,768,196608,393216,198674.2188,397348.4375,0.0000,0,0.0000,0.0000,0,0.0000,0,0.0000,0.0000,0,0.0000,0.0000,0,0,0,0,0,0,0,0,0,0,0,0,0,0,0,0,0,0,0,0,0,0,0,0,0
WG_METRICS 1223,256,768,1.2210,0.0075,0.0068,0.9698,0.2201,0.0168,256,768,196608,393216,202722.0938,405444.1875,0.0000,0,0.0000,0.0000,0,0.0000,0,0.0000,0.0000,0,0.0000,0.0000,0,0,0,0,0,0,0,0,0,0,0,0,0,0,0,0,0,0,0,0,0,0,0,0,0
WG_METRICS 1224,256,768,1.0424,0.0074,0.0068,0.9960,0.0163,0.0158,256,768,196608,393216,197397.5938,394795.1875,0.0000,0,0.0000,0.0000,0,0.0000,0,0.0000,0.0000,0,0.0000,0.0000,0,0,0,0,0,0,0,0,0,0,0,0,0,0,0,0,0,0,0,0,0,0,0,0,0
WG_METRICS 1225,256,768,1.0297,0.0076,0.0067,0.9827,0.0170,0.0157,256,768,196608,393216,200065.1250,400130.2500,0.0000,0,0.0000,0.0000,0,0.0000,0,0.0000,0.0000,0,0.0000,0.0000,0,0,0,0,0,0,0,0,0,0,0,0,0,0,0,0,0,0,0,0,0,0,0,0,0
WG_METRICS 1226,256,768,1.0260,0.0074,0.0068,0.9821,0.0141,0.0156,256,768,196608,393216,200195.5000,400391.0000,0.0000,0,0.0000,0.0000,0,0.0000,0,0.0000,0.0000,0,0.0000,0.0000,0,0,0,0,0,0,0,0,0,0,0,0,0,0,0,0,0,0,0,0,0,0,0,0,0
WG_METRICS 1227,256,768,1.0232,0.0074,0.0068,0.9792,0.0143,0.0154,256,768,196608,393216,200776.1094,401552.2188,0.0000,0,0.0000,0.0000,0,0.0000,0,0.0000,0.0000,0,0.0000,0.0000,0,0,0,0,0,0,0,0,0,0,0,0,0,0,0,0,0,0,0,0,0,0,0,0,0
WG_METRICS 1228,256,768,1.0208,0.0074,0.0069,0.9769,0.0141,0.0155,256,768,196608,393216,201261.1562,402522.3125,0.0000,0,0.0000,0.0000,0,0.0000,0,0.0000,0.0000,0,0.0000,0.0000,0,0,0,0,0,0,0,0,0,0,0,0,0,0,0,0,0,0,0,0,0,0,0,0,0
WG_METRICS 1229,256,768,1.0306,0.0076,0.0067,0.9857,0.0143,0.0163,256,768,196608,393216,199456.2344,398912.4688,0.0000,0,0.0000,0.0000,0,0.0000,0,0.0000,0.0000,0,0.0000,0.0000,0,0,0,0,0,0,0,0,0,0,0,0,0,0,0,0,0,0,0,0,0,0,0,0,0
WG_METRICS 1230,256,768,1.0157,0.0076,0.0068,0.9689,0.0165,0.0159,256,768,196608,393216,202922.9688,405845.9375,0.0000,0,0.0000,0.0000,0,0.0000,0,0.0000,0.0000,0,0.0000,0.0000,0,0,0,0,0,0,0,0,0,0,0,0,0,0,0,0,0,0,0,0,0,0,0,0,0
WG_METRICS 1231,256,768,1.3785,0.0078,0.0069,1.3178,0.0240,0.0219,256,768,196608,393216,149189.5781,298379.1562,0.0000,0,0.0000,0.0000,0,0.0000,0,0.0000,0.0000,0,0.0000,0.0000,0,0,0,0,0,0,0,0,0,0,0,0,0,0,0,0,0,0,0,0,0,0,0,0,0
WG_METRICS 1232,256,768,1.9186,0.0091,0.0071,1.8566,0.0167,0.0291,256,768,196608,393216,105896.7969,211793.5938,0.0000,0,0.0000,0.0000,0,0.0000,0,0.0000,0.0000,0,0.0000,0.0000,0,0,0,0,0,0,0,0,0,0,0,0,0,0,0,0,0,0,0,0,0,0,0,0,0
WG_METRICS 1233,256,768,1.9405,0.0088,0.0070,1.8797,0.0164,0.0287,256,768,196608,393216,104596.5234,209193.0469,0.0000,0,0.0000,0.0000,0,0.0000,0,0.0000,0.0000,0,0.0000,0.0000,0,0,0,0,0,0,0,0,0,0,0,0,0,0,0,0,0,0,0,0,0,0,0,0,0
WG_METRICS 1234,256,768,1.9626,0.0088,0.0136,1.8851,0.0258,0.0292,256,768,196608,393216,104294.6875,208589.3750,0.0000,0,0.0000,0.0000,0,0.0000,0,0.0000,0.0000,0,0.0000,0.0000,0,0,0,0,0,0,0,0,0,0,0,0,0,0,0,0,0,0,0,0,0,0,0,0,0
WG_METRICS 1235,256,768,1.9358,0.0088,0.0070,1.8659,0.0252,0.0289,256,768,196608,393216,105367.8672,210735.7344,0.0000,0,0.0000,0.0000,0,0.0000,0,0.0000,0.0000,0,0.0000,0.0000,0,0,0,0,0,0,0,0,0,0,0,0,0,0,0,0,0,0,0,0,0,0,0,0,0
WG_METRICS 1236,256,768,1.3836,0.0081,0.0069,1.3343,0.0147,0.0196,256,768,196608,393216,147351.3750,294702.7500,0.0000,0,0.0000,0.0000,0,0.0000,0,0.0000,0.0000,0,0.0000,0.0000,0,0,0,0,0,0,0,0,0,0,0,0,0,0,0,0,0,0,0,0,0,0,0,0,0
WG_METRICS 1237,256,768,1.0388,0.0076,0.0068,0.9940,0.0144,0.0160,256,768,196608,393216,197794.7656,395589.5312,0.0000,0,0.0000,0.0000,0,0.0000,0,0.0000,0.0000,0,0.0000,0.0000,0,0,0,0,0,0,0,0,0,0,0,0,0,0,0,0,0,0,0,0,0,0,0,0,0
WG_METRICS 1238,256,768,1.0208,0.0075,0.0068,0.9736,0.0166,0.0164,256,768,196608,393216,201939.2031,403878.4062,0.0000,0,0.0000,0.0000,0,0.0000,0,0.0000,0.0000,0,0.0000,0.0000,0,0,0,0,0,0,0,0,0,0,0,0,0,0,0,0,0,0,0,0,0,0,0,0,0
WG_METRICS 1239,256,768,1.0227,0.0074,0.0069,0.9833,0.0095,0.0156,256,768,196608,393216,199951.1875,399902.3750,0.0000,0,0.0000,0.0000,0,0.0000,0,0.0000,0.0000,0,0.0000,0.0000,0,0,0,0,0,0,0,0,0,0,0,0,0,0,0,0,0,0,0,0,0,0,0,0,0
WG_METRICS 1240,256,768,1.0451,0.0074,0.0068,0.9785,0.0368,0.0156,256,768,196608,393216,200932.0625,401864.1250,0.0000,0,0.0000,0.0000,0,0.0000,0,0.0000,0.0000,0,0.0000,0.0000,0,0,0,0,0,0,0,0,0,0,0,0,0,0,0,0,0,0,0,0,0,0,0,0,0
WG_METRICS 1241,256,768,1.0181,0.0075,0.0068,0.9739,0.0141,0.0159,256,768,196608,393216,201881.1406,403762.2812,0.0000,0,0.0000,0.0000,0,0.0000,0,0.0000,0.0000,0,0.0000,0.0000,0,0,0,0,0,0,0,0,0,0,0,0,0,0,0,0,0,0,0,0,0,0,0,0,0
WG_METRICS 1242,256,768,1.0276,0.0074,0.0068,0.9836,0.0138,0.0159,256,768,196608,393216,199878.0000,399756.0000,0.0000,0,0.0000,0.0000,0,0.0000,0,0.0000,0.0000,0,0.0000,0.0000,0,0,0,0,0,0,0,0,0,0,0,0,0,0,0,0,0,0,0,0,0,0,0,0,0
WG_METRICS 1243,256,768,1.0200,0.0075,0.0069,0.9811,0.0089,0.0157,256,768,196608,393216,200399.5625,400799.1250,0.0000,0,0.0000,0.0000,0,0.0000,0,0.0000,0.0000,0,0.0000,0.0000,0,0,0,0,0,0,0,0,0,0,0,0,0,0,0,0,0,0,0,0,0,0,0,0,0
WG_METRICS 1244,256,768,1.0697,0.0075,0.0068,1.0219,0.0166,0.0169,256,768,196608,393216,192398.3125,384796.6250,0.0000,0,0.0000,0.0000,0,0.0000,0,0.0000,0.0000,0,0.0000,0.0000,0,0,0,0,0,0,0,0,0,0,0,0,0,0,0,0,0,0,0,0,0,0,0,0,0
WG_METRICS 1245,256,768,1.2638,0.0078,0.0068,1.2130,0.0167,0.0194,256,768,196608,393216,162089.4375,324178.8750,0.0000,0,0.0000,0.0000,0,0.0000,0,0.0000,0.0000,0,0.0000,0.0000,0,0,0,0,0,0,0,0,0,0,0,0,0,0,0,0,0,0,0,0,0,0,0,0,0
WG_METRICS 1246,256,768,1.4194,0.0080,0.0069,1.3664,0.0170,0.0211,256,768,196608,393216,143891.8125,287783.6250,0.0000,0,0.0000,0.0000,0,0.0000,0,0.0000,0.0000,0,0.0000,0.0000,0,0,0,0,0,0,0,0,0,0,0,0,0,0,0,0,0,0,0,0,0,0,0,0,0
WG_METRICS 1247,256,768,1.4269,0.0080,0.0069,1.3733,0.0171,0.0216,256,768,196608,393216,143166.7188,286333.4375,0.0000,0,0.0000,0.0000,0,0.0000,0,0.0000,0.0000,0,0.0000,0.0000,0,0,0,0,0,0,0,0,0,0,0,0,0,0,0,0,0,0,0,0,0,0,0,0,0
WG_METRICS 1248,256,768,1.2741,0.0078,0.0069,1.2235,0.0168,0.0192,256,768,196608,393216,160695.7188,321391.4375,0.0000,0,0.0000,0.0000,0,0.0000,0,0.0000,0.0000,0,0.0000,0.0000,0,0,0,0,0,0,0,0,0,0,0,0,0,0,0,0,0,0,0,0,0,0,0,0,0
WG_METRICS 1249,256,768,1.2037,0.0077,0.0068,1.1558,0.0144,0.0190,256,768,196608,393216,170105.5625,340211.1250,0.0000,0,0.0000,0.0000,0,0.0000,0,0.0000,0.0000,0,0.0000,0.0000,0,0,0,0,0,0,0,0,0,0,0,0,0,0,0,0,0,0,0,0,0,0,0,0,0
WG_METRICS 1250,256,768,1.9065,0.0090,0.0070,1.8396,0.0212,0.0296,256,768,196608,393216,106873.0859,213746.1719,0.0000,0,0.0000,0.0000,0,0.0000,0,0.0000,0.0000,0,0.0000,0.0000,0,0,0,0,0,0,0,0,0,0,0,0,0,0,0,0,0,0,0,0,0,0,0,0,0
WG_METRICS 1251,256,768,1.9367,0.0086,0.0070,1.8688,0.0236,0.0286,256,768,196608,393216,105207.7344,210415.4688,0.0000,0,0.0000,0.0000,0,0.0000,0,0.0000,0.0000,0,0.0000,0.0000,0,0,0,0,0,0,0,0,0,0,0,0,0,0,0,0,0,0,0,0,0,0,0,0,0
WG_METRICS 1252,256,768,1.9181,0.0087,0.0071,1.8488,0.0248,0.0286,256,768,196608,393216,106341.2734,212682.5469,0.0000,0,0.0000,0.0000,0,0.0000,0,0.0000,0.0000,0,0.0000,0.0000,0,0,0,0,0,0,0,0,0,0,0,0,0,0,0,0,0,0,0,0,0,0,0,0,0
WG_METRICS 1253,256,768,1.9594,0.0086,0.0071,1.8870,0.0252,0.0314,256,768,196608,393216,104188.5703,208377.1406,0.0000,0,0.0000,0.0000,0,0.0000,0,0.0000,0.0000,0,0.0000,0.0000,0,0,0,0,0,0,0,0,0,0,0,0,0,0,0,0,0,0,0,0,0,0,0,0,0
WG_METRICS 1254,256,768,1.9589,0.0088,0.0070,1.8620,0.0511,0.0300,256,768,196608,393216,105589.6875,211179.3750,0.0000,0,0.0000,0.0000,0,0.0000,0,0.0000,0.0000,0,0.0000,0.0000,0,0,0,0,0,0,0,0,0,0,0,0,0,0,0,0,0,0,0,0,0,0,0,0,0
WG_METRICS 1255,256,768,1.4120,0.0081,0.0070,1.3520,0.0240,0.0209,256,768,196608,393216,145420.1250,290840.2500,0.0000,0,0.0000,0.0000,0,0.0000,0,0.0000,0.0000,0,0.0000,0.0000,0,0,0,0,0,0,0,0,0,0,0,0,0,0,0,0,0,0,0,0,0,0,0,0,0
WG_METRICS 1256,256,768,1.0248,0.0076,0.0068,0.9809,0.0142,0.0154,256,768,196608,393216,200432.2500,400864.5000,0.0000,0,0.0000,0.0000,0,0.0000,0,0.0000,0.0000,0,0.0000,0.0000,0,0,0,0,0,0,0,0,0,0,0,0,0,0,0,0,0,0,0,0,0,0,0,0,0
WG_METRICS 1257,256,768,1.0382,0.0074,0.0068,0.9942,0.0142,0.0155,256,768,196608,393216,197762.9375,395525.8750,0.0000,0,0.0000,0.0000,0,0.0000,0,0.0000,0.0000,0,0.0000,0.0000,0,0,0,0,0,0,0,0,0,0,0,0,0,0,0,0,0,0,0,0,0,0,0,0,0
WG_METRICS 1258,256,768,1.0206,0.0075,0.0068,0.9744,0.0163,0.0156,256,768,196608,393216,201773.4062,403546.8125,0.0000,0,0.0000,0.0000,0,0.0000,0,0.0000,0.0000,0,0.0000,0.0000,0,0,0,0,0,0,0,0,0,0,0,0,0,0,0,0,0,0,0,0,0,0,0,0,0
WG_METRICS 1259,256,768,1.0207,0.0074,0.0068,0.9817,0.0093,0.0155,256,768,196608,393216,200268.9219,400537.8438,0.0000,0,0.0000,0.0000,0,0.0000,0,0.0000,0.0000,0,0.0000,0.0000,0,0,0,0,0,0,0,0,0,0,0,0,0,0,0,0,0,0,0,0,0,0,0,0,0
WG_METRICS 1260,256,768,1.0316,0.0076,0.0068,0.9781,0.0232,0.0159,256,768,196608,393216,201014.2344,402028.4688,0.0000,0,0.0000,0.0000,0,0.0000,0,0.0000,0.0000,0,0.0000,0.0000,0,0,0,0,0,0,0,0,0,0,0,0,0,0,0,0,0,0,0,0,0,0,0,0,0
WG_METRICS 1261,256,768,1.0255,0.0074,0.0068,0.9790,0.0166,0.0157,256,768,196608,393216,200825.3438,401650.6875,0.0000,0,0.0000,0.0000,0,0.0000,0,0.0000,0.0000,0,0.0000,0.0000,0,0,0,0,0,0,0,0,0,0,0,0,0,0,0,0,0,0,0,0,0,0,0,0,0
WG_METRICS 1262,256,768,1.0446,0.0074,0.0066,1.0030,0.0121,0.0155,256,768,196608,393216,196019.9375,392039.8750,0.0000,0,0.0000,0.0000,0,0.0000,0,0.0000,0.0000,0,0.0000,0.0000,0,0,0,0,0,0,0,0,0,0,0,0,0,0,0,0,0,0,0,0,0,0,0,0,0
WG_METRICS 1263,256,768,1.0158,0.0074,0.0068,0.9696,0.0164,0.0155,256,768,196608,393216,202763.9062,405527.8125,0.0000,0,0.0000,0.0000,0,0.0000,0,0.0000,0.0000,0,0.0000,0.0000,0,0,0,0,0,0,0,0,0,0,0,0,0,0,0,0,0,0,0,0,0,0,0,0,0
WG_METRICS 1264,256,768,1.0233,0.0075,0.0068,0.9772,0.0164,0.0155,256,768,196608,393216,201203.5000,402407.0000,0.0000,0,0.0000,0.0000,0,0.0000,0,0.0000,0.0000,0,0.0000,0.0000,0,0,0,0,0,0,0,0,0,0,0,0,0,0,0,0,0,0,0,0,0,0,0,0,0
WG_METRICS 1265,256,768,1.0019,0.0075,0.0068,0.9648,0.0074,0.0155,256,768,196608,393216,203781.0938,407562.1875,0.0000,0,0.0000,0.0000,0,0.0000,0,0.0000,0.0000,0,0.0000,0.0000,0,0,0,0,0,0,0,0,0,0,0,0,0,0,0,0,0,0,0,0,0,0,0,0,0
WG_METRICS 1266,256,768,1.0175,0.0074,0.0068,0.9715,0.0164,0.0153,256,768,196608,393216,202379.8750,404759.7500,0.0000,0,0.0000,0.0000,0,0.0000,0,0.0000,0.0000,0,0.0000,0.0000,0,0,0,0,0,0,0,0,0,0,0,0,0,0,0,0,0,0,0,0,0,0,0,0,0
WG_METRICS 1267,256,768,1.0324,0.0075,0.0068,0.9794,0.0228,0.0160,256,768,196608,393216,200751.5156,401503.0312,0.0000,0,0.0000,0.0000,0,0.0000,0,0.0000,0.0000,0,0.0000,0.0000,0,0,0,0,0,0,0,0,0,0,0,0,0,0,0,0,0,0,0,0,0,0,0,0,0
WG_METRICS 1268,256,768,1.0314,0.0074,0.0066,0.9785,0.0232,0.0157,256,768,196608,393216,200923.8438,401847.6875,0.0000,0,0.0000,0.0000,0,0.0000,0,0.0000,0.0000,0,0.0000,0.0000,0,0,0,0,0,0,0,0,0,0,0,0,0,0,0,0,0,0,0,0,0,0,0,0,0
WG_METRICS 1269,256,768,1.0275,0.0074,0.0068,0.9751,0.0226,0.0156,256,768,196608,393216,201624.4062,403248.8125,0.0000,0,0.0000,0.0000,0,0.0000,0,0.0000,0.0000,0,0.0000,0.0000,0,0,0,0,0,0,0,0,0,0,0,0,0,0,0,0,0,0,0,0,0,0,0,0,0
WG_METRICS 1270,256,768,1.2914,0.0079,0.0069,1.2313,0.0240,0.0213,256,768,196608,393216,159672.5469,319345.0938,0.0000,0,0.0000,0.0000,0,0.0000,0,0.0000,0.0000,0,0.0000,0.0000,0,0,0,0,0,0,0,0,0,0,0,0,0,0,0,0,0,0,0,0,0,0,0,0,0
WG_METRICS 1271,256,768,1.6066,0.0082,0.0069,1.5415,0.0247,0.0253,256,768,196608,393216,127544.9609,255089.9219,0.0000,0,0.0000,0.0000,0,0.0000,0,0.0000,0.0000,0,0.0000,0.0000,0,0,0,0,0,0,0,0,0,0,0,0,0,0,0,0,0,0,0,0,0,0,0,0,0
WG_METRICS 1272,256,768,1.7423,0.0084,0.0070,1.6846,0.0155,0.0268,256,768,196608,393216,116709.0078,233418.0156,0.0000,0,0.0000,0.0000,0,0.0000,0,0.0000,0.0000,0,0.0000,0.0000,0,0,0,0,0,0,0,0,0,0,0,0,0,0,0,0,0,0,0,0,0,0,0,0,0
WG_METRICS 1273,256,768,1.4634,0.0083,0.0069,1.4017,0.0240,0.0225,256,768,196608,393216,140265.9688,280531.9375,0.0000,0,0.0000,0.0000,0,0.0000,0,0.0000,0.0000,0,0.0000,0.0000,0,0,0,0,0,0,0,0,0,0,0,0,0,0,0,0,0,0,0,0,0,0,0,0,0
WG_METRICS 1274,256,768,1.2393,0.0078,0.0068,1.1826,0.0229,0.0192,256,768,196608,393216,166250.6250,332501.2500,0.0000,0,0.0000,0.0000,0,0.0000,0,0.0000,0.0000,0,0.0000,0.0000,0,0,0,0,0,0,0,0,0,0,0,0,0,0,0,0,0,0,0,0,0,0,0,0,0
WG_METRICS 1275,256,768,1.0775,0.0076,0.0068,1.0239,0.0226,0.0166,256,768,196608,393216,192014.9844,384029.9688,0.0000,0,0.0000,0.0000,0,0.0000,0,0.0000,0.0000,0,0.0000,0.0000,0,0,0,0,0,0,0,0,0,0,0,0,0,0,0,0,0,0,0,0,0,0,0,0,0
WG_METRICS 1276,256,768,1.0370,0.0074,0.0069,0.9838,0.0228,0.0161,256,768,196608,393216,199853.6250,399707.2500,0.0000,0,0.0000,0.0000,0,0.0000,0,0.0000,0.0000,0,0.0000,0.0000,0,0,0,0,0,0,0,0,0,0,0,0,0,0,0,0,0,0,0,0,0,0,0,0,0
WG_METRICS 1277,256,768,1.0276,0.0074,0.0068,0.9754,0.0226,0.0154,256,768,196608,393216,201574.8125,403149.6250,0.0000,0,0.0000,0.0000,0,0.0000,0,0.0000,0.0000,0,0.0000,0.0000,0,0,0,0,0,0,0,0,0,0,0,0,0,0,0,0,0,0,0,0,0,0,0,0,0
WG_METRICS 1278,256,768,1.0133,0.0075,0.0068,0.9698,0.0138,0.0155,256,768,196608,393216,202738.8281,405477.6562,0.0000,0,0.0000,0.0000,0,0.0000,0,0.0000,0.0000,0,0.0000,0.0000,0,0,0,0,0,0,0,0,0,0,0,0,0,0,0,0,0,0,0,0,0,0,0,0,0
WG_METRICS 1279,256,768,1.0242,0.0074,0.0069,0.9714,0.0228,0.0157,256,768,196608,393216,202396.5312,404793.0625,0.0000,0,0.0000,0.0000,0,0.0000,0,0.0000,0.0000,0,0.0000,0.0000,0,0,0,0,0,0,0,0,0,0,0,0,0,0,0,0,0,0,0,0,0,0,0,0,0
WG_METRICS 1280,256,768,1.0336,0.0074,0.0068,0.9812,0.0227,0.0154,256,768,196608,393216,200375.0625,400750.1250,0.0000,0,0.0000,0.0000,0,0.0000,0,0.0000,0.0000,0,0.0000,0.0000,0,0,0,0,0,0,0,0,0,0,0,0,0,0,0,0,0,0,0,0,0,0,0,0,0
WG_METRICS 1281,256,768,1.0423,0.0076,0.0088,0.9871,0.0225,0.0163,256,768,196608,393216,199173.3594,398346.7188,0.0000,0,0.0000,0.0000,0,0.0000,0,0.0000,0.0000,0,0.0000,0.0000,0,0,0,0,0,0,0,0,0,0,0,0,0,0,0,0,0,0,0,0,0,0,0,0,0
WG_METRICS 1282,256,768,1.0408,0.0074,0.0068,0.9967,0.0140,0.0159,256,768,196608,393216,197262.9062,394525.8125,0.0000,0,0.0000,0.0000,0,0.0000,0,0.0000,0.0000,0,0.0000,0.0000,0,0,0,0,0,0,0,0,0,0,0,0,0,0,0,0,0,0,0,0,0,0,0,0,0
WG_METRICS 1283,256,768,1.0245,0.0074,0.0069,0.9722,0.0223,0.0158,256,768,196608,393216,202238.3125,404476.6250,0.0000,0,0.0000,0.0000,0,0.0000,0,0.0000,0.0000,0,0.0000,0.0000,0,0,0,0,0,0,0,0,0,0,0,0,0,0,0,0,0,0,0,0,0,0,0,0,0
WG_METRICS 1284,256,768,1.0259,0.0074,0.0069,0.9725,0.0231,0.0160,256,768,196608,393216,202163.4531,404326.9062,0.0000,0,0.0000,0.0000,0,0.0000,0,0.0000,0.0000,0,0.0000,0.0000,0,0,0,0,0,0,0,0,0,0,0,0,0,0,0,0,0,0,0,0,0,0,0,0,0
WG_METRICS 1285,256,768,1.0451,0.0075,0.0068,0.9925,0.0230,0.0153,256,768,196608,393216,198097.7031,396195.4062,0.0000,0,0.0000,0.0000,0,0.0000,0,0.0000,0.0000,0,0.0000,0.0000,0,0,0,0,0,0,0,0,0,0,0,0,0,0,0,0,0,0,0,0,0,0,0,0,0
WG_METRICS 1286,256,768,1.0366,0.0074,0.0068,0.9836,0.0228,0.0160,256,768,196608,393216,199878.0000,399756.0000,0.0000,0,0.0000,0.0000,0,0.0000,0,0.0000,0.0000,0,0.0000,0.0000,0,0,0,0,0,0,0,0,0,0,0,0,0,0,0,0,0,0,0,0,0,0,0,0,0
WG_METRICS 1287,256,768,1.0410,0.0092,0.0070,0.9838,0.0248,0.0161,256,768,196608,393216,199837.3750,399674.7500,0.0000,0,0.0000,0.0000,0,0.0000,0,0.0000,0.0000,0,0.0000,0.0000,0,0,0,0,0,0,0,0,0,0,0,0,0,0,0,0,0,0,0,0,0,0,0,0,0
WG_METRICS 1288,256,768,1.0309,0.0075,0.0068,0.9841,0.0170,0.0155,256,768,196608,393216,199780.5156,399561.0312,0.0000,0,0.0000,0.0000,0,0.0000,0,0.0000,0.0000,0,0.0000,0.0000,0,0,0,0,0,0,0,0,0,0,0,0,0,0,0,0,0,0,0,0,0,0,0,0,0
WG_METRICS 1289,256,768,1.0328,0.0074,0.0068,0.9866,0.0165,0.0156,256,768,196608,393216,199286.4062,398572.8125,0.0000,0,0.0000,0.0000,0,0.0000,0,0.0000,0.0000,0,0.0000,0.0000,0,0,0,0,0,0,0,0,0,0,0,0,0,0,0,0,0,0,0,0,0,0,0,0,0
WG_METRICS 1290,256,768,1.0286,0.0074,0.0068,0.9825,0.0163,0.0155,256,768,196608,393216,200105.8594,400211.7188,0.0000,0,0.0000,0.0000,0,0.0000,0,0.0000,0.0000,0,0.0000,0.0000,0,0,0,0,0,0,0,0,0,0,0,0,0,0,0,0,0,0,0,0,0,0,0,0,0
WG_METRICS 1291,256,768,1.0265,0.0074,0.0069,0.9803,0.0163,0.0156,256,768,196608,393216,200554.9219,401109.8438,0.0000,0,0.0000,0.0000,0,0.0000,0,0.0000,0.0000,0,0.0000,0.0000,0,0,0,0,0,0,0,0,0,0,0,0,0,0,0,0,0,0,0,0,0,0,0,0,0
WG_METRICS 1292,256,768,1.1104,0.0080,0.0066,1.0551,0.0234,0.0172,256,768,196608,393216,186337.0938,372674.1875,0.0000,0,0.0000,0.0000,0,0.0000,0,0.0000,0.0000,0,0.0000,0.0000,0,0,0,0,0,0,0,0,0,0,0,0,0,0,0,0,0,0,0,0,0,0,0,0,0
WG_METRICS 1293,256,768,1.2416,0.0077,0.0069,1.1844,0.0235,0.0192,256,768,196608,393216,166003.5781,332007.1562,0.0000,0,0.0000,0.0000,0,0.0000,0,0.0000,0.0000,0,0.0000,0.0000,0,0,0,0,0,0,0,0,0,0,0,0,0,0,0,0,0,0,0,0,0,0,0,0,0
WG_METRICS 1294,256,768,1.2838,0.0078,0.0070,1.2255,0.0235,0.0200,256,768,196608,393216,160428.2188,320856.4375,0.0000,0,0.0000,0.0000,0,0.0000,0,0.0000,0.0000,0,0.0000,0.0000,0,0,0,0,0,0,0,0,0,0,0,0,0,0,0,0,0,0,0,0,0,0,0,0,0
WG_METRICS 1295,256,768,1.2885,0.0078,0.0067,1.2123,0.0423,0.0193,256,768,196608,393216,162175.0000,324350.0000,0.0000,0,0.0000,0.0000,0,0.0000,0,0.0000,0.0000,0,0.0000,0.0000,0,0,0,0,0,0,0,0,0,0,0,0,0,0,0,0,0,0,0,0,0,0,0,0,0
WG_METRICS 1296,256,768,1.1546,0.0077,0.0063,1.1130,0.0100,0.0177,256,768,196608,393216,176646.8906,353293.7812,0.0000,0,0.0000,0.0000,0,0.0000,0,0.0000,0.0000,0,0.0000,0.0000,0,0,0,0,0,0,0,0,0,0,0,0,0,0,0,0,0,0,0,0,0,0,0,0,0
WG_METRICS 1297,256,768,1.0368,0.0074,0.0068,0.9932,0.0138,0.0155,256,768,196608,393216,197954.0938,395908.1875,0.0000,0,0.0000,0.0000,0,0.0000,0,0.0000,0.0000,0,0.0000,0.0000,0,0,0,0,0,0,0,0,0,0,0,0,0,0,0,0,0,0,0,0,0,0,0,0,0
WG_METRICS 1298,256,768,1.0262,0.0075,0.0068,0.9732,0.0232,0.0154,256,768,196608,393216,202022.1875,404044.3750,0.0000,0,0.0000,0.0000,0,0.0000,0,0.0000,0.0000,0,0.0000,0.0000,0,0,0,0,0,0,0,0,0,0,0,0,0,0,0,0,0,0,0,0,0,0,0,0,0
WG_METRICS 1299,256,768,1.0274,0.0075,0.0068,0.9794,0.0183,0.0154,256,768,196608,393216,200743.3125,401486.6250,0.0000,0,0.0000,0.0000,0,0.0000,0,0.0000,0.0000,0,0.0000,0.0000,0,0,0,0,0,0,0,0,0,0,0,0,0,0,0,0,0,0,0,0,0,0,0,0,0
WG_METRICS 1300,256,768,1.0440,0.0080,0.0068,0.9910,0.0226,0.0155,256,768,196608,393216,198385.5312,396771.0625,0.0000,0,0.0000,0.0000,0,0.0000,0,0.0000,0.0000,0,0.0000,0.0000,0,0,0,0,0,0,0,0,0,0,0,0,0,0,0,0,0,0,0,0,0,0,0,0,0
WG_METRICS 1301,256,768,1.0151,0.0074,0.0068,0.9684,0.0164,0.0161,256,768,196608,393216,203023.5469,406047.0938,0.0000,0,0.0000,0.0000,0,0.0000,0,0.0000,0.0000,0,0.0000,0.0000,0,0,0,0,0,0,0,0,0,0,0,0,0,0,0,0,0,0,0,0,0,0,0,0,0
WG_METRICS 1302,256,768,1.0532,0.0074,0.0069,1.0087,0.0141,0.0161,256,768,196608,393216,194916.1250,389832.2500,0.0000,0,0.0000,0.0000,0,0.0000,0,0.0000,0.0000,0,0.0000,0.0000,0,0,0,0,0,0,0,0,0,0,0,0,0,0,0,0,0,0,0,0,0,0,0,0,0
WG_METRICS 1303,256,768,1.0270,0.0075,0.0068,0.9740,0.0228,0.0159,256,768,196608,393216,201847.9844,403695.9688,0.0000,0,0.0000,0.0000,0,0.0000,0,0.0000,0.0000,0,0.0000,0.0000,0,0,0,0,0,0,0,0,0,0,0,0,0,0,0,0,0,0,0,0,0,0,0,0,0
WG_METRICS 1304,256,768,1.0146,0.0074,0.0068,0.9685,0.0163,0.0155,256,768,196608,393216,202998.3906,405996.7812,0.0000,0,0.0000,0.0000,0,0.0000,0,0.0000,0.0000,0,0.0000,0.0000,0,0,0,0,0,0,0,0,0,0,0,0,0,0,0,0,0,0,0,0,0,0,0,0,0
WG_METRICS 1305,256,768,1.0131,0.0074,0.0068,0.9670,0.0164,0.0154,256,768,196608,393216,203317.4688,406634.9375,0.0000,0,0.0000,0.0000,0,0.0000,0,0.0000,0.0000,0,0.0000,0.0000,0,0,0,0,0,0,0,0,0,0,0,0,0,0,0,0,0,0,0,0,0,0,0,0,0
WG_METRICS 1306,256,768,1.0358,0.0074,0.0068,0.9896,0.0164,0.0156,256,768,196608,393216,198682.2344,397364.4688,0.0000,0,0.0000,0.0000,0,0.0000,0,0.0000,0.0000,0,0.0000,0.0000,0,0,0,0,0,0,0,0,0,0,0,0,0,0,0,0,0,0,0,0,0,0,0,0,0
WG_METRICS 1307,256,768,1.0318,0.0075,0.0068,0.9855,0.0164,0.0155,256,768,196608,393216,199496.7188,398993.4375,0.0000,0,0.0000,0.0000,0,0.0000,0,0.0000,0.0000,0,0.0000,0.0000,0,0,0,0,0,0,0,0,0,0,0,0,0,0,0,0,0,0,0,0,0,0,0,0,0
WG_METRICS 1308,256,768,1.0270,0.0074,0.0068,0.9829,0.0138,0.0160,256,768,196608,393216,200032.5625,400065.1250,0.0000,0,0.0000,0.0000,0,0.0000,0,0.0000,0.0000,0,0.0000,0.0000,0,0,0,0,0,0,0,0,0,0,0,0,0,0,0,0,0,0,0,0,0,0,0,0,0
WG_METRICS 1309,256,768,1.0252,0.0074,0.0068,0.9766,0.0185,0.0158,256,768,196608,393216,201318.8594,402637.7188,0.0000,0,0.0000,0.0000,0,0.0000,0,0.0000,0.0000,0,0.0000,0.0000,0,0,0,0,0,0,0,0,0,0,0,0,0,0,0,0,0,0,0,0,0,0,0,0,0
WG_METRICS 1310,256,768,1.0344,0.0074,0.0066,0.9819,0.0229,0.0156,256,768,196608,393216,200236.2812,400472.5625,0.0000,0,0.0000,0.0000,0,0.0000,0,0.0000,0.0000,0,0.0000,0.0000,0,0,0,0,0,0,0,0,0,0,0,0,0,0,0,0,0,0,0,0,0,0,0,0,0
WG_METRICS 1311,256,768,1.0303,0.0074,0.0068,0.9776,0.0230,0.0155,256,768,196608,393216,201121.1562,402242.3125,0.0000,0,0.0000,0.0000,0,0.0000,0,0.0000,0.0000,0,0.0000,0.0000,0,0,0,0,0,0,0,0,0,0,0,0,0,0,0,0,0,0,0,0,0,0,0,0,0
WG_METRICS 1312,256,768,1.0333,0.0074,0.0069,0.9798,0.0223,0.0168,256,768,196608,393216,200653.1719,401306.3438,0.0000,0,0.0000,0.0000,0,0.0000,0,0.0000,0.0000,0,0.0000,0.0000,0,0,0,0,0,0,0,0,0,0,0,0,0,0,0,0,0,0,0,0,0,0,0,0,0
WG_METRICS 1313,256,768,1.0426,0.0076,0.0068,0.9964,0.0149,0.0169,256,768,196608,393216,197318.3438,394636.6875,0.0000,0,0.0000,0.0000,0,0.0000,0,0.0000,0.0000,0,0.0000,0.0000,0,0,0,0,0,0,0,0,0,0,0,0,0,0,0,0,0,0,0,0,0,0,0,0,0
WG_METRICS 1314,256,768,1.0373,0.0074,0.0068,0.9832,0.0230,0.0169,256,768,196608,393216,199975.5781,399951.1562,0.0000,0,0.0000,0.0000,0,0.0000,0,0.0000,0.0000,0,0.0000,0.0000,0,0,0,0,0,0,0,0,0,0,0,0,0,0,0,0,0,0,0,0,0,0,0,0,0
WG_METRICS 1315,256,768,1.4136,0.0077,0.0069,1.3538,0.0237,0.0215,256,768,196608,393216,145226.7656,290453.5312,0.0000,0,0.0000,0.0000,0,0.0000,0,0.0000,0.0000,0,0.0000,0.0000,0,0,0,0,0,0,0,0,0,0,0,0,0,0,0,0,0,0,0,0,0,0,0,0,0
WG_METRICS 1316,256,768,1.9269,0.0087,0.0070,1.8568,0.0254,0.0289,256,768,196608,393216,105883.1094,211766.2188,0.0000,0,0.0000,0.0000,0,0.0000,0,0.0000,0.0000,0,0.0000,0.0000,0,0,0,0,0,0,0,0,0,0,0,0,0,0,0,0,0,0,0,0,0,0,0,0,0
WG_METRICS 1317,256,768,1.9359,0.0088,0.0070,1.8844,0.0069,0.0288,256,768,196608,393216,104334.5391,208669.0781,0.0000,0,0.0000,0.0000,0,0.0000,0,0.0000,0.0000,0,0.0000,0.0000,0,0,0,0,0,0,0,0,0,0,0,0,0,0,0,0,0,0,0,0,0,0,0,0,0
WG_METRICS 1318,256,768,1.9317,0.0088,0.0070,1.8607,0.0255,0.0298,256,768,196608,393216,105664.5938,211329.1875,0.0000,0,0.0000,0.0000,0,0.0000,0,0.0000,0.0000,0,0.0000,0.0000,0,0,0,0,0,0,0,0,0,0,0,0,0,0,0,0,0,0,0,0,0,0,0,0,0
WG_METRICS 1319,256,768,1.4588,0.0081,0.0070,1.4082,0.0152,0.0202,256,768,196608,393216,139616.5312,279233.0625,0.0000,0,0.0000,0.0000,0,0.0000,0,0.0000,0.0000,0,0.0000,0.0000,0,0,0,0,0,0,0,0,0,0,0,0,0,0,0,0,0,0,0,0,0,0,0,0,0
WG_METRICS 1320,256,768,1.1022,0.0075,0.0066,1.0486,0.0230,0.0165,256,768,196608,393216,187502.8594,375005.7188,0.0000,0,0.0000,0.0000,0,0.0000,0,0.0000,0.0000,0,0.0000,0.0000,0,0,0,0,0,0,0,0,0,0,0,0,0,0,0,0,0,0,0,0,0,0,0,0,0
WG_METRICS 1321,256,768,1.0283,0.0074,0.0068,0.9752,0.0229,0.0160,256,768,196608,393216,201616.1406,403232.2812,0.0000,0,0.0000,0.0000,0,0.0000,0,0.0000,0.0000,0,0.0000,0.0000,0,0,0,0,0,0,0,0,0,0,0,0,0,0,0,0,0,0,0,0,0,0,0,0,0
WG_METRICS 1322,256,768,1.0297,0.0074,0.0067,0.9771,0.0229,0.0156,256,768,196608,393216,201211.7344,402423.4688,0.0000,0,0.0000,0.0000,0,0.0000,0,0.0000,0.0000,0,0.0000,0.0000,0,0,0,0,0,0,0,0,0,0,0,0,0,0,0,0,0,0,0,0,0,0,0,0,0
WG_METRICS 1323,256,768,1.0495,0.0074,0.0068,0.9972,0.0225,0.0155,256,768,196608,393216,197152.1406,394304.2812,0.0000,0,0.0000,0.0000,0,0.0000,0,0.0000,0.0000,0,0.0000,0.0000,0,0,0,0,0,0,0,0,0,0,0,0,0,0,0,0,0,0,0,0,0,0,0,0,0
WG_METRICS 1324,256,768,1.0229,0.0074,0.0068,0.9702,0.0230,0.0154,256,768,196608,393216,202638.5156,405277.0312,0.0000,0,0.0000,0.0000,0,0.0000,0,0.0000,0.0000,0,0.0000,0.0000,0,0,0,0,0,0,0,0,0,0,0,0,0,0,0,0,0,0,0,0,0,0,0,0,0
WG_METRICS 1325,256,768,1.0217,0.0077,0.0068,0.9686,0.0227,0.0159,256,768,196608,393216,202990.0156,405980.0312,0.0000,0,0.0000,0.0000,0,0.0000,0,0.0000,0.0000,0,0.0000,0.0000,0,0,0,0,0,0,0,0,0,0,0,0,0,0,0,0,0,0,0,0,0,0,0,0,0
WG_METRICS 1326,256,768,1.0227,0.0075,0.0068,0.9788,0.0141,0.0156,256,768,196608,393216,200874.5781,401749.1562,0.0000,0,0.0000,0.0000,0,0.0000,0,0.0000,0.0000,0,0.0000,0.0000,0,0,0,0,0,0,0,0,0,0,0,0,0,0,0,0,0,0,0,0,0,0,0,0,0
WG_METRICS 1327,256,768,1.0486,0.0074,0.0069,1.0023,0.0163,0.0156,256,768,196608,393216,196152.9219,392305.8438,0.0000,0,0.0000,0.0000,0,0.0000,0,0.0000,0.0000,0,0.0000,0.0000,0,0,0,0,0,0,0,0,0,0,0,0,0,0,0,0,0,0,0,0,0,0,0,0,0
WG_METRICS 1328,256,768,1.1328,0.0076,0.0069,1.0843,0.0166,0.0173,256,768,196608,393216,181319.1719,362638.3438,0.0000,0,0.0000,0.0000,0,0.0000,0,0.0000,0.0000,0,0.0000,0.0000,0,0,0,0,0,0,0,0,0,0,0,0,0,0,0,0,0,0,0,0,0,0,0,0,0
WG_METRICS 1329,256,768,1.2559,0.0077,0.0070,1.2053,0.0167,0.0192,256,768,196608,393216,163122.2656,326244.5312,0.0000,0,0.0000,0.0000,0,0.0000,0,0.0000,0.0000,0,0.0000,0.0000,0,0,0,0,0,0,0,0,0,0,0,0,0,0,0,0,0,0,0,0,0,0,0,0,0
WG_METRICS 1330,256,768,1.2804,0.0079,0.0068,1.2312,0.0148,0.0197,256,768,196608,393216,159693.2969,319386.5938,0.0000,0,0.0000,0.0000,0,0.0000,0,0.0000,0.0000,0,0.0000,0.0000,0,0,0,0,0,0,0,0,0,0,0,0,0,0,0,0,0,0,0,0,0,0,0,0,0
WG_METRICS 1331,256,768,1.2205,0.0076,0.0069,1.1714,0.0168,0.0178,256,768,196608,393216,167845.9219,335691.8438,0.0000,0,0.0000,0.0000,0,0.0000,0,0.0000,0.0000,0,0.0000,0.0000,0,0,0,0,0,0,0,0,0,0,0,0,0,0,0,0,0,0,0,0,0,0,0,0,0
WG_METRICS 1332,256,768,1.0839,0.0075,0.0069,1.0381,0.0142,0.0172,256,768,196608,393216,189395.8125,378791.6250,0.0000,0,0.0000,0.0000,0,0.0000,0,0.0000,0.0000,0,0.0000,0.0000,0,0,0,0,0,0,0,0,0,0,0,0,0,0,0,0,0,0,0,0,0,0,0,0,0
WG_METRICS 1333,256,768,1.0252,0.0075,0.0068,0.9788,0.0164,0.0157,256,768,196608,393216,200866.3750,401732.7500,0.0000,0,0.0000,0.0000,0,0.0000,0,0.0000,0.0000,0,0.0000,0.0000,0,0,0,0,0,0,0,0,0,0,0,0,0,0,0,0,0,0,0,0,0,0,0,0,0
WG_METRICS 1334,256,768,1.0754,0.0074,0.0067,1.0219,0.0230,0.0164,256,768,196608,393216,192390.7969,384781.5938,0.0000,0,0.0000,0.0000,0,0.0000,0,0.0000,0.0000,0,0.0000,0.0000,0,0,0,0,0,0,0,0,0,0,0,0,0,0,0,0,0,0,0,0,0,0,0,0,0
WG_METRICS 1335,256,768,1.1224,0.0079,0.0069,1.0678,0.0229,0.0169,256,768,196608,393216,184124.3594,368248.7188,0.0000,0,0.0000,0.0000,0,0.0000,0,0.0000,0.0000,0,0.0000,0.0000,0,0,0,0,0,0,0,0,0,0,0,0,0,0,0,0,0,0,0,0,0,0,0,0,0
WG_METRICS 1336,256,768,1.1722,0.0076,0.0069,1.1156,0.0232,0.0190,256,768,196608,393216,176241.5156,352483.0312,0.0000,0,0.0000,0.0000,0,0.0000,0,0.0000,0.0000,0,0.0000,0.0000,0,0,0,0,0,0,0,0,0,0,0,0,0,0,0,0,0,0,0,0,0,0,0,0,0
WG_METRICS 1337,256,768,1.1424,0.0076,0.0070,1.0870,0.0233,0.0176,256,768,196608,393216,180872.1250,361744.2500,0.0000,0,0.0000,0.0000,0,0.0000,0,0.0000,0.0000,0,0.0000,0.0000,0,0,0,0,0,0,0,0,0,0,0,0,0,0,0,0,0,0,0,0,0,0,0,0,0
WG_METRICS 1338,256,768,1.0688,0.0076,0.0068,1.0149,0.0232,0.0163,256,768,196608,393216,193717.7344,387435.4688,0.0000,0,0.0000,0.0000,0,0.0000,0,0.0000,0.0000,0,0.0000,0.0000,0,0,0,0,0,0,0,0,0,0,0,0,0,0,0,0,0,0,0,0,0,0,0,0,0
WG_METRICS 1339,256,768,1.0309,0.0074,0.0068,0.9783,0.0226,0.0157,256,768,196608,393216,200973.1406,401946.2812,0.0000,0,0.0000,0.0000,0,0.0000,0,0.0000,0.0000,0,0.0000,0.0000,0,0,0,0,0,0,0,0,0,0,0,0,0,0,0,0,0,0,0,0,0,0,0,0,0
WG_METRICS 1340,256,768,1.0334,0.0074,0.0068,0.9990,0.0044,0.0156,256,768,196608,393216,196796.9219,393593.8438,0.0000,0,0.0000,0.0000,0,0.0000,0,0.0000,0.0000,0,0.0000,0.0000,0,0,0,0,0,0,0,0,0,0,0,0,0,0,0,0,0,0,0,0,0,0,0,0,0
WG_METRICS 1341,256,768,1.0351,0.0075,0.0068,0.9826,0.0228,0.0154,256,768,196608,393216,200097.7031,400195.4062,0.0000,0,0.0000,0.0000,0,0.0000,0,0.0000,0.0000,0,0.0000,0.0000,0,0,0,0,0,0,0,0,0,0,0,0,0,0,0,0,0,0,0,0,0,0,0,0,0
WG_METRICS 1342,256,768,1.0186,0.0075,0.0068,0.9723,0.0165,0.0155,256,768,196608,393216,202213.3438,404426.6875,0.0000,0,0.0000,0.0000,0,0.0000,0,0.0000,0.0000,0,0.0000,0.0000,0,0,0,0,0,0,0,0,0,0,0,0,0,0,0,0,0,0,0,0,0,0,0,0,0
WG_METRICS 1343,256,768,1.0269,0.0074,0.0069,0.9742,0.0228,0.0155,256,768,196608,393216,201814.8125,403629.6250,0.0000,0,0.0000,0.0000,0,0.0000,0,0.0000,0.0000,0,0.0000,0.0000,0,0,0,0,0,0,0,0,0,0,0,0,0,0,0,0,0,0,0,0,0,0,0,0,0
WG_METRICS 1344,256,768,1.0214,0.0074,0.0068,0.9690,0.0227,0.0154,256,768,196608,393216,202906.2188,405812.4375,0.0000,0,0.0000,0.0000,0,0.0000,0,0.0000,0.0000,0,0.0000,0.0000,0,0,0,0,0,0,0,0,0,0,0,0,0,0,0,0,0,0,0,0,0,0,0,0,0
WG_METRICS 1345,256,768,1.0305,0.0074,0.0068,0.9866,0.0142,0.0154,256,768,196608,393216,199286.4062,398572.8125,0.0000,0,0.0000,0.0000,0,0.0000,0,0.0000,0.0000,0,0.0000,0.0000,0,0,0,0,0,0,0,0,0,0,0,0,0,0,0,0,0,0,0,0,0,0,0,0,0
WG_METRICS 1346,256,768,1.0487,0.0076,0.0067,1.0036,0.0144,0.0163,256,768,196608,393216,195910.5625,391821.1250,0.0000,0,0.0000,0.0000,0,0.0000,0,0.0000,0.0000,0,0.0000,0.0000,0,0,0,0,0,0,0,0,0,0,0,0,0,0,0,0,0,0,0,0,0,0,0,0,0
WG_METRICS 1347,256,768,1.0374,0.0075,0.0068,0.9848,0.0228,0.0155,256,768,196608,393216,199634.4688,399268.9375,0.0000,0,0.0000,0.0000,0,0.0000,0,0.0000,0.0000,0,0.0000,0.0000,0,0,0,0,0,0,0,0,0,0,0,0,0,0,0,0,0,0,0,0,0,0,0,0,0
WG_METRICS 1348,256,768,1.0201,0.0076,0.0067,0.9764,0.0139,0.0155,256,768,196608,393216,201368.3438,402736.6875,0.0000,0,0.0000,0.0000,0,0.0000,0,0.0000,0.0000,0,0.0000,0.0000,0,0,0,0,0,0,0,0,0,0,0,0,0,0,0,0,0,0,0,0,0,0,0,0,0
WG_METRICS 1349,256,768,1.0163,0.0077,0.0069,0.9719,0.0142,0.0156,256,768,196608,393216,202296.5781,404593.1562,0.0000,0,0.0000,0.0000,0,0.0000,0,0.0000,0.0000,0,0.0000,0.0000,0,0,0,0,0,0,0,0,0,0,0,0,0,0,0,0,0,0,0,0,0,0,0,0,0
WG_METRICS 1350,256,768,1.0442,0.0074,0.0069,0.9915,0.0229,0.0156,256,768,196608,393216,198289.5000,396579.0000,0.0000,0,0.0000,0.0000,0,0.0000,0,0.0000,0.0000,0,0.0000,0.0000,0,0,0,0,0,0,0,0,0,0,0,0,0,0,0,0,0,0,0,0,0,0,0,0,0
WG_METRICS 1351,256,768,1.0234,0.0074,0.0068,0.9798,0.0139,0.0154,256,768,196608,393216,200669.5469,401339.0938,0.0000,0,0.0000,0.0000,0,0.0000,0,0.0000,0.0000,0,0.0000,0.0000,0,0,0,0,0,0,0,0,0,0,0,0,0,0,0,0,0,0,0,0,0,0,0,0,0
WG_METRICS 1352,256,768,1.0408,0.0074,0.0069,0.9881,0.0228,0.0156,256,768,196608,393216,198971.7812,397943.5625,0.0000,0,0.0000,0.0000,0,0.0000,0,0.0000,0.0000,0,0.0000,0.0000,0,0,0,0,0,0,0,0,0,0,0,0,0,0,0,0,0,0,0,0,0,0,0,0,0
WG_METRICS 1353,256,768,1.0350,0.0076,0.0068,0.9819,0.0227,0.0160,256,768,196608,393216,200236.2812,400472.5625,0.0000,0,0.0000,0.0000,0,0.0000,0,0.0000,0.0000,0,0.0000,0.0000,0,0,0,0,0,0,0,0,0,0,0,0,0,0,0,0,0,0,0,0,0,0,0,0,0
WG_METRICS 1354,256,768,1.0367,0.0073,0.0066,0.9840,0.0229,0.0158,256,768,196608,393216,199796.7500,399593.5000,0.0000,0,0.0000,0.0000,0,0.0000,0,0.0000,0.0000,0,0.0000,0.0000,0,0,0,0,0,0,0,0,0,0,0,0,0,0,0,0,0,0,0,0,0,0,0,0,0
WG_METRICS 1355,256,768,1.0281,0.0076,0.0068,0.9840,0.0140,0.0157,256,768,196608,393216,199804.8750,399609.7500,0.0000,0,0.0000,0.0000,0,0.0000,0,0.0000,0.0000,0,0.0000,0.0000,0,0,0,0,0,0,0,0,0,0,0,0,0,0,0,0,0,0,0,0,0,0,0,0,0
WG_METRICS 1356,256,768,1.0329,0.0074,0.0068,0.9800,0.0231,0.0156,256,768,196608,393216,200612.2188,401224.4375,0.0000,0,0.0000,0.0000,0,0.0000,0,0.0000,0.0000,0,0.0000,0.0000,0,0,0,0,0,0,0,0,0,0,0,0,0,0,0,0,0,0,0,0,0,0,0,0,0
WG_METRICS 1357,256,768,1.0226,0.0075,0.0068,0.9886,0.0043,0.0154,256,768,196608,393216,198883.2188,397766.4375,0.0000,0,0.0000,0.0000,0,0.0000,0,0.0000,0.0000,0,0.0000,0.0000,0,0,0,0,0,0,0,0,0,0,0,0,0,0,0,0,0,0,0,0,0,0,0,0,0
WG_METRICS 1358,256,768,1.0644,0.0076,0.0068,1.0204,0.0134,0.0162,256,768,196608,393216,192677.3750,385354.7500,0.0000,0,0.0000,0.0000,0,0.0000,0,0.0000,0.0000,0,0.0000,0.0000,0,0,0,0,0,0,0,0,0,0,0,0,0,0,0,0,0,0,0,0,0,0,0,0,0
WG_METRICS 1359,256,768,1.0558,0.0074,0.0068,1.0035,0.0224,0.0156,256,768,196608,393216,195926.1875,391852.3750,0.0000,0,0.0000,0.0000,0,0.0000,0,0.0000,0.0000,0,0.0000,0.0000,0,0,0,0,0,0,0,0,0,0,0,0,0,0,0,0,0,0,0,0,0,0,0,0,0
WG_METRICS 1360,256,768,1.0322,0.0075,0.0068,0.9791,0.0229,0.0160,256,768,196608,393216,200800.7188,401601.4375,0.0000,0,0.0000,0.0000,0,0.0000,0,0.0000,0.0000,0,0.0000,0.0000,0,0,0,0,0,0,0,0,0,0,0,0,0,0,0,0,0,0,0,0,0,0,0,0,0
WG_METRICS 1361,256,768,1.0434,0.0075,0.0068,0.9906,0.0226,0.0159,256,768,196608,393216,198465.6406,396931.2812,0.0000,0,0.0000,0.0000,0,0.0000,0,0.0000,0.0000,0,0.0000,0.0000,0,0,0,0,0,0,0,0,0,0,0,0,0,0,0,0,0,0,0,0,0,0,0,0,0
WG_METRICS 1362,256,768,1.0759,0.0075,0.0068,1.0219,0.0227,0.0170,256,768,196608,393216,192398.3125,384796.6250,0.0000,0,0.0000,0.0000,0,0.0000,0,0.0000,0.0000,0,0.0000,0.0000,0,0,0,0,0,0,0,0,0,0,0,0,0,0,0,0,0,0,0,0,0,0,0,0,0
WG_METRICS 1363,256,768,1.0355,0.0075,0.0067,0.9831,0.0227,0.0155,256,768,196608,393216,199991.8594,399983.7188,0.0000,0,0.0000,0.0000,0,0.0000,0,0.0000,0.0000,0,0.0000,0.0000,0,0,0,0,0,0,0,0,0,0,0,0,0,0,0,0,0,0,0,0,0,0,0,0,0
WG_METRICS 1364,256,768,1.0461,0.0074,0.0069,1.0025,0.0139,0.0154,256,768,196608,393216,196113.7969,392227.5938,0.0000,0,0.0000,0.0000,0,0.0000,0,0.0000,0.0000,0,0.0000,0.0000,0,0,0,0,0,0,0,0,0,0,0,0,0,0,0,0,0,0,0,0,0,0,0,0,0
WG_METRICS 1365,256,768,1.0237,0.0078,0.0069,0.9699,0.0229,0.0162,256,768,196608,393216,202713.7344,405427.4688,0.0000,0,0.0000,0.0000,0,0.0000,0,0.0000,0.0000,0,0.0000,0.0000,0,0,0,0,0,0,0,0,0,0,0,0,0,0,0,0,0,0,0,0,0,0,0,0,0
WG_METRICS 1366,256,768,1.0360,0.0074,0.0068,0.9832,0.0230,0.0156,256,768,196608,393216,199967.4531,399934.9062,0.0000,0,0.0000,0.0000,0,0.0000,0,0.0000,0.0000,0,0.0000,0.0000,0,0,0,0,0,0,0,0,0,0,0,0,0,0,0,0,0,0,0,0,0,0,0,0,0
WG_METRICS 1367,256,768,1.0179,0.0074,0.0069,0.9741,0.0139,0.0156,256,768,196608,393216,201831.3906,403662.7812,0.0000,0,0.0000,0.0000,0,0.0000,0,0.0000,0.0000,0,0.0000,0.0000,0,0,0,0,0,0,0,0,0,0,0,0,0,0,0,0,0,0,0,0,0,0,0,0,0
WG_METRICS 1368,256,768,1.0368,0.0075,0.0068,0.9842,0.0228,0.0156,256,768,196608,393216,199764.2812,399528.5625,0.0000,0,0.0000,0.0000,0,0.0000,0,0.0000,0.0000,0,0.0000,0.0000,0,0,0,0,0,0,0,0,0,0,0,0,0,0,0,0,0,0,0,0,0,0,0,0,0
WG_METRICS 1369,256,768,1.0216,0.0075,0.0067,0.9694,0.0226,0.0154,256,768,196608,393216,202805.7500,405611.5000,0.0000,0,0.0000,0.0000,0,0.0000,0,0.0000,0.0000,0,0.0000,0.0000,0,0,0,0,0,0,0,0,0,0,0,0,0,0,0,0,0,0,0,0,0,0,0,0,0
WG_METRICS 1370,256,768,1.0469,0.0077,0.0068,0.9928,0.0230,0.0165,256,768,196608,393216,198025.8594,396051.7188,0.0000,0,0.0000,0.0000,0,0.0000,0,0.0000,0.0000,0,0.0000,0.0000,0,0,0,0,0,0,0,0,0,0,0,0,0,0,0,0,0,0,0,0,0,0,0,0,0
WG_METRICS 1371,256,768,1.0294,0.0074,0.0068,0.9763,0.0231,0.0159,256,768,196608,393216,201384.8594,402769.7188,0.0000,0,0.0000,0.0000,0,0.0000,0,0.0000,0.0000,0,0.0000,0.0000,0,0,0,0,0,0,0,0,0,0,0,0,0,0,0,0,0,0,0,0,0,0,0,0,0
WG_METRICS 1372,256,768,1.0470,0.0101,0.0070,0.9914,0.0226,0.0158,256,768,196608,393216,198305.5000,396611.0000,0.0000,0,0.0000,0.0000,0,0.0000,0,0.0000,0.0000,0,0.0000,0.0000,0,0,0,0,0,0,0,0,0,0,0,0,0,0,0,0,0,0,0,0,0,0,0,0,0
WG_METRICS 1373,256,768,1.0414,0.0074,0.0068,0.9950,0.0165,0.0155,256,768,196608,393216,197588.0312,395176.0625,0.0000,0,0.0000,0.0000,0,0.0000,0,0.0000,0.0000,0,0.0000,0.0000,0,0,0,0,0,0,0,0,0,0,0,0,0,0,0,0,0,0,0,0,0,0,0,0,0
WG_METRICS 1374,256,768,1.0240,0.0074,0.0068,0.9700,0.0232,0.0165,256,768,196608,393216,202697.0312,405394.0625,0.0000,0,0.0000,0.0000,0,0.0000,0,0.0000,0.0000,0,0.0000,0.0000,0,0,0,0,0,0,0,0,0,0,0,0,0,0,0,0,0,0,0,0,0,0,0,0,0
WG_METRICS 1375,256,768,1.0364,0.0078,0.0069,0.9831,0.0231,0.0155,256,768,196608,393216,199991.8594,399983.7188,0.0000,0,0.0000,0.0000,0,0.0000,0,0.0000,0.0000,0,0.0000,0.0000,0,0,0,0,0,0,0,0,0,0,0,0,0,0,0,0,0,0,0,0,0,0,0,0,0
WG_METRICS 1376,256,768,1.0251,0.0077,0.0069,0.9809,0.0140,0.0156,256,768,196608,393216,200432.2500,400864.5000,0.0000,0,0.0000,0.0000,0,0.0000,0,0.0000,0.0000,0,0.0000,0.0000,0,0,0,0,0,0,0,0,0,0,0,0,0,0,0,0,0,0,0,0,0,0,0,0,0
WG_METRICS 1377,256,768,1.0396,0.0074,0.0068,0.9860,0.0227,0.0167,256,768,196608,393216,199399.5938,398799.1875,0.0000,0,0.0000,0.0000,0,0.0000,0,0.0000,0.0000,0,0.0000,0.0000,0,0,0,0,0,0,0,0,0,0,0,0,0,0,0,0,0,0,0,0,0,0,0,0,0
WG_METRICS 1378,256,768,1.0556,0.0075,0.0068,1.0213,0.0043,0.0157,256,768,196608,393216,192511.3438,385022.6875,0.0000,0,0.0000,0.0000,0,0.0000,0,0.0000,0.0000,0,0.0000,0.0000,0,0,0,0,0,0,0,0,0,0,0,0,0,0,0,0,0,0,0,0,0,0,0,0,0
WG_METRICS 1379,256,768,1.0513,0.0074,0.0068,0.9985,0.0228,0.0157,256,768,196608,393216,196907.2969,393814.5938,0.0000,0,0.0000,0.0000,0,0.0000,0,0.0000,0.0000,0,0.0000,0.0000,0,0,0,0,0,0,0,0,0,0,0,0,0,0,0,0,0,0,0,0,0,0,0,0,0
WG_METRICS 1380,256,768,1.0542,0.0074,0.0069,1.0006,0.0229,0.0163,256,768,196608,393216,196490.1094,392980.2188,0.0000,0,0.0000,0.0000,0,0.0000,0,0.0000,0.0000,0,0.0000,0.0000,0,0,0,0,0,0,0,0,0,0,0,0,0,0,0,0,0,0,0,0,0,0,0,0,0
WG_METRICS 1381,256,768,1.0323,0.0074,0.0068,0.9924,0.0096,0.0161,256,768,196608,393216,198121.6562,396243.3125,0.0000,0,0.0000,0.0000,0,0.0000,0,0.0000,0.0000,0,0.0000,0.0000,0,0,0,0,0,0,0,0,0,0,0,0,0,0,0,0,0,0,0,0,0,0,0,0,0
WG_METRICS 1382,256,768,1.0190,0.0074,0.0068,0.9668,0.0224,0.0157,256,768,196608,393216,203367.9531,406735.9062,0.0000,0,0.0000,0.0000,0,0.0000,0,0.0000,0.0000,0,0.0000,0.0000,0,0,0,0,0,0,0,0,0,0,0,0,0,0,0,0,0,0,0,0,0,0,0,0,0
WG_METRICS 1383,256,768,1.0300,0.0074,0.0068,0.9858,0.0143,0.0156,256,768,196608,393216,199448.1406,398896.2812,0.0000,0,0.0000,0.0000,0,0.0000,0,0.0000,0.0000,0,0.0000,0.0000,0,0,0,0,0,0,0,0,0,0,0,0,0,0,0,0,0,0,0,0,0,0,0,0,0
WG_METRICS 1384,256,768,1.0340,0.0074,0.0145,0.9806,0.0140,0.0174,256,768,196608,393216,200489.4844,400978.9688,0.0000,0,0.0000,0.0000,0,0.0000,0,0.0000,0.0000,0,0.0000,0.0000,0,0,0,0,0,0,0,0,0,0,0,0,0,0,0,0,0,0,0,0,0,0,0,0,0
WG_METRICS 1385,256,768,1.0544,0.0076,0.0068,0.9883,0.0358,0.0160,256,768,196608,393216,198939.5781,397879.1562,0.0000,0,0.0000,0.0000,0,0.0000,0,0.0000,0.0000,0,0.0000,0.0000,0,0,0,0,0,0,0,0,0,0,0,0,0,0,0,0,0,0,0,0,0,0,0,0,0
WG_METRICS 1386,256,768,1.0418,0.0074,0.0068,0.9761,0.0360,0.0154,256,768,196608,393216,201417.8594,402835.7188,0.0000,0,0.0000,0.0000,0,0.0000,0,0.0000,0.0000,0,0.0000,0.0000,0,0,0,0,0,0,0,0,0,0,0,0,0,0,0,0,0,0,0,0,0,0,0,0,0
WG_METRICS 1387,256,768,1.0271,0.0075,0.0066,0.9835,0.0141,0.0154,256,768,196608,393216,199902.3906,399804.7812,0.0000,0,0.0000,0.0000,0,0.0000,0,0.0000,0.0000,0,0.0000,0.0000,0,0,0,0,0,0,0,0,0,0,0,0,0,0,0,0,0,0,0,0,0,0,0,0,0
WG_METRICS 1388,256,768,1.0291,0.0074,0.0068,0.9765,0.0228,0.0156,256,768,196608,393216,201335.3594,402670.7188,0.0000,0,0.0000,0.0000,0,0.0000,0,0.0000,0.0000,0,0.0000,0.0000,0,0,0,0,0,0,0,0,0,0,0,0,0,0,0,0,0,0,0,0,0,0,0,0,0
WG_METRICS 1389,256,768,1.0305,0.0074,0.0068,0.9650,0.0357,0.0156,256,768,196608,393216,203738.8594,407477.7188,0.0000,0,0.0000,0.0000,0,0.0000,0,0.0000,0.0000,0,0.0000,0.0000,0,0,0,0,0,0,0,0,0,0,0,0,0,0,0,0,0,0,0,0,0,0,0,0,0
WG_METRICS 1390,256,768,1.0737,0.0074,0.0069,1.0303,0.0133,0.0158,256,768,196608,393216,190822.2656,381644.5312,0.0000,0,0.0000,0.0000,0,0.0000,0,0.0000,0.0000,0,0.0000,0.0000,0,0,0,0,0,0,0,0,0,0,0,0,0,0,0,0,0,0,0,0,0,0,0,0,0
WG_METRICS 1391,256,768,1.0783,0.0074,0.0068,1.0252,0.0229,0.0160,256,768,196608,393216,191782.7500,383565.5000,0.0000,0,0.0000,0.0000,0,0.0000,0,0.0000,0.0000,0,0.0000,0.0000,0,0,0,0,0,0,0,0,0,0,0,0,0,0,0,0,0,0,0,0,0,0,0,0,0
WG_METRICS 1392,256,768,1.0210,0.0075,0.0068,0.9684,0.0228,0.0155,256,768,196608,393216,203023.5469,406047.0938,0.0000,0,0.0000,0.0000,0,0.0000,0,0.0000,0.0000,0,0.0000,0.0000,0,0,0,0,0,0,0,0,0,0,0,0,0,0,0,0,0,0,0,0,0,0,0,0,0
WG_METRICS 1393,256,768,1.0240,0.0074,0.0069,0.9713,0.0227,0.0158,256,768,196608,393216,202421.5469,404843.0938,0.0000,0,0.0000,0.0000,0,0.0000,0,0.0000,0.0000,0,0.0000,0.0000,0,0,0,0,0,0,0,0,0,0,0,0,0,0,0,0,0,0,0,0,0,0,0,0,0
WG_METRICS 1394,256,768,1.0434,0.0078,0.0066,0.9908,0.0227,0.0156,256,768,196608,393216,198441.5938,396883.1875,0.0000,0,0.0000,0.0000,0,0.0000,0,0.0000,0.0000,0,0.0000,0.0000,0,0,0,0,0,0,0,0,0,0,0,0,0,0,0,0,0,0,0,0,0,0,0,0,0
WG_METRICS 1395,256,768,1.0924,0.0076,0.0070,0.9770,0.0387,0.0622,256,768,196608,393216,201236.4375,402472.8750,0.0000,0,0.0000,0.0000,0,0.0000,0,0.0000,0.0000,0,0.0000,0.0000,0,0,0,0,0,0,0,0,0,0,0,0,0,0,0,0,0,0,0,0,0,0,0,0,0
WG_METRICS 1396,256,768,1.0230,0.0076,0.0068,0.9682,0.0234,0.0170,256,768,196608,393216,203065.4688,406130.9375,0.0000,0,0.0000,0.0000,0,0.0000,0,0.0000,0.0000,0,0.0000,0.0000,0,0,0,0,0,0,0,0,0,0,0,0,0,0,0,0,0,0,0,0,0,0,0,0,0
WG_METRICS 1397,256,768,1.0209,0.0075,0.0067,0.9676,0.0230,0.0160,256,768,196608,393216,203183.0000,406366.0000,0.0000,0,0.0000,0.0000,0,0.0000,0,0.0000,0.0000,0,0.0000,0.0000,0,0,0,0,0,0,0,0,0,0,0,0,0,0,0,0,0,0,0,0,0,0,0,0,0
WG_METRICS 1398,256,768,1.0279,0.0077,0.0069,0.9833,0.0139,0.0161,256,768,196608,393216,199951.1875,399902.3750,0.0000,0,0.0000,0.0000,0,0.0000,0,0.0000,0.0000,0,0.0000,0.0000,0,0,0,0,0,0,0,0,0,0,0,0,0,0,0,0,0,0,0,0,0,0,0,0,0
WG_METRICS 1399,256,768,1.0138,0.0075,0.0068,0.9668,0.0163,0.0164,256,768,196608,393216,203351.1250,406702.2500,0.0000,0,0.0000,0.0000,0,0.0000,0,0.0000,0.0000,0,0.0000,0.0000,0,0,0,0,0,0,0,0,0,0,0,0,0,0,0,0,0,0,0,0,0,0,0,0,0
WG_METRICS 1400,256,768,1.0128,0.0075,0.0069,0.9664,0.0164,0.0156,256,768,196608,393216,203435.2812,406870.5625,0.0000,0,0.0000,0.0000,0,0.0000,0,0.0000,0.0000,0,0.0000,0.0000,0,0,0,0,0,0,0,0,0,0,0,0,0,0,0,0,0,0,0,0,0,0,0,0,0
WG_METRICS 1401,256,768,1.0353,0.0074,0.0068,0.9891,0.0164,0.0156,256,768,196608,393216,198778.6562,397557.3125,0.0000,0,0.0000,0.0000,0,0.0000,0,0.0000,0.0000,0,0.0000,0.0000,0,0,0,0,0,0,0,0,0,0,0,0,0,0,0,0,0,0,0,0,0,0,0,0,0
WG_METRICS 1402,256,768,1.0474,0.0074,0.0066,0.9950,0.0230,0.0154,256,768,196608,393216,197595.9844,395191.9688,0.0000,0,0.0000,0.0000,0,0.0000,0,0.0000,0.0000,0,0.0000,0.0000,0,0,0,0,0,0,0,0,0,0,0,0,0,0,0,0,0,0,0,0,0,0,0,0,0
WG_METRICS 1403,256,768,1.0295,0.0075,0.0070,0.9762,0.0231,0.0156,256,768,196608,393216,201393.1094,402786.2188,0.0000,0,0.0000,0.0000,0,0.0000,0,0.0000,0.0000,0,0.0000,0.0000,0,0,0,0,0,0,0,0,0,0,0,0,0,0,0,0,0,0,0,0,0,0,0,0,0
WG_METRICS 1404,256,768,1.0098,0.0074,0.0068,0.9706,0.0094,0.0155,256,768,196608,393216,202555.0156,405110.0312,0.0000,0,0.0000,0.0000,0,0.0000,0,0.0000,0.0000,0,0.0000,0.0000,0,0,0,0,0,0,0,0,0,0,0,0,0,0,0,0,0,0,0,0,0,0,0,0,0
WG_METRICS 1405,256,768,1.0316,0.0078,0.0068,0.9840,0.0170,0.0160,256,768,196608,393216,199796.7500,399593.5000,0.0000,0,0.0000,0.0000,0,0.0000,0,0.0000,0.0000,0,0.0000,0.0000,0,0,0,0,0,0,0,0,0,0,0,0,0,0,0,0,0,0,0,0,0,0,0,0,0
WG_METRICS 1406,256,768,1.0180,0.0074,0.0068,0.9708,0.0166,0.0163,256,768,196608,393216,202513.2969,405026.5938,0.0000,0,0.0000,0.0000,0,0.0000,0,0.0000,0.0000,0,0.0000,0.0000,0,0,0,0,0,0,0,0,0,0,0,0,0,0,0,0,0,0,0,0,0,0,0,0,0
WG_METRICS 1407,256,768,1.0099,0.0074,0.0063,0.9643,0.0164,0.0155,256,768,196608,393216,203890.9844,407781.9688,0.0000,0,0.0000,0.0000,0,0.0000,0,0.0000,0.0000,0,0.0000,0.0000,0,0,0,0,0,0,0,0,0,0,0,0,0,0,0,0,0,0,0,0,0,0,0,0,0
WG_METRICS 1408,256,768,1.0280,0.0075,0.0068,0.9812,0.0164,0.0161,256,768,196608,393216,200375.0625,400750.1250,0.0000,0,0.0000,0.0000,0,0.0000,0,0.0000,0.0000,0,0.0000,0.0000,0,0,0,0,0,0,0,0,0,0,0,0,0,0,0,0,0,0,0,0,0,0,0,0,0
WG_METRICS 1409,256,768,1.0206,0.0076,0.0069,0.9742,0.0163,0.0156,256,768,196608,393216,201814.8125,403629.6250,0.0000,0,0.0000,0.0000,0,0.0000,0,0.0000,0.0000,0,0.0000,0.0000,0,0,0,0,0,0,0,0,0,0,0,0,0,0,0,0,0,0,0,0,0,0,0,0,0
WG_METRICS 1410,256,768,1.0712,0.0076,0.0069,1.0206,0.0198,0.0164,256,768,196608,393216,192647.1719,385294.3438,0.0000,0,0.0000,0.0000,0,0.0000,0,0.0000,0.0000,0,0.0000,0.0000,0,0,0,0,0,0,0,0,0,0,0,0,0,0,0,0,0,0,0,0,0,0,0,0,0
WG_METRICS 1411,256,768,1.0319,0.0074,0.0068,0.9880,0.0142,0.0155,256,768,196608,393216,199004.0156,398008.0312,0.0000,0,0.0000,0.0000,0,0.0000,0,0.0000,0.0000,0,0.0000,0.0000,0,0,0,0,0,0,0,0,0,0,0,0,0,0,0,0,0,0,0,0,0,0,0,0,0
WG_METRICS 1412,256,768,1.0268,0.0074,0.0068,0.9741,0.0230,0.0155,256,768,196608,393216,201839.6719,403679.3438,0.0000,0,0.0000,0.0000,0,0.0000,0,0.0000,0.0000,0,0.0000,0.0000,0,0,0,0,0,0,0,0,0,0,0,0,0,0,0,0,0,0,0,0,0,0,0,0,0
WG_METRICS 1413,256,768,1.0214,0.0074,0.0069,0.9754,0.0164,0.0154,256,768,196608,393216,201558.2656,403116.5312,0.0000,0,0.0000,0.0000,0,0.0000,0,0.0000,0.0000,0,0.0000,0.0000,0,0,0,0,0,0,0,0,0,0,0,0,0,0,0,0,0,0,0,0,0,0,0,0,0
WG_METRICS 1414,256,768,1.0152,0.0074,0.0068,0.9766,0.0088,0.0156,256,768,196608,393216,201318.8594,402637.7188,0.0000,0,0.0000,0.0000,0,0.0000,0,0.0000,0.0000,0,0.0000,0.0000,0,0,0,0,0,0,0,0,0,0,0,0,0,0,0,0,0,0,0,0,0,0,0,0,0
WG_METRICS 1415,256,768,1.0121,0.0074,0.0068,0.9660,0.0163,0.0156,256,768,196608,393216,203536.3750,407072.7500,0.0000,0,0.0000,0.0000,0,0.0000,0,0.0000,0.0000,0,0.0000,0.0000,0,0,0,0,0,0,0,0,0,0,0,0,0,0,0,0,0,0,0,0,0,0,0,0,0
WG_METRICS 1416,256,768,1.0310,0.0074,0.0068,0.9781,0.0231,0.0156,256,768,196608,393216,201006.0000,402012.0000,0.0000,0,0.0000,0.0000,0,0.0000,0,0.0000,0.0000,0,0.0000,0.0000,0,0,0,0,0,0,0,0,0,0,0,0,0,0,0,0,0,0,0,0,0,0,0,0,0
WG_METRICS 1417,256,768,1.0247,0.0074,0.0068,0.9818,0.0131,0.0155,256,768,196608,393216,200260.7500,400521.5000,0.0000,0,0.0000,0.0000,0,0.0000,0,0.0000,0.0000,0,0.0000,0.0000,0,0,0,0,0,0,0,0,0,0,0,0,0,0,0,0,0,0,0,0,0,0,0,0,0
WG_METRICS 1418,256,768,1.0268,0.0074,0.0069,0.9882,0.0090,0.0154,256,768,196608,393216,198963.7344,397927.4688,0.0000,0,0.0000,0.0000,0,0.0000,0,0.0000,0.0000,0,0.0000,0.0000,0,0,0,0,0,0,0,0,0,0,0,0,0,0,0,0,0,0,0,0,0,0,0,0,0
WG_METRICS 1419,256,768,1.0343,0.0075,0.0068,0.9879,0.0166,0.0156,256,768,196608,393216,199020.1250,398040.2500,0.0000,0,0.0000,0.0000,0,0.0000,0,0.0000,0.0000,0,0.0000,0.0000,0,0,0,0,0,0,0,0,0,0,0,0,0,0,0,0,0,0,0,0,0,0,0,0,0
WG_METRICS 1420,256,768,1.0150,0.0074,0.0068,0.9698,0.0144,0.0166,256,768,196608,393216,202730.4531,405460.9062,0.0000,0,0.0000,0.0000,0,0.0000,0,0.0000,0.0000,0,0.0000,0.0000,0,0,0,0,0,0,0,0,0,0,0,0,0,0,0,0,0,0,0,0,0,0,0,0,0
WG_METRICS 1421,256,768,1.0329,0.0075,0.0068,0.9802,0.0228,0.0156,256,768,196608,393216,200587.6562,401175.3125,0.0000,0,0.0000,0.0000,0,0.0000,0,0.0000,0.0000,0,0.0000,0.0000,0,0,0,0,0,0,0,0,0,0,0,0,0,0,0,0,0,0,0,0,0,0,0,0,0
WG_METRICS 1422,256,768,1.0268,0.0074,0.0068,0.9819,0.0140,0.0166,256,768,196608,393216,200228.1250,400456.2500,0.0000,0,0.0000,0.0000,0,0.0000,0,0.0000,0.0000,0,0.0000,0.0000,0,0,0,0,0,0,0,0,0,0,0,0,0,0,0,0,0,0,0,0,0,0,0,0,0
WG_METRICS 1423,256,768,1.0350,0.0076,0.0068,0.9894,0.0147,0.0166,256,768,196608,393216,198722.4062,397444.8125,0.0000,0,0.0000,0.0000,0,0.0000,0,0.0000,0.0000,0,0.0000,0.0000,0,0,0,0,0,0,0,0,0,0,0,0,0,0,0,0,0,0,0,0,0,0,0,0,0
WG_METRICS 1424,256,768,1.0323,0.0075,0.0068,0.9792,0.0227,0.0161,256,768,196608,393216,200784.3125,401568.6250,0.0000,0,0.0000,0.0000,0,0.0000,0,0.0000,0.0000,0,0.0000,0.0000,0,0,0,0,0,0,0,0,0,0,0,0,0,0,0,0,0,0,0,0,0,0,0,0,0
WG_METRICS 1425,256,768,1.0202,0.0075,0.0068,0.9806,0.0095,0.0158,256,768,196608,393216,200505.8281,401011.6562,0.0000,0,0.0000,0.0000,0,0.0000,0,0.0000,0.0000,0,0.0000,0.0000,0,0,0,0,0,0,0,0,0,0,0,0,0,0,0,0,0,0,0,0,0,0,0,0,0
WG_METRICS 1426,256,768,1.0276,0.0075,0.0068,0.9750,0.0226,0.0156,256,768,196608,393216,201649.2188,403298.4375,0.0000,0,0.0000,0.0000,0,0.0000,0,0.0000,0.0000,0,0.0000,0.0000,0,0,0,0,0,0,0,0,0,0,0,0,0,0,0,0,0,0,0,0,0,0,0,0,0
WG_METRICS 1427,256,768,1.0185,0.0074,0.0068,0.9660,0.0227,0.0155,256,768,196608,393216,203527.9531,407055.9062,0.0000,0,0.0000,0.0000,0,0.0000,0,0.0000,0.0000,0,0.0000,0.0000,0,0,0,0,0,0,0,0,0,0,0,0,0,0,0,0,0,0,0,0,0,0,0,0,0
WG_METRICS 1428,256,768,1.0249,0.0075,0.0068,0.9718,0.0228,0.0161,256,768,196608,393216,202313.2344,404626.4688,0.0000,0,0.0000,0.0000,0,0.0000,0,0.0000,0.0000,0,0.0000,0.0000,0,0,0,0,0,0,0,0,0,0,0,0,0,0,0,0,0,0,0,0,0,0,0,0,0
WG_METRICS 1429,256,768,1.0316,0.0074,0.0069,0.9792,0.0227,0.0154,256,768,196608,393216,200776.1094,401552.2188,0.0000,0,0.0000,0.0000,0,0.0000,0,0.0000,0.0000,0,0.0000,0.0000,0,0,0,0,0,0,0,0,0,0,0,0,0,0,0,0,0,0,0,0,0,0,0,0,0
WG_METRICS 1430,256,768,1.0356,0.0074,0.0068,0.9785,0.0274,0.0156,256,768,196608,393216,200932.0625,401864.1250,0.0000,0,0.0000,0.0000,0,0.0000,0,0.0000,0.0000,0,0.0000,0.0000,0,0,0,0,0,0,0,0,0,0,0,0,0,0,0,0,0,0,0,0,0,0,0,0,0
WG_METRICS 1431,256,768,1.0272,0.0074,0.0068,0.9832,0.0142,0.0156,256,768,196608,393216,199975.5781,399951.1562,0.0000,0,0.0000,0.0000,0,0.0000,0,0.0000,0.0000,0,0.0000,0.0000,0,0,0,0,0,0,0,0,0,0,0,0,0,0,0,0,0,0,0,0,0,0,0,0,0
WG_METRICS 1432,256,768,1.0464,0.0077,0.0066,0.9935,0.0230,0.0156,256,768,196608,393216,197890.3281,395780.6562,0.0000,0,0.0000,0.0000,0,0.0000,0,0.0000,0.0000,0,0.0000,0.0000,0,0,0,0,0,0,0,0,0,0,0,0,0,0,0,0,0,0,0,0,0,0,0,0,0
WG_METRICS 1433,256,768,1.0289,0.0074,0.0068,0.9765,0.0226,0.0156,256,768,196608,393216,201335.3594,402670.7188,0.0000,0,0.0000,0.0000,0,0.0000,0,0.0000,0.0000,0,0.0000,0.0000,0,0,0,0,0,0,0,0,0,0,0,0,0,0,0,0,0,0,0,0,0,0,0,0,0
WG_METRICS 1434,256,768,1.0240,0.0075,0.0068,0.9716,0.0227,0.0155,256,768,196608,393216,202354.8750,404709.7500,0.0000,0,0.0000,0.0000,0,0.0000,0,0.0000,0.0000,0,0.0000,0.0000,0,0,0,0,0,0,0,0,0,0,0,0,0,0,0,0,0,0,0,0,0,0,0,0,0
WG_METRICS 1435,256,768,1.0354,0.0075,0.0068,0.9826,0.0230,0.0155,256,768,196608,393216,200097.7031,400195.4062,0.0000,0,0.0000,0.0000,0,0.0000,0,0.0000,0.0000,0,0.0000,0.0000,0,0,0,0,0,0,0,0,0,0,0,0,0,0,0,0,0,0,0,0,0,0,0,0,0
WG_METRICS 1436,256,768,1.0420,0.0075,0.0066,0.9897,0.0228,0.0155,256,768,196608,393216,198658.1562,397316.3125,0.0000,0,0.0000,0.0000,0,0.0000,0,0.0000,0.0000,0,0.0000,0.0000,0,0,0,0,0,0,0,0,0,0,0,0,0,0,0,0,0,0,0,0,0,0,0,0,0
WG_METRICS 1437,256,768,1.0358,0.0074,0.0069,0.9823,0.0228,0.0163,256,768,196608,393216,200146.5938,400293.1875,0.0000,0,0.0000,0.0000,0,0.0000,0,0.0000,0.0000,0,0.0000,0.0000,0,0,0,0,0,0,0,0,0,0,0,0,0,0,0,0,0,0,0,0,0,0,0,0,0
WG_METRICS 1438,256,768,1.0306,0.0078,0.0068,0.9770,0.0231,0.0159,256,768,196608,393216,201236.4375,402472.8750,0.0000,0,0.0000,0.0000,0,0.0000,0,0.0000,0.0000,0,0.0000,0.0000,0,0,0,0,0,0,0,0,0,0,0,0,0,0,0,0,0,0,0,0,0,0,0,0,0
WG_METRICS 1439,256,768,1.0410,0.0074,0.0063,0.9877,0.0233,0.0163,256,768,196608,393216,199052.3594,398104.7188,0.0000,0,0.0000,0.0000,0,0.0000,0,0.0000,0.0000,0,0.0000,0.0000,0,0,0,0,0,0,0,0,0,0,0,0,0,0,0,0,0,0,0,0,0,0,0,0,0
WG_METRICS 1440,256,768,1.0233,0.0080,0.0068,0.9700,0.0230,0.0155,256,768,196608,393216,202688.6562,405377.3125,0.0000,0,0.0000,0.0000,0,0.0000,0,0.0000,0.0000,0,0.0000,0.0000,0,0,0,0,0,0,0,0,0,0,0,0,0,0,0,0,0,0,0,0,0,0,0,0,0
WG_METRICS 1441,256,768,1.0288,0.0074,0.0068,0.9846,0.0143,0.0156,256,768,196608,393216,199675.0000,399350.0000,0.0000,0,0.0000,0.0000,0,0.0000,0,0.0000,0.0000,0,0.0000,0.0000,0,0,0,0,0,0,0,0,0,0,0,0,0,0,0,0,0,0,0,0,0,0,0,0,0
WG_METRICS 1442,256,768,1.0590,0.0076,0.0066,0.9914,0.0378,0.0156,256,768,196608,393216,198321.5000,396643.0000,0.0000,0,0.0000,0.0000,0,0.0000,0,0.0000,0.0000,0,0.0000,0.0000,0,0,0,0,0,0,0,0,0,0,0,0,0,0,0,0,0,0,0,0,0,0,0,0,0
WG_METRICS 1443,256,768,1.0284,0.0075,0.0068,0.9759,0.0226,0.0156,256,768,196608,393216,201467.3906,402934.7812,0.0000,0,0.0000,0.0000,0,0.0000,0,0.0000,0.0000,0,0.0000,0.0000,0,0,0,0,0,0,0,0,0,0,0,0,0,0,0,0,0,0,0,0,0,0,0,0,0
WG_METRICS 1444,256,768,1.0404,0.0074,0.0068,0.9879,0.0228,0.0155,256,768,196608,393216,199020.1250,398040.2500,0.0000,0,0.0000,0.0000,0,0.0000,0,0.0000,0.0000,0,0.0000,0.0000,0,0,0,0,0,0,0,0,0,0,0,0,0,0,0,0,0,0,0,0,0,0,0,0,0
WG_METRICS 1445,256,768,1.0278,0.0075,0.0068,0.9749,0.0230,0.0156,256,768,196608,393216,201665.7812,403331.5625,0.0000,0,0.0000,0.0000,0,0.0000,0,0.0000,0.0000,0,0.0000,0.0000,0,0,0,0,0,0,0,0,0,0,0,0,0,0,0,0,0,0,0,0,0,0,0,0,0
WG_METRICS 1446,256,768,1.0234,0.0077,0.0069,0.9828,0.0104,0.0156,256,768,196608,393216,200056.9844,400113.9688,0.0000,0,0.0000,0.0000,0,0.0000,0,0.0000,0.0000,0,0.0000,0.0000,0,0,0,0,0,0,0,0,0,0,0,0,0,0,0,0,0,0,0,0,0,0,0,0,0
WG_METRICS 1447,256,768,1.0138,0.0074,0.0068,0.9610,0.0229,0.0157,256,768,196608,393216,204595.4062,409190.8125,0.0000,0,0.0000,0.0000,0,0.0000,0,0.0000,0.0000,0,0.0000,0.0000,0,0,0,0,0,0,0,0,0,0,0,0,0,0,0,0,0,0,0,0,0,0,0,0,0
WG_METRICS 1448,256,768,1.0186,0.0076,0.0068,0.9661,0.0229,0.0153,256,768,196608,393216,203502.6719,407005.3438,0.0000,0,0.0000,0.0000,0,0.0000,0,0.0000,0.0000,0,0.0000,0.0000,0,0,0,0,0,0,0,0,0,0,0,0,0,0,0,0,0,0,0,0,0,0,0,0,0
WG_METRICS 1449,256,768,1.0231,0.0075,0.0068,0.9788,0.0142,0.0158,256,768,196608,393216,200858.1562,401716.3125,0.0000,0,0.0000,0.0000,0,0.0000,0,0.0000,0.0000,0,0.0000,0.0000,0,0,0,0,0,0,0,0,0,0,0,0,0,0,0,0,0,0,0,0,0,0,0,0,0
WG_METRICS 1450,256,768,1.0346,0.0074,0.0068,0.9818,0.0228,0.0157,256,768,196608,393216,200244.4375,400488.8750,0.0000,0,0.0000,0.0000,0,0.0000,0,0.0000,0.0000,0,0.0000,0.0000,0,0,0,0,0,0,0,0,0,0,0,0,0,0,0,0,0,0,0,0,0,0,0,0,0
WG_METRICS 1451,256,768,1.0451,0.0075,0.0068,0.9926,0.0227,0.0154,256,768,196608,393216,198073.7344,396147.4688,0.0000,0,0.0000,0.0000,0,0.0000,0,0.0000,0.0000,0,0.0000,0.0000,0,0,0,0,0,0,0,0,0,0,0,0,0,0,0,0,0,0,0,0,0,0,0,0,0
WG_METRICS 1452,256,768,1.0214,0.0076,0.0068,0.9682,0.0229,0.0160,256,768,196608,393216,203073.8750,406147.7500,0.0000,0,0.0000,0.0000,0,0.0000,0,0.0000,0.0000,0,0.0000,0.0000,0,0,0,0,0,0,0,0,0,0,0,0,0,0,0,0,0,0,0,0,0,0,0,0,0
WG_METRICS 1453,256,768,1.0278,0.0074,0.0067,0.9753,0.0230,0.0154,256,768,196608,393216,201583.0781,403166.1562,0.0000,0,0.0000,0.0000,0,0.0000,0,0.0000,0.0000,0,0.0000,0.0000,0,0,0,0,0,0,0,0,0,0,0,0,0,0,0,0,0,0,0,0,0,0,0,0,0
WG_METRICS 1454,256,768,1.0356,0.0074,0.0068,0.9959,0.0097,0.0158,256,768,196608,393216,197421.3750,394842.7500,0.0000,0,0.0000,0.0000,0,0.0000,0,0.0000,0.0000,0,0.0000,0.0000,0,0,0,0,0,0,0,0,0,0,0,0,0,0,0,0,0,0,0,0,0,0,0,0,0
WG_METRICS 1455,256,768,1.0416,0.0078,0.0068,0.9972,0.0137,0.0161,256,768,196608,393216,197152.1406,394304.2812,0.0000,0,0.0000,0.0000,0,0.0000,0,0.0000,0.0000,0,0.0000,0.0000,0,0,0,0,0,0,0,0,0,0,0,0,0,0,0,0,0,0,0,0,0,0,0,0,0
WG_METRICS 1456,256,768,1.0296,0.0074,0.0070,0.9767,0.0228,0.0157,256,768,196608,393216,201294.1250,402588.2500,0.0000,0,0.0000,0.0000,0,0.0000,0,0.0000,0.0000,0,0.0000,0.0000,0,0,0,0,0,0,0,0,0,0,0,0,0,0,0,0,0,0,0,0,0,0,0,0,0
WG_METRICS 1457,256,768,1.0233,0.0075,0.0068,0.9709,0.0226,0.0156,256,768,196608,393216,202504.9531,405009.9062,0.0000,0,0.0000,0.0000,0,0.0000,0,0.0000,0.0000,0,0.0000,0.0000,0,0,0,0,0,0,0,0,0,0,0,0,0,0,0,0,0,0,0,0,0,0,0,0,0
WG_METRICS 1458,256,768,1.0370,0.0074,0.0069,0.9844,0.0228,0.0155,256,768,196608,393216,199723.6875,399447.3750,0.0000,0,0.0000,0.0000,0,0.0000,0,0.0000,0.0000,0,0.0000,0.0000,0,0,0,0,0,0,0,0,0,0,0,0,0,0,0,0,0,0,0,0,0,0,0,0,0
WG_METRICS 1459,256,768,1.0175,0.0074,0.0068,0.9736,0.0142,0.0155,256,768,196608,393216,201947.5000,403895.0000,0.0000,0,0.0000,0.0000,0,0.0000,0,0.0000,0.0000,0,0.0000,0.0000,0,0,0,0,0,0,0,0,0,0,0,0,0,0,0,0,0,0,0,0,0,0,0,0,0
WG_METRICS 1460,256,768,1.0523,0.0074,0.0069,0.9997,0.0228,0.0155,256,768,196608,393216,196663.0625,393326.1250,0.0000,0,0.0000,0.0000,0,0.0000,0,0.0000,0.0000,0,0.0000,0.0000,0,0,0,0,0,0,0,0,0,0,0,0,0,0,0,0,0,0,0,0,0,0,0,0,0
WG_METRICS 1461,256,768,1.0243,0.0074,0.0068,0.9779,0.0164,0.0158,256,768,196608,393216,201055.3438,402110.6875,0.0000,0,0.0000,0.0000,0,0.0000,0,0.0000,0.0000,0,0.0000,0.0000,0,0,0,0,0,0,0,0,0,0,0,0,0,0,0,0,0,0,0,0,0,0,0,0,0
WG_METRICS 1462,256,768,1.0180,0.0091,0.0069,0.9636,0.0229,0.0155,256,768,196608,393216,204043.3438,408086.6875,0.0000,0,0.0000,0.0000,0,0.0000,0,0.0000,0.0000,0,0.0000,0.0000,0,0,0,0,0,0,0,0,0,0,0,0,0,0,0,0,0,0,0,0,0,0,0,0,0
WG_METRICS 1463,256,768,1.0200,0.0074,0.0068,0.9738,0.0165,0.0155,256,768,196608,393216,201897.7188,403795.4375,0.0000,0,0.0000,0.0000,0,0.0000,0,0.0000,0.0000,0,0.0000,0.0000,0,0,0,0,0,0,0,0,0,0,0,0,0,0,0,0,0,0,0,0,0,0,0,0,0
WG_METRICS 1464,256,768,1.0234,0.0075,0.0067,0.9792,0.0144,0.0156,256,768,196608,393216,200792.5156,401585.0312,0.0000,0,0.0000,0.0000,0,0.0000,0,0.0000,0.0000,0,0.0000,0.0000,0,0,0,0,0,0,0,0,0,0,0,0,0,0,0,0,0,0,0,0,0,0,0,0,0
WG_METRICS 1465,256,768,1.0289,0.0098,0.0069,0.9785,0.0182,0.0156,256,768,196608,393216,200932.0625,401864.1250,0.0000,0,0.0000,0.0000,0,0.0000,0,0.0000,0.0000,0,0.0000,0.0000,0,0,0,0,0,0,0,0,0,0,0,0,0,0,0,0,0,0,0,0,0,0,0,0,0
WG_METRICS 1466,256,768,1.0312,0.0075,0.0069,0.9780,0.0225,0.0162,256,768,196608,393216,201022.4531,402044.9062,0.0000,0,0.0000,0.0000,0,0.0000,0,0.0000,0.0000,0,0.0000,0.0000,0,0,0,0,0,0,0,0,0,0,0,0,0,0,0,0,0,0,0,0,0,0,0,0,0
WG_METRICS 1467,256,768,1.0077,0.0075,0.0068,0.9676,0.0100,0.0158,256,768,196608,393216,203183.0000,406366.0000,0.0000,0,0.0000,0.0000,0,0.0000,0,0.0000,0.0000,0,0.0000,0.0000,0,0,0,0,0,0,0,0,0,0,0,0,0,0,0,0,0,0,0,0,0,0,0,0,0
WG_METRICS 1468,256,768,1.0508,0.0074,0.0069,1.0035,0.0164,0.0166,256,768,196608,393216,195918.3594,391836.7188,0.0000,0,0.0000,0.0000,0,0.0000,0,0.0000,0.0000,0,0.0000,0.0000,0,0,0,0,0,0,0,0,0,0,0,0,0,0,0,0,0,0,0,0,0,0,0,0,0
WG_METRICS 1469,256,768,1.0300,0.0075,0.0068,0.9748,0.0226,0.0183,256,768,196608,393216,201682.3281,403364.6562,0.0000,0,0.0000,0.0000,0,0.0000,0,0.0000,0.0000,0,0.0000,0.0000,0,0,0,0,0,0,0,0,0,0,0,0,0,0,0,0,0,0,0,0,0,0,0,0,0
WG_METRICS 1470,256,768,1.0344,0.0076,0.0069,0.9872,0.0165,0.0162,256,768,196608,393216,199157.2031,398314.4062,0.0000,0,0.0000,0.0000,0,0.0000,0,0.0000,0.0000,0,0.0000,0.0000,0,0,0,0,0,0,0,0,0,0,0,0,0,0,0,0,0,0,0,0,0,0,0,0,0
WG_METRICS 1471,256,768,1.0410,0.0074,0.0068,0.9974,0.0139,0.0154,256,768,196608,393216,197112.6094,394225.2188,0.0000,0,0.0000,0.0000,0,0.0000,0,0.0000,0.0000,0,0.0000,0.0000,0,0,0,0,0,0,0,0,0,0,0,0,0,0,0,0,0,0,0,0,0,0,0,0,0
WG_METRICS 1472,256,768,1.0413,0.0080,0.0068,0.9882,0.0229,0.0155,256,768,196608,393216,198963.7344,397927.4688,0.0000,0,0.0000,0.0000,0,0.0000,0,0.0000,0.0000,0,0.0000,0.0000,0,0,0,0,0,0,0,0,0,0,0,0,0,0,0,0,0,0,0,0,0,0,0,0,0
WG_METRICS 1473,256,768,1.0539,0.0076,0.0067,1.0014,0.0227,0.0154,256,768,196608,393216,196325.2812,392650.5625,0.0000,0,0.0000,0.0000,0,0.0000,0,0.0000,0.0000,0,0.0000,0.0000,0,0,0,0,0,0,0,0,0,0,0,0,0,0,0,0,0,0,0,0,0,0,0,0,0
WG_METRICS 1474,256,768,1.0202,0.0074,0.0069,0.9672,0.0230,0.0157,256,768,196608,393216,203275.4375,406550.8750,0.0000,0,0.0000,0.0000,0,0.0000,0,0.0000,0.0000,0,0.0000,0.0000,0,0,0,0,0,0,0,0,0,0,0,0,0,0,0,0,0,0,0,0,0,0,0,0,0
WG_METRICS 1475,256,768,1.0378,0.0074,0.0068,0.9852,0.0228,0.0154,256,768,196608,393216,199553.4062,399106.8125,0.0000,0,0.0000,0.0000,0,0.0000,0,0.0000,0.0000,0,0.0000,0.0000,0,0,0,0,0,0,0,0,0,0,0,0,0,0,0,0,0,0,0,0,0,0,0,0,0
WG_METRICS 1476,256,768,1.0292,0.0074,0.0068,0.9765,0.0229,0.0157,256,768,196608,393216,201343.5938,402687.1875,0.0000,0,0.0000,0.0000,0,0.0000,0,0.0000,0.0000,0,0.0000,0.0000,0,0,0,0,0,0,0,0,0,0,0,0,0,0,0,0,0,0,0,0,0,0,0,0,0
WG_METRICS 1477,256,768,1.1366,0.0076,0.0068,1.0813,0.0234,0.0175,256,768,196608,393216,181828.9375,363657.8750,0.0000,0,0.0000,0.0000,0,0.0000,0,0.0000,0.0000,0,0.0000,0.0000,0,0,0,0,0,0,0,0,0,0,0,0,0,0,0,0,0,0,0,0,0,0,0,0,0
WG_METRICS 1478,256,768,1.2653,0.0078,0.0068,1.2079,0.0234,0.0194,256,768,196608,393216,162765.7500,325531.5000,0.0000,0,0.0000,0.0000,0,0.0000,0,0.0000,0.0000,0,0.0000,0.0000,0,0,0,0,0,0,0,0,0,0,0,0,0,0,0,0,0,0,0,0,0,0,0,0,0
WG_METRICS 1479,256,768,1.3030,0.0079,0.0069,1.2618,0.0071,0.0193,256,768,196608,393216,155820.4375,311640.8750,0.0000,0,0.0000,0.0000,0,0.0000,0,0.0000,0.0000,0,0.0000,0.0000,0,0,0,0,0,0,0,0,0,0,0,0,0,0,0,0,0,0,0,0,0,0,0,0,0
WG_METRICS 1480,256,768,1.2402,0.0080,0.0069,1.1832,0.0237,0.0183,256,768,196608,393216,166166.3281,332332.6562,0.0000,0,0.0000,0.0000,0,0.0000,0,0.0000,0.0000,0,0.0000,0.0000,0,0,0,0,0,0,0,0,0,0,0,0,0,0,0,0,0,0,0,0,0,0,0,0,0
WG_METRICS 1481,256,768,1.0793,0.0076,0.0069,1.0252,0.0230,0.0166,256,768,196608,393216,191775.2656,383550.5312,0.0000,0,0.0000,0.0000,0,0.0000,0,0.0000,0.0000,0,0.0000,0.0000,0,0,0,0,0,0,0,0,0,0,0,0,0,0,0,0,0,0,0,0,0,0,0,0,0
WG_METRICS 1482,256,768,1.0216,0.0075,0.0068,0.9721,0.0198,0.0155,256,768,196608,393216,202254.9531,404509.9062,0.0000,0,0.0000,0.0000,0,0.0000,0,0.0000,0.0000,0,0.0000,0.0000,0,0,0,0,0,0,0,0,0,0,0,0,0,0,0,0,0,0,0,0,0,0,0,0,0
WG_METRICS 1483,256,768,1.0246,0.0074,0.0068,0.9847,0.0096,0.0160,256,768,196608,393216,199666.8906,399333.7812,0.0000,0,0.0000,0.0000,0,0.0000,0,0.0000,0.0000,0,0.0000,0.0000,0,0,0,0,0,0,0,0,0,0,0,0,0,0,0,0,0,0,0,0,0,0,0,0,0
WG_METRICS 1484,256,768,1.0095,0.0075,0.0068,0.9656,0.0139,0.0157,256,768,196608,393216,203603.8281,407207.6562,0.0000,0,0.0000,0.0000,0,0.0000,0,0.0000,0.0000,0,0.0000,0.0000,0,0,0,0,0,0,0,0,0,0,0,0,0,0,0,0,0,0,0,0,0,0,0,0,0
WG_METRICS 1485,256,768,1.0229,0.0074,0.0068,0.9789,0.0142,0.0155,256,768,196608,393216,200841.7500,401683.5000,0.0000,0,0.0000,0.0000,0,0.0000,0,0.0000,0.0000,0,0.0000,0.0000,0,0,0,0,0,0,0,0,0,0,0,0,0,0,0,0,0,0,0,0,0,0,0,0,0
WG_METRICS 1486,256,768,1.0116,0.0074,0.0068,0.9677,0.0140,0.0157,256,768,196608,393216,203166.2188,406332.4375,0.0000,0,0.0000,0.0000,0,0.0000,0,0.0000,0.0000,0,0.0000,0.0000,0,0,0,0,0,0,0,0,0,0,0,0,0,0,0,0,0,0,0,0,0,0,0,0,0
WG_METRICS 1487,256,768,1.0231,0.0074,0.0068,0.9762,0.0166,0.0160,256,768,196608,393216,201393.1094,402786.2188,0.0000,0,0.0000,0.0000,0,0.0000,0,0.0000,0.0000,0,0.0000,0.0000,0,0,0,0,0,0,0,0,0,0,0,0,0,0,0,0,0,0,0,0,0,0,0,0,0
WG_METRICS 1488,256,768,1.0075,0.0074,0.0069,0.9656,0.0121,0.0155,256,768,196608,393216,203612.2656,407224.5312,0.0000,0,0.0000,0.0000,0,0.0000,0,0.0000,0.0000,0,0.0000,0.0000,0,0,0,0,0,0,0,0,0,0,0,0,0,0,0,0,0,0,0,0,0,0,0,0,0
WG_METRICS 1489,256,768,1.0348,0.0074,0.0068,0.9887,0.0164,0.0155,256,768,196608,393216,198851.0469,397702.0938,0.0000,0,0.0000,0.0000,0,0.0000,0,0.0000,0.0000,0,0.0000,0.0000,0,0,0,0,0,0,0,0,0,0,0,0,0,0,0,0,0,0,0,0,0,0,0,0,0
WG_METRICS 1490,256,768,1.0323,0.0075,0.0067,0.9894,0.0128,0.0159,256,768,196608,393216,198706.3281,397412.6562,0.0000,0,0.0000,0.0000,0,0.0000,0,0.0000,0.0000,0,0.0000,0.0000,0,0,0,0,0,0,0,0,0,0,0,0,0,0,0,0,0,0,0,0,0,0,0,0,0
WG_METRICS 1491,256,768,1.0362,0.0076,0.0069,0.9888,0.0165,0.0163,256,768,196608,393216,198834.9531,397669.9062,0.0000,0,0.0000,0.0000,0,0.0000,0,0.0000,0.0000,0,0.0000,0.0000,0,0,0,0,0,0,0,0,0,0,0,0,0,0,0,0,0,0,0,0,0,0,0,0,0
WG_METRICS 1492,256,768,1.0779,0.0074,0.0068,1.0328,0.0142,0.0167,256,768,196608,393216,190371.4219,380742.8438,0.0000,0,0.0000,0.0000,0,0.0000,0,0.0000,0.0000,0,0.0000,0.0000,0,0,0,0,0,0,0,0,0,0,0,0,0,0,0,0,0,0,0,0,0,0,0,0,0
WG_METRICS 1493,256,768,1.2206,0.0078,0.0067,1.1638,0.0235,0.0188,256,768,196608,393216,168936.2500,337872.5000,0.0000,0,0.0000,0.0000,0,0.0000,0,0.0000,0.0000,0,0.0000,0.0000,0,0,0,0,0,0,0,0,0,0,0,0,0,0,0,0,0,0,0,0,0,0,0,0,0
WG_METRICS 1494,256,768,1.3510,0.0079,0.0069,1.3072,0.0082,0.0209,256,768,196608,393216,150399.3125,300798.6250,0.0000,0,0.0000,0.0000,0,0.0000,0,0.0000,0.0000,0,0.0000,0.0000,0,0,0,0,0,0,0,0,0,0,0,0,0,0,0,0,0,0,0,0,0,0,0,0,0
WG_METRICS 1495,256,768,1.4446,0.0080,0.0046,1.3991,0.0110,0.0218,256,768,196608,393216,140522.6094,281045.2188,0.0000,0,0.0000,0.0000,0,0.0000,0,0.0000,0.0000,0,0.0000,0.0000,0,0,0,0,0,0,0,0,0,0,0,0,0,0,0,0,0,0,0,0,0,0,0,0,0
WG_METRICS 1496,256,768,1.3291,0.0080,0.0069,1.2791,0.0146,0.0206,256,768,196608,393216,153710.4688,307420.9375,0.0000,0,0.0000,0.0000,0,0.0000,0,0.0000,0.0000,0,0.0000,0.0000,0,0,0,0,0,0,0,0,0,0,0,0,0,0,0,0,0,0,0,0,0,0,0,0,0
WG_METRICS 1497,256,768,1.1499,0.0076,0.0069,1.0942,0.0246,0.0166,256,768,196608,393216,179675.4062,359350.8125,0.0000,0,0.0000,0.0000,0,0.0000,0,0.0000,0.0000,0,0.0000,0.0000,0,0,0,0,0,0,0,0,0,0,0,0,0,0,0,0,0,0,0,0,0,0,0,0,0
WG_METRICS 1498,256,768,1.3292,0.0078,0.0068,1.2702,0.0240,0.0204,256,768,196608,393216,154789.9531,309579.9062,0.0000,0,0.0000,0.0000,0,0.0000,0,0.0000,0.0000,0,0.0000,0.0000,0,0,0,0,0,0,0,0,0,0,0,0,0,0,0,0,0,0,0,0,0,0,0,0,0
WG_METRICS 1499,256,768,1.7961,0.0084,0.0070,1.7276,0.0249,0.0282,256,768,196608,393216,113804.1250,227608.2500,0.0000,0,0.0000,0.0000,0,0.0000,0,0.0000,0.0000,0,0.0000,0.0000,0,0,0,0,0,0,0,0,0,0,0,0,0,0,0,0,0,0,0,0,0,0,0,0,0
WG_METRICS 1500,256,768,1.9060,0.0087,0.0070,1.8447,0.0166,0.0290,256,768,196608,393216,106581.0938,213162.1875,0.0000,0,0.0000,0.0000,0,0.0000,0,0.0000,0.0000,0,0.0000,0.0000,0,0,0,0,0,0,0,0,0,0,0,0,0,0,0,0,0,0,0,0,0,0,0,0,0
WG_METRICS 1501,256,768,1.9355,0.0090,0.0070,1.8626,0.0256,0.0313,256,768,196608,393216,105555.6797,211111.3594,0.0000,0,0.0000,0.0000,0,0.0000,0,0.0000,0.0000,0,0.0000,0.0000,0,0,0,0,0,0,0,0,0,0,0,0,0,0,0,0,0,0,0,0,0,0,0,0,0
WG_METRICS 1502,256,768,1.9316,0.0087,0.0070,1.8701,0.0164,0.0294,256,768,196608,393216,105131.2188,210262.4375,0.0000,0,0.0000,0.0000,0,0.0000,0,0.0000,0.0000,0,0.0000,0.0000,0,0,0,0,0,0,0,0,0,0,0,0,0,0,0,0,0,0,0,0,0,0,0,0,0
WG_METRICS 1503,256,768,1.4444,0.0081,0.0068,1.3824,0.0239,0.0232,256,768,196608,393216,142222.2188,284444.4375,0.0000,0,0.0000,0.0000,0,0.0000,0,0.0000,0.0000,0,0.0000,0.0000,0,0,0,0,0,0,0,0,0,0,0,0,0,0,0,0,0,0,0,0,0,0,0,0,0
WG_METRICS 1504,256,768,1.1958,0.0077,0.0069,1.1399,0.0233,0.0180,256,768,196608,393216,172475.2656,344950.5312,0.0000,0,0.0000,0.0000,0,0.0000,0,0.0000,0.0000,0,0.0000,0.0000,0,0,0,0,0,0,0,0,0,0,0,0,0,0,0,0,0,0,0,0,0,0,0,0,0
WG_METRICS 1505,256,768,1.0718,0.0075,0.0068,1.0269,0.0144,0.0162,256,768,196608,393216,191461.5156,382923.0312,0.0000,0,0.0000,0.0000,0,0.0000,0,0.0000,0.0000,0,0.0000,0.0000,0,0,0,0,0,0,0,0,0,0,0,0,0,0,0,0,0,0,0,0,0,0,0,0,0
WG_METRICS 1506,256,768,1.0220,0.0075,0.0068,0.9777,0.0141,0.0158,256,768,196608,393216,201088.2344,402176.4688,0.0000,0,0.0000,0.0000,0,0.0000,0,0.0000,0.0000,0,0.0000,0.0000,0,0,0,0,0,0,0,0,0,0,0,0,0,0,0,0,0,0,0,0,0,0,0,0,0
WG_METRICS 1507,256,768,1.0253,0.0074,0.0069,0.9725,0.0228,0.0157,256,768,196608,393216,202163.4531,404326.9062,0.0000,0,0.0000,0.0000,0,0.0000,0,0.0000,0.0000,0,0.0000,0.0000,0,0,0,0,0,0,0,0,0,0,0,0,0,0,0,0,0,0,0,0,0,0,0,0,0
WG_METRICS 1508,256,768,1.0174,0.0074,0.0066,0.9780,0.0096,0.0158,256,768,196608,393216,201030.6719,402061.3438,0.0000,0,0.0000,0.0000,0,0.0000,0,0.0000,0.0000,0,0.0000,0.0000,0,0,0,0,0,0,0,0,0,0,0,0,0,0,0,0,0,0,0,0,0,0,0,0,0
WG_METRICS 1509,256,768,1.0376,0.0077,0.0068,0.9929,0.0144,0.0159,256,768,196608,393216,198009.9062,396019.8125,0.0000,0,0.0000,0.0000,0,0.0000,0,0.0000,0.0000,0,0.0000,0.0000,0,0,0,0,0,0,0,0,0,0,0,0,0,0,0,0,0,0,0,0,0,0,0,0,0
WG_METRICS 1510,256,768,1.0463,0.0075,0.0068,1.0110,0.0051,0.0158,256,768,196608,393216,194476.5469,388953.0938,0.0000,0,0.0000,0.0000,0,0.0000,0,0.0000,0.0000,0,0.0000,0.0000,0,0,0,0,0,0,0,0,0,0,0,0,0,0,0,0,0,0,0,0,0,0,0,0,0
WG_METRICS 1511,256,768,1.1687,0.0076,0.0069,1.1130,0.0232,0.0180,256,768,196608,393216,176653.2500,353306.5000,0.0000,0,0.0000,0.0000,0,0.0000,0,0.0000,0.0000,0,0.0000,0.0000,0,0,0,0,0,0,0,0,0,0,0,0,0,0,0,0,0,0,0,0,0,0,0,0,0
WG_METRICS 1512,256,768,1.5989,0.0082,0.0069,1.5343,0.0244,0.0250,256,768,196608,393216,128140.1562,256280.3125,0.0000,0,0.0000,0.0000,0,0.0000,0,0.0000,0.0000,0,0.0000,0.0000,0,0,0,0,0,0,0,0,0,0,0,0,0,0,0,0,0,0,0,0,0,0,0,0,0
WG_METRICS 1513,256,768,1.9340,0.0086,0.0070,1.8722,0.0165,0.0296,256,768,196608,393216,105014.4219,210028.8438,0.0000,0,0.0000,0.0000,0,0.0000,0,0.0000,0.0000,0,0.0000,0.0000,0,0,0,0,0,0,0,0,0,0,0,0,0,0,0,0,0,0,0,0,0,0,0,0,0
WG_METRICS 1514,256,768,1.7774,0.0086,0.0070,1.7092,0.0246,0.0279,256,768,196608,393216,115029.2500,230058.5000,0.0000,0,0.0000,0.0000,0,0.0000,0,0.0000,0.0000,0,0.0000,0.0000,0,0,0,0,0,0,0,0,0,0,0,0,0,0,0,0,0,0,0,0,0,0,0,0,0
WG_METRICS 1515,256,768,1.4351,0.0081,0.0069,1.3748,0.0242,0.0210,256,768,196608,393216,143008.4375,286016.8750,0.0000,0,0.0000,0.0000,0,0.0000,0,0.0000,0.0000,0,0.0000,0.0000,0,0,0,0,0,0,0,0,0,0,0,0,0,0,0,0,0,0,0,0,0,0,0,0,0
WG_METRICS 1516,256,768,2.3738,0.0076,0.0068,1.1076,0.0675,1.1842,256,768,196608,393216,177501.7031,355003.4062,0.0000,0,0.0000,0.0000,0,0.0000,0,0.0000,0.0000,0,0.0000,0.0000,0,0,0,0,0,0,0,0,0,0,0,0,0,0,0,0,0,0,0,0,0,0,0,0,0
WG_METRICS 1517,256,768,1.1736,0.0077,0.0068,1.1183,0.0231,0.0177,256,768,196608,393216,175806.5625,351613.1250,0.0000,0,0.0000,0.0000,0,0.0000,0,0.0000,0.0000,0,0.0000,0.0000,0,0,0,0,0,0,0,0,0,0,0,0,0,0,0,0,0,0,0,0,0,0,0,0,0
WG_METRICS 1518,256,768,1.1846,0.0081,0.0126,1.1411,0.0052,0.0175,256,768,196608,393216,172299.9219,344599.8438,0.0000,0,0.0000,0.0000,0,0.0000,0,0.0000,0.0000,0,0.0000,0.0000,0,0,0,0,0,0,0,0,0,0,0,0,0,0,0,0,0,0,0,0,0,0,0,0,0
