WG_METRICS_HEADER frame,q1_shards,q1_shard_capacity,gpu_frame_ms,reset_ms,reset_barrier_ms,compute_ms,metrics_copy_ms,render_ms,q2_shards,q2_shard_capacity,edges,vertices,edges_per_ms,vertices_per_ms,q1_deq_attempt_mean,q1_deq_attempt_max,q1_deq_attempt_imbalance,q1_deq_cas_fail_mean,q1_deq_cas_fail_max,q1_deq_probe_mean,q1_deq_probe_max,q1_deq_probe_imbalance,q1_enq_attempt_mean,q1_enq_attempt_max,q1_enq_attempt_imbalance,q1_high_water_mean,q1_high_water_max,q1_enq_ok,q1_enq_cas_fail,q1_enq_full,q1_deq_ok,q1_deq_cas_fail,q1_deq_empty,q1_ready_cas_fail,q1_ready_max_spin,q1_high_water,q2_enq_ok,q2_enq_cas_fail,q2_enq_full,q2_deq_ok,q2_deq_cas_fail,q2_deq_empty,q2_ready_cas_fail,q2_ready_max_spin,q2_high_water,node_a_seed,node_b_tasks,node_b_subdivide,node_b_final,node_c_output,stop_writes
WG_METRICS 1,256,768,1.9808,0.0123,0.0076,1.9064,0.0160,0.0384,256,768,196608,393216,103128.3438,206256.6875,0.0000,0,0.0000,0.0000,0,0.0000,0,0.0000,0.0000,0,0.0000,0.0000,0,0,0,0,0,0,0,0,0,0,0,0,0,0,0,0,0,0,0,0,0,0,0,0,0
WG_METRICS 2,256,768,1.9191,0.0093,0.0072,1.8604,0.0113,0.0310,256,768,196608,393216,105682.7734,211365.5469,0.0000,0,0.0000,0.0000,0,0.0000,0,0.0000,0.0000,0,0.0000,0.0000,0,0,0,0,0,0,0,0,0,0,0,0,0,0,0,0,0,0,0,0,0,0,0,0,0
WG_METRICS 3,256,768,1.8991,0.0095,0.0070,1.8339,0.0186,0.0301,256,768,196608,393216,107208.7656,214417.5312,0.0000,0,0.0000,0.0000,0,0.0000,0,0.0000,0.0000,0,0.0000,0.0000,0,0,0,0,0,0,0,0,0,0,0,0,0,0,0,0,0,0,0,0,0,0,0,0,0
WG_METRICS 4,256,768,1.8825,0.0086,0.0070,1.8218,0.0167,0.0283,256,768,196608,393216,107922.0078,215844.0156,0.0000,0,0.0000,0.0000,0,0.0000,0,0.0000,0.0000,0,0.0000,0.0000,0,0,0,0,0,0,0,0,0,0,0,0,0,0,0,0,0,0,0,0,0,0,0,0,0
WG_METRICS 5,256,768,1.9015,0.0099,0.0077,1.8198,0.0261,0.0380,256,768,196608,393216,108035.8750,216071.7500,0.0000,0,0.0000,0.0000,0,0.0000,0,0.0000,0.0000,0,0.0000,0.0000,0,0,0,0,0,0,0,0,0,0,0,0,0,0,0,0,0,0,0,0,0,0,0,0,0
WG_METRICS 6,256,768,1.8957,0.0092,0.0076,1.8154,0.0263,0.0372,256,768,196608,393216,108300.1016,216600.2031,0.0000,0,0.0000,0.0000,0,0.0000,0,0.0000,0.0000,0,0.0000,0.0000,0,0,0,0,0,0,0,0,0,0,0,0,0,0,0,0,0,0,0,0,0,0,0,0,0
WG_METRICS 7,256,768,1.9142,0.0099,0.0100,1.8339,0.0184,0.0420,256,768,196608,393216,107208.7656,214417.5312,0.0000,0,0.0000,0.0000,0,0.0000,0,0.0000,0.0000,0,0.0000,0.0000,0,0,0,0,0,0,0,0,0,0,0,0,0,0,0,0,0,0,0,0,0,0,0,0,0
WG_METRICS 8,256,768,1.8942,0.0091,0.0076,1.8234,0.0255,0.0286,256,768,196608,393216,107827.3125,215654.6250,0.0000,0,0.0000,0.0000,0,0.0000,0,0.0000,0.0000,0,0.0000,0.0000,0,0,0,0,0,0,0,0,0,0,0,0,0,0,0,0,0,0,0,0,0,0,0,0,0
WG_METRICS 9,256,768,1.9066,0.0087,0.0071,1.8374,0.0252,0.0282,256,768,196608,393216,107003.3750,214006.7500,0.0000,0,0.0000,0.0000,0,0.0000,0,0.0000,0.0000,0,0.0000,0.0000,0,0,0,0,0,0,0,0,0,0,0,0,0,0,0,0,0,0,0,0,0,0,0,0,0
WG_METRICS 10,256,768,1.2431,0.0086,0.0070,1.1874,0.0231,0.0169,256,768,196608,393216,165578.5781,331157.1562,0.0000,0,0.0000,0.0000,0,0.0000,0,0.0000,0.0000,0,0.0000,0.0000,0,0,0,0,0,0,0,0,0,0,0,0,0,0,0,0,0,0,0,0,0,0,0,0,0
WG_METRICS 11,256,768,1.0646,0.0075,0.0068,1.0108,0.0230,0.0163,256,768,196608,393216,194499.6094,388999.2188,0.0000,0,0.0000,0.0000,0,0.0000,0,0.0000,0.0000,0,0.0000,0.0000,0,0,0,0,0,0,0,0,0,0,0,0,0,0,0,0,0,0,0,0,0,0,0,0,0
WG_METRICS 12,256,768,1.0297,0.0073,0.0066,0.9772,0.0231,0.0155,256,768,196608,393216,201203.5000,402407.0000,0.0000,0,0.0000,0.0000,0,0.0000,0,0.0000,0.0000,0,0.0000,0.0000,0,0,0,0,0,0,0,0,0,0,0,0,0,0,0,0,0,0,0,0,0,0,0,0,0
WG_METRICS 13,256,768,1.1060,0.0074,0.0069,0.9933,0.0510,0.0473,256,768,196608,393216,197938.1406,395876.2812,0.0000,0,0.0000,0.0000,0,0.0000,0,0.0000,0.0000,0,0.0000,0.0000,0,0,0,0,0,0,0,0,0,0,0,0,0,0,0,0,0,0,0,0,0,0,0,0,0
WG_METRICS 14,256,768,1.1231,0.0075,0.0148,1.0588,0.0228,0.0192,256,768,196608,393216,185696.4688,371392.9375,0.0000,0,0.0000,0.0000,0,0.0000,0,0.0000,0.0000,0,0.0000,0.0000,0,0,0,0,0,0,0,0,0,0,0,0,0,0,0,0,0,0,0,0,0,0,0,0,0
WG_METRICS 15,256,768,1.0582,0.0077,0.0068,1.0043,0.0232,0.0162,256,768,196608,393216,195762.2969,391524.5938,0.0000,0,0.0000,0.0000,0,0.0000,0,0.0000,0.0000,0,0.0000,0.0000,0,0,0,0,0,0,0,0,0,0,0,0,0,0,0,0,0,0,0,0,0,0,0,0,0
WG_METRICS 16,256,768,1.0205,0.0074,0.0069,0.9765,0.0142,0.0155,256,768,196608,393216,201335.3594,402670.7188,0.0000,0,0.0000,0.0000,0,0.0000,0,0.0000,0.0000,0,0.0000,0.0000,0,0,0,0,0,0,0,0,0,0,0,0,0,0,0,0,0,0,0,0,0,0,0,0,0
WG_METRICS 17,256,768,1.0197,0.0074,0.0068,0.9674,0.0226,0.0155,256,768,196608,393216,203233.4062,406466.8125,0.0000,0,0.0000,0.0000,0,0.0000,0,0.0000,0.0000,0,0.0000,0.0000,0,0,0,0,0,0,0,0,0,0,0,0,0,0,0,0,0,0,0,0,0,0,0,0,0
WG_METRICS 18,256,768,1.0335,0.0074,0.0068,0.9805,0.0226,0.0162,256,768,196608,393216,200522.1875,401044.3750,0.0000,0,0.0000,0.0000,0,0.0000,0,0.0000,0.0000,0,0.0000,0.0000,0,0,0,0,0,0,0,0,0,0,0,0,0,0,0,0,0,0,0,0,0,0,0,0,0
WG_METRICS 19,256,768,1.9828,0.0087,0.0069,1.9041,0.0255,0.0375,256,768,196608,393216,103254.0000,206508.0000,0.0000,0,0.0000,0.0000,0,0.0000,0,0.0000,0.0000,0,0.0000,0.0000,0,0,0,0,0,0,0,0,0,0,0,0,0,0,0,0,0,0,0,0,0,0,0,0,0
WG_METRICS 20,256,768,1.9255,0.0092,0.0076,1.8470,0.0262,0.0356,256,768,196608,393216,106447.2109,212894.4219,0.0000,0,0.0000,0.0000,0,0.0000,0,0.0000,0.0000,0,0.0000,0.0000,0,0,0,0,0,0,0,0,0,0,0,0,0,0,0,0,0,0,0,0,0,0,0,0,0
WG_METRICS 21,256,768,1.9492,0.0088,0.0070,1.8795,0.0250,0.0289,256,768,196608,393216,104607.6562,209215.3125,0.0000,0,0.0000,0.0000,0,0.0000,0,0.0000,0.0000,0,0.0000,0.0000,0,0,0,0,0,0,0,0,0,0,0,0,0,0,0,0,0,0,0,0,0,0,0,0,0
WG_METRICS 22,256,768,1.9487,0.0088,0.0070,1.8787,0.0255,0.0287,256,768,196608,393216,104652.2031,209304.4062,0.0000,0,0.0000,0.0000,0,0.0000,0,0.0000,0.0000,0,0.0000,0.0000,0,0,0,0,0,0,0,0,0,0,0,0,0,0,0,0,0,0,0,0,0,0,0,0,0
WG_METRICS 23,256,768,1.9664,0.0087,0.0070,1.9042,0.0166,0.0299,256,768,196608,393216,103251.8281,206503.6562,0.0000,0,0.0000,0.0000,0,0.0000,0,0.0000,0.0000,0,0.0000,0.0000,0,0,0,0,0,0,0,0,0,0,0,0,0,0,0,0,0,0,0,0,0,0,0,0,0
WG_METRICS 24,256,768,1.4584,0.0101,0.0071,1.3952,0.0240,0.0219,256,768,196608,393216,140917.4375,281834.8750,0.0000,0,0.0000,0.0000,0,0.0000,0,0.0000,0.0000,0,0.0000,0.0000,0,0,0,0,0,0,0,0,0,0,0,0,0,0,0,0,0,0,0,0,0,0,0,0,0
WG_METRICS 25,256,768,1.0872,0.0076,0.0068,1.0423,0.0142,0.0164,256,768,196608,393216,188625.3750,377250.7500,0.0000,0,0.0000,0.0000,0,0.0000,0,0.0000,0.0000,0,0.0000,0.0000,0,0,0,0,0,0,0,0,0,0,0,0,0,0,0,0,0,0,0,0,0,0,0,0,0
WG_METRICS 26,256,768,1.0305,0.0074,0.0069,0.9776,0.0230,0.0156,256,768,196608,393216,201104.7031,402209.4062,0.0000,0,0.0000,0.0000,0,0.0000,0,0.0000,0.0000,0,0.0000,0.0000,0,0,0,0,0,0,0,0,0,0,0,0,0,0,0,0,0,0,0,0,0,0,0,0,0
WG_METRICS 27,256,768,1.0193,0.0074,0.0068,0.9795,0.0097,0.0158,256,768,196608,393216,200718.7188,401437.4375,0.0000,0,0.0000,0.0000,0,0.0000,0,0.0000,0.0000,0,0.0000,0.0000,0,0,0,0,0,0,0,0,0,0,0,0,0,0,0,0,0,0,0,0,0,0,0,0,0
WG_METRICS 28,256,768,1.0502,0.0074,0.0068,1.0063,0.0142,0.0155,256,768,196608,393216,195381.0156,390762.0312,0.0000,0,0.0000,0.0000,0,0.0000,0,0.0000,0.0000,0,0.0000,0.0000,0,0,0,0,0,0,0,0,0,0,0,0,0,0,0,0,0,0,0,0,0,0,0,0,0
WG_METRICS 29,256,768,1.0187,0.0074,0.0068,0.9746,0.0145,0.0155,256,768,196608,393216,201740.2656,403480.5312,0.0000,0,0.0000,0.0000,0,0.0000,0,0.0000,0.0000,0,0.0000,0.0000,0,0,0,0,0,0,0,0,0,0,0,0,0,0,0,0,0,0,0,0,0,0,0,0,0
WG_METRICS 30,256,768,1.0205,0.0074,0.0069,0.9736,0.0165,0.0162,256,768,196608,393216,201939.2031,403878.4062,0.0000,0,0.0000,0.0000,0,0.0000,0,0.0000,0.0000,0,0.0000,0.0000,0,0,0,0,0,0,0,0,0,0,0,0,0,0,0,0,0,0,0,0,0,0,0,0,0
WG_METRICS 31,256,768,1.0117,0.0074,0.0068,0.9708,0.0077,0.0189,256,768,196608,393216,202513.2969,405026.5938,0.0000,0,0.0000,0.0000,0,0.0000,0,0.0000,0.0000,0,0.0000,0.0000,0,0,0,0,0,0,0,0,0,0,0,0,0,0,0,0,0,0,0,0,0,0,0,0,0
WG_METRICS 32,256,768,1.0120,0.0076,0.0068,0.9680,0.0143,0.0155,256,768,196608,393216,203115.8281,406231.6562,0.0000,0,0.0000,0.0000,0,0.0000,0,0.0000,0.0000,0,0.0000,0.0000,0,0,0,0,0,0,0,0,0,0,0,0,0,0,0,0,0,0,0,0,0,0,0,0,0
WG_METRICS 33,256,768,1.0252,0.0076,0.0068,0.9778,0.0165,0.0165,256,768,196608,393216,201063.5625,402127.1250,0.0000,0,0.0000,0.0000,0,0.0000,0,0.0000,0.0000,0,0.0000,0.0000,0,0,0,0,0,0,0,0,0,0,0,0,0,0,0,0,0,0,0,0,0,0,0,0,0
WG_METRICS 34,256,768,1.0346,0.0074,0.0068,0.9822,0.0228,0.0154,256,768,196608,393216,200171.0469,400342.0938,0.0000,0,0.0000,0.0000,0,0.0000,0,0.0000,0.0000,0,0.0000,0.0000,0,0,0,0,0,0,0,0,0,0,0,0,0,0,0,0,0,0,0,0,0,0,0,0,0
WG_METRICS 35,256,768,1.0395,0.0075,0.0068,0.9870,0.0227,0.0155,256,768,196608,393216,199189.5000,398379.0000,0.0000,0,0.0000,0.0000,0,0.0000,0,0.0000,0.0000,0,0.0000,0.0000,0,0,0,0,0,0,0,0,0,0,0,0,0,0,0,0,0,0,0,0,0,0,0,0,0
WG_METRICS 36,256,768,1.0553,0.0074,0.0068,1.0024,0.0231,0.0155,256,768,196608,393216,196129.4531,392258.9062,0.0000,0,0.0000,0.0000,0,0.0000,0,0.0000,0.0000,0,0.0000,0.0000,0,0,0,0,0,0,0,0,0,0,0,0,0,0,0,0,0,0,0,0,0,0,0,0,0
WG_METRICS 37,256,768,1.0124,0.0104,0.0068,0.9644,0.0146,0.0161,256,768,196608,393216,203857.1562,407714.3125,0.0000,0,0.0000,0.0000,0,0.0000,0,0.0000,0.0000,0,0.0000,0.0000,0,0,0,0,0,0,0,0,0,0,0,0,0,0,0,0,0,0,0,0,0,0,0,0,0
WG_METRICS 38,256,768,2.0329,0.0077,0.0069,1.1116,0.0417,0.8651,256,768,196608,393216,176875.7500,353751.5000,0.0000,0,0.0000,0.0000,0,0.0000,0,0.0000,0.0000,0,0.0000,0.0000,0,0,0,0,0,0,0,0,0,0,0,0,0,0,0,0,0,0,0,0,0,0,0,0,0
WG_METRICS 39,256,768,2.5468,0.0077,0.0069,1.2048,0.0493,1.2781,256,768,196608,393216,163181.8438,326363.6875,0.0000,0,0.0000,0.0000,0,0.0000,0,0.0000,0.0000,0,0.0000,0.0000,0,0,0,0,0,0,0,0,0,0,0,0,0,0,0,0,0,0,0,0,0,0,0,0,0
WG_METRICS 40,256,768,1.3102,0.0077,0.0070,1.2336,0.0426,0.0193,256,768,196608,393216,159377.4219,318754.8438,0.0000,0,0.0000,0.0000,0,0.0000,0,0.0000,0.0000,0,0.0000,0.0000,0,0,0,0,0,0,0,0,0,0,0,0,0,0,0,0,0,0,0,0,0,0,0,0,0
WG_METRICS 41,256,768,1.9212,0.0089,0.0070,1.8511,0.0253,0.0289,256,768,196608,393216,106212.5938,212425.1875,0.0000,0,0.0000,0.0000,0,0.0000,0,0.0000,0.0000,0,0.0000,0.0000,0,0,0,0,0,0,0,0,0,0,0,0,0,0,0,0,0,0,0,0,0,0,0,0,0
WG_METRICS 42,256,768,1.9205,0.0088,0.0070,1.8568,0.0168,0.0311,256,768,196608,393216,105883.1094,211766.2188,0.0000,0,0.0000,0.0000,0,0.0000,0,0.0000,0.0000,0,0.0000,0.0000,0,0,0,0,0,0,0,0,0,0,0,0,0,0,0,0,0,0,0,0,0,0,0,0,0
WG_METRICS 43,256,768,1.9212,0.0090,0.0071,1.8588,0.0169,0.0294,256,768,196608,393216,105771.4609,211542.9219,0.0000,0,0.0000,0.0000,0,0.0000,0,0.0000,0.0000,0,0.0000,0.0000,0,0,0,0,0,0,0,0,0,0,0,0,0,0,0,0,0,0,0,0,0,0,0,0,0
WG_METRICS 44,256,768,1.5412,0.0082,0.0070,1.4799,0.0237,0.0224,256,768,196608,393216,132854.0156,265708.0312,0.0000,0,0.0000,0.0000,0,0.0000,0,0.0000,0.0000,0,0.0000,0.0000,0,0,0,0,0,0,0,0,0,0,0,0,0,0,0,0,0,0,0,0,0,0,0,0,0
WG_METRICS 45,256,768,2.7259,0.0078,0.0069,1.2008,0.0536,1.4568,256,768,196608,393216,163730.8594,327461.7188,0.0000,0,0.0000,0.0000,0,0.0000,0,0.0000,0.0000,0,0.0000,0.0000,0,0,0,0,0,0,0,0,0,0,0,0,0,0,0,0,0,0,0,0,0,0,0,0,0
WG_METRICS 46,256,768,1.0435,0.0099,0.0068,0.9924,0.0185,0.0159,256,768,196608,393216,198105.6875,396211.3750,0.0000,0,0.0000,0.0000,0,0.0000,0,0.0000,0.0000,0,0.0000,0.0000,0,0,0,0,0,0,0,0,0,0,0,0,0,0,0,0,0,0,0,0,0,0,0,0,0
WG_METRICS 47,256,768,1.0197,0.0074,0.0068,0.9671,0.0229,0.0154,256,768,196608,393216,203300.6562,406601.3125,0.0000,0,0.0000,0.0000,0,0.0000,0,0.0000,0.0000,0,0.0000,0.0000,0,0,0,0,0,0,0,0,0,0,0,0,0,0,0,0,0,0,0,0,0,0,0,0,0
WG_METRICS 48,256,768,1.0260,0.0074,0.0069,0.9732,0.0226,0.0160,256,768,196608,393216,202030.5000,404061.0000,0.0000,0,0.0000,0.0000,0,0.0000,0,0.0000,0.0000,0,0.0000,0.0000,0,0,0,0,0,0,0,0,0,0,0,0,0,0,0,0,0,0,0,0,0,0,0,0,0
WG_METRICS 49,256,768,1.0520,0.0074,0.0069,0.9992,0.0227,0.0158,256,768,196608,393216,196765.4219,393530.8438,0.0000,0,0.0000,0.0000,0,0.0000,0,0.0000,0.0000,0,0.0000,0.0000,0,0,0,0,0,0,0,0,0,0,0,0,0,0,0,0,0,0,0,0,0,0,0,0,0
WG_METRICS 50,256,768,1.0264,0.0074,0.0069,0.9729,0.0230,0.0163,256,768,196608,393216,202088.6406,404177.2812,0.0000,0,0.0000,0.0000,0,0.0000,0,0.0000,0.0000,0,0.0000,0.0000,0,0,0,0,0,0,0,0,0,0,0,0,0,0,0,0,0,0,0,0,0,0,0,0,0
WG_METRICS 51,256,768,1.0268,0.0074,0.0068,0.9743,0.0229,0.0154,256,768,196608,393216,201798.2500,403596.5000,0.0000,0,0.0000,0.0000,0,0.0000,0,0.0000,0.0000,0,0.0000,0.0000,0,0,0,0,0,0,0,0,0,0,0,0,0,0,0,0,0,0,0,0,0,0,0,0,0
WG_METRICS 52,256,768,1.0156,0.0074,0.0069,0.9716,0.0142,0.0155,256,768,196608,393216,202354.8750,404709.7500,0.0000,0,0.0000,0.0000,0,0.0000,0,0.0000,0.0000,0,0.0000,0.0000,0,0,0,0,0,0,0,0,0,0,0,0,0,0,0,0,0,0,0,0,0,0,0,0,0
WG_METRICS 53,256,768,1.0243,0.0075,0.0067,0.9717,0.0230,0.0155,256,768,196608,393216,202338.2188,404676.4375,0.0000,0,0.0000,0.0000,0,0.0000,0,0.0000,0.0000,0,0.0000,0.0000,0,0,0,0,0,0,0,0,0,0,0,0,0,0,0,0,0,0,0,0,0,0,0,0,0
WG_METRICS 54,256,768,1.0268,0.0074,0.0068,0.9736,0.0229,0.0160,256,768,196608,393216,201930.8906,403861.7812,0.0000,0,0.0000,0.0000,0,0.0000,0,0.0000,0.0000,0,0.0000,0.0000,0,0,0,0,0,0,0,0,0,0,0,0,0,0,0,0,0,0,0,0,0,0,0,0,0
WG_METRICS 55,256,768,1.0756,0.0077,0.0069,1.0298,0.0143,0.0170,256,768,196608,393216,190926.0469,381852.0938,0.0000,0,0.0000,0.0000,0,0.0000,0,0.0000,0.0000,0,0.0000,0.0000,0,0,0,0,0,0,0,0,0,0,0,0,0,0,0,0,0,0,0,0,0,0,0,0,0
WG_METRICS 56,256,768,1.2271,0.0076,0.0069,1.1829,0.0108,0.0188,256,768,196608,393216,166205.6562,332411.3125,0.0000,0,0.0000,0.0000,0,0.0000,0,0.0000,0.0000,0,0.0000,0.0000,0,0,0,0,0,0,0,0,0,0,0,0,0,0,0,0,0,0,0,0,0,0,0,0,0
WG_METRICS 57,256,768,1.9733,0.0088,0.0070,1.8782,0.0499,0.0294,256,768,196608,393216,104678.9453,209357.8906,0.0000,0,0.0000,0.0000,0,0.0000,0,0.0000,0.0000,0,0.0000,0.0000,0,0,0,0,0,0,0,0,0,0,0,0,0,0,0,0,0,0,0,0,0,0,0,0,0
WG_METRICS 58,256,768,1.9280,0.0086,0.0070,1.8577,0.0256,0.0290,256,768,196608,393216,105832.9531,211665.9062,0.0000,0,0.0000,0.0000,0,0.0000,0,0.0000,0.0000,0,0.0000,0.0000,0,0,0,0,0,0,0,0,0,0,0,0,0,0,0,0,0,0,0,0,0,0,0,0,0
WG_METRICS 59,256,768,1.9279,0.0088,0.0070,1.8575,0.0256,0.0290,256,768,196608,393216,105846.6250,211693.2500,0.0000,0,0.0000,0.0000,0,0.0000,0,0.0000,0.0000,0,0.0000,0.0000,0,0,0,0,0,0,0,0,0,0,0,0,0,0,0,0,0,0,0,0,0,0,0,0,0
WG_METRICS 60,256,768,1.9433,0.0088,0.0070,1.8719,0.0254,0.0302,256,768,196608,393216,105032.3672,210064.7344,0.0000,0,0.0000,0.0000,0,0.0000,0,0.0000,0.0000,0,0.0000,0.0000,0,0,0,0,0,0,0,0,0,0,0,0,0,0,0,0,0,0,0,0,0,0,0,0,0
WG_METRICS 61,256,768,1.9346,0.0089,0.0070,1.8644,0.0257,0.0285,256,768,196608,393216,105451.5078,210903.0156,0.0000,0,0.0000,0.0000,0,0.0000,0,0.0000,0.0000,0,0.0000,0.0000,0,0,0,0,0,0,0,0,0,0,0,0,0,0,0,0,0,0,0,0,0,0,0,0,0
WG_METRICS 62,256,768,1.9213,0.0088,0.0070,1.8595,0.0166,0.0293,256,768,196608,393216,105730.5156,211461.0312,0.0000,0,0.0000,0.0000,0,0.0000,0,0.0000,0.0000,0,0.0000,0.0000,0,0,0,0,0,0,0,0,0,0,0,0,0,0,0,0,0,0,0,0,0,0,0,0,0
WG_METRICS 63,256,768,1.9503,0.0087,0.0070,1.8804,0.0254,0.0287,256,768,196608,393216,104554.2500,209108.5000,0.0000,0,0.0000,0.0000,0,0.0000,0,0.0000,0.0000,0,0.0000,0.0000,0,0,0,0,0,0,0,0,0,0,0,0,0,0,0,0,0,0,0,0,0,0,0,0,0
WG_METRICS 64,256,768,1.7424,0.0088,0.0070,1.6779,0.0244,0.0243,256,768,196608,393216,117173.6484,234347.2969,0.0000,0,0.0000,0.0000,0,0.0000,0,0.0000,0.0000,0,0.0000,0.0000,0,0,0,0,0,0,0,0,0,0,0,0,0,0,0,0,0,0,0,0,0,0,0,0,0
WG_METRICS 65,256,768,1.1256,0.0077,0.0069,1.0732,0.0202,0.0175,256,768,196608,393216,183191.0781,366382.1562,0.0000,0,0.0000,0.0000,0,0.0000,0,0.0000,0.0000,0,0.0000,0.0000,0,0,0,0,0,0,0,0,0,0,0,0,0,0,0,0,0,0,0,0,0,0,0,0,0
WG_METRICS 66,256,768,1.0582,0.0074,0.0069,1.0051,0.0229,0.0159,256,768,196608,393216,195606.4844,391212.9688,0.0000,0,0.0000,0.0000,0,0.0000,0,0.0000,0.0000,0,0.0000,0.0000,0,0,0,0,0,0,0,0,0,0,0,0,0,0,0,0,0,0,0,0,0,0,0,0,0
WG_METRICS 67,256,768,1.0226,0.0075,0.0069,0.9784,0.0143,0.0155,256,768,196608,393216,200948.4844,401896.9688,0.0000,0,0.0000,0.0000,0,0.0000,0,0.0000,0.0000,0,0.0000,0.0000,0,0,0,0,0,0,0,0,0,0,0,0,0,0,0,0,0,0,0,0,0,0,0,0,0
WG_METRICS 68,256,768,1.0264,0.0074,0.0068,0.9738,0.0228,0.0156,256,768,196608,393216,201906.0156,403812.0312,0.0000,0,0.0000,0.0000,0,0.0000,0,0.0000,0.0000,0,0.0000,0.0000,0,0,0,0,0,0,0,0,0,0,0,0,0,0,0,0,0,0,0,0,0,0,0,0,0
WG_METRICS 69,256,768,1.0308,0.0076,0.0068,0.9874,0.0135,0.0154,256,768,196608,393216,199116.8750,398233.7500,0.0000,0,0.0000,0.0000,0,0.0000,0,0.0000,0.0000,0,0.0000,0.0000,0,0,0,0,0,0,0,0,0,0,0,0,0,0,0,0,0,0,0,0,0,0,0,0,0
WG_METRICS 70,256,768,1.0344,0.0074,0.0068,0.9895,0.0136,0.0170,256,768,196608,393216,198690.2656,397380.5312,0.0000,0,0.0000,0.0000,0,0.0000,0,0.0000,0.0000,0,0.0000,0.0000,0,0,0,0,0,0,0,0,0,0,0,0,0,0,0,0,0,0,0,0,0,0,0,0,0
WG_METRICS 71,256,768,1.0278,0.0074,0.0068,0.9823,0.0143,0.0168,256,768,196608,393216,200146.5938,400293.1875,0.0000,0,0.0000,0.0000,0,0.0000,0,0.0000,0.0000,0,0.0000,0.0000,0,0,0,0,0,0,0,0,0,0,0,0,0,0,0,0,0,0,0,0,0,0,0,0,0
WG_METRICS 72,256,768,1.0227,0.0074,0.0068,0.9766,0.0163,0.0154,256,768,196608,393216,201310.6250,402621.2500,0.0000,0,0.0000,0.0000,0,0.0000,0,0.0000,0.0000,0,0.0000,0.0000,0,0,0,0,0,0,0,0,0,0,0,0,0,0,0,0,0,0,0,0,0,0,0,0,0
WG_METRICS 73,256,768,1.0146,0.0074,0.0068,0.9763,0.0088,0.0153,256,768,196608,393216,201376.5938,402753.1875,0.0000,0,0.0000,0.0000,0,0.0000,0,0.0000,0.0000,0,0.0000,0.0000,0,0,0,0,0,0,0,0,0,0,0,0,0,0,0,0,0,0,0,0,0,0,0,0,0
WG_METRICS 74,256,768,1.0886,0.0075,0.0068,1.0414,0.0164,0.0165,256,768,196608,393216,188792.0156,377584.0312,0.0000,0,0.0000,0.0000,0,0.0000,0,0.0000,0.0000,0,0.0000,0.0000,0,0,0,0,0,0,0,0,0,0,0,0,0,0,0,0,0,0,0,0,0,0,0,0,0
WG_METRICS 75,256,768,1.1576,0.0076,0.0068,1.1146,0.0104,0.0181,256,768,196608,393216,176393.3281,352786.6562,0.0000,0,0.0000,0.0000,0,0.0000,0,0.0000,0.0000,0,0.0000,0.0000,0,0,0,0,0,0,0,0,0,0,0,0,0,0,0,0,0,0,0,0,0,0,0,0,0
WG_METRICS 76,256,768,1.1974,0.0076,0.0069,1.1542,0.0105,0.0181,256,768,196608,393216,170341.3750,340682.7500,0.0000,0,0.0000,0.0000,0,0.0000,0,0.0000,0.0000,0,0.0000,0.0000,0,0,0,0,0,0,0,0,0,0,0,0,0,0,0,0,0,0,0,0,0,0,0,0,0
WG_METRICS 77,256,768,1.2016,0.0081,0.0068,1.1546,0.0128,0.0193,256,768,196608,393216,170288.2500,340576.5000,0.0000,0,0.0000,0.0000,0,0.0000,0,0.0000,0.0000,0,0.0000,0.0000,0,0,0,0,0,0,0,0,0,0,0,0,0,0,0,0,0,0,0,0,0,0,0,0,0
WG_METRICS 78,256,768,1.1867,0.0075,0.0068,1.0454,0.0688,0.0582,256,768,196608,393216,188076.8438,376153.6875,0.0000,0,0.0000,0.0000,0,0.0000,0,0.0000,0.0000,0,0.0000,0.0000,0,0,0,0,0,0,0,0,0,0,0,0,0,0,0,0,0,0,0,0,0,0,0,0,0
WG_METRICS 79,256,768,1.6761,0.0083,0.0071,1.6169,0.0175,0.0263,256,768,196608,393216,121594.1406,243188.2812,0.0000,0,0.0000,0.0000,0,0.0000,0,0.0000,0.0000,0,0.0000,0.0000,0,0,0,0,0,0,0,0,0,0,0,0,0,0,0,0,0,0,0,0,0,0,0,0,0
WG_METRICS 80,256,768,1.9221,0.0087,0.0071,1.8522,0.0255,0.0286,256,768,196608,393216,106148.3594,212296.7188,0.0000,0,0.0000,0.0000,0,0.0000,0,0.0000,0.0000,0,0.0000,0.0000,0,0,0,0,0,0,0,0,0,0,0,0,0,0,0,0,0,0,0,0,0,0,0,0,0
WG_METRICS 81,256,768,1.9528,0.0088,0.0070,1.8824,0.0253,0.0292,256,768,196608,393216,104443.1719,208886.3438,0.0000,0,0.0000,0.0000,0,0.0000,0,0.0000,0.0000,0,0.0000,0.0000,0,0,0,0,0,0,0,0,0,0,0,0,0,0,0,0,0,0,0,0,0,0,0,0,0
WG_METRICS 82,256,768,1.6166,0.0084,0.0070,1.5528,0.0244,0.0240,256,768,196608,393216,126615.1406,253230.2812,0.0000,0,0.0000,0.0000,0,0.0000,0,0.0000,0.0000,0,0.0000,0.0000,0,0,0,0,0,0,0,0,0,0,0,0,0,0,0,0,0,0,0,0,0,0,0,0,0
WG_METRICS 83,256,768,1.2477,0.0078,0.0069,1.2004,0.0144,0.0182,256,768,196608,393216,163790.8750,327581.7500,0.0000,0,0.0000,0.0000,0,0.0000,0,0.0000,0.0000,0,0.0000,0.0000,0,0,0,0,0,0,0,0,0,0,0,0,0,0,0,0,0,0,0,0,0,0,0,0,0
WG_METRICS 84,256,768,1.0573,0.0075,0.0068,1.0040,0.0231,0.0160,256,768,196608,393216,195832.5000,391665.0000,0.0000,0,0.0000,0.0000,0,0.0000,0,0.0000,0.0000,0,0.0000,0.0000,0,0,0,0,0,0,0,0,0,0,0,0,0,0,0,0,0,0,0,0,0,0,0,0,0
WG_METRICS 85,256,768,1.0500,0.0075,0.0068,0.9973,0.0224,0.0159,256,768,196608,393216,197136.3281,394272.6562,0.0000,0,0.0000,0.0000,0,0.0000,0,0.0000,0.0000,0,0.0000,0.0000,0,0,0,0,0,0,0,0,0,0,0,0,0,0,0,0,0,0,0,0,0,0,0,0,0
WG_METRICS 86,256,768,1.0430,0.0075,0.0068,0.9988,0.0144,0.0154,256,768,196608,393216,196836.3281,393672.6562,0.0000,0,0.0000,0.0000,0,0.0000,0,0.0000,0.0000,0,0.0000,0.0000,0,0,0,0,0,0,0,0,0,0,0,0,0,0,0,0,0,0,0,0,0,0,0,0,0
WG_METRICS 87,256,768,1.0348,0.0074,0.0068,0.9822,0.0229,0.0154,256,768,196608,393216,200179.2031,400358.4062,0.0000,0,0.0000,0.0000,0,0.0000,0,0.0000,0.0000,0,0.0000,0.0000,0,0,0,0,0,0,0,0,0,0,0,0,0,0,0,0,0,0,0,0,0,0,0,0,0
WG_METRICS 88,256,768,1.0497,0.0092,0.0069,1.0135,0.0046,0.0155,256,768,196608,393216,193992.9844,387985.9688,0.0000,0,0.0000,0.0000,0,0.0000,0,0.0000,0.0000,0,0.0000,0.0000,0,0,0,0,0,0,0,0,0,0,0,0,0,0,0,0,0,0,0,0,0,0,0,0,0
WG_METRICS 89,256,768,1.0222,0.0076,0.0068,0.9686,0.0232,0.0159,256,768,196608,393216,202981.6250,405963.2500,0.0000,0,0.0000,0.0000,0,0.0000,0,0.0000,0.0000,0,0.0000,0.0000,0,0,0,0,0,0,0,0,0,0,0,0,0,0,0,0,0,0,0,0,0,0,0,0,0
WG_METRICS 90,256,768,1.0298,0.0074,0.0068,0.9855,0.0142,0.0158,256,768,196608,393216,199504.8125,399009.6250,0.0000,0,0.0000,0.0000,0,0.0000,0,0.0000,0.0000,0,0.0000,0.0000,0,0,0,0,0,0,0,0,0,0,0,0,0,0,0,0,0,0,0,0,0,0,0,0,0
WG_METRICS 91,256,768,1.0142,0.0074,0.0068,0.9743,0.0097,0.0160,256,768,196608,393216,201798.2500,403596.5000,0.0000,0,0.0000,0.0000,0,0.0000,0,0.0000,0.0000,0,0.0000,0.0000,0,0,0,0,0,0,0,0,0,0,0,0,0,0,0,0,0,0,0,0,0,0,0,0,0
WG_METRICS 92,256,768,1.0396,0.0075,0.0068,0.9869,0.0229,0.0155,256,768,196608,393216,199213.7188,398427.4375,0.0000,0,0.0000,0.0000,0,0.0000,0,0.0000,0.0000,0,0.0000,0.0000,0,0,0,0,0,0,0,0,0,0,0,0,0,0,0,0,0,0,0,0,0,0,0,0,0
WG_METRICS 93,256,768,1.0235,0.0074,0.0069,0.9772,0.0164,0.0157,256,768,196608,393216,201203.5000,402407.0000,0.0000,0,0.0000,0.0000,0,0.0000,0,0.0000,0.0000,0,0.0000,0.0000,0,0,0,0,0,0,0,0,0,0,0,0,0,0,0,0,0,0,0,0,0,0,0,0,0
WG_METRICS 94,256,768,1.0188,0.0074,0.0068,0.9746,0.0145,0.0155,256,768,196608,393216,201731.9844,403463.9688,0.0000,0,0.0000,0.0000,0,0.0000,0,0.0000,0.0000,0,0.0000,0.0000,0,0,0,0,0,0,0,0,0,0,0,0,0,0,0,0,0,0,0,0,0,0,0,0,0
WG_METRICS 95,256,768,1.0072,0.0074,0.0068,0.9728,0.0044,0.0158,256,768,196608,393216,202096.9531,404193.9062,0.0000,0,0.0000,0.0000,0,0.0000,0,0.0000,0.0000,0,0.0000,0.0000,0,0,0,0,0,0,0,0,0,0,0,0,0,0,0,0,0,0,0,0,0,0,0,0,0
WG_METRICS 96,256,768,1.0255,0.0074,0.0067,0.9857,0.0099,0.0157,256,768,196608,393216,199456.2344,398912.4688,0.0000,0,0.0000,0.0000,0,0.0000,0,0.0000,0.0000,0,0.0000,0.0000,0,0,0,0,0,0,0,0,0,0,0,0,0,0,0,0,0,0,0,0,0,0,0,0,0
WG_METRICS 97,256,768,1.0376,0.0076,0.0067,0.9899,0.0163,0.0170,256,768,196608,393216,198609.9844,397219.9688,0.0000,0,0.0000,0.0000,0,0.0000,0,0.0000,0.0000,0,0.0000,0.0000,0,0,0,0,0,0,0,0,0,0,0,0,0,0,0,0,0,0,0,0,0,0,0,0,0
WG_METRICS 98,256,768,1.0322,0.0074,0.0068,0.9798,0.0227,0.0154,256,768,196608,393216,200653.1719,401306.3438,0.0000,0,0.0000,0.0000,0,0.0000,0,0.0000,0.0000,0,0.0000,0.0000,0,0,0,0,0,0,0,0,0,0,0,0,0,0,0,0,0,0,0,0,0,0,0,0,0
WG_METRICS 99,256,768,1.0156,0.0074,0.0069,0.9630,0.0226,0.0157,256,768,196608,393216,204170.4688,408340.9375,0.0000,0,0.0000,0.0000,0,0.0000,0,0.0000,0.0000,0,0.0000,0.0000,0,0,0,0,0,0,0,0,0,0,0,0,0,0,0,0,0,0,0,0,0,0,0,0,0
WG_METRICS 100,256,768,1.0454,0.0075,0.0068,0.9801,0.0356,0.0155,256,768,196608,393216,200595.8438,401191.6875,0.0000,0,0.0000,0.0000,0,0.0000,0,0.0000,0.0000,0,0.0000,0.0000,0,0,0,0,0,0,0,0,0,0,0,0,0,0,0,0,0,0,0,0,0,0,0,0,0
WG_METRICS 101,256,768,1.0313,0.0075,0.0068,0.9838,0.0170,0.0162,256,768,196608,393216,199845.5000,399691.0000,0.0000,0,0.0000,0.0000,0,0.0000,0,0.0000,0.0000,0,0.0000,0.0000,0,0,0,0,0,0,0,0,0,0,0,0,0,0,0,0,0,0,0,0,0,0,0,0,0
WG_METRICS 102,256,768,1.2570,0.0077,0.0069,1.2075,0.0150,0.0198,256,768,196608,393216,162819.6562,325639.3125,0.0000,0,0.0000,0.0000,0,0.0000,0,0.0000,0.0000,0,0.0000,0.0000,0,0,0,0,0,0,0,0,0,0,0,0,0,0,0,0,0,0,0,0,0,0,0,0,0
WG_METRICS 103,256,768,1.7449,0.0082,0.0070,1.6786,0.0246,0.0265,256,768,196608,393216,117126.1797,234252.3594,0.0000,0,0.0000,0.0000,0,0.0000,0,0.0000,0.0000,0,0.0000,0.0000,0,0,0,0,0,0,0,0,0,0,0,0,0,0,0,0,0,0,0,0,0,0,0,0,0
WG_METRICS 104,256,768,1.9150,0.0087,0.0070,1.8454,0.0252,0.0287,256,768,196608,393216,106539.5078,213079.0156,0.0000,0,0.0000,0.0000,0,0.0000,0,0.0000,0.0000,0,0.0000,0.0000,0,0,0,0,0,0,0,0,0,0,0,0,0,0,0,0,0,0,0,0,0,0,0,0,0
WG_METRICS 105,256,768,1.9256,0.0088,0.0070,1.8574,0.0248,0.0277,256,768,196608,393216,105853.4688,211706.9375,0.0000,0,0.0000,0.0000,0,0.0000,0,0.0000,0.0000,0,0.0000,0.0000,0,0,0,0,0,0,0,0,0,0,0,0,0,0,0,0,0,0,0,0,0,0,0,0,0
WG_METRICS 106,256,768,1.4334,0.0080,0.0070,1.3740,0.0240,0.0204,256,768,196608,393216,143095.8594,286191.7188,0.0000,0,0.0000,0.0000,0,0.0000,0,0.0000,0.0000,0,0.0000,0.0000,0,0,0,0,0,0,0,0,0,0,0,0,0,0,0,0,0,0,0,0,0,0,0,0,0
WG_METRICS 107,256,768,1.1254,0.0076,0.0069,1.0711,0.0232,0.0166,256,768,196608,393216,183553.6562,367107.3125,0.0000,0,0.0000,0.0000,0,0.0000,0,0.0000,0.0000,0,0.0000,0.0000,0,0,0,0,0,0,0,0,0,0,0,0,0,0,0,0,0,0,0,0,0,0,0,0,0
WG_METRICS 108,256,768,1.0192,0.0075,0.0068,0.9753,0.0142,0.0155,256,768,196608,393216,201583.0781,403166.1562,0.0000,0,0.0000,0.0000,0,0.0000,0,0.0000,0.0000,0,0.0000,0.0000,0,0,0,0,0,0,0,0,0,0,0,0,0,0,0,0,0,0,0,0,0,0,0,0,0
WG_METRICS 109,256,768,1.0490,0.0075,0.0068,1.0050,0.0143,0.0154,256,768,196608,393216,195629.8594,391259.7188,0.0000,0,0.0000,0.0000,0,0.0000,0,0.0000,0.0000,0,0.0000,0.0000,0,0,0,0,0,0,0,0,0,0,0,0,0,0,0,0,0,0,0,0,0,0,0,0,0
WG_METRICS 110,256,768,1.0380,0.0077,0.0069,0.9925,0.0147,0.0162,256,768,196608,393216,198089.7188,396179.4375,0.0000,0,0.0000,0.0000,0,0.0000,0,0.0000,0.0000,0,0.0000,0.0000,0,0,0,0,0,0,0,0,0,0,0,0,0,0,0,0,0,0,0,0,0,0,0,0,0
WG_METRICS 111,256,768,1.0144,0.0074,0.0069,0.9749,0.0098,0.0154,256,768,196608,393216,201665.7812,403331.5625,0.0000,0,0.0000,0.0000,0,0.0000,0,0.0000,0.0000,0,0.0000,0.0000,0,0,0,0,0,0,0,0,0,0,0,0,0,0,0,0,0,0,0,0,0,0,0,0,0
WG_METRICS 112,256,768,1.0382,0.0075,0.0068,0.9856,0.0229,0.0154,256,768,196608,393216,199480.5156,398961.0312,0.0000,0,0.0000,0.0000,0,0.0000,0,0.0000,0.0000,0,0.0000,0.0000,0,0,0,0,0,0,0,0,0,0,0,0,0,0,0,0,0,0,0,0,0,0,0,0,0
WG_METRICS 113,256,768,1.0179,0.0074,0.0068,0.9651,0.0229,0.0156,256,768,196608,393216,203721.9688,407443.9375,0.0000,0,0.0000,0.0000,0,0.0000,0,0.0000,0.0000,0,0.0000,0.0000,0,0,0,0,0,0,0,0,0,0,0,0,0,0,0,0,0,0,0,0,0,0,0,0,0
WG_METRICS 114,256,768,1.0329,0.0075,0.0068,0.9798,0.0230,0.0158,256,768,196608,393216,200661.3594,401322.7188,0.0000,0,0.0000,0.0000,0,0.0000,0,0.0000,0.0000,0,0.0000,0.0000,0,0,0,0,0,0,0,0,0,0,0,0,0,0,0,0,0,0,0,0,0,0,0,0,0
WG_METRICS 115,256,768,1.0453,0.0074,0.0069,0.9929,0.0227,0.0154,256,768,196608,393216,198009.9062,396019.8125,0.0000,0,0.0000,0.0000,0,0.0000,0,0.0000,0.0000,0,0.0000,0.0000,0,0,0,0,0,0,0,0,0,0,0,0,0,0,0,0,0,0,0,0,0,0,0,0,0
WG_METRICS 116,256,768,1.0497,0.0074,0.0069,1.0048,0.0146,0.0161,256,768,196608,393216,195661.0000,391322.0000,0.0000,0,0.0000,0.0000,0,0.0000,0,0.0000,0.0000,0,0.0000,0.0000,0,0,0,0,0,0,0,0,0,0,0,0,0,0,0,0,0,0,0,0,0,0,0,0,0
WG_METRICS 117,256,768,1.0261,0.0074,0.0068,0.9733,0.0229,0.0157,256,768,196608,393216,202005.5938,404011.1875,0.0000,0,0.0000,0.0000,0,0.0000,0,0.0000,0.0000,0,0.0000,0.0000,0,0,0,0,0,0,0,0,0,0,0,0,0,0,0,0,0,0,0,0,0,0,0,0,0
WG_METRICS 118,256,768,1.0389,0.0075,0.0068,0.9866,0.0226,0.0154,256,768,196608,393216,199286.4062,398572.8125,0.0000,0,0.0000,0.0000,0,0.0000,0,0.0000,0.0000,0,0.0000,0.0000,0,0,0,0,0,0,0,0,0,0,0,0,0,0,0,0,0,0,0,0,0,0,0,0,0
WG_METRICS 119,256,768,1.0271,0.0074,0.0069,0.9737,0.0231,0.0160,256,768,196608,393216,201922.5938,403845.1875,0.0000,0,0.0000,0.0000,0,0.0000,0,0.0000,0.0000,0,0.0000,0.0000,0,0,0,0,0,0,0,0,0,0,0,0,0,0,0,0,0,0,0,0,0,0,0,0,0
WG_METRICS 120,256,768,1.0430,0.0077,0.0068,0.9977,0.0148,0.0161,256,768,196608,393216,197057.2969,394114.5938,0.0000,0,0.0000,0.0000,0,0.0000,0,0.0000,0.0000,0,0.0000,0.0000,0,0,0,0,0,0,0,0,0,0,0,0,0,0,0,0,0,0,0,0,0,0,0,0,0
WG_METRICS 121,256,768,1.0486,0.0074,0.0068,0.9957,0.0227,0.0159,256,768,196608,393216,197461.0312,394922.0625,0.0000,0,0.0000,0.0000,0,0.0000,0,0.0000,0.0000,0,0.0000,0.0000,0,0,0,0,0,0,0,0,0,0,0,0,0,0,0,0,0,0,0,0,0,0,0,0,0
WG_METRICS 122,256,768,1.0477,0.0076,0.0068,0.9942,0.0229,0.0162,256,768,196608,393216,197747.0312,395494.0625,0.0000,0,0.0000,0.0000,0,0.0000,0,0.0000,0.0000,0,0.0000,0.0000,0,0,0,0,0,0,0,0,0,0,0,0,0,0,0,0,0,0,0,0,0,0,0,0,0
WG_METRICS 123,256,768,1.9189,0.0087,0.0071,1.8578,0.0166,0.0287,256,768,196608,393216,105826.1250,211652.2500,0.0000,0,0.0000,0.0000,0,0.0000,0,0.0000,0.0000,0,0.0000,0.0000,0,0,0,0,0,0,0,0,0,0,0,0,0,0,0,0,0,0,0,0,0,0,0,0,0
WG_METRICS 124,256,768,1.9040,0.0088,0.0071,1.8336,0.0248,0.0296,256,768,196608,393216,107225.1250,214450.2500,0.0000,0,0.0000,0.0000,0,0.0000,0,0.0000,0.0000,0,0.0000,0.0000,0,0,0,0,0,0,0,0,0,0,0,0,0,0,0,0,0,0,0,0,0,0,0,0,0
WG_METRICS 125,256,768,1.9230,0.0087,0.0070,1.8631,0.0126,0.0315,256,768,196608,393216,105526.2188,211052.4375,0.0000,0,0.0000,0.0000,0,0.0000,0,0.0000,0.0000,0,0.0000,0.0000,0,0,0,0,0,0,0,0,0,0,0,0,0,0,0,0,0,0,0,0,0,0,0,0,0
WG_METRICS 126,256,768,1.8306,0.0093,0.0084,1.7608,0.0250,0.0271,256,768,196608,393216,111655.7969,223311.5938,0.0000,0,0.0000,0.0000,0,0.0000,0,0.0000,0.0000,0,0.0000,0.0000,0,0,0,0,0,0,0,0,0,0,0,0,0,0,0,0,0,0,0,0,0,0,0,0,0
WG_METRICS 127,256,768,1.2162,0.0078,0.0068,1.1624,0.0229,0.0163,256,768,196608,393216,169139.7031,338279.4062,0.0000,0,0.0000,0.0000,0,0.0000,0,0.0000,0.0000,0,0.0000,0.0000,0,0,0,0,0,0,0,0,0,0,0,0,0,0,0,0,0,0,0,0,0,0,0,0,0
WG_METRICS 128,256,768,1.0307,0.0074,0.0069,0.9785,0.0223,0.0156,256,768,196608,393216,200932.0625,401864.1250,0.0000,0,0.0000,0.0000,0,0.0000,0,0.0000,0.0000,0,0.0000,0.0000,0,0,0,0,0,0,0,0,0,0,0,0,0,0,0,0,0,0,0,0,0,0,0,0,0
WG_METRICS 129,256,768,1.0455,0.0076,0.0068,1.0006,0.0141,0.0163,256,768,196608,393216,196490.1094,392980.2188,0.0000,0,0.0000,0.0000,0,0.0000,0,0.0000,0.0000,0,0.0000,0.0000,0,0,0,0,0,0,0,0,0,0,0,0,0,0,0,0,0,0,0,0,0,0,0,0,0
WG_METRICS 130,256,768,1.0338,0.0075,0.0068,0.9883,0.0142,0.0170,256,768,196608,393216,198931.5156,397863.0312,0.0000,0,0.0000,0.0000,0,0.0000,0,0.0000,0.0000,0,0.0000,0.0000,0,0,0,0,0,0,0,0,0,0,0,0,0,0,0,0,0,0,0,0,0,0,0,0,0
WG_METRICS 131,256,768,1.0215,0.0074,0.0069,0.9775,0.0142,0.0156,256,768,196608,393216,201137.6250,402275.2500,0.0000,0,0.0000,0.0000,0,0.0000,0,0.0000,0.0000,0,0.0000,0.0000,0,0,0,0,0,0,0,0,0,0,0,0,0,0,0,0,0,0,0,0,0,0,0,0,0
WG_METRICS 132,256,768,1.0428,0.0074,0.0069,0.9900,0.0229,0.0157,256,768,196608,393216,198601.9531,397203.9062,0.0000,0,0.0000,0.0000,0,0.0000,0,0.0000,0.0000,0,0.0000,0.0000,0,0,0,0,0,0,0,0,0,0,0,0,0,0,0,0,0,0,0,0,0,0,0,0,0
WG_METRICS 133,256,768,1.0205,0.0074,0.0066,0.9809,0.0098,0.0158,256,768,196608,393216,200440.4219,400880.8438,0.0000,0,0.0000,0.0000,0,0.0000,0,0.0000,0.0000,0,0.0000,0.0000,0,0,0,0,0,0,0,0,0,0,0,0,0,0,0,0,0,0,0,0,0,0,0,0,0
WG_METRICS 134,256,768,1.0215,0.0074,0.0068,0.9833,0.0081,0.0158,256,768,196608,393216,199943.0469,399886.0938,0.0000,0,0.0000,0.0000,0,0.0000,0,0.0000,0.0000,0,0.0000,0.0000,0,0,0,0,0,0,0,0,0,0,0,0,0,0,0,0,0,0,0,0,0,0,0,0,0
WG_METRICS 135,256,768,1.0238,0.0074,0.0069,0.9768,0.0165,0.0162,256,768,196608,393216,201269.3906,402538.7812,0.0000,0,0.0000,0.0000,0,0.0000,0,0.0000,0.0000,0,0.0000,0.0000,0,0,0,0,0,0,0,0,0,0,0,0,0,0,0,0,0,0,0,0,0,0,0,0,0
WG_METRICS 136,256,768,1.2358,0.0075,0.0068,0.9902,0.2152,0.0162,256,768,196608,393216,198545.8125,397091.6250,0.0000,0,0.0000,0.0000,0,0.0000,0,0.0000,0.0000,0,0.0000,0.0000,0,0,0,0,0,0,0,0,0,0,0,0,0,0,0,0,0,0,0,0,0,0,0,0,0
WG_METRICS 137,256,768,1.2042,0.0078,0.0070,1.1555,0.0150,0.0189,256,768,196608,393216,170152.6562,340305.3125,0.0000,0,0.0000,0.0000,0,0.0000,0,0.0000,0.0000,0,0.0000,0.0000,0,0,0,0,0,0,0,0,0,0,0,0,0,0,0,0,0,0,0,0,0,0,0,0,0
WG_METRICS 138,256,768,1.3894,0.0082,0.0069,1.2940,0.0591,0.0211,256,768,196608,393216,151942.8750,303885.7500,0.0000,0,0.0000,0.0000,0,0.0000,0,0.0000,0.0000,0,0.0000,0.0000,0,0,0,0,0,0,0,0,0,0,0,0,0,0,0,0,0,0,0,0,0,0,0,0,0
WG_METRICS 139,256,768,1.5387,0.0084,0.0068,1.4833,0.0155,0.0246,256,768,196608,393216,132545.9062,265091.8125,0.0000,0,0.0000,0.0000,0,0.0000,0,0.0000,0.0000,0,0.0000,0.0000,0,0,0,0,0,0,0,0,0,0,0,0,0,0,0,0,0,0,0,0,0,0,0,0,0
WG_METRICS 140,256,768,1.7949,0.0085,0.0069,1.7367,0.0161,0.0266,256,768,196608,393216,113206.5078,226413.0156,0.0000,0,0.0000,0.0000,0,0.0000,0,0.0000,0.0000,0,0.0000,0.0000,0,0,0,0,0,0,0,0,0,0,0,0,0,0,0,0,0,0,0,0,0,0,0,0,0
WG_METRICS 141,256,768,1.7367,0.0085,0.0070,1.6709,0.0249,0.0254,256,768,196608,393216,117664.5156,235329.0312,0.0000,0,0.0000,0.0000,0,0.0000,0,0.0000,0.0000,0,0.0000,0.0000,0,0,0,0,0,0,0,0,0,0,0,0,0,0,0,0,0,0,0,0,0,0,0,0,0
WG_METRICS 142,256,768,1.5291,0.0082,0.0070,1.4760,0.0153,0.0226,256,768,196608,393216,133199.6406,266399.2812,0.0000,0,0.0000,0.0000,0,0.0000,0,0.0000,0.0000,0,0.0000,0.0000,0,0,0,0,0,0,0,0,0,0,0,0,0,0,0,0,0,0,0,0,0,0,0,0,0
WG_METRICS 143,256,768,1.2320,0.0078,0.0068,1.1837,0.0150,0.0187,256,768,196608,393216,166093.3281,332186.6562,0.0000,0,0.0000,0.0000,0,0.0000,0,0.0000,0.0000,0,0.0000,0.0000,0,0,0,0,0,0,0,0,0,0,0,0,0,0,0,0,0,0,0,0,0,0,0,0,0
WG_METRICS 144,256,768,1.3133,0.0078,0.0069,1.2666,0.0125,0.0195,256,768,196608,393216,155229.9219,310459.8438,0.0000,0,0.0000,0.0000,0,0.0000,0,0.0000,0.0000,0,0.0000,0.0000,0,0,0,0,0,0,0,0,0,0,0,0,0,0,0,0,0,0,0,0,0,0,0,0,0
WG_METRICS 145,256,768,1.2292,0.0078,0.0068,1.1790,0.0168,0.0187,256,768,196608,393216,166758.2656,333516.5312,0.0000,0,0.0000,0.0000,0,0.0000,0,0.0000,0.0000,0,0.0000,0.0000,0,0,0,0,0,0,0,0,0,0,0,0,0,0,0,0,0,0,0,0,0,0,0,0,0
WG_METRICS 146,256,768,1.1881,0.0077,0.0068,1.1381,0.0166,0.0189,256,768,196608,393216,172754.1094,345508.2188,0.0000,0,0.0000,0.0000,0,0.0000,0,0.0000,0.0000,0,0.0000,0.0000,0,0,0,0,0,0,0,0,0,0,0,0,0,0,0,0,0,0,0,0,0,0,0,0,0
WG_METRICS 147,256,768,1.1110,0.0076,0.0068,1.0631,0.0165,0.0169,256,768,196608,393216,184934.9062,369869.8125,0.0000,0,0.0000,0.0000,0,0.0000,0,0.0000,0.0000,0,0.0000,0.0000,0,0,0,0,0,0,0,0,0,0,0,0,0,0,0,0,0,0,0,0,0,0,0,0,0
WG_METRICS 148,256,768,1.0877,0.0077,0.0069,1.0412,0.0147,0.0172,256,768,196608,393216,188835.5312,377671.0625,0.0000,0,0.0000,0.0000,0,0.0000,0,0.0000,0.0000,0,0.0000,0.0000,0,0,0,0,0,0,0,0,0,0,0,0,0,0,0,0,0,0,0,0,0,0,0,0,0
WG_METRICS 149,256,768,1.0144,0.0074,0.0068,0.9676,0.0167,0.0158,256,768,196608,393216,203199.7969,406399.5938,0.0000,0,0.0000,0.0000,0,0.0000,0,0.0000,0.0000,0,0.0000,0.0000,0,0,0,0,0,0,0,0,0,0,0,0,0,0,0,0,0,0,0,0,0,0,0,0,0
WG_METRICS 150,256,768,1.0434,0.0075,0.0068,0.9952,0.0184,0.0155,256,768,196608,393216,197556.2812,395112.5625,0.0000,0,0.0000,0.0000,0,0.0000,0,0.0000,0.0000,0,0.0000,0.0000,0,0,0,0,0,0,0,0,0,0,0,0,0,0,0,0,0,0,0,0,0,0,0,0,0
WG_METRICS 151,256,768,1.0404,0.0075,0.0069,0.9961,0.0144,0.0155,256,768,196608,393216,197373.8125,394747.6250,0.0000,0,0.0000,0.0000,0,0.0000,0,0.0000,0.0000,0,0.0000,0.0000,0,0,0,0,0,0,0,0,0,0,0,0,0,0,0,0,0,0,0,0,0,0,0,0,0
WG_METRICS 152,256,768,1.0325,0.0075,0.0069,0.9854,0.0165,0.0162,256,768,196608,393216,199512.9062,399025.8125,0.0000,0,0.0000,0.0000,0,0.0000,0,0.0000,0.0000,0,0.0000,0.0000,0,0,0,0,0,0,0,0,0,0,0,0,0,0,0,0,0,0,0,0,0,0,0,0,0
WG_METRICS 153,256,768,1.0429,0.0075,0.0068,0.9968,0.0163,0.0155,256,768,196608,393216,197231.2500,394462.5000,0.0000,0,0.0000,0.0000,0,0.0000,0,0.0000,0.0000,0,0.0000,0.0000,0,0,0,0,0,0,0,0,0,0,0,0,0,0,0,0,0,0,0,0,0,0,0,0,0
WG_METRICS 154,256,768,1.0206,0.0074,0.0068,0.9805,0.0101,0.0157,256,768,196608,393216,200522.1875,401044.3750,0.0000,0,0.0000,0.0000,0,0.0000,0,0.0000,0.0000,0,0.0000,0.0000,0,0,0,0,0,0,0,0,0,0,0,0,0,0,0,0,0,0,0,0,0,0,0,0,0
WG_METRICS 155,256,768,1.0497,0.0100,0.0069,1.0071,0.0103,0.0154,256,768,196608,393216,195225.8125,390451.6250,0.0000,0,0.0000,0.0000,0,0.0000,0,0.0000,0.0000,0,0.0000,0.0000,0,0,0,0,0,0,0,0,0,0,0,0,0,0,0,0,0,0,0,0,0,0,0,0,0
WG_METRICS 156,256,768,1.0355,0.0075,0.0068,0.9818,0.0231,0.0163,256,768,196608,393216,200252.5938,400505.1875,0.0000,0,0.0000,0.0000,0,0.0000,0,0.0000,0.0000,0,0.0000,0.0000,0,0,0,0,0,0,0,0,0,0,0,0,0,0,0,0,0,0,0,0,0,0,0,0,0
WG_METRICS 157,256,768,1.0482,0.0074,0.0068,0.9956,0.0229,0.0155,256,768,196608,393216,197484.8281,394969.6562,0.0000,0,0.0000,0.0000,0,0.0000,0,0.0000,0.0000,0,0.0000,0.0000,0,0,0,0,0,0,0,0,0,0,0,0,0,0,0,0,0,0,0,0,0,0,0,0,0
WG_METRICS 158,256,768,1.0270,0.0100,0.0069,0.9808,0.0138,0.0155,256,768,196608,393216,200456.7812,400913.5625,0.0000,0,0.0000,0.0000,0,0.0000,0,0.0000,0.0000,0,0.0000,0.0000,0,0,0,0,0,0,0,0,0,0,0,0,0,0,0,0,0,0,0,0,0,0,0,0,0
WG_METRICS 159,256,768,1.0286,0.0074,0.0068,0.9753,0.0228,0.0162,256,768,196608,393216,201591.3438,403182.6875,0.0000,0,0.0000,0.0000,0,0.0000,0,0.0000,0.0000,0,0.0000,0.0000,0,0,0,0,0,0,0,0,0,0,0,0,0,0,0,0,0,0,0,0,0,0,0,0,0
WG_METRICS 160,256,768,1.0308,0.0074,0.0068,0.9863,0.0140,0.0162,256,768,196608,393216,199334.8906,398669.7812,0.0000,0,0.0000,0.0000,0,0.0000,0,0.0000,0.0000,0,0.0000,0.0000,0,0,0,0,0,0,0,0,0,0,0,0,0,0,0,0,0,0,0,0,0,0,0,0,0
WG_METRICS 161,256,768,1.0339,0.0076,0.0069,0.9863,0.0173,0.0158,256,768,196608,393216,199342.9844,398685.9688,0.0000,0,0.0000,0.0000,0,0.0000,0,0.0000,0.0000,0,0.0000,0.0000,0,0,0,0,0,0,0,0,0,0,0,0,0,0,0,0,0,0,0,0,0,0,0,0,0
WG_METRICS 162,256,768,1.0336,0.0074,0.0069,0.9805,0.0232,0.0156,256,768,196608,393216,200522.1875,401044.3750,0.0000,0,0.0000,0.0000,0,0.0000,0,0.0000,0.0000,0,0.0000,0.0000,0,0,0,0,0,0,0,0,0,0,0,0,0,0,0,0,0,0,0,0,0,0,0,0,0
WG_METRICS 163,256,768,1.0400,0.0074,0.0068,0.9866,0.0228,0.0164,256,768,196608,393216,199286.4062,398572.8125,0.0000,0,0.0000,0.0000,0,0.0000,0,0.0000,0.0000,0,0.0000,0.0000,0,0,0,0,0,0,0,0,0,0,0,0,0,0,0,0,0,0,0,0,0,0,0,0,0
WG_METRICS 164,256,768,1.0417,0.0075,0.0067,0.9888,0.0232,0.0155,256,768,196608,393216,198843.0000,397686.0000,0.0000,0,0.0000,0.0000,0,0.0000,0,0.0000,0.0000,0,0.0000,0.0000,0,0,0,0,0,0,0,0,0,0,0,0,0,0,0,0,0,0,0,0,0,0,0,0,0
WG_METRICS 165,256,768,1.1457,0.0075,0.0069,1.0987,0.0149,0.0177,256,768,196608,393216,178949.2812,357898.5625,0.0000,0,0.0000,0.0000,0,0.0000,0,0.0000,0.0000,0,0.0000,0.0000,0,0,0,0,0,0,0,0,0,0,0,0,0,0,0,0,0,0,0,0,0,0,0,0,0
WG_METRICS 166,256,768,1.2648,0.0077,0.0069,1.2072,0.0236,0.0194,256,768,196608,393216,162857.4219,325714.8438,0.0000,0,0.0000,0.0000,0,0.0000,0,0.0000,0.0000,0,0.0000,0.0000,0,0,0,0,0,0,0,0,0,0,0,0,0,0,0,0,0,0,0,0,0,0,0,0,0
WG_METRICS 167,256,768,1.2639,0.0078,0.0067,1.2104,0.0201,0.0189,256,768,196608,393216,162432.2500,324864.5000,0.0000,0,0.0000,0.0000,0,0.0000,0,0.0000,0.0000,0,0.0000,0.0000,0,0,0,0,0,0,0,0,0,0,0,0,0,0,0,0,0,0,0,0,0,0,0,0,0
WG_METRICS 168,256,768,1.1599,0.0076,0.0069,1.1118,0.0166,0.0171,256,768,196608,393216,176837.5625,353675.1250,0.0000,0,0.0000,0.0000,0,0.0000,0,0.0000,0.0000,0,0.0000,0.0000,0,0,0,0,0,0,0,0,0,0,0,0,0,0,0,0,0,0,0,0,0,0,0,0,0
WG_METRICS 169,256,768,1.1001,0.0075,0.0069,1.0322,0.0373,0.0162,256,768,196608,393216,190482.0938,380964.1875,0.0000,0,0.0000,0.0000,0,0.0000,0,0.0000,0.0000,0,0.0000,0.0000,0,0,0,0,0,0,0,0,0,0,0,0,0,0,0,0,0,0,0,0,0,0,0,0,0
WG_METRICS 170,256,768,1.0328,0.0075,0.0068,0.9861,0.0163,0.0160,256,768,196608,393216,199383.4219,398766.8438,0.0000,0,0.0000,0.0000,0,0.0000,0,0.0000,0.0000,0,0.0000,0.0000,0,0,0,0,0,0,0,0,0,0,0,0,0,0,0,0,0,0,0,0,0,0,0,0,0
WG_METRICS 171,256,768,1.0647,0.0076,0.0068,1.0198,0.0145,0.0159,256,768,196608,393216,192783.1875,385566.3750,0.0000,0,0.0000,0.0000,0,0.0000,0,0.0000,0.0000,0,0.0000,0.0000,0,0,0,0,0,0,0,0,0,0,0,0,0,0,0,0,0,0,0,0,0,0,0,0,0
WG_METRICS 172,256,768,1.0332,0.0074,0.0066,0.9864,0.0165,0.0163,256,768,196608,393216,199326.8125,398653.6250,0.0000,0,0.0000,0.0000,0,0.0000,0,0.0000,0.0000,0,0.0000,0.0000,0,0,0,0,0,0,0,0,0,0,0,0,0,0,0,0,0,0,0,0,0,0,0,0,0
WG_METRICS 173,256,768,1.0312,0.0075,0.0069,0.9773,0.0234,0.0162,256,768,196608,393216,201170.5469,402341.0938,0.0000,0,0.0000,0.0000,0,0.0000,0,0.0000,0.0000,0,0.0000,0.0000,0,0,0,0,0,0,0,0,0,0,0,0,0,0,0,0,0,0,0,0,0,0,0,0,0
WG_METRICS 174,256,768,1.0225,0.0074,0.0068,0.9751,0.0164,0.0167,256,768,196608,393216,201624.4062,403248.8125,0.0000,0,0.0000,0.0000,0,0.0000,0,0.0000,0.0000,0,0.0000,0.0000,0,0,0,0,0,0,0,0,0,0,0,0,0,0,0,0,0,0,0,0,0,0,0,0,0
WG_METRICS 175,256,768,1.0205,0.0075,0.0068,0.9744,0.0164,0.0154,256,768,196608,393216,201765.1250,403530.2500,0.0000,0,0.0000,0.0000,0,0.0000,0,0.0000,0.0000,0,0.0000,0.0000,0,0,0,0,0,0,0,0,0,0,0,0,0,0,0,0,0,0,0,0,0,0,0,0,0
WG_METRICS 176,256,768,1.0448,0.0074,0.0068,0.9988,0.0163,0.0154,256,768,196608,393216,196836.3281,393672.6562,0.0000,0,0.0000,0.0000,0,0.0000,0,0.0000,0.0000,0,0.0000,0.0000,0,0,0,0,0,0,0,0,0,0,0,0,0,0,0,0,0,0,0,0,0,0,0,0,0
WG_METRICS 177,256,768,1.0194,0.0075,0.0066,0.9800,0.0099,0.0155,256,768,196608,393216,200628.5938,401257.1875,0.0000,0,0.0000,0.0000,0,0.0000,0,0.0000,0.0000,0,0.0000,0.0000,0,0,0,0,0,0,0,0,0,0,0,0,0,0,0,0,0,0,0,0,0,0,0,0,0
WG_METRICS 178,256,768,1.0107,0.0075,0.0068,0.9644,0.0164,0.0156,256,768,196608,393216,203857.1562,407714.3125,0.0000,0,0.0000,0.0000,0,0.0000,0,0.0000,0.0000,0,0.0000,0.0000,0,0,0,0,0,0,0,0,0,0,0,0,0,0,0,0,0,0,0,0,0,0,0,0,0
WG_METRICS 179,256,768,1.0194,0.0074,0.0068,0.9796,0.0099,0.0156,256,768,196608,393216,200694.1250,401388.2500,0.0000,0,0.0000,0.0000,0,0.0000,0,0.0000,0.0000,0,0.0000,0.0000,0,0,0,0,0,0,0,0,0,0,0,0,0,0,0,0,0,0,0,0,0,0,0,0,0
WG_METRICS 180,256,768,1.0388,0.0075,0.0068,0.9920,0.0165,0.0159,256,768,196608,393216,198185.5625,396371.1250,0.0000,0,0.0000,0.0000,0,0.0000,0,0.0000,0.0000,0,0.0000,0.0000,0,0,0,0,0,0,0,0,0,0,0,0,0,0,0,0,0,0,0,0,0,0,0,0,0
WG_METRICS 181,256,768,1.0353,0.0075,0.0068,0.9894,0.0164,0.0153,256,768,196608,393216,198722.4062,397444.8125,0.0000,0,0.0000,0.0000,0,0.0000,0,0.0000,0.0000,0,0.0000,0.0000,0,0,0,0,0,0,0,0,0,0,0,0,0,0,0,0,0,0,0,0,0,0,0,0,0
WG_METRICS 182,256,768,1.0273,0.0074,0.0068,0.9747,0.0228,0.0156,256,768,196608,393216,201707.1562,403414.3125,0.0000,0,0.0000,0.0000,0,0.0000,0,0.0000,0.0000,0,0.0000,0.0000,0,0,0,0,0,0,0,0,0,0,0,0,0,0,0,0,0,0,0,0,0,0,0,0,0
WG_METRICS 183,256,768,1.0355,0.0074,0.0068,0.9828,0.0228,0.0158,256,768,196608,393216,200056.9844,400113.9688,0.0000,0,0.0000,0.0000,0,0.0000,0,0.0000,0.0000,0,0.0000,0.0000,0,0,0,0,0,0,0,0,0,0,0,0,0,0,0,0,0,0,0,0,0,0,0,0,0
WG_METRICS 184,256,768,1.0637,0.0076,0.0068,1.0283,0.0052,0.0158,256,768,196608,393216,191200.8438,382401.6875,0.0000,0,0.0000,0.0000,0,0.0000,0,0.0000,0.0000,0,0.0000,0.0000,0,0,0,0,0,0,0,0,0,0,0,0,0,0,0,0,0,0,0,0,0,0,0,0,0
WG_METRICS 185,256,768,1.0180,0.0074,0.0068,0.9738,0.0144,0.0155,256,768,196608,393216,201906.0156,403812.0312,0.0000,0,0.0000,0.0000,0,0.0000,0,0.0000,0.0000,0,0.0000,0.0000,0,0,0,0,0,0,0,0,0,0,0,0,0,0,0,0,0,0,0,0,0,0,0,0,0
WG_METRICS 186,256,768,1.0309,0.0074,0.0067,0.9774,0.0229,0.0164,256,768,196608,393216,201154.0781,402308.1562,0.0000,0,0.0000,0.0000,0,0.0000,0,0.0000,0.0000,0,0.0000,0.0000,0,0,0,0,0,0,0,0,0,0,0,0,0,0,0,0,0,0,0,0,0,0,0,0,0
WG_METRICS 187,256,768,1.0514,0.0075,0.0067,0.9991,0.0226,0.0155,256,768,196608,393216,196789.0469,393578.0938,0.0000,0,0.0000,0.0000,0,0.0000,0,0.0000,0.0000,0,0.0000,0.0000,0,0,0,0,0,0,0,0,0,0,0,0,0,0,0,0,0,0,0,0,0,0,0,0,0
WG_METRICS 188,256,768,1.0287,0.0074,0.0066,0.9755,0.0232,0.0160,256,768,196608,393216,201550.0000,403100.0000,0.0000,0,0.0000,0.0000,0,0.0000,0,0.0000,0.0000,0,0.0000,0.0000,0,0,0,0,0,0,0,0,0,0,0,0,0,0,0,0,0,0,0,0,0,0,0,0,0
WG_METRICS 189,256,768,1.0268,0.0074,0.0068,0.9826,0.0144,0.0154,256,768,196608,393216,200089.5625,400179.1250,0.0000,0,0.0000,0.0000,0,0.0000,0,0.0000,0.0000,0,0.0000,0.0000,0,0,0,0,0,0,0,0,0,0,0,0,0,0,0,0,0,0,0,0,0,0,0,0,0
WG_METRICS 190,256,768,1.1338,0.0076,0.0068,1.0790,0.0231,0.0174,256,768,196608,393216,182219.9219,364439.8438,0.0000,0,0.0000,0.0000,0,0.0000,0,0.0000,0.0000,0,0.0000,0.0000,0,0,0,0,0,0,0,0,0,0,0,0,0,0,0,0,0,0,0,0,0,0,0,0,0
WG_METRICS 191,256,768,2.4946,0.0076,0.0069,1.1577,0.0754,1.2469,256,768,196608,393216,169829.3125,339658.6250,0.0000,0,0.0000,0.0000,0,0.0000,0,0.0000,0.0000,0,0.0000,0.0000,0,0,0,0,0,0,0,0,0,0,0,0,0,0,0,0,0,0,0,0,0,0,0,0,0
WG_METRICS 192,256,768,1.2174,0.0078,0.0068,1.1616,0.0234,0.0179,256,768,196608,393216,169262.0156,338524.0312,0.0000,0,0.0000,0.0000,0,0.0000,0,0.0000,0.0000,0,0.0000,0.0000,0,0,0,0,0,0,0,0,0,0,0,0,0,0,0,0,0,0,0,0,0,0,0,0,0
WG_METRICS 193,256,768,1.1370,0.0076,0.0069,1.0916,0.0148,0.0162,256,768,196608,393216,180103.3281,360206.6562,0.0000,0,0.0000,0.0000,0,0.0000,0,0.0000,0.0000,0,0.0000,0.0000,0,0,0,0,0,0,0,0,0,0,0,0,0,0,0,0,0,0,0,0,0,0,0,0,0
WG_METRICS 194,256,768,1.0130,0.0075,0.0068,0.9726,0.0097,0.0164,256,768,196608,393216,202146.8281,404293.6562,0.0000,0,0.0000,0.0000,0,0.0000,0,0.0000,0.0000,0,0.0000,0.0000,0,0,0,0,0,0,0,0,0,0,0,0,0,0,0,0,0,0,0,0,0,0,0,0,0
WG_METRICS 195,256,768,1.0392,0.0075,0.0068,0.9950,0.0140,0.0158,256,768,196608,393216,197588.0312,395176.0625,0.0000,0,0.0000,0.0000,0,0.0000,0,0.0000,0.0000,0,0.0000,0.0000,0,0,0,0,0,0,0,0,0,0,0,0,0,0,0,0,0,0,0,0,0,0,0,0,0
WG_METRICS 196,256,768,1.0249,0.0074,0.0068,0.9804,0.0146,0.0158,256,768,196608,393216,200546.7500,401093.5000,0.0000,0,0.0000,0.0000,0,0.0000,0,0.0000,0.0000,0,0.0000,0.0000,0,0,0,0,0,0,0,0,0,0,0,0,0,0,0,0,0,0,0,0,0,0,0,0,0
WG_METRICS 197,256,768,1.0307,0.0075,0.0068,0.9871,0.0139,0.0155,256,768,196608,393216,199181.4219,398362.8438,0.0000,0,0.0000,0.0000,0,0.0000,0,0.0000,0.0000,0,0.0000,0.0000,0,0,0,0,0,0,0,0,0,0,0,0,0,0,0,0,0,0,0,0,0,0,0,0,0
WG_METRICS 198,256,768,1.0228,0.0074,0.0068,0.9792,0.0142,0.0154,256,768,196608,393216,200784.3125,401568.6250,0.0000,0,0.0000,0.0000,0,0.0000,0,0.0000,0.0000,0,0.0000,0.0000,0,0,0,0,0,0,0,0,0,0,0,0,0,0,0,0,0,0,0,0,0,0,0,0,0
WG_METRICS 199,256,768,1.0129,0.0074,0.0069,0.9690,0.0142,0.0154,256,768,196608,393216,202906.2188,405812.4375,0.0000,0,0.0000,0.0000,0,0.0000,0,0.0000,0.0000,0,0.0000,0.0000,0,0,0,0,0,0,0,0,0,0,0,0,0,0,0,0,0,0,0,0,0,0,0,0,0
WG_METRICS 200,256,768,1.0349,0.0074,0.0068,0.9907,0.0141,0.0159,256,768,196608,393216,198457.6250,396915.2500,0.0000,0,0.0000,0.0000,0,0.0000,0,0.0000,0.0000,0,0.0000,0.0000,0,0,0,0,0,0,0,0,0,0,0,0,0,0,0,0,0,0,0,0,0,0,0,0,0
WG_METRICS 201,256,768,1.0282,0.0073,0.0069,0.9840,0.0141,0.0158,256,768,196608,393216,199804.8750,399609.7500,0.0000,0,0.0000,0.0000,0,0.0000,0,0.0000,0.0000,0,0.0000,0.0000,0,0,0,0,0,0,0,0,0,0,0,0,0,0,0,0,0,0,0,0,0,0,0,0,0
WG_METRICS 202,256,768,1.0284,0.0074,0.0066,0.9840,0.0144,0.0160,256,768,196608,393216,199804.8750,399609.7500,0.0000,0,0.0000,0.0000,0,0.0000,0,0.0000,0.0000,0,0.0000,0.0000,0,0,0,0,0,0,0,0,0,0,0,0,0,0,0,0,0,0,0,0,0,0,0,0,0
WG_METRICS 203,256,768,1.0191,0.0073,0.0069,0.9818,0.0075,0.0155,256,768,196608,393216,200244.4375,400488.8750,0.0000,0,0.0000,0.0000,0,0.0000,0,0.0000,0.0000,0,0.0000,0.0000,0,0,0,0,0,0,0,0,0,0,0,0,0,0,0,0,0,0,0,0,0,0,0,0,0
WG_METRICS 204,256,768,1.0449,0.0076,0.0068,0.9996,0.0148,0.0161,256,768,196608,393216,196678.8125,393357.6250,0.0000,0,0.0000,0.0000,0,0.0000,0,0.0000,0.0000,0,0.0000,0.0000,0,0,0,0,0,0,0,0,0,0,0,0,0,0,0,0,0,0,0,0,0,0,0,0,0
WG_METRICS 205,256,768,1.1287,0.0074,0.0069,1.0741,0.0231,0.0171,256,768,196608,393216,183041.0000,366082.0000,0.0000,0,0.0000,0.0000,0,0.0000,0,0.0000,0.0000,0,0.0000,0.0000,0,0,0,0,0,0,0,0,0,0,0,0,0,0,0,0,0,0,0,0,0,0,0,0,0
WG_METRICS 206,256,768,1.2774,0.0078,0.0068,1.2197,0.0236,0.0195,256,768,196608,393216,161191.0938,322382.1875,0.0000,0,0.0000,0.0000,0,0.0000,0,0.0000,0.0000,0,0.0000,0.0000,0,0,0,0,0,0,0,0,0,0,0,0,0,0,0,0,0,0,0,0,0,0,0,0,0
WG_METRICS 207,256,768,1.6235,0.0081,0.0069,1.5596,0.0246,0.0244,256,768,196608,393216,126066.3281,252132.6562,0.0000,0,0.0000,0.0000,0,0.0000,0,0.0000,0.0000,0,0.0000,0.0000,0,0,0,0,0,0,0,0,0,0,0,0,0,0,0,0,0,0,0,0,0,0,0,0,0
WG_METRICS 208,256,768,1.8604,0.0085,0.0070,1.7917,0.0248,0.0284,256,768,196608,393216,109731.4297,219462.8594,0.0000,0,0.0000,0.0000,0,0.0000,0,0.0000,0.0000,0,0.0000,0.0000,0,0,0,0,0,0,0,0,0,0,0,0,0,0,0,0,0,0,0,0,0,0,0,0,0
WG_METRICS 209,256,768,1.7560,0.0084,0.0070,1.7008,0.0148,0.0249,256,768,196608,393216,115594.6484,231189.2969,0.0000,0,0.0000,0.0000,0,0.0000,0,0.0000,0.0000,0,0.0000,0.0000,0,0,0,0,0,0,0,0,0,0,0,0,0,0,0,0,0,0,0,0,0,0,0,0,0
WG_METRICS 210,256,768,1.3942,0.0100,0.0070,1.3342,0.0233,0.0197,256,768,196608,393216,147355.7969,294711.5938,0.0000,0,0.0000,0.0000,0,0.0000,0,0.0000,0.0000,0,0.0000,0.0000,0,0,0,0,0,0,0,0,0,0,0,0,0,0,0,0,0,0,0,0,0,0,0,0,0
WG_METRICS 211,256,768,1.1518,0.0076,0.0068,1.0968,0.0232,0.0175,256,768,196608,393216,179256.0156,358512.0312,0.0000,0,0.0000,0.0000,0,0.0000,0,0.0000,0.0000,0,0.0000,0.0000,0,0,0,0,0,0,0,0,0,0,0,0,0,0,0,0,0,0,0,0,0,0,0,0,0
WG_METRICS 212,256,768,1.1990,0.0076,0.0069,1.1432,0.0229,0.0184,256,768,196608,393216,171986.4219,343972.8438,0.0000,0,0.0000,0.0000,0,0.0000,0,0.0000,0.0000,0,0.0000,0.0000,0,0,0,0,0,0,0,0,0,0,0,0,0,0,0,0,0,0,0,0,0,0,0,0,0
WG_METRICS 213,256,768,1.1927,0.0077,0.0068,1.1374,0.0231,0.0177,256,768,196608,393216,172863.4844,345726.9688,0.0000,0,0.0000,0.0000,0,0.0000,0,0.0000,0.0000,0,0.0000,0.0000,0,0,0,0,0,0,0,0,0,0,0,0,0,0,0,0,0,0,0,0,0,0,0,0,0
WG_METRICS 214,256,768,1.0889,0.0076,0.0069,1.0481,0.0098,0.0166,256,768,196608,393216,187588.7344,375177.4688,0.0000,0,0.0000,0.0000,0,0.0000,0,0.0000,0.0000,0,0.0000,0.0000,0,0,0,0,0,0,0,0,0,0,0,0,0,0,0,0,0,0,0,0,0,0,0,0,0
WG_METRICS 215,256,768,1.0356,0.0074,0.0068,0.9832,0.0229,0.0153,256,768,196608,393216,199975.5781,399951.1562,0.0000,0,0.0000,0.0000,0,0.0000,0,0.0000,0.0000,0,0.0000,0.0000,0,0,0,0,0,0,0,0,0,0,0,0,0,0,0,0,0,0,0,0,0,0,0,0,0
WG_METRICS 216,256,768,1.0440,0.0075,0.0068,1.0005,0.0139,0.0154,256,768,196608,393216,196505.8125,393011.6250,0.0000,0,0.0000,0.0000,0,0.0000,0,0.0000,0.0000,0,0.0000,0.0000,0,0,0,0,0,0,0,0,0,0,0,0,0,0,0,0,0,0,0,0,0,0,0,0,0
WG_METRICS 217,256,768,1.0490,0.0077,0.0068,1.0036,0.0147,0.0162,256,768,196608,393216,195902.7500,391805.5000,0.0000,0,0.0000,0.0000,0,0.0000,0,0.0000,0.0000,0,0.0000,0.0000,0,0,0,0,0,0,0,0,0,0,0,0,0,0,0,0,0,0,0,0,0,0,0,0,0
WG_METRICS 218,256,768,1.0318,0.0074,0.0069,0.9791,0.0226,0.0158,256,768,196608,393216,200808.9219,401617.8438,0.0000,0,0.0000,0.0000,0,0.0000,0,0.0000,0.0000,0,0.0000,0.0000,0,0,0,0,0,0,0,0,0,0,0,0,0,0,0,0,0,0,0,0,0,0,0,0,0
WG_METRICS 219,256,768,1.0333,0.0074,0.0068,0.9893,0.0141,0.0157,256,768,196608,393216,198738.4844,397476.9688,0.0000,0,0.0000,0.0000,0,0.0000,0,0.0000,0.0000,0,0.0000,0.0000,0,0,0,0,0,0,0,0,0,0,0,0,0,0,0,0,0,0,0,0,0,0,0,0,0
WG_METRICS 220,256,768,1.0309,0.0075,0.0068,0.9866,0.0141,0.0160,256,768,196608,393216,199286.4062,398572.8125,0.0000,0,0.0000,0.0000,0,0.0000,0,0.0000,0.0000,0,0.0000,0.0000,0,0,0,0,0,0,0,0,0,0,0,0,0,0,0,0,0,0,0,0,0,0,0,0,0
WG_METRICS 221,256,768,1.0621,0.0074,0.0068,1.0181,0.0142,0.0155,256,768,196608,393216,193108.8594,386217.7188,0.0000,0,0.0000,0.0000,0,0.0000,0,0.0000,0.0000,0,0.0000,0.0000,0,0,0,0,0,0,0,0,0,0,0,0,0,0,0,0,0,0,0,0,0,0,0,0,0
WG_METRICS 222,256,768,1.0230,0.0074,0.0067,0.9788,0.0143,0.0158,256,768,196608,393216,200874.5781,401749.1562,0.0000,0,0.0000,0.0000,0,0.0000,0,0.0000,0.0000,0,0.0000,0.0000,0,0,0,0,0,0,0,0,0,0,0,0,0,0,0,0,0,0,0,0,0,0,0,0,0
WG_METRICS 223,256,768,1.0191,0.0075,0.0068,0.9748,0.0145,0.0156,256,768,196608,393216,201698.8750,403397.7500,0.0000,0,0.0000,0.0000,0,0.0000,0,0.0000,0.0000,0,0.0000,0.0000,0,0,0,0,0,0,0,0,0,0,0,0,0,0,0,0,0,0,0,0,0,0,0,0,0
WG_METRICS 224,256,768,1.0104,0.0074,0.0068,0.9667,0.0139,0.0157,256,768,196608,393216,203384.7812,406769.5625,0.0000,0,0.0000,0.0000,0,0.0000,0,0.0000,0.0000,0,0.0000,0.0000,0,0,0,0,0,0,0,0,0,0,0,0,0,0,0,0,0,0,0,0,0,0,0,0,0
WG_METRICS 225,256,768,1.0286,0.0074,0.0067,0.9824,0.0166,0.0156,256,768,196608,393216,200138.4375,400276.8750,0.0000,0,0.0000,0.0000,0,0.0000,0,0.0000,0.0000,0,0.0000,0.0000,0,0,0,0,0,0,0,0,0,0,0,0,0,0,0,0,0,0,0,0,0,0,0,0,0
WG_METRICS 226,256,768,1.0418,0.0076,0.0068,0.9961,0.0144,0.0170,256,768,196608,393216,197381.7344,394763.4688,0.0000,0,0.0000,0.0000,0,0.0000,0,0.0000,0.0000,0,0.0000,0.0000,0,0,0,0,0,0,0,0,0,0,0,0,0,0,0,0,0,0,0,0,0,0,0,0,0
WG_METRICS 227,256,768,1.0242,0.0074,0.0068,0.9802,0.0143,0.0154,256,768,196608,393216,200571.2969,401142.5938,0.0000,0,0.0000,0.0000,0,0.0000,0,0.0000,0.0000,0,0.0000,0.0000,0,0,0,0,0,0,0,0,0,0,0,0,0,0,0,0,0,0,0,0,0,0,0,0,0
WG_METRICS 228,256,768,1.0200,0.0076,0.0067,0.9756,0.0146,0.0155,256,768,196608,393216,201525.2188,403050.4375,0.0000,0,0.0000,0.0000,0,0.0000,0,0.0000,0.0000,0,0.0000,0.0000,0,0,0,0,0,0,0,0,0,0,0,0,0,0,0,0,0,0,0,0,0,0,0,0,0
WG_METRICS 229,256,768,1.0346,0.0074,0.0068,0.9948,0.0100,0.0155,256,768,196608,393216,197627.7500,395255.5000,0.0000,0,0.0000,0.0000,0,0.0000,0,0.0000,0.0000,0,0.0000,0.0000,0,0,0,0,0,0,0,0,0,0,0,0,0,0,0,0,0,0,0,0,0,0,0,0,0
WG_METRICS 230,256,768,1.0317,0.0074,0.0067,0.9787,0.0228,0.0160,256,768,196608,393216,200882.7812,401765.5625,0.0000,0,0.0000,0.0000,0,0.0000,0,0.0000,0.0000,0,0.0000,0.0000,0,0,0,0,0,0,0,0,0,0,0,0,0,0,0,0,0,0,0,0,0,0,0,0,0
WG_METRICS 231,256,768,1.0424,0.0076,0.0068,0.9974,0.0146,0.0161,256,768,196608,393216,197128.4219,394256.8438,0.0000,0,0.0000,0.0000,0,0.0000,0,0.0000,0.0000,0,0.0000,0.0000,0,0,0,0,0,0,0,0,0,0,0,0,0,0,0,0,0,0,0,0,0,0,0,0,0
WG_METRICS 232,256,768,1.0272,0.0074,0.0068,0.9860,0.0098,0.0171,256,768,196608,393216,199391.5000,398783.0000,0.0000,0,0.0000,0.0000,0,0.0000,0,0.0000,0.0000,0,0.0000,0.0000,0,0,0,0,0,0,0,0,0,0,0,0,0,0,0,0,0,0,0,0,0,0,0,0,0
WG_METRICS 233,256,768,1.0367,0.0074,0.0068,0.9881,0.0183,0.0160,256,768,196608,393216,198971.7812,397943.5625,0.0000,0,0.0000,0.0000,0,0.0000,0,0.0000,0.0000,0,0.0000,0.0000,0,0,0,0,0,0,0,0,0,0,0,0,0,0,0,0,0,0,0,0,0,0,0,0,0
WG_METRICS 234,256,768,1.0498,0.0076,0.0067,0.9964,0.0227,0.0165,256,768,196608,393216,197326.2656,394652.5312,0.0000,0,0.0000,0.0000,0,0.0000,0,0.0000,0.0000,0,0.0000,0.0000,0,0,0,0,0,0,0,0,0,0,0,0,0,0,0,0,0,0,0,0,0,0,0,0,0
WG_METRICS 235,256,768,1.0368,0.0074,0.0068,0.9907,0.0164,0.0155,256,768,196608,393216,198457.6250,396915.2500,0.0000,0,0.0000,0.0000,0,0.0000,0,0.0000,0.0000,0,0.0000,0.0000,0,0,0,0,0,0,0,0,0,0,0,0,0,0,0,0,0,0,0,0,0,0,0,0,0
WG_METRICS 236,256,768,1.3863,0.0079,0.0069,1.3262,0.0239,0.0214,256,768,196608,393216,148244.6719,296489.3438,0.0000,0,0.0000,0.0000,0,0.0000,0,0.0000,0.0000,0,0.0000,0.0000,0,0,0,0,0,0,0,0,0,0,0,0,0,0,0,0,0,0,0,0,0,0,0,0,0
WG_METRICS 237,256,768,1.4820,0.0081,0.0070,1.4288,0.0153,0.0227,256,768,196608,393216,137599.7344,275199.4688,0.0000,0,0.0000,0.0000,0,0.0000,0,0.0000,0.0000,0,0.0000,0.0000,0,0,0,0,0,0,0,0,0,0,0,0,0,0,0,0,0,0,0,0,0,0,0,0,0
WG_METRICS 238,256,768,1.4803,0.0081,0.0069,1.4276,0.0156,0.0222,256,768,196608,393216,137723.1094,275446.2188,0.0000,0,0.0000,0.0000,0,0.0000,0,0.0000,0.0000,0,0.0000,0.0000,0,0,0,0,0,0,0,0,0,0,0,0,0,0,0,0,0,0,0,0,0,0,0,0,0
WG_METRICS 239,256,768,1.3105,0.0079,0.0069,1.2518,0.0237,0.0201,256,768,196608,393216,157055.2188,314110.4375,0.0000,0,0.0000,0.0000,0,0.0000,0,0.0000,0.0000,0,0.0000,0.0000,0,0,0,0,0,0,0,0,0,0,0,0,0,0,0,0,0,0,0,0,0,0,0,0,0
WG_METRICS 240,256,768,1.1188,0.0076,0.0069,1.0653,0.0231,0.0159,256,768,196608,393216,184553.0000,369106.0000,0.0000,0,0.0000,0.0000,0,0.0000,0,0.0000,0.0000,0,0.0000,0.0000,0,0,0,0,0,0,0,0,0,0,0,0,0,0,0,0,0,0,0,0,0,0,0,0,0
WG_METRICS 241,256,768,1.0385,0.0074,0.0068,0.9942,0.0145,0.0156,256,768,196608,393216,197747.0312,395494.0625,0.0000,0,0.0000,0.0000,0,0.0000,0,0.0000,0.0000,0,0.0000,0.0000,0,0,0,0,0,0,0,0,0,0,0,0,0,0,0,0,0,0,0,0,0,0,0,0,0
WG_METRICS 242,256,768,1.0520,0.0075,0.0069,1.0007,0.0207,0.0162,256,768,196608,393216,196474.4062,392948.8125,0.0000,0,0.0000,0.0000,0,0.0000,0,0.0000,0.0000,0,0.0000,0.0000,0,0,0,0,0,0,0,0,0,0,0,0,0,0,0,0,0,0,0,0,0,0,0,0,0
WG_METRICS 243,256,768,1.0153,0.0075,0.0068,0.9708,0.0144,0.0159,256,768,196608,393216,202521.6406,405043.2812,0.0000,0,0.0000,0.0000,0,0.0000,0,0.0000,0.0000,0,0.0000,0.0000,0,0,0,0,0,0,0,0,0,0,0,0,0,0,0,0,0,0,0,0,0,0,0,0,0
WG_METRICS 244,256,768,1.0346,0.0074,0.0068,0.9906,0.0141,0.0155,256,768,196608,393216,198465.6406,396931.2812,0.0000,0,0.0000,0.0000,0,0.0000,0,0.0000,0.0000,0,0.0000,0.0000,0,0,0,0,0,0,0,0,0,0,0,0,0,0,0,0,0,0,0,0,0,0,0,0,0
WG_METRICS 245,256,768,1.0141,0.0074,0.0068,0.9700,0.0142,0.0157,256,768,196608,393216,202688.6562,405377.3125,0.0000,0,0.0000,0.0000,0,0.0000,0,0.0000,0.0000,0,0.0000,0.0000,0,0,0,0,0,0,0,0,0,0,0,0,0,0,0,0,0,0,0,0,0,0,0,0,0
WG_METRICS 246,256,768,1.0237,0.0074,0.0068,0.9792,0.0142,0.0160,256,768,196608,393216,200792.5156,401585.0312,0.0000,0,0.0000,0.0000,0,0.0000,0,0.0000,0.0000,0,0.0000,0.0000,0,0,0,0,0,0,0,0,0,0,0,0,0,0,0,0,0,0,0,0,0,0,0,0,0
WG_METRICS 247,256,768,1.0171,0.0074,0.0069,0.9733,0.0140,0.0155,256,768,196608,393216,201997.2812,403994.5625,0.0000,0,0.0000,0.0000,0,0.0000,0,0.0000,0.0000,0,0.0000,0.0000,0,0,0,0,0,0,0,0,0,0,0,0,0,0,0,0,0,0,0,0,0,0,0,0,0
WG_METRICS 248,256,768,1.0278,0.0075,0.0067,0.9833,0.0142,0.0160,256,768,196608,393216,199951.1875,399902.3750,0.0000,0,0.0000,0.0000,0,0.0000,0,0.0000,0.0000,0,0.0000,0.0000,0,0,0,0,0,0,0,0,0,0,0,0,0,0,0,0,0,0,0,0,0,0,0,0,0
WG_METRICS 249,256,768,1.0296,0.0074,0.0068,0.9823,0.0170,0.0160,256,768,196608,393216,200146.5938,400293.1875,0.0000,0,0.0000,0.0000,0,0.0000,0,0.0000,0.0000,0,0.0000,0.0000,0,0,0,0,0,0,0,0,0,0,0,0,0,0,0,0,0,0,0,0,0,0,0,0,0
WG_METRICS 250,256,768,1.0140,0.0074,0.0069,0.9701,0.0140,0.0156,256,768,196608,393216,202671.9375,405343.8750,0.0000,0,0.0000,0.0000,0,0.0000,0,0.0000,0.0000,0,0.0000,0.0000,0,0,0,0,0,0,0,0,0,0,0,0,0,0,0,0,0,0,0,0,0,0,0,0,0
WG_METRICS 251,256,768,1.0353,0.0074,0.0068,0.9913,0.0140,0.0158,256,768,196608,393216,198329.5000,396659.0000,0.0000,0,0.0000,0.0000,0,0.0000,0,0.0000,0.0000,0,0.0000,0.0000,0,0,0,0,0,0,0,0,0,0,0,0,0,0,0,0,0,0,0,0,0,0,0,0,0
WG_METRICS 252,256,768,1.0558,0.0075,0.0068,1.0095,0.0163,0.0157,256,768,196608,393216,194753.9375,389507.8750,0.0000,0,0.0000,0.0000,0,0.0000,0,0.0000,0.0000,0,0.0000,0.0000,0,0,0,0,0,0,0,0,0,0,0,0,0,0,0,0,0,0,0,0,0,0,0,0,0
WG_METRICS 253,256,768,1.0172,0.0074,0.0068,0.9729,0.0142,0.0159,256,768,196608,393216,202080.3281,404160.6562,0.0000,0,0.0000,0.0000,0,0.0000,0,0.0000,0.0000,0,0.0000,0.0000,0,0,0,0,0,0,0,0,0,0,0,0,0,0,0,0,0,0,0,0,0,0,0,0,0
WG_METRICS 254,256,768,1.0176,0.0076,0.0068,0.9714,0.0164,0.0155,256,768,196608,393216,202404.8750,404809.7500,0.0000,0,0.0000,0.0000,0,0.0000,0,0.0000,0.0000,0,0.0000,0.0000,0,0,0,0,0,0,0,0,0,0,0,0,0,0,0,0,0,0,0,0,0,0,0,0,0
WG_METRICS 255,256,768,1.0594,0.0075,0.0068,1.0149,0.0144,0.0158,256,768,196608,393216,193725.3750,387450.7500,0.0000,0,0.0000,0.0000,0,0.0000,0,0.0000,0.0000,0,0.0000,0.0000,0,0,0,0,0,0,0,0,0,0,0,0,0,0,0,0,0,0,0,0,0,0,0,0,0
WG_METRICS 256,256,768,1.0810,0.0077,0.0066,0.9764,0.0672,0.0232,256,768,196608,393216,201368.3438,402736.6875,0.0000,0,0.0000,0.0000,0,0.0000,0,0.0000,0.0000,0,0.0000,0.0000,0,0,0,0,0,0,0,0,0,0,0,0,0,0,0,0,0,0,0,0,0,0,0,0,0
WG_METRICS 257,256,768,1.0254,0.0074,0.0068,0.9787,0.0170,0.0156,256,768,196608,393216,200891.0000,401782.0000,0.0000,0,0.0000,0.0000,0,0.0000,0,0.0000,0.0000,0,0.0000,0.0000,0,0,0,0,0,0,0,0,0,0,0,0,0,0,0,0,0,0,0,0,0,0,0,0,0
WG_METRICS 258,256,768,1.0207,0.0074,0.0069,0.9740,0.0169,0.0155,256,768,196608,393216,201856.2656,403712.5312,0.0000,0,0.0000,0.0000,0,0.0000,0,0.0000,0.0000,0,0.0000,0.0000,0,0,0,0,0,0,0,0,0,0,0,0,0,0,0,0,0,0,0,0,0,0,0,0,0
WG_METRICS 259,256,768,1.0520,0.0074,0.0069,1.0053,0.0164,0.0161,256,768,196608,393216,195567.5938,391135.1875,0.0000,0,0.0000,0.0000,0,0.0000,0,0.0000,0.0000,0,0.0000,0.0000,0,0,0,0,0,0,0,0,0,0,0,0,0,0,0,0,0,0,0,0,0,0,0,0,0
WG_METRICS 260,256,768,1.0245,0.0076,0.0067,0.9784,0.0163,0.0155,256,768,196608,393216,200956.7031,401913.4062,0.0000,0,0.0000,0.0000,0,0.0000,0,0.0000,0.0000,0,0.0000,0.0000,0,0,0,0,0,0,0,0,0,0,0,0,0,0,0,0,0,0,0,0,0,0,0,0,0
WG_METRICS 261,256,768,1.0243,0.0074,0.0068,0.9776,0.0163,0.0161,256,768,196608,393216,201112.9375,402225.8750,0.0000,0,0.0000,0.0000,0,0.0000,0,0.0000,0.0000,0,0.0000,0.0000,0,0,0,0,0,0,0,0,0,0,0,0,0,0,0,0,0,0,0,0,0,0,0,0,0
WG_METRICS 262,256,768,1.0378,0.0074,0.0068,0.9918,0.0164,0.0154,256,768,196608,393216,198225.5156,396451.0312,0.0000,0,0.0000,0.0000,0,0.0000,0,0.0000,0.0000,0,0.0000,0.0000,0,0,0,0,0,0,0,0,0,0,0,0,0,0,0,0,0,0,0,0,0,0,0,0,0
WG_METRICS 263,256,768,1.0471,0.0074,0.0068,1.0005,0.0164,0.0159,256,768,196608,393216,196505.8125,393011.6250,0.0000,0,0.0000,0.0000,0,0.0000,0,0.0000,0.0000,0,0.0000,0.0000,0,0,0,0,0,0,0,0,0,0,0,0,0,0,0,0,0,0,0,0,0,0,0,0,0
WG_METRICS 264,256,768,1.0589,0.0075,0.0068,1.0195,0.0090,0.0161,256,768,196608,393216,192843.6875,385687.3750,0.0000,0,0.0000,0.0000,0,0.0000,0,0.0000,0.0000,0,0.0000,0.0000,0,0,0,0,0,0,0,0,0,0,0,0,0,0,0,0,0,0,0,0,0,0,0,0,0
WG_METRICS 265,256,768,1.0222,0.0075,0.0067,0.9759,0.0166,0.0156,256,768,196608,393216,201467.3906,402934.7812,0.0000,0,0.0000,0.0000,0,0.0000,0,0.0000,0.0000,0,0.0000,0.0000,0,0,0,0,0,0,0,0,0,0,0,0,0,0,0,0,0,0,0,0,0,0,0,0,0
WG_METRICS 266,256,768,1.0482,0.0075,0.0068,0.9956,0.0228,0.0155,256,768,196608,393216,197468.9688,394937.9375,0.0000,0,0.0000,0.0000,0,0.0000,0,0.0000,0.0000,0,0.0000,0.0000,0,0,0,0,0,0,0,0,0,0,0,0,0,0,0,0,0,0,0,0,0,0,0,0,0
WG_METRICS 267,256,768,1.0244,0.0075,0.0068,0.9717,0.0229,0.0156,256,768,196608,393216,202338.2188,404676.4375,0.0000,0,0.0000,0.0000,0,0.0000,0,0.0000,0.0000,0,0.0000,0.0000,0,0,0,0,0,0,0,0,0,0,0,0,0,0,0,0,0,0,0,0,0,0,0,0,0
WG_METRICS 268,256,768,1.0371,0.0074,0.0068,0.9845,0.0228,0.0155,256,768,196608,393216,199699.3438,399398.6875,0.0000,0,0.0000,0.0000,0,0.0000,0,0.0000,0.0000,0,0.0000,0.0000,0,0,0,0,0,0,0,0,0,0,0,0,0,0,0,0,0,0,0,0,0,0,0,0,0
WG_METRICS 269,256,768,1.0360,0.0075,0.0068,0.9834,0.0229,0.0154,256,768,196608,393216,199934.9219,399869.8438,0.0000,0,0.0000,0.0000,0,0.0000,0,0.0000,0.0000,0,0.0000,0.0000,0,0,0,0,0,0,0,0,0,0,0,0,0,0,0,0,0,0,0,0,0,0,0,0,0
WG_METRICS 270,256,768,1.0355,0.0074,0.0068,0.9830,0.0228,0.0155,256,768,196608,393216,200008.1406,400016.2812,0.0000,0,0.0000,0.0000,0,0.0000,0,0.0000,0.0000,0,0.0000,0.0000,0,0,0,0,0,0,0,0,0,0,0,0,0,0,0,0,0,0,0,0,0,0,0,0,0
WG_METRICS 271,256,768,1.0367,0.0075,0.0068,0.9834,0.0229,0.0162,256,768,196608,393216,199934.9219,399869.8438,0.0000,0,0.0000,0.0000,0,0.0000,0,0.0000,0.0000,0,0.0000,0.0000,0,0,0,0,0,0,0,0,0,0,0,0,0,0,0,0,0,0,0,0,0,0,0,0,0
WG_METRICS 272,256,768,1.0154,0.0075,0.0066,0.9708,0.0143,0.0162,256,768,196608,393216,202529.9844,405059.9688,0.0000,0,0.0000,0.0000,0,0.0000,0,0.0000,0.0000,0,0.0000,0.0000,0,0,0,0,0,0,0,0,0,0,0,0,0,0,0,0,0,0,0,0,0,0,0,0,0
WG_METRICS 273,256,768,1.0432,0.0077,0.0068,0.9964,0.0165,0.0159,256,768,196608,393216,197326.2656,394652.5312,0.0000,0,0.0000,0.0000,0,0.0000,0,0.0000,0.0000,0,0.0000,0.0000,0,0,0,0,0,0,0,0,0,0,0,0,0,0,0,0,0,0,0,0,0,0,0,0,0
WG_METRICS 274,256,768,1.0242,0.0076,0.0068,0.9775,0.0168,0.0155,256,768,196608,393216,201129.3906,402258.7812,0.0000,0,0.0000,0.0000,0,0.0000,0,0.0000,0.0000,0,0.0000,0.0000,0,0,0,0,0,0,0,0,0,0,0,0,0,0,0,0,0,0,0,0,0,0,0,0,0
WG_METRICS 275,256,768,1.0316,0.0074,0.0068,0.9921,0.0095,0.0158,256,768,196608,393216,198177.5781,396355.1562,0.0000,0,0.0000,0.0000,0,0.0000,0,0.0000,0.0000,0,0.0000,0.0000,0,0,0,0,0,0,0,0,0,0,0,0,0,0,0,0,0,0,0,0,0,0,0,0,0
WG_METRICS 276,256,768,1.0210,0.0074,0.0068,0.9685,0.0227,0.0156,256,768,196608,393216,202998.3906,405996.7812,0.0000,0,0.0000,0.0000,0,0.0000,0,0.0000,0.0000,0,0.0000,0.0000,0,0,0,0,0,0,0,0,0,0,0,0,0,0,0,0,0,0,0,0,0,0,0,0,0
WG_METRICS 277,256,768,1.0204,0.0074,0.0070,0.9742,0.0164,0.0155,256,768,196608,393216,201814.8125,403629.6250,0.0000,0,0.0000,0.0000,0,0.0000,0,0.0000,0.0000,0,0.0000,0.0000,0,0,0,0,0,0,0,0,0,0,0,0,0,0,0,0,0,0,0,0,0,0,0,0,0
WG_METRICS 278,256,768,1.0573,0.0074,0.0069,1.0126,0.0146,0.0158,256,768,196608,393216,194153.8906,388307.7812,0.0000,0,0.0000,0.0000,0,0.0000,0,0.0000,0.0000,0,0.0000,0.0000,0,0,0,0,0,0,0,0,0,0,0,0,0,0,0,0,0,0,0,0,0,0,0,0,0
WG_METRICS 279,256,768,1.0268,0.0075,0.0067,0.9875,0.0096,0.0155,256,768,196608,393216,199100.7500,398201.5000,0.0000,0,0.0000,0.0000,0,0.0000,0,0.0000,0.0000,0,0.0000,0.0000,0,0,0,0,0,0,0,0,0,0,0,0,0,0,0,0,0,0,0,0,0,0,0,0,0
WG_METRICS 280,256,768,1.0356,0.0074,0.0069,0.9913,0.0142,0.0158,256,768,196608,393216,198337.5000,396675.0000,0.0000,0,0.0000,0.0000,0,0.0000,0,0.0000,0.0000,0,0.0000,0.0000,0,0,0,0,0,0,0,0,0,0,0,0,0,0,0,0,0,0,0,0,0,0,0,0,0
WG_METRICS 281,256,768,1.0295,0.0074,0.0068,0.9801,0.0189,0.0162,256,768,196608,393216,200595.8438,401191.6875,0.0000,0,0.0000,0.0000,0,0.0000,0,0.0000,0.0000,0,0.0000,0.0000,0,0,0,0,0,0,0,0,0,0,0,0,0,0,0,0,0,0,0,0,0,0,0,0,0
WG_METRICS 282,256,768,1.0488,0.0074,0.0069,0.9966,0.0224,0.0155,256,768,196608,393216,197286.6719,394573.3438,0.0000,0,0.0000,0.0000,0,0.0000,0,0.0000,0.0000,0,0.0000,0.0000,0,0,0,0,0,0,0,0,0,0,0,0,0,0,0,0,0,0,0,0,0,0,0,0,0
WG_METRICS 283,256,768,1.0350,0.0074,0.0068,0.9827,0.0227,0.0154,256,768,196608,393216,200065.1250,400130.2500,0.0000,0,0.0000,0.0000,0,0.0000,0,0.0000,0.0000,0,0.0000,0.0000,0,0,0,0,0,0,0,0,0,0,0,0,0,0,0,0,0,0,0,0,0,0,0,0,0
WG_METRICS 284,256,768,1.0440,0.0074,0.0067,0.9976,0.0164,0.0159,256,768,196608,393216,197080.9844,394161.9688,0.0000,0,0.0000,0.0000,0,0.0000,0,0.0000,0.0000,0,0.0000,0.0000,0,0,0,0,0,0,0,0,0,0,0,0,0,0,0,0,0,0,0,0,0,0,0,0,0
WG_METRICS 285,256,768,1.0229,0.0074,0.0068,0.9888,0.0044,0.0156,256,768,196608,393216,198843.0000,397686.0000,0.0000,0,0.0000,0.0000,0,0.0000,0,0.0000,0.0000,0,0.0000,0.0000,0,0,0,0,0,0,0,0,0,0,0,0,0,0,0,0,0,0,0,0,0,0,0,0,0
WG_METRICS 286,256,768,1.0237,0.0076,0.0069,0.9758,0.0171,0.0162,256,768,196608,393216,201475.6562,402951.3125,0.0000,0,0.0000,0.0000,0,0.0000,0,0.0000,0.0000,0,0.0000,0.0000,0,0,0,0,0,0,0,0,0,0,0,0,0,0,0,0,0,0,0,0,0,0,0,0,0
WG_METRICS 287,256,768,1.0544,0.0074,0.0069,1.0016,0.0231,0.0155,256,768,196608,393216,196293.9219,392587.8438,0.0000,0,0.0000,0.0000,0,0.0000,0,0.0000,0.0000,0,0.0000,0.0000,0,0,0,0,0,0,0,0,0,0,0,0,0,0,0,0,0,0,0,0,0,0,0,0,0
WG_METRICS 288,256,768,1.0245,0.0075,0.0068,0.9712,0.0233,0.0157,256,768,196608,393216,202438.2188,404876.4375,0.0000,0,0.0000,0.0000,0,0.0000,0,0.0000,0.0000,0,0.0000,0.0000,0,0,0,0,0,0,0,0,0,0,0,0,0,0,0,0,0,0,0,0,0,0,0,0,0
WG_METRICS 289,256,768,1.0486,0.0075,0.0068,0.9952,0.0229,0.0162,256,768,196608,393216,197564.2188,395128.4375,0.0000,0,0.0000,0.0000,0,0.0000,0,0.0000,0.0000,0,0.0000,0.0000,0,0,0,0,0,0,0,0,0,0,0,0,0,0,0,0,0,0,0,0,0,0,0,0,0
WG_METRICS 290,256,768,1.0308,0.0075,0.0067,0.9782,0.0229,0.0155,256,768,196608,393216,200989.5625,401979.1250,0.0000,0,0.0000,0.0000,0,0.0000,0,0.0000,0.0000,0,0.0000,0.0000,0,0,0,0,0,0,0,0,0,0,0,0,0,0,0,0,0,0,0,0,0,0,0,0,0
WG_METRICS 291,256,768,1.0265,0.0074,0.0068,0.9739,0.0229,0.0154,256,768,196608,393216,201881.1406,403762.2812,0.0000,0,0.0000,0.0000,0,0.0000,0,0.0000,0.0000,0,0.0000,0.0000,0,0,0,0,0,0,0,0,0,0,0,0,0,0,0,0,0,0,0,0,0,0,0,0,0
WG_METRICS 292,256,768,1.0280,0.0074,0.0068,0.9754,0.0228,0.0156,256,768,196608,393216,201566.5469,403133.0938,0.0000,0,0.0000,0.0000,0,0.0000,0,0.0000,0.0000,0,0.0000,0.0000,0,0,0,0,0,0,0,0,0,0,0,0,0,0,0,0,0,0,0,0,0,0,0,0,0
WG_METRICS 293,256,768,1.0290,0.0102,0.0069,0.9734,0.0231,0.0154,256,768,196608,393216,201980.6875,403961.3750,0.0000,0,0.0000,0.0000,0,0.0000,0,0.0000,0.0000,0,0.0000,0.0000,0,0,0,0,0,0,0,0,0,0,0,0,0,0,0,0,0,0,0,0,0,0,0,0,0
WG_METRICS 294,256,768,1.0490,0.0075,0.0068,0.9955,0.0234,0.0158,256,768,196608,393216,197500.7031,395001.4062,0.0000,0,0.0000,0.0000,0,0.0000,0,0.0000,0.0000,0,0.0000,0.0000,0,0,0,0,0,0,0,0,0,0,0,0,0,0,0,0,0,0,0,0,0,0,0,0,0
WG_METRICS 295,256,768,1.0604,0.0074,0.0069,1.0074,0.0230,0.0156,256,768,196608,393216,195156.0469,390312.0938,0.0000,0,0.0000,0.0000,0,0.0000,0,0.0000,0.0000,0,0.0000,0.0000,0,0,0,0,0,0,0,0,0,0,0,0,0,0,0,0,0,0,0,0,0,0,0,0,0
WG_METRICS 296,256,768,1.0301,0.0075,0.0068,0.9864,0.0139,0.0155,256,768,196608,393216,199318.7344,398637.4688,0.0000,0,0.0000,0.0000,0,0.0000,0,0.0000,0.0000,0,0.0000,0.0000,0,0,0,0,0,0,0,0,0,0,0,0,0,0,0,0,0,0,0,0,0,0,0,0,0
WG_METRICS 297,256,768,1.0381,0.0076,0.0068,0.9906,0.0166,0.0165,256,768,196608,393216,198481.6719,396963.3438,0.0000,0,0.0000,0.0000,0,0.0000,0,0.0000,0.0000,0,0.0000,0.0000,0,0,0,0,0,0,0,0,0,0,0,0,0,0,0,0,0,0,0,0,0,0,0,0,0
WG_METRICS 298,256,768,1.0344,0.0074,0.0068,0.9818,0.0230,0.0155,256,768,196608,393216,200252.5938,400505.1875,0.0000,0,0.0000,0.0000,0,0.0000,0,0.0000,0.0000,0,0.0000,0.0000,0,0,0,0,0,0,0,0,0,0,0,0,0,0,0,0,0,0,0,0,0,0,0,0,0
WG_METRICS 299,256,768,1.0258,0.0075,0.0068,0.9798,0.0163,0.0154,256,768,196608,393216,200661.3594,401322.7188,0.0000,0,0.0000,0.0000,0,0.0000,0,0.0000,0.0000,0,0.0000,0.0000,0,0,0,0,0,0,0,0,0,0,0,0,0,0,0,0,0,0,0,0,0,0,0,0,0
WG_METRICS 300,256,768,1.2586,0.0075,0.0069,1.0146,0.2141,0.0155,256,768,196608,393216,193778.8281,387557.6562,0.0000,0,0.0000,0.0000,0,0.0000,0,0.0000,0.0000,0,0.0000,0.0000,0,0,0,0,0,0,0,0,0,0,0,0,0,0,0,0,0,0,0,0,0,0,0,0,0
WG_METRICS 301,256,768,1.0104,0.0074,0.0068,0.9666,0.0141,0.0155,256,768,196608,393216,203401.6094,406803.2188,0.0000,0,0.0000,0.0000,0,0.0000,0,0.0000,0.0000,0,0.0000,0.0000,0,0,0,0,0,0,0,0,0,0,0,0,0,0,0,0,0,0,0,0,0,0,0,0,0
WG_METRICS 302,256,768,1.0302,0.0074,0.0069,0.9776,0.0227,0.0155,256,768,196608,393216,201112.9375,402225.8750,0.0000,0,0.0000,0.0000,0,0.0000,0,0.0000,0.0000,0,0.0000,0.0000,0,0,0,0,0,0,0,0,0,0,0,0,0,0,0,0,0,0,0,0,0,0,0,0,0
WG_METRICS 303,256,768,1.0165,0.0075,0.0068,0.9641,0.0227,0.0154,256,768,196608,393216,203933.2812,407866.5625,0.0000,0,0.0000,0.0000,0,0.0000,0,0.0000,0.0000,0,0.0000,0.0000,0,0,0,0,0,0,0,0,0,0,0,0,0,0,0,0,0,0,0,0,0,0,0,0,0
WG_METRICS 304,256,768,1.0460,0.0074,0.0068,0.9930,0.0232,0.0155,256,768,196608,393216,197985.9844,395971.9688,0.0000,0,0.0000,0.0000,0,0.0000,0,0.0000,0.0000,0,0.0000,0.0000,0,0,0,0,0,0,0,0,0,0,0,0,0,0,0,0,0,0,0,0,0,0,0,0,0
WG_METRICS 305,256,768,1.0345,0.0074,0.0068,0.9817,0.0230,0.0156,256,768,196608,393216,200268.9219,400537.8438,0.0000,0,0.0000,0.0000,0,0.0000,0,0.0000,0.0000,0,0.0000,0.0000,0,0,0,0,0,0,0,0,0,0,0,0,0,0,0,0,0,0,0,0,0,0,0,0,0
WG_METRICS 306,256,768,1.0280,0.0074,0.0066,0.9738,0.0230,0.0172,256,768,196608,393216,201906.0156,403812.0312,0.0000,0,0.0000,0.0000,0,0.0000,0,0.0000,0.0000,0,0.0000,0.0000,0,0,0,0,0,0,0,0,0,0,0,0,0,0,0,0,0,0,0,0,0,0,0,0,0
WG_METRICS 307,256,768,1.0361,0.0074,0.0068,0.9830,0.0230,0.0158,256,768,196608,393216,200008.1406,400016.2812,0.0000,0,0.0000,0.0000,0,0.0000,0,0.0000,0.0000,0,0.0000,0.0000,0,0,0,0,0,0,0,0,0,0,0,0,0,0,0,0,0,0,0,0,0,0,0,0,0
WG_METRICS 308,256,768,1.0523,0.0075,0.0068,0.9993,0.0228,0.0159,256,768,196608,393216,196749.6719,393499.3438,0.0000,0,0.0000,0.0000,0,0.0000,0,0.0000,0.0000,0,0.0000,0.0000,0,0,0,0,0,0,0,0,0,0,0,0,0,0,0,0,0,0,0,0,0,0,0,0,0
WG_METRICS 309,256,768,1.0432,0.0092,0.0066,0.9889,0.0230,0.0154,256,768,196608,393216,198810.8281,397621.6562,0.0000,0,0.0000,0.0000,0,0.0000,0,0.0000,0.0000,0,0.0000,0.0000,0,0,0,0,0,0,0,0,0,0,0,0,0,0,0,0,0,0,0,0,0,0,0,0,0
WG_METRICS 310,256,768,1.0392,0.0075,0.0068,0.9866,0.0228,0.0154,256,768,196608,393216,199270.2500,398540.5000,0.0000,0,0.0000,0.0000,0,0.0000,0,0.0000,0.0000,0,0.0000,0.0000,0,0,0,0,0,0,0,0,0,0,0,0,0,0,0,0,0,0,0,0,0,0,0,0,0
WG_METRICS 311,256,768,1.0300,0.0074,0.0069,0.9835,0.0145,0.0178,256,768,196608,393216,199910.5312,399821.0625,0.0000,0,0.0000,0.0000,0,0.0000,0,0.0000,0.0000,0,0.0000,0.0000,0,0,0,0,0,0,0,0,0,0,0,0,0,0,0,0,0,0,0,0,0,0,0,0,0
WG_METRICS 312,256,768,1.0333,0.0074,0.0068,0.9810,0.0226,0.0155,256,768,196608,393216,200424.0781,400848.1562,0.0000,0,0.0000,0.0000,0,0.0000,0,0.0000,0.0000,0,0.0000,0.0000,0,0,0,0,0,0,0,0,0,0,0,0,0,0,0,0,0,0,0,0,0,0,0,0,0
WG_METRICS 313,256,768,1.0410,0.0076,0.0068,0.9875,0.0231,0.0160,256,768,196608,393216,199100.7500,398201.5000,0.0000,0,0.0000,0.0000,0,0.0000,0,0.0000,0.0000,0,0.0000,0.0000,0,0,0,0,0,0,0,0,0,0,0,0,0,0,0,0,0,0,0,0,0,0,0,0,0
WG_METRICS 314,256,768,1.0500,0.0075,0.0068,0.9831,0.0366,0.0160,256,768,196608,393216,199991.8594,399983.7188,0.0000,0,0.0000,0.0000,0,0.0000,0,0.0000,0.0000,0,0.0000,0.0000,0,0,0,0,0,0,0,0,0,0,0,0,0,0,0,0,0,0,0,0,0,0,0,0,0
WG_METRICS 315,256,768,1.0203,0.0074,0.0068,0.9766,0.0139,0.0155,256,768,196608,393216,201310.6250,402621.2500,0.0000,0,0.0000,0.0000,0,0.0000,0,0.0000,0.0000,0,0.0000,0.0000,0,0,0,0,0,0,0,0,0,0,0,0,0,0,0,0,0,0,0,0,0,0,0,0,0
WG_METRICS 316,256,768,1.0250,0.0074,0.0068,0.9788,0.0164,0.0157,256,768,196608,393216,200874.5781,401749.1562,0.0000,0,0.0000,0.0000,0,0.0000,0,0.0000,0.0000,0,0.0000,0.0000,0,0,0,0,0,0,0,0,0,0,0,0,0,0,0,0,0,0,0,0,0,0,0,0,0
WG_METRICS 317,256,768,1.0300,0.0075,0.0068,0.9856,0.0144,0.0156,256,768,196608,393216,199472.4219,398944.8438,0.0000,0,0.0000,0.0000,0,0.0000,0,0.0000,0.0000,0,0.0000,0.0000,0,0,0,0,0,0,0,0,0,0,0,0,0,0,0,0,0,0,0,0,0,0,0,0,0
WG_METRICS 318,256,768,1.0580,0.0074,0.0068,0.9924,0.0360,0.0155,256,768,196608,393216,198121.6562,396243.3125,0.0000,0,0.0000,0.0000,0,0.0000,0,0.0000,0.0000,0,0.0000,0.0000,0,0,0,0,0,0,0,0,0,0,0,0,0,0,0,0,0,0,0,0,0,0,0,0,0
WG_METRICS 319,256,768,1.0438,0.0075,0.0068,0.9774,0.0366,0.0155,256,768,196608,393216,201145.8438,402291.6875,0.0000,0,0.0000,0.0000,0,0.0000,0,0.0000,0.0000,0,0.0000,0.0000,0,0,0,0,0,0,0,0,0,0,0,0,0,0,0,0,0,0,0,0,0,0,0,0,0
WG_METRICS 320,256,768,1.0185,0.0075,0.0068,0.9742,0.0144,0.0156,256,768,196608,393216,201806.5312,403613.0625,0.0000,0,0.0000,0.0000,0,0.0000,0,0.0000,0.0000,0,0.0000,0.0000,0,0,0,0,0,0,0,0,0,0,0,0,0,0,0,0,0,0,0,0,0,0,0,0,0
WG_METRICS 321,256,768,1.0389,0.0075,0.0068,0.9937,0.0151,0.0158,256,768,196608,393216,197850.5000,395701.0000,0.0000,0,0.0000,0.0000,0,0.0000,0,0.0000,0.0000,0,0.0000,0.0000,0,0,0,0,0,0,0,0,0,0,0,0,0,0,0,0,0,0,0,0,0,0,0,0,0
WG_METRICS 322,256,768,1.0130,0.0074,0.0068,0.9684,0.0144,0.0160,256,768,196608,393216,203023.5469,406047.0938,0.0000,0,0.0000,0.0000,0,0.0000,0,0.0000,0.0000,0,0.0000,0.0000,0,0,0,0,0,0,0,0,0,0,0,0,0,0,0,0,0,0,0,0,0,0,0,0,0
WG_METRICS 323,256,768,1.0291,0.0075,0.0068,0.9768,0.0226,0.0154,256,768,196608,393216,201285.8750,402571.7500,0.0000,0,0.0000,0.0000,0,0.0000,0,0.0000,0.0000,0,0.0000,0.0000,0,0,0,0,0,0,0,0,0,0,0,0,0,0,0,0,0,0,0,0,0,0,0,0,0
WG_METRICS 324,256,768,1.0374,0.0075,0.0068,0.9930,0.0144,0.0157,256,768,196608,393216,197985.9844,395971.9688,0.0000,0,0.0000,0.0000,0,0.0000,0,0.0000,0.0000,0,0.0000,0.0000,0,0,0,0,0,0,0,0,0,0,0,0,0,0,0,0,0,0,0,0,0,0,0,0,0
WG_METRICS 325,256,768,1.0502,0.0101,0.0068,0.9950,0.0228,0.0155,256,768,196608,393216,197595.9844,395191.9688,0.0000,0,0.0000,0.0000,0,0.0000,0,0.0000,0.0000,0,0.0000,0.0000,0,0,0,0,0,0,0,0,0,0,0,0,0,0,0,0,0,0,0,0,0,0,0,0,0
WG_METRICS 326,256,768,1.0203,0.0074,0.0069,0.9678,0.0228,0.0154,256,768,196608,393216,203149.4062,406298.8125,0.0000,0,0.0000,0.0000,0,0.0000,0,0.0000,0.0000,0,0.0000,0.0000,0,0,0,0,0,0,0,0,0,0,0,0,0,0,0,0,0,0,0,0,0,0,0,0,0
WG_METRICS 327,256,768,1.0497,0.0076,0.0067,0.9969,0.0227,0.0158,256,768,196608,393216,197215.4219,394430.8438,0.0000,0,0.0000,0.0000,0,0.0000,0,0.0000,0.0000,0,0.0000,0.0000,0,0,0,0,0,0,0,0,0,0,0,0,0,0,0,0,0,0,0,0,0,0,0,0,0
WG_METRICS 328,256,768,1.0350,0.0074,0.0068,0.9824,0.0227,0.0156,256,768,196608,393216,200122.1406,400244.2812,0.0000,0,0.0000,0.0000,0,0.0000,0,0.0000,0.0000,0,0.0000,0.0000,0,0,0,0,0,0,0,0,0,0,0,0,0,0,0,0,0,0,0,0,0,0,0,0,0
WG_METRICS 329,256,768,1.0150,0.0102,0.0066,0.9594,0.0233,0.0155,256,768,196608,393216,204919.5312,409839.0625,0.0000,0,0.0000,0.0000,0,0.0000,0,0.0000,0.0000,0,0.0000,0.0000,0,0,0,0,0,0,0,0,0,0,0,0,0,0,0,0,0,0,0,0,0,0,0,0,0
WG_METRICS 330,256,768,1.0217,0.0074,0.0068,0.9683,0.0230,0.0162,256,768,196608,393216,203048.7031,406097.4062,0.0000,0,0.0000,0.0000,0,0.0000,0,0.0000,0.0000,0,0.0000,0.0000,0,0,0,0,0,0,0,0,0,0,0,0,0,0,0,0,0,0,0,0,0,0,0,0,0
WG_METRICS 331,256,768,1.0280,0.0076,0.0068,0.9740,0.0225,0.0172,256,768,196608,393216,201856.2656,403712.5312,0.0000,0,0.0000,0.0000,0,0.0000,0,0.0000,0.0000,0,0.0000,0.0000,0,0,0,0,0,0,0,0,0,0,0,0,0,0,0,0,0,0,0,0,0,0,0,0,0
WG_METRICS 332,256,768,1.0364,0.0075,0.0068,0.9837,0.0230,0.0155,256,768,196608,393216,199869.8750,399739.7500,0.0000,0,0.0000,0.0000,0,0.0000,0,0.0000,0.0000,0,0.0000,0.0000,0,0,0,0,0,0,0,0,0,0,0,0,0,0,0,0,0,0,0,0,0,0,0,0,0
WG_METRICS 333,256,768,1.0292,0.0075,0.0067,0.9761,0.0228,0.0160,256,768,196608,393216,201417.8594,402835.7188,0.0000,0,0.0000,0.0000,0,0.0000,0,0.0000,0.0000,0,0.0000,0.0000,0,0,0,0,0,0,0,0,0,0,0,0,0,0,0,0,0,0,0,0,0,0,0,0,0
WG_METRICS 334,256,768,1.0469,0.0075,0.0068,0.9811,0.0361,0.0155,256,768,196608,393216,200399.5625,400799.1250,0.0000,0,0.0000,0.0000,0,0.0000,0,0.0000,0.0000,0,0.0000,0.0000,0,0,0,0,0,0,0,0,0,0,0,0,0,0,0,0,0,0,0,0,0,0,0,0,0
WG_METRICS 335,256,768,1.0275,0.0099,0.0069,0.9724,0.0228,0.0155,256,768,196608,393216,202188.3906,404376.7812,0.0000,0,0.0000,0.0000,0,0.0000,0,0.0000,0.0000,0,0.0000,0.0000,0,0,0,0,0,0,0,0,0,0,0,0,0,0,0,0,0,0,0,0,0,0,0,0,0
WG_METRICS 336,256,768,1.0529,0.0074,0.0066,1.0000,0.0229,0.0160,256,768,196608,393216,196608.0000,393216.0000,0.0000,0,0.0000,0.0000,0,0.0000,0,0.0000,0.0000,0,0.0000,0.0000,0,0,0,0,0,0,0,0,0,0,0,0,0,0,0,0,0,0,0,0,0,0,0,0,0
WG_METRICS 337,256,768,1.0488,0.0075,0.0068,0.9826,0.0365,0.0155,256,768,196608,393216,200097.7031,400195.4062,0.0000,0,0.0000,0.0000,0,0.0000,0,0.0000,0.0000,0,0.0000,0.0000,0,0,0,0,0,0,0,0,0,0,0,0,0,0,0,0,0,0,0,0,0,0,0,0,0
WG_METRICS 338,256,768,1.0405,0.0074,0.0069,0.9877,0.0230,0.0155,256,768,196608,393216,199052.3594,398104.7188,0.0000,0,0.0000,0.0000,0,0.0000,0,0.0000,0.0000,0,0.0000,0.0000,0,0,0,0,0,0,0,0,0,0,0,0,0,0,0,0,0,0,0,0,0,0,0,0,0
WG_METRICS 339,256,768,1.0372,0.0075,0.0068,0.9917,0.0146,0.0166,256,768,196608,393216,198257.5000,396515.0000,0.0000,0,0.0000,0.0000,0,0.0000,0,0.0000,0.0000,0,0.0000,0.0000,0,0,0,0,0,0,0,0,0,0,0,0,0,0,0,0,0,0,0,0,0,0,0,0,0
WG_METRICS 340,256,768,1.0432,0.0074,0.0069,0.9907,0.0229,0.0154,256,768,196608,393216,198457.6250,396915.2500,0.0000,0,0.0000,0.0000,0,0.0000,0,0.0000,0.0000,0,0.0000,0.0000,0,0,0,0,0,0,0,0,0,0,0,0,0,0,0,0,0,0,0,0,0,0,0,0,0
WG_METRICS 341,256,768,1.1396,0.0076,0.0069,1.0934,0.0145,0.0172,256,768,196608,393216,179813.4219,359626.8438,0.0000,0,0.0000,0.0000,0,0.0000,0,0.0000,0.0000,0,0.0000,0.0000,0,0,0,0,0,0,0,0,0,0,0,0,0,0,0,0,0,0,0,0,0,0,0,0,0
WG_METRICS 342,256,768,1.2890,0.0078,0.0069,1.2313,0.0234,0.0196,256,768,196608,393216,159672.5469,319345.0938,0.0000,0,0.0000,0.0000,0,0.0000,0,0.0000,0.0000,0,0.0000,0.0000,0,0,0,0,0,0,0,0,0,0,0,0,0,0,0,0,0,0,0,0,0,0,0,0,0
WG_METRICS 343,256,768,1.3367,0.0080,0.0069,1.2914,0.0105,0.0200,256,768,196608,393216,152244.0781,304488.1562,0.0000,0,0.0000,0.0000,0,0.0000,0,0.0000,0.0000,0,0.0000,0.0000,0,0,0,0,0,0,0,0,0,0,0,0,0,0,0,0,0,0,0,0,0,0,0,0,0
WG_METRICS 344,256,768,1.2682,0.0078,0.0068,1.2188,0.0151,0.0196,256,768,196608,393216,161307.4688,322614.9375,0.0000,0,0.0000,0.0000,0,0.0000,0,0.0000,0.0000,0,0.0000,0.0000,0,0,0,0,0,0,0,0,0,0,0,0,0,0,0,0,0,0,0,0,0,0,0,0,0
WG_METRICS 345,256,768,1.1510,0.0076,0.0070,1.1004,0.0186,0.0174,256,768,196608,393216,178676.0625,357352.1250,0.0000,0,0.0000,0.0000,0,0.0000,0,0.0000,0.0000,0,0.0000,0.0000,0,0,0,0,0,0,0,0,0,0,0,0,0,0,0,0,0,0,0,0,0,0,0,0,0
WG_METRICS 346,256,768,1.0531,0.0074,0.0068,1.0087,0.0146,0.0156,256,768,196608,393216,194916.1250,389832.2500,0.0000,0,0.0000,0.0000,0,0.0000,0,0.0000,0.0000,0,0.0000,0.0000,0,0,0,0,0,0,0,0,0,0,0,0,0,0,0,0,0,0,0,0,0,0,0,0,0
WG_METRICS 347,256,768,1.0299,0.0077,0.0140,0.9780,0.0143,0.0159,256,768,196608,393216,201022.4531,402044.9062,0.0000,0,0.0000,0.0000,0,0.0000,0,0.0000,0.0000,0,0.0000,0.0000,0,0,0,0,0,0,0,0,0,0,0,0,0,0,0,0,0,0,0,0,0,0,0,0,0
WG_METRICS 348,256,768,1.0369,0.0074,0.0068,0.9922,0.0145,0.0160,256,768,196608,393216,198161.5781,396323.1562,0.0000,0,0.0000,0.0000,0,0.0000,0,0.0000,0.0000,0,0.0000,0.0000,0,0,0,0,0,0,0,0,0,0,0,0,0,0,0,0,0,0,0,0,0,0,0,0,0
WG_METRICS 349,256,768,1.0310,0.0074,0.0069,0.9872,0.0140,0.0156,256,768,196608,393216,199149.1406,398298.2812,0.0000,0,0.0000,0.0000,0,0.0000,0,0.0000,0.0000,0,0.0000,0.0000,0,0,0,0,0,0,0,0,0,0,0,0,0,0,0,0,0,0,0,0,0,0,0,0,0
WG_METRICS 350,256,768,1.0355,0.0074,0.0068,0.9889,0.0164,0.0159,256,768,196608,393216,198810.8281,397621.6562,0.0000,0,0.0000,0.0000,0,0.0000,0,0.0000,0.0000,0,0.0000,0.0000,0,0,0,0,0,0,0,0,0,0,0,0,0,0,0,0,0,0,0,0,0,0,0,0,0
WG_METRICS 351,256,768,1.2946,0.0077,0.0070,1.2448,0.0151,0.0200,256,768,196608,393216,157938.3594,315876.7188,0.0000,0,0.0000,0.0000,0,0.0000,0,0.0000,0.0000,0,0.0000,0.0000,0,0,0,0,0,0,0,0,0,0,0,0,0,0,0,0,0,0,0,0,0,0,0,0,0
WG_METRICS 352,256,768,1.5585,0.0082,0.0069,1.4953,0.0243,0.0238,256,768,196608,393216,131485.7344,262971.4688,0.0000,0,0.0000,0.0000,0,0.0000,0,0.0000,0.0000,0,0.0000,0.0000,0,0,0,0,0,0,0,0,0,0,0,0,0,0,0,0,0,0,0,0,0,0,0,0,0
WG_METRICS 353,256,768,1.6315,0.0083,0.0069,1.5772,0.0157,0.0234,256,768,196608,393216,124653.1953,249306.3906,0.0000,0,0.0000,0.0000,0,0.0000,0,0.0000,0.0000,0,0.0000,0.0000,0,0,0,0,0,0,0,0,0,0,0,0,0,0,0,0,0,0,0,0,0,0,0,0,0
WG_METRICS 354,256,768,1.4680,0.0081,0.0069,1.4073,0.0240,0.0217,256,768,196608,393216,139703.8281,279407.6562,0.0000,0,0.0000,0.0000,0,0.0000,0,0.0000,0.0000,0,0.0000,0.0000,0,0,0,0,0,0,0,0,0,0,0,0,0,0,0,0,0,0,0,0,0,0,0,0,0
WG_METRICS 355,256,768,1.2542,0.0078,0.0068,1.1986,0.0231,0.0178,256,768,196608,393216,164025.8906,328051.7812,0.0000,0,0.0000,0.0000,0,0.0000,0,0.0000,0.0000,0,0.0000,0.0000,0,0,0,0,0,0,0,0,0,0,0,0,0,0,0,0,0,0,0,0,0,0,0,0,0
WG_METRICS 356,256,768,1.0740,0.0076,0.0068,1.0298,0.0142,0.0157,256,768,196608,393216,190926.0469,381852.0938,0.0000,0,0.0000,0.0000,0,0.0000,0,0.0000,0.0000,0,0.0000,0.0000,0,0,0,0,0,0,0,0,0,0,0,0,0,0,0,0,0,0,0,0,0,0,0,0,0
WG_METRICS 357,256,768,1.0435,0.0075,0.0069,0.9732,0.0400,0.0160,256,768,196608,393216,202030.5000,404061.0000,0.0000,0,0.0000,0.0000,0,0.0000,0,0.0000,0.0000,0,0.0000,0.0000,0,0,0,0,0,0,0,0,0,0,0,0,0,0,0,0,0,0,0,0,0,0,0,0,0
WG_METRICS 358,256,768,1.0200,0.0075,0.0068,0.9759,0.0141,0.0158,256,768,196608,393216,201459.1250,402918.2500,0.0000,0,0.0000,0.0000,0,0.0000,0,0.0000,0.0000,0,0.0000,0.0000,0,0,0,0,0,0,0,0,0,0,0,0,0,0,0,0,0,0,0,0,0,0,0,0,0
WG_METRICS 359,256,768,1.0283,0.0075,0.0068,0.9840,0.0143,0.0157,256,768,196608,393216,199796.7500,399593.5000,0.0000,0,0.0000,0.0000,0,0.0000,0,0.0000,0.0000,0,0.0000,0.0000,0,0,0,0,0,0,0,0,0,0,0,0,0,0,0,0,0,0,0,0,0,0,0,0,0
WG_METRICS 360,256,768,1.0485,0.0075,0.0068,1.0044,0.0144,0.0154,256,768,196608,393216,195754.5156,391509.0312,0.0000,0,0.0000,0.0000,0,0.0000,0,0.0000,0.0000,0,0.0000,0.0000,0,0,0,0,0,0,0,0,0,0,0,0,0,0,0,0,0,0,0,0,0,0,0,0,0
WG_METRICS 361,256,768,1.0157,0.0075,0.0068,0.9761,0.0098,0.0155,256,768,196608,393216,201426.1094,402852.2188,0.0000,0,0.0000,0.0000,0,0.0000,0,0.0000,0.0000,0,0.0000,0.0000,0,0,0,0,0,0,0,0,0,0,0,0,0,0,0,0,0,0,0,0,0,0,0,0,0
WG_METRICS 362,256,768,1.0053,0.0074,0.0068,0.9668,0.0088,0.0154,256,768,196608,393216,203351.1250,406702.2500,0.0000,0,0.0000,0.0000,0,0.0000,0,0.0000,0.0000,0,0.0000,0.0000,0,0,0,0,0,0,0,0,0,0,0,0,0,0,0,0,0,0,0,0,0,0,0,0,0
WG_METRICS 363,256,768,1.0200,0.0074,0.0068,0.9761,0.0142,0.0154,256,768,196608,393216,201417.8594,402835.7188,0.0000,0,0.0000,0.0000,0,0.0000,0,0.0000,0.0000,0,0.0000,0.0000,0,0,0,0,0,0,0,0,0,0,0,0,0,0,0,0,0,0,0,0,0,0,0,0,0
WG_METRICS 364,256,768,1.0319,0.0123,0.0028,0.9783,0.0227,0.0158,256,768,196608,393216,200973.1406,401946.2812,0.0000,0,0.0000,0.0000,0,0.0000,0,0.0000,0.0000,0,0.0000,0.0000,0,0,0,0,0,0,0,0,0,0,0,0,0,0,0,0,0,0,0,0,0,0,0,0,0
WG_METRICS 365,256,768,1.0452,0.0074,0.0069,0.9914,0.0232,0.0163,256,768,196608,393216,198305.5000,396611.0000,0.0000,0,0.0000,0.0000,0,0.0000,0,0.0000,0.0000,0,0.0000,0.0000,0,0,0,0,0,0,0,0,0,0,0,0,0,0,0,0,0,0,0,0,0,0,0,0,0
WG_METRICS 366,256,768,1.0169,0.0074,0.0068,0.9725,0.0146,0.0156,256,768,196608,393216,202171.7656,404343.5312,0.0000,0,0.0000,0.0000,0,0.0000,0,0.0000,0.0000,0,0.0000,0.0000,0,0,0,0,0,0,0,0,0,0,0,0,0,0,0,0,0,0,0,0,0,0,0,0,0
WG_METRICS 367,256,768,1.0258,0.0074,0.0069,0.9857,0.0101,0.0158,256,768,196608,393216,199464.3281,398928.6562,0.0000,0,0.0000,0.0000,0,0.0000,0,0.0000,0.0000,0,0.0000,0.0000,0,0,0,0,0,0,0,0,0,0,0,0,0,0,0,0,0,0,0,0,0,0,0,0,0
WG_METRICS 368,256,768,1.0293,0.0074,0.0066,0.9768,0.0227,0.0157,256,768,196608,393216,201269.3906,402538.7812,0.0000,0,0.0000,0.0000,0,0.0000,0,0.0000,0.0000,0,0.0000,0.0000,0,0,0,0,0,0,0,0,0,0,0,0,0,0,0,0,0,0,0,0,0,0,0,0,0
WG_METRICS 369,256,768,1.0326,0.0075,0.0064,0.9804,0.0228,0.0155,256,768,196608,393216,200530.3750,401060.7500,0.0000,0,0.0000,0.0000,0,0.0000,0,0.0000,0.0000,0,0.0000,0.0000,0,0,0,0,0,0,0,0,0,0,0,0,0,0,0,0,0,0,0,0,0,0,0,0,0
WG_METRICS 370,256,768,1.0265,0.0075,0.0068,0.9739,0.0228,0.0156,256,768,196608,393216,201881.1406,403762.2812,0.0000,0,0.0000,0.0000,0,0.0000,0,0.0000,0.0000,0,0.0000,0.0000,0,0,0,0,0,0,0,0,0,0,0,0,0,0,0,0,0,0,0,0,0,0,0,0,0
WG_METRICS 371,256,768,1.0488,0.0075,0.0068,0.9800,0.0380,0.0165,256,768,196608,393216,200612.2188,401224.4375,0.0000,0,0.0000,0.0000,0,0.0000,0,0.0000,0.0000,0,0.0000,0.0000,0,0,0,0,0,0,0,0,0,0,0,0,0,0,0,0,0,0,0,0,0,0,0,0,0
WG_METRICS 372,256,768,1.0134,0.0074,0.0068,0.9680,0.0146,0.0166,256,768,196608,393216,203115.8281,406231.6562,0.0000,0,0.0000,0.0000,0,0.0000,0,0.0000,0.0000,0,0.0000,0.0000,0,0,0,0,0,0,0,0,0,0,0,0,0,0,0,0,0,0,0,0,0,0,0,0,0
WG_METRICS 373,256,768,1.0365,0.0075,0.0068,0.9902,0.0165,0.0155,256,768,196608,393216,198545.8125,397091.6250,0.0000,0,0.0000,0.0000,0,0.0000,0,0.0000,0.0000,0,0.0000,0.0000,0,0,0,0,0,0,0,0,0,0,0,0,0,0,0,0,0,0,0,0,0,0,0,0,0
WG_METRICS 374,256,768,1.0236,0.0075,0.0068,0.9700,0.0231,0.0163,256,768,196608,393216,202697.0312,405394.0625,0.0000,0,0.0000,0.0000,0,0.0000,0,0.0000,0.0000,0,0.0000,0.0000,0,0,0,0,0,0,0,0,0,0,0,0,0,0,0,0,0,0,0,0,0,0,0,0,0
WG_METRICS 375,256,768,1.0264,0.0076,0.0068,0.9786,0.0170,0.0164,256,768,196608,393216,200915.6406,401831.2812,0.0000,0,0.0000,0.0000,0,0.0000,0,0.0000,0.0000,0,0.0000,0.0000,0,0,0,0,0,0,0,0,0,0,0,0,0,0,0,0,0,0,0,0,0,0,0,0,0
WG_METRICS 376,256,768,1.0236,0.0075,0.0068,0.9707,0.0231,0.0155,256,768,196608,393216,202538.3281,405076.6562,0.0000,0,0.0000,0.0000,0,0.0000,0,0.0000,0.0000,0,0.0000,0.0000,0,0,0,0,0,0,0,0,0,0,0,0,0,0,0,0,0,0,0,0,0,0,0,0,0
WG_METRICS 377,256,768,1.0365,0.0074,0.0067,0.9835,0.0225,0.0164,256,768,196608,393216,199910.5312,399821.0625,0.0000,0,0.0000,0.0000,0,0.0000,0,0.0000,0.0000,0,0.0000,0.0000,0,0,0,0,0,0,0,0,0,0,0,0,0,0,0,0,0,0,0,0,0,0,0,0,0
WG_METRICS 378,256,768,1.4708,0.0080,0.0069,1.4169,0.0153,0.0236,256,768,196608,393216,138757.3125,277514.6250,0.0000,0,0.0000,0.0000,0,0.0000,0,0.0000,0.0000,0,0.0000,0.0000,0,0,0,0,0,0,0,0,0,0,0,0,0,0,0,0,0,0,0,0,0,0,0,0,0
WG_METRICS 379,256,768,1.9354,0.0087,0.0070,1.8653,0.0253,0.0291,256,768,196608,393216,105401.7578,210803.5156,0.0000,0,0.0000,0.0000,0,0.0000,0,0.0000,0.0000,0,0.0000,0.0000,0,0,0,0,0,0,0,0,0,0,0,0,0,0,0,0,0,0,0,0,0,0,0,0,0
WG_METRICS 380,256,768,1.9472,0.0087,0.0070,1.8876,0.0137,0.0301,256,768,196608,393216,104155.4531,208310.9062,0.0000,0,0.0000,0.0000,0,0.0000,0,0.0000,0.0000,0,0.0000,0.0000,0,0,0,0,0,0,0,0,0,0,0,0,0,0,0,0,0,0,0,0,0,0,0,0,0
WG_METRICS 381,256,768,1.9455,0.0088,0.0070,1.8751,0.0251,0.0294,256,768,196608,393216,104850.8906,209701.7812,0.0000,0,0.0000,0.0000,0,0.0000,0,0.0000,0.0000,0,0.0000,0.0000,0,0,0,0,0,0,0,0,0,0,0,0,0,0,0,0,0,0,0,0,0,0,0,0,0
WG_METRICS 382,256,768,1.9273,0.0087,0.0070,1.8671,0.0160,0.0285,256,768,196608,393216,105302.3984,210604.7969,0.0000,0,0.0000,0.0000,0,0.0000,0,0.0000,0.0000,0,0.0000,0.0000,0,0,0,0,0,0,0,0,0,0,0,0,0,0,0,0,0,0,0,0,0,0,0,0,0
WG_METRICS 383,256,768,1.3587,0.0078,0.0070,1.2994,0.0241,0.0204,256,768,196608,393216,151302.0938,302604.1875,0.0000,0,0.0000,0.0000,0,0.0000,0,0.0000,0.0000,0,0.0000,0.0000,0,0,0,0,0,0,0,0,0,0,0,0,0,0,0,0,0,0,0,0,0,0,0,0,0
WG_METRICS 384,256,768,1.0560,0.0075,0.0069,1.0060,0.0190,0.0166,256,768,196608,393216,195427.6250,390855.2500,0.0000,0,0.0000,0.0000,0,0.0000,0,0.0000,0.0000,0,0.0000,0.0000,0,0,0,0,0,0,0,0,0,0,0,0,0,0,0,0,0,0,0,0,0,0,0,0,0
WG_METRICS 385,256,768,1.0313,0.0076,0.0068,0.9783,0.0227,0.0158,256,768,196608,393216,200973.1406,401946.2812,0.0000,0,0.0000,0.0000,0,0.0000,0,0.0000,0.0000,0,0.0000,0.0000,0,0,0,0,0,0,0,0,0,0,0,0,0,0,0,0,0,0,0,0,0,0,0,0,0
WG_METRICS 386,256,768,1.0253,0.0079,0.0069,0.9715,0.0230,0.0160,256,768,196608,393216,202371.5469,404743.0938,0.0000,0,0.0000,0.0000,0,0.0000,0,0.0000,0.0000,0,0.0000,0.0000,0,0,0,0,0,0,0,0,0,0,0,0,0,0,0,0,0,0,0,0,0,0,0,0,0
WG_METRICS 387,256,768,1.0292,0.0074,0.0070,0.9762,0.0229,0.0157,256,768,196608,393216,201393.1094,402786.2188,0.0000,0,0.0000,0.0000,0,0.0000,0,0.0000,0.0000,0,0.0000,0.0000,0,0,0,0,0,0,0,0,0,0,0,0,0,0,0,0,0,0,0,0,0,0,0,0,0
WG_METRICS 388,256,768,1.1609,0.0076,0.0068,1.1054,0.0232,0.0180,256,768,196608,393216,177867.8438,355735.6875,0.0000,0,0.0000,0.0000,0,0.0000,0,0.0000,0.0000,0,0.0000,0.0000,0,0,0,0,0,0,0,0,0,0,0,0,0,0,0,0,0,0,0,0,0,0,0,0,0
WG_METRICS 389,256,768,1.3622,0.0102,0.0068,1.3180,0.0052,0.0220,256,768,196608,393216,149171.4844,298342.9688,0.0000,0,0.0000,0.0000,0,0.0000,0,0.0000,0.0000,0,0.0000,0.0000,0,0,0,0,0,0,0,0,0,0,0,0,0,0,0,0,0,0,0,0,0,0,0,0,0
WG_METRICS 390,256,768,1.5153,0.0080,0.0069,1.4565,0.0199,0.0240,256,768,196608,393216,134988.4688,269976.9375,0.0000,0,0.0000,0.0000,0,0.0000,0,0.0000,0.0000,0,0.0000,0.0000,0,0,0,0,0,0,0,0,0,0,0,0,0,0,0,0,0,0,0,0,0,0,0,0,0
WG_METRICS 391,256,768,1.7272,0.0084,0.0069,1.6697,0.0159,0.0262,256,768,196608,393216,117749.0781,235498.1562,0.0000,0,0.0000,0.0000,0,0.0000,0,0.0000,0.0000,0,0.0000,0.0000,0,0,0,0,0,0,0,0,0,0,0,0,0,0,0,0,0,0,0,0,0,0,0,0,0
WG_METRICS 392,256,768,1.8319,0.0086,0.0070,1.7324,0.0586,0.0253,256,768,196608,393216,113486.1797,226972.3594,0.0000,0,0.0000,0.0000,0,0.0000,0,0.0000,0.0000,0,0.0000,0.0000,0,0,0,0,0,0,0,0,0,0,0,0,0,0,0,0,0,0,0,0,0,0,0,0,0
WG_METRICS 393,256,768,1.5048,0.0083,0.0068,1.4522,0.0153,0.0223,256,768,196608,393216,135390.0469,270780.0938,0.0000,0,0.0000,0.0000,0,0.0000,0,0.0000,0.0000,0,0.0000,0.0000,0,0,0,0,0,0,0,0,0,0,0,0,0,0,0,0,0,0,0,0,0,0,0,0,0
WG_METRICS 394,256,768,1.2028,0.0078,0.0069,1.1557,0.0145,0.0179,256,768,196608,393216,170117.3281,340234.6562,0.0000,0,0.0000,0.0000,0,0.0000,0,0.0000,0.0000,0,0.0000,0.0000,0,0,0,0,0,0,0,0,0,0,0,0,0,0,0,0,0,0,0,0,0,0,0,0,0
WG_METRICS 395,256,768,1.0356,0.0076,0.0068,0.9890,0.0166,0.0157,256,768,196608,393216,198802.7812,397605.5625,0.0000,0,0.0000,0.0000,0,0.0000,0,0.0000,0.0000,0,0.0000,0.0000,0,0,0,0,0,0,0,0,0,0,0,0,0,0,0,0,0,0,0,0,0,0,0,0,0
WG_METRICS 396,256,768,1.0238,0.0075,0.0068,0.9776,0.0164,0.0156,256,768,196608,393216,201112.9375,402225.8750,0.0000,0,0.0000,0.0000,0,0.0000,0,0.0000,0.0000,0,0.0000,0.0000,0,0,0,0,0,0,0,0,0,0,0,0,0,0,0,0,0,0,0,0,0,0,0,0,0
WG_METRICS 397,256,768,1.2105,0.0076,0.0068,1.1636,0.0146,0.0180,256,768,196608,393216,168971.0781,337942.1562,0.0000,0,0.0000,0.0000,0,0.0000,0,0.0000,0.0000,0,0.0000,0.0000,0,0,0,0,0,0,0,0,0,0,0,0,0,0,0,0,0,0,0,0,0,0,0,0,0
WG_METRICS 398,256,768,1.4106,0.0080,0.0068,1.3500,0.0235,0.0224,256,768,196608,393216,145639.8750,291279.7500,0.0000,0,0.0000,0.0000,0,0.0000,0,0.0000,0.0000,0,0.0000,0.0000,0,0,0,0,0,0,0,0,0,0,0,0,0,0,0,0,0,0,0,0,0,0,0,0,0
WG_METRICS 399,256,768,1.5272,0.0082,0.0068,1.4728,0.0158,0.0235,256,768,196608,393216,133496.2969,266992.5938,0.0000,0,0.0000,0.0000,0,0.0000,0,0.0000,0.0000,0,0.0000,0.0000,0,0,0,0,0,0,0,0,0,0,0,0,0,0,0,0,0,0,0,0,0,0,0,0,0
WG_METRICS 400,256,768,1.3752,0.0080,0.0069,1.3166,0.0234,0.0202,256,768,196608,393216,149330.0938,298660.1875,0.0000,0,0.0000,0.0000,0,0.0000,0,0.0000,0.0000,0,0.0000,0.0000,0,0,0,0,0,0,0,0,0,0,0,0,0,0,0,0,0,0,0,0,0,0,0,0,0
WG_METRICS 401,256,768,1.2304,0.0078,0.0068,1.1834,0.0146,0.0179,256,768,196608,393216,166138.2344,332276.4688,0.0000,0,0.0000,0.0000,0,0.0000,0,0.0000,0.0000,0,0.0000,0.0000,0,0,0,0,0,0,0,0,0,0,0,0,0,0,0,0,0,0,0,0,0,0,0,0,0
WG_METRICS 402,256,768,1.0482,0.0074,0.0068,1.0046,0.0140,0.0154,256,768,196608,393216,195699.9531,391399.9062,0.0000,0,0.0000,0.0000,0,0.0000,0,0.0000,0.0000,0,0.0000,0.0000,0,0,0,0,0,0,0,0,0,0,0,0,0,0,0,0,0,0,0,0,0,0,0,0,0
WG_METRICS 403,256,768,1.0139,0.0076,0.0068,0.9750,0.0091,0.0155,256,768,196608,393216,201657.5000,403315.0000,0.0000,0,0.0000,0.0000,0,0.0000,0,0.0000,0.0000,0,0.0000,0.0000,0,0,0,0,0,0,0,0,0,0,0,0,0,0,0,0,0,0,0,0,0,0,0,0,0
WG_METRICS 404,256,768,1.0198,0.0074,0.0068,0.9725,0.0164,0.0168,256,768,196608,393216,202171.7656,404343.5312,0.0000,0,0.0000,0.0000,0,0.0000,0,0.0000,0.0000,0,0.0000,0.0000,0,0,0,0,0,0,0,0,0,0,0,0,0,0,0,0,0,0,0,0,0,0,0,0,0
WG_METRICS 405,256,768,1.0995,0.0104,0.0069,1.0426,0.0234,0.0162,256,768,196608,393216,188581.9531,377163.9062,0.0000,0,0.0000,0.0000,0,0.0000,0,0.0000,0.0000,0,0.0000,0.0000,0,0,0,0,0,0,0,0,0,0,0,0,0,0,0,0,0,0,0,0,0,0,0,0,0
WG_METRICS 406,256,768,1.2009,0.0079,0.0070,1.1509,0.0173,0.0179,256,768,196608,393216,170832.7500,341665.5000,0.0000,0,0.0000,0.0000,0,0.0000,0,0.0000,0.0000,0,0.0000,0.0000,0,0,0,0,0,0,0,0,0,0,0,0,0,0,0,0,0,0,0,0,0,0,0,0,0
WG_METRICS 407,256,768,1.2719,0.0078,0.0069,1.2232,0.0144,0.0196,256,768,196608,393216,160732.5156,321465.0312,0.0000,0,0.0000,0.0000,0,0.0000,0,0.0000,0.0000,0,0.0000,0.0000,0,0,0,0,0,0,0,0,0,0,0,0,0,0,0,0,0,0,0,0,0,0,0,0,0
WG_METRICS 408,256,768,1.6659,0.0082,0.0068,1.6099,0.0162,0.0247,256,768,196608,393216,122122.8359,244245.6719,0.0000,0,0.0000,0.0000,0,0.0000,0,0.0000,0.0000,0,0.0000,0.0000,0,0,0,0,0,0,0,0,0,0,0,0,0,0,0,0,0,0,0,0,0,0,0,0,0
WG_METRICS 409,256,768,1.9194,0.0086,0.0070,1.8494,0.0254,0.0289,256,768,196608,393216,106306.7734,212613.5469,0.0000,0,0.0000,0.0000,0,0.0000,0,0.0000,0.0000,0,0.0000,0.0000,0,0,0,0,0,0,0,0,0,0,0,0,0,0,0,0,0,0,0,0,0,0,0,0,0
WG_METRICS 410,256,768,1.9601,0.0088,0.0070,1.8880,0.0253,0.0310,256,768,196608,393216,104137.8047,208275.6094,0.0000,0,0.0000,0.0000,0,0.0000,0,0.0000,0.0000,0,0.0000,0.0000,0,0,0,0,0,0,0,0,0,0,0,0,0,0,0,0,0,0,0,0,0,0,0,0,0
WG_METRICS 411,256,768,1.7169,0.0084,0.0070,1.6554,0.0205,0.0256,256,768,196608,393216,118770.5391,237541.0781,0.0000,0,0.0000,0.0000,0,0.0000,0,0.0000,0.0000,0,0.0000,0.0000,0,0,0,0,0,0,0,0,0,0,0,0,0,0,0,0,0,0,0,0,0,0,0,0,0
WG_METRICS 412,256,768,1.4332,0.0096,0.0068,1.3722,0.0238,0.0208,256,768,196608,393216,143283.5938,286567.1875,0.0000,0,0.0000,0.0000,0,0.0000,0,0.0000,0.0000,0,0.0000,0.0000,0,0,0,0,0,0,0,0,0,0,0,0,0,0,0,0,0,0,0,0,0,0,0,0,0
WG_METRICS 413,256,768,2.9949,0.0079,0.0069,1.2626,0.0656,1.6520,256,768,196608,393216,155716.7812,311433.5625,0.0000,0,0.0000,0.0000,0,0.0000,0,0.0000,0.0000,0,0.0000,0.0000,0,0,0,0,0,0,0,0,0,0,0,0,0,0,0,0,0,0,0,0,0,0,0,0,0
WG_METRICS 414,256,768,1.4975,0.0081,0.0069,1.4443,0.0152,0.0230,256,768,196608,393216,136128.7188,272257.4375,0.0000,0,0.0000,0.0000,0,0.0000,0,0.0000,0.0000,0,0.0000,0.0000,0,0,0,0,0,0,0,0,0,0,0,0,0,0,0,0,0,0,0,0,0,0,0,0,0
WG_METRICS 415,256,768,1.9327,0.0089,0.0070,1.8599,0.0265,0.0303,256,768,196608,393216,105707.7734,211415.5469,0.0000,0,0.0000,0.0000,0,0.0000,0,0.0000,0.0000,0,0.0000,0.0000,0,0,0,0,0,0,0,0,0,0,0,0,0,0,0,0,0,0,0,0,0,0,0,0,0
WG_METRICS 416,256,768,1.9060,0.0089,0.0070,1.8441,0.0169,0.0292,256,768,196608,393216,106613.4531,213226.9062,0.0000,0,0.0000,0.0000,0,0.0000,0,0.0000,0.0000,0,0.0000,0.0000,0,0,0,0,0,0,0,0,0,0,0,0,0,0,0,0,0,0,0,0,0,0,0,0,0
WG_METRICS 417,256,768,1.9451,0.0087,0.0070,1.8753,0.0253,0.0287,256,768,196608,393216,104839.7109,209679.4219,0.0000,0,0.0000,0.0000,0,0.0000,0,0.0000,0.0000,0,0.0000,0.0000,0,0,0,0,0,0,0,0,0,0,0,0,0,0,0,0,0,0,0,0,0,0,0,0,0
WG_METRICS 418,256,768,1.9119,0.0087,0.0070,1.8422,0.0254,0.0287,256,768,196608,393216,106726.8828,213453.7656,0.0000,0,0.0000,0.0000,0,0.0000,0,0.0000,0.0000,0,0.0000,0.0000,0,0,0,0,0,0,0,0,0,0,0,0,0,0,0,0,0,0,0,0,0,0,0,0,0
WG_METRICS 419,256,768,1.2136,0.0079,0.0068,1.1640,0.0166,0.0183,256,768,196608,393216,168913.0312,337826.0625,0.0000,0,0.0000,0.0000,0,0.0000,0,0.0000,0.0000,0,0.0000,0.0000,0,0,0,0,0,0,0,0,0,0,0,0,0,0,0,0,0,0,0,0,0,0,0,0,0
WG_METRICS 420,256,768,1.0194,0.0074,0.0068,0.9743,0.0145,0.0164,256,768,196608,393216,201798.2500,403596.5000,0.0000,0,0.0000,0.0000,0,0.0000,0,0.0000,0.0000,0,0.0000,0.0000,0,0,0,0,0,0,0,0,0,0,0,0,0,0,0,0,0,0,0,0,0,0,0,0,0
WG_METRICS 421,256,768,1.0204,0.0074,0.0069,0.9761,0.0144,0.0157,256,768,196608,393216,201426.1094,402852.2188,0.0000,0,0.0000,0.0000,0,0.0000,0,0.0000,0.0000,0,0.0000,0.0000,0,0,0,0,0,0,0,0,0,0,0,0,0,0,0,0,0,0,0,0,0,0,0,0,0
WG_METRICS 422,256,768,1.0295,0.0074,0.0068,0.9760,0.0229,0.0163,256,768,196608,393216,201434.3594,402868.7188,0.0000,0,0.0000,0.0000,0,0.0000,0,0.0000,0.0000,0,0.0000,0.0000,0,0,0,0,0,0,0,0,0,0,0,0,0,0,0,0,0,0,0,0,0,0,0,0,0
WG_METRICS 423,256,768,1.0352,0.0074,0.0069,0.9825,0.0228,0.0157,256,768,196608,393216,200105.8594,400211.7188,0.0000,0,0.0000,0.0000,0,0.0000,0,0.0000,0.0000,0,0.0000,0.0000,0,0,0,0,0,0,0,0,0,0,0,0,0,0,0,0,0,0,0,0,0,0,0,0,0
WG_METRICS 424,256,768,1.0305,0.0075,0.0069,0.9775,0.0230,0.0156,256,768,196608,393216,201137.6250,402275.2500,0.0000,0,0.0000,0.0000,0,0.0000,0,0.0000,0.0000,0,0.0000,0.0000,0,0,0,0,0,0,0,0,0,0,0,0,0,0,0,0,0,0,0,0,0,0,0,0,0
WG_METRICS 425,256,768,1.0496,0.0073,0.0070,0.9997,0.0191,0.0166,256,768,196608,393216,196663.0625,393326.1250,0.0000,0,0.0000,0.0000,0,0.0000,0,0.0000,0.0000,0,0.0000,0.0000,0,0,0,0,0,0,0,0,0,0,0,0,0,0,0,0,0,0,0,0,0,0,0,0,0
WG_METRICS 426,256,768,1.0345,0.0076,0.0069,0.9810,0.0230,0.0161,256,768,196608,393216,200424.0781,400848.1562,0.0000,0,0.0000,0.0000,0,0.0000,0,0.0000,0.0000,0,0.0000,0.0000,0,0,0,0,0,0,0,0,0,0,0,0,0,0,0,0,0,0,0,0,0,0,0,0,0
WG_METRICS 427,256,768,1.0425,0.0078,0.0074,0.9880,0.0228,0.0166,256,768,196608,393216,199004.0156,398008.0312,0.0000,0,0.0000,0.0000,0,0.0000,0,0.0000,0.0000,0,0.0000,0.0000,0,0,0,0,0,0,0,0,0,0,0,0,0,0,0,0,0,0,0,0,0,0,0,0,0
WG_METRICS 428,256,768,1.0176,0.0075,0.0066,0.9737,0.0143,0.0156,256,768,196608,393216,201922.5938,403845.1875,0.0000,0,0.0000,0.0000,0,0.0000,0,0.0000,0.0000,0,0.0000,0.0000,0,0,0,0,0,0,0,0,0,0,0,0,0,0,0,0,0,0,0,0,0,0,0,0,0
WG_METRICS 429,256,768,1.0242,0.0075,0.0068,0.9804,0.0141,0.0154,256,768,196608,393216,200538.5469,401077.0938,0.0000,0,0.0000,0.0000,0,0.0000,0,0.0000,0.0000,0,0.0000,0.0000,0,0,0,0,0,0,0,0,0,0,0,0,0,0,0,0,0,0,0,0,0,0,0,0,0
WG_METRICS 430,256,768,1.0776,0.0076,0.0067,1.0326,0.0145,0.0163,256,768,196608,393216,190408.3125,380816.6250,0.0000,0,0.0000,0.0000,0,0.0000,0,0.0000,0.0000,0,0.0000,0.0000,0,0,0,0,0,0,0,0,0,0,0,0,0,0,0,0,0,0,0,0,0,0,0,0,0
WG_METRICS 431,256,768,1.1980,0.0076,0.0068,1.1438,0.0215,0.0183,256,768,196608,393216,171896.2031,343792.4062,0.0000,0,0.0000,0.0000,0,0.0000,0,0.0000,0.0000,0,0.0000,0.0000,0,0,0,0,0,0,0,0,0,0,0,0,0,0,0,0,0,0,0,0,0,0,0,0,0
WG_METRICS 432,256,768,1.2965,0.0078,0.0069,1.2379,0.0232,0.0207,256,768,196608,393216,158821.2500,317642.5000,0.0000,0,0.0000,0.0000,0,0.0000,0,0.0000,0.0000,0,0.0000,0.0000,0,0,0,0,0,0,0,0,0,0,0,0,0,0,0,0,0,0,0,0,0,0,0,0,0
WG_METRICS 433,256,768,1.3536,0.0079,0.0070,1.2945,0.0240,0.0203,256,768,196608,393216,151877.1406,303754.2812,0.0000,0,0.0000,0.0000,0,0.0000,0,0.0000,0.0000,0,0.0000,0.0000,0,0,0,0,0,0,0,0,0,0,0,0,0,0,0,0,0,0,0,0,0,0,0,0,0
WG_METRICS 434,256,768,1.3533,0.0080,0.0068,1.2950,0.0235,0.0200,256,768,196608,393216,151820.8594,303641.7188,0.0000,0,0.0000,0.0000,0,0.0000,0,0.0000,0.0000,0,0.0000,0.0000,0,0,0,0,0,0,0,0,0,0,0,0,0,0,0,0,0,0,0,0,0,0,0,0,0
WG_METRICS 435,256,768,1.1690,0.0076,0.0069,1.1139,0.0230,0.0176,256,768,196608,393216,176501.0156,353002.0312,0.0000,0,0.0000,0.0000,0,0.0000,0,0.0000,0.0000,0,0.0000,0.0000,0,0,0,0,0,0,0,0,0,0,0,0,0,0,0,0,0,0,0,0,0,0,0,0,0
WG_METRICS 436,256,768,1.3188,0.0080,0.0068,1.2586,0.0237,0.0216,256,768,196608,393216,156206.6875,312413.3750,0.0000,0,0.0000,0.0000,0,0.0000,0,0.0000,0.0000,0,0.0000,0.0000,0,0,0,0,0,0,0,0,0,0,0,0,0,0,0,0,0,0,0,0,0,0,0,0,0
WG_METRICS 437,256,768,1.9101,0.0087,0.0070,1.8462,0.0180,0.0302,256,768,196608,393216,106491.0312,212982.0625,0.0000,0,0.0000,0.0000,0,0.0000,0,0.0000,0.0000,0,0.0000,0.0000,0,0,0,0,0,0,0,0,0,0,0,0,0,0,0,0,0,0,0,0,0,0,0,0,0
WG_METRICS 438,256,768,1.9102,0.0088,0.0070,1.8490,0.0166,0.0287,256,768,196608,393216,106329.7656,212659.5312,0.0000,0,0.0000,0.0000,0,0.0000,0,0.0000,0.0000,0,0.0000,0.0000,0,0,0,0,0,0,0,0,0,0,0,0,0,0,0,0,0,0,0,0,0,0,0,0,0
WG_METRICS 439,256,768,1.8672,0.0087,0.0071,1.8082,0.0162,0.0271,256,768,196608,393216,108728.9297,217457.8594,0.0000,0,0.0000,0.0000,0,0.0000,0,0.0000,0.0000,0,0.0000,0.0000,0,0,0,0,0,0,0,0,0,0,0,0,0,0,0,0,0,0,0,0,0,0,0,0,0
WG_METRICS 440,256,768,3.0190,0.0085,0.0070,1.5004,0.0560,1.4472,256,768,196608,393216,131040.5469,262081.0938,0.0000,0,0.0000,0.0000,0,0.0000,0,0.0000,0.0000,0,0.0000,0.0000,0,0,0,0,0,0,0,0,0,0,0,0,0,0,0,0,0,0,0,0,0,0,0,0,0
WG_METRICS 441,256,768,1.1986,0.0078,0.0068,1.1564,0.0104,0.0171,256,768,196608,393216,170011.4062,340022.8125,0.0000,0,0.0000,0.0000,0,0.0000,0,0.0000,0.0000,0,0.0000,0.0000,0,0,0,0,0,0,0,0,0,0,0,0,0,0,0,0,0,0,0,0,0,0,0,0,0
WG_METRICS 442,256,768,1.0504,0.0074,0.0068,0.9977,0.0229,0.0155,256,768,196608,393216,197057.2969,394114.5938,0.0000,0,0.0000,0.0000,0,0.0000,0,0.0000,0.0000,0,0.0000,0.0000,0,0,0,0,0,0,0,0,0,0,0,0,0,0,0,0,0,0,0,0,0,0,0,0,0
WG_METRICS 443,256,768,1.0558,0.0074,0.0068,0.9772,0.0483,0.0161,256,768,196608,393216,201195.2500,402390.5000,0.0000,0,0.0000,0.0000,0,0.0000,0,0.0000,0.0000,0,0.0000,0.0000,0,0,0,0,0,0,0,0,0,0,0,0,0,0,0,0,0,0,0,0,0,0,0,0,0
WG_METRICS 444,256,768,1.0531,0.0075,0.0068,0.9836,0.0399,0.0154,256,768,196608,393216,199886.1250,399772.2500,0.0000,0,0.0000,0.0000,0,0.0000,0,0.0000,0.0000,0,0.0000,0.0000,0,0,0,0,0,0,0,0,0,0,0,0,0,0,0,0,0,0,0,0,0,0,0,0,0
WG_METRICS 445,256,768,1.0252,0.0074,0.0068,0.9728,0.0227,0.0155,256,768,196608,393216,202113.5625,404227.1250,0.0000,0,0.0000,0.0000,0,0.0000,0,0.0000,0.0000,0,0.0000,0.0000,0,0,0,0,0,0,0,0,0,0,0,0,0,0,0,0,0,0,0,0,0,0,0,0,0
WG_METRICS 446,256,768,1.0342,0.0075,0.0066,0.9887,0.0144,0.0169,256,768,196608,393216,198851.0469,397702.0938,0.0000,0,0.0000,0.0000,0,0.0000,0,0.0000,0.0000,0,0.0000,0.0000,0,0,0,0,0,0,0,0,0,0,0,0,0,0,0,0,0,0,0,0,0,0,0,0,0
WG_METRICS 447,256,768,1.0337,0.0075,0.0069,0.9806,0.0228,0.0159,256,768,196608,393216,200497.6562,400995.3125,0.0000,0,0.0000,0.0000,0,0.0000,0,0.0000,0.0000,0,0.0000,0.0000,0,0,0,0,0,0,0,0,0,0,0,0,0,0,0,0,0,0,0,0,0,0,0,0,0
WG_METRICS 448,256,768,1.0210,0.0074,0.0068,0.9686,0.0225,0.0156,256,768,196608,393216,202973.2344,405946.4688,0.0000,0,0.0000,0.0000,0,0.0000,0,0.0000,0.0000,0,0.0000,0.0000,0,0,0,0,0,0,0,0,0,0,0,0,0,0,0,0,0,0,0,0,0,0,0,0,0
WG_METRICS 449,256,768,1.2648,0.0095,0.0068,1.2133,0.0152,0.0200,256,768,196608,393216,162041.3438,324082.6875,0.0000,0,0.0000,0.0000,0,0.0000,0,0.0000,0.0000,0,0.0000,0.0000,0,0,0,0,0,0,0,0,0,0,0,0,0,0,0,0,0,0,0,0,0,0,0,0,0
WG_METRICS 450,256,768,1.7248,0.0106,0.0069,1.6545,0.0252,0.0276,256,768,196608,393216,118830.8359,237661.6719,0.0000,0,0.0000,0.0000,0,0.0000,0,0.0000,0.0000,0,0.0000,0.0000,0,0,0,0,0,0,0,0,0,0,0,0,0,0,0,0,0,0,0,0,0,0,0,0,0
WG_METRICS 451,256,768,1.8734,0.0101,0.0070,1.8162,0.0126,0.0274,256,768,196608,393216,108250.0156,216500.0312,0.0000,0,0.0000,0.0000,0,0.0000,0,0.0000,0.0000,0,0.0000,0.0000,0,0,0,0,0,0,0,0,0,0,0,0,0,0,0,0,0,0,0,0,0,0,0,0,0
WG_METRICS 452,256,768,1.5337,0.0082,0.0070,1.4777,0.0174,0.0233,256,768,196608,393216,133048.2031,266096.4062,0.0000,0,0.0000,0.0000,0,0.0000,0,0.0000,0.0000,0,0.0000,0.0000,0,0,0,0,0,0,0,0,0,0,0,0,0,0,0,0,0,0,0,0,0,0,0,0,0
WG_METRICS 453,256,768,1.3626,0.0079,0.0069,1.3125,0.0151,0.0202,256,768,196608,393216,149794.2812,299588.5625,0.0000,0,0.0000,0.0000,0,0.0000,0,0.0000,0.0000,0,0.0000,0.0000,0,0,0,0,0,0,0,0,0,0,0,0,0,0,0,0,0,0,0,0,0,0,0,0,0
WG_METRICS 454,256,768,1.8110,0.0084,0.0070,1.7509,0.0162,0.0283,256,768,196608,393216,112288.3906,224576.7812,0.0000,0,0.0000,0.0000,0,0.0000,0,0.0000,0.0000,0,0.0000,0.0000,0,0,0,0,0,0,0,0,0,0,0,0,0,0,0,0,0,0,0,0,0,0,0,0,0
WG_METRICS 455,256,768,1.9078,0.0087,0.0070,1.8459,0.0166,0.0296,256,768,196608,393216,106511.7969,213023.5938,0.0000,0,0.0000,0.0000,0,0.0000,0,0.0000,0.0000,0,0.0000,0.0000,0,0,0,0,0,0,0,0,0,0,0,0,0,0,0,0,0,0,0,0,0,0,0,0,0
WG_METRICS 456,256,768,1.8888,0.0086,0.0071,1.8204,0.0252,0.0276,256,768,196608,393216,108005.0156,216010.0312,0.0000,0,0.0000,0.0000,0,0.0000,0,0.0000,0.0000,0,0.0000,0.0000,0,0,0,0,0,0,0,0,0,0,0,0,0,0,0,0,0,0,0,0,0,0,0,0,0
WG_METRICS 457,256,768,1.3394,0.0078,0.0069,1.2824,0.0236,0.0188,256,768,196608,393216,153312.5312,306625.0625,0.0000,0,0.0000,0.0000,0,0.0000,0,0.0000,0.0000,0,0.0000,0.0000,0,0,0,0,0,0,0,0,0,0,0,0,0,0,0,0,0,0,0,0,0,0,0,0,0
WG_METRICS 458,256,768,1.0425,0.0076,0.0068,0.9894,0.0229,0.0157,256,768,196608,393216,198714.3594,397428.7188,0.0000,0,0.0000,0.0000,0,0.0000,0,0.0000,0.0000,0,0.0000,0.0000,0,0,0,0,0,0,0,0,0,0,0,0,0,0,0,0,0,0,0,0,0,0,0,0,0
WG_METRICS 459,256,768,1.0380,0.0075,0.0068,0.9855,0.0228,0.0154,256,768,196608,393216,199504.8125,399009.6250,0.0000,0,0.0000,0.0000,0,0.0000,0,0.0000,0.0000,0,0.0000,0.0000,0,0,0,0,0,0,0,0,0,0,0,0,0,0,0,0,0,0,0,0,0,0,0,0,0
WG_METRICS 460,256,768,1.0342,0.0074,0.0068,0.9901,0.0145,0.0154,256,768,196608,393216,198577.8906,397155.7812,0.0000,0,0.0000,0.0000,0,0.0000,0,0.0000,0.0000,0,0.0000,0.0000,0,0,0,0,0,0,0,0,0,0,0,0,0,0,0,0,0,0,0,0,0,0,0,0,0
WG_METRICS 461,256,768,1.0848,0.0075,0.0069,1.0315,0.0229,0.0161,256,768,196608,393216,190607.6719,381215.3438,0.0000,0,0.0000,0.0000,0,0.0000,0,0.0000,0.0000,0,0.0000,0.0000,0,0,0,0,0,0,0,0,0,0,0,0,0,0,0,0,0,0,0,0,0,0,0,0,0
WG_METRICS 462,256,768,1.2403,0.0077,0.0068,1.1963,0.0095,0.0200,256,768,196608,393216,164343.9844,328687.9688,0.0000,0,0.0000,0.0000,0,0.0000,0,0.0000,0.0000,0,0.0000,0.0000,0,0,0,0,0,0,0,0,0,0,0,0,0,0,0,0,0,0,0,0,0,0,0,0,0
WG_METRICS 463,256,768,1.4686,0.0080,0.0069,1.4116,0.0200,0.0220,256,768,196608,393216,139280.2500,278560.5000,0.0000,0,0.0000,0.0000,0,0.0000,0,0.0000,0.0000,0,0.0000,0.0000,0,0,0,0,0,0,0,0,0,0,0,0,0,0,0,0,0,0,0,0,0,0,0,0,0
WG_METRICS 464,256,768,1.4521,0.0080,0.0070,1.4004,0.0153,0.0214,256,768,196608,393216,140398.1875,280796.3750,0.0000,0,0.0000,0.0000,0,0.0000,0,0.0000,0.0000,0,0.0000,0.0000,0,0,0,0,0,0,0,0,0,0,0,0,0,0,0,0,0,0,0,0,0,0,0,0,0
WG_METRICS 465,256,768,1.3920,0.0080,0.0068,1.3338,0.0234,0.0200,256,768,196608,393216,147399.9844,294799.9688,0.0000,0,0.0000,0.0000,0,0.0000,0,0.0000,0.0000,0,0.0000,0.0000,0,0,0,0,0,0,0,0,0,0,0,0,0,0,0,0,0,0,0,0,0,0,0,0,0
WG_METRICS 466,256,768,1.1532,0.0078,0.0068,1.1069,0.0144,0.0174,256,768,196608,393216,177617.1719,355234.3438,0.0000,0,0.0000,0.0000,0,0.0000,0,0.0000,0.0000,0,0.0000,0.0000,0,0,0,0,0,0,0,0,0,0,0,0,0,0,0,0,0,0,0,0,0,0,0,0,0
WG_METRICS 467,256,768,1.0433,0.0074,0.0069,0.9894,0.0236,0.0160,256,768,196608,393216,198706.3281,397412.6562,0.0000,0,0.0000,0.0000,0,0.0000,0,0.0000,0.0000,0,0.0000,0.0000,0,0,0,0,0,0,0,0,0,0,0,0,0,0,0,0,0,0,0,0,0,0,0,0,0
WG_METRICS 468,256,768,1.0112,0.0075,0.0068,0.9670,0.0146,0.0154,256,768,196608,393216,203325.8906,406651.7812,0.0000,0,0.0000,0.0000,0,0.0000,0,0.0000,0.0000,0,0.0000,0.0000,0,0,0,0,0,0,0,0,0,0,0,0,0,0,0,0,0,0,0,0,0,0,0,0,0
WG_METRICS 469,256,768,1.0687,0.0074,0.0068,1.0231,0.0148,0.0166,256,768,196608,393216,192172.6562,384345.3125,0.0000,0,0.0000,0.0000,0,0.0000,0,0.0000,0.0000,0,0.0000,0.0000,0,0,0,0,0,0,0,0,0,0,0,0,0,0,0,0,0,0,0,0,0,0,0,0,0
WG_METRICS 470,256,768,1.1178,0.0075,0.0069,1.0629,0.0230,0.0174,256,768,196608,393216,184969.7031,369939.4062,0.0000,0,0.0000,0.0000,0,0.0000,0,0.0000,0.0000,0,0.0000,0.0000,0,0,0,0,0,0,0,0,0,0,0,0,0,0,0,0,0,0,0,0,0,0,0,0,0
WG_METRICS 471,256,768,1.3609,0.0080,0.0068,1.3016,0.0237,0.0208,256,768,196608,393216,151055.6562,302111.3125,0.0000,0,0.0000,0.0000,0,0.0000,0,0.0000,0.0000,0,0.0000,0.0000,0,0,0,0,0,0,0,0,0,0,0,0,0,0,0,0,0,0,0,0,0,0,0,0,0
WG_METRICS 472,256,768,1.7320,0.0084,0.0070,1.6653,0.0247,0.0267,256,768,196608,393216,118063.0312,236126.0625,0.0000,0,0.0000,0.0000,0,0.0000,0,0.0000,0.0000,0,0.0000,0.0000,0,0,0,0,0,0,0,0,0,0,0,0,0,0,0,0,0,0,0,0,0,0,0,0,0
WG_METRICS 473,256,768,1.9397,0.0088,0.0070,1.8698,0.0255,0.0286,256,768,196608,393216,105151.4609,210302.9219,0.0000,0,0.0000,0.0000,0,0.0000,0,0.0000,0.0000,0,0.0000,0.0000,0,0,0,0,0,0,0,0,0,0,0,0,0,0,0,0,0,0,0,0,0,0,0,0,0
WG_METRICS 474,256,768,1.9477,0.0089,0.0070,1.8778,0.0250,0.0290,256,768,196608,393216,104703.4766,209406.9531,0.0000,0,0.0000,0.0000,0,0.0000,0,0.0000,0.0000,0,0.0000,0.0000,0,0,0,0,0,0,0,0,0,0,0,0,0,0,0,0,0,0,0,0,0,0,0,0,0
WG_METRICS 475,256,768,1.8999,0.0088,0.0071,1.8377,0.0165,0.0298,256,768,196608,393216,106987.0703,213974.1406,0.0000,0,0.0000,0.0000,0,0.0000,0,0.0000,0.0000,0,0.0000,0.0000,0,0,0,0,0,0,0,0,0,0,0,0,0,0,0,0,0,0,0,0,0,0,0,0,0
WG_METRICS 476,256,768,1.9225,0.0088,0.0070,1.8521,0.0252,0.0295,256,768,196608,393216,106155.2422,212310.4844,0.0000,0,0.0000,0.0000,0,0.0000,0,0.0000,0.0000,0,0.0000,0.0000,0,0,0,0,0,0,0,0,0,0,0,0,0,0,0,0,0,0,0,0,0,0,0,0,0
WG_METRICS 477,256,768,1.7423,0.0087,0.0071,1.6849,0.0158,0.0259,256,768,196608,393216,116689.6172,233379.2344,0.0000,0,0.0000,0.0000,0,0.0000,0,0.0000,0.0000,0,0.0000,0.0000,0,0,0,0,0,0,0,0,0,0,0,0,0,0,0,0,0,0,0,0,0,0,0,0,0
WG_METRICS 478,256,768,1.2108,0.0078,0.0068,1.1558,0.0230,0.0172,256,768,196608,393216,170099.6562,340199.3125,0.0000,0,0.0000,0.0000,0,0.0000,0,0.0000,0.0000,0,0.0000,0.0000,0,0,0,0,0,0,0,0,0,0,0,0,0,0,0,0,0,0,0,0,0,0,0,0,0
WG_METRICS 479,256,768,1.0276,0.0076,0.0068,0.9728,0.0230,0.0174,256,768,196608,393216,202113.5625,404227.1250,0.0000,0,0.0000,0.0000,0,0.0000,0,0.0000,0.0000,0,0.0000,0.0000,0,0,0,0,0,0,0,0,0,0,0,0,0,0,0,0,0,0,0,0,0,0,0,0,0
WG_METRICS 480,256,768,1.0272,0.0098,0.0069,0.9711,0.0232,0.0162,256,768,196608,393216,202463.2344,404926.4688,0.0000,0,0.0000,0.0000,0,0.0000,0,0.0000,0.0000,0,0.0000,0.0000,0,0,0,0,0,0,0,0,0,0,0,0,0,0,0,0,0,0,0,0,0,0,0,0,0
WG_METRICS 481,256,768,1.0315,0.0075,0.0068,0.9858,0.0148,0.0166,256,768,196608,393216,199440.0469,398880.0938,0.0000,0,0.0000,0.0000,0,0.0000,0,0.0000,0.0000,0,0.0000,0.0000,0,0,0,0,0,0,0,0,0,0,0,0,0,0,0,0,0,0,0,0,0,0,0,0,0
WG_METRICS 482,256,768,1.1772,0.0076,0.0068,1.1210,0.0238,0.0180,256,768,196608,393216,175392.5156,350785.0312,0.0000,0,0.0000,0.0000,0,0.0000,0,0.0000,0.0000,0,0.0000,0.0000,0,0,0,0,0,0,0,0,0,0,0,0,0,0,0,0,0,0,0,0,0,0,0,0,0
WG_METRICS 483,256,768,1.4056,0.0080,0.0069,1.3452,0.0237,0.0218,256,768,196608,393216,146155.2188,292310.4375,0.0000,0,0.0000,0.0000,0,0.0000,0,0.0000,0.0000,0,0.0000,0.0000,0,0,0,0,0,0,0,0,0,0,0,0,0,0,0,0,0,0,0,0,0,0,0,0,0
WG_METRICS 484,256,768,1.5449,0.0082,0.0069,1.4822,0.0239,0.0237,256,768,196608,393216,132646.0625,265292.1250,0.0000,0,0.0000,0.0000,0,0.0000,0,0.0000,0.0000,0,0.0000,0.0000,0,0,0,0,0,0,0,0,0,0,0,0,0,0,0,0,0,0,0,0,0,0,0,0,0
WG_METRICS 485,256,768,1.5520,0.0082,0.0069,1.4975,0.0156,0.0238,256,768,196608,393216,131292.5625,262585.1250,0.0000,0,0.0000,0.0000,0,0.0000,0,0.0000,0.0000,0,0.0000,0.0000,0,0,0,0,0,0,0,0,0,0,0,0,0,0,0,0,0,0,0,0,0,0,0,0,0
WG_METRICS 486,256,768,1.4375,0.0080,0.0069,1.3773,0.0240,0.0212,256,768,196608,393216,142746.7812,285493.5625,0.0000,0,0.0000,0.0000,0,0.0000,0,0.0000,0.0000,0,0.0000,0.0000,0,0,0,0,0,0,0,0,0,0,0,0,0,0,0,0,0,0,0,0,0,0,0,0,0
WG_METRICS 487,256,768,1.3607,0.0080,0.0068,1.3108,0.0148,0.0203,256,768,196608,393216,149990.8438,299981.6875,0.0000,0,0.0000,0.0000,0,0.0000,0,0.0000,0.0000,0,0.0000,0.0000,0,0,0,0,0,0,0,0,0,0,0,0,0,0,0,0,0,0,0,0,0,0,0,0,0
WG_METRICS 488,256,768,1.1875,0.0078,0.0070,1.1316,0.0234,0.0177,256,768,196608,393216,173743.3750,347486.7500,0.0000,0,0.0000,0.0000,0,0.0000,0,0.0000,0.0000,0,0.0000,0.0000,0,0,0,0,0,0,0,0,0,0,0,0,0,0,0,0,0,0,0,0,0,0,0,0,0
WG_METRICS 489,256,768,1.1074,0.0076,0.0068,1.0535,0.0231,0.0164,256,768,196608,393216,186620.0938,373240.1875,0.0000,0,0.0000,0.0000,0,0.0000,0,0.0000,0.0000,0,0.0000,0.0000,0,0,0,0,0,0,0,0,0,0,0,0,0,0,0,0,0,0,0,0,0,0,0,0,0
WG_METRICS 490,256,768,1.0237,0.0075,0.0067,0.9709,0.0232,0.0154,256,768,196608,393216,202496.5938,404993.1875,0.0000,0,0.0000,0.0000,0,0.0000,0,0.0000,0.0000,0,0.0000,0.0000,0,0,0,0,0,0,0,0,0,0,0,0,0,0,0,0,0,0,0,0,0,0,0,0,0
WG_METRICS 491,256,768,1.0339,0.0074,0.0068,0.9813,0.0228,0.0156,256,768,196608,393216,200358.7031,400717.4062,0.0000,0,0.0000,0.0000,0,0.0000,0,0.0000,0.0000,0,0.0000,0.0000,0,0,0,0,0,0,0,0,0,0,0,0,0,0,0,0,0,0,0,0,0,0,0,0,0
WG_METRICS 492,256,768,1.9117,0.0089,0.0070,1.8486,0.0168,0.0304,256,768,196608,393216,106352.7812,212705.5625,0.0000,0,0.0000,0.0000,0,0.0000,0,0.0000,0.0000,0,0.0000,0.0000,0,0,0,0,0,0,0,0,0,0,0,0,0,0,0,0,0,0,0,0,0,0,0,0,0
WG_METRICS 493,256,768,1.9194,0.0088,0.0071,1.8577,0.0168,0.0290,256,768,196608,393216,105832.9531,211665.9062,0.0000,0,0.0000,0.0000,0,0.0000,0,0.0000,0.0000,0,0.0000,0.0000,0,0,0,0,0,0,0,0,0,0,0,0,0,0,0,0,0,0,0,0,0,0,0,0,0
WG_METRICS 494,256,768,1.9116,0.0087,0.0070,1.8499,0.0170,0.0289,256,768,196608,393216,106279.1875,212558.3750,0.0000,0,0.0000,0.0000,0,0.0000,0,0.0000,0.0000,0,0.0000,0.0000,0,0,0,0,0,0,0,0,0,0,0,0,0,0,0,0,0,0,0,0,0,0,0,0,0
WG_METRICS 495,256,768,1.9680,0.0087,0.0070,1.9061,0.0167,0.0295,256,768,196608,393216,103147.8203,206295.6406,0.0000,0,0.0000,0.0000,0,0.0000,0,0.0000,0.0000,0,0.0000,0.0000,0,0,0,0,0,0,0,0,0,0,0,0,0,0,0,0,0,0,0,0,0,0,0,0,0
WG_METRICS 496,256,768,1.9330,0.0088,0.0071,1.8744,0.0138,0.0289,256,768,196608,393216,104893.4062,209786.8125,0.0000,0,0.0000,0.0000,0,0.0000,0,0.0000,0.0000,0,0.0000,0.0000,0,0,0,0,0,0,0,0,0,0,0,0,0,0,0,0,0,0,0,0,0,0,0,0,0
WG_METRICS 497,256,768,1.3306,0.0081,0.0068,1.2514,0.0436,0.0207,256,768,196608,393216,157105.4062,314210.8125,0.0000,0,0.0000,0.0000,0,0.0000,0,0.0000,0.0000,0,0.0000,0.0000,0,0,0,0,0,0,0,0,0,0,0,0,0,0,0,0,0,0,0,0,0,0,0,0,0
WG_METRICS 498,256,768,1.0170,0.0075,0.0068,0.9729,0.0143,0.0155,256,768,196608,393216,202088.6406,404177.2812,0.0000,0,0.0000,0.0000,0,0.0000,0,0.0000,0.0000,0,0.0000,0.0000,0,0,0,0,0,0,0,0,0,0,0,0,0,0,0,0,0,0,0,0,0,0,0,0,0
WG_METRICS 499,256,768,1.0228,0.0074,0.0068,0.9785,0.0145,0.0156,256,768,196608,393216,200923.8438,401847.6875,0.0000,0,0.0000,0.0000,0,0.0000,0,0.0000,0.0000,0,0.0000,0.0000,0,0,0,0,0,0,0,0,0,0,0,0,0,0,0,0,0,0,0,0,0,0,0,0,0
WG_METRICS 500,256,768,1.0491,0.0076,0.0067,1.0042,0.0147,0.0159,256,768,196608,393216,195793.4844,391586.9688,0.0000,0,0.0000,0.0000,0,0.0000,0,0.0000,0.0000,0,0.0000,0.0000,0,0,0,0,0,0,0,0,0,0,0,0,0,0,0,0,0,0,0,0,0,0,0,0,0
WG_METRICS 501,256,768,1.0329,0.0074,0.0068,0.9888,0.0138,0.0160,256,768,196608,393216,198834.9531,397669.9062,0.0000,0,0.0000,0.0000,0,0.0000,0,0.0000,0.0000,0,0.0000,0.0000,0,0,0,0,0,0,0,0,0,0,0,0,0,0,0,0,0,0,0,0,0,0,0,0,0
WG_METRICS 502,256,768,1.0449,0.0075,0.0067,1.0004,0.0142,0.0160,256,768,196608,393216,196529.4062,393058.8125,0.0000,0,0.0000,0.0000,0,0.0000,0,0.0000,0.0000,0,0.0000,0.0000,0,0,0,0,0,0,0,0,0,0,0,0,0,0,0,0,0,0,0,0,0,0,0,0,0
WG_METRICS 503,256,768,1.3360,0.0079,0.0068,1.2772,0.0240,0.0202,256,768,196608,393216,153941.5469,307883.0938,0.0000,0,0.0000,0.0000,0,0.0000,0,0.0000,0.0000,0,0.0000,0.0000,0,0,0,0,0,0,0,0,0,0,0,0,0,0,0,0,0,0,0,0,0,0,0,0,0
WG_METRICS 504,256,768,1.9372,0.0088,0.0070,1.8668,0.0253,0.0292,256,768,196608,393216,105315.9375,210631.8750,0.0000,0,0.0000,0.0000,0,0.0000,0,0.0000,0.0000,0,0.0000,0.0000,0,0,0,0,0,0,0,0,0,0,0,0,0,0,0,0,0,0,0,0,0,0,0,0,0
WG_METRICS 505,256,768,1.9288,0.0088,0.0070,1.8701,0.0136,0.0292,256,768,196608,393216,105133.4688,210266.9375,0.0000,0,0.0000,0.0000,0,0.0000,0,0.0000,0.0000,0,0.0000,0.0000,0,0,0,0,0,0,0,0,0,0,0,0,0,0,0,0,0,0,0,0,0,0,0,0,0
WG_METRICS 506,256,768,1.5026,0.0083,0.0069,1.4554,0.0100,0.0220,256,768,196608,393216,135084.9219,270169.8438,0.0000,0,0.0000,0.0000,0,0.0000,0,0.0000,0.0000,0,0.0000,0.0000,0,0,0,0,0,0,0,0,0,0,0,0,0,0,0,0,0,0,0,0,0,0,0,0,0
WG_METRICS 507,256,768,1.1630,0.0078,0.0068,1.1153,0.0165,0.0166,256,768,196608,393216,176279.4531,352558.9062,0.0000,0,0.0000,0.0000,0,0.0000,0,0.0000,0.0000,0,0.0000,0.0000,0,0,0,0,0,0,0,0,0,0,0,0,0,0,0,0,0,0,0,0,0,0,0,0,0
WG_METRICS 508,256,768,1.0072,0.0074,0.0068,0.9692,0.0074,0.0164,256,768,196608,393216,202864.3281,405728.6562,0.0000,0,0.0000,0.0000,0,0.0000,0,0.0000,0.0000,0,0.0000,0.0000,0,0,0,0,0,0,0,0,0,0,0,0,0,0,0,0,0,0,0,0,0,0,0,0,0
WG_METRICS 509,256,768,1.0350,0.0075,0.0068,0.9884,0.0165,0.0157,256,768,196608,393216,198923.4688,397846.9375,0.0000,0,0.0000,0.0000,0,0.0000,0,0.0000,0.0000,0,0.0000,0.0000,0,0,0,0,0,0,0,0,0,0,0,0,0,0,0,0,0,0,0,0,0,0,0,0,0
WG_METRICS 510,256,768,1.1182,0.0076,0.0068,1.0730,0.0138,0.0170,256,768,196608,393216,183238.8906,366477.7812,0.0000,0,0.0000,0.0000,0,0.0000,0,0.0000,0.0000,0,0.0000,0.0000,0,0,0,0,0,0,0,0,0,0,0,0,0,0,0,0,0,0,0,0,0,0,0,0,0
WG_METRICS 511,256,768,1.3574,0.0079,0.0067,1.3028,0.0169,0.0230,256,768,196608,393216,150907.2500,301814.5000,0.0000,0,0.0000,0.0000,0,0.0000,0,0.0000,0.0000,0,0.0000,0.0000,0,0,0,0,0,0,0,0,0,0,0,0,0,0,0,0,0,0,0,0,0,0,0,0,0
WG_METRICS 512,256,768,1.7772,0.0085,0.0070,1.7180,0.0155,0.0282,256,768,196608,393216,114437.3828,228874.7656,0.0000,0,0.0000,0.0000,0,0.0000,0,0.0000,0.0000,0,0.0000,0.0000,0,0,0,0,0,0,0,0,0,0,0,0,0,0,0,0,0,0,0,0,0,0,0,0,0
WG_METRICS 513,256,768,1.7124,0.0085,0.0070,1.6569,0.0132,0.0268,256,768,196608,393216,118658.7188,237317.4375,0.0000,0,0.0000,0.0000,0,0.0000,0,0.0000,0.0000,0,0.0000,0.0000,0,0,0,0,0,0,0,0,0,0,0,0,0,0,0,0,0,0,0,0,0,0,0,0,0
WG_METRICS 514,256,768,1.4069,0.0081,0.0069,1.3623,0.0094,0.0202,256,768,196608,393216,144318.5156,288637.0312,0.0000,0,0.0000,0.0000,0,0.0000,0,0.0000,0.0000,0,0.0000,0.0000,0,0,0,0,0,0,0,0,0,0,0,0,0,0,0,0,0,0,0,0,0,0,0,0,0
WG_METRICS 515,256,768,1.1449,0.0076,0.0069,1.1050,0.0087,0.0167,256,768,196608,393216,177932.2344,355864.4688,0.0000,0,0.0000,0.0000,0,0.0000,0,0.0000,0.0000,0,0.0000,0.0000,0,0,0,0,0,0,0,0,0,0,0,0,0,0,0,0,0,0,0,0,0,0,0,0,0
WG_METRICS 516,256,768,1.0247,0.0076,0.0068,0.9843,0.0101,0.0159,256,768,196608,393216,199739.9219,399479.8438,0.0000,0,0.0000,0.0000,0,0.0000,0,0.0000,0.0000,0,0.0000,0.0000,0,0,0,0,0,0,0,0,0,0,0,0,0,0,0,0,0,0,0,0,0,0,0,0,0
WG_METRICS 517,256,768,1.0202,0.0075,0.0067,0.9757,0.0147,0.0156,256,768,196608,393216,201508.6875,403017.3750,0.0000,0,0.0000,0.0000,0,0.0000,0,0.0000,0.0000,0,0.0000,0.0000,0,0,0,0,0,0,0,0,0,0,0,0,0,0,0,0,0,0,0,0,0,0,0,0,0
WG_METRICS 518,256,768,1.0279,0.0075,0.0067,0.9861,0.0120,0.0156,256,768,196608,393216,199383.4219,398766.8438,0.0000,0,0.0000,0.0000,0,0.0000,0,0.0000,0.0000,0,0.0000,0.0000,0,0,0,0,0,0,0,0,0,0,0,0,0,0,0,0,0,0,0,0,0,0,0,0,0
WG_METRICS 519,256,768,1.0202,0.0075,0.0068,0.9811,0.0092,0.0156,256,768,196608,393216,200391.3906,400782.7812,0.0000,0,0.0000,0.0000,0,0.0000,0,0.0000,0.0000,0,0.0000,0.0000,0,0,0,0,0,0,0,0,0,0,0,0,0,0,0,0,0,0,0,0,0,0,0,0,0
WG_METRICS 520,256,768,1.0629,0.0075,0.0069,1.0234,0.0090,0.0162,256,768,196608,393216,192112.5781,384225.1562,0.0000,0,0.0000,0.0000,0,0.0000,0,0.0000,0.0000,0,0.0000,0.0000,0,0,0,0,0,0,0,0,0,0,0,0,0,0,0,0,0,0,0,0,0,0,0,0,0
WG_METRICS 521,256,768,1.0590,0.0075,0.0068,1.0119,0.0164,0.0163,256,768,196608,393216,194292.0469,388584.0938,0.0000,0,0.0000,0.0000,0,0.0000,0,0.0000,0.0000,0,0.0000,0.0000,0,0,0,0,0,0,0,0,0,0,0,0,0,0,0,0,0,0,0,0,0,0,0,0,0
WG_METRICS 522,256,768,1.0156,0.0074,0.0070,0.9778,0.0077,0.0157,256,768,196608,393216,201063.5625,402127.1250,0.0000,0,0.0000,0.0000,0,0.0000,0,0.0000,0.0000,0,0.0000,0.0000,0,0,0,0,0,0,0,0,0,0,0,0,0,0,0,0,0,0,0,0,0,0,0,0,0
WG_METRICS 523,256,768,1.0303,0.0074,0.0068,0.9818,0.0186,0.0157,256,768,196608,393216,200260.7500,400521.5000,0.0000,0,0.0000,0.0000,0,0.0000,0,0.0000,0.0000,0,0.0000,0.0000,0,0,0,0,0,0,0,0,0,0,0,0,0,0,0,0,0,0,0,0,0,0,0,0,0
WG_METRICS 524,256,768,1.0286,0.0074,0.0068,0.9885,0.0100,0.0160,256,768,196608,393216,198899.3281,397798.6562,0.0000,0,0.0000,0.0000,0,0.0000,0,0.0000,0.0000,0,0.0000,0.0000,0,0,0,0,0,0,0,0,0,0,0,0,0,0,0,0,0,0,0,0,0,0,0,0,0
WG_METRICS 525,256,768,1.0286,0.0076,0.0067,0.9844,0.0144,0.0154,256,768,196608,393216,199715.5625,399431.1250,0.0000,0,0.0000,0.0000,0,0.0000,0,0.0000,0.0000,0,0.0000,0.0000,0,0,0,0,0,0,0,0,0,0,0,0,0,0,0,0,0,0,0,0,0,0,0,0,0
WG_METRICS 526,256,768,1.0328,0.0076,0.0068,0.9789,0.0230,0.0164,256,768,196608,393216,200841.7500,401683.5000,0.0000,0,0.0000,0.0000,0,0.0000,0,0.0000,0.0000,0,0.0000,0.0000,0,0,0,0,0,0,0,0,0,0,0,0,0,0,0,0,0,0,0,0,0,0,0,0,0
WG_METRICS 527,256,768,1.0239,0.0075,0.0068,0.9706,0.0229,0.0160,256,768,196608,393216,202563.3594,405126.7188,0.0000,0,0.0000,0.0000,0,0.0000,0,0.0000,0.0000,0,0.0000,0.0000,0,0,0,0,0,0,0,0,0,0,0,0,0,0,0,0,0,0,0,0,0,0,0,0,0
WG_METRICS 528,256,768,1.0244,0.0074,0.0068,0.9802,0.0144,0.0155,256,768,196608,393216,200571.2969,401142.5938,0.0000,0,0.0000,0.0000,0,0.0000,0,0.0000,0.0000,0,0.0000,0.0000,0,0,0,0,0,0,0,0,0,0,0,0,0,0,0,0,0,0,0,0,0,0,0,0,0
WG_METRICS 529,256,768,1.0232,0.0074,0.0068,0.9704,0.0226,0.0160,256,768,196608,393216,202596.7656,405193.5312,0.0000,0,0.0000,0.0000,0,0.0000,0,0.0000,0.0000,0,0.0000,0.0000,0,0,0,0,0,0,0,0,0,0,0,0,0,0,0,0,0,0,0,0,0,0,0,0,0
WG_METRICS 530,256,768,1.2501,0.0078,0.0068,1.1926,0.0234,0.0196,256,768,196608,393216,164862.1562,329724.3125,0.0000,0,0.0000,0.0000,0,0.0000,0,0.0000,0.0000,0,0.0000,0.0000,0,0,0,0,0,0,0,0,0,0,0,0,0,0,0,0,0,0,0,0,0,0,0,0,0
WG_METRICS 531,256,768,1.6551,0.0084,0.0069,1.5900,0.0246,0.0252,256,768,196608,393216,123652.8281,247305.6562,0.0000,0,0.0000,0.0000,0,0.0000,0,0.0000,0.0000,0,0.0000,0.0000,0,0,0,0,0,0,0,0,0,0,0,0,0,0,0,0,0,0,0,0,0,0,0,0,0
WG_METRICS 532,256,768,1.7948,0.0086,0.0070,1.7377,0.0120,0.0296,256,768,196608,393216,113143.9609,226287.9219,0.0000,0,0.0000,0.0000,0,0.0000,0,0.0000,0.0000,0,0.0000,0.0000,0,0,0,0,0,0,0,0,0,0,0,0,0,0,0,0,0,0,0,0,0,0,0,0,0
WG_METRICS 533,256,768,3.3305,0.0085,0.0070,1.6119,0.0665,1.6366,256,768,196608,393216,121971.3125,243942.6250,0.0000,0,0.0000,0.0000,0,0.0000,0,0.0000,0.0000,0,0.0000,0.0000,0,0,0,0,0,0,0,0,0,0,0,0,0,0,0,0,0,0,0,0,0,0,0,0,0
WG_METRICS 534,256,768,1.4404,0.0082,0.0069,1.3891,0.0150,0.0213,256,768,196608,393216,141538.2812,283076.5625,0.0000,0,0.0000,0.0000,0,0.0000,0,0.0000,0.0000,0,0.0000,0.0000,0,0,0,0,0,0,0,0,0,0,0,0,0,0,0,0,0,0,0,0,0,0,0,0,0
WG_METRICS 535,256,768,1.0972,0.0095,0.0069,1.0609,0.0044,0.0155,256,768,196608,393216,185325.4062,370650.8125,0.0000,0,0.0000,0.0000,0,0.0000,0,0.0000,0.0000,0,0.0000,0.0000,0,0,0,0,0,0,0,0,0,0,0,0,0,0,0,0,0,0,0,0,0,0,0,0,0
WG_METRICS 536,256,768,1.0419,0.0075,0.0068,0.9878,0.0232,0.0166,256,768,196608,393216,199036.2344,398072.4688,0.0000,0,0.0000,0.0000,0,0.0000,0,0.0000,0.0000,0,0.0000,0.0000,0,0,0,0,0,0,0,0,0,0,0,0,0,0,0,0,0,0,0,0,0,0,0,0,0
WG_METRICS 537,256,768,1.0724,0.0075,0.0068,1.0192,0.0228,0.0161,256,768,196608,393216,192911.7969,385823.5938,0.0000,0,0.0000,0.0000,0,0.0000,0,0.0000,0.0000,0,0.0000,0.0000,0,0,0,0,0,0,0,0,0,0,0,0,0,0,0,0,0,0,0,0,0,0,0,0,0
WG_METRICS 538,256,768,1.0630,0.0075,0.0068,1.0182,0.0146,0.0160,256,768,196608,393216,193093.6875,386187.3750,0.0000,0,0.0000,0.0000,0,0.0000,0,0.0000,0.0000,0,0.0000,0.0000,0,0,0,0,0,0,0,0,0,0,0,0,0,0,0,0,0,0,0,0,0,0,0,0,0
WG_METRICS 539,256,768,1.0564,0.0075,0.0068,1.0026,0.0236,0.0159,256,768,196608,393216,196098.1562,392196.3125,0.0000,0,0.0000,0.0000,0,0.0000,0,0.0000,0.0000,0,0.0000,0.0000,0,0,0,0,0,0,0,0,0,0,0,0,0,0,0,0,0,0,0,0,0,0,0,0,0
WG_METRICS 540,256,768,1.0288,0.0075,0.0068,0.9835,0.0147,0.0164,256,768,196608,393216,199910.5312,399821.0625,0.0000,0,0.0000,0.0000,0,0.0000,0,0.0000,0.0000,0,0.0000,0.0000,0,0,0,0,0,0,0,0,0,0,0,0,0,0,0,0,0,0,0,0,0,0,0,0,0
WG_METRICS 541,256,768,1.1636,0.0076,0.0068,1.1165,0.0148,0.0179,256,768,196608,393216,176089.9844,352179.9688,0.0000,0,0.0000,0.0000,0,0.0000,0,0.0000,0.0000,0,0.0000,0.0000,0,0,0,0,0,0,0,0,0,0,0,0,0,0,0,0,0,0,0,0,0,0,0,0,0
WG_METRICS 542,256,768,1.3178,0.0078,0.0069,1.2590,0.0237,0.0203,256,768,196608,393216,156157.0781,312314.1562,0.0000,0,0.0000,0.0000,0,0.0000,0,0.0000,0.0000,0,0.0000,0.0000,0,0,0,0,0,0,0,0,0,0,0,0,0,0,0,0,0,0,0,0,0,0,0,0,0
WG_METRICS 543,256,768,1.4476,0.0080,0.0070,1.3868,0.0239,0.0219,256,768,196608,393216,141766.8906,283533.7812,0.0000,0,0.0000,0.0000,0,0.0000,0,0.0000,0.0000,0,0.0000,0.0000,0,0,0,0,0,0,0,0,0,0,0,0,0,0,0,0,0,0,0,0,0,0,0,0,0
WG_METRICS 544,256,768,1.4702,0.0082,0.0069,1.3940,0.0246,0.0364,256,768,196608,393216,141038.7344,282077.4688,0.0000,0,0.0000,0.0000,0,0.0000,0,0.0000,0.0000,0,0.0000,0.0000,0,0,0,0,0,0,0,0,0,0,0,0,0,0,0,0,0,0,0,0,0,0,0,0,0
WG_METRICS 545,256,768,1.4945,0.0080,0.0069,1.4332,0.0242,0.0222,256,768,196608,393216,137177.2969,274354.5938,0.0000,0,0.0000,0.0000,0,0.0000,0,0.0000,0.0000,0,0.0000,0.0000,0,0,0,0,0,0,0,0,0,0,0,0,0,0,0,0,0,0,0,0,0,0,0,0,0
WG_METRICS 546,256,768,1.6359,0.0082,0.0069,1.5650,0.0310,0.0247,256,768,196608,393216,125628.1094,251256.2188,0.0000,0,0.0000,0.0000,0,0.0000,0,0.0000,0.0000,0,0.0000,0.0000,0,0,0,0,0,0,0,0,0,0,0,0,0,0,0,0,0,0,0,0,0,0,0,0,0
WG_METRICS 547,256,768,1.5470,0.0082,0.0069,1.4990,0.0109,0.0220,256,768,196608,393216,131155.9375,262311.8750,0.0000,0,0.0000,0.0000,0,0.0000,0,0.0000,0.0000,0,0.0000,0.0000,0,0,0,0,0,0,0,0,0,0,0,0,0,0,0,0,0,0,0,0,0,0,0,0,0
WG_METRICS 548,256,768,1.3537,0.0079,0.0065,1.2962,0.0235,0.0196,256,768,196608,393216,151680.2969,303360.5938,0.0000,0,0.0000,0.0000,0,0.0000,0,0.0000,0.0000,0,0.0000,0.0000,0,0,0,0,0,0,0,0,0,0,0,0,0,0,0,0,0,0,0,0,0,0,0,0,0
WG_METRICS 549,256,768,1.9153,0.0104,0.0071,1.8440,0.0252,0.0286,256,768,196608,393216,106620.3906,213240.7812,0.0000,0,0.0000,0.0000,0,0.0000,0,0.0000,0.0000,0,0.0000,0.0000,0,0,0,0,0,0,0,0,0,0,0,0,0,0,0,0,0,0,0,0,0,0,0,0,0
WG_METRICS 550,256,768,1.9452,0.0090,0.0070,1.8736,0.0259,0.0296,256,768,196608,393216,104933.7188,209867.4375,0.0000,0,0.0000,0.0000,0,0.0000,0,0.0000,0.0000,0,0.0000,0.0000,0,0,0,0,0,0,0,0,0,0,0,0,0,0,0,0,0,0,0,0,0,0,0,0,0
WG_METRICS 551,256,768,1.9371,0.0087,0.0070,1.8760,0.0167,0.0287,256,768,196608,393216,104803.9375,209607.8750,0.0000,0,0.0000,0.0000,0,0.0000,0,0.0000,0.0000,0,0.0000,0.0000,0,0,0,0,0,0,0,0,0,0,0,0,0,0,0,0,0,0,0,0,0,0,0,0,0
WG_METRICS 552,256,768,1.6542,0.0085,0.0070,1.5994,0.0157,0.0236,256,768,196608,393216,122929.1719,245858.3438,0.0000,0,0.0000,0.0000,0,0.0000,0,0.0000,0.0000,0,0.0000,0.0000,0,0,0,0,0,0,0,0,0,0,0,0,0,0,0,0,0,0,0,0,0,0,0,0,0
WG_METRICS 553,256,768,1.1804,0.0078,0.0068,1.1395,0.0090,0.0172,256,768,196608,393216,172535.7969,345071.5938,0.0000,0,0.0000,0.0000,0,0.0000,0,0.0000,0.0000,0,0.0000,0.0000,0,0,0,0,0,0,0,0,0,0,0,0,0,0,0,0,0,0,0,0,0,0,0,0,0
WG_METRICS 554,256,768,1.0207,0.0074,0.0068,0.9762,0.0145,0.0158,256,768,196608,393216,201401.3594,402802.7188,0.0000,0,0.0000,0.0000,0,0.0000,0,0.0000,0.0000,0,0.0000,0.0000,0,0,0,0,0,0,0,0,0,0,0,0,0,0,0,0,0,0,0,0,0,0,0,0,0
WG_METRICS 555,256,768,1.0295,0.0074,0.0068,0.9905,0.0095,0.0153,256,768,196608,393216,198489.6875,396979.3750,0.0000,0,0.0000,0.0000,0,0.0000,0,0.0000,0.0000,0,0.0000,0.0000,0,0,0,0,0,0,0,0,0,0,0,0,0,0,0,0,0,0,0,0,0,0,0,0,0
WG_METRICS 556,256,768,1.0327,0.0075,0.0068,0.9795,0.0229,0.0160,256,768,196608,393216,200726.9062,401453.8125,0.0000,0,0.0000,0.0000,0,0.0000,0,0.0000,0.0000,0,0.0000,0.0000,0,0,0,0,0,0,0,0,0,0,0,0,0,0,0,0,0,0,0,0,0,0,0,0,0
WG_METRICS 557,256,768,1.1571,0.0076,0.0068,1.1101,0.0149,0.0177,256,768,196608,393216,177111.5625,354223.1250,0.0000,0,0.0000,0.0000,0,0.0000,0,0.0000,0.0000,0,0.0000,0.0000,0,0,0,0,0,0,0,0,0,0,0,0,0,0,0,0,0,0,0,0,0,0,0,0,0
WG_METRICS 558,256,768,1.3639,0.0078,0.0069,1.3124,0.0155,0.0212,256,768,196608,393216,149807.9844,299615.9688,0.0000,0,0.0000,0.0000,0,0.0000,0,0.0000,0.0000,0,0.0000,0.0000,0,0,0,0,0,0,0,0,0,0,0,0,0,0,0,0,0,0,0,0,0,0,0,0,0
WG_METRICS 559,256,768,1.3417,0.0080,0.0069,1.2908,0.0151,0.0210,256,768,196608,393216,152319.5625,304639.1250,0.0000,0,0.0000,0.0000,0,0.0000,0,0.0000,0.0000,0,0.0000,0.0000,0,0,0,0,0,0,0,0,0,0,0,0,0,0,0,0,0,0,0,0,0,0,0,0,0
WG_METRICS 560,256,768,1.2748,0.0078,0.0070,1.2265,0.0147,0.0189,256,768,196608,393216,160302.6562,320605.3125,0.0000,0,0.0000,0.0000,0,0.0000,0,0.0000,0.0000,0,0.0000,0.0000,0,0,0,0,0,0,0,0,0,0,0,0,0,0,0,0,0,0,0,0,0,0,0,0,0
WG_METRICS 561,256,768,1.1350,0.0076,0.0068,1.0896,0.0145,0.0165,256,768,196608,393216,180447.1406,360894.2812,0.0000,0,0.0000,0.0000,0,0.0000,0,0.0000,0.0000,0,0.0000,0.0000,0,0,0,0,0,0,0,0,0,0,0,0,0,0,0,0,0,0,0,0,0,0,0,0,0
WG_METRICS 562,256,768,1.0478,0.0086,0.0069,0.9945,0.0223,0.0154,256,768,196608,393216,197691.3438,395382.6875,0.0000,0,0.0000,0.0000,0,0.0000,0,0.0000,0.0000,0,0.0000,0.0000,0,0,0,0,0,0,0,0,0,0,0,0,0,0,0,0,0,0,0,0,0,0,0,0,0
WG_METRICS 563,256,768,1.0291,0.0074,0.0068,0.9765,0.0228,0.0156,256,768,196608,393216,201335.3594,402670.7188,0.0000,0,0.0000,0.0000,0,0.0000,0,0.0000,0.0000,0,0.0000,0.0000,0,0,0,0,0,0,0,0,0,0,0,0,0,0,0,0,0,0,0,0,0,0,0,0,0
WG_METRICS 564,256,768,1.0205,0.0073,0.0069,0.9764,0.0140,0.0158,256,768,196608,393216,201351.8438,402703.6875,0.0000,0,0.0000,0.0000,0,0.0000,0,0.0000,0.0000,0,0.0000,0.0000,0,0,0,0,0,0,0,0,0,0,0,0,0,0,0,0,0,0,0,0,0,0,0,0,0
WG_METRICS 565,256,768,1.0133,0.0074,0.0068,0.9745,0.0090,0.0155,256,768,196608,393216,201756.8438,403513.6875,0.0000,0,0.0000,0.0000,0,0.0000,0,0.0000,0.0000,0,0.0000,0.0000,0,0,0,0,0,0,0,0,0,0,0,0,0,0,0,0,0,0,0,0,0,0,0,0,0
WG_METRICS 566,256,768,1.0332,0.0074,0.0069,0.9870,0.0164,0.0155,256,768,196608,393216,199197.5781,398395.1562,0.0000,0,0.0000,0.0000,0,0.0000,0,0.0000,0.0000,0,0.0000,0.0000,0,0,0,0,0,0,0,0,0,0,0,0,0,0,0,0,0,0,0,0,0,0,0,0,0
WG_METRICS 567,256,768,1.0344,0.0100,0.0069,0.9791,0.0230,0.0155,256,768,196608,393216,200808.9219,401617.8438,0.0000,0,0.0000,0.0000,0,0.0000,0,0.0000,0.0000,0,0.0000,0.0000,0,0,0,0,0,0,0,0,0,0,0,0,0,0,0,0,0,0,0,0,0,0,0,0,0
WG_METRICS 568,256,768,1.6432,0.0081,0.0069,1.5888,0.0125,0.0269,256,768,196608,393216,123749.3359,247498.6719,0.0000,0,0.0000,0.0000,0,0.0000,0,0.0000,0.0000,0,0.0000,0.0000,0,0,0,0,0,0,0,0,0,0,0,0,0,0,0,0,0,0,0,0,0,0,0,0,0
WG_METRICS 569,256,768,1.9236,0.0088,0.0070,1.8537,0.0253,0.0288,256,768,196608,393216,106063.6094,212127.2188,0.0000,0,0.0000,0.0000,0,0.0000,0,0.0000,0.0000,0,0.0000,0.0000,0,0,0,0,0,0,0,0,0,0,0,0,0,0,0,0,0,0,0,0,0,0,0,0,0
WG_METRICS 570,256,768,1.9541,0.0087,0.0070,1.8835,0.0258,0.0291,256,768,196608,393216,104385.5000,208771.0000,0.0000,0,0.0000,0.0000,0,0.0000,0,0.0000,0.0000,0,0.0000,0.0000,0,0,0,0,0,0,0,0,0,0,0,0,0,0,0,0,0,0,0,0,0,0,0,0,0
WG_METRICS 571,256,768,1.8826,0.0088,0.0070,1.8147,0.0250,0.0270,256,768,196608,393216,108340.6797,216681.3594,0.0000,0,0.0000,0.0000,0,0.0000,0,0.0000,0.0000,0,0.0000,0.0000,0,0,0,0,0,0,0,0,0,0,0,0,0,0,0,0,0,0,0,0,0,0,0,0,0
WG_METRICS 572,256,768,3.3075,0.0081,0.0070,1.3590,0.0435,1.8900,256,768,196608,393216,144666.8281,289333.6562,0.0000,0,0.0000,0.0000,0,0.0000,0,0.0000,0.0000,0,0.0000,0.0000,0,0,0,0,0,0,0,0,0,0,0,0,0,0,0,0,0,0,0,0,0,0,0,0,0
WG_METRICS 573,256,768,1.1290,0.0076,0.0069,1.0759,0.0229,0.0157,256,768,196608,393216,182741.5625,365483.1250,0.0000,0,0.0000,0.0000,0,0.0000,0,0.0000,0.0000,0,0.0000,0.0000,0,0,0,0,0,0,0,0,0,0,0,0,0,0,0,0,0,0,0,0,0,0,0,0,0
WG_METRICS 574,256,768,1.0406,0.0076,0.0068,0.9960,0.0142,0.0161,256,768,196608,393216,197389.6719,394779.3438,0.0000,0,0.0000,0.0000,0,0.0000,0,0.0000,0.0000,0,0.0000,0.0000,0,0,0,0,0,0,0,0,0,0,0,0,0,0,0,0,0,0,0,0,0,0,0,0,0
WG_METRICS 575,256,768,1.0257,0.0074,0.0068,0.9814,0.0140,0.0161,256,768,196608,393216,200342.3750,400684.7500,0.0000,0,0.0000,0.0000,0,0.0000,0,0.0000,0.0000,0,0.0000,0.0000,0,0,0,0,0,0,0,0,0,0,0,0,0,0,0,0,0,0,0,0,0,0,0,0,0
WG_METRICS 576,256,768,1.0115,0.0074,0.0069,0.9676,0.0143,0.0154,256,768,196608,393216,203199.7969,406399.5938,0.0000,0,0.0000,0.0000,0,0.0000,0,0.0000,0.0000,0,0.0000,0.0000,0,0,0,0,0,0,0,0,0,0,0,0,0,0,0,0,0,0,0,0,0,0,0,0,0
WG_METRICS 577,256,768,1.0374,0.0074,0.0068,0.9841,0.0229,0.0161,256,768,196608,393216,199788.6250,399577.2500,0.0000,0,0.0000,0.0000,0,0.0000,0,0.0000,0.0000,0,0.0000,0.0000,0,0,0,0,0,0,0,0,0,0,0,0,0,0,0,0,0,0,0,0,0,0,0,0,0
WG_METRICS 578,256,768,1.0458,0.0074,0.0068,1.0047,0.0114,0.0154,256,768,196608,393216,195684.3750,391368.7500,0.0000,0,0.0000,0.0000,0,0.0000,0,0.0000,0.0000,0,0.0000,0.0000,0,0,0,0,0,0,0,0,0,0,0,0,0,0,0,0,0,0,0,0,0,0,0,0,0
WG_METRICS 579,256,768,1.0224,0.0077,0.0068,0.9692,0.0228,0.0159,256,768,196608,393216,202864.3281,405728.6562,0.0000,0,0.0000,0.0000,0,0.0000,0,0.0000,0.0000,0,0.0000,0.0000,0,0,0,0,0,0,0,0,0,0,0,0,0,0,0,0,0,0,0,0,0,0,0,0,0
WG_METRICS 580,256,768,1.0270,0.0075,0.0067,0.9740,0.0228,0.0159,256,768,196608,393216,201856.2656,403712.5312,0.0000,0,0.0000,0.0000,0,0.0000,0,0.0000,0.0000,0,0.0000,0.0000,0,0,0,0,0,0,0,0,0,0,0,0,0,0,0,0,0,0,0,0,0,0,0,0,0
WG_METRICS 581,256,768,1.0306,0.0075,0.0068,0.9773,0.0230,0.0161,256,768,196608,393216,201178.7812,402357.5625,0.0000,0,0.0000,0.0000,0,0.0000,0,0.0000,0.0000,0,0.0000,0.0000,0,0,0,0,0,0,0,0,0,0,0,0,0,0,0,0,0,0,0,0,0,0,0,0,0
WG_METRICS 582,256,768,1.0229,0.0074,0.0068,0.9834,0.0097,0.0156,256,768,196608,393216,199926.7812,399853.5625,0.0000,0,0.0000,0.0000,0,0.0000,0,0.0000,0.0000,0,0.0000,0.0000,0,0,0,0,0,0,0,0,0,0,0,0,0,0,0,0,0,0,0,0,0,0,0,0,0
WG_METRICS 583,256,768,1.0228,0.0074,0.0068,0.9704,0.0227,0.0155,256,768,196608,393216,202613.4688,405226.9375,0.0000,0,0.0000,0.0000,0,0.0000,0,0.0000,0.0000,0,0.0000,0.0000,0,0,0,0,0,0,0,0,0,0,0,0,0,0,0,0,0,0,0,0,0,0,0,0,0
WG_METRICS 584,256,768,1.0285,0.0075,0.0068,0.9754,0.0231,0.0158,256,768,196608,393216,201574.8125,403149.6250,0.0000,0,0.0000,0.0000,0,0.0000,0,0.0000,0.0000,0,0.0000,0.0000,0,0,0,0,0,0,0,0,0,0,0,0,0,0,0,0,0,0,0,0,0,0,0,0,0
WG_METRICS 585,256,768,1.0207,0.0075,0.0068,0.9764,0.0146,0.0155,256,768,196608,393216,201368.3438,402736.6875,0.0000,0,0.0000,0.0000,0,0.0000,0,0.0000,0.0000,0,0.0000,0.0000,0,0,0,0,0,0,0,0,0,0,0,0,0,0,0,0,0,0,0,0,0,0,0,0,0
WG_METRICS 586,256,768,1.0509,0.0075,0.0068,0.9973,0.0232,0.0161,256,768,196608,393216,197144.2344,394288.4688,0.0000,0,0.0000,0.0000,0,0.0000,0,0.0000,0.0000,0,0.0000,0.0000,0,0,0,0,0,0,0,0,0,0,0,0,0,0,0,0,0,0,0,0,0,0,0,0,0
WG_METRICS 587,256,768,1.0348,0.0074,0.0068,0.9817,0.0230,0.0158,256,768,196608,393216,200268.9219,400537.8438,0.0000,0,0.0000,0.0000,0,0.0000,0,0.0000,0.0000,0,0.0000,0.0000,0,0,0,0,0,0,0,0,0,0,0,0,0,0,0,0,0,0,0,0,0,0,0,0,0
WG_METRICS 588,256,768,1.0249,0.0074,0.0069,0.9808,0.0142,0.0156,256,768,196608,393216,200448.5938,400897.1875,0.0000,0,0.0000,0.0000,0,0.0000,0,0.0000,0.0000,0,0.0000,0.0000,0,0,0,0,0,0,0,0,0,0,0,0,0,0,0,0,0,0,0,0,0,0,0,0,0
WG_METRICS 589,256,768,1.0584,0.0076,0.0067,1.0055,0.0232,0.0155,256,768,196608,393216,195536.4531,391072.9062,0.0000,0,0.0000,0.0000,0,0.0000,0,0.0000,0.0000,0,0.0000,0.0000,0,0,0,0,0,0,0,0,0,0,0,0,0,0,0,0,0,0,0,0,0,0,0,0,0
WG_METRICS 590,256,768,1.0521,0.0079,0.0069,0.9978,0.0232,0.0163,256,768,196608,393216,197033.5938,394067.1875,0.0000,0,0.0000,0.0000,0,0.0000,0,0.0000,0.0000,0,0.0000,0.0000,0,0,0,0,0,0,0,0,0,0,0,0,0,0,0,0,0,0,0,0,0,0,0,0,0
WG_METRICS 591,256,768,1.0359,0.0075,0.0068,0.9820,0.0236,0.0160,256,768,196608,393216,200203.6562,400407.3125,0.0000,0,0.0000,0.0000,0,0.0000,0,0.0000,0.0000,0,0.0000,0.0000,0,0,0,0,0,0,0,0,0,0,0,0,0,0,0,0,0,0,0,0,0,0,0,0,0
WG_METRICS 592,256,768,1.0377,0.0074,0.0068,0.9930,0.0144,0.0160,256,768,196608,393216,197993.9688,395987.9375,0.0000,0,0.0000,0.0000,0,0.0000,0,0.0000,0.0000,0,0.0000,0.0000,0,0,0,0,0,0,0,0,0,0,0,0,0,0,0,0,0,0,0,0,0,0,0,0,0
WG_METRICS 593,256,768,1.2670,0.0078,0.0069,1.2077,0.0236,0.0212,256,768,196608,393216,162798.0938,325596.1875,0.0000,0,0.0000,0.0000,0,0.0000,0,0.0000,0.0000,0,0.0000,0.0000,0,0,0,0,0,0,0,0,0,0,0,0,0,0,0,0,0,0,0,0,0,0,0,0,0
WG_METRICS 594,256,768,1.7264,0.0098,0.0070,1.6578,0.0248,0.0270,256,768,196608,393216,118592.8672,237185.7344,0.0000,0,0.0000,0.0000,0,0.0000,0,0.0000,0.0000,0,0.0000,0.0000,0,0,0,0,0,0,0,0,0,0,0,0,0,0,0,0,0,0,0,0,0,0,0,0,0
WG_METRICS 595,256,768,1.8008,0.0086,0.0070,1.7334,0.0253,0.0266,256,768,196608,393216,113423.3281,226846.6562,0.0000,0,0.0000,0.0000,0,0.0000,0,0.0000,0.0000,0,0.0000,0.0000,0,0,0,0,0,0,0,0,0,0,0,0,0,0,0,0,0,0,0,0,0,0,0,0,0
WG_METRICS 596,256,768,1.4926,0.0084,0.0069,1.4304,0.0238,0.0230,256,768,196608,393216,137445.8281,274891.6562,0.0000,0,0.0000,0.0000,0,0.0000,0,0.0000,0.0000,0,0.0000,0.0000,0,0,0,0,0,0,0,0,0,0,0,0,0,0,0,0,0,0,0,0,0,0,0,0,0
WG_METRICS 597,256,768,1.3279,0.0078,0.0070,1.2690,0.0237,0.0204,256,768,196608,393216,154926.5625,309853.1250,0.0000,0,0.0000,0.0000,0,0.0000,0,0.0000,0.0000,0,0.0000,0.0000,0,0,0,0,0,0,0,0,0,0,0,0,0,0,0,0,0,0,0,0,0,0,0,0,0
WG_METRICS 598,256,768,1.3209,0.0079,0.0069,1.2627,0.0239,0.0194,256,768,196608,393216,155701.9844,311403.9688,0.0000,0,0.0000,0.0000,0,0.0000,0,0.0000,0.0000,0,0.0000,0.0000,0,0,0,0,0,0,0,0,0,0,0,0,0,0,0,0,0,0,0,0,0,0,0,0,0
WG_METRICS 599,256,768,1.2034,0.0080,0.0069,1.1461,0.0239,0.0185,256,768,196608,393216,171548.2344,343096.4688,0.0000,0,0.0000,0.0000,0,0.0000,0,0.0000,0.0000,0,0.0000,0.0000,0,0,0,0,0,0,0,0,0,0,0,0,0,0,0,0,0,0,0,0,0,0,0,0,0
WG_METRICS 600,256,768,1.0415,0.0074,0.0069,0.9716,0.0397,0.0160,256,768,196608,393216,202363.2031,404726.4062,0.0000,0,0.0000,0.0000,0,0.0000,0,0.0000,0.0000,0,0.0000,0.0000,0,0,0,0,0,0,0,0,0,0,0,0,0,0,0,0,0,0,0,0,0,0,0,0,0
WG_METRICS 601,256,768,1.0292,0.0075,0.0068,0.9855,0.0141,0.0154,256,768,196608,393216,199496.7188,398993.4375,0.0000,0,0.0000,0.0000,0,0.0000,0,0.0000,0.0000,0,0.0000,0.0000,0,0,0,0,0,0,0,0,0,0,0,0,0,0,0,0,0,0,0,0,0,0,0,0,0
WG_METRICS 602,256,768,1.0491,0.0076,0.0068,1.0052,0.0140,0.0155,256,768,196608,393216,195583.1562,391166.3125,0.0000,0,0.0000,0.0000,0,0.0000,0,0.0000,0.0000,0,0.0000,0.0000,0,0,0,0,0,0,0,0,0,0,0,0,0,0,0,0,0,0,0,0,0,0,0,0,0
WG_METRICS 603,256,768,1.0196,0.0074,0.0069,0.9751,0.0145,0.0156,256,768,196608,393216,201624.4062,403248.8125,0.0000,0,0.0000,0.0000,0,0.0000,0,0.0000,0.0000,0,0.0000,0.0000,0,0,0,0,0,0,0,0,0,0,0,0,0,0,0,0,0,0,0,0,0,0,0,0,0
WG_METRICS 604,256,768,1.0174,0.0074,0.0068,0.9782,0.0095,0.0154,256,768,196608,393216,200981.3594,401962.7188,0.0000,0,0.0000,0.0000,0,0.0000,0,0.0000,0.0000,0,0.0000,0.0000,0,0,0,0,0,0,0,0,0,0,0,0,0,0,0,0,0,0,0,0,0,0,0,0,0
WG_METRICS 605,256,768,1.0116,0.0074,0.0066,0.9676,0.0142,0.0158,256,768,196608,393216,203199.7969,406399.5938,0.0000,0,0.0000,0.0000,0,0.0000,0,0.0000,0.0000,0,0.0000,0.0000,0,0,0,0,0,0,0,0,0,0,0,0,0,0,0,0,0,0,0,0,0,0,0,0,0
WG_METRICS 606,256,768,1.0508,0.0076,0.0067,1.0045,0.0164,0.0156,256,768,196608,393216,195723.3125,391446.6250,0.0000,0,0.0000,0.0000,0,0.0000,0,0.0000,0.0000,0,0.0000,0.0000,0,0,0,0,0,0,0,0,0,0,0,0,0,0,0,0,0,0,0,0,0,0,0,0,0
WG_METRICS 607,256,768,1.0111,0.0075,0.0069,0.9648,0.0166,0.0154,256,768,196608,393216,203781.0938,407562.1875,0.0000,0,0.0000,0.0000,0,0.0000,0,0.0000,0.0000,0,0.0000,0.0000,0,0,0,0,0,0,0,0,0,0,0,0,0,0,0,0,0,0,0,0,0,0,0,0,0
WG_METRICS 608,256,768,1.0258,0.0075,0.0068,0.9820,0.0139,0.0156,256,768,196608,393216,200203.6562,400407.3125,0.0000,0,0.0000,0.0000,0,0.0000,0,0.0000,0.0000,0,0.0000,0.0000,0,0,0,0,0,0,0,0,0,0,0,0,0,0,0,0,0,0,0,0,0,0,0,0,0
WG_METRICS 609,256,768,1.0237,0.0075,0.0067,0.9865,0.0076,0.0154,256,768,196608,393216,199294.4844,398588.9688,0.0000,0,0.0000,0.0000,0,0.0000,0,0.0000,0.0000,0,0.0000,0.0000,0,0,0,0,0,0,0,0,0,0,0,0,0,0,0,0,0,0,0,0,0,0,0,0,0
WG_METRICS 610,256,768,1.0586,0.0076,0.0067,1.0226,0.0058,0.0158,256,768,196608,393216,192262.8438,384525.6875,0.0000,0,0.0000,0.0000,0,0.0000,0,0.0000,0.0000,0,0.0000,0.0000,0,0,0,0,0,0,0,0,0,0,0,0,0,0,0,0,0,0,0,0,0,0,0,0,0
WG_METRICS 611,256,768,1.0544,0.0074,0.0068,1.0078,0.0165,0.0158,256,768,196608,393216,195078.5781,390157.1562,0.0000,0,0.0000,0.0000,0,0.0000,0,0.0000,0.0000,0,0.0000,0.0000,0,0,0,0,0,0,0,0,0,0,0,0,0,0,0,0,0,0,0,0,0,0,0,0,0
WG_METRICS 612,256,768,1.0140,0.0074,0.0068,0.9674,0.0164,0.0158,256,768,196608,393216,203225.0000,406450.0000,0.0000,0,0.0000,0.0000,0,0.0000,0,0.0000,0.0000,0,0.0000,0.0000,0,0,0,0,0,0,0,0,0,0,0,0,0,0,0,0,0,0,0,0,0,0,0,0,0
WG_METRICS 613,256,768,1.0460,0.0074,0.0069,0.9930,0.0226,0.0162,256,768,196608,393216,197993.9688,395987.9375,0.0000,0,0.0000,0.0000,0,0.0000,0,0.0000,0.0000,0,0.0000,0.0000,0,0,0,0,0,0,0,0,0,0,0,0,0,0,0,0,0,0,0,0,0,0,0,0,0
WG_METRICS 614,256,768,1.0531,0.0075,0.0069,1.0066,0.0164,0.0157,256,768,196608,393216,195318.8906,390637.7812,0.0000,0,0.0000,0.0000,0,0.0000,0,0.0000,0.0000,0,0.0000,0.0000,0,0,0,0,0,0,0,0,0,0,0,0,0,0,0,0,0,0,0,0,0,0,0,0,0
WG_METRICS 615,256,768,1.6116,0.0082,0.0069,1.5554,0.0158,0.0252,256,768,196608,393216,126403.5000,252807.0000,0.0000,0,0.0000,0.0000,0,0.0000,0,0.0000,0.0000,0,0.0000,0.0000,0,0,0,0,0,0,0,0,0,0,0,0,0,0,0,0,0,0,0,0,0,0,0,0,0
WG_METRICS 616,256,768,1.9610,0.0088,0.0070,1.8652,0.0507,0.0292,256,768,196608,393216,105406.2734,210812.5469,0.0000,0,0.0000,0.0000,0,0.0000,0,0.0000,0.0000,0,0.0000,0.0000,0,0,0,0,0,0,0,0,0,0,0,0,0,0,0,0,0,0,0,0,0,0,0,0,0
WG_METRICS 617,256,768,3.2534,0.0086,0.0070,1.6103,0.0657,1.5618,256,768,196608,393216,122095.5312,244191.0625,0.0000,0,0.0000,0.0000,0,0.0000,0,0.0000,0.0000,0,0.0000,0.0000,0,0,0,0,0,0,0,0,0,0,0,0,0,0,0,0,0,0,0,0,0,0,0,0,0
WG_METRICS 618,256,768,1.3711,0.0080,0.0070,1.2963,0.0402,0.0196,256,768,196608,393216,151666.2656,303332.5312,0.0000,0,0.0000,0.0000,0,0.0000,0,0.0000,0.0000,0,0.0000,0.0000,0,0,0,0,0,0,0,0,0,0,0,0,0,0,0,0,0,0,0,0,0,0,0,0,0
WG_METRICS 619,256,768,1.0726,0.0074,0.0069,1.0280,0.0141,0.0161,256,768,196608,393216,191245.4688,382490.9375,0.0000,0,0.0000,0.0000,0,0.0000,0,0.0000,0.0000,0,0.0000,0.0000,0,0,0,0,0,0,0,0,0,0,0,0,0,0,0,0,0,0,0,0,0,0,0,0,0
WG_METRICS 620,256,768,1.0204,0.0074,0.0066,0.9816,0.0080,0.0167,256,768,196608,393216,200293.4062,400586.8125,0.0000,0,0.0000,0.0000,0,0.0000,0,0.0000,0.0000,0,0.0000,0.0000,0,0,0,0,0,0,0,0,0,0,0,0,0,0,0,0,0,0,0,0,0,0,0,0,0
WG_METRICS 621,256,768,1.0309,0.0075,0.0068,0.9869,0.0142,0.0156,256,768,196608,393216,199213.7188,398427.4375,0.0000,0,0.0000,0.0000,0,0.0000,0,0.0000,0.0000,0,0.0000,0.0000,0,0,0,0,0,0,0,0,0,0,0,0,0,0,0,0,0,0,0,0,0,0,0,0,0
WG_METRICS 622,256,768,1.0141,0.0075,0.0068,0.9679,0.0164,0.0156,256,768,196608,393216,203124.2188,406248.4375,0.0000,0,0.0000,0.0000,0,0.0000,0,0.0000,0.0000,0,0.0000,0.0000,0,0,0,0,0,0,0,0,0,0,0,0,0,0,0,0,0,0,0,0,0,0,0,0,0
WG_METRICS 623,256,768,1.0233,0.0075,0.0068,0.9772,0.0163,0.0156,256,768,196608,393216,201195.2500,402390.5000,0.0000,0,0.0000,0.0000,0,0.0000,0,0.0000,0.0000,0,0.0000,0.0000,0,0,0,0,0,0,0,0,0,0,0,0,0,0,0,0,0,0,0,0,0,0,0,0,0
WG_METRICS 624,256,768,1.0212,0.0074,0.0068,0.9775,0.0139,0.0156,256,768,196608,393216,201137.6250,402275.2500,0.0000,0,0.0000,0.0000,0,0.0000,0,0.0000,0.0000,0,0.0000,0.0000,0,0,0,0,0,0,0,0,0,0,0,0,0,0,0,0,0,0,0,0,0,0,0,0,0
WG_METRICS 625,256,768,1.0304,0.0074,0.0068,0.9862,0.0143,0.0156,256,768,196608,393216,199359.1562,398718.3125,0.0000,0,0.0000,0.0000,0,0.0000,0,0.0000,0.0000,0,0.0000,0.0000,0,0,0,0,0,0,0,0,0,0,0,0,0,0,0,0,0,0,0,0,0,0,0,0,0
WG_METRICS 626,256,768,1.0611,0.0075,0.0067,0.9910,0.0403,0.0155,256,768,196608,393216,198393.5469,396787.0938,0.0000,0,0.0000,0.0000,0,0.0000,0,0.0000,0.0000,0,0.0000,0.0000,0,0,0,0,0,0,0,0,0,0,0,0,0,0,0,0,0,0,0,0,0,0,0,0,0
WG_METRICS 627,256,768,1.0416,0.0075,0.0068,0.9969,0.0148,0.0156,256,768,196608,393216,197215.4219,394430.8438,0.0000,0,0.0000,0.0000,0,0.0000,0,0.0000,0.0000,0,0.0000,0.0000,0,0,0,0,0,0,0,0,0,0,0,0,0,0,0,0,0,0,0,0,0,0,0,0,0
WG_METRICS 628,256,768,1.0197,0.0074,0.0068,0.9758,0.0140,0.0156,256,768,196608,393216,201483.9219,402967.8438,0.0000,0,0.0000,0.0000,0,0.0000,0,0.0000,0.0000,0,0.0000,0.0000,0,0,0,0,0,0,0,0,0,0,0,0,0,0,0,0,0,0,0,0,0,0,0,0,0
WG_METRICS 629,256,768,1.0122,0.0075,0.0068,0.9673,0.0145,0.0162,256,768,196608,393216,203250.2188,406500.4375,0.0000,0,0.0000,0.0000,0,0.0000,0,0.0000,0.0000,0,0.0000,0.0000,0,0,0,0,0,0,0,0,0,0,0,0,0,0,0,0,0,0,0,0,0,0,0,0,0
WG_METRICS 630,256,768,1.0453,0.0075,0.0068,0.9782,0.0364,0.0164,256,768,196608,393216,200989.5625,401979.1250,0.0000,0,0.0000,0.0000,0,0.0000,0,0.0000,0.0000,0,0.0000,0.0000,0,0,0,0,0,0,0,0,0,0,0,0,0,0,0,0,0,0,0,0,0,0,0,0,0
WG_METRICS 631,256,768,1.0181,0.0074,0.0068,0.9720,0.0164,0.0155,256,768,196608,393216,202279.9219,404559.8438,0.0000,0,0.0000,0.0000,0,0.0000,0,0.0000,0.0000,0,0.0000,0.0000,0,0,0,0,0,0,0,0,0,0,0,0,0,0,0,0,0,0,0,0,0,0,0,0,0
WG_METRICS 632,256,768,1.0339,0.0074,0.0068,0.9877,0.0164,0.0155,256,768,196608,393216,199052.3594,398104.7188,0.0000,0,0.0000,0.0000,0,0.0000,0,0.0000,0.0000,0,0.0000,0.0000,0,0,0,0,0,0,0,0,0,0,0,0,0,0,0,0,0,0,0,0,0,0,0,0,0
WG_METRICS 633,256,768,1.0374,0.0076,0.0069,0.9924,0.0145,0.0161,256,768,196608,393216,198113.6719,396227.3438,0.0000,0,0.0000,0.0000,0,0.0000,0,0.0000,0.0000,0,0.0000,0.0000,0,0,0,0,0,0,0,0,0,0,0,0,0,0,0,0,0,0,0,0,0,0,0,0,0
WG_METRICS 634,256,768,1.0391,0.0074,0.0067,0.9861,0.0229,0.0159,256,768,196608,393216,199383.4219,398766.8438,0.0000,0,0.0000,0.0000,0,0.0000,0,0.0000,0.0000,0,0.0000,0.0000,0,0,0,0,0,0,0,0,0,0,0,0,0,0,0,0,0,0,0,0,0,0,0,0,0
WG_METRICS 635,256,768,1.0189,0.0074,0.0068,0.9750,0.0142,0.0156,256,768,196608,393216,201657.5000,403315.0000,0.0000,0,0.0000,0.0000,0,0.0000,0,0.0000,0.0000,0,0.0000,0.0000,0,0,0,0,0,0,0,0,0,0,0,0,0,0,0,0,0,0,0,0,0,0,0,0,0
WG_METRICS 636,256,768,1.0296,0.0074,0.0068,0.9834,0.0164,0.0156,256,768,196608,393216,199918.6562,399837.3125,0.0000,0,0.0000,0.0000,0,0.0000,0,0.0000,0.0000,0,0.0000,0.0000,0,0,0,0,0,0,0,0,0,0,0,0,0,0,0,0,0,0,0,0,0,0,0,0,0
WG_METRICS 637,256,768,1.0118,0.0074,0.0068,0.9672,0.0143,0.0161,256,768,196608,393216,203283.8438,406567.6875,0.0000,0,0.0000,0.0000,0,0.0000,0,0.0000,0.0000,0,0.0000,0.0000,0,0,0,0,0,0,0,0,0,0,0,0,0,0,0,0,0,0,0,0,0,0,0,0,0
WG_METRICS 638,256,768,1.0417,0.0074,0.0068,0.9956,0.0164,0.0155,256,768,196608,393216,197484.8281,394969.6562,0.0000,0,0.0000,0.0000,0,0.0000,0,0.0000,0.0000,0,0.0000,0.0000,0,0,0,0,0,0,0,0,0,0,0,0,0,0,0,0,0,0,0,0,0,0,0,0,0
WG_METRICS 639,256,768,1.0463,0.0075,0.0069,0.9931,0.0230,0.0159,256,768,196608,393216,197978.0000,395956.0000,0.0000,0,0.0000,0.0000,0,0.0000,0,0.0000,0.0000,0,0.0000,0.0000,0,0,0,0,0,0,0,0,0,0,0,0,0,0,0,0,0,0,0,0,0,0,0,0,0
WG_METRICS 640,256,768,1.0394,0.0075,0.0067,0.9860,0.0231,0.0161,256,768,196608,393216,199407.6875,398815.3750,0.0000,0,0.0000,0.0000,0,0.0000,0,0.0000,0.0000,0,0.0000,0.0000,0,0,0,0,0,0,0,0,0,0,0,0,0,0,0,0,0,0,0,0,0,0,0,0,0
WG_METRICS 641,256,768,1.0426,0.0075,0.0068,1.0042,0.0086,0.0156,256,768,196608,393216,195793.4844,391586.9688,0.0000,0,0.0000,0.0000,0,0.0000,0,0.0000,0.0000,0,0.0000,0.0000,0,0,0,0,0,0,0,0,0,0,0,0,0,0,0,0,0,0,0,0,0,0,0,0,0
WG_METRICS 642,256,768,1.0595,0.0074,0.0068,1.0066,0.0230,0.0158,256,768,196608,393216,195326.6562,390653.3125,0.0000,0,0.0000,0.0000,0,0.0000,0,0.0000,0.0000,0,0.0000,0.0000,0,0,0,0,0,0,0,0,0,0,0,0,0,0,0,0,0,0,0,0,0,0,0,0,0
WG_METRICS 643,256,768,1.0447,0.0075,0.0068,0.9916,0.0232,0.0156,256,768,196608,393216,198265.5000,396531.0000,0.0000,0,0.0000,0.0000,0,0.0000,0,0.0000,0.0000,0,0.0000,0.0000,0,0,0,0,0,0,0,0,0,0,0,0,0,0,0,0,0,0,0,0,0,0,0,0,0
WG_METRICS 644,256,768,1.0926,0.0075,0.0068,1.0391,0.0226,0.0165,256,768,196608,393216,189213.5312,378427.0625,0.0000,0,0.0000,0.0000,0,0.0000,0,0.0000,0.0000,0,0.0000,0.0000,0,0,0,0,0,0,0,0,0,0,0,0,0,0,0,0,0,0,0,0,0,0,0,0,0
WG_METRICS 645,256,768,1.0840,0.0076,0.0068,1.0370,0.0164,0.0162,256,768,196608,393216,189600.3750,379200.7500,0.0000,0,0.0000,0.0000,0,0.0000,0,0.0000,0.0000,0,0.0000,0.0000,0,0,0,0,0,0,0,0,0,0,0,0,0,0,0,0,0,0,0,0,0,0,0,0,0
WG_METRICS 646,256,768,1.0294,0.0074,0.0069,0.9904,0.0091,0.0156,256,768,196608,393216,198521.7500,397043.5000,0.0000,0,0.0000,0.0000,0,0.0000,0,0.0000,0.0000,0,0.0000,0.0000,0,0,0,0,0,0,0,0,0,0,0,0,0,0,0,0,0,0,0,0,0,0,0,0,0
WG_METRICS 647,256,768,1.0404,0.0074,0.0069,0.9878,0.0228,0.0155,256,768,196608,393216,199028.1875,398056.3750,0.0000,0,0.0000,0.0000,0,0.0000,0,0.0000,0.0000,0,0.0000,0.0000,0,0,0,0,0,0,0,0,0,0,0,0,0,0,0,0,0,0,0,0,0,0,0,0,0
WG_METRICS 648,256,768,1.0175,0.0075,0.0068,0.9728,0.0148,0.0156,256,768,196608,393216,202096.9531,404193.9062,0.0000,0,0.0000,0.0000,0,0.0000,0,0.0000,0.0000,0,0.0000,0.0000,0,0,0,0,0,0,0,0,0,0,0,0,0,0,0,0,0,0,0,0,0,0,0,0,0
WG_METRICS 649,256,768,1.0393,0.0076,0.0068,0.9941,0.0148,0.0160,256,768,196608,393216,197770.8906,395541.7812,0.0000,0,0.0000,0.0000,0,0.0000,0,0.0000,0.0000,0,0.0000,0.0000,0,0,0,0,0,0,0,0,0,0,0,0,0,0,0,0,0,0,0,0,0,0,0,0,0
WG_METRICS 650,256,768,1.0917,0.0075,0.0068,1.0406,0.0178,0.0190,256,768,196608,393216,188944.4062,377888.8125,0.0000,0,0.0000,0.0000,0,0.0000,0,0.0000,0.0000,0,0.0000,0.0000,0,0,0,0,0,0,0,0,0,0,0,0,0,0,0,0,0,0,0,0,0,0,0,0,0
WG_METRICS 651,256,768,1.0322,0.0075,0.0068,0.9798,0.0226,0.0155,256,768,196608,393216,200661.3594,401322.7188,0.0000,0,0.0000,0.0000,0,0.0000,0,0.0000,0.0000,0,0.0000,0.0000,0,0,0,0,0,0,0,0,0,0,0,0,0,0,0,0,0,0,0,0,0,0,0,0,0
WG_METRICS 652,256,768,1.0706,0.0074,0.0068,1.0244,0.0164,0.0155,256,768,196608,393216,191917.5312,383835.0625,0.0000,0,0.0000,0.0000,0,0.0000,0,0.0000,0.0000,0,0.0000,0.0000,0,0,0,0,0,0,0,0,0,0,0,0,0,0,0,0,0,0,0,0,0,0,0,0,0
WG_METRICS 653,256,768,1.0325,0.0073,0.0069,0.9887,0.0085,0.0212,256,768,196608,393216,198859.0781,397718.1562,0.0000,0,0.0000,0.0000,0,0.0000,0,0.0000,0.0000,0,0.0000,0.0000,0,0,0,0,0,0,0,0,0,0,0,0,0,0,0,0,0,0,0,0,0,0,0,0,0
WG_METRICS 654,256,768,1.0452,0.0074,0.0068,0.9987,0.0163,0.0159,256,768,196608,393216,196867.8594,393735.7188,0.0000,0,0.0000,0.0000,0,0.0000,0,0.0000,0.0000,0,0.0000,0.0000,0,0,0,0,0,0,0,0,0,0,0,0,0,0,0,0,0,0,0,0,0,0,0,0,0
WG_METRICS 655,256,768,1.0197,0.0074,0.0068,0.9736,0.0164,0.0156,256,768,196608,393216,201947.5000,403895.0000,0.0000,0,0.0000,0.0000,0,0.0000,0,0.0000,0.0000,0,0.0000,0.0000,0,0,0,0,0,0,0,0,0,0,0,0,0,0,0,0,0,0,0,0,0,0,0,0,0
WG_METRICS 656,256,768,1.0229,0.0075,0.0068,0.9759,0.0164,0.0164,256,768,196608,393216,201467.3906,402934.7812,0.0000,0,0.0000,0.0000,0,0.0000,0,0.0000,0.0000,0,0.0000,0.0000,0,0,0,0,0,0,0,0,0,0,0,0,0,0,0,0,0,0,0,0,0,0,0,0,0
WG_METRICS 657,256,768,1.0588,0.0075,0.0068,1.0140,0.0141,0.0164,256,768,196608,393216,193885.8438,387771.6875,0.0000,0,0.0000,0.0000,0,0.0000,0,0.0000,0.0000,0,0.0000,0.0000,0,0,0,0,0,0,0,0,0,0,0,0,0,0,0,0,0,0,0,0,0,0,0,0,0
WG_METRICS 658,256,768,1.0347,0.0077,0.0068,0.9950,0.0094,0.0158,256,768,196608,393216,197588.0312,395176.0625,0.0000,0,0.0000,0.0000,0,0.0000,0,0.0000,0.0000,0,0.0000,0.0000,0,0,0,0,0,0,0,0,0,0,0,0,0,0,0,0,0,0,0,0,0,0,0,0,0
WG_METRICS 659,256,768,1.0393,0.0074,0.0068,0.9865,0.0230,0.0156,256,768,196608,393216,199302.5781,398605.1562,0.0000,0,0.0000,0.0000,0,0.0000,0,0.0000,0.0000,0,0.0000,0.0000,0,0,0,0,0,0,0,0,0,0,0,0,0,0,0,0,0,0,0,0,0,0,0,0,0
WG_METRICS 660,256,768,1.0485,0.0074,0.0068,0.9953,0.0228,0.0162,256,768,196608,393216,197532.4531,395064.9062,0.0000,0,0.0000,0.0000,0,0.0000,0,0.0000,0.0000,0,0.0000,0.0000,0,0,0,0,0,0,0,0,0,0,0,0,0,0,0,0,0,0,0,0,0,0,0,0,0
WG_METRICS 661,256,768,1.0280,0.0074,0.0068,0.9840,0.0142,0.0155,256,768,196608,393216,199796.7500,399593.5000,0.0000,0,0.0000,0.0000,0,0.0000,0,0.0000,0.0000,0,0.0000,0.0000,0,0,0,0,0,0,0,0,0,0,0,0,0,0,0,0,0,0,0,0,0,0,0,0,0
WG_METRICS 662,256,768,1.0383,0.0094,0.0070,0.9754,0.0310,0.0155,256,768,196608,393216,201558.2656,403116.5312,0.0000,0,0.0000,0.0000,0,0.0000,0,0.0000,0.0000,0,0.0000,0.0000,0,0,0,0,0,0,0,0,0,0,0,0,0,0,0,0,0,0,0,0,0,0,0,0,0
WG_METRICS 663,256,768,1.0538,0.0075,0.0068,1.0096,0.0143,0.0157,256,768,196608,393216,194746.2344,389492.4688,0.0000,0,0.0000,0.0000,0,0.0000,0,0.0000,0.0000,0,0.0000,0.0000,0,0,0,0,0,0,0,0,0,0,0,0,0,0,0,0,0,0,0,0,0,0,0,0,0
WG_METRICS 664,256,768,1.0489,0.0078,0.0068,0.9983,0.0199,0.0161,256,768,196608,393216,196946.7500,393893.5000,0.0000,0,0.0000,0.0000,0,0.0000,0,0.0000,0.0000,0,0.0000,0.0000,0,0,0,0,0,0,0,0,0,0,0,0,0,0,0,0,0,0,0,0,0,0,0,0,0
WG_METRICS 665,256,768,1.0493,0.0074,0.0068,0.9799,0.0396,0.0156,256,768,196608,393216,200644.9844,401289.9688,0.0000,0,0.0000,0.0000,0,0.0000,0,0.0000,0.0000,0,0.0000,0.0000,0,0,0,0,0,0,0,0,0,0,0,0,0,0,0,0,0,0,0,0,0,0,0,0,0
WG_METRICS 666,256,768,1.0223,0.0074,0.0069,0.9783,0.0142,0.0156,256,768,196608,393216,200964.9219,401929.8438,0.0000,0,0.0000,0.0000,0,0.0000,0,0.0000,0.0000,0,0.0000,0.0000,0,0,0,0,0,0,0,0,0,0,0,0,0,0,0,0,0,0,0,0,0,0,0,0,0
WG_METRICS 667,256,768,1.0152,0.0075,0.0068,0.9772,0.0074,0.0164,256,768,196608,393216,201203.5000,402407.0000,0.0000,0,0.0000,0.0000,0,0.0000,0,0.0000,0.0000,0,0.0000,0.0000,0,0,0,0,0,0,0,0,0,0,0,0,0,0,0,0,0,0,0,0,0,0,0,0,0
WG_METRICS 668,256,768,1.0200,0.0074,0.0068,0.9735,0.0164,0.0158,256,768,196608,393216,201955.7969,403911.5938,0.0000,0,0.0000,0.0000,0,0.0000,0,0.0000,0.0000,0,0.0000,0.0000,0,0,0,0,0,0,0,0,0,0,0,0,0,0,0,0,0,0,0,0,0,0,0,0,0
WG_METRICS 669,256,768,1.0222,0.0075,0.0068,0.9759,0.0164,0.0156,256,768,196608,393216,201467.3906,402934.7812,0.0000,0,0.0000,0.0000,0,0.0000,0,0.0000,0.0000,0,0.0000,0.0000,0,0,0,0,0,0,0,0,0,0,0,0,0,0,0,0,0,0,0,0,0,0,0,0,0
WG_METRICS 670,256,768,1.0264,0.0099,0.0066,0.9835,0.0096,0.0167,256,768,196608,393216,199902.3906,399804.7812,0.0000,0,0.0000,0.0000,0,0.0000,0,0.0000,0.0000,0,0.0000,0.0000,0,0,0,0,0,0,0,0,0,0,0,0,0,0,0,0,0,0,0,0,0,0,0,0,0
WG_METRICS 671,256,768,1.0522,0.0076,0.0066,0.9984,0.0235,0.0162,256,768,196608,393216,196923.0781,393846.1562,0.0000,0,0.0000,0.0000,0,0.0000,0,0.0000,0.0000,0,0.0000,0.0000,0,0,0,0,0,0,0,0,0,0,0,0,0,0,0,0,0,0,0,0,0,0,0,0,0
WG_METRICS 672,256,768,1.0066,0.0075,0.0068,0.9604,0.0163,0.0157,256,768,196608,393216,204723.2344,409446.4688,0.0000,0,0.0000,0.0000,0,0.0000,0,0.0000,0.0000,0,0.0000,0.0000,0,0,0,0,0,0,0,0,0,0,0,0,0,0,0,0,0,0,0,0,0,0,0,0,0
WG_METRICS 673,256,768,1.0304,0.0075,0.0067,0.9782,0.0226,0.0155,256,768,196608,393216,200989.5625,401979.1250,0.0000,0,0.0000,0.0000,0,0.0000,0,0.0000,0.0000,0,0.0000,0.0000,0,0,0,0,0,0,0,0,0,0,0,0,0,0,0,0,0,0,0,0,0,0,0,0,0
WG_METRICS 674,256,768,1.0279,0.0074,0.0068,0.9839,0.0144,0.0154,256,768,196608,393216,199829.2500,399658.5000,0.0000,0,0.0000,0.0000,0,0.0000,0,0.0000,0.0000,0,0.0000,0.0000,0,0,0,0,0,0,0,0,0,0,0,0,0,0,0,0,0,0,0,0,0,0,0,0,0
WG_METRICS 675,256,768,1.0380,0.0075,0.0068,0.9856,0.0225,0.0155,256,768,196608,393216,199472.4219,398944.8438,0.0000,0,0.0000,0.0000,0,0.0000,0,0.0000,0.0000,0,0.0000,0.0000,0,0,0,0,0,0,0,0,0,0,0,0,0,0,0,0,0,0,0,0,0,0,0,0,0
WG_METRICS 676,256,768,1.0172,0.0074,0.0068,0.9728,0.0143,0.0158,256,768,196608,393216,202096.9531,404193.9062,0.0000,0,0.0000,0.0000,0,0.0000,0,0.0000,0.0000,0,0.0000,0.0000,0,0,0,0,0,0,0,0,0,0,0,0,0,0,0,0,0,0,0,0,0,0,0,0,0
WG_METRICS 677,256,768,1.0386,0.0074,0.0068,0.9849,0.0228,0.0166,256,768,196608,393216,199618.2344,399236.4688,0.0000,0,0.0000,0.0000,0,0.0000,0,0.0000,0.0000,0,0.0000,0.0000,0,0,0,0,0,0,0,0,0,0,0,0,0,0,0,0,0,0,0,0,0,0,0,0,0
WG_METRICS 678,256,768,1.0302,0.0076,0.0068,0.9768,0.0230,0.0160,256,768,196608,393216,201277.6406,402555.2812,0.0000,0,0.0000,0.0000,0,0.0000,0,0.0000,0.0000,0,0.0000,0.0000,0,0,0,0,0,0,0,0,0,0,0,0,0,0,0,0,0,0,0,0,0,0,0,0,0
WG_METRICS 679,256,768,1.0385,0.0075,0.0068,0.9724,0.0360,0.0158,256,768,196608,393216,202196.7188,404393.4375,0.0000,0,0.0000,0.0000,0,0.0000,0,0.0000,0.0000,0,0.0000,0.0000,0,0,0,0,0,0,0,0,0,0,0,0,0,0,0,0,0,0,0,0,0,0,0,0,0
WG_METRICS 680,256,768,1.0266,0.0074,0.0068,0.9830,0.0138,0.0155,256,768,196608,393216,200008.1406,400016.2812,0.0000,0,0.0000,0.0000,0,0.0000,0,0.0000,0.0000,0,0.0000,0.0000,0,0,0,0,0,0,0,0,0,0,0,0,0,0,0,0,0,0,0,0,0,0,0,0,0
WG_METRICS 681,256,768,1.0329,0.0074,0.0068,0.9868,0.0164,0.0155,256,768,196608,393216,199229.8594,398459.7188,0.0000,0,0.0000,0.0000,0,0.0000,0,0.0000,0.0000,0,0.0000,0.0000,0,0,0,0,0,0,0,0,0,0,0,0,0,0,0,0,0,0,0,0,0,0,0,0,0
WG_METRICS 682,256,768,1.0434,0.0074,0.0068,0.9995,0.0141,0.0156,256,768,196608,393216,196710.2812,393420.5625,0.0000,0,0.0000,0.0000,0,0.0000,0,0.0000,0.0000,0,0.0000,0.0000,0,0,0,0,0,0,0,0,0,0,0,0,0,0,0,0,0,0,0,0,0,0,0,0,0
WG_METRICS 683,256,768,1.0282,0.0074,0.0068,0.9847,0.0138,0.0154,256,768,196608,393216,199666.8906,399333.7812,0.0000,0,0.0000,0.0000,0,0.0000,0,0.0000,0.0000,0,0.0000,0.0000,0,0,0,0,0,0,0,0,0,0,0,0,0,0,0,0,0,0,0,0,0,0,0,0,0
WG_METRICS 684,256,768,1.0195,0.0074,0.0069,0.9794,0.0100,0.0158,256,768,196608,393216,200751.5156,401503.0312,0.0000,0,0.0000,0.0000,0,0.0000,0,0.0000,0.0000,0,0.0000,0.0000,0,0,0,0,0,0,0,0,0,0,0,0,0,0,0,0,0,0,0,0,0,0,0,0,0
WG_METRICS 685,256,768,1.0220,0.0076,0.0067,0.9827,0.0096,0.0155,256,768,196608,393216,200065.1250,400130.2500,0.0000,0,0.0000,0.0000,0,0.0000,0,0.0000,0.0000,0,0.0000,0.0000,0,0,0,0,0,0,0,0,0,0,0,0,0,0,0,0,0,0,0,0,0,0,0,0,0
WG_METRICS 686,256,768,1.0476,0.0075,0.0068,1.0034,0.0143,0.0157,256,768,196608,393216,195949.6094,391899.2188,0.0000,0,0.0000,0.0000,0,0.0000,0,0.0000,0.0000,0,0.0000,0.0000,0,0,0,0,0,0,0,0,0,0,0,0,0,0,0,0,0,0,0,0,0,0,0,0,0
WG_METRICS 687,256,768,1.0196,0.0075,0.0067,0.9739,0.0142,0.0173,256,768,196608,393216,201881.1406,403762.2812,0.0000,0,0.0000,0.0000,0,0.0000,0,0.0000,0.0000,0,0.0000,0.0000,0,0,0,0,0,0,0,0,0,0,0,0,0,0,0,0,0,0,0,0,0,0,0,0,0
WG_METRICS 688,256,768,1.0333,0.0074,0.0066,0.9893,0.0142,0.0159,256,768,196608,393216,198738.4844,397476.9688,0.0000,0,0.0000,0.0000,0,0.0000,0,0.0000,0.0000,0,0.0000,0.0000,0,0,0,0,0,0,0,0,0,0,0,0,0,0,0,0,0,0,0,0,0,0,0,0,0
WG_METRICS 689,256,768,1.0187,0.0074,0.0069,0.9790,0.0095,0.0159,256,768,196608,393216,200825.3438,401650.6875,0.0000,0,0.0000,0.0000,0,0.0000,0,0.0000,0.0000,0,0.0000,0.0000,0,0,0,0,0,0,0,0,0,0,0,0,0,0,0,0,0,0,0,0,0,0,0,0,0
WG_METRICS 690,256,768,1.0360,0.0075,0.0068,0.9953,0.0076,0.0188,256,768,196608,393216,197540.3906,395080.7812,0.0000,0,0.0000,0.0000,0,0.0000,0,0.0000,0.0000,0,0.0000,0.0000,0,0,0,0,0,0,0,0,0,0,0,0,0,0,0,0,0,0,0,0,0,0,0,0,0
WG_METRICS 691,256,768,1.0379,0.0074,0.0068,0.9948,0.0133,0.0156,256,768,196608,393216,197627.7500,395255.5000,0.0000,0,0.0000,0.0000,0,0.0000,0,0.0000,0.0000,0,0.0000,0.0000,0,0,0,0,0,0,0,0,0,0,0,0,0,0,0,0,0,0,0,0,0,0,0,0,0
WG_METRICS 692,256,768,1.0380,0.0075,0.0066,0.9838,0.0227,0.0174,256,768,196608,393216,199837.3750,399674.7500,0.0000,0,0.0000,0.0000,0,0.0000,0,0.0000,0.0000,0,0.0000,0.0000,0,0,0,0,0,0,0,0,0,0,0,0,0,0,0,0,0,0,0,0,0,0,0,0,0
WG_METRICS 693,256,768,1.0296,0.0077,0.0067,0.9891,0.0088,0.0173,256,768,196608,393216,198770.6250,397541.2500,0.0000,0,0.0000,0.0000,0,0.0000,0,0.0000,0.0000,0,0.0000,0.0000,0,0,0,0,0,0,0,0,0,0,0,0,0,0,0,0,0,0,0,0,0,0,0,0,0
WG_METRICS 694,256,768,1.0330,0.0074,0.0068,0.9864,0.0166,0.0157,256,768,196608,393216,199318.7344,398637.4688,0.0000,0,0.0000,0.0000,0,0.0000,0,0.0000,0.0000,0,0.0000,0.0000,0,0,0,0,0,0,0,0,0,0,0,0,0,0,0,0,0,0,0,0,0,0,0,0,0
WG_METRICS 695,256,768,1.0318,0.0075,0.0068,0.9856,0.0164,0.0155,256,768,196608,393216,199488.6094,398977.2188,0.0000,0,0.0000,0.0000,0,0.0000,0,0.0000,0.0000,0,0.0000,0.0000,0,0,0,0,0,0,0,0,0,0,0,0,0,0,0,0,0,0,0,0,0,0,0,0,0
WG_METRICS 696,256,768,1.0505,0.0074,0.0066,1.0044,0.0164,0.0156,256,768,196608,393216,195738.9219,391477.8438,0.0000,0,0.0000,0.0000,0,0.0000,0,0.0000,0.0000,0,0.0000,0.0000,0,0,0,0,0,0,0,0,0,0,0,0,0,0,0,0,0,0,0,0,0,0,0,0,0
WG_METRICS 697,256,768,1.0166,0.0074,0.0068,0.9704,0.0164,0.0155,256,768,196608,393216,202605.1094,405210.2188,0.0000,0,0.0000,0.0000,0,0.0000,0,0.0000,0.0000,0,0.0000,0.0000,0,0,0,0,0,0,0,0,0,0,0,0,0,0,0,0,0,0,0,0,0,0,0,0,0
WG_METRICS 698,256,768,1.0309,0.0074,0.0068,0.9848,0.0164,0.0155,256,768,196608,393216,199650.6719,399301.3438,0.0000,0,0.0000,0.0000,0,0.0000,0,0.0000,0.0000,0,0.0000,0.0000,0,0,0,0,0,0,0,0,0,0,0,0,0,0,0,0,0,0,0,0,0,0,0,0,0
WG_METRICS 699,256,768,1.0314,0.0074,0.0068,0.9850,0.0164,0.0159,256,768,196608,393216,199602.0312,399204.0625,0.0000,0,0.0000,0.0000,0,0.0000,0,0.0000,0.0000,0,0.0000,0.0000,0,0,0,0,0,0,0,0,0,0,0,0,0,0,0,0,0,0,0,0,0,0,0,0,0
WG_METRICS 700,256,768,1.0209,0.0074,0.0069,0.9747,0.0164,0.0155,256,768,196608,393216,201707.1562,403414.3125,0.0000,0,0.0000,0.0000,0,0.0000,0,0.0000,0.0000,0,0.0000,0.0000,0,0,0,0,0,0,0,0,0,0,0,0,0,0,0,0,0,0,0,0,0,0,0,0,0
WG_METRICS 701,256,768,1.0386,0.0074,0.0068,0.9943,0.0144,0.0157,256,768,196608,393216,197739.0781,395478.1562,0.0000,0,0.0000,0.0000,0,0.0000,0,0.0000,0.0000,0,0.0000,0.0000,0,0,0,0,0,0,0,0,0,0,0,0,0,0,0,0,0,0,0,0,0,0,0,0,0
WG_METRICS 702,256,768,1.0240,0.0075,0.0068,0.9838,0.0099,0.0161,256,768,196608,393216,199853.6250,399707.2500,0.0000,0,0.0000,0.0000,0,0.0000,0,0.0000,0.0000,0,0.0000,0.0000,0,0,0,0,0,0,0,0,0,0,0,0,0,0,0,0,0,0,0,0,0,0,0,0,0
WG_METRICS 703,256,768,1.0344,0.0075,0.0068,0.9812,0.0225,0.0164,256,768,196608,393216,200366.8906,400733.7812,0.0000,0,0.0000,0.0000,0,0.0000,0,0.0000,0.0000,0,0.0000,0.0000,0,0,0,0,0,0,0,0,0,0,0,0,0,0,0,0,0,0,0,0,0,0,0,0,0
WG_METRICS 704,256,768,1.0172,0.0075,0.0068,0.9644,0.0231,0.0154,256,768,196608,393216,203874.0781,407748.1562,0.0000,0,0.0000,0.0000,0,0.0000,0,0.0000,0.0000,0,0.0000,0.0000,0,0,0,0,0,0,0,0,0,0,0,0,0,0,0,0,0,0,0,0,0,0,0,0,0
WG_METRICS 705,256,768,1.0294,0.0100,0.0069,0.9828,0.0141,0.0156,256,768,196608,393216,200048.8438,400097.6875,0.0000,0,0.0000,0.0000,0,0.0000,0,0.0000,0.0000,0,0.0000,0.0000,0,0,0,0,0,0,0,0,0,0,0,0,0,0,0,0,0,0,0,0,0,0,0,0,0
WG_METRICS 706,256,768,1.0260,0.0075,0.0068,0.9725,0.0227,0.0165,256,768,196608,393216,202163.4531,404326.9062,0.0000,0,0.0000,0.0000,0,0.0000,0,0.0000,0.0000,0,0.0000,0.0000,0,0,0,0,0,0,0,0,0,0,0,0,0,0,0,0,0,0,0,0,0,0,0,0,0
WG_METRICS 707,256,768,1.0455,0.0074,0.0068,0.9801,0.0356,0.0155,256,768,196608,393216,200604.0312,401208.0625,0.0000,0,0.0000,0.0000,0,0.0000,0,0.0000,0.0000,0,0.0000,0.0000,0,0,0,0,0,0,0,0,0,0,0,0,0,0,0,0,0,0,0,0,0,0,0,0,0
WG_METRICS 708,256,768,1.0180,0.0075,0.0066,0.9745,0.0140,0.0154,256,768,196608,393216,201756.8438,403513.6875,0.0000,0,0.0000,0.0000,0,0.0000,0,0.0000,0.0000,0,0.0000,0.0000,0,0,0,0,0,0,0,0,0,0,0,0,0,0,0,0,0,0,0,0,0,0,0,0,0
WG_METRICS 709,256,768,1.0248,0.0074,0.0068,0.9810,0.0140,0.0155,256,768,196608,393216,200424.0781,400848.1562,0.0000,0,0.0000,0.0000,0,0.0000,0,0.0000,0.0000,0,0.0000,0.0000,0,0,0,0,0,0,0,0,0,0,0,0,0,0,0,0,0,0,0,0,0,0,0,0,0
WG_METRICS 710,256,768,1.0182,0.0099,0.0069,0.9761,0.0098,0.0154,256,768,196608,393216,201417.8594,402835.7188,0.0000,0,0.0000,0.0000,0,0.0000,0,0.0000,0.0000,0,0.0000,0.0000,0,0,0,0,0,0,0,0,0,0,0,0,0,0,0,0,0,0,0,0,0,0,0,0,0
WG_METRICS 711,256,768,1.0300,0.0075,0.0068,0.9860,0.0140,0.0157,256,768,196608,393216,199407.6875,398815.3750,0.0000,0,0.0000,0.0000,0,0.0000,0,0.0000,0.0000,0,0.0000,0.0000,0,0,0,0,0,0,0,0,0,0,0,0,0,0,0,0,0,0,0,0,0,0,0,0,0
WG_METRICS 712,256,768,1.0217,0.0074,0.0067,0.9822,0.0098,0.0156,256,768,196608,393216,200179.2031,400358.4062,0.0000,0,0.0000,0.0000,0,0.0000,0,0.0000,0.0000,0,0.0000,0.0000,0,0,0,0,0,0,0,0,0,0,0,0,0,0,0,0,0,0,0,0,0,0,0,0,0
WG_METRICS 713,256,768,1.0249,0.0075,0.0068,0.9807,0.0144,0.0154,256,768,196608,393216,200473.1250,400946.2500,0.0000,0,0.0000,0.0000,0,0.0000,0,0.0000,0.0000,0,0.0000,0.0000,0,0,0,0,0,0,0,0,0,0,0,0,0,0,0,0,0,0,0,0,0,0,0,0,0
WG_METRICS 714,256,768,1.0370,0.0074,0.0068,0.9944,0.0128,0.0156,256,768,196608,393216,197723.1562,395446.3125,0.0000,0,0.0000,0.0000,0,0.0000,0,0.0000,0.0000,0,0.0000,0.0000,0,0,0,0,0,0,0,0,0,0,0,0,0,0,0,0,0,0,0,0,0,0,0,0,0
WG_METRICS 715,256,768,1.0284,0.0068,0.0066,0.9806,0.0187,0.0157,256,768,196608,393216,200497.6562,400995.3125,0.0000,0,0.0000,0.0000,0,0.0000,0,0.0000,0.0000,0,0.0000,0.0000,0,0,0,0,0,0,0,0,0,0,0,0,0,0,0,0,0,0,0,0,0,0,0,0,0
WG_METRICS 716,256,768,1.0267,0.0074,0.0069,0.9829,0.0140,0.0154,256,768,196608,393216,200032.5625,400065.1250,0.0000,0,0.0000,0.0000,0,0.0000,0,0.0000,0.0000,0,0.0000,0.0000,0,0,0,0,0,0,0,0,0,0,0,0,0,0,0,0,0,0,0,0,0,0,0,0,0
WG_METRICS 717,256,768,1.0434,0.0074,0.0068,0.9906,0.0230,0.0155,256,768,196608,393216,198465.6406,396931.2812,0.0000,0,0.0000,0.0000,0,0.0000,0,0.0000,0.0000,0,0.0000,0.0000,0,0,0,0,0,0,0,0,0,0,0,0,0,0,0,0,0,0,0,0,0,0,0,0,0
WG_METRICS 718,256,768,1.0422,0.0074,0.0069,0.9958,0.0164,0.0157,256,768,196608,393216,197437.2344,394874.4688,0.0000,0,0.0000,0.0000,0,0.0000,0,0.0000,0.0000,0,0.0000,0.0000,0,0,0,0,0,0,0,0,0,0,0,0,0,0,0,0,0,0,0,0,0,0,0,0,0
WG_METRICS 719,256,768,1.0230,0.0074,0.0066,0.9838,0.0097,0.0154,256,768,196608,393216,199837.3750,399674.7500,0.0000,0,0.0000,0.0000,0,0.0000,0,0.0000,0.0000,0,0.0000,0.0000,0,0,0,0,0,0,0,0,0,0,0,0,0,0,0,0,0,0,0,0,0,0,0,0,0
WG_METRICS 720,256,768,1.0606,0.0076,0.0068,1.0154,0.0146,0.0162,256,768,196608,393216,193618.5312,387237.0625,0.0000,0,0.0000,0.0000,0,0.0000,0,0.0000,0.0000,0,0.0000,0.0000,0,0,0,0,0,0,0,0,0,0,0,0,0,0,0,0,0,0,0,0,0,0,0,0,0
WG_METRICS 721,256,768,1.0214,0.0074,0.0069,0.9753,0.0165,0.0154,256,768,196608,393216,201591.3438,403182.6875,0.0000,0,0.0000,0.0000,0,0.0000,0,0.0000,0.0000,0,0.0000,0.0000,0,0,0,0,0,0,0,0,0,0,0,0,0,0,0,0,0,0,0,0,0,0,0,0,0
WG_METRICS 722,256,768,1.0473,0.0074,0.0068,0.9928,0.0232,0.0172,256,768,196608,393216,198041.8281,396083.6562,0.0000,0,0.0000,0.0000,0,0.0000,0,0.0000,0.0000,0,0.0000,0.0000,0,0,0,0,0,0,0,0,0,0,0,0,0,0,0,0,0,0,0,0,0,0,0,0,0
WG_METRICS 723,256,768,1.0424,0.0074,0.0068,0.9964,0.0164,0.0155,256,768,196608,393216,197318.3438,394636.6875,0.0000,0,0.0000,0.0000,0,0.0000,0,0.0000,0.0000,0,0.0000,0.0000,0,0,0,0,0,0,0,0,0,0,0,0,0,0,0,0,0,0,0,0,0,0,0,0,0
WG_METRICS 724,256,768,1.0226,0.0074,0.0068,0.9765,0.0164,0.0155,256,768,196608,393216,201335.3594,402670.7188,0.0000,0,0.0000,0.0000,0,0.0000,0,0.0000,0.0000,0,0.0000,0.0000,0,0,0,0,0,0,0,0,0,0,0,0,0,0,0,0,0,0,0,0,0,0,0,0,0
WG_METRICS 725,256,768,1.0322,0.0074,0.0068,0.9858,0.0164,0.0158,256,768,196608,393216,199440.0469,398880.0938,0.0000,0,0.0000,0.0000,0,0.0000,0,0.0000,0.0000,0,0.0000,0.0000,0,0,0,0,0,0,0,0,0,0,0,0,0,0,0,0,0,0,0,0,0,0,0,0,0
WG_METRICS 726,256,768,1.0342,0.0074,0.0068,0.9881,0.0164,0.0155,256,768,196608,393216,198979.8281,397959.6562,0.0000,0,0.0000,0.0000,0,0.0000,0,0.0000,0.0000,0,0.0000,0.0000,0,0,0,0,0,0,0,0,0,0,0,0,0,0,0,0,0,0,0,0,0,0,0,0,0
WG_METRICS 727,256,768,1.0776,0.0074,0.0069,0.9847,0.0331,0.0455,256,768,196608,393216,199658.7812,399317.5625,0.0000,0,0.0000,0.0000,0,0.0000,0,0.0000,0.0000,0,0.0000,0.0000,0,0,0,0,0,0,0,0,0,0,0,0,0,0,0,0,0,0,0,0,0,0,0,0,0
WG_METRICS 728,256,768,1.0418,0.0075,0.0068,0.9957,0.0163,0.0156,256,768,196608,393216,197461.0312,394922.0625,0.0000,0,0.0000,0.0000,0,0.0000,0,0.0000,0.0000,0,0.0000,0.0000,0,0,0,0,0,0,0,0,0,0,0,0,0,0,0,0,0,0,0,0,0,0,0,0,0
WG_METRICS 729,256,768,1.0282,0.0074,0.0068,0.9756,0.0229,0.0154,256,768,196608,393216,201516.9531,403033.9062,0.0000,0,0.0000,0.0000,0,0.0000,0,0.0000,0.0000,0,0.0000,0.0000,0,0,0,0,0,0,0,0,0,0,0,0,0,0,0,0,0,0,0,0,0,0,0,0,0
WG_METRICS 730,256,768,1.0169,0.0075,0.0067,0.9637,0.0226,0.0164,256,768,196608,393216,204017.9219,408035.8438,0.0000,0,0.0000,0.0000,0,0.0000,0,0.0000,0.0000,0,0.0000,0.0000,0,0,0,0,0,0,0,0,0,0,0,0,0,0,0,0,0,0,0,0,0,0,0,0,0
WG_METRICS 731,256,768,1.0418,0.0074,0.0066,0.9892,0.0232,0.0156,256,768,196608,393216,198762.5938,397525.1875,0.0000,0,0.0000,0.0000,0,0.0000,0,0.0000,0.0000,0,0.0000,0.0000,0,0,0,0,0,0,0,0,0,0,0,0,0,0,0,0,0,0,0,0,0,0,0,0,0
WG_METRICS 732,256,768,1.0364,0.0074,0.0069,0.9838,0.0228,0.0155,256,768,196608,393216,199837.3750,399674.7500,0.0000,0,0.0000,0.0000,0,0.0000,0,0.0000,0.0000,0,0.0000,0.0000,0,0,0,0,0,0,0,0,0,0,0,0,0,0,0,0,0,0,0,0,0,0,0,0,0
WG_METRICS 733,256,768,1.0284,0.0075,0.0068,0.9752,0.0234,0.0156,256,768,196608,393216,201607.8750,403215.7500,0.0000,0,0.0000,0.0000,0,0.0000,0,0.0000,0.0000,0,0.0000,0.0000,0,0,0,0,0,0,0,0,0,0,0,0,0,0,0,0,0,0,0,0,0,0,0,0,0
WG_METRICS 734,256,768,1.0260,0.0074,0.0069,0.9733,0.0231,0.0154,256,768,196608,393216,202005.5938,404011.1875,0.0000,0,0.0000,0.0000,0,0.0000,0,0.0000,0.0000,0,0.0000,0.0000,0,0,0,0,0,0,0,0,0,0,0,0,0,0,0,0,0,0,0,0,0,0,0,0,0
WG_METRICS 735,256,768,1.0255,0.0100,0.0066,0.9700,0.0229,0.0160,256,768,196608,393216,202688.6562,405377.3125,0.0000,0,0.0000,0.0000,0,0.0000,0,0.0000,0.0000,0,0.0000,0.0000,0,0,0,0,0,0,0,0,0,0,0,0,0,0,0,0,0,0,0,0,0,0,0,0,0
WG_METRICS 736,256,768,1.0267,0.0073,0.0066,0.9746,0.0226,0.0156,256,768,196608,393216,201740.2656,403480.5312,0.0000,0,0.0000,0.0000,0,0.0000,0,0.0000,0.0000,0,0.0000,0.0000,0,0,0,0,0,0,0,0,0,0,0,0,0,0,0,0,0,0,0,0,0,0,0,0,0
WG_METRICS 737,256,768,1.0336,0.0078,0.0070,0.9808,0.0226,0.0154,256,768,196608,393216,200464.9531,400929.9062,0.0000,0,0.0000,0.0000,0,0.0000,0,0.0000,0.0000,0,0.0000,0.0000,0,0,0,0,0,0,0,0,0,0,0,0,0,0,0,0,0,0,0,0,0,0,0,0,0
WG_METRICS 738,256,768,1.0327,0.0074,0.0068,0.9800,0.0229,0.0155,256,768,196608,393216,200612.2188,401224.4375,0.0000,0,0.0000,0.0000,0,0.0000,0,0.0000,0.0000,0,0.0000,0.0000,0,0,0,0,0,0,0,0,0,0,0,0,0,0,0,0,0,0,0,0,0,0,0,0,0
WG_METRICS 739,256,768,1.0265,0.0074,0.0068,0.9729,0.0229,0.0165,256,768,196608,393216,202080.3281,404160.6562,0.0000,0,0.0000,0.0000,0,0.0000,0,0.0000,0.0000,0,0.0000,0.0000,0,0,0,0,0,0,0,0,0,0,0,0,0,0,0,0,0,0,0,0,0,0,0,0,0
WG_METRICS 740,256,768,1.0374,0.0075,0.0068,0.9835,0.0230,0.0166,256,768,196608,393216,199902.3906,399804.7812,0.0000,0,0.0000,0.0000,0,0.0000,0,0.0000,0.0000,0,0.0000,0.0000,0,0,0,0,0,0,0,0,0,0,0,0,0,0,0,0,0,0,0,0,0,0,0,0,0
WG_METRICS 741,256,768,1.0845,0.0074,0.0069,1.0184,0.0362,0.0156,256,768,196608,393216,193055.7812,386111.5625,0.0000,0,0.0000,0.0000,0,0.0000,0,0.0000,0.0000,0,0.0000,0.0000,0,0,0,0,0,0,0,0,0,0,0,0,0,0,0,0,0,0,0,0,0,0,0,0,0
WG_METRICS 742,256,768,1.0642,0.0074,0.0068,0.9946,0.0400,0.0154,256,768,196608,393216,197675.4531,395350.9062,0.0000,0,0.0000,0.0000,0,0.0000,0,0.0000,0.0000,0,0.0000,0.0000,0,0,0,0,0,0,0,0,0,0,0,0,0,0,0,0,0,0,0,0,0,0,0,0,0
WG_METRICS 743,256,768,1.0603,0.0074,0.0069,0.9940,0.0365,0.0155,256,768,196608,393216,197794.7656,395589.5312,0.0000,0,0.0000,0.0000,0,0.0000,0,0.0000,0.0000,0,0.0000,0.0000,0,0,0,0,0,0,0,0,0,0,0,0,0,0,0,0,0,0,0,0,0,0,0,0,0
WG_METRICS 744,256,768,1.0352,0.0074,0.0067,0.9820,0.0227,0.0164,256,768,196608,393216,200219.9688,400439.9375,0.0000,0,0.0000,0.0000,0,0.0000,0,0.0000,0.0000,0,0.0000,0.0000,0,0,0,0,0,0,0,0,0,0,0,0,0,0,0,0,0,0,0,0,0,0,0,0,0
WG_METRICS 745,256,768,1.0298,0.0074,0.0068,0.9855,0.0145,0.0156,256,768,196608,393216,199504.8125,399009.6250,0.0000,0,0.0000,0.0000,0,0.0000,0,0.0000,0.0000,0,0.0000,0.0000,0,0,0,0,0,0,0,0,0,0,0,0,0,0,0,0,0,0,0,0,0,0,0,0,0
WG_METRICS 746,256,768,1.0381,0.0073,0.0069,0.9942,0.0142,0.0155,256,768,196608,393216,197754.9844,395509.9688,0.0000,0,0.0000,0.0000,0,0.0000,0,0.0000,0.0000,0,0.0000,0.0000,0,0,0,0,0,0,0,0,0,0,0,0,0,0,0,0,0,0,0,0,0,0,0,0,0
WG_METRICS 747,256,768,1.0374,0.0074,0.0068,0.9934,0.0143,0.0154,256,768,196608,393216,197906.2656,395812.5312,0.0000,0,0.0000,0.0000,0,0.0000,0,0.0000,0.0000,0,0.0000,0.0000,0,0,0,0,0,0,0,0,0,0,0,0,0,0,0,0,0,0,0,0,0,0,0,0,0
WG_METRICS 748,256,768,1.0271,0.0074,0.0068,0.9829,0.0141,0.0160,256,768,196608,393216,200032.5625,400065.1250,0.0000,0,0.0000,0.0000,0,0.0000,0,0.0000,0.0000,0,0.0000,0.0000,0,0,0,0,0,0,0,0,0,0,0,0,0,0,0,0,0,0,0,0,0,0,0,0,0
WG_METRICS 749,256,768,1.0328,0.0074,0.0068,0.9801,0.0228,0.0156,256,768,196608,393216,200604.0312,401208.0625,0.0000,0,0.0000,0.0000,0,0.0000,0,0.0000,0.0000,0,0.0000,0.0000,0,0,0,0,0,0,0,0,0,0,0,0,0,0,0,0,0,0,0,0,0,0,0,0,0
WG_METRICS 750,256,768,1.0285,0.0074,0.0068,0.9843,0.0142,0.0157,256,768,196608,393216,199739.9219,399479.8438,0.0000,0,0.0000,0.0000,0,0.0000,0,0.0000,0.0000,0,0.0000,0.0000,0,0,0,0,0,0,0,0,0,0,0,0,0,0,0,0,0,0,0,0,0,0,0,0,0
WG_METRICS 751,256,768,1.0296,0.0074,0.0069,0.9890,0.0101,0.0162,256,768,196608,393216,198786.7031,397573.4062,0.0000,0,0.0000,0.0000,0,0.0000,0,0.0000,0.0000,0,0.0000,0.0000,0,0,0,0,0,0,0,0,0,0,0,0,0,0,0,0,0,0,0,0,0,0,0,0,0
WG_METRICS 752,256,768,1.0569,0.0075,0.0068,0.9897,0.0362,0.0166,256,768,196608,393216,198650.1250,397300.2500,0.0000,0,0.0000,0.0000,0,0.0000,0,0.0000,0.0000,0,0.0000,0.0000,0,0,0,0,0,0,0,0,0,0,0,0,0,0,0,0,0,0,0,0,0,0,0,0,0
WG_METRICS 753,256,768,1.0339,0.0074,0.0068,0.9960,0.0081,0.0155,256,768,196608,393216,197389.6719,394779.3438,0.0000,0,0.0000,0.0000,0,0.0000,0,0.0000,0.0000,0,0.0000,0.0000,0,0,0,0,0,0,0,0,0,0,0,0,0,0,0,0,0,0,0,0,0,0,0,0,0
WG_METRICS 754,256,768,1.0505,0.0076,0.0068,1.0039,0.0145,0.0177,256,768,196608,393216,195848.1094,391696.2188,0.0000,0,0.0000,0.0000,0,0.0000,0,0.0000,0.0000,0,0.0000,0.0000,0,0,0,0,0,0,0,0,0,0,0,0,0,0,0,0,0,0,0,0,0,0,0,0,0
WG_METRICS 755,256,768,1.0363,0.0075,0.0068,0.9833,0.0233,0.0154,256,768,196608,393216,199951.1875,399902.3750,0.0000,0,0.0000,0.0000,0,0.0000,0,0.0000,0.0000,0,0.0000,0.0000,0,0,0,0,0,0,0,0,0,0,0,0,0,0,0,0,0,0,0,0,0,0,0,0,0
WG_METRICS 756,256,768,1.0109,0.0075,0.0068,0.9692,0.0120,0.0154,256,768,196608,393216,202855.9531,405711.9062,0.0000,0,0.0000,0.0000,0,0.0000,0,0.0000,0.0000,0,0.0000,0.0000,0,0,0,0,0,0,0,0,0,0,0,0,0,0,0,0,0,0,0,0,0,0,0,0,0
WG_METRICS 757,256,768,1.0394,0.0074,0.0066,0.9935,0.0165,0.0154,256,768,196608,393216,197898.2969,395796.5938,0.0000,0,0.0000,0.0000,0,0.0000,0,0.0000,0.0000,0,0.0000,0.0000,0,0,0,0,0,0,0,0,0,0,0,0,0,0,0,0,0,0,0,0,0,0,0,0,0
WG_METRICS 758,256,768,1.0238,0.0074,0.0068,0.9766,0.0164,0.0165,256,768,196608,393216,201310.6250,402621.2500,0.0000,0,0.0000,0.0000,0,0.0000,0,0.0000,0.0000,0,0.0000,0.0000,0,0,0,0,0,0,0,0,0,0,0,0,0,0,0,0,0,0,0,0,0,0,0,0,0
WG_METRICS 759,256,768,1.0353,0.0074,0.0068,0.9891,0.0164,0.0156,256,768,196608,393216,198778.6562,397557.3125,0.0000,0,0.0000,0.0000,0,0.0000,0,0.0000,0.0000,0,0.0000,0.0000,0,0,0,0,0,0,0,0,0,0,0,0,0,0,0,0,0,0,0,0,0,0,0,0,0
WG_METRICS 760,256,768,1.0368,0.0074,0.0068,0.9929,0.0140,0.0156,256,768,196608,393216,198017.8906,396035.7812,0.0000,0,0.0000,0.0000,0,0.0000,0,0.0000,0.0000,0,0.0000,0.0000,0,0,0,0,0,0,0,0,0,0,0,0,0,0,0,0,0,0,0,0,0,0,0,0,0
WG_METRICS 761,256,768,1.0252,0.0075,0.0068,0.9814,0.0140,0.0155,256,768,196608,393216,200334.2188,400668.4375,0.0000,0,0.0000,0.0000,0,0.0000,0,0.0000,0.0000,0,0.0000,0.0000,0,0,0,0,0,0,0,0,0,0,0,0,0,0,0,0,0,0,0,0,0,0,0,0,0
WG_METRICS 762,256,768,1.3601,0.0078,0.0069,1.3013,0.0237,0.0204,256,768,196608,393216,151088.1562,302176.3125,0.0000,0,0.0000,0.0000,0,0.0000,0,0.0000,0.0000,0,0.0000,0.0000,0,0,0,0,0,0,0,0,0,0,0,0,0,0,0,0,0,0,0,0,0,0,0,0,0
WG_METRICS 763,256,768,1.4979,0.0080,0.0070,1.4359,0.0240,0.0230,256,768,196608,393216,136921.2812,273842.5625,0.0000,0,0.0000,0.0000,0,0.0000,0,0.0000,0.0000,0,0.0000,0.0000,0,0,0,0,0,0,0,0,0,0,0,0,0,0,0,0,0,0,0,0,0,0,0,0,0
WG_METRICS 764,256,768,1.5696,0.0082,0.0069,1.5218,0.0087,0.0240,256,768,196608,393216,129190.9844,258381.9688,0.0000,0,0.0000,0.0000,0,0.0000,0,0.0000,0.0000,0,0.0000,0.0000,0,0,0,0,0,0,0,0,0,0,0,0,0,0,0,0,0,0,0,0,0,0,0,0,0
WG_METRICS 765,256,768,1.3772,0.0082,0.0069,1.3165,0.0245,0.0210,256,768,196608,393216,149339.1719,298678.3438,0.0000,0,0.0000,0.0000,0,0.0000,0,0.0000,0.0000,0,0.0000,0.0000,0,0,0,0,0,0,0,0,0,0,0,0,0,0,0,0,0,0,0,0,0,0,0,0,0
WG_METRICS 766,256,768,1.1876,0.0076,0.0069,1.1309,0.0238,0.0184,256,768,196608,393216,173847.8281,347695.6562,0.0000,0,0.0000,0.0000,0,0.0000,0,0.0000,0.0000,0,0.0000,0.0000,0,0,0,0,0,0,0,0,0,0,0,0,0,0,0,0,0,0,0,0,0,0,0,0,0
WG_METRICS 767,256,768,1.0268,0.0075,0.0068,0.9739,0.0228,0.0158,256,768,196608,393216,201872.8438,403745.6875,0.0000,0,0.0000,0.0000,0,0.0000,0,0.0000,0.0000,0,0.0000,0.0000,0,0,0,0,0,0,0,0,0,0,0,0,0,0,0,0,0,0,0,0,0,0,0,0,0
WG_METRICS 768,256,768,1.0298,0.0075,0.0068,0.9862,0.0138,0.0155,256,768,196608,393216,199367.2500,398734.5000,0.0000,0,0.0000,0.0000,0,0.0000,0,0.0000,0.0000,0,0.0000,0.0000,0,0,0,0,0,0,0,0,0,0,0,0,0,0,0,0,0,0,0,0,0,0,0,0,0
WG_METRICS 769,256,768,1.0418,0.0074,0.0069,0.9893,0.0228,0.0154,256,768,196608,393216,198730.4375,397460.8750,0.0000,0,0.0000,0.0000,0,0.0000,0,0.0000,0.0000,0,0.0000,0.0000,0,0,0,0,0,0,0,0,0,0,0,0,0,0,0,0,0,0,0,0,0,0,0,0,0
WG_METRICS 770,256,768,1.0288,0.0091,0.0068,0.9826,0.0144,0.0159,256,768,196608,393216,200097.7031,400195.4062,0.0000,0,0.0000,0.0000,0,0.0000,0,0.0000,0.0000,0,0.0000,0.0000,0,0,0,0,0,0,0,0,0,0,0,0,0,0,0,0,0,0,0,0,0,0,0,0,0
WG_METRICS 771,256,768,1.0237,0.0074,0.0068,0.9794,0.0144,0.0156,256,768,196608,393216,200751.5156,401503.0312,0.0000,0,0.0000,0.0000,0,0.0000,0,0.0000,0.0000,0,0.0000,0.0000,0,0,0,0,0,0,0,0,0,0,0,0,0,0,0,0,0,0,0,0,0,0,0,0,0
WG_METRICS 772,256,768,1.0315,0.0074,0.0068,0.9876,0.0141,0.0155,256,768,196608,393216,199068.4844,398136.9688,0.0000,0,0.0000,0.0000,0,0.0000,0,0.0000,0.0000,0,0.0000,0.0000,0,0,0,0,0,0,0,0,0,0,0,0,0,0,0,0,0,0,0,0,0,0,0,0,0
WG_METRICS 773,256,768,1.0296,0.0100,0.0066,0.9739,0.0235,0.0156,256,768,196608,393216,201881.1406,403762.2812,0.0000,0,0.0000,0.0000,0,0.0000,0,0.0000,0.0000,0,0.0000,0.0000,0,0,0,0,0,0,0,0,0,0,0,0,0,0,0,0,0,0,0,0,0,0,0,0,0
WG_METRICS 774,256,768,1.0552,0.0074,0.0068,0.9848,0.0405,0.0156,256,768,196608,393216,199642.5781,399285.1562,0.0000,0,0.0000,0.0000,0,0.0000,0,0.0000,0.0000,0,0.0000,0.0000,0,0,0,0,0,0,0,0,0,0,0,0,0,0,0,0,0,0,0,0,0,0,0,0,0
WG_METRICS 775,256,768,1.0251,0.0074,0.0066,0.9728,0.0227,0.0156,256,768,196608,393216,202105.2656,404210.5312,0.0000,0,0.0000,0.0000,0,0.0000,0,0.0000,0.0000,0,0.0000,0.0000,0,0,0,0,0,0,0,0,0,0,0,0,0,0,0,0,0,0,0,0,0,0,0,0,0
WG_METRICS 776,256,768,1.0262,0.0074,0.0069,0.9825,0.0139,0.0156,256,768,196608,393216,200105.8594,400211.7188,0.0000,0,0.0000,0.0000,0,0.0000,0,0.0000,0.0000,0,0.0000,0.0000,0,0,0,0,0,0,0,0,0,0,0,0,0,0,0,0,0,0,0,0,0,0,0,0,0
WG_METRICS 777,256,768,1.0262,0.0074,0.0068,0.9820,0.0145,0.0155,256,768,196608,393216,200211.8125,400423.6250,0.0000,0,0.0000,0.0000,0,0.0000,0,0.0000,0.0000,0,0.0000,0.0000,0,0,0,0,0,0,0,0,0,0,0,0,0,0,0,0,0,0,0,0,0,0,0,0,0
WG_METRICS 778,256,768,1.0334,0.0098,0.0068,0.9869,0.0140,0.0159,256,768,196608,393216,199221.7812,398443.5625,0.0000,0,0.0000,0.0000,0,0.0000,0,0.0000,0.0000,0,0.0000,0.0000,0,0,0,0,0,0,0,0,0,0,0,0,0,0,0,0,0,0,0,0,0,0,0,0,0
WG_METRICS 779,256,768,1.0182,0.0074,0.0068,0.9743,0.0142,0.0155,256,768,196608,393216,201798.2500,403596.5000,0.0000,0,0.0000,0.0000,0,0.0000,0,0.0000,0.0000,0,0.0000,0.0000,0,0,0,0,0,0,0,0,0,0,0,0,0,0,0,0,0,0,0,0,0,0,0,0,0
WG_METRICS 780,256,768,1.0329,0.0074,0.0069,0.9890,0.0139,0.0156,256,768,196608,393216,198786.7031,397573.4062,0.0000,0,0.0000,0.0000,0,0.0000,0,0.0000,0.0000,0,0.0000,0.0000,0,0,0,0,0,0,0,0,0,0,0,0,0,0,0,0,0,0,0,0,0,0,0,0,0
WG_METRICS 781,256,768,1.0340,0.0103,0.0068,0.9783,0.0226,0.0160,256,768,196608,393216,200964.9219,401929.8438,0.0000,0,0.0000,0.0000,0,0.0000,0,0.0000,0.0000,0,0.0000,0.0000,0,0,0,0,0,0,0,0,0,0,0,0,0,0,0,0,0,0,0,0,0,0,0,0,0
WG_METRICS 782,256,768,1.0417,0.0074,0.0068,0.9882,0.0228,0.0165,256,768,196608,393216,198963.7344,397927.4688,0.0000,0,0.0000,0.0000,0,0.0000,0,0.0000,0.0000,0,0.0000,0.0000,0,0,0,0,0,0,0,0,0,0,0,0,0,0,0,0,0,0,0,0,0,0,0,0,0
WG_METRICS 783,256,768,1.0383,0.0075,0.0068,0.9953,0.0132,0.0155,256,768,196608,393216,197532.4531,395064.9062,0.0000,0,0.0000,0.0000,0,0.0000,0,0.0000,0.0000,0,0.0000,0.0000,0,0,0,0,0,0,0,0,0,0,0,0,0,0,0,0,0,0,0,0,0,0,0,0,0
WG_METRICS 784,256,768,1.0376,0.0075,0.0068,0.9973,0.0088,0.0172,256,768,196608,393216,197144.2344,394288.4688,0.0000,0,0.0000,0.0000,0,0.0000,0,0.0000,0.0000,0,0.0000,0.0000,0,0,0,0,0,0,0,0,0,0,0,0,0,0,0,0,0,0,0,0,0,0,0,0,0
WG_METRICS 785,256,768,1.0176,0.0074,0.0068,0.9716,0.0163,0.0154,256,768,196608,393216,202363.2031,404726.4062,0.0000,0,0.0000,0.0000,0,0.0000,0,0.0000,0.0000,0,0.0000,0.0000,0,0,0,0,0,0,0,0,0,0,0,0,0,0,0,0,0,0,0,0,0,0,0,0,0
WG_METRICS 786,256,768,1.6193,0.0084,0.0070,1.5511,0.0247,0.0282,256,768,196608,393216,126752.2812,253504.5625,0.0000,0,0.0000,0.0000,0,0.0000,0,0.0000,0.0000,0,0.0000,0.0000,0,0,0,0,0,0,0,0,0,0,0,0,0,0,0,0,0,0,0,0,0,0,0,0,0
WG_METRICS 787,256,768,1.9194,0.0086,0.0070,1.8490,0.0252,0.0295,256,768,196608,393216,106332.0703,212664.1406,0.0000,0,0.0000,0.0000,0,0.0000,0,0.0000,0.0000,0,0.0000,0.0000,0,0,0,0,0,0,0,0,0,0,0,0,0,0,0,0,0,0,0,0,0,0,0,0,0
WG_METRICS 788,256,768,1.9017,0.0088,0.0070,1.8339,0.0248,0.0271,256,768,196608,393216,107206.4219,214412.8438,0.0000,0,0.0000,0.0000,0,0.0000,0,0.0000,0.0000,0,0.0000,0.0000,0,0,0,0,0,0,0,0,0,0,0,0,0,0,0,0,0,0,0,0,0,0,0,0,0
WG_METRICS 789,256,768,1.3958,0.0080,0.0070,1.3446,0.0168,0.0195,256,768,196608,393216,146220.4375,292440.8750,0.0000,0,0.0000,0.0000,0,0.0000,0,0.0000,0.0000,0,0.0000,0.0000,0,0,0,0,0,0,0,0,0,0,0,0,0,0,0,0,0,0,0,0,0,0,0,0,0
WG_METRICS 790,256,768,1.0614,0.0075,0.0067,1.0215,0.0093,0.0164,256,768,196608,393216,192466.1250,384932.2500,0.0000,0,0.0000,0.0000,0,0.0000,0,0.0000,0.0000,0,0.0000,0.0000,0,0,0,0,0,0,0,0,0,0,0,0,0,0,0,0,0,0,0,0,0,0,0,0,0
WG_METRICS 791,256,768,1.0328,0.0075,0.0066,0.9906,0.0124,0.0157,256,768,196608,393216,198473.6562,396947.3125,0.0000,0,0.0000,0.0000,0,0.0000,0,0.0000,0.0000,0,0.0000,0.0000,0,0,0,0,0,0,0,0,0,0,0,0,0,0,0,0,0,0,0,0,0,0,0,0,0
WG_METRICS 792,256,768,1.0248,0.0075,0.0068,0.9810,0.0140,0.0154,256,768,196608,393216,200407.7344,400815.4688,0.0000,0,0.0000,0.0000,0,0.0000,0,0.0000,0.0000,0,0.0000,0.0000,0,0,0,0,0,0,0,0,0,0,0,0,0,0,0,0,0,0,0,0,0,0,0,0,0
WG_METRICS 793,256,768,1.0781,0.0074,0.0066,0.9785,0.0702,0.0154,256,768,196608,393216,200923.8438,401847.6875,0.0000,0,0.0000,0.0000,0,0.0000,0,0.0000,0.0000,0,0.0000,0.0000,0,0,0,0,0,0,0,0,0,0,0,0,0,0,0,0,0,0,0,0,0,0,0,0,0
WG_METRICS 794,256,768,1.0360,0.0074,0.0068,0.9894,0.0164,0.0158,256,768,196608,393216,198706.3281,397412.6562,0.0000,0,0.0000,0.0000,0,0.0000,0,0.0000,0.0000,0,0.0000,0.0000,0,0,0,0,0,0,0,0,0,0,0,0,0,0,0,0,0,0,0,0,0,0,0,0,0
WG_METRICS 795,256,768,1.0116,0.0074,0.0068,0.9654,0.0164,0.0156,256,768,196608,393216,203646.0156,407292.0312,0.0000,0,0.0000,0.0000,0,0.0000,0,0.0000,0.0000,0,0.0000,0.0000,0,0,0,0,0,0,0,0,0,0,0,0,0,0,0,0,0,0,0,0,0,0,0,0,0
WG_METRICS 796,256,768,1.0330,0.0074,0.0068,0.9803,0.0229,0.0156,256,768,196608,393216,200563.1094,401126.2188,0.0000,0,0.0000,0.0000,0,0.0000,0,0.0000,0.0000,0,0.0000,0.0000,0,0,0,0,0,0,0,0,0,0,0,0,0,0,0,0,0,0,0,0,0,0,0,0,0
WG_METRICS 797,256,768,1.0263,0.0074,0.0074,0.9816,0.0146,0.0154,256,768,196608,393216,200301.5625,400603.1250,0.0000,0,0.0000,0.0000,0,0.0000,0,0.0000,0.0000,0,0.0000,0.0000,0,0,0,0,0,0,0,0,0,0,0,0,0,0,0,0,0,0,0,0,0,0,0,0,0
WG_METRICS 798,256,768,1.0422,0.0074,0.0069,0.9871,0.0237,0.0172,256,768,196608,393216,199181.4219,398362.8438,0.0000,0,0.0000,0.0000,0,0.0000,0,0.0000,0.0000,0,0.0000,0.0000,0,0,0,0,0,0,0,0,0,0,0,0,0,0,0,0,0,0,0,0,0,0,0,0,0
WG_METRICS 799,256,768,1.0252,0.0076,0.0067,0.9812,0.0143,0.0154,256,768,196608,393216,200383.2188,400766.4375,0.0000,0,0.0000,0.0000,0,0.0000,0,0.0000,0.0000,0,0.0000,0.0000,0,0,0,0,0,0,0,0,0,0,0,0,0,0,0,0,0,0,0,0,0,0,0,0,0
WG_METRICS 800,256,768,1.0196,0.0074,0.0068,0.9664,0.0234,0.0156,256,768,196608,393216,203435.2812,406870.5625,0.0000,0,0.0000,0.0000,0,0.0000,0,0.0000,0.0000,0,0.0000,0.0000,0,0,0,0,0,0,0,0,0,0,0,0,0,0,0,0,0,0,0,0,0,0,0,0,0
WG_METRICS 801,256,768,1.0315,0.0074,0.0068,0.9779,0.0233,0.0161,256,768,196608,393216,201047.1250,402094.2500,0.0000,0,0.0000,0.0000,0,0.0000,0,0.0000,0.0000,0,0.0000,0.0000,0,0,0,0,0,0,0,0,0,0,0,0,0,0,0,0,0,0,0,0,0,0,0,0,0
WG_METRICS 802,256,768,1.0644,0.0074,0.0069,1.0108,0.0229,0.0164,256,768,196608,393216,194499.6094,388999.2188,0.0000,0,0.0000,0.0000,0,0.0000,0,0.0000,0.0000,0,0.0000,0.0000,0,0,0,0,0,0,0,0,0,0,0,0,0,0,0,0,0,0,0,0,0,0,0,0,0
WG_METRICS 803,256,768,1.0557,0.0075,0.0069,1.0026,0.0230,0.0158,256,768,196608,393216,196105.9688,392211.9375,0.0000,0,0.0000,0.0000,0,0.0000,0,0.0000,0.0000,0,0.0000,0.0000,0,0,0,0,0,0,0,0,0,0,0,0,0,0,0,0,0,0,0,0,0,0,0,0,0
WG_METRICS 804,256,768,1.0394,0.0075,0.0068,0.9944,0.0144,0.0163,256,768,196608,393216,197707.2500,395414.5000,0.0000,0,0.0000,0.0000,0,0.0000,0,0.0000,0.0000,0,0.0000,0.0000,0,0,0,0,0,0,0,0,0,0,0,0,0,0,0,0,0,0,0,0,0,0,0,0,0
WG_METRICS 805,256,768,1.0361,0.0074,0.0068,0.9832,0.0230,0.0156,256,768,196608,393216,199959.3125,399918.6250,0.0000,0,0.0000,0.0000,0,0.0000,0,0.0000,0.0000,0,0.0000,0.0000,0,0,0,0,0,0,0,0,0,0,0,0,0,0,0,0,0,0,0,0,0,0,0,0,0
WG_METRICS 806,256,768,1.9160,0.0087,0.0070,1.8438,0.0252,0.0313,256,768,196608,393216,106631.9609,213263.9219,0.0000,0,0.0000,0.0000,0,0.0000,0,0.0000,0.0000,0,0.0000,0.0000,0,0,0,0,0,0,0,0,0,0,0,0,0,0,0,0,0,0,0,0,0,0,0,0,0
WG_METRICS 807,256,768,1.9538,0.0087,0.0070,1.8844,0.0252,0.0285,256,768,196608,393216,104334.5391,208669.0781,0.0000,0,0.0000,0.0000,0,0.0000,0,0.0000,0.0000,0,0.0000,0.0000,0,0,0,0,0,0,0,0,0,0,0,0,0,0,0,0,0,0,0,0,0,0,0,0,0
WG_METRICS 808,256,768,1.9426,0.0086,0.0070,1.8727,0.0254,0.0288,256,768,196608,393216,104987.5078,209975.0156,0.0000,0,0.0000,0.0000,0,0.0000,0,0.0000,0.0000,0,0.0000,0.0000,0,0,0,0,0,0,0,0,0,0,0,0,0,0,0,0,0,0,0,0,0,0,0,0,0
WG_METRICS 809,256,768,1.9331,0.0102,0.0070,1.8598,0.0252,0.0308,256,768,196608,393216,105712.3203,211424.6406,0.0000,0,0.0000,0.0000,0,0.0000,0,0.0000,0.0000,0,0.0000,0.0000,0,0,0,0,0,0,0,0,0,0,0,0,0,0,0,0,0,0,0,0,0,0,0,0,0
WG_METRICS 810,256,768,1.8581,0.0087,0.0070,1.7901,0.0251,0.0272,256,768,196608,393216,109831.9688,219663.9375,0.0000,0,0.0000,0.0000,0,0.0000,0,0.0000,0.0000,0,0.0000,0.0000,0,0,0,0,0,0,0,0,0,0,0,0,0,0,0,0,0,0,0,0,0,0,0,0,0
WG_METRICS 811,256,768,1.2131,0.0098,0.0070,1.1645,0.0144,0.0173,256,768,196608,393216,168837.5938,337675.1875,0.0000,0,0.0000,0.0000,0,0.0000,0,0.0000,0.0000,0,0.0000,0.0000,0,0,0,0,0,0,0,0,0,0,0,0,0,0,0,0,0,0,0,0,0,0,0,0,0
WG_METRICS 812,256,768,1.0256,0.0075,0.0066,0.9733,0.0228,0.0154,256,768,196608,393216,201997.2812,403994.5625,0.0000,0,0.0000,0.0000,0,0.0000,0,0.0000,0.0000,0,0.0000,0.0000,0,0,0,0,0,0,0,0,0,0,0,0,0,0,0,0,0,0,0,0,0,0,0,0,0
WG_METRICS 813,256,768,1.0206,0.0074,0.0068,0.9769,0.0141,0.0154,256,768,196608,393216,201261.1562,402522.3125,0.0000,0,0.0000,0.0000,0,0.0000,0,0.0000,0.0000,0,0.0000,0.0000,0,0,0,0,0,0,0,0,0,0,0,0,0,0,0,0,0,0,0,0,0,0,0,0,0
WG_METRICS 814,256,768,1.0233,0.0074,0.0069,0.9843,0.0085,0.0162,256,768,196608,393216,199748.0469,399496.0938,0.0000,0,0.0000,0.0000,0,0.0000,0,0.0000,0.0000,0,0.0000,0.0000,0,0,0,0,0,0,0,0,0,0,0,0,0,0,0,0,0,0,0,0,0,0,0,0,0
WG_METRICS 815,256,768,1.0292,0.0074,0.0068,0.9853,0.0140,0.0156,256,768,196608,393216,199545.3125,399090.6250,0.0000,0,0.0000,0.0000,0,0.0000,0,0.0000,0.0000,0,0.0000,0.0000,0,0,0,0,0,0,0,0,0,0,0,0,0,0,0,0,0,0,0,0,0,0,0,0,0
WG_METRICS 816,256,768,1.0345,0.0074,0.0068,0.9884,0.0163,0.0155,256,768,196608,393216,198915.4219,397830.8438,0.0000,0,0.0000,0.0000,0,0.0000,0,0.0000,0.0000,0,0.0000,0.0000,0,0,0,0,0,0,0,0,0,0,0,0,0,0,0,0,0,0,0,0,0,0,0,0,0
WG_METRICS 817,256,768,1.0257,0.0075,0.0067,0.9730,0.0231,0.0154,256,768,196608,393216,202072.0312,404144.0625,0.0000,0,0.0000,0.0000,0,0.0000,0,0.0000,0.0000,0,0.0000,0.0000,0,0,0,0,0,0,0,0,0,0,0,0,0,0,0,0,0,0,0,0,0,0,0,0,0
WG_METRICS 818,256,768,1.0223,0.0075,0.0068,0.9779,0.0143,0.0158,256,768,196608,393216,201047.1250,402094.2500,0.0000,0,0.0000,0.0000,0,0.0000,0,0.0000,0.0000,0,0.0000,0.0000,0,0,0,0,0,0,0,0,0,0,0,0,0,0,0,0,0,0,0,0,0,0,0,0,0
WG_METRICS 819,256,768,1.0511,0.0076,0.0068,1.0058,0.0147,0.0162,256,768,196608,393216,195474.2500,390948.5000,0.0000,0,0.0000,0.0000,0,0.0000,0,0.0000,0.0000,0,0.0000,0.0000,0,0,0,0,0,0,0,0,0,0,0,0,0,0,0,0,0,0,0,0,0,0,0,0,0
WG_METRICS 820,256,768,1.0158,0.0074,0.0068,0.9762,0.0097,0.0157,256,768,196608,393216,201409.6094,402819.2188,0.0000,0,0.0000,0.0000,0,0.0000,0,0.0000,0.0000,0,0.0000,0.0000,0,0,0,0,0,0,0,0,0,0,0,0,0,0,0,0,0,0,0,0,0,0,0,0,0
WG_METRICS 821,256,768,1.0406,0.0076,0.0068,0.9880,0.0228,0.0155,256,768,196608,393216,199004.0156,398008.0312,0.0000,0,0.0000,0.0000,0,0.0000,0,0.0000,0.0000,0,0.0000,0.0000,0,0,0,0,0,0,0,0,0,0,0,0,0,0,0,0,0,0,0,0,0,0,0,0,0
WG_METRICS 822,256,768,1.0716,0.0101,0.0070,1.0257,0.0133,0.0155,256,768,196608,393216,191685.5312,383371.0625,0.0000,0,0.0000,0.0000,0,0.0000,0,0.0000,0.0000,0,0.0000,0.0000,0,0,0,0,0,0,0,0,0,0,0,0,0,0,0,0,0,0,0,0,0,0,0,0,0
WG_METRICS 823,256,768,1.0483,0.0074,0.0069,0.9954,0.0231,0.0155,256,768,196608,393216,197516.5781,395033.1562,0.0000,0,0.0000,0.0000,0,0.0000,0,0.0000,0.0000,0,0.0000,0.0000,0,0,0,0,0,0,0,0,0,0,0,0,0,0,0,0,0,0,0,0,0,0,0,0,0
WG_METRICS 824,256,768,1.0225,0.0074,0.0068,0.9696,0.0228,0.0158,256,768,196608,393216,202780.6406,405561.2812,0.0000,0,0.0000,0.0000,0,0.0000,0,0.0000,0.0000,0,0.0000,0.0000,0,0,0,0,0,0,0,0,0,0,0,0,0,0,0,0,0,0,0,0,0,0,0,0,0
WG_METRICS 825,256,768,1.3156,0.0078,0.0069,1.2603,0.0194,0.0212,256,768,196608,393216,156003.4219,312006.8438,0.0000,0,0.0000,0.0000,0,0.0000,0,0.0000,0.0000,0,0.0000,0.0000,0,0,0,0,0,0,0,0,0,0,0,0,0,0,0,0,0,0,0,0,0,0,0,0,0
WG_METRICS 826,256,768,1.5206,0.0081,0.0069,1.4669,0.0156,0.0231,256,768,196608,393216,134027.7500,268055.5000,0.0000,0,0.0000,0.0000,0,0.0000,0,0.0000,0.0000,0,0.0000,0.0000,0,0,0,0,0,0,0,0,0,0,0,0,0,0,0,0,0,0,0,0,0,0,0,0,0
WG_METRICS 827,256,768,3.1180,0.0082,0.0070,1.5041,0.0628,1.5359,256,768,196608,393216,130712.9766,261425.9531,0.0000,0,0.0000,0.0000,0,0.0000,0,0.0000,0.0000,0,0.0000,0.0000,0,0,0,0,0,0,0,0,0,0,0,0,0,0,0,0,0,0,0,0,0,0,0,0,0
WG_METRICS 828,256,768,1.3835,0.0080,0.0068,1.3280,0.0199,0.0207,256,768,196608,393216,148048.2031,296096.4062,0.0000,0,0.0000,0.0000,0,0.0000,0,0.0000,0.0000,0,0.0000,0.0000,0,0,0,0,0,0,0,0,0,0,0,0,0,0,0,0,0,0,0,0,0,0,0,0,0
WG_METRICS 829,256,768,1.1425,0.0080,0.0068,1.0867,0.0236,0.0174,256,768,196608,393216,180925.3750,361850.7500,0.0000,0,0.0000,0.0000,0,0.0000,0,0.0000,0.0000,0,0.0000,0.0000,0,0,0,0,0,0,0,0,0,0,0,0,0,0,0,0,0,0,0,0,0,0,0,0,0
WG_METRICS 830,256,768,1.0282,0.0074,0.0068,0.9752,0.0229,0.0160,256,768,196608,393216,201616.1406,403232.2812,0.0000,0,0.0000,0.0000,0,0.0000,0,0.0000,0.0000,0,0.0000,0.0000,0,0,0,0,0,0,0,0,0,0,0,0,0,0,0,0,0,0,0,0,0,0,0,0,0
WG_METRICS 831,256,768,1.0139,0.0075,0.0068,0.9611,0.0231,0.0154,256,768,196608,393216,204569.8594,409139.7188,0.0000,0,0.0000,0.0000,0,0.0000,0,0.0000,0.0000,0,0.0000,0.0000,0,0,0,0,0,0,0,0,0,0,0,0,0,0,0,0,0,0,0,0,0,0,0,0,0
WG_METRICS 832,256,768,1.0365,0.0076,0.0066,0.9831,0.0231,0.0160,256,768,196608,393216,199983.7188,399967.4375,0.0000,0,0.0000,0.0000,0,0.0000,0,0.0000,0.0000,0,0.0000,0.0000,0,0,0,0,0,0,0,0,0,0,0,0,0,0,0,0,0,0,0,0,0,0,0,0,0
WG_METRICS 833,256,768,1.0139,0.0074,0.0069,0.9769,0.0074,0.0154,256,768,196608,393216,201261.1562,402522.3125,0.0000,0,0.0000,0.0000,0,0.0000,0,0.0000,0.0000,0,0.0000,0.0000,0,0,0,0,0,0,0,0,0,0,0,0,0,0,0,0,0,0,0,0,0,0,0,0,0
WG_METRICS 834,256,768,1.0141,0.0074,0.0068,0.9698,0.0143,0.0158,256,768,196608,393216,202738.8281,405477.6562,0.0000,0,0.0000,0.0000,0,0.0000,0,0.0000,0.0000,0,0.0000,0.0000,0,0,0,0,0,0,0,0,0,0,0,0,0,0,0,0,0,0,0,0,0,0,0,0,0
WG_METRICS 835,256,768,1.0129,0.0075,0.0068,0.9690,0.0140,0.0156,256,768,196608,393216,202897.8438,405795.6875,0.0000,0,0.0000,0.0000,0,0.0000,0,0.0000,0.0000,0,0.0000,0.0000,0,0,0,0,0,0,0,0,0,0,0,0,0,0,0,0,0,0,0,0,0,0,0,0,0
WG_METRICS 836,256,768,1.0188,0.0074,0.0068,0.9750,0.0142,0.0153,256,768,196608,393216,201649.2188,403298.4375,0.0000,0,0.0000,0.0000,0,0.0000,0,0.0000,0.0000,0,0.0000,0.0000,0,0,0,0,0,0,0,0,0,0,0,0,0,0,0,0,0,0,0,0,0,0,0,0,0
WG_METRICS 837,256,768,1.0287,0.0074,0.0069,0.9847,0.0142,0.0155,256,768,196608,393216,199666.8906,399333.7812,0.0000,0,0.0000,0.0000,0,0.0000,0,0.0000,0.0000,0,0.0000,0.0000,0,0,0,0,0,0,0,0,0,0,0,0,0,0,0,0,0,0,0,0,0,0,0,0,0
WG_METRICS 838,256,768,1.0685,0.0091,0.0070,1.0213,0.0149,0.0162,256,768,196608,393216,192503.8281,385007.6562,0.0000,0,0.0000,0.0000,0,0.0000,0,0.0000,0.0000,0,0.0000,0.0000,0,0,0,0,0,0,0,0,0,0,0,0,0,0,0,0,0,0,0,0,0,0,0,0,0
WG_METRICS 839,256,768,1.1076,0.0076,0.0068,1.0526,0.0233,0.0173,256,768,196608,393216,186776.1094,373552.2188,0.0000,0,0.0000,0.0000,0,0.0000,0,0.0000,0.0000,0,0.0000,0.0000,0,0,0,0,0,0,0,0,0,0,0,0,0,0,0,0,0,0,0,0,0,0,0,0,0
WG_METRICS 840,256,768,1.1340,0.0077,0.0068,1.0784,0.0232,0.0179,256,768,196608,393216,182314.5312,364629.0625,0.0000,0,0.0000,0.0000,0,0.0000,0,0.0000,0.0000,0,0.0000,0.0000,0,0,0,0,0,0,0,0,0,0,0,0,0,0,0,0,0,0,0,0,0,0,0,0,0
WG_METRICS 841,256,768,1.2809,0.0077,0.0068,1.2233,0.0235,0.0195,256,768,196608,393216,160716.7344,321433.4688,0.0000,0,0.0000,0.0000,0,0.0000,0,0.0000,0.0000,0,0.0000,0.0000,0,0,0,0,0,0,0,0,0,0,0,0,0,0,0,0,0,0,0,0,0,0,0,0,0
WG_METRICS 842,256,768,1.4972,0.0080,0.0069,1.4346,0.0245,0.0232,256,768,196608,393216,137051.0938,274102.1875,0.0000,0,0.0000,0.0000,0,0.0000,0,0.0000,0.0000,0,0.0000,0.0000,0,0,0,0,0,0,0,0,0,0,0,0,0,0,0,0,0,0,0,0,0,0,0,0,0
WG_METRICS 843,256,768,1.6640,0.0084,0.0069,1.6113,0.0120,0.0254,256,768,196608,393216,122016.7266,244033.4531,0.0000,0,0.0000,0.0000,0,0.0000,0,0.0000,0.0000,0,0.0000,0.0000,0,0,0,0,0,0,0,0,0,0,0,0,0,0,0,0,0,0,0,0,0,0,0,0,0
WG_METRICS 844,256,768,1.6006,0.0084,0.0071,1.5454,0.0157,0.0241,256,768,196608,393216,127224.7266,254449.4531,0.0000,0,0.0000,0.0000,0,0.0000,0,0.0000,0.0000,0,0.0000,0.0000,0,0,0,0,0,0,0,0,0,0,0,0,0,0,0,0,0,0,0,0,0,0,0,0,0
WG_METRICS 845,256,768,1.4095,0.0081,0.0068,1.3320,0.0428,0.0198,256,768,196608,393216,147608.0469,295216.0938,0.0000,0,0.0000,0.0000,0,0.0000,0,0.0000,0.0000,0,0.0000,0.0000,0,0,0,0,0,0,0,0,0,0,0,0,0,0,0,0,0,0,0,0,0,0,0,0,0
WG_METRICS 846,256,768,1.2376,0.0076,0.0068,1.1808,0.0236,0.0188,256,768,196608,393216,166509.7031,333019.4062,0.0000,0,0.0000,0.0000,0,0.0000,0,0.0000,0.0000,0,0.0000,0.0000,0,0,0,0,0,0,0,0,0,0,0,0,0,0,0,0,0,0,0,0,0,0,0,0,0
WG_METRICS 847,256,768,1.4770,0.0080,0.0070,1.4158,0.0239,0.0222,256,768,196608,393216,138867.0781,277734.1562,0.0000,0,0.0000,0.0000,0,0.0000,0,0.0000,0.0000,0,0.0000,0.0000,0,0,0,0,0,0,0,0,0,0,0,0,0,0,0,0,0,0,0,0,0,0,0,0,0
WG_METRICS 848,256,768,1.4934,0.0082,0.0068,1.4410,0.0154,0.0221,256,768,196608,393216,136434.7969,272869.5938,0.0000,0,0.0000,0.0000,0,0.0000,0,0.0000,0.0000,0,0.0000,0.0000,0,0,0,0,0,0,0,0,0,0,0,0,0,0,0,0,0,0,0,0,0,0,0,0,0
WG_METRICS 849,256,768,1.3597,0.0098,0.0068,1.2997,0.0238,0.0195,256,768,196608,393216,151269.5000,302539.0000,0.0000,0,0.0000,0.0000,0,0.0000,0,0.0000,0.0000,0,0.0000,0.0000,0,0,0,0,0,0,0,0,0,0,0,0,0,0,0,0,0,0,0,0,0,0,0,0,0
WG_METRICS 850,256,768,1.2036,0.0076,0.0069,1.1472,0.0236,0.0182,256,768,196608,393216,171374.7656,342749.5312,0.0000,0,0.0000,0.0000,0,0.0000,0,0.0000,0.0000,0,0.0000,0.0000,0,0,0,0,0,0,0,0,0,0,0,0,0,0,0,0,0,0,0,0,0,0,0,0,0
WG_METRICS 851,256,768,1.1195,0.0069,0.0045,1.0772,0.0142,0.0166,256,768,196608,393216,182510.8594,365021.7188,0.0000,0,0.0000,0.0000,0,0.0000,0,0.0000,0.0000,0,0.0000,0.0000,0,0,0,0,0,0,0,0,0,0,0,0,0,0,0,0,0,0,0,0,0,0,0,0,0
WG_METRICS 852,256,768,1.0650,0.0074,0.0066,1.0206,0.0142,0.0162,256,768,196608,393216,192632.0781,385264.1562,0.0000,0,0.0000,0.0000,0,0.0000,0,0.0000,0.0000,0,0.0000,0.0000,0,0,0,0,0,0,0,0,0,0,0,0,0,0,0,0,0,0,0,0,0,0,0,0,0
WG_METRICS 853,256,768,1.0382,0.0074,0.0068,0.9857,0.0229,0.0153,256,768,196608,393216,199464.3281,398928.6562,0.0000,0,0.0000,0.0000,0,0.0000,0,0.0000,0.0000,0,0.0000,0.0000,0,0,0,0,0,0,0,0,0,0,0,0,0,0,0,0,0,0,0,0,0,0,0,0,0
WG_METRICS 854,256,768,1.0321,0.0074,0.0069,0.9885,0.0139,0.0155,256,768,196608,393216,198891.2656,397782.5312,0.0000,0,0.0000,0.0000,0,0.0000,0,0.0000,0.0000,0,0.0000,0.0000,0,0,0,0,0,0,0,0,0,0,0,0,0,0,0,0,0,0,0,0,0,0,0,0,0
WG_METRICS 855,256,768,1.0207,0.0074,0.0068,0.9765,0.0144,0.0155,256,768,196608,393216,201343.5938,402687.1875,0.0000,0,0.0000,0.0000,0,0.0000,0,0.0000,0.0000,0,0.0000,0.0000,0,0,0,0,0,0,0,0,0,0,0,0,0,0,0,0,0,0,0,0,0,0,0,0,0
WG_METRICS 856,256,768,1.0238,0.0074,0.0068,0.9852,0.0088,0.0155,256,768,196608,393216,199569.6094,399139.2188,0.0000,0,0.0000,0.0000,0,0.0000,0,0.0000,0.0000,0,0.0000,0.0000,0,0,0,0,0,0,0,0,0,0,0,0,0,0,0,0,0,0,0,0,0,0,0,0,0
WG_METRICS 857,256,768,1.0481,0.0068,0.0066,0.9960,0.0230,0.0157,256,768,196608,393216,197405.5156,394811.0312,0.0000,0,0.0000,0.0000,0,0.0000,0,0.0000,0.0000,0,0.0000,0.0000,0,0,0,0,0,0,0,0,0,0,0,0,0,0,0,0,0,0,0,0,0,0,0,0,0
WG_METRICS 858,256,768,1.0404,0.0075,0.0068,0.9942,0.0164,0.0154,256,768,196608,393216,197747.0312,395494.0625,0.0000,0,0.0000,0.0000,0,0.0000,0,0.0000,0.0000,0,0.0000,0.0000,0,0,0,0,0,0,0,0,0,0,0,0,0,0,0,0,0,0,0,0,0,0,0,0,0
WG_METRICS 859,256,768,1.0235,0.0074,0.0068,0.9774,0.0163,0.0156,256,768,196608,393216,201162.3125,402324.6250,0.0000,0,0.0000,0.0000,0,0.0000,0,0.0000,0.0000,0,0.0000,0.0000,0,0,0,0,0,0,0,0,0,0,0,0,0,0,0,0,0,0,0,0,0,0,0,0,0
WG_METRICS 860,256,768,1.0211,0.0075,0.0068,0.9783,0.0121,0.0164,256,768,196608,393216,200964.9219,401929.8438,0.0000,0,0.0000,0.0000,0,0.0000,0,0.0000,0.0000,0,0.0000,0.0000,0,0,0,0,0,0,0,0,0,0,0,0,0,0,0,0,0,0,0,0,0,0,0,0,0
WG_METRICS 861,256,768,1.0227,0.0075,0.0068,0.9760,0.0165,0.0159,256,768,196608,393216,201442.6250,402885.2500,0.0000,0,0.0000,0.0000,0,0.0000,0,0.0000,0.0000,0,0.0000,0.0000,0,0,0,0,0,0,0,0,0,0,0,0,0,0,0,0,0,0,0,0,0,0,0,0,0
WG_METRICS 862,256,768,1.0303,0.0075,0.0068,0.9833,0.0166,0.0161,256,768,196608,393216,199943.0469,399886.0938,0.0000,0,0.0000,0.0000,0,0.0000,0,0.0000,0.0000,0,0.0000,0.0000,0,0,0,0,0,0,0,0,0,0,0,0,0,0,0,0,0,0,0,0,0,0,0,0,0
WG_METRICS 863,256,768,1.0664,0.0075,0.0069,1.0190,0.0165,0.0165,256,768,196608,393216,192949.6719,385899.3438,0.0000,0,0.0000,0.0000,0,0.0000,0,0.0000,0.0000,0,0.0000,0.0000,0,0,0,0,0,0,0,0,0,0,0,0,0,0,0,0,0,0,0,0,0,0,0,0,0
WG_METRICS 864,256,768,1.1783,0.0077,0.0068,1.1292,0.0166,0.0180,256,768,196608,393216,174112.6562,348225.3125,0.0000,0,0.0000,0.0000,0,0.0000,0,0.0000,0.0000,0,0.0000,0.0000,0,0,0,0,0,0,0,0,0,0,0,0,0,0,0,0,0,0,0,0,0,0,0,0,0
WG_METRICS 865,256,768,1.3410,0.0079,0.0069,1.2922,0.0134,0.0206,256,768,196608,393216,152145.1094,304290.2188,0.0000,0,0.0000,0.0000,0,0.0000,0,0.0000,0.0000,0,0.0000,0.0000,0,0,0,0,0,0,0,0,0,0,0,0,0,0,0,0,0,0,0,0,0,0,0,0,0
WG_METRICS 866,256,768,1.5941,0.0084,0.0069,1.5300,0.0243,0.0245,256,768,196608,393216,128501.9609,257003.9219,0.0000,0,0.0000,0.0000,0,0.0000,0,0.0000,0.0000,0,0.0000,0.0000,0,0,0,0,0,0,0,0,0,0,0,0,0,0,0,0,0,0,0,0,0,0,0,0,0
WG_METRICS 867,256,768,1.7702,0.0083,0.0070,1.7032,0.0250,0.0268,256,768,196608,393216,115434.4766,230868.9531,0.0000,0,0.0000,0.0000,0,0.0000,0,0.0000,0.0000,0,0.0000,0.0000,0,0,0,0,0,0,0,0,0,0,0,0,0,0,0,0,0,0,0,0,0,0,0,0,0
WG_METRICS 868,256,768,1.8774,0.0088,0.0070,1.8099,0.0249,0.0267,256,768,196608,393216,108628.0078,217256.0156,0.0000,0,0.0000,0.0000,0,0.0000,0,0.0000,0.0000,0,0.0000,0.0000,0,0,0,0,0,0,0,0,0,0,0,0,0,0,0,0,0,0,0,0,0,0,0,0,0
WG_METRICS 869,256,768,1.5515,0.0082,0.0069,1.4899,0.0242,0.0223,256,768,196608,393216,131962.3125,263924.6250,0.0000,0,0.0000,0.0000,0,0.0000,0,0.0000,0.0000,0,0.0000,0.0000,0,0,0,0,0,0,0,0,0,0,0,0,0,0,0,0,0,0,0,0,0,0,0,0,0
WG_METRICS 870,256,768,1.2574,0.0080,0.0068,1.2086,0.0151,0.0188,256,768,196608,393216,162668.7812,325337.5625,0.0000,0,0.0000,0.0000,0,0.0000,0,0.0000,0.0000,0,0.0000,0.0000,0,0,0,0,0,0,0,0,0,0,0,0,0,0,0,0,0,0,0,0,0,0,0,0,0
WG_METRICS 871,256,768,1.0228,0.0075,0.0068,0.9785,0.0146,0.0155,256,768,196608,393216,200932.0625,401864.1250,0.0000,0,0.0000,0.0000,0,0.0000,0,0.0000,0.0000,0,0.0000,0.0000,0,0,0,0,0,0,0,0,0,0,0,0,0,0,0,0,0,0,0,0,0,0,0,0,0
WG_METRICS 872,256,768,1.0148,0.0076,0.0067,0.9707,0.0143,0.0155,256,768,196608,393216,202538.3281,405076.6562,0.0000,0,0.0000,0.0000,0,0.0000,0,0.0000,0.0000,0,0.0000,0.0000,0,0,0,0,0,0,0,0,0,0,0,0,0,0,0,0,0,0,0,0,0,0,0,0,0
WG_METRICS 873,256,768,1.0072,0.0074,0.0068,0.9634,0.0142,0.0155,256,768,196608,393216,204085.7031,408171.4062,0.0000,0,0.0000,0.0000,0,0.0000,0,0.0000,0.0000,0,0.0000,0.0000,0,0,0,0,0,0,0,0,0,0,0,0,0,0,0,0,0,0,0,0,0,0,0,0,0
WG_METRICS 874,256,768,1.0360,0.0075,0.0068,0.9915,0.0144,0.0158,256,768,196608,393216,198297.5000,396595.0000,0.0000,0,0.0000,0.0000,0,0.0000,0,0.0000,0.0000,0,0.0000,0.0000,0,0,0,0,0,0,0,0,0,0,0,0,0,0,0,0,0,0,0,0,0,0,0,0,0
WG_METRICS 875,256,768,1.0301,0.0074,0.0068,0.9772,0.0232,0.0156,256,768,196608,393216,201195.2500,402390.5000,0.0000,0,0.0000,0.0000,0,0.0000,0,0.0000,0.0000,0,0.0000,0.0000,0,0,0,0,0,0,0,0,0,0,0,0,0,0,0,0,0,0,0,0,0,0,0,0,0
WG_METRICS 876,256,768,1.0358,0.0075,0.0068,0.9829,0.0229,0.0157,256,768,196608,393216,200024.4219,400048.8438,0.0000,0,0.0000,0.0000,0,0.0000,0,0.0000,0.0000,0,0.0000,0.0000,0,0,0,0,0,0,0,0,0,0,0,0,0,0,0,0,0,0,0,0,0,0,0,0,0
WG_METRICS 877,256,768,1.0642,0.0079,0.0144,1.0115,0.0142,0.0162,256,768,196608,393216,194368.8594,388737.7188,0.0000,0,0.0000,0.0000,0,0.0000,0,0.0000,0.0000,0,0.0000,0.0000,0,0,0,0,0,0,0,0,0,0,0,0,0,0,0,0,0,0,0,0,0,0,0,0,0
WG_METRICS 878,256,768,1.0948,0.0079,0.0068,1.0406,0.0125,0.0270,256,768,196608,393216,188944.4062,377888.8125,0.0000,0,0.0000,0.0000,0,0.0000,0,0.0000,0.0000,0,0.0000,0.0000,0,0,0,0,0,0,0,0,0,0,0,0,0,0,0,0,0,0,0,0,0,0,0,0,0
WG_METRICS 879,256,768,1.0993,0.0076,0.0068,1.0445,0.0232,0.0172,256,768,196608,393216,188228.0781,376456.1562,0.0000,0,0.0000,0.0000,0,0.0000,0,0.0000,0.0000,0,0.0000,0.0000,0,0,0,0,0,0,0,0,0,0,0,0,0,0,0,0,0,0,0,0,0,0,0,0,0
WG_METRICS 880,256,768,1.1624,0.0075,0.0069,1.1071,0.0232,0.0177,256,768,196608,393216,177591.5000,355183.0000,0.0000,0,0.0000,0.0000,0,0.0000,0,0.0000,0.0000,0,0.0000,0.0000,0,0,0,0,0,0,0,0,0,0,0,0,0,0,0,0,0,0,0,0,0,0,0,0,0
WG_METRICS 881,256,768,1.6449,0.0082,0.0070,1.5782,0.0250,0.0265,256,768,196608,393216,124574.2031,249148.4062,0.0000,0,0.0000,0.0000,0,0.0000,0,0.0000,0.0000,0,0.0000,0.0000,0,0,0,0,0,0,0,0,0,0,0,0,0,0,0,0,0,0,0,0,0,0,0,0,0
WG_METRICS 882,256,768,1.9181,0.0087,0.0070,1.8566,0.0166,0.0291,256,768,196608,393216,105894.5234,211789.0469,0.0000,0,0.0000,0.0000,0,0.0000,0,0.0000,0.0000,0,0.0000,0.0000,0,0,0,0,0,0,0,0,0,0,0,0,0,0,0,0,0,0,0,0,0,0,0,0,0
WG_METRICS 883,256,768,1.9047,0.0107,0.0071,1.8454,0.0124,0.0290,256,768,196608,393216,106537.1953,213074.3906,0.0000,0,0.0000,0.0000,0,0.0000,0,0.0000,0.0000,0,0.0000,0.0000,0,0,0,0,0,0,0,0,0,0,0,0,0,0,0,0,0,0,0,0,0,0,0,0,0
WG_METRICS 884,256,768,1.5817,0.0083,0.0070,1.5283,0.0153,0.0228,256,768,196608,393216,128643.2188,257286.4375,0.0000,0,0.0000,0.0000,0,0.0000,0,0.0000,0.0000,0,0.0000,0.0000,0,0,0,0,0,0,0,0,0,0,0,0,0,0,0,0,0,0,0,0,0,0,0,0,0
WG_METRICS 885,256,768,1.3153,0.0079,0.0068,1.2565,0.0237,0.0204,256,768,196608,393216,156475.2344,312950.4688,0.0000,0,0.0000,0.0000,0,0.0000,0,0.0000,0.0000,0,0.0000,0.0000,0,0,0,0,0,0,0,0,0,0,0,0,0,0,0,0,0,0,0,0,0,0,0,0,0
WG_METRICS 886,256,768,1.5078,0.0083,0.0069,1.4522,0.0173,0.0232,256,768,196608,393216,135386.3125,270772.6250,0.0000,0,0.0000,0.0000,0,0.0000,0,0.0000,0.0000,0,0.0000,0.0000,0,0,0,0,0,0,0,0,0,0,0,0,0,0,0,0,0,0,0,0,0,0,0,0,0
WG_METRICS 887,256,768,1.5372,0.0082,0.0069,1.4815,0.0171,0.0234,256,768,196608,393216,132706.9375,265413.8750,0.0000,0,0.0000,0.0000,0,0.0000,0,0.0000,0.0000,0,0.0000,0.0000,0,0,0,0,0,0,0,0,0,0,0,0,0,0,0,0,0,0,0,0,0,0,0,0,0
WG_METRICS 888,256,768,1.3540,0.0081,0.0068,1.3045,0.0152,0.0194,256,768,196608,393216,150712.9062,301425.8125,0.0000,0,0.0000,0.0000,0,0.0000,0,0.0000,0.0000,0,0.0000,0.0000,0,0,0,0,0,0,0,0,0,0,0,0,0,0,0,0,0,0,0,0,0,0,0,0,0
WG_METRICS 889,256,768,1.0813,0.0076,0.0068,1.0362,0.0140,0.0167,256,768,196608,393216,189739.4219,379478.8438,0.0000,0,0.0000,0.0000,0,0.0000,0,0.0000,0.0000,0,0.0000,0.0000,0,0,0,0,0,0,0,0,0,0,0,0,0,0,0,0,0,0,0,0,0,0,0,0,0
WG_METRICS 890,256,768,1.0328,0.0074,0.0068,0.9805,0.0224,0.0158,256,768,196608,393216,200522.1875,401044.3750,0.0000,0,0.0000,0.0000,0,0.0000,0,0.0000,0.0000,0,0.0000,0.0000,0,0,0,0,0,0,0,0,0,0,0,0,0,0,0,0,0,0,0,0,0,0,0,0,0
WG_METRICS 891,256,768,1.0208,0.0071,0.0048,0.9793,0.0143,0.0153,256,768,196608,393216,200767.9062,401535.8125,0.0000,0,0.0000,0.0000,0,0.0000,0,0.0000,0.0000,0,0.0000,0.0000,0,0,0,0,0,0,0,0,0,0,0,0,0,0,0,0,0,0,0,0,0,0,0,0,0
WG_METRICS 892,256,768,1.0194,0.0074,0.0068,0.9733,0.0164,0.0155,256,768,196608,393216,201997.2812,403994.5625,0.0000,0,0.0000,0.0000,0,0.0000,0,0.0000,0.0000,0,0.0000,0.0000,0,0,0,0,0,0,0,0,0,0,0,0,0,0,0,0,0,0,0,0,0,0,0,0,0
WG_METRICS 893,256,768,1.0144,0.0075,0.0068,0.9679,0.0165,0.0157,256,768,196608,393216,203132.6250,406265.2500,0.0000,0,0.0000,0.0000,0,0.0000,0,0.0000,0.0000,0,0.0000,0.0000,0,0,0,0,0,0,0,0,0,0,0,0,0,0,0,0,0,0,0,0,0,0,0,0,0
WG_METRICS 894,256,768,1.0178,0.0076,0.0066,0.9741,0.0121,0.0173,256,768,196608,393216,201831.3906,403662.7812,0.0000,0,0.0000,0.0000,0,0.0000,0,0.0000,0.0000,0,0.0000,0.0000,0,0,0,0,0,0,0,0,0,0,0,0,0,0,0,0,0,0,0,0,0,0,0,0,0
WG_METRICS 895,256,768,1.0393,0.0074,0.0068,0.9950,0.0142,0.0159,256,768,196608,393216,197603.9219,395207.8438,0.0000,0,0.0000,0.0000,0,0.0000,0,0.0000,0.0000,0,0.0000,0.0000,0,0,0,0,0,0,0,0,0,0,0,0,0,0,0,0,0,0,0,0,0,0,0,0,0
WG_METRICS 896,256,768,1.0800,0.0075,0.0069,1.0350,0.0141,0.0164,256,768,196608,393216,189952.0781,379904.1562,0.0000,0,0.0000,0.0000,0,0.0000,0,0.0000,0.0000,0,0.0000,0.0000,0,0,0,0,0,0,0,0,0,0,0,0,0,0,0,0,0,0,0,0,0,0,0,0,0
WG_METRICS 897,256,768,1.0860,0.0077,0.0067,1.0383,0.0166,0.0167,256,768,196608,393216,189359.3281,378718.6562,0.0000,0,0.0000,0.0000,0,0.0000,0,0.0000,0.0000,0,0.0000,0.0000,0,0,0,0,0,0,0,0,0,0,0,0,0,0,0,0,0,0,0,0,0,0,0,0,0
WG_METRICS 898,256,768,1.0679,0.0076,0.0068,1.0141,0.0231,0.0164,256,768,196608,393216,193870.5469,387741.0938,0.0000,0,0.0000,0.0000,0,0.0000,0,0.0000,0.0000,0,0.0000,0.0000,0,0,0,0,0,0,0,0,0,0,0,0,0,0,0,0,0,0,0,0,0,0,0,0,0
WG_METRICS 899,256,768,1.0271,0.0075,0.0068,0.9830,0.0144,0.0154,256,768,196608,393216,200008.1406,400016.2812,0.0000,0,0.0000,0.0000,0,0.0000,0,0.0000,0.0000,0,0.0000,0.0000,0,0,0,0,0,0,0,0,0,0,0,0,0,0,0,0,0,0,0,0,0,0,0,0,0
WG_METRICS 900,256,768,1.0312,0.0074,0.0068,0.9784,0.0227,0.0159,256,768,196608,393216,200956.7031,401913.4062,0.0000,0,0.0000,0.0000,0,0.0000,0,0.0000,0.0000,0,0.0000,0.0000,0,0,0,0,0,0,0,0,0,0,0,0,0,0,0,0,0,0,0,0,0,0,0,0,0
WG_METRICS 901,256,768,1.0221,0.0075,0.0068,0.9688,0.0226,0.0164,256,768,196608,393216,202931.3438,405862.6875,0.0000,0,0.0000,0.0000,0,0.0000,0,0.0000,0.0000,0,0.0000,0.0000,0,0,0,0,0,0,0,0,0,0,0,0,0,0,0,0,0,0,0,0,0,0,0,0,0
WG_METRICS 902,256,768,1.0736,0.0074,0.0068,1.0206,0.0226,0.0161,256,768,196608,393216,192647.1719,385294.3438,0.0000,0,0.0000,0.0000,0,0.0000,0,0.0000,0.0000,0,0.0000,0.0000,0,0,0,0,0,0,0,0,0,0,0,0,0,0,0,0,0,0,0,0,0,0,0,0,0
WG_METRICS 903,256,768,1.0920,0.0075,0.0066,1.0382,0.0233,0.0164,256,768,196608,393216,189373.9062,378747.8125,0.0000,0,0.0000,0.0000,0,0.0000,0,0.0000,0.0000,0,0.0000,0.0000,0,0,0,0,0,0,0,0,0,0,0,0,0,0,0,0,0,0,0,0,0,0,0,0,0
WG_METRICS 904,256,768,1.0926,0.0075,0.0069,1.0386,0.0230,0.0165,256,768,196608,393216,189293.6875,378587.3750,0.0000,0,0.0000,0.0000,0,0.0000,0,0.0000,0.0000,0,0.0000,0.0000,0,0,0,0,0,0,0,0,0,0,0,0,0,0,0,0,0,0,0,0,0,0,0,0,0
WG_METRICS 905,256,768,1.3502,0.0077,0.0069,1.2917,0.0238,0.0200,256,768,196608,393216,152211.0781,304422.1562,0.0000,0,0.0000,0.0000,0,0.0000,0,0.0000,0.0000,0,0.0000,0.0000,0,0,0,0,0,0,0,0,0,0,0,0,0,0,0,0,0,0,0,0,0,0,0,0,0
WG_METRICS 906,256,768,1.6302,0.0082,0.0069,1.5661,0.0244,0.0246,256,768,196608,393216,125541.4844,251082.9688,0.0000,0,0.0000,0.0000,0,0.0000,0,0.0000,0.0000,0,0.0000,0.0000,0,0,0,0,0,0,0,0,0,0,0,0,0,0,0,0,0,0,0,0,0,0,0,0,0
WG_METRICS 907,256,768,1.7690,0.0086,0.0069,1.7013,0.0250,0.0272,256,768,196608,393216,115564.7500,231129.5000,0.0000,0,0.0000,0.0000,0,0.0000,0,0.0000,0.0000,0,0.0000,0.0000,0,0,0,0,0,0,0,0,0,0,0,0,0,0,0,0,0,0,0,0,0,0,0,0,0
WG_METRICS 908,256,768,1.6646,0.0083,0.0070,1.6013,0.0240,0.0240,256,768,196608,393216,122781.7734,245563.5469,0.0000,0,0.0000,0.0000,0,0.0000,0,0.0000,0.0000,0,0.0000,0.0000,0,0,0,0,0,0,0,0,0,0,0,0,0,0,0,0,0,0,0,0,0,0,0,0,0
WG_METRICS 909,256,768,1.3948,0.0080,0.0068,1.3366,0.0236,0.0198,256,768,196608,393216,147095.6250,294191.2500,0.0000,0,0.0000,0.0000,0,0.0000,0,0.0000,0.0000,0,0.0000,0.0000,0,0,0,0,0,0,0,0,0,0,0,0,0,0,0,0,0,0,0,0,0,0,0,0,0
WG_METRICS 910,256,768,1.1168,0.0076,0.0069,1.0697,0.0149,0.0176,256,768,196608,393216,183800.7656,367601.5312,0.0000,0,0.0000,0.0000,0,0.0000,0,0.0000,0.0000,0,0.0000,0.0000,0,0,0,0,0,0,0,0,0,0,0,0,0,0,0,0,0,0,0,0,0,0,0,0,0
WG_METRICS 911,256,768,1.0375,0.0098,0.0068,0.9913,0.0142,0.0154,256,768,196608,393216,198329.5000,396659.0000,0.0000,0,0.0000,0.0000,0,0.0000,0,0.0000,0.0000,0,0.0000,0.0000,0,0,0,0,0,0,0,0,0,0,0,0,0,0,0,0,0,0,0,0,0,0,0,0,0
WG_METRICS 912,256,768,1.0328,0.0074,0.0068,0.9798,0.0230,0.0159,256,768,196608,393216,200669.5469,401339.0938,0.0000,0,0.0000,0.0000,0,0.0000,0,0.0000,0.0000,0,0.0000,0.0000,0,0,0,0,0,0,0,0,0,0,0,0,0,0,0,0,0,0,0,0,0,0,0,0,0
WG_METRICS 913,256,768,1.0242,0.0075,0.0068,0.9844,0.0099,0.0156,256,768,196608,393216,199715.5625,399431.1250,0.0000,0,0.0000,0.0000,0,0.0000,0,0.0000,0.0000,0,0.0000,0.0000,0,0,0,0,0,0,0,0,0,0,0,0,0,0,0,0,0,0,0,0,0,0,0,0,0
WG_METRICS 914,256,768,1.0246,0.0074,0.0068,0.9860,0.0088,0.0156,256,768,196608,393216,199407.6875,398815.3750,0.0000,0,0.0000,0.0000,0,0.0000,0,0.0000,0.0000,0,0.0000,0.0000,0,0,0,0,0,0,0,0,0,0,0,0,0,0,0,0,0,0,0,0,0,0,0,0,0
WG_METRICS 915,256,768,1.0402,0.0075,0.0068,0.9955,0.0148,0.0157,256,768,196608,393216,197492.7656,394985.5312,0.0000,0,0.0000,0.0000,0,0.0000,0,0.0000,0.0000,0,0.0000,0.0000,0,0,0,0,0,0,0,0,0,0,0,0,0,0,0,0,0,0,0,0,0,0,0,0,0
WG_METRICS 916,256,768,1.0165,0.0074,0.0068,0.9725,0.0141,0.0156,256,768,196608,393216,202163.4531,404326.9062,0.0000,0,0.0000,0.0000,0,0.0000,0,0.0000,0.0000,0,0.0000,0.0000,0,0,0,0,0,0,0,0,0,0,0,0,0,0,0,0,0,0,0,0,0,0,0,0,0
WG_METRICS 917,256,768,1.0384,0.0074,0.0069,0.9922,0.0164,0.0155,256,768,196608,393216,198145.6094,396291.2188,0.0000,0,0.0000,0.0000,0,0.0000,0,0.0000,0.0000,0,0.0000,0.0000,0,0,0,0,0,0,0,0,0,0,0,0,0,0,0,0,0,0,0,0,0,0,0,0,0
WG_METRICS 918,256,768,1.0196,0.0074,0.0068,0.9734,0.0164,0.0156,256,768,196608,393216,201980.6875,403961.3750,0.0000,0,0.0000,0.0000,0,0.0000,0,0.0000,0.0000,0,0.0000,0.0000,0,0,0,0,0,0,0,0,0,0,0,0,0,0,0,0,0,0,0,0,0,0,0,0,0
WG_METRICS 919,256,768,1.0294,0.0074,0.0068,0.9846,0.0138,0.0167,256,768,196608,393216,199683.1250,399366.2500,0.0000,0,0.0000,0.0000,0,0.0000,0,0.0000,0.0000,0,0.0000,0.0000,0,0,0,0,0,0,0,0,0,0,0,0,0,0,0,0,0,0,0,0,0,0,0,0,0
WG_METRICS 920,256,768,1.0227,0.0075,0.0068,0.9830,0.0096,0.0159,256,768,196608,393216,200016.2812,400032.5625,0.0000,0,0.0000,0.0000,0,0.0000,0,0.0000,0.0000,0,0.0000,0.0000,0,0,0,0,0,0,0,0,0,0,0,0,0,0,0,0,0,0,0,0,0,0,0,0,0
WG_METRICS 921,256,768,1.1363,0.0076,0.0068,1.0892,0.0144,0.0183,256,768,196608,393216,180513.4219,361026.8438,0.0000,0,0.0000,0.0000,0,0.0000,0,0.0000,0.0000,0,0.0000,0.0000,0,0,0,0,0,0,0,0,0,0,0,0,0,0,0,0,0,0,0,0,0,0,0,0,0
WG_METRICS 922,256,768,1.3900,0.0080,0.0068,1.3297,0.0240,0.0215,256,768,196608,393216,147861.1406,295722.2812,0.0000,0,0.0000,0.0000,0,0.0000,0,0.0000,0.0000,0,0.0000,0.0000,0,0,0,0,0,0,0,0,0,0,0,0,0,0,0,0,0,0,0,0,0,0,0,0,0
WG_METRICS 923,256,768,1.5133,0.0082,0.0069,1.4597,0.0154,0.0231,256,768,196608,393216,134692.5312,269385.0625,0.0000,0,0.0000,0.0000,0,0.0000,0,0.0000,0.0000,0,0.0000,0.0000,0,0,0,0,0,0,0,0,0,0,0,0,0,0,0,0,0,0,0,0,0,0,0,0,0
WG_METRICS 924,256,768,1.9388,0.0089,0.0070,1.8675,0.0260,0.0294,256,768,196608,393216,105279.8438,210559.6875,0.0000,0,0.0000,0.0000,0,0.0000,0,0.0000,0.0000,0,0.0000,0.0000,0,0,0,0,0,0,0,0,0,0,0,0,0,0,0,0,0,0,0,0,0,0,0,0,0
WG_METRICS 925,256,768,1.9321,0.0087,0.0070,1.8629,0.0250,0.0285,256,768,196608,393216,105537.5391,211075.0781,0.0000,0,0.0000,0.0000,0,0.0000,0,0.0000,0.0000,0,0.0000,0.0000,0,0,0,0,0,0,0,0,0,0,0,0,0,0,0,0,0,0,0,0,0,0,0,0,0
WG_METRICS 926,256,768,1.8134,0.0086,0.0070,1.7559,0.0161,0.0256,256,768,196608,393216,111968.6484,223937.2969,0.0000,0,0.0000,0.0000,0,0.0000,0,0.0000,0.0000,0,0.0000,0.0000,0,0,0,0,0,0,0,0,0,0,0,0,0,0,0,0,0,0,0,0,0,0,0,0,0
WG_METRICS 927,256,768,1.3816,0.0082,0.0068,1.3307,0.0152,0.0208,256,768,196608,393216,147750.0156,295500.0312,0.0000,0,0.0000,0.0000,0,0.0000,0,0.0000,0.0000,0,0.0000,0.0000,0,0,0,0,0,0,0,0,0,0,0,0,0,0,0,0,0,0,0,0,0,0,0,0,0
WG_METRICS 928,256,768,1.0684,0.0076,0.0069,1.0244,0.0134,0.0160,256,768,196608,393216,191917.5312,383835.0625,0.0000,0,0.0000,0.0000,0,0.0000,0,0.0000,0.0000,0,0.0000,0.0000,0,0,0,0,0,0,0,0,0,0,0,0,0,0,0,0,0,0,0,0,0,0,0,0,0
WG_METRICS 929,256,768,1.0127,0.0074,0.0068,0.9722,0.0076,0.0186,256,768,196608,393216,202221.6719,404443.3438,0.0000,0,0.0000,0.0000,0,0.0000,0,0.0000,0.0000,0,0.0000,0.0000,0,0,0,0,0,0,0,0,0,0,0,0,0,0,0,0,0,0,0,0,0,0,0,0,0
WG_METRICS 930,256,768,1.0072,0.0075,0.0066,0.9705,0.0072,0.0154,256,768,196608,393216,202580.0625,405160.1250,0.0000,0,0.0000,0.0000,0,0.0000,0,0.0000,0.0000,0,0.0000,0.0000,0,0,0,0,0,0,0,0,0,0,0,0,0,0,0,0,0,0,0,0,0,0,0,0,0
WG_METRICS 931,256,768,1.0297,0.0074,0.0068,0.9906,0.0094,0.0154,256,768,196608,393216,198465.6406,396931.2812,0.0000,0,0.0000,0.0000,0,0.0000,0,0.0000,0.0000,0,0.0000,0.0000,0,0,0,0,0,0,0,0,0,0,0,0,0,0,0,0,0,0,0,0,0,0,0,0,0
WG_METRICS 932,256,768,1.0230,0.0075,0.0068,0.9785,0.0141,0.0160,256,768,196608,393216,200923.8438,401847.6875,0.0000,0,0.0000,0.0000,0,0.0000,0,0.0000,0.0000,0,0.0000,0.0000,0,0,0,0,0,0,0,0,0,0,0,0,0,0,0,0,0,0,0,0,0,0,0,0,0
WG_METRICS 933,256,768,1.0242,0.0074,0.0069,0.9803,0.0140,0.0156,256,768,196608,393216,200554.9219,401109.8438,0.0000,0,0.0000,0.0000,0,0.0000,0,0.0000,0.0000,0,0.0000,0.0000,0,0,0,0,0,0,0,0,0,0,0,0,0,0,0,0,0,0,0,0,0,0,0,0,0
WG_METRICS 934,256,768,1.0180,0.0073,0.0069,0.9723,0.0156,0.0158,256,768,196608,393216,202205.0312,404410.0625,0.0000,0,0.0000,0.0000,0,0.0000,0,0.0000,0.0000,0,0.0000,0.0000,0,0,0,0,0,0,0,0,0,0,0,0,0,0,0,0,0,0,0,0,0,0,0,0,0
WG_METRICS 935,256,768,1.0302,0.0075,0.0068,0.9855,0.0147,0.0157,256,768,196608,393216,199504.8125,399009.6250,0.0000,0,0.0000,0.0000,0,0.0000,0,0.0000,0.0000,0,0.0000,0.0000,0,0,0,0,0,0,0,0,0,0,0,0,0,0,0,0,0,0,0,0,0,0,0,0,0
WG_METRICS 936,256,768,1.0417,0.0075,0.0068,0.9890,0.0230,0.0154,256,768,196608,393216,198794.7344,397589.4688,0.0000,0,0.0000,0.0000,0,0.0000,0,0.0000,0.0000,0,0.0000,0.0000,0,0,0,0,0,0,0,0,0,0,0,0,0,0,0,0,0,0,0,0,0,0,0,0,0
WG_METRICS 937,256,768,1.1443,0.0076,0.0069,1.0980,0.0148,0.0170,256,768,196608,393216,179053.5938,358107.1875,0.0000,0,0.0000,0.0000,0,0.0000,0,0.0000,0.0000,0,0.0000,0.0000,0,0,0,0,0,0,0,0,0,0,0,0,0,0,0,0,0,0,0,0,0,0,0,0,0
WG_METRICS 938,256,768,1.2827,0.0079,0.0069,1.2241,0.0245,0.0193,256,768,196608,393216,160616.9531,321233.9062,0.0000,0,0.0000,0.0000,0,0.0000,0,0.0000,0.0000,0,0.0000,0.0000,0,0,0,0,0,0,0,0,0,0,0,0,0,0,0,0,0,0,0,0,0,0,0,0,0
WG_METRICS 939,256,768,1.2318,0.0077,0.0069,1.1755,0.0234,0.0184,256,768,196608,393216,167257.6250,334515.2500,0.0000,0,0.0000,0.0000,0,0.0000,0,0.0000,0.0000,0,0.0000,0.0000,0,0,0,0,0,0,0,0,0,0,0,0,0,0,0,0,0,0,0,0,0,0,0,0,0
WG_METRICS 940,256,768,1.1073,0.0076,0.0068,1.0524,0.0229,0.0176,256,768,196608,393216,186818.7031,373637.4062,0.0000,0,0.0000,0.0000,0,0.0000,0,0.0000,0.0000,0,0.0000,0.0000,0,0,0,0,0,0,0,0,0,0,0,0,0,0,0,0,0,0,0,0,0,0,0,0,0
WG_METRICS 941,256,768,1.0321,0.0074,0.0068,0.9796,0.0228,0.0155,256,768,196608,393216,200694.1250,401388.2500,0.0000,0,0.0000,0.0000,0,0.0000,0,0.0000,0.0000,0,0.0000,0.0000,0,0,0,0,0,0,0,0,0,0,0,0,0,0,0,0,0,0,0,0,0,0,0,0,0
WG_METRICS 942,256,768,1.0075,0.0075,0.0068,0.9630,0.0144,0.0158,256,768,196608,393216,204153.5156,408307.0312,0.0000,0,0.0000,0.0000,0,0.0000,0,0.0000,0.0000,0,0.0000,0.0000,0,0,0,0,0,0,0,0,0,0,0,0,0,0,0,0,0,0,0,0,0,0,0,0,0
WG_METRICS 943,256,768,1.0275,0.0075,0.0067,0.9752,0.0226,0.0155,256,768,196608,393216,201616.1406,403232.2812,0.0000,0,0.0000,0.0000,0,0.0000,0,0.0000,0.0000,0,0.0000,0.0000,0,0,0,0,0,0,0,0,0,0,0,0,0,0,0,0,0,0,0,0,0,0,0,0,0
WG_METRICS 944,256,768,1.0545,0.0074,0.0068,1.0106,0.0138,0.0158,256,768,196608,393216,194538.1094,389076.2188,0.0000,0,0.0000,0.0000,0,0.0000,0,0.0000,0.0000,0,0.0000,0.0000,0,0,0,0,0,0,0,0,0,0,0,0,0,0,0,0,0,0,0,0,0,0,0,0,0
WG_METRICS 945,256,768,1.5413,0.0079,0.0069,1.4784,0.0242,0.0239,256,768,196608,393216,132983.4062,265966.8125,0.0000,0,0.0000,0.0000,0,0.0000,0,0.0000,0.0000,0,0.0000,0.0000,0,0,0,0,0,0,0,0,0,0,0,0,0,0,0,0,0,0,0,0,0,0,0,0,0
WG_METRICS 946,256,768,1.9393,0.0088,0.0070,1.8699,0.0252,0.0284,256,768,196608,393216,105144.7188,210289.4375,0.0000,0,0.0000,0.0000,0,0.0000,0,0.0000,0.0000,0,0.0000,0.0000,0,0,0,0,0,0,0,0,0,0,0,0,0,0,0,0,0,0,0,0,0,0,0,0,0
WG_METRICS 947,256,768,1.9504,0.0086,0.0070,1.8885,0.0166,0.0297,256,768,196608,393216,104109.1250,208218.2500,0.0000,0,0.0000,0.0000,0,0.0000,0,0.0000,0.0000,0,0.0000,0.0000,0,0,0,0,0,0,0,0,0,0,0,0,0,0,0,0,0,0,0,0,0,0,0,0,0
WG_METRICS 948,256,768,1.8074,0.0088,0.0070,1.7416,0.0244,0.0257,256,768,196608,393216,112891.8906,225783.7812,0.0000,0,0.0000,0.0000,0,0.0000,0,0.0000,0.0000,0,0.0000,0.0000,0,0,0,0,0,0,0,0,0,0,0,0,0,0,0,0,0,0,0,0,0,0,0,0,0
WG_METRICS 949,256,768,2.9032,0.0081,0.0069,1.2974,0.0556,1.5352,256,768,196608,393216,151540.0000,303080.0000,0.0000,0,0.0000,0.0000,0,0.0000,0,0.0000,0.0000,0,0.0000,0.0000,0,0,0,0,0,0,0,0,0,0,0,0,0,0,0,0,0,0,0,0,0,0,0,0,0
WG_METRICS 950,256,768,1.0547,0.0075,0.0068,1.0020,0.0226,0.0158,256,768,196608,393216,196215.5781,392431.1562,0.0000,0,0.0000,0.0000,0,0.0000,0,0.0000,0.0000,0,0.0000,0.0000,0,0,0,0,0,0,0,0,0,0,0,0,0,0,0,0,0,0,0,0,0,0,0,0,0
WG_METRICS 951,256,768,1.0246,0.0074,0.0068,0.9850,0.0100,0.0154,256,768,196608,393216,199593.9219,399187.8438,0.0000,0,0.0000,0.0000,0,0.0000,0,0.0000,0.0000,0,0.0000,0.0000,0,0,0,0,0,0,0,0,0,0,0,0,0,0,0,0,0,0,0,0,0,0,0,0,0
WG_METRICS 952,256,768,1.0268,0.0074,0.0068,0.9801,0.0163,0.0161,256,768,196608,393216,200604.0312,401208.0625,0.0000,0,0.0000,0.0000,0,0.0000,0,0.0000,0.0000,0,0.0000,0.0000,0,0,0,0,0,0,0,0,0,0,0,0,0,0,0,0,0,0,0,0,0,0,0,0,0
WG_METRICS 953,256,768,1.0250,0.0074,0.0069,0.9788,0.0163,0.0156,256,768,196608,393216,200866.3750,401732.7500,0.0000,0,0.0000,0.0000,0,0.0000,0,0.0000,0.0000,0,0.0000,0.0000,0,0,0,0,0,0,0,0,0,0,0,0,0,0,0,0,0,0,0,0,0,0,0,0,0
WG_METRICS 954,256,768,1.5658,0.0074,0.0068,0.9774,0.5583,0.0158,256,768,196608,393216,201162.3125,402324.6250,0.0000,0,0.0000,0.0000,0,0.0000,0,0.0000,0.0000,0,0.0000,0.0000,0,0,0,0,0,0,0,0,0,0,0,0,0,0,0,0,0,0,0,0,0,0,0,0,0
WG_METRICS 955,256,768,1.0353,0.0075,0.0068,0.9824,0.0230,0.0155,256,768,196608,393216,200122.1406,400244.2812,0.0000,0,0.0000,0.0000,0,0.0000,0,0.0000,0.0000,0,0.0000,0.0000,0,0,0,0,0,0,0,0,0,0,0,0,0,0,0,0,0,0,0,0,0,0,0,0,0
WG_METRICS 956,256,768,1.0468,0.0074,0.0068,1.0066,0.0100,0.0160,256,768,196608,393216,195318.8906,390637.7812,0.0000,0,0.0000,0.0000,0,0.0000,0,0.0000,0.0000,0,0.0000,0.0000,0,0,0,0,0,0,0,0,0,0,0,0,0,0,0,0,0,0,0,0,0,0,0,0,0
WG_METRICS 957,256,768,1.0725,0.0080,0.0070,1.0186,0.0228,0.0161,256,768,196608,393216,193010.2812,386020.5625,0.0000,0,0.0000,0.0000,0,0.0000,0,0.0000,0.0000,0,0.0000,0.0000,0,0,0,0,0,0,0,0,0,0,0,0,0,0,0,0,0,0,0,0,0,0,0,0,0
WG_METRICS 958,256,768,1.0564,0.0076,0.0066,1.0114,0.0144,0.0164,256,768,196608,393216,194391.9375,388783.8750,0.0000,0,0.0000,0.0000,0,0.0000,0,0.0000,0.0000,0,0.0000,0.0000,0,0,0,0,0,0,0,0,0,0,0,0,0,0,0,0,0,0,0,0,0,0,0,0,0
WG_METRICS 959,256,768,1.0515,0.0076,0.0066,0.9980,0.0234,0.0159,256,768,196608,393216,197009.9062,394019.8125,0.0000,0,0.0000,0.0000,0,0.0000,0,0.0000,0.0000,0,0.0000,0.0000,0,0,0,0,0,0,0,0,0,0,0,0,0,0,0,0,0,0,0,0,0,0,0,0,0
WG_METRICS 960,256,768,1.0258,0.0075,0.0068,0.9729,0.0229,0.0157,256,768,196608,393216,202080.3281,404160.6562,0.0000,0,0.0000,0.0000,0,0.0000,0,0.0000,0.0000,0,0.0000,0.0000,0,0,0,0,0,0,0,0,0,0,0,0,0,0,0,0,0,0,0,0,0,0,0,0,0
WG_METRICS 961,256,768,1.0186,0.0074,0.0069,0.9702,0.0188,0.0154,256,768,196608,393216,202655.2344,405310.4688,0.0000,0,0.0000,0.0000,0,0.0000,0,0.0000,0.0000,0,0.0000,0.0000,0,0,0,0,0,0,0,0,0,0,0,0,0,0,0,0,0,0,0,0,0,0,0,0,0
WG_METRICS 962,256,768,1.0290,0.0078,0.0068,0.9755,0.0231,0.0158,256,768,196608,393216,201550.0000,403100.0000,0.0000,0,0.0000,0.0000,0,0.0000,0,0.0000,0.0000,0,0.0000,0.0000,0,0,0,0,0,0,0,0,0,0,0,0,0,0,0,0,0,0,0,0,0,0,0,0,0
WG_METRICS 963,256,768,1.0636,0.0074,0.0069,0.9927,0.0398,0.0168,256,768,196608,393216,198057.7812,396115.5625,0.0000,0,0.0000,0.0000,0,0.0000,0,0.0000,0.0000,0,0.0000,0.0000,0,0,0,0,0,0,0,0,0,0,0,0,0,0,0,0,0,0,0,0,0,0,0,0,0
WG_METRICS 964,256,768,1.0343,0.0075,0.0067,0.9816,0.0227,0.0157,256,768,196608,393216,200293.4062,400586.8125,0.0000,0,0.0000,0.0000,0,0.0000,0,0.0000,0.0000,0,0.0000,0.0000,0,0,0,0,0,0,0,0,0,0,0,0,0,0,0,0,0,0,0,0,0,0,0,0,0
WG_METRICS 965,256,768,1.0575,0.0074,0.0068,0.9879,0.0398,0.0155,256,768,196608,393216,199012.0625,398024.1250,0.0000,0,0.0000,0.0000,0,0.0000,0,0.0000,0.0000,0,0.0000,0.0000,0,0,0,0,0,0,0,0,0,0,0,0,0,0,0,0,0,0,0,0,0,0,0,0,0
WG_METRICS 966,256,768,1.0449,0.0074,0.0068,0.9922,0.0228,0.0157,256,768,196608,393216,198153.5938,396307.1875,0.0000,0,0.0000,0.0000,0,0.0000,0,0.0000,0.0000,0,0.0000,0.0000,0,0,0,0,0,0,0,0,0,0,0,0,0,0,0,0,0,0,0,0,0,0,0,0,0
WG_METRICS 967,256,768,1.0688,0.0075,0.0124,0.9959,0.0371,0.0160,256,768,196608,393216,197421.3750,394842.7500,0.0000,0,0.0000,0.0000,0,0.0000,0,0.0000,0.0000,0,0.0000,0.0000,0,0,0,0,0,0,0,0,0,0,0,0,0,0,0,0,0,0,0,0,0,0,0,0,0
WG_METRICS 968,256,768,1.0385,0.0103,0.0069,0.9834,0.0224,0.0156,256,768,196608,393216,199934.9219,399869.8438,0.0000,0,0.0000,0.0000,0,0.0000,0,0.0000,0.0000,0,0.0000,0.0000,0,0,0,0,0,0,0,0,0,0,0,0,0,0,0,0,0,0,0,0,0,0,0,0,0
WG_METRICS 969,256,768,1.0174,0.0074,0.0069,0.9608,0.0269,0.0154,256,768,196608,393216,204638.0000,409276.0000,0.0000,0,0.0000,0.0000,0,0.0000,0,0.0000,0.0000,0,0.0000,0.0000,0,0,0,0,0,0,0,0,0,0,0,0,0,0,0,0,0,0,0,0,0,0,0,0,0
WG_METRICS 970,256,768,1.2780,0.0078,0.0069,1.2191,0.0236,0.0207,256,768,196608,393216,161270.4219,322540.8438,0.0000,0,0.0000,0.0000,0,0.0000,0,0.0000,0.0000,0,0.0000,0.0000,0,0,0,0,0,0,0,0,0,0,0,0,0,0,0,0,0,0,0,0,0,0,0,0,0
WG_METRICS 971,256,768,1.6734,0.0084,0.0069,1.6144,0.0175,0.0263,256,768,196608,393216,121786.9609,243573.9219,0.0000,0,0.0000,0.0000,0,0.0000,0,0.0000,0.0000,0,0.0000,0.0000,0,0,0,0,0,0,0,0,0,0,0,0,0,0,0,0,0,0,0,0,0,0,0,0,0
WG_METRICS 972,256,768,1.7062,0.0085,0.0069,1.6486,0.0156,0.0266,256,768,196608,393216,119260.4453,238520.8906,0.0000,0,0.0000,0.0000,0,0.0000,0,0.0000,0.0000,0,0.0000,0.0000,0,0,0,0,0,0,0,0,0,0,0,0,0,0,0,0,0,0,0,0,0,0,0,0,0
WG_METRICS 973,256,768,1.3077,0.0081,0.0069,1.2547,0.0170,0.0210,256,768,196608,393216,156699.7188,313399.4375,0.0000,0,0.0000,0.0000,0,0.0000,0,0.0000,0.0000,0,0.0000,0.0000,0,0,0,0,0,0,0,0,0,0,0,0,0,0,0,0,0,0,0,0,0,0,0,0,0
WG_METRICS 974,256,768,1.0445,0.0076,0.0067,1.0019,0.0122,0.0161,256,768,196608,393216,196231.2344,392462.4688,0.0000,0,0.0000,0.0000,0,0.0000,0,0.0000,0.0000,0,0.0000,0.0000,0,0,0,0,0,0,0,0,0,0,0,0,0,0,0,0,0,0,0,0,0,0,0,0,0
WG_METRICS 975,256,768,1.0338,0.0074,0.0069,0.9814,0.0226,0.0155,256,768,196608,393216,200342.3750,400684.7500,0.0000,0,0.0000,0.0000,0,0.0000,0,0.0000,0.0000,0,0.0000,0.0000,0,0,0,0,0,0,0,0,0,0,0,0,0,0,0,0,0,0,0,0,0,0,0,0,0
WG_METRICS 976,256,768,1.0357,0.0074,0.0069,0.9827,0.0225,0.0163,256,768,196608,393216,200073.2656,400146.5312,0.0000,0,0.0000,0.0000,0,0.0000,0,0.0000,0.0000,0,0.0000,0.0000,0,0,0,0,0,0,0,0,0,0,0,0,0,0,0,0,0,0,0,0,0,0,0,0,0
WG_METRICS 977,256,768,1.0544,0.0075,0.0068,1.0095,0.0141,0.0165,256,768,196608,393216,194753.9375,389507.8750,0.0000,0,0.0000,0.0000,0,0.0000,0,0.0000,0.0000,0,0.0000,0.0000,0,0,0,0,0,0,0,0,0,0,0,0,0,0,0,0,0,0,0,0,0,0,0,0,0
WG_METRICS 978,256,768,1.0750,0.0075,0.0066,1.0307,0.0140,0.0162,256,768,196608,393216,190755.6250,381511.2500,0.0000,0,0.0000,0.0000,0,0.0000,0,0.0000,0.0000,0,0.0000,0.0000,0,0,0,0,0,0,0,0,0,0,0,0,0,0,0,0,0,0,0,0,0,0,0,0,0
WG_METRICS 979,256,768,1.1157,0.0075,0.0069,1.0610,0.0235,0.0168,256,768,196608,393216,185297.4375,370594.8750,0.0000,0,0.0000,0.0000,0,0.0000,0,0.0000,0.0000,0,0.0000,0.0000,0,0,0,0,0,0,0,0,0,0,0,0,0,0,0,0,0,0,0,0,0,0,0,0,0
WG_METRICS 980,256,768,1.1361,0.0076,0.0068,1.0898,0.0146,0.0172,256,768,196608,393216,180407.4219,360814.8438,0.0000,0,0.0000,0.0000,0,0.0000,0,0.0000,0.0000,0,0.0000,0.0000,0,0,0,0,0,0,0,0,0,0,0,0,0,0,0,0,0,0,0,0,0,0,0,0,0
WG_METRICS 981,256,768,1.1450,0.0077,0.0068,1.0902,0.0232,0.0172,256,768,196608,393216,180347.8438,360695.6875,0.0000,0,0.0000,0.0000,0,0.0000,0,0.0000,0.0000,0,0.0000,0.0000,0,0,0,0,0,0,0,0,0,0,0,0,0,0,0,0,0,0,0,0,0,0,0,0,0
WG_METRICS 982,256,768,1.1270,0.0075,0.0069,1.0811,0.0143,0.0172,256,768,196608,393216,181855.8438,363711.6875,0.0000,0,0.0000,0.0000,0,0.0000,0,0.0000,0.0000,0,0.0000,0.0000,0,0,0,0,0,0,0,0,0,0,0,0,0,0,0,0,0,0,0,0,0,0,0,0,0
WG_METRICS 983,256,768,1.0382,0.0076,0.0068,0.9846,0.0232,0.0160,256,768,196608,393216,199691.2344,399382.4688,0.0000,0,0.0000,0.0000,0,0.0000,0,0.0000,0.0000,0,0.0000,0.0000,0,0,0,0,0,0,0,0,0,0,0,0,0,0,0,0,0,0,0,0,0,0,0,0,0
WG_METRICS 984,256,768,1.0520,0.0074,0.0069,0.9994,0.0229,0.0155,256,768,196608,393216,196733.9062,393467.8125,0.0000,0,0.0000,0.0000,0,0.0000,0,0.0000,0.0000,0,0.0000,0.0000,0,0,0,0,0,0,0,0,0,0,0,0,0,0,0,0,0,0,0,0,0,0,0,0,0
WG_METRICS 985,256,768,1.0916,0.0074,0.0069,1.0461,0.0143,0.0169,256,768,196608,393216,187947.3906,375894.7812,0.0000,0,0.0000,0.0000,0,0.0000,0,0.0000,0.0000,0,0.0000,0.0000,0,0,0,0,0,0,0,0,0,0,0,0,0,0,0,0,0,0,0,0,0,0,0,0,0
WG_METRICS 986,256,768,1.2048,0.0077,0.0068,1.1478,0.0235,0.0191,256,768,196608,393216,171291.1719,342582.3438,0.0000,0,0.0000,0.0000,0,0.0000,0,0.0000,0.0000,0,0.0000,0.0000,0,0,0,0,0,0,0,0,0,0,0,0,0,0,0,0,0,0,0,0,0,0,0,0,0
WG_METRICS 987,256,768,1.3447,0.0078,0.0070,1.2856,0.0235,0.0208,256,768,196608,393216,152926.1719,305852.3438,0.0000,0,0.0000,0.0000,0,0.0000,0,0.0000,0.0000,0,0.0000,0.0000,0,0,0,0,0,0,0,0,0,0,0,0,0,0,0,0,0,0,0,0,0,0,0,0,0
WG_METRICS 988,256,768,1.3406,0.0079,0.0074,1.2924,0.0122,0.0207,256,768,196608,393216,152126.2812,304252.5625,0.0000,0,0.0000,0.0000,0,0.0000,0,0.0000,0.0000,0,0.0000,0.0000,0,0,0,0,0,0,0,0,0,0,0,0,0,0,0,0,0,0,0,0,0,0,0,0,0
WG_METRICS 989,256,768,1.5093,0.0080,0.0069,1.4603,0.0110,0.0230,256,768,196608,393216,134633.5000,269267.0000,0.0000,0,0.0000,0.0000,0,0.0000,0,0.0000,0.0000,0,0.0000,0.0000,0,0,0,0,0,0,0,0,0,0,0,0,0,0,0,0,0,0,0,0,0,0,0,0,0
WG_METRICS 990,256,768,1.7886,0.0084,0.0071,1.7284,0.0176,0.0272,256,768,196608,393216,113754.0781,227508.1562,0.0000,0,0.0000,0.0000,0,0.0000,0,0.0000,0.0000,0,0.0000,0.0000,0,0,0,0,0,0,0,0,0,0,0,0,0,0,0,0,0,0,0,0,0,0,0,0,0
WG_METRICS 991,256,768,1.4500,0.0082,0.0069,1.3978,0.0156,0.0215,256,768,196608,393216,140655.3125,281310.6250,0.0000,0,0.0000,0.0000,0,0.0000,0,0.0000,0.0000,0,0.0000,0.0000,0,0,0,0,0,0,0,0,0,0,0,0,0,0,0,0,0,0,0,0,0,0,0,0,0
WG_METRICS 992,256,768,1.1629,0.0076,0.0070,1.1138,0.0168,0.0177,256,768,196608,393216,176513.6875,353027.3750,0.0000,0,0.0000,0.0000,0,0.0000,0,0.0000,0.0000,0,0.0000,0.0000,0,0,0,0,0,0,0,0,0,0,0,0,0,0,0,0,0,0,0,0,0,0,0,0,0
WG_METRICS 993,256,768,1.0616,0.0076,0.0068,1.0082,0.0231,0.0159,256,768,196608,393216,195008.9219,390017.8438,0.0000,0,0.0000,0.0000,0,0.0000,0,0.0000,0.0000,0,0.0000,0.0000,0,0,0,0,0,0,0,0,0,0,0,0,0,0,0,0,0,0,0,0,0,0,0,0,0
WG_METRICS 994,256,768,1.0356,0.0075,0.0068,0.9895,0.0164,0.0155,256,768,196608,393216,198698.2969,397396.5938,0.0000,0,0.0000,0.0000,0,0.0000,0,0.0000,0.0000,0,0.0000,0.0000,0,0,0,0,0,0,0,0,0,0,0,0,0,0,0,0,0,0,0,0,0,0,0,0,0
WG_METRICS 995,256,768,1.0132,0.0074,0.0069,0.9667,0.0164,0.0158,256,768,196608,393216,203376.3750,406752.7500,0.0000,0,0.0000,0.0000,0,0.0000,0,0.0000,0.0000,0,0.0000,0.0000,0,0,0,0,0,0,0,0,0,0,0,0,0,0,0,0,0,0,0,0,0,0,0,0,0
WG_METRICS 996,256,768,1.0718,0.0074,0.0067,1.0184,0.0229,0.0164,256,768,196608,393216,193055.7812,386111.5625,0.0000,0,0.0000,0.0000,0,0.0000,0,0.0000,0.0000,0,0.0000,0.0000,0,0,0,0,0,0,0,0,0,0,0,0,0,0,0,0,0,0,0,0,0,0,0,0,0
WG_METRICS 997,256,768,1.0737,0.0077,0.0068,1.0240,0.0187,0.0165,256,768,196608,393216,192007.5000,384015.0000,0.0000,0,0.0000,0.0000,0,0.0000,0,0.0000,0.0000,0,0.0000,0.0000,0,0,0,0,0,0,0,0,0,0,0,0,0,0,0,0,0,0,0,0,0,0,0,0,0
WG_METRICS 998,256,768,1.1091,0.0076,0.0068,1.0544,0.0234,0.0170,256,768,196608,393216,186471.4062,372942.8125,0.0000,0,0.0000,0.0000,0,0.0000,0,0.0000,0.0000,0,0.0000,0.0000,0,0,0,0,0,0,0,0,0,0,0,0,0,0,0,0,0,0,0,0,0,0,0,0,0
WG_METRICS 999,256,768,1.0976,0.0076,0.0068,1.0503,0.0164,0.0165,256,768,196608,393216,187195.7969,374391.5938,0.0000,0,0.0000,0.0000,0,0.0000,0,0.0000,0.0000,0,0.0000,0.0000,0,0,0,0,0,0,0,0,0,0,0,0,0,0,0,0,0,0,0,0,0,0,0,0,0
WG_METRICS 1000,256,768,1.0481,0.0075,0.0068,0.9955,0.0225,0.0158,256,768,196608,393216,197492.7656,394985.5312,0.0000,0,0.0000,0.0000,0,0.0000,0,0.0000,0.0000,0,0.0000,0.0000,0,0,0,0,0,0,0,0,0,0,0,0,0,0,0,0,0,0,0,0,0,0,0,0,0
WG_METRICS 1001,256,768,1.0393,0.0078,0.0069,0.9855,0.0232,0.0158,256,768,196608,393216,199496.7188,398993.4375,0.0000,0,0.0000,0.0000,0,0.0000,0,0.0000,0.0000,0,0.0000,0.0000,0,0,0,0,0,0,0,0,0,0,0,0,0,0,0,0,0,0,0,0,0,0,0,0,0
WG_METRICS 1002,256,768,1.0233,0.0074,0.0068,0.9794,0.0141,0.0156,256,768,196608,393216,200751.5156,401503.0312,0.0000,0,0.0000,0.0000,0,0.0000,0,0.0000,0.0000,0,0.0000,0.0000,0,0,0,0,0,0,0,0,0,0,0,0,0,0,0,0,0,0,0,0,0,0,0,0,0
WG_METRICS 1003,256,768,1.0109,0.0074,0.0068,0.9648,0.0164,0.0155,256,768,196608,393216,203781.0938,407562.1875,0.0000,0,0.0000,0.0000,0,0.0000,0,0.0000,0.0000,0,0.0000,0.0000,0,0,0,0,0,0,0,0,0,0,0,0,0,0,0,0,0,0,0,0,0,0,0,0,0
WG_METRICS 1004,256,768,1.0254,0.0074,0.0068,0.9725,0.0228,0.0159,256,768,196608,393216,202163.4531,404326.9062,0.0000,0,0.0000,0.0000,0,0.0000,0,0.0000,0.0000,0,0.0000,0.0000,0,0,0,0,0,0,0,0,0,0,0,0,0,0,0,0,0,0,0,0,0,0,0,0,0
WG_METRICS 1005,256,768,1.0367,0.0074,0.0068,0.9903,0.0164,0.0158,256,768,196608,393216,198537.7969,397075.5938,0.0000,0,0.0000,0.0000,0,0.0000,0,0.0000,0.0000,0,0.0000,0.0000,0,0,0,0,0,0,0,0,0,0,0,0,0,0,0,0,0,0,0,0,0,0,0,0,0
WG_METRICS 1006,256,768,1.0213,0.0074,0.0070,0.9819,0.0092,0.0159,256,768,196608,393216,200236.2812,400472.5625,0.0000,0,0.0000,0.0000,0,0.0000,0,0.0000,0.0000,0,0.0000,0.0000,0,0,0,0,0,0,0,0,0,0,0,0,0,0,0,0,0,0,0,0,0,0,0,0,0
WG_METRICS 1007,256,768,1.0450,0.0075,0.0068,0.9920,0.0228,0.0159,256,768,196608,393216,198201.5469,396403.0938,0.0000,0,0.0000,0.0000,0,0.0000,0,0.0000,0.0000,0,0.0000,0.0000,0,0,0,0,0,0,0,0,0,0,0,0,0,0,0,0,0,0,0,0,0,0,0,0,0
WG_METRICS 1008,256,768,1.1644,0.0077,0.0067,1.1160,0.0166,0.0174,256,768,196608,393216,176178.3594,352356.7188,0.0000,0,0.0000,0.0000,0,0.0000,0,0.0000,0.0000,0,0.0000,0.0000,0,0,0,0,0,0,0,0,0,0,0,0,0,0,0,0,0,0,0,0,0,0,0,0,0
WG_METRICS 1009,256,768,1.9256,0.0108,0.0070,1.8537,0.0257,0.0284,256,768,196608,393216,106063.6094,212127.2188,0.0000,0,0.0000,0.0000,0,0.0000,0,0.0000,0.0000,0,0.0000,0.0000,0,0,0,0,0,0,0,0,0,0,0,0,0,0,0,0,0,0,0,0,0,0,0,0,0
WG_METRICS 1010,256,768,1.9601,0.0088,0.0071,1.8986,0.0166,0.0290,256,768,196608,393216,103552.0156,207104.0312,0.0000,0,0.0000,0.0000,0,0.0000,0,0.0000,0.0000,0,0.0000,0.0000,0,0,0,0,0,0,0,0,0,0,0,0,0,0,0,0,0,0,0,0,0,0,0,0,0
WG_METRICS 1011,256,768,1.9663,0.0099,0.0070,1.8950,0.0256,0.0288,256,768,196608,393216,103750.9219,207501.8438,0.0000,0,0.0000,0.0000,0,0.0000,0,0.0000,0.0000,0,0.0000,0.0000,0,0,0,0,0,0,0,0,0,0,0,0,0,0,0,0,0,0,0,0,0,0,0,0,0
WG_METRICS 1012,256,768,1.9472,0.0093,0.0072,1.8763,0.0252,0.0291,256,768,196608,393216,104783.8281,209567.6562,0.0000,0,0.0000,0.0000,0,0.0000,0,0.0000,0.0000,0,0.0000,0.0000,0,0,0,0,0,0,0,0,0,0,0,0,0,0,0,0,0,0,0,0,0,0,0,0,0
WG_METRICS 1013,256,768,1.3794,0.0120,0.0073,1.3163,0.0236,0.0202,256,768,196608,393216,149366.3906,298732.7812,0.0000,0,0.0000,0.0000,0,0.0000,0,0.0000,0.0000,0,0.0000,0.0000,0,0,0,0,0,0,0,0,0,0,0,0,0,0,0,0,0,0,0,0,0,0,0,0,0
WG_METRICS 1014,256,768,1.0132,0.0097,0.0070,0.9661,0.0144,0.0160,256,768,196608,393216,203502.6719,407005.3438,0.0000,0,0.0000,0.0000,0,0.0000,0,0.0000,0.0000,0,0.0000,0.0000,0,0,0,0,0,0,0,0,0,0,0,0,0,0,0,0,0,0,0,0,0,0,0,0,0
WG_METRICS 1015,256,768,1.0311,0.0074,0.0070,0.9870,0.0143,0.0155,256,768,196608,393216,199189.5000,398379.0000,0.0000,0,0.0000,0.0000,0,0.0000,0,0.0000,0.0000,0,0.0000,0.0000,0,0,0,0,0,0,0,0,0,0,0,0,0,0,0,0,0,0,0,0,0,0,0,0,0
WG_METRICS 1016,256,768,1.0154,0.0074,0.0068,0.9690,0.0164,0.0158,256,768,196608,393216,202906.2188,405812.4375,0.0000,0,0.0000,0.0000,0,0.0000,0,0.0000,0.0000,0,0.0000,0.0000,0,0,0,0,0,0,0,0,0,0,0,0,0,0,0,0,0,0,0,0,0,0,0,0,0
WG_METRICS 1017,256,768,1.0413,0.0074,0.0068,0.9943,0.0164,0.0164,256,768,196608,393216,197739.0781,395478.1562,0.0000,0,0.0000,0.0000,0,0.0000,0,0.0000,0.0000,0,0.0000,0.0000,0,0,0,0,0,0,0,0,0,0,0,0,0,0,0,0,0,0,0,0,0,0,0,0,0
WG_METRICS 1018,256,768,1.0167,0.0074,0.0068,0.9706,0.0164,0.0155,256,768,196608,393216,202563.3594,405126.7188,0.0000,0,0.0000,0.0000,0,0.0000,0,0.0000,0.0000,0,0.0000,0.0000,0,0,0,0,0,0,0,0,0,0,0,0,0,0,0,0,0,0,0,0,0,0,0,0,0
WG_METRICS 1019,256,768,1.0178,0.0076,0.0066,0.9788,0.0093,0.0156,256,768,196608,393216,200866.3750,401732.7500,0.0000,0,0.0000,0.0000,0,0.0000,0,0.0000,0.0000,0,0.0000,0.0000,0,0,0,0,0,0,0,0,0,0,0,0,0,0,0,0,0,0,0,0,0,0,0,0,0
WG_METRICS 1020,256,768,1.0252,0.0074,0.0068,0.9789,0.0164,0.0156,256,768,196608,393216,200841.7500,401683.5000,0.0000,0,0.0000,0.0000,0,0.0000,0,0.0000,0.0000,0,0.0000,0.0000,0,0,0,0,0,0,0,0,0,0,0,0,0,0,0,0,0,0,0,0,0,0,0,0,0
WG_METRICS 1021,256,768,1.0360,0.0074,0.0068,0.9894,0.0166,0.0158,256,768,196608,393216,198714.3594,397428.7188,0.0000,0,0.0000,0.0000,0,0.0000,0,0.0000,0.0000,0,0.0000,0.0000,0,0,0,0,0,0,0,0,0,0,0,0,0,0,0,0,0,0,0,0,0,0,0,0,0
WG_METRICS 1022,256,768,1.0250,0.0074,0.0069,0.9857,0.0096,0.0154,256,768,196608,393216,199456.2344,398912.4688,0.0000,0,0.0000,0.0000,0,0.0000,0,0.0000,0.0000,0,0.0000,0.0000,0,0,0,0,0,0,0,0,0,0,0,0,0,0,0,0,0,0,0,0,0,0,0,0,0
WG_METRICS 1023,256,768,1.0481,0.0074,0.0068,0.9959,0.0226,0.0154,256,768,196608,393216,197413.4531,394826.9062,0.0000,0,0.0000,0.0000,0,0.0000,0,0.0000,0.0000,0,0.0000,0.0000,0,0,0,0,0,0,0,0,0,0,0,0,0,0,0,0,0,0,0,0,0,0,0,0,0
WG_METRICS 1024,256,768,1.0387,0.0074,0.0069,0.9851,0.0228,0.0164,256,768,196608,393216,199577.7188,399155.4375,0.0000,0,0.0000,0.0000,0,0.0000,0,0.0000,0.0000,0,0.0000,0.0000,0,0,0,0,0,0,0,0,0,0,0,0,0,0,0,0,0,0,0,0,0,0,0,0,0
WG_METRICS 1025,256,768,1.0701,0.0074,0.0069,1.0264,0.0129,0.0165,256,768,196608,393216,191543.5781,383087.1562,0.0000,0,0.0000,0.0000,0,0.0000,0,0.0000,0.0000,0,0.0000,0.0000,0,0,0,0,0,0,0,0,0,0,0,0,0,0,0,0,0,0,0,0,0,0,0,0,0
WG_METRICS 1026,256,768,1.0280,0.0076,0.0067,0.9812,0.0165,0.0160,256,768,196608,393216,200366.8906,400733.7812,0.0000,0,0.0000,0.0000,0,0.0000,0,0.0000,0.0000,0,0.0000,0.0000,0,0,0,0,0,0,0,0,0,0,0,0,0,0,0,0,0,0,0,0,0,0,0,0,0
WG_METRICS 1027,256,768,1.3737,0.0074,0.0068,0.9827,0.3611,0.0157,256,768,196608,393216,200073.2656,400146.5312,0.0000,0,0.0000,0.0000,0,0.0000,0,0.0000,0.0000,0,0.0000,0.0000,0,0,0,0,0,0,0,0,0,0,0,0,0,0,0,0,0,0,0,0,0,0,0,0,0
WG_METRICS 1028,256,768,1.0313,0.0074,0.0069,0.9784,0.0227,0.0159,256,768,196608,393216,200948.4844,401896.9688,0.0000,0,0.0000,0.0000,0,0.0000,0,0.0000,0.0000,0,0.0000,0.0000,0,0,0,0,0,0,0,0,0,0,0,0,0,0,0,0,0,0,0,0,0,0,0,0,0
WG_METRICS 1029,256,768,1.0324,0.0074,0.0068,0.9864,0.0163,0.0154,256,768,196608,393216,199310.6562,398621.3125,0.0000,0,0.0000,0.0000,0,0.0000,0,0.0000,0.0000,0,0.0000,0.0000,0,0,0,0,0,0,0,0,0,0,0,0,0,0,0,0,0,0,0,0,0,0,0,0,0
WG_METRICS 1030,256,768,1.0385,0.0074,0.0068,0.9670,0.0414,0.0159,256,768,196608,393216,203325.8906,406651.7812,0.0000,0,0.0000,0.0000,0,0.0000,0,0.0000,0.0000,0,0.0000,0.0000,0,0,0,0,0,0,0,0,0,0,0,0,0,0,0,0,0,0,0,0,0,0,0,0,0
WG_METRICS 1031,256,768,1.0376,0.0074,0.0066,0.9848,0.0229,0.0158,256,768,196608,393216,199650.6719,399301.3438,0.0000,0,0.0000,0.0000,0,0.0000,0,0.0000,0.0000,0,0.0000,0.0000,0,0,0,0,0,0,0,0,0,0,0,0,0,0,0,0,0,0,0,0,0,0,0,0,0
WG_METRICS 1032,256,768,1.0303,0.0074,0.0068,0.9856,0.0143,0.0161,256,768,196608,393216,199472.4219,398944.8438,0.0000,0,0.0000,0.0000,0,0.0000,0,0.0000,0.0000,0,0.0000,0.0000,0,0,0,0,0,0,0,0,0,0,0,0,0,0,0,0,0,0,0,0,0,0,0,0,0
WG_METRICS 1033,256,768,1.0136,0.0075,0.0068,0.9689,0.0142,0.0162,256,768,196608,393216,202914.5938,405829.1875,0.0000,0,0.0000,0.0000,0,0.0000,0,0.0000,0.0000,0,0.0000,0.0000,0,0,0,0,0,0,0,0,0,0,0,0,0,0,0,0,0,0,0,0,0,0,0,0,0
WG_METRICS 1034,256,768,1.1229,0.0076,0.0068,1.0748,0.0166,0.0172,256,768,196608,393216,182932.0156,365864.0312,0.0000,0,0.0000,0.0000,0,0.0000,0,0.0000,0.0000,0,0.0000,0.0000,0,0,0,0,0,0,0,0,0,0,0,0,0,0,0,0,0,0,0,0,0,0,0,0,0
WG_METRICS 1035,256,768,1.1600,0.0076,0.0068,1.1160,0.0104,0.0191,256,768,196608,393216,176165.7344,352331.4688,0.0000,0,0.0000,0.0000,0,0.0000,0,0.0000,0.0000,0,0.0000,0.0000,0,0,0,0,0,0,0,0,0,0,0,0,0,0,0,0,0,0,0,0,0,0,0,0,0
WG_METRICS 1036,256,768,1.0930,0.0076,0.0068,1.0456,0.0165,0.0166,256,768,196608,393216,188040.8594,376081.7188,0.0000,0,0.0000,0.0000,0,0.0000,0,0.0000,0.0000,0,0.0000,0.0000,0,0,0,0,0,0,0,0,0,0,0,0,0,0,0,0,0,0,0,0,0,0,0,0,0
WG_METRICS 1037,256,768,1.0222,0.0074,0.0068,0.9758,0.0165,0.0157,256,768,196608,393216,201492.1719,402984.3438,0.0000,0,0.0000,0.0000,0,0.0000,0,0.0000,0.0000,0,0.0000,0.0000,0,0,0,0,0,0,0,0,0,0,0,0,0,0,0,0,0,0,0,0,0,0,0,0,0
WG_METRICS 1038,256,768,1.0287,0.0074,0.0068,0.9821,0.0163,0.0160,256,768,196608,393216,200195.5000,400391.0000,0.0000,0,0.0000,0.0000,0,0.0000,0,0.0000,0.0000,0,0.0000,0.0000,0,0,0,0,0,0,0,0,0,0,0,0,0,0,0,0,0,0,0,0,0,0,0,0,0
WG_METRICS 1039,256,768,1.0417,0.0074,0.0068,0.9970,0.0140,0.0165,256,768,196608,393216,197199.6094,394399.2188,0.0000,0,0.0000,0.0000,0,0.0000,0,0.0000,0.0000,0,0.0000,0.0000,0,0,0,0,0,0,0,0,0,0,0,0,0,0,0,0,0,0,0,0,0,0,0,0,0
WG_METRICS 1040,256,768,1.0254,0.0076,0.0068,0.9724,0.0227,0.0159,256,768,196608,393216,202180.0781,404360.1562,0.0000,0,0.0000,0.0000,0,0.0000,0,0.0000,0.0000,0,0.0000,0.0000,0,0,0,0,0,0,0,0,0,0,0,0,0,0,0,0,0,0,0,0,0,0,0,0,0
WG_METRICS 1041,256,768,1.0682,0.0074,0.0068,1.0138,0.0244,0.0158,256,768,196608,393216,193931.7344,387863.4688,0.0000,0,0.0000,0.0000,0,0.0000,0,0.0000,0.0000,0,0.0000,0.0000,0,0,0,0,0,0,0,0,0,0,0,0,0,0,0,0,0,0,0,0,0,0,0,0,0
WG_METRICS 1042,256,768,1.0328,0.0074,0.0068,0.9802,0.0229,0.0154,256,768,196608,393216,200571.2969,401142.5938,0.0000,0,0.0000,0.0000,0,0.0000,0,0.0000,0.0000,0,0.0000,0.0000,0,0,0,0,0,0,0,0,0,0,0,0,0,0,0,0,0,0,0,0,0,0,0,0,0
WG_METRICS 1043,256,768,1.0310,0.0074,0.0068,0.9785,0.0227,0.0155,256,768,196608,393216,200923.8438,401847.6875,0.0000,0,0.0000,0.0000,0,0.0000,0,0.0000,0.0000,0,0.0000,0.0000,0,0,0,0,0,0,0,0,0,0,0,0,0,0,0,0,0,0,0,0,0,0,0,0,0
WG_METRICS 1044,256,768,1.0241,0.0106,0.0068,0.9771,0.0140,0.0155,256,768,196608,393216,201211.7344,402423.4688,0.0000,0,0.0000,0.0000,0,0.0000,0,0.0000,0.0000,0,0.0000,0.0000,0,0,0,0,0,0,0,0,0,0,0,0,0,0,0,0,0,0,0,0,0,0,0,0,0
WG_METRICS 1045,256,768,1.0471,0.0074,0.0068,0.9948,0.0228,0.0153,256,768,196608,393216,197643.6562,395287.3125,0.0000,0,0.0000,0.0000,0,0.0000,0,0.0000,0.0000,0,0.0000,0.0000,0,0,0,0,0,0,0,0,0,0,0,0,0,0,0,0,0,0,0,0,0,0,0,0,0
WG_METRICS 1046,256,768,1.0240,0.0075,0.0067,0.9711,0.0228,0.0159,256,768,196608,393216,202454.8906,404909.7812,0.0000,0,0.0000,0.0000,0,0.0000,0,0.0000,0.0000,0,0.0000,0.0000,0,0,0,0,0,0,0,0,0,0,0,0,0,0,0,0,0,0,0,0,0,0,0,0,0
WG_METRICS 1047,256,768,1.0137,0.0074,0.0067,0.9654,0.0185,0.0156,256,768,196608,393216,203654.4531,407308.9062,0.0000,0,0.0000,0.0000,0,0.0000,0,0.0000,0.0000,0,0.0000,0.0000,0,0,0,0,0,0,0,0,0,0,0,0,0,0,0,0,0,0,0,0,0,0,0,0,0
WG_METRICS 1048,256,768,1.0372,0.0074,0.0069,0.9847,0.0227,0.0155,256,768,196608,393216,199666.8906,399333.7812,0.0000,0,0.0000,0.0000,0,0.0000,0,0.0000,0.0000,0,0.0000,0.0000,0,0,0,0,0,0,0,0,0,0,0,0,0,0,0,0,0,0,0,0,0,0,0,0,0
WG_METRICS 1049,256,768,1.0460,0.0074,0.0069,0.9792,0.0371,0.0154,256,768,196608,393216,200784.3125,401568.6250,0.0000,0,0.0000,0.0000,0,0.0000,0,0.0000,0.0000,0,0.0000,0.0000,0,0,0,0,0,0,0,0,0,0,0,0,0,0,0,0,0,0,0,0,0,0,0,0,0
WG_METRICS 1050,256,768,1.0413,0.0100,0.0068,0.9854,0.0230,0.0161,256,768,196608,393216,199512.9062,399025.8125,0.0000,0,0.0000,0.0000,0,0.0000,0,0.0000,0.0000,0,0.0000,0.0000,0,0,0,0,0,0,0,0,0,0,0,0,0,0,0,0,0,0,0,0,0,0,0,0,0
WG_METRICS 1051,256,768,1.0438,0.0093,0.0069,0.9862,0.0252,0.0162,256,768,196608,393216,199367.2500,398734.5000,0.0000,0,0.0000,0.0000,0,0.0000,0,0.0000,0.0000,0,0.0000,0.0000,0,0,0,0,0,0,0,0,0,0,0,0,0,0,0,0,0,0,0,0,0,0,0,0,0
WG_METRICS 1052,256,768,1.0398,0.0074,0.0068,0.9861,0.0230,0.0164,256,768,196608,393216,199383.4219,398766.8438,0.0000,0,0.0000,0.0000,0,0.0000,0,0.0000,0.0000,0,0.0000,0.0000,0,0,0,0,0,0,0,0,0,0,0,0,0,0,0,0,0,0,0,0,0,0,0,0,0
WG_METRICS 1053,256,768,1.0191,0.0075,0.0068,0.9748,0.0144,0.0156,256,768,196608,393216,201682.3281,403364.6562,0.0000,0,0.0000,0.0000,0,0.0000,0,0.0000,0.0000,0,0.0000,0.0000,0,0,0,0,0,0,0,0,0,0,0,0,0,0,0,0,0,0,0,0,0,0,0,0,0
WG_METRICS 1054,256,768,1.0180,0.0074,0.0068,0.9746,0.0139,0.0153,256,768,196608,393216,201740.2656,403480.5312,0.0000,0,0.0000,0.0000,0,0.0000,0,0.0000,0.0000,0,0.0000,0.0000,0,0,0,0,0,0,0,0,0,0,0,0,0,0,0,0,0,0,0,0,0,0,0,0,0
WG_METRICS 1055,256,768,1.0255,0.0074,0.0069,0.9859,0.0097,0.0156,256,768,196608,393216,199423.8594,398847.7188,0.0000,0,0.0000,0.0000,0,0.0000,0,0.0000,0.0000,0,0.0000,0.0000,0,0,0,0,0,0,0,0,0,0,0,0,0,0,0,0,0,0,0,0,0,0,0,0,0
WG_METRICS 1056,256,768,1.3206,0.0079,0.0068,1.2602,0.0240,0.0217,256,768,196608,393216,156008.3906,312016.7812,0.0000,0,0.0000,0.0000,0,0.0000,0,0.0000,0.0000,0,0.0000,0.0000,0,0,0,0,0,0,0,0,0,0,0,0,0,0,0,0,0,0,0,0,0,0,0,0,0
WG_METRICS 1057,256,768,1.5312,0.0080,0.0069,1.4677,0.0241,0.0245,256,768,196608,393216,133958.3594,267916.7188,0.0000,0,0.0000,0.0000,0,0.0000,0,0.0000,0.0000,0,0.0000,0.0000,0,0,0,0,0,0,0,0,0,0,0,0,0,0,0,0,0,0,0,0,0,0,0,0,0
WG_METRICS 1058,256,768,1.5918,0.0082,0.0070,1.5282,0.0243,0.0240,256,768,196608,393216,128649.9531,257299.9062,0.0000,0,0.0000,0.0000,0,0.0000,0,0.0000,0.0000,0,0.0000,0.0000,0,0,0,0,0,0,0,0,0,0,0,0,0,0,0,0,0,0,0,0,0,0,0,0,0
WG_METRICS 1059,256,768,1.4620,0.0090,0.0069,1.3814,0.0441,0.0205,256,768,196608,393216,142325.1719,284650.3438,0.0000,0,0.0000,0.0000,0,0.0000,0,0.0000,0.0000,0,0.0000,0.0000,0,0,0,0,0,0,0,0,0,0,0,0,0,0,0,0,0,0,0,0,0,0,0,0,0
WG_METRICS 1060,256,768,1.0996,0.0078,0.0068,1.0454,0.0232,0.0164,256,768,196608,393216,188076.8438,376153.6875,0.0000,0,0.0000,0.0000,0,0.0000,0,0.0000,0.0000,0,0.0000,0.0000,0,0,0,0,0,0,0,0,0,0,0,0,0,0,0,0,0,0,0,0,0,0,0,0,0
WG_METRICS 1061,256,768,1.0239,0.0074,0.0068,0.9799,0.0142,0.0155,256,768,196608,393216,200636.7812,401273.5625,0.0000,0,0.0000,0.0000,0,0.0000,0,0.0000,0.0000,0,0.0000,0.0000,0,0,0,0,0,0,0,0,0,0,0,0,0,0,0,0,0,0,0,0,0,0,0,0,0
WG_METRICS 1062,256,768,1.0285,0.0102,0.0068,0.9732,0.0228,0.0154,256,768,196608,393216,202013.8906,404027.7812,0.0000,0,0.0000,0.0000,0,0.0000,0,0.0000,0.0000,0,0.0000,0.0000,0,0,0,0,0,0,0,0,0,0,0,0,0,0,0,0,0,0,0,0,0,0,0,0,0
WG_METRICS 1063,256,768,1.0222,0.0074,0.0070,0.9778,0.0140,0.0161,256,768,196608,393216,201071.7969,402143.5938,0.0000,0,0.0000,0.0000,0,0.0000,0,0.0000,0.0000,0,0.0000,0.0000,0,0,0,0,0,0,0,0,0,0,0,0,0,0,0,0,0,0,0,0,0,0,0,0,0
WG_METRICS 1064,256,768,1.0446,0.0074,0.0068,0.9919,0.0230,0.0154,256,768,196608,393216,198217.5312,396435.0625,0.0000,0,0.0000,0.0000,0,0.0000,0,0.0000,0.0000,0,0.0000,0.0000,0,0,0,0,0,0,0,0,0,0,0,0,0,0,0,0,0,0,0,0,0,0,0,0,0
WG_METRICS 1065,256,768,1.0234,0.0074,0.0068,0.9794,0.0142,0.0156,256,768,196608,393216,200743.3125,401486.6250,0.0000,0,0.0000,0.0000,0,0.0000,0,0.0000,0.0000,0,0.0000,0.0000,0,0,0,0,0,0,0,0,0,0,0,0,0,0,0,0,0,0,0,0,0,0,0,0,0
WG_METRICS 1066,256,768,1.0127,0.0075,0.0068,0.9740,0.0090,0.0154,256,768,196608,393216,201864.5625,403729.1250,0.0000,0,0.0000,0.0000,0,0.0000,0,0.0000,0.0000,0,0.0000,0.0000,0,0,0,0,0,0,0,0,0,0,0,0,0,0,0,0,0,0,0,0,0,0,0,0,0
WG_METRICS 1067,256,768,1.0514,0.0074,0.0068,0.9980,0.0227,0.0164,256,768,196608,393216,197002.0000,394004.0000,0.0000,0,0.0000,0.0000,0,0.0000,0,0.0000,0.0000,0,0.0000,0.0000,0,0,0,0,0,0,0,0,0,0,0,0,0,0,0,0,0,0,0,0,0,0,0,0,0
WG_METRICS 1068,256,768,1.0302,0.0074,0.0066,0.9777,0.0228,0.0157,256,768,196608,393216,201088.2344,402176.4688,0.0000,0,0.0000,0.0000,0,0.0000,0,0.0000,0.0000,0,0.0000,0.0000,0,0,0,0,0,0,0,0,0,0,0,0,0,0,0,0,0,0,0,0,0,0,0,0,0
WG_METRICS 1069,256,768,1.0242,0.0075,0.0068,0.9716,0.0228,0.0155,256,768,196608,393216,202354.8750,404709.7500,0.0000,0,0.0000,0.0000,0,0.0000,0,0.0000,0.0000,0,0.0000,0.0000,0,0,0,0,0,0,0,0,0,0,0,0,0,0,0,0,0,0,0,0,0,0,0,0,0
WG_METRICS 1070,256,768,1.0361,0.0092,0.0068,0.9819,0.0226,0.0156,256,768,196608,393216,200236.2812,400472.5625,0.0000,0,0.0000,0.0000,0,0.0000,0,0.0000,0.0000,0,0.0000,0.0000,0,0,0,0,0,0,0,0,0,0,0,0,0,0,0,0,0,0,0,0,0,0,0,0,0
WG_METRICS 1071,256,768,1.0443,0.0078,0.0069,0.9913,0.0226,0.0158,256,768,196608,393216,198337.5000,396675.0000,0.0000,0,0.0000,0.0000,0,0.0000,0,0.0000,0.0000,0,0.0000,0.0000,0,0,0,0,0,0,0,0,0,0,0,0,0,0,0,0,0,0,0,0,0,0,0,0,0
WG_METRICS 1072,256,768,1.0205,0.0074,0.0108,0.9727,0.0142,0.0154,256,768,196608,393216,202121.8750,404243.7500,0.0000,0,0.0000,0.0000,0,0.0000,0,0.0000,0.0000,0,0.0000,0.0000,0,0,0,0,0,0,0,0,0,0,0,0,0,0,0,0,0,0,0,0,0,0,0,0,0
WG_METRICS 1073,256,768,1.0202,0.0075,0.0066,0.9757,0.0143,0.0161,256,768,196608,393216,201500.4375,403000.8750,0.0000,0,0.0000,0.0000,0,0.0000,0,0.0000,0.0000,0,0.0000,0.0000,0,0,0,0,0,0,0,0,0,0,0,0,0,0,0,0,0,0,0,0,0,0,0,0,0
WG_METRICS 1074,256,768,1.0207,0.0074,0.0069,0.9788,0.0122,0.0154,256,768,196608,393216,200874.5781,401749.1562,0.0000,0,0.0000,0.0000,0,0.0000,0,0.0000,0.0000,0,0.0000,0.0000,0,0,0,0,0,0,0,0,0,0,0,0,0,0,0,0,0,0,0,0,0,0,0,0,0
WG_METRICS 1075,256,768,1.0311,0.0075,0.0068,0.9839,0.0164,0.0166,256,768,196608,393216,199821.1250,399642.2500,0.0000,0,0.0000,0.0000,0,0.0000,0,0.0000,0.0000,0,0.0000,0.0000,0,0,0,0,0,0,0,0,0,0,0,0,0,0,0,0,0,0,0,0,0,0,0,0,0
WG_METRICS 1076,256,768,1.0190,0.0074,0.0068,0.9788,0.0100,0.0160,256,768,196608,393216,200866.3750,401732.7500,0.0000,0,0.0000,0.0000,0,0.0000,0,0.0000,0.0000,0,0.0000,0.0000,0,0,0,0,0,0,0,0,0,0,0,0,0,0,0,0,0,0,0,0,0,0,0,0,0
WG_METRICS 1077,256,768,1.0284,0.0074,0.0068,0.9892,0.0093,0.0156,256,768,196608,393216,198754.5469,397509.0938,0.0000,0,0.0000,0.0000,0,0.0000,0,0.0000,0.0000,0,0.0000,0.0000,0,0,0,0,0,0,0,0,0,0,0,0,0,0,0,0,0,0,0,0,0,0,0,0,0
WG_METRICS 1078,256,768,1.0394,0.0074,0.0068,0.9928,0.0164,0.0160,256,768,196608,393216,198041.8281,396083.6562,0.0000,0,0.0000,0.0000,0,0.0000,0,0.0000,0.0000,0,0.0000,0.0000,0,0,0,0,0,0,0,0,0,0,0,0,0,0,0,0,0,0,0,0,0,0,0,0,0
WG_METRICS 1079,256,768,1.0270,0.0075,0.0067,0.9809,0.0166,0.0154,256,768,196608,393216,200440.4219,400880.8438,0.0000,0,0.0000,0.0000,0,0.0000,0,0.0000,0.0000,0,0.0000,0.0000,0,0,0,0,0,0,0,0,0,0,0,0,0,0,0,0,0,0,0,0,0,0,0,0,0
WG_METRICS 1080,256,768,1.1211,0.0076,0.0069,1.0662,0.0233,0.0172,256,768,196608,393216,184393.7656,368787.5312,0.0000,0,0.0000,0.0000,0,0.0000,0,0.0000,0.0000,0,0.0000,0.0000,0,0,0,0,0,0,0,0,0,0,0,0,0,0,0,0,0,0,0,0,0,0,0,0,0
WG_METRICS 1081,256,768,1.1570,0.0076,0.0068,1.1022,0.0234,0.0170,256,768,196608,393216,178384.2656,356768.5312,0.0000,0,0.0000,0.0000,0,0.0000,0,0.0000,0.0000,0,0.0000,0.0000,0,0,0,0,0,0,0,0,0,0,0,0,0,0,0,0,0,0,0,0,0,0,0,0,0
WG_METRICS 1082,256,768,1.1107,0.0076,0.0068,1.0563,0.0233,0.0167,256,768,196608,393216,186125.4219,372250.8438,0.0000,0,0.0000,0.0000,0,0.0000,0,0.0000,0.0000,0,0.0000,0.0000,0,0,0,0,0,0,0,0,0,0,0,0,0,0,0,0,0,0,0,0,0,0,0,0,0
WG_METRICS 1083,256,768,1.0684,0.0100,0.0067,1.0132,0.0229,0.0156,256,768,196608,393216,194038.9219,388077.8438,0.0000,0,0.0000,0.0000,0,0.0000,0,0.0000,0.0000,0,0.0000,0.0000,0,0,0,0,0,0,0,0,0,0,0,0,0,0,0,0,0,0,0,0,0,0,0,0,0
WG_METRICS 1084,256,768,1.0451,0.0074,0.0068,0.9922,0.0231,0.0154,256,768,196608,393216,198145.6094,396291.2188,0.0000,0,0.0000,0.0000,0,0.0000,0,0.0000,0.0000,0,0.0000,0.0000,0,0,0,0,0,0,0,0,0,0,0,0,0,0,0,0,0,0,0,0,0,0,0,0,0
WG_METRICS 1085,256,768,1.0308,0.0076,0.0066,0.9783,0.0228,0.0155,256,768,196608,393216,200964.9219,401929.8438,0.0000,0,0.0000,0.0000,0,0.0000,0,0.0000,0.0000,0,0.0000,0.0000,0,0,0,0,0,0,0,0,0,0,0,0,0,0,0,0,0,0,0,0,0,0,0,0,0
WG_METRICS 1086,256,768,1.0555,0.0074,0.0069,1.0024,0.0233,0.0155,256,768,196608,393216,196145.0938,392290.1875,0.0000,0,0.0000,0.0000,0,0.0000,0,0.0000,0.0000,0,0.0000,0.0000,0,0,0,0,0,0,0,0,0,0,0,0,0,0,0,0,0,0,0,0,0,0,0,0,0
WG_METRICS 1087,256,768,1.0294,0.0074,0.0068,0.9855,0.0140,0.0158,256,768,196608,393216,199496.7188,398993.4375,0.0000,0,0.0000,0.0000,0,0.0000,0,0.0000,0.0000,0,0.0000,0.0000,0,0,0,0,0,0,0,0,0,0,0,0,0,0,0,0,0,0,0,0,0,0,0,0,0
WG_METRICS 1088,256,768,1.0309,0.0076,0.0068,0.9779,0.0228,0.0159,256,768,196608,393216,201055.3438,402110.6875,0.0000,0,0.0000,0.0000,0,0.0000,0,0.0000,0.0000,0,0.0000,0.0000,0,0,0,0,0,0,0,0,0,0,0,0,0,0,0,0,0,0,0,0,0,0,0,0,0
WG_METRICS 1089,256,768,1.0417,0.0092,0.0070,0.9957,0.0142,0.0157,256,768,196608,393216,197461.0312,394922.0625,0.0000,0,0.0000,0.0000,0,0.0000,0,0.0000,0.0000,0,0.0000,0.0000,0,0,0,0,0,0,0,0,0,0,0,0,0,0,0,0,0,0,0,0,0,0,0,0,0
WG_METRICS 1090,256,768,1.0468,0.0076,0.0068,0.9936,0.0230,0.0158,256,768,196608,393216,197874.3906,395748.7812,0.0000,0,0.0000,0.0000,0,0.0000,0,0.0000,0.0000,0,0.0000,0.0000,0,0,0,0,0,0,0,0,0,0,0,0,0,0,0,0,0,0,0,0,0,0,0,0,0
WG_METRICS 1091,256,768,1.0240,0.0074,0.0067,0.9803,0.0141,0.0154,256,768,196608,393216,200563.1094,401126.2188,0.0000,0,0.0000,0.0000,0,0.0000,0,0.0000,0.0000,0,0.0000,0.0000,0,0,0,0,0,0,0,0,0,0,0,0,0,0,0,0,0,0,0,0,0,0,0,0,0
WG_METRICS 1092,256,768,1.0210,0.0074,0.0069,0.9685,0.0229,0.0154,256,768,196608,393216,203006.7812,406013.5625,0.0000,0,0.0000,0.0000,0,0.0000,0,0.0000,0.0000,0,0.0000,0.0000,0,0,0,0,0,0,0,0,0,0,0,0,0,0,0,0,0,0,0,0,0,0,0,0,0
WG_METRICS 1093,256,768,1.0390,0.0074,0.0068,0.9864,0.0228,0.0156,256,768,196608,393216,199318.7344,398637.4688,0.0000,0,0.0000,0.0000,0,0.0000,0,0.0000,0.0000,0,0.0000,0.0000,0,0,0,0,0,0,0,0,0,0,0,0,0,0,0,0,0,0,0,0,0,0,0,0,0
WG_METRICS 1094,256,768,1.0272,0.0075,0.0068,0.9862,0.0104,0.0162,256,768,196608,393216,199351.0625,398702.1250,0.0000,0,0.0000,0.0000,0,0.0000,0,0.0000,0.0000,0,0.0000,0.0000,0,0,0,0,0,0,0,0,0,0,0,0,0,0,0,0,0,0,0,0,0,0,0,0,0
WG_METRICS 1095,256,768,1.0402,0.0074,0.0068,0.9882,0.0224,0.0153,256,768,196608,393216,198947.6250,397895.2500,0.0000,0,0.0000,0.0000,0,0.0000,0,0.0000,0.0000,0,0.0000,0.0000,0,0,0,0,0,0,0,0,0,0,0,0,0,0,0,0,0,0,0,0,0,0,0,0,0
WG_METRICS 1096,256,768,1.0327,0.0075,0.0068,0.9802,0.0228,0.0154,256,768,196608,393216,200579.4688,401158.9375,0.0000,0,0.0000,0.0000,0,0.0000,0,0.0000,0.0000,0,0.0000,0.0000,0,0,0,0,0,0,0,0,0,0,0,0,0,0,0,0,0,0,0,0,0,0,0,0,0
WG_METRICS 1097,256,768,1.0379,0.0074,0.0068,0.9855,0.0228,0.0154,256,768,196608,393216,199496.7188,398993.4375,0.0000,0,0.0000,0.0000,0,0.0000,0,0.0000,0.0000,0,0.0000,0.0000,0,0,0,0,0,0,0,0,0,0,0,0,0,0,0,0,0,0,0,0,0,0,0,0,0
WG_METRICS 1098,256,768,1.0425,0.0074,0.0068,0.9897,0.0230,0.0156,256,768,196608,393216,198650.1250,397300.2500,0.0000,0,0.0000,0.0000,0,0.0000,0,0.0000,0.0000,0,0.0000,0.0000,0,0,0,0,0,0,0,0,0,0,0,0,0,0,0,0,0,0,0,0,0,0,0,0,0
WG_METRICS 1099,256,768,1.0511,0.0075,0.0068,1.0076,0.0136,0.0156,256,768,196608,393216,195125.0625,390250.1250,0.0000,0,0.0000,0.0000,0,0.0000,0,0.0000,0.0000,0,0.0000,0.0000,0,0,0,0,0,0,0,0,0,0,0,0,0,0,0,0,0,0,0,0,0,0,0,0,0
WG_METRICS 1100,256,768,1.0772,0.0077,0.0068,1.0258,0.0205,0.0164,256,768,196608,393216,191655.6094,383311.2188,0.0000,0,0.0000,0.0000,0,0.0000,0,0.0000,0.0000,0,0.0000,0.0000,0,0,0,0,0,0,0,0,0,0,0,0,0,0,0,0,0,0,0,0,0,0,0,0,0
WG_METRICS 1101,256,768,1.0319,0.0075,0.0068,0.9787,0.0231,0.0158,256,768,196608,393216,200882.7812,401765.5625,0.0000,0,0.0000,0.0000,0,0.0000,0,0.0000,0.0000,0,0.0000,0.0000,0,0,0,0,0,0,0,0,0,0,0,0,0,0,0,0,0,0,0,0,0,0,0,0,0
WG_METRICS 1102,256,768,1.0291,0.0075,0.0068,0.9730,0.0262,0.0156,256,768,196608,393216,202055.4219,404110.8438,0.0000,0,0.0000,0.0000,0,0.0000,0,0.0000,0.0000,0,0.0000,0.0000,0,0,0,0,0,0,0,0,0,0,0,0,0,0,0,0,0,0,0,0,0,0,0,0,0
WG_METRICS 1103,256,768,1.0288,0.0074,0.0067,0.9851,0.0140,0.0156,256,768,196608,393216,199577.7188,399155.4375,0.0000,0,0.0000,0.0000,0,0.0000,0,0.0000,0.0000,0,0.0000,0.0000,0,0,0,0,0,0,0,0,0,0,0,0,0,0,0,0,0,0,0,0,0,0,0,0,0
WG_METRICS 1104,256,768,1.0147,0.0074,0.0068,0.9798,0.0044,0.0163,256,768,196608,393216,200653.1719,401306.3438,0.0000,0,0.0000,0.0000,0,0.0000,0,0.0000,0.0000,0,0.0000,0.0000,0,0,0,0,0,0,0,0,0,0,0,0,0,0,0,0,0,0,0,0,0,0,0,0,0
WG_METRICS 1105,256,768,1.0403,0.0074,0.0068,0.9871,0.0225,0.0164,256,768,196608,393216,199173.3594,398346.7188,0.0000,0,0.0000,0.0000,0,0.0000,0,0.0000,0.0000,0,0.0000,0.0000,0,0,0,0,0,0,0,0,0,0,0,0,0,0,0,0,0,0,0,0,0,0,0,0,0
WG_METRICS 1106,256,768,1.0344,0.0076,0.0066,0.9908,0.0140,0.0155,256,768,196608,393216,198433.5781,396867.1562,0.0000,0,0.0000,0.0000,0,0.0000,0,0.0000,0.0000,0,0.0000,0.0000,0,0,0,0,0,0,0,0,0,0,0,0,0,0,0,0,0,0,0,0,0,0,0,0,0
WG_METRICS 1107,256,768,1.0342,0.0075,0.0068,0.9902,0.0142,0.0155,256,768,196608,393216,198553.8281,397107.6562,0.0000,0,0.0000,0.0000,0,0.0000,0,0.0000,0.0000,0,0.0000,0.0000,0,0,0,0,0,0,0,0,0,0,0,0,0,0,0,0,0,0,0,0,0,0,0,0,0
WG_METRICS 1108,256,768,1.0195,0.0075,0.0068,0.9662,0.0229,0.0160,256,768,196608,393216,203477.4062,406954.8125,0.0000,0,0.0000,0.0000,0,0.0000,0,0.0000,0.0000,0,0.0000,0.0000,0,0,0,0,0,0,0,0,0,0,0,0,0,0,0,0,0,0,0,0,0,0,0,0,0
WG_METRICS 1109,256,768,1.0320,0.0074,0.0068,0.9792,0.0230,0.0155,256,768,196608,393216,200784.3125,401568.6250,0.0000,0,0.0000,0.0000,0,0.0000,0,0.0000,0.0000,0,0.0000,0.0000,0,0,0,0,0,0,0,0,0,0,0,0,0,0,0,0,0,0,0,0,0,0,0,0,0
WG_METRICS 1110,256,768,1.0566,0.0074,0.0069,1.0039,0.0230,0.0154,256,768,196608,393216,195848.1094,391696.2188,0.0000,0,0.0000,0.0000,0,0.0000,0,0.0000,0.0000,0,0.0000,0.0000,0,0,0,0,0,0,0,0,0,0,0,0,0,0,0,0,0,0,0,0,0,0,0,0,0
WG_METRICS 1111,256,768,1.0407,0.0074,0.0068,0.9880,0.0228,0.0156,256,768,196608,393216,198987.9062,397975.8125,0.0000,0,0.0000,0.0000,0,0.0000,0,0.0000,0.0000,0,0.0000,0.0000,0,0,0,0,0,0,0,0,0,0,0,0,0,0,0,0,0,0,0,0,0,0,0,0,0
WG_METRICS 1112,256,768,1.0645,0.0078,0.0068,1.0235,0.0103,0.0161,256,768,196608,393216,192097.5312,384195.0625,0.0000,0,0.0000,0.0000,0,0.0000,0,0.0000,0.0000,0,0.0000,0.0000,0,0,0,0,0,0,0,0,0,0,0,0,0,0,0,0,0,0,0,0,0,0,0,0,0
WG_METRICS 1113,256,768,2.0885,0.0074,0.0068,0.9928,0.0418,1.0397,256,768,196608,393216,198041.8281,396083.6562,0.0000,0,0.0000,0.0000,0,0.0000,0,0.0000,0.0000,0,0.0000,0.0000,0,0,0,0,0,0,0,0,0,0,0,0,0,0,0,0,0,0,0,0,0,0,0,0,0
WG_METRICS 1114,256,768,1.0246,0.0074,0.0068,0.9722,0.0228,0.0153,256,768,196608,393216,202221.6719,404443.3438,0.0000,0,0.0000,0.0000,0,0.0000,0,0.0000,0.0000,0,0.0000,0.0000,0,0,0,0,0,0,0,0,0,0,0,0,0,0,0,0,0,0,0,0,0,0,0,0,0
WG_METRICS 1115,256,768,1.0432,0.0074,0.0068,0.9906,0.0227,0.0157,256,768,196608,393216,198481.6719,396963.3438,0.0000,0,0.0000,0.0000,0,0.0000,0,0.0000,0.0000,0,0.0000,0.0000,0,0,0,0,0,0,0,0,0,0,0,0,0,0,0,0,0,0,0,0,0,0,0,0,0
WG_METRICS 1116,256,768,1.0354,0.0075,0.0068,0.9820,0.0228,0.0164,256,768,196608,393216,200211.8125,400423.6250,0.0000,0,0.0000,0.0000,0,0.0000,0,0.0000,0.0000,0,0.0000,0.0000,0,0,0,0,0,0,0,0,0,0,0,0,0,0,0,0,0,0,0,0,0,0,0,0,0
WG_METRICS 1117,256,768,1.0350,0.0097,0.0070,0.9778,0.0232,0.0173,256,768,196608,393216,201080.0156,402160.0312,0.0000,0,0.0000,0.0000,0,0.0000,0,0.0000,0.0000,0,0.0000,0.0000,0,0,0,0,0,0,0,0,0,0,0,0,0,0,0,0,0,0,0,0,0,0,0,0,0
WG_METRICS 1118,256,768,1.0266,0.0075,0.0068,0.9736,0.0225,0.0162,256,768,196608,393216,201930.8906,403861.7812,0.0000,0,0.0000,0.0000,0,0.0000,0,0.0000,0.0000,0,0.0000,0.0000,0,0,0,0,0,0,0,0,0,0,0,0,0,0,0,0,0,0,0,0,0,0,0,0,0
WG_METRICS 1119,256,768,1.0389,0.0075,0.0068,0.9859,0.0233,0.0154,256,768,196608,393216,199415.7656,398831.5312,0.0000,0,0.0000,0.0000,0,0.0000,0,0.0000,0.0000,0,0.0000,0.0000,0,0,0,0,0,0,0,0,0,0,0,0,0,0,0,0,0,0,0,0,0,0,0,0,0
WG_METRICS 1120,256,768,1.0255,0.0075,0.0067,0.9806,0.0142,0.0165,256,768,196608,393216,200489.4844,400978.9688,0.0000,0,0.0000,0.0000,0,0.0000,0,0.0000,0.0000,0,0.0000,0.0000,0,0,0,0,0,0,0,0,0,0,0,0,0,0,0,0,0,0,0,0,0,0,0,0,0
WG_METRICS 1121,256,768,1.0027,0.0076,0.0067,0.9571,0.0149,0.0164,256,768,196608,393216,205424.8281,410849.6562,0.0000,0,0.0000,0.0000,0,0.0000,0,0.0000,0.0000,0,0.0000,0.0000,0,0,0,0,0,0,0,0,0,0,0,0,0,0,0,0,0,0,0,0,0,0,0,0,0
WG_METRICS 1122,256,768,1.0344,0.0073,0.0069,0.9818,0.0229,0.0155,256,768,196608,393216,200244.4375,400488.8750,0.0000,0,0.0000,0.0000,0,0.0000,0,0.0000,0.0000,0,0.0000,0.0000,0,0,0,0,0,0,0,0,0,0,0,0,0,0,0,0,0,0,0,0,0,0,0,0,0
WG_METRICS 1123,256,768,1.0269,0.0075,0.0068,0.9827,0.0141,0.0158,256,768,196608,393216,200073.2656,400146.5312,0.0000,0,0.0000,0.0000,0,0.0000,0,0.0000,0.0000,0,0.0000,0.0000,0,0,0,0,0,0,0,0,0,0,0,0,0,0,0,0,0,0,0,0,0,0,0,0,0
WG_METRICS 1124,256,768,1.0126,0.0074,0.0068,0.9688,0.0141,0.0156,256,768,196608,393216,202948.0938,405896.1875,0.0000,0,0.0000,0.0000,0,0.0000,0,0.0000,0.0000,0,0.0000,0.0000,0,0,0,0,0,0,0,0,0,0,0,0,0,0,0,0,0,0,0,0,0,0,0,0,0
WG_METRICS 1125,256,768,1.0354,0.0075,0.0068,0.9912,0.0142,0.0156,256,768,196608,393216,198345.5000,396691.0000,0.0000,0,0.0000,0.0000,0,0.0000,0,0.0000,0.0000,0,0.0000,0.0000,0,0,0,0,0,0,0,0,0,0,0,0,0,0,0,0,0,0,0,0,0,0,0,0,0
WG_METRICS 1126,256,768,1.0438,0.0074,0.0069,0.9999,0.0141,0.0155,256,768,196608,393216,196623.7344,393247.4688,0.0000,0,0.0000,0.0000,0,0.0000,0,0.0000,0.0000,0,0.0000,0.0000,0,0,0,0,0,0,0,0,0,0,0,0,0,0,0,0,0,0,0,0,0,0,0,0,0
WG_METRICS 1127,256,768,1.0244,0.0077,0.0146,0.9713,0.0143,0.0166,256,768,196608,393216,202421.5469,404843.0938,0.0000,0,0.0000,0.0000,0,0.0000,0,0.0000,0.0000,0,0.0000,0.0000,0,0,0,0,0,0,0,0,0,0,0,0,0,0,0,0,0,0,0,0,0,0,0,0,0
WG_METRICS 1128,256,768,1.0548,0.0075,0.0068,0.9884,0.0360,0.0161,256,768,196608,393216,198915.4219,397830.8438,0.0000,0,0.0000,0.0000,0,0.0000,0,0.0000,0.0000,0,0.0000,0.0000,0,0,0,0,0,0,0,0,0,0,0,0,0,0,0,0,0,0,0,0,0,0,0,0,0
WG_METRICS 1129,256,768,1.0125,0.0074,0.0068,0.9754,0.0073,0.0155,256,768,196608,393216,201566.5469,403133.0938,0.0000,0,0.0000,0.0000,0,0.0000,0,0.0000,0.0000,0,0.0000,0.0000,0,0,0,0,0,0,0,0,0,0,0,0,0,0,0,0,0,0,0,0,0,0,0,0,0
WG_METRICS 1130,256,768,1.0322,0.0075,0.0066,0.9861,0.0164,0.0155,256,768,196608,393216,199375.3281,398750.6562,0.0000,0,0.0000,0.0000,0,0.0000,0,0.0000,0.0000,0,0.0000,0.0000,0,0,0,0,0,0,0,0,0,0,0,0,0,0,0,0,0,0,0,0,0,0,0,0,0
WG_METRICS 1131,256,768,1.0234,0.0075,0.0068,0.9838,0.0099,0.0154,256,768,196608,393216,199837.3750,399674.7500,0.0000,0,0.0000,0.0000,0,0.0000,0,0.0000,0.0000,0,0.0000,0.0000,0,0,0,0,0,0,0,0,0,0,0,0,0,0,0,0,0,0,0,0,0,0,0,0,0
WG_METRICS 1132,256,768,1.0280,0.0075,0.0067,0.9842,0.0143,0.0153,256,768,196608,393216,199756.1562,399512.3125,0.0000,0,0.0000,0.0000,0,0.0000,0,0.0000,0.0000,0,0.0000,0.0000,0,0,0,0,0,0,0,0,0,0,0,0,0,0,0,0,0,0,0,0,0,0,0,0,0
WG_METRICS 1133,256,768,1.0211,0.0075,0.0068,0.9746,0.0165,0.0158,256,768,196608,393216,201740.2656,403480.5312,0.0000,0,0.0000,0.0000,0,0.0000,0,0.0000,0.0000,0,0.0000,0.0000,0,0,0,0,0,0,0,0,0,0,0,0,0,0,0,0,0,0,0,0,0,0,0,0,0
WG_METRICS 1134,256,768,1.0394,0.0076,0.0068,0.9947,0.0142,0.0162,256,768,196608,393216,197659.5469,395319.0938,0.0000,0,0.0000,0.0000,0,0.0000,0,0.0000,0.0000,0,0.0000,0.0000,0,0,0,0,0,0,0,0,0,0,0,0,0,0,0,0,0,0,0,0,0,0,0,0,0
WG_METRICS 1135,256,768,1.0493,0.0074,0.0066,1.0048,0.0141,0.0165,256,768,196608,393216,195676.5781,391353.1562,0.0000,0,0.0000,0.0000,0,0.0000,0,0.0000,0.0000,0,0.0000,0.0000,0,0,0,0,0,0,0,0,0,0,0,0,0,0,0,0,0,0,0,0,0,0,0,0,0
WG_METRICS 1136,256,768,1.0254,0.0074,0.0068,0.9722,0.0232,0.0157,256,768,196608,393216,202221.6719,404443.3438,0.0000,0,0.0000,0.0000,0,0.0000,0,0.0000,0.0000,0,0.0000,0.0000,0,0,0,0,0,0,0,0,0,0,0,0,0,0,0,0,0,0,0,0,0,0,0,0,0
WG_METRICS 1137,256,768,1.0735,0.0075,0.0068,1.0198,0.0232,0.0162,256,768,196608,393216,192783.1875,385566.3750,0.0000,0,0.0000,0.0000,0,0.0000,0,0.0000,0.0000,0,0.0000,0.0000,0,0,0,0,0,0,0,0,0,0,0,0,0,0,0,0,0,0,0,0,0,0,0,0,0
WG_METRICS 1138,256,768,1.0884,0.0075,0.0068,1.0348,0.0227,0.0165,256,768,196608,393216,189996.1250,379992.2500,0.0000,0,0.0000,0.0000,0,0.0000,0,0.0000,0.0000,0,0.0000,0.0000,0,0,0,0,0,0,0,0,0,0,0,0,0,0,0,0,0,0,0,0,0,0,0,0,0
WG_METRICS 1139,256,768,1.0798,0.0076,0.0068,1.0264,0.0231,0.0160,256,768,196608,393216,191558.5156,383117.0312,0.0000,0,0.0000,0.0000,0,0.0000,0,0.0000,0.0000,0,0.0000,0.0000,0,0,0,0,0,0,0,0,0,0,0,0,0,0,0,0,0,0,0,0,0,0,0,0,0
WG_METRICS 1140,256,768,1.0156,0.0086,0.0068,0.9745,0.0097,0.0160,256,768,196608,393216,201756.8438,403513.6875,0.0000,0,0.0000,0.0000,0,0.0000,0,0.0000,0.0000,0,0.0000,0.0000,0,0,0,0,0,0,0,0,0,0,0,0,0,0,0,0,0,0,0,0,0,0,0,0,0
WG_METRICS 1141,256,768,1.0234,0.0074,0.0068,0.9790,0.0147,0.0155,256,768,196608,393216,200833.5469,401667.0938,0.0000,0,0.0000,0.0000,0,0.0000,0,0.0000,0.0000,0,0.0000,0.0000,0,0,0,0,0,0,0,0,0,0,0,0,0,0,0,0,0,0,0,0,0,0,0,0,0
WG_METRICS 1142,256,768,1.0376,0.0098,0.0067,0.9826,0.0226,0.0159,256,768,196608,393216,200081.4062,400162.8125,0.0000,0,0.0000,0.0000,0,0.0000,0,0.0000,0.0000,0,0.0000,0.0000,0,0,0,0,0,0,0,0,0,0,0,0,0,0,0,0,0,0,0,0,0,0,0,0,0
WG_METRICS 1143,256,768,1.0858,0.0075,0.0068,1.0333,0.0228,0.0155,256,768,196608,393216,190275.6250,380551.2500,0.0000,0,0.0000,0.0000,0,0.0000,0,0.0000,0.0000,0,0.0000,0.0000,0,0,0,0,0,0,0,0,0,0,0,0,0,0,0,0,0,0,0,0,0,0,0,0,0
WG_METRICS 1144,256,768,1.0452,0.0076,0.0068,0.9992,0.0147,0.0170,256,768,196608,393216,196757.5469,393515.0938,0.0000,0,0.0000,0.0000,0,0.0000,0,0.0000,0.0000,0,0.0000,0.0000,0,0,0,0,0,0,0,0,0,0,0,0,0,0,0,0,0,0,0,0,0,0,0,0,0
WG_METRICS 1145,256,768,1.0277,0.0075,0.0069,0.9750,0.0229,0.0155,256,768,196608,393216,201657.5000,403315.0000,0.0000,0,0.0000,0.0000,0,0.0000,0,0.0000,0.0000,0,0.0000,0.0000,0,0,0,0,0,0,0,0,0,0,0,0,0,0,0,0,0,0,0,0,0,0,0,0,0
WG_METRICS 1146,256,768,1.0186,0.0076,0.0068,0.9703,0.0185,0.0154,256,768,196608,393216,202630.1719,405260.3438,0.0000,0,0.0000,0.0000,0,0.0000,0,0.0000,0.0000,0,0.0000,0.0000,0,0,0,0,0,0,0,0,0,0,0,0,0,0,0,0,0,0,0,0,0,0,0,0,0
WG_METRICS 1147,256,768,1.0499,0.0073,0.0069,0.9964,0.0227,0.0166,256,768,196608,393216,197326.2656,394652.5312,0.0000,0,0.0000,0.0000,0,0.0000,0,0.0000,0.0000,0,0.0000,0.0000,0,0,0,0,0,0,0,0,0,0,0,0,0,0,0,0,0,0,0,0,0,0,0,0,0
WG_METRICS 1148,256,768,1.0275,0.0074,0.0068,0.9837,0.0140,0.0155,256,768,196608,393216,199861.7500,399723.5000,0.0000,0,0.0000,0.0000,0,0.0000,0,0.0000,0.0000,0,0.0000,0.0000,0,0,0,0,0,0,0,0,0,0,0,0,0,0,0,0,0,0,0,0,0,0,0,0,0
WG_METRICS 1149,256,768,1.0406,0.0074,0.0069,0.9880,0.0229,0.0154,256,768,196608,393216,199004.0156,398008.0312,0.0000,0,0.0000,0.0000,0,0.0000,0,0.0000,0.0000,0,0.0000,0.0000,0,0,0,0,0,0,0,0,0,0,0,0,0,0,0,0,0,0,0,0,0,0,0,0,0
WG_METRICS 1150,256,768,1.0461,0.0075,0.0067,0.9938,0.0226,0.0155,256,768,196608,393216,197834.5781,395669.1562,0.0000,0,0.0000,0.0000,0,0.0000,0,0.0000,0.0000,0,0.0000,0.0000,0,0,0,0,0,0,0,0,0,0,0,0,0,0,0,0,0,0,0,0,0,0,0,0,0
WG_METRICS 1151,256,768,1.0272,0.0074,0.0068,0.9745,0.0231,0.0154,256,768,196608,393216,201748.5469,403497.0938,0.0000,0,0.0000,0.0000,0,0.0000,0,0.0000,0.0000,0,0.0000,0.0000,0,0,0,0,0,0,0,0,0,0,0,0,0,0,0,0,0,0,0,0,0,0,0,0,0
WG_METRICS 1152,256,768,1.0204,0.0101,0.0070,0.9649,0.0229,0.0155,256,768,196608,393216,203755.7500,407511.5000,0.0000,0,0.0000,0.0000,0,0.0000,0,0.0000,0.0000,0,0.0000,0.0000,0,0,0,0,0,0,0,0,0,0,0,0,0,0,0,0,0,0,0,0,0,0,0,0,0
WG_METRICS 1153,256,768,1.0385,0.0075,0.0068,0.9857,0.0228,0.0158,256,768,196608,393216,199464.3281,398928.6562,0.0000,0,0.0000,0.0000,0,0.0000,0,0.0000,0.0000,0,0.0000,0.0000,0,0,0,0,0,0,0,0,0,0,0,0,0,0,0,0,0,0,0,0,0,0,0,0,0
WG_METRICS 1154,256,768,1.0449,0.0101,0.0068,0.9898,0.0226,0.0157,256,768,196608,393216,198634.0781,397268.1562,0.0000,0,0.0000,0.0000,0,0.0000,0,0.0000,0.0000,0,0.0000,0.0000,0,0,0,0,0,0,0,0,0,0,0,0,0,0,0,0,0,0,0,0,0,0,0,0,0
WG_METRICS 1155,256,768,1.0298,0.0074,0.0069,0.9772,0.0228,0.0155,256,768,196608,393216,201203.5000,402407.0000,0.0000,0,0.0000,0.0000,0,0.0000,0,0.0000,0.0000,0,0.0000,0.0000,0,0,0,0,0,0,0,0,0,0,0,0,0,0,0,0,0,0,0,0,0,0,0,0,0
WG_METRICS 1156,256,768,1.0218,0.0074,0.0068,0.9693,0.0228,0.0154,256,768,196608,393216,202839.2188,405678.4375,0.0000,0,0.0000,0.0000,0,0.0000,0,0.0000,0.0000,0,0.0000,0.0000,0,0,0,0,0,0,0,0,0,0,0,0,0,0,0,0,0,0,0,0,0,0,0,0,0
WG_METRICS 1157,256,768,1.0253,0.0074,0.0068,0.9726,0.0231,0.0154,256,768,196608,393216,202155.1406,404310.2812,0.0000,0,0.0000,0.0000,0,0.0000,0,0.0000,0.0000,0,0.0000,0.0000,0,0,0,0,0,0,0,0,0,0,0,0,0,0,0,0,0,0,0,0,0,0,0,0,0
WG_METRICS 1158,256,768,1.0501,0.0074,0.0068,0.9974,0.0229,0.0155,256,768,196608,393216,197112.6094,394225.2188,0.0000,0,0.0000,0.0000,0,0.0000,0,0.0000,0.0000,0,0.0000,0.0000,0,0,0,0,0,0,0,0,0,0,0,0,0,0,0,0,0,0,0,0,0,0,0,0,0
WG_METRICS 1159,256,768,1.0719,0.0077,0.0068,1.0183,0.0229,0.0162,256,768,196608,393216,193078.5156,386157.0312,0.0000,0,0.0000,0.0000,0,0.0000,0,0.0000,0.0000,0,0.0000,0.0000,0,0,0,0,0,0,0,0,0,0,0,0,0,0,0,0,0,0,0,0,0,0,0,0,0
WG_METRICS 1160,256,768,1.0395,0.0075,0.0068,0.9862,0.0232,0.0158,256,768,196608,393216,199367.2500,398734.5000,0.0000,0,0.0000,0.0000,0,0.0000,0,0.0000,0.0000,0,0.0000,0.0000,0,0,0,0,0,0,0,0,0,0,0,0,0,0,0,0,0,0,0,0,0,0,0,0,0
WG_METRICS 1161,256,768,1.0212,0.0075,0.0068,0.9731,0.0185,0.0153,256,768,196608,393216,202038.8125,404077.6250,0.0000,0,0.0000,0.0000,0,0.0000,0,0.0000,0.0000,0,0.0000,0.0000,0,0,0,0,0,0,0,0,0,0,0,0,0,0,0,0,0,0,0,0,0,0,0,0,0
WG_METRICS 1162,256,768,1.0277,0.0074,0.0068,0.9739,0.0230,0.0166,256,768,196608,393216,201872.8438,403745.6875,0.0000,0,0.0000,0.0000,0,0.0000,0,0.0000,0.0000,0,0.0000,0.0000,0,0,0,0,0,0,0,0,0,0,0,0,0,0,0,0,0,0,0,0,0,0,0,0,0
WG_METRICS 1163,256,768,1.0224,0.0075,0.0068,0.9781,0.0144,0.0156,256,768,196608,393216,201006.0000,402012.0000,0.0000,0,0.0000,0.0000,0,0.0000,0,0.0000,0.0000,0,0.0000,0.0000,0,0,0,0,0,0,0,0,0,0,0,0,0,0,0,0,0,0,0,0,0,0,0,0,0
WG_METRICS 1164,256,768,1.0281,0.0075,0.0068,0.9750,0.0230,0.0159,256,768,196608,393216,201640.9531,403281.9062,0.0000,0,0.0000,0.0000,0,0.0000,0,0.0000,0.0000,0,0.0000,0.0000,0,0,0,0,0,0,0,0,0,0,0,0,0,0,0,0,0,0,0,0,0,0,0,0,0
WG_METRICS 1165,256,768,1.0352,0.0074,0.0068,0.9908,0.0145,0.0156,256,768,196608,393216,198425.5781,396851.1562,0.0000,0,0.0000,0.0000,0,0.0000,0,0.0000,0.0000,0,0.0000,0.0000,0,0,0,0,0,0,0,0,0,0,0,0,0,0,0,0,0,0,0,0,0,0,0,0,0
WG_METRICS 1166,256,768,1.0284,0.0074,0.0068,0.9757,0.0230,0.0155,256,768,196608,393216,201500.4375,403000.8750,0.0000,0,0.0000,0.0000,0,0.0000,0,0.0000,0.0000,0,0.0000,0.0000,0,0,0,0,0,0,0,0,0,0,0,0,0,0,0,0,0,0,0,0,0,0,0,0,0
WG_METRICS 1167,256,768,1.0386,0.0074,0.0069,1.0046,0.0043,0.0154,256,768,196608,393216,195707.7344,391415.4688,0.0000,0,0.0000,0.0000,0,0.0000,0,0.0000,0.0000,0,0.0000,0.0000,0,0,0,0,0,0,0,0,0,0,0,0,0,0,0,0,0,0,0,0,0,0,0,0,0
WG_METRICS 1168,256,768,1.0824,0.0074,0.0069,1.0287,0.0230,0.0164,256,768,196608,393216,191119.0625,382238.1250,0.0000,0,0.0000,0.0000,0,0.0000,0,0.0000,0.0000,0,0.0000,0.0000,0,0,0,0,0,0,0,0,0,0,0,0,0,0,0,0,0,0,0,0,0,0,0,0,0
WG_METRICS 1169,256,768,1.0804,0.0075,0.0068,1.0266,0.0232,0.0162,256,768,196608,393216,191521.2031,383042.4062,0.0000,0,0.0000,0.0000,0,0.0000,0,0.0000,0.0000,0,0.0000,0.0000,0,0,0,0,0,0,0,0,0,0,0,0,0,0,0,0,0,0,0,0,0,0,0,0,0
WG_METRICS 1170,256,768,1.0615,0.0075,0.0068,1.0082,0.0229,0.0161,256,768,196608,393216,195001.1875,390002.3750,0.0000,0,0.0000,0.0000,0,0.0000,0,0.0000,0.0000,0,0.0000,0.0000,0,0,0,0,0,0,0,0,0,0,0,0,0,0,0,0,0,0,0,0,0,0,0,0,0
WG_METRICS 1171,256,768,1.0316,0.0074,0.0068,0.9864,0.0150,0.0161,256,768,196608,393216,199318.7344,398637.4688,0.0000,0,0.0000,0.0000,0,0.0000,0,0.0000,0.0000,0,0.0000,0.0000,0,0,0,0,0,0,0,0,0,0,0,0,0,0,0,0,0,0,0,0,0,0,0,0,0
WG_METRICS 1172,256,768,1.0342,0.0076,0.0068,0.9796,0.0230,0.0173,256,768,196608,393216,200710.5156,401421.0312,0.0000,0,0.0000,0.0000,0,0.0000,0,0.0000,0.0000,0,0.0000,0.0000,0,0,0,0,0,0,0,0,0,0,0,0,0,0,0,0,0,0,0,0,0,0,0,0,0
WG_METRICS 1173,256,768,1.0285,0.0074,0.0067,0.9845,0.0143,0.0156,256,768,196608,393216,199699.3438,399398.6875,0.0000,0,0.0000,0.0000,0,0.0000,0,0.0000,0.0000,0,0.0000,0.0000,0,0,0,0,0,0,0,0,0,0,0,0,0,0,0,0,0,0,0,0,0,0,0,0,0
WG_METRICS 1174,256,768,1.0349,0.0075,0.0067,0.9816,0.0232,0.0158,256,768,196608,393216,200285.2344,400570.4688,0.0000,0,0.0000,0.0000,0,0.0000,0,0.0000,0.0000,0,0.0000,0.0000,0,0,0,0,0,0,0,0,0,0,0,0,0,0,0,0,0,0,0,0,0,0,0,0,0
WG_METRICS 1175,256,768,1.0199,0.0075,0.0068,0.9760,0.0141,0.0155,256,768,196608,393216,201434.3594,402868.7188,0.0000,0,0.0000,0.0000,0,0.0000,0,0.0000,0.0000,0,0.0000,0.0000,0,0,0,0,0,0,0,0,0,0,0,0,0,0,0,0,0,0,0,0,0,0,0,0,0
WG_METRICS 1176,256,768,1.0218,0.0074,0.0068,0.9780,0.0140,0.0156,256,768,196608,393216,201022.4531,402044.9062,0.0000,0,0.0000,0.0000,0,0.0000,0,0.0000,0.0000,0,0.0000,0.0000,0,0,0,0,0,0,0,0,0,0,0,0,0,0,0,0,0,0,0,0,0,0,0,0,0
WG_METRICS 1177,256,768,1.0265,0.0075,0.0067,0.9738,0.0230,0.0156,256,768,196608,393216,201897.7188,403795.4375,0.0000,0,0.0000,0.0000,0,0.0000,0,0.0000,0.0000,0,0.0000,0.0000,0,0,0,0,0,0,0,0,0,0,0,0,0,0,0,0,0,0,0,0,0,0,0,0,0
WG_METRICS 1178,256,768,1.0395,0.0074,0.0068,0.9871,0.0226,0.0156,256,768,196608,393216,199173.3594,398346.7188,0.0000,0,0.0000,0.0000,0,0.0000,0,0.0000,0.0000,0,0.0000,0.0000,0,0,0,0,0,0,0,0,0,0,0,0,0,0,0,0,0,0,0,0,0,0,0,0,0
WG_METRICS 1179,256,768,1.0720,0.0075,0.0068,1.0020,0.0399,0.0157,256,768,196608,393216,196215.5781,392431.1562,0.0000,0,0.0000,0.0000,0,0.0000,0,0.0000,0.0000,0,0.0000,0.0000,0,0,0,0,0,0,0,0,0,0,0,0,0,0,0,0,0,0,0,0,0,0,0,0,0
WG_METRICS 1180,256,768,1.0358,0.0074,0.0066,1.0018,0.0044,0.0156,256,768,196608,393216,196254.7500,392509.5000,0.0000,0,0.0000,0.0000,0,0.0000,0,0.0000,0.0000,0,0.0000,0.0000,0,0,0,0,0,0,0,0,0,0,0,0,0,0,0,0,0,0,0,0,0,0,0,0,0
WG_METRICS 1181,256,768,1.0177,0.0074,0.0069,0.9730,0.0147,0.0157,256,768,196608,393216,202055.4219,404110.8438,0.0000,0,0.0000,0.0000,0,0.0000,0,0.0000,0.0000,0,0.0000,0.0000,0,0,0,0,0,0,0,0,0,0,0,0,0,0,0,0,0,0,0,0,0,0,0,0,0
WG_METRICS 1182,256,768,1.0331,0.0073,0.0069,0.9890,0.0141,0.0159,256,768,196608,393216,198802.7812,397605.5625,0.0000,0,0.0000,0.0000,0,0.0000,0,0.0000,0.0000,0,0.0000,0.0000,0,0,0,0,0,0,0,0,0,0,0,0,0,0,0,0,0,0,0,0,0,0,0,0,0
WG_METRICS 1183,256,768,1.0332,0.0074,0.0068,0.9888,0.0144,0.0156,256,768,196608,393216,198826.9062,397653.8125,0.0000,0,0.0000,0.0000,0,0.0000,0,0.0000,0.0000,0,0.0000,0.0000,0,0,0,0,0,0,0,0,0,0,0,0,0,0,0,0,0,0,0,0,0,0,0,0,0
WG_METRICS 1184,256,768,1.0247,0.0075,0.0068,0.9805,0.0138,0.0161,256,768,196608,393216,200514.0156,401028.0312,0.0000,0,0.0000,0.0000,0,0.0000,0,0.0000,0.0000,0,0.0000,0.0000,0,0,0,0,0,0,0,0,0,0,0,0,0,0,0,0,0,0,0,0,0,0,0,0,0
WG_METRICS 1185,256,768,1.0410,0.0074,0.0068,0.9971,0.0142,0.0154,256,768,196608,393216,197175.8594,394351.7188,0.0000,0,0.0000,0.0000,0,0.0000,0,0.0000,0.0000,0,0.0000,0.0000,0,0,0,0,0,0,0,0,0,0,0,0,0,0,0,0,0,0,0,0,0,0,0,0,0
WG_METRICS 1186,256,768,1.0635,0.0075,0.0069,1.0137,0.0194,0.0161,256,768,196608,393216,193954.7031,387909.4062,0.0000,0,0.0000,0.0000,0,0.0000,0,0.0000,0.0000,0,0.0000,0.0000,0,0,0,0,0,0,0,0,0,0,0,0,0,0,0,0,0,0,0,0,0,0,0,0,0
WG_METRICS 1187,256,768,1.0408,0.0075,0.0069,0.9964,0.0145,0.0155,256,768,196608,393216,197318.3438,394636.6875,0.0000,0,0.0000,0.0000,0,0.0000,0,0.0000,0.0000,0,0.0000,0.0000,0,0,0,0,0,0,0,0,0,0,0,0,0,0,0,0,0,0,0,0,0,0,0,0,0
WG_METRICS 1188,256,768,1.0158,0.0074,0.0068,0.9718,0.0141,0.0156,256,768,196608,393216,202304.9062,404609.8125,0.0000,0,0.0000,0.0000,0,0.0000,0,0.0000,0.0000,0,0.0000,0.0000,0,0,0,0,0,0,0,0,0,0,0,0,0,0,0,0,0,0,0,0,0,0,0,0,0
WG_METRICS 1189,256,768,1.0257,0.0075,0.0068,0.9783,0.0164,0.0168,256,768,196608,393216,200973.1406,401946.2812,0.0000,0,0.0000,0.0000,0,0.0000,0,0.0000,0.0000,0,0.0000,0.0000,0,0,0,0,0,0,0,0,0,0,0,0,0,0,0,0,0,0,0,0,0,0,0,0,0
WG_METRICS 1190,256,768,1.0399,0.0074,0.0070,0.9950,0.0139,0.0167,256,768,196608,393216,197595.9844,395191.9688,0.0000,0,0.0000,0.0000,0,0.0000,0,0.0000,0.0000,0,0.0000,0.0000,0,0,0,0,0,0,0,0,0,0,0,0,0,0,0,0,0,0,0,0,0,0,0,0,0
WG_METRICS 1191,256,768,1.0150,0.0075,0.0068,0.9686,0.0164,0.0157,256,768,196608,393216,202990.0156,405980.0312,0.0000,0,0.0000,0.0000,0,0.0000,0,0.0000,0.0000,0,0.0000,0.0000,0,0,0,0,0,0,0,0,0,0,0,0,0,0,0,0,0,0,0,0,0,0,0,0,0
WG_METRICS 1192,256,768,1.0278,0.0074,0.0068,0.9830,0.0145,0.0161,256,768,196608,393216,200008.1406,400016.2812,0.0000,0,0.0000,0.0000,0,0.0000,0,0.0000,0.0000,0,0.0000,0.0000,0,0,0,0,0,0,0,0,0,0,0,0,0,0,0,0,0,0,0,0,0,0,0,0,0
WG_METRICS 1193,256,768,1.0539,0.0074,0.0068,1.0014,0.0226,0.0155,256,768,196608,393216,196325.2812,392650.5625,0.0000,0,0.0000,0.0000,0,0.0000,0,0.0000,0.0000,0,0.0000,0.0000,0,0,0,0,0,0,0,0,0,0,0,0,0,0,0,0,0,0,0,0,0,0,0,0,0
WG_METRICS 1194,256,768,1.0340,0.0075,0.0068,0.9879,0.0164,0.0155,256,768,196608,393216,199012.0625,398024.1250,0.0000,0,0.0000,0.0000,0,0.0000,0,0.0000,0.0000,0,0.0000,0.0000,0,0,0,0,0,0,0,0,0,0,0,0,0,0,0,0,0,0,0,0,0,0,0,0,0
WG_METRICS 1195,256,768,1.0339,0.0075,0.0068,0.9866,0.0171,0.0159,256,768,196608,393216,199270.2500,398540.5000,0.0000,0,0.0000,0.0000,0,0.0000,0,0.0000,0.0000,0,0.0000,0.0000,0,0,0,0,0,0,0,0,0,0,0,0,0,0,0,0,0,0,0,0,0,0,0,0,0
WG_METRICS 1196,256,768,1.0231,0.0075,0.0068,0.9770,0.0163,0.0155,256,768,196608,393216,201236.4375,402472.8750,0.0000,0,0.0000,0.0000,0,0.0000,0,0.0000,0.0000,0,0.0000,0.0000,0,0,0,0,0,0,0,0,0,0,0,0,0,0,0,0,0,0,0,0,0,0,0,0,0
WG_METRICS 1197,256,768,1.0668,0.0075,0.0068,1.0138,0.0227,0.0160,256,768,196608,393216,193931.7344,387863.4688,0.0000,0,0.0000,0.0000,0,0.0000,0,0.0000,0.0000,0,0.0000,0.0000,0,0,0,0,0,0,0,0,0,0,0,0,0,0,0,0,0,0,0,0,0,0,0,0,0
WG_METRICS 1198,256,768,1.0894,0.0074,0.0069,1.0442,0.0144,0.0165,256,768,196608,393216,188292.9844,376585.9688,0.0000,0,0.0000,0.0000,0,0.0000,0,0.0000,0.0000,0,0.0000,0.0000,0,0,0,0,0,0,0,0,0,0,0,0,0,0,0,0,0,0,0,0,0,0,0,0,0
WG_METRICS 1199,256,768,1.0766,0.0075,0.0068,0.9947,0.0510,0.0166,256,768,196608,393216,197659.5469,395319.0938,0.0000,0,0.0000,0.0000,0,0.0000,0,0.0000,0.0000,0,0.0000,0.0000,0,0,0,0,0,0,0,0,0,0,0,0,0,0,0,0,0,0,0,0,0,0,0,0,0
WG_METRICS 1200,256,768,1.0442,0.0074,0.0068,0.9914,0.0228,0.0158,256,768,196608,393216,198321.5000,396643.0000,0.0000,0,0.0000,0.0000,0,0.0000,0,0.0000,0.0000,0,0.0000,0.0000,0,0,0,0,0,0,0,0,0,0,0,0,0,0,0,0,0,0,0,0,0,0,0,0,0
WG_METRICS 1201,256,768,1.0260,0.0102,0.0066,0.9708,0.0229,0.0155,256,768,196608,393216,202513.2969,405026.5938,0.0000,0,0.0000,0.0000,0,0.0000,0,0.0000,0.0000,0,0.0000,0.0000,0,0,0,0,0,0,0,0,0,0,0,0,0,0,0,0,0,0,0,0,0,0,0,0,0
WG_METRICS 1202,256,768,1.0367,0.0075,0.0068,0.9926,0.0142,0.0157,256,768,196608,393216,198073.7344,396147.4688,0.0000,0,0.0000,0.0000,0,0.0000,0,0.0000,0.0000,0,0.0000,0.0000,0,0,0,0,0,0,0,0,0,0,0,0,0,0,0,0,0,0,0,0,0,0,0,0,0
WG_METRICS 1203,256,768,1.0652,0.0075,0.0098,1.0181,0.0142,0.0156,256,768,196608,393216,193116.4531,386232.9062,0.0000,0,0.0000,0.0000,0,0.0000,0,0.0000,0.0000,0,0.0000,0.0000,0,0,0,0,0,0,0,0,0,0,0,0,0,0,0,0,0,0,0,0,0,0,0,0,0
WG_METRICS 1204,256,768,1.0741,0.0076,0.0068,1.0094,0.0342,0.0162,256,768,196608,393216,194777.0938,389554.1875,0.0000,0,0.0000,0.0000,0,0.0000,0,0.0000,0.0000,0,0.0000,0.0000,0,0,0,0,0,0,0,0,0,0,0,0,0,0,0,0,0,0,0,0,0,0,0,0,0
WG_METRICS 1205,256,768,1.0146,0.0074,0.0068,0.9706,0.0142,0.0156,256,768,196608,393216,202563.3594,405126.7188,0.0000,0,0.0000,0.0000,0,0.0000,0,0.0000,0.0000,0,0.0000,0.0000,0,0,0,0,0,0,0,0,0,0,0,0,0,0,0,0,0,0,0,0,0,0,0,0,0
WG_METRICS 1206,256,768,1.0465,0.0100,0.0068,0.9913,0.0230,0.0154,256,768,196608,393216,198337.5000,396675.0000,0.0000,0,0.0000,0.0000,0,0.0000,0,0.0000,0.0000,0,0.0000,0.0000,0,0,0,0,0,0,0,0,0,0,0,0,0,0,0,0,0,0,0,0,0,0,0,0,0
WG_METRICS 1207,256,768,1.0397,0.0080,0.0068,0.9865,0.0228,0.0156,256,768,196608,393216,199302.5781,398605.1562,0.0000,0,0.0000,0.0000,0,0.0000,0,0.0000,0.0000,0,0.0000,0.0000,0,0,0,0,0,0,0,0,0,0,0,0,0,0,0,0,0,0,0,0,0,0,0,0,0
WG_METRICS 1208,256,768,1.0329,0.0074,0.0068,0.9887,0.0144,0.0156,256,768,196608,393216,198851.0469,397702.0938,0.0000,0,0.0000,0.0000,0,0.0000,0,0.0000,0.0000,0,0.0000,0.0000,0,0,0,0,0,0,0,0,0,0,0,0,0,0,0,0,0,0,0,0,0,0,0,0,0
WG_METRICS 1209,256,768,1.0302,0.0074,0.0068,0.9774,0.0228,0.0157,256,768,196608,393216,201145.8438,402291.6875,0.0000,0,0.0000,0.0000,0,0.0000,0,0.0000,0.0000,0,0.0000,0.0000,0,0,0,0,0,0,0,0,0,0,0,0,0,0,0,0,0,0,0,0,0,0,0,0,0
WG_METRICS 1210,256,768,1.0506,0.0074,0.0068,0.9984,0.0226,0.0154,256,768,196608,393216,196923.0781,393846.1562,0.0000,0,0.0000,0.0000,0,0.0000,0,0.0000,0.0000,0,0.0000,0.0000,0,0,0,0,0,0,0,0,0,0,0,0,0,0,0,0,0,0,0,0,0,0,0,0,0
WG_METRICS 1211,256,768,1.0383,0.0078,0.0068,0.9848,0.0233,0.0156,256,768,196608,393216,199642.5781,399285.1562,0.0000,0,0.0000,0.0000,0,0.0000,0,0.0000,0.0000,0,0.0000,0.0000,0,0,0,0,0,0,0,0,0,0,0,0,0,0,0,0,0,0,0,0,0,0,0,0,0
WG_METRICS 1212,256,768,1.0447,0.0075,0.0068,1.0007,0.0138,0.0159,256,768,196608,393216,196474.4062,392948.8125,0.0000,0,0.0000,0.0000,0,0.0000,0,0.0000,0.0000,0,0.0000,0.0000,0,0,0,0,0,0,0,0,0,0,0,0,0,0,0,0,0,0,0,0,0,0,0,0,0
WG_METRICS 1213,256,768,1.0212,0.0074,0.0069,0.9769,0.0141,0.0159,256,768,196608,393216,201252.9219,402505.8438,0.0000,0,0.0000,0.0000,0,0.0000,0,0.0000,0.0000,0,0.0000,0.0000,0,0,0,0,0,0,0,0,0,0,0,0,0,0,0,0,0,0,0,0,0,0,0,0,0
WG_METRICS 1214,256,768,1.0419,0.0076,0.0068,0.9885,0.0228,0.0162,256,768,196608,393216,198891.2656,397782.5312,0.0000,0,0.0000,0.0000,0,0.0000,0,0.0000,0.0000,0,0.0000,0.0000,0,0,0,0,0,0,0,0,0,0,0,0,0,0,0,0,0,0,0,0,0,0,0,0,0
WG_METRICS 1215,256,768,1.0312,0.0074,0.0069,0.9846,0.0164,0.0159,256,768,196608,393216,199675.0000,399350.0000,0.0000,0,0.0000,0.0000,0,0.0000,0,0.0000,0.0000,0,0.0000,0.0000,0,0,0,0,0,0,0,0,0,0,0,0,0,0,0,0,0,0,0,0,0,0,0,0,0
WG_METRICS 1216,256,768,1.0297,0.0074,0.0069,0.9905,0.0094,0.0155,256,768,196608,393216,198497.7031,396995.4062,0.0000,0,0.0000,0.0000,0,0.0000,0,0.0000,0.0000,0,0.0000,0.0000,0,0,0,0,0,0,0,0,0,0,0,0,0,0,0,0,0,0,0,0,0,0,0,0,0
WG_METRICS 1217,256,768,1.0560,0.0076,0.0069,1.0108,0.0146,0.0161,256,768,196608,393216,194499.6094,388999.2188,0.0000,0,0.0000,0.0000,0,0.0000,0,0.0000,0.0000,0,0.0000,0.0000,0,0,0,0,0,0,0,0,0,0,0,0,0,0,0,0,0,0,0,0,0,0,0,0,0
WG_METRICS 1218,256,768,1.0320,0.0074,0.0069,0.9853,0.0164,0.0160,256,768,196608,393216,199537.2188,399074.4375,0.0000,0,0.0000,0.0000,0,0.0000,0,0.0000,0.0000,0,0.0000,0.0000,0,0,0,0,0,0,0,0,0,0,0,0,0,0,0,0,0,0,0,0,0,0,0,0,0
WG_METRICS 1219,256,768,1.0279,0.0074,0.0068,0.9752,0.0231,0.0154,256,768,196608,393216,201616.1406,403232.2812,0.0000,0,0.0000,0.0000,0,0.0000,0,0.0000,0.0000,0,0.0000,0.0000,0,0,0,0,0,0,0,0,0,0,0,0,0,0,0,0,0,0,0,0,0,0,0,0,0
WG_METRICS 1220,256,768,1.0257,0.0074,0.0068,0.9796,0.0164,0.0155,256,768,196608,393216,200710.5156,401421.0312,0.0000,0,0.0000,0.0000,0,0.0000,0,0.0000,0.0000,0,0.0000,0.0000,0,0,0,0,0,0,0,0,0,0,0,0,0,0,0,0,0,0,0,0,0,0,0,0,0
WG_METRICS 1221,256,768,1.0230,0.0074,0.0068,0.9767,0.0164,0.0156,256,768,196608,393216,201294.1250,402588.2500,0.0000,0,0.0000,0.0000,0,0.0000,0,0.0000,0.0000,0,0.0000,0.0000,0,0,0,0,0,0,0,0,0,0,0,0,0,0,0,0,0,0,0,0,0,0,0,0,0
WG_METRICS 1222,256,768,1.0223,0.0074,0.0069,0.9757,0.0164,0.0160,256,768,196608,393216,201500.4375,403000.8750,0.0000,0,0.0000,0.0000,0,0.0000,0,0.0000,0.0000,0,0.0000,0.0000,0,0,0,0,0,0,0,0,0,0,0,0,0,0,0,0,0,0,0,0,0,0,0,0,0
WG_METRICS 1223,256,768,1.0297,0.0075,0.0068,0.9832,0.0164,0.0158,256,768,196608,393216,199959.3125,399918.6250,0.0000,0,0.0000,0.0000,0,0.0000,0,0.0000,0.0000,0,0.0000,0.0000,0,0,0,0,0,0,0,0,0,0,0,0,0,0,0,0,0,0,0,0,0,0,0,0,0
WG_METRICS 1224,256,768,1.0382,0.0075,0.0068,0.9856,0.0228,0.0155,256,768,196608,393216,199472.4219,398944.8438,0.0000,0,0.0000,0.0000,0,0.0000,0,0.0000,0.0000,0,0.0000,0.0000,0,0,0,0,0,0,0,0,0,0,0,0,0,0,0,0,0,0,0,0,0,0,0,0,0
WG_METRICS 1225,256,768,1.0409,0.0074,0.0069,0.9884,0.0228,0.0154,256,768,196608,393216,198923.4688,397846.9375,0.0000,0,0.0000,0.0000,0,0.0000,0,0.0000,0.0000,0,0.0000,0.0000,0,0,0,0,0,0,0,0,0,0,0,0,0,0,0,0,0,0,0,0,0,0,0,0,0
WG_METRICS 1226,256,768,1.0437,0.0076,0.0068,0.9973,0.0164,0.0156,256,768,196608,393216,197144.2344,394288.4688,0.0000,0,0.0000,0.0000,0,0.0000,0,0.0000,0.0000,0,0.0000,0.0000,0,0,0,0,0,0,0,0,0,0,0,0,0,0,0,0,0,0,0,0,0,0,0,0,0
WG_METRICS 1227,256,768,1.0520,0.0074,0.0068,0.9994,0.0226,0.0158,256,768,196608,393216,196733.9062,393467.8125,0.0000,0,0.0000,0.0000,0,0.0000,0,0.0000,0.0000,0,0.0000,0.0000,0,0,0,0,0,0,0,0,0,0,0,0,0,0,0,0,0,0,0,0,0,0,0,0,0
WG_METRICS 1228,256,768,1.0354,0.0075,0.0067,0.9830,0.0228,0.0154,256,768,196608,393216,200000.0000,400000.0000,0.0000,0,0.0000,0.0000,0,0.0000,0,0.0000,0.0000,0,0.0000,0.0000,0,0,0,0,0,0,0,0,0,0,0,0,0,0,0,0,0,0,0,0,0,0,0,0,0
WG_METRICS 1229,256,768,1.0329,0.0074,0.0069,0.9792,0.0232,0.0162,256,768,196608,393216,200784.3125,401568.6250,0.0000,0,0.0000,0.0000,0,0.0000,0,0.0000,0.0000,0,0.0000,0.0000,0,0,0,0,0,0,0,0,0,0,0,0,0,0,0,0,0,0,0,0,0,0,0,0,0
WG_METRICS 1230,256,768,1.0371,0.0074,0.0069,0.9909,0.0164,0.0155,256,768,196608,393216,198409.5625,396819.1250,0.0000,0,0.0000,0.0000,0,0.0000,0,0.0000,0.0000,0,0.0000,0.0000,0,0,0,0,0,0,0,0,0,0,0,0,0,0,0,0,0,0,0,0,0,0,0,0,0
WG_METRICS 1231,256,768,1.0428,0.0099,0.0068,0.9881,0.0226,0.0154,256,768,196608,393216,198979.8281,397959.6562,0.0000,0,0.0000,0.0000,0,0.0000,0,0.0000,0.0000,0,0.0000,0.0000,0,0,0,0,0,0,0,0,0,0,0,0,0,0,0,0,0,0,0,0,0,0,0,0,0
WG_METRICS 1232,256,768,1.0311,0.0074,0.0069,0.9843,0.0164,0.0162,256,768,196608,393216,199739.9219,399479.8438,0.0000,0,0.0000,0.0000,0,0.0000,0,0.0000,0.0000,0,0.0000,0.0000,0,0,0,0,0,0,0,0,0,0,0,0,0,0,0,0,0,0,0,0,0,0,0,0,0
WG_METRICS 1233,256,768,1.0175,0.0075,0.0068,0.9716,0.0163,0.0154,256,768,196608,393216,202354.8750,404709.7500,0.0000,0,0.0000,0.0000,0,0.0000,0,0.0000,0.0000,0,0.0000,0.0000,0,0,0,0,0,0,0,0,0,0,0,0,0,0,0,0,0,0,0,0,0,0,0,0,0
WG_METRICS 1234,256,768,1.0338,0.0075,0.0066,0.9876,0.0165,0.0155,256,768,196608,393216,199076.5469,398153.0938,0.0000,0,0.0000,0.0000,0,0.0000,0,0.0000,0.0000,0,0.0000,0.0000,0,0,0,0,0,0,0,0,0,0,0,0,0,0,0,0,0,0,0,0,0,0,0,0,0
WG_METRICS 1235,256,768,1.0204,0.0075,0.0068,0.9736,0.0165,0.0159,256,768,196608,393216,201930.8906,403861.7812,0.0000,0,0.0000,0.0000,0,0.0000,0,0.0000,0.0000,0,0.0000,0.0000,0,0,0,0,0,0,0,0,0,0,0,0,0,0,0,0,0,0,0,0,0,0,0,0,0
WG_METRICS 1236,256,768,1.0526,0.0074,0.0068,1.0062,0.0165,0.0156,256,768,196608,393216,195388.7656,390777.5312,0.0000,0,0.0000,0.0000,0,0.0000,0,0.0000,0.0000,0,0.0000,0.0000,0,0,0,0,0,0,0,0,0,0,0,0,0,0,0,0,0,0,0,0,0,0,0,0,0
WG_METRICS 1237,256,768,1.0255,0.0074,0.0069,0.9788,0.0165,0.0158,256,768,196608,393216,200874.5781,401749.1562,0.0000,0,0.0000,0.0000,0,0.0000,0,0.0000,0.0000,0,0.0000,0.0000,0,0,0,0,0,0,0,0,0,0,0,0,0,0,0,0,0,0,0,0,0,0,0,0,0
WG_METRICS 1238,256,768,1.0277,0.0074,0.0068,0.9746,0.0233,0.0156,256,768,196608,393216,201723.7031,403447.4062,0.0000,0,0.0000,0.0000,0,0.0000,0,0.0000,0.0000,0,0.0000,0.0000,0,0,0,0,0,0,0,0,0,0,0,0,0,0,0,0,0,0,0,0,0,0,0,0,0
WG_METRICS 1239,256,768,1.0444,0.0074,0.0069,0.9917,0.0229,0.0156,256,768,196608,393216,198257.5000,396515.0000,0.0000,0,0.0000,0.0000,0,0.0000,0,0.0000,0.0000,0,0.0000,0.0000,0,0,0,0,0,0,0,0,0,0,0,0,0,0,0,0,0,0,0,0,0,0,0,0,0
WG_METRICS 1240,256,768,1.0209,0.0074,0.0068,0.9748,0.0164,0.0155,256,768,196608,393216,201698.8750,403397.7500,0.0000,0,0.0000,0.0000,0,0.0000,0,0.0000,0.0000,0,0.0000,0.0000,0,0,0,0,0,0,0,0,0,0,0,0,0,0,0,0,0,0,0,0,0,0,0,0,0
WG_METRICS 1241,256,768,1.0419,0.0075,0.0066,0.9954,0.0164,0.0161,256,768,196608,393216,197524.5156,395049.0312,0.0000,0,0.0000,0.0000,0,0.0000,0,0.0000,0.0000,0,0.0000,0.0000,0,0,0,0,0,0,0,0,0,0,0,0,0,0,0,0,0,0,0,0,0,0,0,0,0
WG_METRICS 1242,256,768,1.0278,0.0074,0.0068,0.9751,0.0228,0.0158,256,768,196608,393216,201624.4062,403248.8125,0.0000,0,0.0000,0.0000,0,0.0000,0,0.0000,0.0000,0,0.0000,0.0000,0,0,0,0,0,0,0,0,0,0,0,0,0,0,0,0,0,0,0,0,0,0,0,0,0
WG_METRICS 1243,256,768,1.0261,0.0075,0.0068,0.9734,0.0226,0.0159,256,768,196608,393216,201988.9844,403977.9688,0.0000,0,0.0000,0.0000,0,0.0000,0,0.0000,0.0000,0,0.0000,0.0000,0,0,0,0,0,0,0,0,0,0,0,0,0,0,0,0,0,0,0,0,0,0,0,0,0
WG_METRICS 1244,256,768,1.0403,0.0074,0.0069,0.9940,0.0164,0.0156,256,768,196608,393216,197786.8125,395573.6250,0.0000,0,0.0000,0.0000,0,0.0000,0,0.0000,0.0000,0,0.0000,0.0000,0,0,0,0,0,0,0,0,0,0,0,0,0,0,0,0,0,0,0,0,0,0,0,0,0
WG_METRICS 1245,256,768,1.0354,0.0100,0.0069,0.9802,0.0228,0.0156,256,768,196608,393216,200579.4688,401158.9375,0.0000,0,0.0000,0.0000,0,0.0000,0,0.0000,0.0000,0,0.0000,0.0000,0,0,0,0,0,0,0,0,0,0,0,0,0,0,0,0,0,0,0,0,0,0,0,0,0
WG_METRICS 1246,256,768,1.0383,0.0074,0.0068,0.9859,0.0227,0.0155,256,768,196608,393216,199415.7656,398831.5312,0.0000,0,0.0000,0.0000,0,0.0000,0,0.0000,0.0000,0,0.0000,0.0000,0,0,0,0,0,0,0,0,0,0,0,0,0,0,0,0,0,0,0,0,0,0,0,0,0
WG_METRICS 1247,256,768,1.0481,0.0076,0.0068,0.9934,0.0234,0.0170,256,768,196608,393216,197922.2031,395844.4062,0.0000,0,0.0000,0.0000,0,0.0000,0,0.0000,0.0000,0,0.0000,0.0000,0,0,0,0,0,0,0,0,0,0,0,0,0,0,0,0,0,0,0,0,0,0,0,0,0
WG_METRICS 1248,256,768,1.0517,0.0075,0.0068,1.0072,0.0147,0.0155,256,768,196608,393216,195202.5469,390405.0938,0.0000,0,0.0000,0.0000,0,0.0000,0,0.0000,0.0000,0,0.0000,0.0000,0,0,0,0,0,0,0,0,0,0,0,0,0,0,0,0,0,0,0,0,0,0,0,0,0
WG_METRICS 1249,256,768,1.0673,0.0075,0.0068,1.0215,0.0144,0.0171,256,768,196608,393216,192466.1250,384932.2500,0.0000,0,0.0000,0.0000,0,0.0000,0,0.0000,0.0000,0,0.0000,0.0000,0,0,0,0,0,0,0,0,0,0,0,0,0,0,0,0,0,0,0,0,0,0,0,0,0
WG_METRICS 1250,256,768,1.1842,0.0076,0.0068,1.1284,0.0233,0.0181,256,768,196608,393216,174229.9062,348459.8125,0.0000,0,0.0000,0.0000,0,0.0000,0,0.0000,0.0000,0,0.0000,0.0000,0,0,0,0,0,0,0,0,0,0,0,0,0,0,0,0,0,0,0,0,0,0,0,0,0
WG_METRICS 1251,256,768,1.5546,0.0080,0.0070,1.5105,0.0057,0.0233,256,768,196608,393216,130159.1484,260318.2969,0.0000,0,0.0000,0.0000,0,0.0000,0,0.0000,0.0000,0,0.0000,0.0000,0,0,0,0,0,0,0,0,0,0,0,0,0,0,0,0,0,0,0,0,0,0,0,0,0
WG_METRICS 1252,256,768,1.9364,0.0087,0.0070,1.8744,0.0170,0.0294,256,768,196608,393216,104893.4062,209786.8125,0.0000,0,0.0000,0.0000,0,0.0000,0,0.0000,0.0000,0,0.0000,0.0000,0,0,0,0,0,0,0,0,0,0,0,0,0,0,0,0,0,0,0,0,0,0,0,0,0
WG_METRICS 1253,256,768,1.9138,0.0087,0.0070,1.8528,0.0166,0.0288,256,768,196608,393216,106113.9922,212227.9844,0.0000,0,0.0000,0.0000,0,0.0000,0,0.0000,0.0000,0,0.0000,0.0000,0,0,0,0,0,0,0,0,0,0,0,0,0,0,0,0,0,0,0,0,0,0,0,0,0
WG_METRICS 1254,256,768,1.5791,0.0084,0.0070,1.5179,0.0240,0.0220,256,768,196608,393216,129528.0312,259056.0625,0.0000,0,0.0000,0.0000,0,0.0000,0,0.0000,0.0000,0,0.0000,0.0000,0,0,0,0,0,0,0,0,0,0,0,0,0,0,0,0,0,0,0,0,0,0,0,0,0
WG_METRICS 1255,256,768,1.1910,0.0098,0.0070,1.1430,0.0145,0.0167,256,768,196608,393216,172016.5312,344033.0625,0.0000,0,0.0000,0.0000,0,0.0000,0,0.0000,0.0000,0,0.0000,0.0000,0,0,0,0,0,0,0,0,0,0,0,0,0,0,0,0,0,0,0,0,0,0,0,0,0
WG_METRICS 1256,256,768,1.0200,0.0076,0.0068,0.9732,0.0165,0.0160,256,768,196608,393216,202030.5000,404061.0000,0.0000,0,0.0000,0.0000,0,0.0000,0,0.0000,0.0000,0,0.0000,0.0000,0,0,0,0,0,0,0,0,0,0,0,0,0,0,0,0,0,0,0,0,0,0,0,0,0
WG_METRICS 1257,256,768,1.0260,0.0075,0.0068,0.9796,0.0165,0.0156,256,768,196608,393216,200702.3281,401404.6562,0.0000,0,0.0000,0.0000,0,0.0000,0,0.0000,0.0000,0,0.0000,0.0000,0,0,0,0,0,0,0,0,0,0,0,0,0,0,0,0,0,0,0,0,0,0,0,0,0
WG_METRICS 1258,256,768,1.0381,0.0075,0.0068,0.9920,0.0164,0.0155,256,768,196608,393216,198193.5469,396387.0938,0.0000,0,0.0000,0.0000,0,0.0000,0,0.0000,0.0000,0,0.0000,0.0000,0,0,0,0,0,0,0,0,0,0,0,0,0,0,0,0,0,0,0,0,0,0,0,0,0
WG_METRICS 1259,256,768,1.0421,0.0074,0.0069,0.9958,0.0164,0.0156,256,768,196608,393216,197445.1562,394890.3125,0.0000,0,0.0000,0.0000,0,0.0000,0,0.0000,0.0000,0,0.0000,0.0000,0,0,0,0,0,0,0,0,0,0,0,0,0,0,0,0,0,0,0,0,0,0,0,0,0
WG_METRICS 1260,256,768,1.0233,0.0075,0.0068,0.9772,0.0164,0.0154,256,768,196608,393216,201187.0156,402374.0312,0.0000,0,0.0000,0.0000,0,0.0000,0,0.0000,0.0000,0,0.0000,0.0000,0,0,0,0,0,0,0,0,0,0,0,0,0,0,0,0,0,0,0,0,0,0,0,0,0
WG_METRICS 1261,256,768,1.0532,0.0077,0.0068,1.0060,0.0170,0.0157,256,768,196608,393216,195443.1562,390886.3125,0.0000,0,0.0000,0.0000,0,0.0000,0,0.0000,0.0000,0,0.0000,0.0000,0,0,0,0,0,0,0,0,0,0,0,0,0,0,0,0,0,0,0,0,0,0,0,0,0
WG_METRICS 1262,256,768,1.0352,0.0075,0.0068,0.9889,0.0165,0.0154,256,768,196608,393216,198810.8281,397621.6562,0.0000,0,0.0000,0.0000,0,0.0000,0,0.0000,0.0000,0,0.0000,0.0000,0,0,0,0,0,0,0,0,0,0,0,0,0,0,0,0,0,0,0,0,0,0,0,0,0
WG_METRICS 1263,256,768,1.0202,0.0075,0.0068,0.9800,0.0093,0.0165,256,768,196608,393216,200612.2188,401224.4375,0.0000,0,0.0000,0.0000,0,0.0000,0,0.0000,0.0000,0,0.0000,0.0000,0,0,0,0,0,0,0,0,0,0,0,0,0,0,0,0,0,0,0,0,0,0,0,0,0
WG_METRICS 1264,256,768,1.1540,0.0076,0.0068,1.0994,0.0231,0.0170,256,768,196608,393216,178825.5938,357651.1875,0.0000,0,0.0000,0.0000,0,0.0000,0,0.0000,0.0000,0,0.0000,0.0000,0,0,0,0,0,0,0,0,0,0,0,0,0,0,0,0,0,0,0,0,0,0,0,0,0
WG_METRICS 1265,256,768,1.1997,0.0079,0.0068,1.1486,0.0168,0.0196,256,768,196608,393216,171165.8906,342331.7812,0.0000,0,0.0000,0.0000,0,0.0000,0,0.0000,0.0000,0,0.0000,0.0000,0,0,0,0,0,0,0,0,0,0,0,0,0,0,0,0,0,0,0,0,0,0,0,0,0
WG_METRICS 1266,256,768,1.2210,0.0077,0.0069,1.1742,0.0125,0.0197,256,768,196608,393216,167439.9531,334879.9062,0.0000,0,0.0000,0.0000,0,0.0000,0,0.0000,0.0000,0,0.0000,0.0000,0,0,0,0,0,0,0,0,0,0,0,0,0,0,0,0,0,0,0,0,0,0,0,0,0
WG_METRICS 1267,256,768,1.2588,0.0078,0.0068,1.2087,0.0150,0.0204,256,768,196608,393216,162663.3906,325326.7812,0.0000,0,0.0000,0.0000,0,0.0000,0,0.0000,0.0000,0,0.0000,0.0000,0,0,0,0,0,0,0,0,0,0,0,0,0,0,0,0,0,0,0,0,0,0,0,0,0
WG_METRICS 1268,256,768,1.3530,0.0080,0.0068,1.2942,0.0237,0.0202,256,768,196608,393216,151919.3906,303838.7812,0.0000,0,0.0000,0.0000,0,0.0000,0,0.0000,0.0000,0,0.0000,0.0000,0,0,0,0,0,0,0,0,0,0,0,0,0,0,0,0,0,0,0,0,0,0,0,0,0
WG_METRICS 1269,256,768,1.2804,0.0078,0.0069,1.2326,0.0146,0.0185,256,768,196608,393216,159511.9062,319023.8125,0.0000,0,0.0000,0.0000,0,0.0000,0,0.0000,0.0000,0,0.0000,0.0000,0,0,0,0,0,0,0,0,0,0,0,0,0,0,0,0,0,0,0,0,0,0,0,0,0
WG_METRICS 1270,256,768,1.0802,0.0075,0.0068,1.0347,0.0144,0.0168,256,768,196608,393216,190010.8281,380021.6562,0.0000,0,0.0000,0.0000,0,0.0000,0,0.0000,0.0000,0,0.0000,0.0000,0,0,0,0,0,0,0,0,0,0,0,0,0,0,0,0,0,0,0,0,0,0,0,0,0
WG_METRICS 1271,256,768,1.4245,0.0080,0.0069,1.3636,0.0242,0.0218,256,768,196608,393216,144183.0469,288366.0938,0.0000,0,0.0000,0.0000,0,0.0000,0,0.0000,0.0000,0,0.0000,0.0000,0,0,0,0,0,0,0,0,0,0,0,0,0,0,0,0,0,0,0,0,0,0,0,0,0
WG_METRICS 1272,256,768,1.8074,0.0100,0.0069,1.7385,0.0250,0.0270,256,768,196608,393216,113091.8984,226183.7969,0.0000,0,0.0000,0.0000,0,0.0000,0,0.0000,0.0000,0,0.0000,0.0000,0,0,0,0,0,0,0,0,0,0,0,0,0,0,0,0,0,0,0,0,0,0,0,0,0
WG_METRICS 1273,256,768,1.8835,0.0087,0.0070,1.8162,0.0250,0.0266,256,768,196608,393216,108252.3906,216504.7812,0.0000,0,0.0000,0.0000,0,0.0000,0,0.0000,0.0000,0,0.0000,0.0000,0,0,0,0,0,0,0,0,0,0,0,0,0,0,0,0,0,0,0,0,0,0,0,0,0
WG_METRICS 1274,256,768,1.6027,0.0084,0.0070,1.5394,0.0241,0.0239,256,768,196608,393216,127720.6094,255441.2188,0.0000,0,0.0000,0.0000,0,0.0000,0,0.0000,0.0000,0,0.0000,0.0000,0,0,0,0,0,0,0,0,0,0,0,0,0,0,0,0,0,0,0,0,0,0,0,0,0
WG_METRICS 1275,256,768,1.2893,0.0078,0.0070,1.2326,0.0233,0.0186,256,768,196608,393216,159506.7344,319013.4688,0.0000,0,0.0000,0.0000,0,0.0000,0,0.0000,0.0000,0,0.0000,0.0000,0,0,0,0,0,0,0,0,0,0,0,0,0,0,0,0,0,0,0,0,0,0,0,0,0
WG_METRICS 1276,256,768,1.0233,0.0074,0.0068,0.9835,0.0088,0.0167,256,768,196608,393216,199902.3906,399804.7812,0.0000,0,0.0000,0.0000,0,0.0000,0,0.0000,0.0000,0,0.0000,0.0000,0,0,0,0,0,0,0,0,0,0,0,0,0,0,0,0,0,0,0,0,0,0,0,0,0
WG_METRICS 1277,256,768,1.0273,0.0075,0.0069,0.9802,0.0166,0.0161,256,768,196608,393216,200571.2969,401142.5938,0.0000,0,0.0000,0.0000,0,0.0000,0,0.0000,0.0000,0,0.0000,0.0000,0,0,0,0,0,0,0,0,0,0,0,0,0,0,0,0,0,0,0,0,0,0,0,0,0
WG_METRICS 1278,256,768,1.0134,0.0074,0.0068,0.9716,0.0122,0.0154,256,768,196608,393216,202354.8750,404709.7500,0.0000,0,0.0000,0.0000,0,0.0000,0,0.0000,0.0000,0,0.0000,0.0000,0,0,0,0,0,0,0,0,0,0,0,0,0,0,0,0,0,0,0,0,0,0,0,0,0
WG_METRICS 1279,256,768,1.0260,0.0074,0.0068,0.9793,0.0164,0.0161,256,768,196608,393216,200767.9062,401535.8125,0.0000,0,0.0000,0.0000,0,0.0000,0,0.0000,0.0000,0,0.0000,0.0000,0,0,0,0,0,0,0,0,0,0,0,0,0,0,0,0,0,0,0,0,0,0,0,0,0
WG_METRICS 1280,256,768,1.0235,0.0074,0.0068,0.9794,0.0140,0.0158,256,768,196608,393216,200735.1250,401470.2500,0.0000,0,0.0000,0.0000,0,0.0000,0,0.0000,0.0000,0,0.0000,0.0000,0,0,0,0,0,0,0,0,0,0,0,0,0,0,0,0,0,0,0,0,0,0,0,0,0
WG_METRICS 1281,256,768,1.0297,0.0074,0.0068,0.9926,0.0074,0.0154,256,768,196608,393216,198065.7656,396131.5312,0.0000,0,0.0000,0.0000,0,0.0000,0,0.0000,0.0000,0,0.0000,0.0000,0,0,0,0,0,0,0,0,0,0,0,0,0,0,0,0,0,0,0,0,0,0,0,0,0
WG_METRICS 1282,256,768,1.0283,0.0074,0.0069,0.9928,0.0056,0.0155,256,768,196608,393216,198025.8594,396051.7188,0.0000,0,0.0000,0.0000,0,0.0000,0,0.0000,0.0000,0,0.0000,0.0000,0,0,0,0,0,0,0,0,0,0,0,0,0,0,0,0,0,0,0,0,0,0,0,0,0
WG_METRICS 1283,256,768,1.0108,0.0074,0.0068,0.9714,0.0096,0.0154,256,768,196608,393216,202388.2031,404776.4062,0.0000,0,0.0000,0.0000,0,0.0000,0,0.0000,0.0000,0,0.0000,0.0000,0,0,0,0,0,0,0,0,0,0,0,0,0,0,0,0,0,0,0,0,0,0,0,0,0
WG_METRICS 1284,256,768,1.0227,0.0074,0.0068,0.9767,0.0163,0.0154,256,768,196608,393216,201302.3750,402604.7500,0.0000,0,0.0000,0.0000,0,0.0000,0,0.0000,0.0000,0,0.0000,0.0000,0,0,0,0,0,0,0,0,0,0,0,0,0,0,0,0,0,0,0,0,0,0,0,0,0
WG_METRICS 1285,256,768,1.0250,0.0075,0.0068,0.9789,0.0164,0.0154,256,768,196608,393216,200841.7500,401683.5000,0.0000,0,0.0000,0.0000,0,0.0000,0,0.0000,0.0000,0,0.0000,0.0000,0,0,0,0,0,0,0,0,0,0,0,0,0,0,0,0,0,0,0,0,0,0,0,0,0
WG_METRICS 1286,256,768,1.0295,0.0074,0.0068,0.9848,0.0141,0.0163,256,768,196608,393216,199634.4688,399268.9375,0.0000,0,0.0000,0.0000,0,0.0000,0,0.0000,0.0000,0,0.0000,0.0000,0,0,0,0,0,0,0,0,0,0,0,0,0,0,0,0,0,0,0,0,0,0,0,0,0
WG_METRICS 1287,256,768,1.0268,0.0076,0.0069,0.9799,0.0165,0.0159,256,768,196608,393216,200636.7812,401273.5625,0.0000,0,0.0000,0.0000,0,0.0000,0,0.0000,0.0000,0,0.0000,0.0000,0,0,0,0,0,0,0,0,0,0,0,0,0,0,0,0,0,0,0,0,0,0,0,0,0
WG_METRICS 1288,256,768,1.0272,0.0073,0.0069,0.9811,0.0163,0.0155,256,768,196608,393216,200391.3906,400782.7812,0.0000,0,0.0000,0.0000,0,0.0000,0,0.0000,0.0000,0,0.0000,0.0000,0,0,0,0,0,0,0,0,0,0,0,0,0,0,0,0,0,0,0,0,0,0,0,0,0
WG_METRICS 1289,256,768,1.0298,0.0074,0.0068,0.9770,0.0228,0.0157,256,768,196608,393216,201244.6719,402489.3438,0.0000,0,0.0000,0.0000,0,0.0000,0,0.0000,0.0000,0,0.0000,0.0000,0,0,0,0,0,0,0,0,0,0,0,0,0,0,0,0,0,0,0,0,0,0,0,0,0
WG_METRICS 1290,256,768,1.0301,0.0075,0.0068,0.9770,0.0229,0.0160,256,768,196608,393216,201228.2031,402456.4062,0.0000,0,0.0000,0.0000,0,0.0000,0,0.0000,0.0000,0,0.0000,0.0000,0,0,0,0,0,0,0,0,0,0,0,0,0,0,0,0,0,0,0,0,0,0,0,0,0
WG_METRICS 1291,256,768,1.0528,0.0074,0.0068,0.9998,0.0227,0.0160,256,768,196608,393216,196647.3281,393294.6562,0.0000,0,0.0000,0.0000,0,0.0000,0,0.0000,0.0000,0,0.0000,0.0000,0,0,0,0,0,0,0,0,0,0,0,0,0,0,0,0,0,0,0,0,0,0,0,0,0
WG_METRICS 1292,256,768,1.0221,0.0074,0.0069,0.9761,0.0164,0.0154,256,768,196608,393216,201426.1094,402852.2188,0.0000,0,0.0000,0.0000,0,0.0000,0,0.0000,0.0000,0,0.0000,0.0000,0,0,0,0,0,0,0,0,0,0,0,0,0,0,0,0,0,0,0,0,0,0,0,0,0
WG_METRICS 1293,256,768,1.1106,0.0076,0.0069,1.0604,0.0186,0.0172,256,768,196608,393216,185416.2812,370832.5625,0.0000,0,0.0000,0.0000,0,0.0000,0,0.0000,0.0000,0,0.0000,0.0000,0,0,0,0,0,0,0,0,0,0,0,0,0,0,0,0,0,0,0,0,0,0,0,0,0
WG_METRICS 1294,256,768,1.2625,0.0078,0.0068,1.2032,0.0240,0.0207,256,768,196608,393216,163409.6875,326819.3750,0.0000,0,0.0000,0.0000,0,0.0000,0,0.0000,0.0000,0,0.0000,0.0000,0,0,0,0,0,0,0,0,0,0,0,0,0,0,0,0,0,0,0,0,0,0,0,0,0
WG_METRICS 1295,256,768,1.3784,0.0080,0.0069,1.3195,0.0236,0.0206,256,768,196608,393216,149004.1562,298008.3125,0.0000,0,0.0000,0.0000,0,0.0000,0,0.0000,0.0000,0,0.0000,0.0000,0,0,0,0,0,0,0,0,0,0,0,0,0,0,0,0,0,0,0,0,0,0,0,0,0
WG_METRICS 1296,256,768,1.3158,0.0113,0.0045,1.2559,0.0240,0.0202,256,768,196608,393216,156545.0000,313090.0000,0.0000,0,0.0000,0.0000,0,0.0000,0,0.0000,0.0000,0,0.0000,0.0000,0,0,0,0,0,0,0,0,0,0,0,0,0,0,0,0,0,0,0,0,0,0,0,0,0
WG_METRICS 1297,256,768,1.2326,0.0078,0.0069,1.1849,0.0144,0.0187,256,768,196608,393216,165925.1250,331850.2500,0.0000,0,0.0000,0.0000,0,0.0000,0,0.0000,0.0000,0,0.0000,0.0000,0,0,0,0,0,0,0,0,0,0,0,0,0,0,0,0,0,0,0,0,0,0,0,0,0
WG_METRICS 1298,256,768,1.0466,0.0076,0.0068,1.0015,0.0143,0.0163,256,768,196608,393216,196309.6094,392619.2188,0.0000,0,0.0000,0.0000,0,0.0000,0,0.0000,0.0000,0,0.0000,0.0000,0,0,0,0,0,0,0,0,0,0,0,0,0,0,0,0,0,0,0,0,0,0,0,0,0
WG_METRICS 1299,256,768,1.0125,0.0075,0.0068,0.9753,0.0076,0.0154,256,768,196608,393216,201591.3438,403182.6875,0.0000,0,0.0000,0.0000,0,0.0000,0,0.0000,0.0000,0,0.0000,0.0000,0,0,0,0,0,0,0,0,0,0,0,0,0,0,0,0,0,0,0,0,0,0,0,0,0
WG_METRICS 1300,256,768,1.0215,0.0074,0.0068,0.9774,0.0140,0.0158,256,768,196608,393216,201145.8438,402291.6875,0.0000,0,0.0000,0.0000,0,0.0000,0,0.0000,0.0000,0,0.0000,0.0000,0,0,0,0,0,0,0,0,0,0,0,0,0,0,0,0,0,0,0,0,0,0,0,0,0
WG_METRICS 1301,256,768,1.0642,0.0074,0.0069,1.0113,0.0230,0.0156,256,768,196608,393216,194407.3125,388814.6250,0.0000,0,0.0000,0.0000,0,0.0000,0,0.0000,0.0000,0,0.0000,0.0000,0,0,0,0,0,0,0,0,0,0,0,0,0,0,0,0,0,0,0,0,0,0,0,0,0
WG_METRICS 1302,256,768,1.0228,0.0074,0.0069,0.9688,0.0230,0.0166,256,768,196608,393216,202939.7188,405879.4375,0.0000,0,0.0000,0.0000,0,0.0000,0,0.0000,0.0000,0,0.0000,0.0000,0,0,0,0,0,0,0,0,0,0,0,0,0,0,0,0,0,0,0,0,0,0,0,0,0
WG_METRICS 1303,256,768,1.0456,0.0075,0.0069,1.0010,0.0146,0.0156,256,768,196608,393216,196411.5781,392823.1562,0.0000,0,0.0000,0.0000,0,0.0000,0,0.0000,0.0000,0,0.0000,0.0000,0,0,0,0,0,0,0,0,0,0,0,0,0,0,0,0,0,0,0,0,0,0,0,0,0
WG_METRICS 1304,256,768,1.0166,0.0074,0.0068,0.9765,0.0102,0.0157,256,768,196608,393216,201335.3594,402670.7188,0.0000,0,0.0000,0.0000,0,0.0000,0,0.0000,0.0000,0,0.0000,0.0000,0,0,0,0,0,0,0,0,0,0,0,0,0,0,0,0,0,0,0,0,0,0,0,0,0
WG_METRICS 1305,256,768,1.0476,0.0074,0.0069,0.9951,0.0226,0.0156,256,768,196608,393216,197580.0938,395160.1875,0.0000,0,0.0000,0.0000,0,0.0000,0,0.0000,0.0000,0,0.0000,0.0000,0,0,0,0,0,0,0,0,0,0,0,0,0,0,0,0,0,0,0,0,0,0,0,0,0
WG_METRICS 1306,256,768,1.0326,0.0074,0.0068,0.9796,0.0231,0.0156,256,768,196608,393216,200694.1250,401388.2500,0.0000,0,0.0000,0.0000,0,0.0000,0,0.0000,0.0000,0,0.0000,0.0000,0,0,0,0,0,0,0,0,0,0,0,0,0,0,0,0,0,0,0,0,0,0,0,0,0
WG_METRICS 1307,256,768,1.0487,0.0074,0.0066,1.0018,0.0173,0.0156,256,768,196608,393216,196262.5781,392525.1562,0.0000,0,0.0000,0.0000,0,0.0000,0,0.0000,0.0000,0,0.0000,0.0000,0,0,0,0,0,0,0,0,0,0,0,0,0,0,0,0,0,0,0,0,0,0,0,0,0
WG_METRICS 1308,256,768,1.0276,0.0076,0.0068,0.9746,0.0228,0.0159,256,768,196608,393216,201740.2656,403480.5312,0.0000,0,0.0000,0.0000,0,0.0000,0,0.0000,0.0000,0,0.0000,0.0000,0,0,0,0,0,0,0,0,0,0,0,0,0,0,0,0,0,0,0,0,0,0,0,0,0
WG_METRICS 1309,256,768,1.0334,0.0074,0.0068,0.9892,0.0144,0.0155,256,768,196608,393216,198746.5156,397493.0312,0.0000,0,0.0000,0.0000,0,0.0000,0,0.0000,0.0000,0,0.0000,0.0000,0,0,0,0,0,0,0,0,0,0,0,0,0,0,0,0,0,0,0,0,0,0,0,0,0
WG_METRICS 1310,256,768,1.0245,0.0074,0.0069,0.9804,0.0139,0.0158,256,768,196608,393216,200530.3750,401060.7500,0.0000,0,0.0000,0.0000,0,0.0000,0,0.0000,0.0000,0,0.0000,0.0000,0,0,0,0,0,0,0,0,0,0,0,0,0,0,0,0,0,0,0,0,0,0,0,0,0
WG_METRICS 1311,256,768,1.0251,0.0074,0.0068,0.9790,0.0164,0.0155,256,768,196608,393216,200817.1250,401634.2500,0.0000,0,0.0000,0.0000,0,0.0000,0,0.0000,0.0000,0,0.0000,0.0000,0,0,0,0,0,0,0,0,0,0,0,0,0,0,0,0,0,0,0,0,0,0,0,0,0
WG_METRICS 1312,256,768,1.0432,0.0108,0.0069,0.9947,0.0146,0.0162,256,768,196608,393216,197659.5469,395319.0938,0.0000,0,0.0000,0.0000,0,0.0000,0,0.0000,0.0000,0,0.0000,0.0000,0,0,0,0,0,0,0,0,0,0,0,0,0,0,0,0,0,0,0,0,0,0,0,0,0
WG_METRICS 1313,256,768,1.0530,0.0075,0.0068,1.0148,0.0073,0.0165,256,768,196608,393216,193733.0000,387466.0000,0.0000,0,0.0000,0.0000,0,0.0000,0,0.0000,0.0000,0,0.0000,0.0000,0,0,0,0,0,0,0,0,0,0,0,0,0,0,0,0,0,0,0,0,0,0,0,0,0
WG_METRICS 1314,256,768,1.0700,0.0074,0.0069,0.9854,0.0541,0.0162,256,768,196608,393216,199521.0000,399042.0000,0.0000,0,0.0000,0.0000,0,0.0000,0,0.0000,0.0000,0,0.0000,0.0000,0,0,0,0,0,0,0,0,0,0,0,0,0,0,0,0,0,0,0,0,0,0,0,0,0
WG_METRICS 1315,256,768,1.3397,0.0078,0.0070,1.2800,0.0238,0.0211,256,768,196608,393216,153600.0000,307200.0000,0.0000,0,0.0000,0.0000,0,0.0000,0,0.0000,0.0000,0,0.0000,0.0000,0,0,0,0,0,0,0,0,0,0,0,0,0,0,0,0,0,0,0,0,0,0,0,0,0
WG_METRICS 1316,256,768,1.7537,0.0082,0.0070,1.6842,0.0252,0.0292,256,768,196608,393216,116739.5000,233479.0000,0.0000,0,0.0000,0.0000,0,0.0000,0,0.0000,0.0000,0,0.0000,0.0000,0,0,0,0,0,0,0,0,0,0,0,0,0,0,0,0,0,0,0,0,0,0,0,0,0
WG_METRICS 1317,256,768,1.9182,0.0087,0.0070,1.8574,0.0167,0.0284,256,768,196608,393216,105851.1953,211702.3906,0.0000,0,0.0000,0.0000,0,0.0000,0,0.0000,0.0000,0,0.0000,0.0000,0,0,0,0,0,0,0,0,0,0,0,0,0,0,0,0,0,0,0,0,0,0,0,0,0
WG_METRICS 1318,256,768,1.7046,0.0085,0.0070,1.6476,0.0160,0.0256,256,768,196608,393216,119327.0391,238654.0781,0.0000,0,0.0000,0.0000,0,0.0000,0,0.0000,0.0000,0,0.0000,0.0000,0,0,0,0,0,0,0,0,0,0,0,0,0,0,0,0,0,0,0,0,0,0,0,0,0
WG_METRICS 1319,256,768,1.3602,0.0080,0.0069,1.3104,0.0153,0.0196,256,768,196608,393216,150032.0625,300064.1250,0.0000,0,0.0000,0.0000,0,0.0000,0,0.0000,0.0000,0,0.0000,0.0000,0,0,0,0,0,0,0,0,0,0,0,0,0,0,0,0,0,0,0,0,0,0,0,0,0
WG_METRICS 1320,256,768,1.1302,0.0075,0.0069,1.0906,0.0087,0.0164,256,768,196608,393216,180268.4688,360536.9375,0.0000,0,0.0000,0.0000,0,0.0000,0,0.0000,0.0000,0,0.0000,0.0000,0,0,0,0,0,0,0,0,0,0,0,0,0,0,0,0,0,0,0,0,0,0,0,0,0
WG_METRICS 1321,256,768,1.0370,0.0075,0.0069,0.9902,0.0165,0.0159,256,768,196608,393216,198545.8125,397091.6250,0.0000,0,0.0000,0.0000,0,0.0000,0,0.0000,0.0000,0,0.0000,0.0000,0,0,0,0,0,0,0,0,0,0,0,0,0,0,0,0,0,0,0,0,0,0,0,0,0
WG_METRICS 1322,256,768,1.0184,0.0074,0.0068,0.9714,0.0165,0.0163,256,768,196608,393216,202396.5312,404793.0625,0.0000,0,0.0000,0.0000,0,0.0000,0,0.0000,0.0000,0,0.0000,0.0000,0,0,0,0,0,0,0,0,0,0,0,0,0,0,0,0,0,0,0,0,0,0,0,0,0
WG_METRICS 1323,256,768,1.0289,0.0075,0.0068,0.9890,0.0100,0.0156,256,768,196608,393216,198786.7031,397573.4062,0.0000,0,0.0000,0.0000,0,0.0000,0,0.0000,0.0000,0,0.0000,0.0000,0,0,0,0,0,0,0,0,0,0,0,0,0,0,0,0,0,0,0,0,0,0,0,0,0
WG_METRICS 1324,256,768,1.0398,0.0074,0.0068,0.9872,0.0228,0.0156,256,768,196608,393216,199157.2031,398314.4062,0.0000,0,0.0000,0.0000,0,0.0000,0,0.0000,0.0000,0,0.0000,0.0000,0,0,0,0,0,0,0,0,0,0,0,0,0,0,0,0,0,0,0,0,0,0,0,0,0
WG_METRICS 1325,256,768,1.0806,0.0074,0.0069,1.0259,0.0236,0.0168,256,768,196608,393216,191640.6719,383281.3438,0.0000,0,0.0000,0.0000,0,0.0000,0,0.0000,0.0000,0,0.0000,0.0000,0,0,0,0,0,0,0,0,0,0,0,0,0,0,0,0,0,0,0,0,0,0,0,0,0
WG_METRICS 1326,256,768,1.0630,0.0076,0.0068,1.0183,0.0143,0.0161,256,768,196608,393216,193078.5156,386157.0312,0.0000,0,0.0000,0.0000,0,0.0000,0,0.0000,0.0000,0,0.0000,0.0000,0,0,0,0,0,0,0,0,0,0,0,0,0,0,0,0,0,0,0,0,0,0,0,0,0
WG_METRICS 1327,256,768,1.0434,0.0074,0.0068,0.9908,0.0230,0.0154,256,768,196608,393216,198441.5938,396883.1875,0.0000,0,0.0000,0.0000,0,0.0000,0,0.0000,0.0000,0,0.0000,0.0000,0,0,0,0,0,0,0,0,0,0,0,0,0,0,0,0,0,0,0,0,0,0,0,0,0
WG_METRICS 1328,256,768,1.0120,0.0075,0.0068,0.9677,0.0144,0.0157,256,768,196608,393216,203166.2188,406332.4375,0.0000,0,0.0000,0.0000,0,0.0000,0,0.0000,0.0000,0,0.0000,0.0000,0,0,0,0,0,0,0,0,0,0,0,0,0,0,0,0,0,0,0,0,0,0,0,0,0
WG_METRICS 1329,256,768,1.0263,0.0074,0.0068,0.9735,0.0226,0.0160,256,768,196608,393216,201955.7969,403911.5938,0.0000,0,0.0000,0.0000,0,0.0000,0,0.0000,0.0000,0,0.0000,0.0000,0,0,0,0,0,0,0,0,0,0,0,0,0,0,0,0,0,0,0,0,0,0,0,0,0
WG_METRICS 1330,256,768,1.0466,0.0076,0.0068,1.0108,0.0049,0.0165,256,768,196608,393216,194507.3125,389014.6250,0.0000,0,0.0000,0.0000,0,0.0000,0,0.0000,0.0000,0,0.0000,0.0000,0,0,0,0,0,0,0,0,0,0,0,0,0,0,0,0,0,0,0,0,0,0,0,0,0
WG_METRICS 1331,256,768,1.0531,0.0074,0.0068,1.0005,0.0228,0.0156,256,768,196608,393216,196513.6562,393027.3125,0.0000,0,0.0000,0.0000,0,0.0000,0,0.0000,0.0000,0,0.0000,0.0000,0,0,0,0,0,0,0,0,0,0,0,0,0,0,0,0,0,0,0,0,0,0,0,0,0
WG_METRICS 1332,256,768,1.0359,0.0075,0.0068,0.9829,0.0226,0.0160,256,768,196608,393216,200032.5625,400065.1250,0.0000,0,0.0000,0.0000,0,0.0000,0,0.0000,0.0000,0,0.0000,0.0000,0,0,0,0,0,0,0,0,0,0,0,0,0,0,0,0,0,0,0,0,0,0,0,0,0
WG_METRICS 1333,256,768,1.0491,0.0074,0.0068,0.9965,0.0229,0.0154,256,768,196608,393216,197302.5000,394605.0000,0.0000,0,0.0000,0.0000,0,0.0000,0,0.0000,0.0000,0,0.0000,0.0000,0,0,0,0,0,0,0,0,0,0,0,0,0,0,0,0,0,0,0,0,0,0,0,0,0
WG_METRICS 1334,256,768,1.0273,0.0075,0.0068,0.9822,0.0143,0.0165,256,768,196608,393216,200179.2031,400358.4062,0.0000,0,0.0000,0.0000,0,0.0000,0,0.0000,0.0000,0,0.0000,0.0000,0,0,0,0,0,0,0,0,0,0,0,0,0,0,0,0,0,0,0,0,0,0,0,0,0
WG_METRICS 1335,256,768,1.0364,0.0074,0.0069,0.9985,0.0080,0.0157,256,768,196608,393216,196907.2969,393814.5938,0.0000,0,0.0000,0.0000,0,0.0000,0,0.0000,0.0000,0,0.0000,0.0000,0,0,0,0,0,0,0,0,0,0,0,0,0,0,0,0,0,0,0,0,0,0,0,0,0
WG_METRICS 1336,256,768,1.0428,0.0074,0.0068,1.0035,0.0094,0.0157,256,768,196608,393216,195926.1875,391852.3750,0.0000,0,0.0000,0.0000,0,0.0000,0,0.0000,0.0000,0,0.0000,0.0000,0,0,0,0,0,0,0,0,0,0,0,0,0,0,0,0,0,0,0,0,0,0,0,0,0
WG_METRICS 1337,256,768,1.4133,0.0078,0.0069,1.3519,0.0245,0.0222,256,768,196608,393216,145433.0312,290866.0625,0.0000,0,0.0000,0.0000,0,0.0000,0,0.0000,0.0000,0,0.0000,0.0000,0,0,0,0,0,0,0,0,0,0,0,0,0,0,0,0,0,0,0,0,0,0,0,0,0
WG_METRICS 1338,256,768,1.9133,0.0088,0.0070,1.8518,0.0169,0.0289,256,768,196608,393216,106173.5859,212347.1719,0.0000,0,0.0000,0.0000,0,0.0000,0,0.0000,0.0000,0,0.0000,0.0000,0,0,0,0,0,0,0,0,0,0,0,0,0,0,0,0,0,0,0,0,0,0,0,0,0
WG_METRICS 1339,256,768,1.9270,0.0087,0.0070,1.8578,0.0244,0.0290,256,768,196608,393216,105826.1250,211652.2500,0.0000,0,0.0000,0.0000,0,0.0000,0,0.0000,0.0000,0,0.0000,0.0000,0,0,0,0,0,0,0,0,0,0,0,0,0,0,0,0,0,0,0,0,0,0,0,0,0
WG_METRICS 1340,256,768,1.9725,0.0101,0.0071,1.9006,0.0255,0.0292,256,768,196608,393216,103445.2266,206890.4531,0.0000,0,0.0000,0.0000,0,0.0000,0,0.0000,0.0000,0,0.0000,0.0000,0,0,0,0,0,0,0,0,0,0,0,0,0,0,0,0,0,0,0,0,0,0,0,0,0
WG_METRICS 1341,256,768,1.8556,0.0087,0.0070,1.7887,0.0247,0.0265,256,768,196608,393216,109915.4688,219830.9375,0.0000,0,0.0000,0.0000,0,0.0000,0,0.0000,0.0000,0,0.0000,0.0000,0,0,0,0,0,0,0,0,0,0,0,0,0,0,0,0,0,0,0,0,0,0,0,0,0
WG_METRICS 1342,256,768,1.4939,0.0080,0.0070,1.4484,0.0106,0.0199,256,768,196608,393216,135745.2656,271490.5312,0.0000,0,0.0000,0.0000,0,0.0000,0,0.0000,0.0000,0,0.0000,0.0000,0,0,0,0,0,0,0,0,0,0,0,0,0,0,0,0,0,0,0,0,0,0,0,0,0
WG_METRICS 1343,256,768,1.0319,0.0076,0.0067,0.9788,0.0228,0.0160,256,768,196608,393216,200874.5781,401749.1562,0.0000,0,0.0000,0.0000,0,0.0000,0,0.0000,0.0000,0,0.0000,0.0000,0,0,0,0,0,0,0,0,0,0,0,0,0,0,0,0,0,0,0,0,0,0,0,0,0
WG_METRICS 1344,256,768,1.0412,0.0092,0.0066,0.9864,0.0232,0.0158,256,768,196608,393216,199318.7344,398637.4688,0.0000,0,0.0000,0.0000,0,0.0000,0,0.0000,0.0000,0,0.0000,0.0000,0,0,0,0,0,0,0,0,0,0,0,0,0,0,0,0,0,0,0,0,0,0,0,0,0
WG_METRICS 1345,256,768,1.0341,0.0090,0.0072,0.9791,0.0228,0.0160,256,768,196608,393216,200800.7188,401601.4375,0.0000,0,0.0000,0.0000,0,0.0000,0,0.0000,0.0000,0,0.0000,0.0000,0,0,0,0,0,0,0,0,0,0,0,0,0,0,0,0,0,0,0,0,0,0,0,0,0
WG_METRICS 1346,256,768,1.0334,0.0075,0.0068,0.9807,0.0230,0.0155,256,768,196608,393216,200481.2969,400962.5938,0.0000,0,0.0000,0.0000,0,0.0000,0,0.0000,0.0000,0,0.0000,0.0000,0,0,0,0,0,0,0,0,0,0,0,0,0,0,0,0,0,0,0,0,0,0,0,0,0
WG_METRICS 1347,256,768,1.0282,0.0075,0.0068,0.9752,0.0229,0.0159,256,768,196608,393216,201616.1406,403232.2812,0.0000,0,0.0000,0.0000,0,0.0000,0,0.0000,0.0000,0,0.0000,0.0000,0,0,0,0,0,0,0,0,0,0,0,0,0,0,0,0,0,0,0,0,0,0,0,0,0
WG_METRICS 1348,256,768,1.0268,0.0076,0.0068,0.9740,0.0226,0.0158,256,768,196608,393216,201856.2656,403712.5312,0.0000,0,0.0000,0.0000,0,0.0000,0,0.0000,0.0000,0,0.0000,0.0000,0,0,0,0,0,0,0,0,0,0,0,0,0,0,0,0,0,0,0,0,0,0,0,0,0
WG_METRICS 1349,256,768,1.0447,0.0075,0.0067,1.0000,0.0144,0.0160,256,768,196608,393216,196600.1250,393200.2500,0.0000,0,0.0000,0.0000,0,0.0000,0,0.0000,0.0000,0,0.0000,0.0000,0,0,0,0,0,0,0,0,0,0,0,0,0,0,0,0,0,0,0,0,0,0,0,0,0
WG_METRICS 1350,256,768,1.0266,0.0092,0.0069,0.9710,0.0232,0.0162,256,768,196608,393216,202471.5781,404943.1562,0.0000,0,0.0000,0.0000,0,0.0000,0,0.0000,0.0000,0,0.0000,0.0000,0,0,0,0,0,0,0,0,0,0,0,0,0,0,0,0,0,0,0,0,0,0,0,0,0
WG_METRICS 1351,256,768,1.0365,0.0075,0.0068,0.9904,0.0164,0.0154,256,768,196608,393216,198513.7344,397027.4688,0.0000,0,0.0000,0.0000,0,0.0000,0,0.0000,0.0000,0,0.0000,0.0000,0,0,0,0,0,0,0,0,0,0,0,0,0,0,0,0,0,0,0,0,0,0,0,0,0
WG_METRICS 1352,256,768,1.0458,0.0074,0.0069,0.9930,0.0229,0.0156,256,768,196608,393216,198001.9375,396003.8750,0.0000,0,0.0000,0.0000,0,0.0000,0,0.0000,0.0000,0,0.0000,0.0000,0,0,0,0,0,0,0,0,0,0,0,0,0,0,0,0,0,0,0,0,0,0,0,0,0
WG_METRICS 1353,256,768,1.0810,0.0075,0.0068,1.0340,0.0165,0.0162,256,768,196608,393216,190135.7812,380271.5625,0.0000,0,0.0000,0.0000,0,0.0000,0,0.0000,0.0000,0,0.0000,0.0000,0,0,0,0,0,0,0,0,0,0,0,0,0,0,0,0,0,0,0,0,0,0,0,0,0
WG_METRICS 1354,256,768,1.0767,0.0076,0.0069,1.0317,0.0143,0.0162,256,768,196608,393216,190570.7188,381141.4375,0.0000,0,0.0000,0.0000,0,0.0000,0,0.0000,0.0000,0,0.0000,0.0000,0,0,0,0,0,0,0,0,0,0,0,0,0,0,0,0,0,0,0,0,0,0,0,0,0
WG_METRICS 1355,256,768,1.0807,0.0075,0.0068,1.0270,0.0234,0.0160,256,768,196608,393216,191431.6875,382863.3750,0.0000,0,0.0000,0.0000,0,0.0000,0,0.0000,0.0000,0,0.0000,0.0000,0,0,0,0,0,0,0,0,0,0,0,0,0,0,0,0,0,0,0,0,0,0,0,0,0
WG_METRICS 1356,256,768,1.0417,0.0077,0.0068,0.9964,0.0146,0.0163,256,768,196608,393216,197326.2656,394652.5312,0.0000,0,0.0000,0.0000,0,0.0000,0,0.0000,0.0000,0,0.0000,0.0000,0,0,0,0,0,0,0,0,0,0,0,0,0,0,0,0,0,0,0,0,0,0,0,0,0
WG_METRICS 1357,256,768,1.0351,0.0075,0.0068,0.9820,0.0230,0.0158,256,768,196608,393216,200211.8125,400423.6250,0.0000,0,0.0000,0.0000,0,0.0000,0,0.0000,0.0000,0,0.0000,0.0000,0,0,0,0,0,0,0,0,0,0,0,0,0,0,0,0,0,0,0,0,0,0,0,0,0
WG_METRICS 1358,256,768,1.0434,0.0074,0.0068,0.9949,0.0182,0.0161,256,768,196608,393216,197619.8125,395239.6250,0.0000,0,0.0000,0.0000,0,0.0000,0,0.0000,0.0000,0,0.0000,0.0000,0,0,0,0,0,0,0,0,0,0,0,0,0,0,0,0,0,0,0,0,0,0,0,0,0
WG_METRICS 1359,256,768,1.2420,0.0075,0.0068,0.9852,0.2270,0.0156,256,768,196608,393216,199561.5156,399123.0312,0.0000,0,0.0000,0.0000,0,0.0000,0,0.0000,0.0000,0,0.0000,0.0000,0,0,0,0,0,0,0,0,0,0,0,0,0,0,0,0,0,0,0,0,0,0,0,0,0
WG_METRICS 1360,256,768,1.1902,0.0077,0.0068,1.1426,0.0148,0.0183,256,768,196608,393216,172064.6875,344129.3750,0.0000,0,0.0000,0.0000,0,0.0000,0,0.0000,0.0000,0,0.0000,0.0000,0,0,0,0,0,0,0,0,0,0,0,0,0,0,0,0,0,0,0,0,0,0,0,0,0
WG_METRICS 1361,256,768,1.2718,0.0078,0.0068,1.2140,0.0238,0.0193,256,768,196608,393216,161950.5781,323901.1562,0.0000,0,0.0000,0.0000,0,0.0000,0,0.0000,0.0000,0,0.0000,0.0000,0,0,0,0,0,0,0,0,0,0,0,0,0,0,0,0,0,0,0,0,0,0,0,0,0
WG_METRICS 1362,256,768,1.2818,0.0077,0.0069,1.2248,0.0232,0.0191,256,768,196608,393216,160517.2812,321034.5625,0.0000,0,0.0000,0.0000,0,0.0000,0,0.0000,0.0000,0,0.0000,0.0000,0,0,0,0,0,0,0,0,0,0,0,0,0,0,0,0,0,0,0,0,0,0,0,0,0
WG_METRICS 1363,256,768,1.2226,0.0077,0.0069,1.1660,0.0233,0.0187,256,768,196608,393216,168617.5000,337235.0000,0.0000,0,0.0000,0.0000,0,0.0000,0,0.0000,0.0000,0,0.0000,0.0000,0,0,0,0,0,0,0,0,0,0,0,0,0,0,0,0,0,0,0,0,0,0,0,0,0
WG_METRICS 1364,256,768,1.1347,0.0077,0.0068,1.0802,0.0230,0.0170,256,768,196608,393216,182010.7500,364021.5000,0.0000,0,0.0000,0.0000,0,0.0000,0,0.0000,0.0000,0,0.0000,0.0000,0,0,0,0,0,0,0,0,0,0,0,0,0,0,0,0,0,0,0,0,0,0,0,0,0
WG_METRICS 1365,256,768,1.0964,0.0075,0.0067,1.0430,0.0229,0.0164,256,768,196608,393216,188509.6250,377019.2500,0.0000,0,0.0000,0.0000,0,0.0000,0,0.0000,0.0000,0,0.0000,0.0000,0,0,0,0,0,0,0,0,0,0,0,0,0,0,0,0,0,0,0,0,0,0,0,0,0
WG_METRICS 1366,256,768,1.0920,0.0076,0.0068,1.0385,0.0232,0.0160,256,768,196608,393216,189315.5625,378631.1250,0.0000,0,0.0000,0.0000,0,0.0000,0,0.0000,0.0000,0,0.0000,0.0000,0,0,0,0,0,0,0,0,0,0,0,0,0,0,0,0,0,0,0,0,0,0,0,0,0
WG_METRICS 1367,256,768,1.0394,0.0098,0.0069,0.9834,0.0231,0.0161,256,768,196608,393216,199918.6562,399837.3125,0.0000,0,0.0000,0.0000,0,0.0000,0,0.0000,0.0000,0,0.0000,0.0000,0,0,0,0,0,0,0,0,0,0,0,0,0,0,0,0,0,0,0,0,0,0,0,0,0
WG_METRICS 1368,256,768,1.0338,0.0074,0.0068,0.9800,0.0230,0.0165,256,768,196608,393216,200628.5938,401257.1875,0.0000,0,0.0000,0.0000,0,0.0000,0,0.0000,0.0000,0,0.0000,0.0000,0,0,0,0,0,0,0,0,0,0,0,0,0,0,0,0,0,0,0,0,0,0,0,0,0
WG_METRICS 1369,256,768,1.0311,0.0075,0.0068,0.9788,0.0225,0.0156,256,768,196608,393216,200874.5781,401749.1562,0.0000,0,0.0000,0.0000,0,0.0000,0,0.0000,0.0000,0,0.0000,0.0000,0,0,0,0,0,0,0,0,0,0,0,0,0,0,0,0,0,0,0,0,0,0,0,0,0
WG_METRICS 1370,256,768,1.0374,0.0076,0.0068,0.9837,0.0233,0.0159,256,768,196608,393216,199869.8750,399739.7500,0.0000,0,0.0000,0.0000,0,0.0000,0,0.0000,0.0000,0,0.0000,0.0000,0,0,0,0,0,0,0,0,0,0,0,0,0,0,0,0,0,0,0,0,0,0,0,0,0
WG_METRICS 1371,256,768,1.0726,0.0076,0.0068,1.0186,0.0234,0.0162,256,768,196608,393216,193010.2812,386020.5625,0.0000,0,0.0000,0.0000,0,0.0000,0,0.0000,0.0000,0,0.0000,0.0000,0,0,0,0,0,0,0,0,0,0,0,0,0,0,0,0,0,0,0,0,0,0,0,0,0
WG_METRICS 1372,256,768,1.2057,0.0076,0.0069,1.1493,0.0234,0.0185,256,768,196608,393216,171070.5938,342141.1875,0.0000,0,0.0000,0.0000,0,0.0000,0,0.0000,0.0000,0,0.0000,0.0000,0,0,0,0,0,0,0,0,0,0,0,0,0,0,0,0,0,0,0,0,0,0,0,0,0
WG_METRICS 1373,256,768,1.5651,0.0100,0.0070,1.5079,0.0157,0.0244,256,768,196608,393216,130383.5703,260767.1406,0.0000,0,0.0000,0.0000,0,0.0000,0,0.0000,0.0000,0,0.0000,0.0000,0,0,0,0,0,0,0,0,0,0,0,0,0,0,0,0,0,0,0,0,0,0,0,0,0
WG_METRICS 1374,256,768,1.8303,0.0085,0.0070,1.7628,0.0247,0.0273,256,768,196608,393216,111529.1250,223058.2500,0.0000,0,0.0000,0.0000,0,0.0000,0,0.0000,0.0000,0,0.0000,0.0000,0,0,0,0,0,0,0,0,0,0,0,0,0,0,0,0,0,0,0,0,0,0,0,0,0
WG_METRICS 1375,256,768,1.6952,0.0086,0.0070,1.6295,0.0254,0.0248,256,768,196608,393216,120653.9297,241307.8594,0.0000,0,0.0000,0.0000,0,0.0000,0,0.0000,0.0000,0,0.0000,0.0000,0,0,0,0,0,0,0,0,0,0,0,0,0,0,0,0,0,0,0,0,0,0,0,0,0
WG_METRICS 1376,256,768,1.2714,0.0078,0.0070,1.2144,0.0235,0.0188,256,768,196608,393216,161897.2188,323794.4375,0.0000,0,0.0000,0.0000,0,0.0000,0,0.0000,0.0000,0,0.0000,0.0000,0,0,0,0,0,0,0,0,0,0,0,0,0,0,0,0,0,0,0,0,0,0,0,0,0
WG_METRICS 1377,256,768,1.1297,0.0075,0.0070,1.0753,0.0232,0.0168,256,768,196608,393216,182843.5469,365687.0938,0.0000,0,0.0000,0.0000,0,0.0000,0,0.0000,0.0000,0,0.0000,0.0000,0,0,0,0,0,0,0,0,0,0,0,0,0,0,0,0,0,0,0,0,0,0,0,0,0
WG_METRICS 1378,256,768,1.0448,0.0084,0.0066,1.0010,0.0132,0.0156,256,768,196608,393216,196419.4375,392838.8750,0.0000,0,0.0000,0.0000,0,0.0000,0,0.0000,0.0000,0,0.0000,0.0000,0,0,0,0,0,0,0,0,0,0,0,0,0,0,0,0,0,0,0,0,0,0,0,0,0
WG_METRICS 1379,256,768,1.0345,0.0075,0.0068,0.9939,0.0101,0.0162,256,768,196608,393216,197818.6562,395637.3125,0.0000,0,0.0000,0.0000,0,0.0000,0,0.0000,0.0000,0,0.0000,0.0000,0,0,0,0,0,0,0,0,0,0,0,0,0,0,0,0,0,0,0,0,0,0,0,0,0
WG_METRICS 1380,256,768,1.1488,0.0076,0.0068,1.0944,0.0228,0.0172,256,768,196608,393216,179655.6875,359311.3750,0.0000,0,0.0000,0.0000,0,0.0000,0,0.0000,0.0000,0,0.0000,0.0000,0,0,0,0,0,0,0,0,0,0,0,0,0,0,0,0,0,0,0,0,0,0,0,0,0
WG_METRICS 1381,256,768,1.1683,0.0076,0.0069,1.1131,0.0231,0.0176,256,768,196608,393216,176627.8594,353255.7188,0.0000,0,0.0000,0.0000,0,0.0000,0,0.0000,0.0000,0,0.0000,0.0000,0,0,0,0,0,0,0,0,0,0,0,0,0,0,0,0,0,0,0,0,0,0,0,0,0
WG_METRICS 1382,256,768,1.2550,0.0077,0.0068,1.1360,0.0524,0.0521,256,768,196608,393216,173076.5156,346153.0312,0.0000,0,0.0000,0.0000,0,0.0000,0,0.0000,0.0000,0,0.0000,0.0000,0,0,0,0,0,0,0,0,0,0,0,0,0,0,0,0,0,0,0,0,0,0,0,0,0
WG_METRICS 1383,256,768,1.2328,0.0078,0.0068,1.1766,0.0231,0.0185,256,768,196608,393216,167104.0938,334208.1875,0.0000,0,0.0000,0.0000,0,0.0000,0,0.0000,0.0000,0,0.0000,0.0000,0,0,0,0,0,0,0,0,0,0,0,0,0,0,0,0,0,0,0,0,0,0,0,0,0
WG_METRICS 1384,256,768,1.4292,0.0080,0.0068,1.3767,0.0153,0.0224,256,768,196608,393216,142809.0000,285618.0000,0.0000,0,0.0000,0.0000,0,0.0000,0,0.0000,0.0000,0,0.0000,0.0000,0,0,0,0,0,0,0,0,0,0,0,0,0,0,0,0,0,0,0,0,0,0,0,0,0
WG_METRICS 1385,256,768,1.8814,0.0100,0.0072,1.8093,0.0251,0.0298,256,768,196608,393216,108666.4297,217332.8594,0.0000,0,0.0000,0.0000,0,0.0000,0,0.0000,0.0000,0,0.0000,0.0000,0,0,0,0,0,0,0,0,0,0,0,0,0,0,0,0,0,0,0,0,0,0,0,0,0
WG_METRICS 1386,256,768,1.8556,0.0086,0.0070,1.7884,0.0247,0.0268,256,768,196608,393216,109932.6797,219865.3594,0.0000,0,0.0000,0.0000,0,0.0000,0,0.0000,0.0000,0,0.0000,0.0000,0,0,0,0,0,0,0,0,0,0,0,0,0,0,0,0,0,0,0,0,0,0,0,0,0
WG_METRICS 1387,256,768,1.5572,0.0082,0.0069,1.4958,0.0242,0.0220,256,768,196608,393216,131436.5156,262873.0312,0.0000,0,0.0000,0.0000,0,0.0000,0,0.0000,0.0000,0,0.0000,0.0000,0,0,0,0,0,0,0,0,0,0,0,0,0,0,0,0,0,0,0,0,0,0,0,0,0
WG_METRICS 1388,256,768,1.2961,0.0080,0.0069,1.2478,0.0142,0.0192,256,768,196608,393216,157558.6562,315117.3125,0.0000,0,0.0000,0.0000,0,0.0000,0,0.0000,0.0000,0,0.0000,0.0000,0,0,0,0,0,0,0,0,0,0,0,0,0,0,0,0,0,0,0,0,0,0,0,0,0
WG_METRICS 1389,256,768,1.0524,0.0075,0.0068,1.0112,0.0106,0.0163,256,768,196608,393216,194422.6875,388845.3750,0.0000,0,0.0000,0.0000,0,0.0000,0,0.0000,0.0000,0,0.0000,0.0000,0,0,0,0,0,0,0,0,0,0,0,0,0,0,0,0,0,0,0,0,0,0,0,0,0
WG_METRICS 1390,256,768,1.0489,0.0074,0.0069,0.9965,0.0227,0.0154,256,768,196608,393216,197294.5938,394589.1875,0.0000,0,0.0000,0.0000,0,0.0000,0,0.0000,0.0000,0,0.0000,0.0000,0,0,0,0,0,0,0,0,0,0,0,0,0,0,0,0,0,0,0,0,0,0,0,0,0
WG_METRICS 1391,256,768,1.0246,0.0074,0.0069,0.9716,0.0231,0.0155,256,768,196608,393216,202346.5469,404693.0938,0.0000,0,0.0000,0.0000,0,0.0000,0,0.0000,0.0000,0,0.0000,0.0000,0,0,0,0,0,0,0,0,0,0,0,0,0,0,0,0,0,0,0,0,0,0,0,0,0
WG_METRICS 1392,256,768,1.0346,0.0075,0.0068,0.9819,0.0228,0.0156,256,768,196608,393216,200228.1250,400456.2500,0.0000,0,0.0000,0.0000,0,0.0000,0,0.0000,0.0000,0,0.0000,0.0000,0,0,0,0,0,0,0,0,0,0,0,0,0,0,0,0,0,0,0,0,0,0,0,0,0
WG_METRICS 1393,256,768,1.0344,0.0074,0.0068,0.9818,0.0228,0.0155,256,768,196608,393216,200252.5938,400505.1875,0.0000,0,0.0000,0.0000,0,0.0000,0,0.0000,0.0000,0,0.0000,0.0000,0,0,0,0,0,0,0,0,0,0,0,0,0,0,0,0,0,0,0,0,0,0,0,0,0
WG_METRICS 1394,256,768,1.0418,0.0098,0.0070,0.9865,0.0228,0.0156,256,768,196608,393216,199294.4844,398588.9688,0.0000,0,0.0000,0.0000,0,0.0000,0,0.0000,0.0000,0,0.0000,0.0000,0,0,0,0,0,0,0,0,0,0,0,0,0,0,0,0,0,0,0,0,0,0,0,0,0
WG_METRICS 1395,256,768,1.0309,0.0074,0.0068,0.9782,0.0230,0.0156,256,768,196608,393216,200997.7812,401995.5625,0.0000,0,0.0000,0.0000,0,0.0000,0,0.0000,0.0000,0,0.0000,0.0000,0,0,0,0,0,0,0,0,0,0,0,0,0,0,0,0,0,0,0,0,0,0,0,0,0
WG_METRICS 1396,256,768,1.0290,0.0074,0.0068,0.9783,0.0207,0.0157,256,768,196608,393216,200964.9219,401929.8438,0.0000,0,0.0000,0.0000,0,0.0000,0,0.0000,0.0000,0,0.0000,0.0000,0,0,0,0,0,0,0,0,0,0,0,0,0,0,0,0,0,0,0,0,0,0,0,0,0
WG_METRICS 1397,256,768,1.0395,0.0074,0.0068,0.9862,0.0229,0.0162,256,768,196608,393216,199359.1562,398718.3125,0.0000,0,0.0000,0.0000,0,0.0000,0,0.0000,0.0000,0,0.0000,0.0000,0,0,0,0,0,0,0,0,0,0,0,0,0,0,0,0,0,0,0,0,0,0,0,0,0
WG_METRICS 1398,256,768,1.0427,0.0076,0.0068,0.9998,0.0121,0.0164,256,768,196608,393216,196655.2031,393310.4062,0.0000,0,0.0000,0.0000,0,0.0000,0,0.0000,0.0000,0,0.0000,0.0000,0,0,0,0,0,0,0,0,0,0,0,0,0,0,0,0,0,0,0,0,0,0,0,0,0
WG_METRICS 1399,256,768,1.0318,0.0075,0.0068,0.9791,0.0228,0.0156,256,768,196608,393216,200808.9219,401617.8438,0.0000,0,0.0000,0.0000,0,0.0000,0,0.0000,0.0000,0,0.0000,0.0000,0,0,0,0,0,0,0,0,0,0,0,0,0,0,0,0,0,0,0,0,0,0,0,0,0
WG_METRICS 1400,256,768,1.3183,0.0078,0.0069,1.2673,0.0151,0.0213,256,768,196608,393216,155141.7188,310283.4375,0.0000,0,0.0000,0.0000,0,0.0000,0,0.0000,0.0000,0,0.0000,0.0000,0,0,0,0,0,0,0,0,0,0,0,0,0,0,0,0,0,0,0,0,0,0,0,0,0
WG_METRICS 1401,256,768,1.9386,0.0088,0.0070,1.8680,0.0254,0.0294,256,768,196608,393216,105252.7891,210505.5781,0.0000,0,0.0000,0.0000,0,0.0000,0,0.0000,0.0000,0,0.0000,0.0000,0,0,0,0,0,0,0,0,0,0,0,0,0,0,0,0,0,0,0,0,0,0,0,0,0
WG_METRICS 1402,256,768,1.9179,0.0088,0.0070,1.8477,0.0249,0.0295,256,768,196608,393216,106405.7344,212811.4688,0.0000,0,0.0000,0.0000,0,0.0000,0,0.0000,0.0000,0,0.0000,0.0000,0,0,0,0,0,0,0,0,0,0,0,0,0,0,0,0,0,0,0,0,0,0,0,0,0
WG_METRICS 1403,256,768,1.8911,0.0088,0.0070,1.8322,0.0166,0.0266,256,768,196608,393216,107309.4062,214618.8125,0.0000,0,0.0000,0.0000,0,0.0000,0,0.0000,0.0000,0,0.0000,0.0000,0,0,0,0,0,0,0,0,0,0,0,0,0,0,0,0,0,0,0,0,0,0,0,0,0
WG_METRICS 1404,256,768,1.3512,0.0104,0.0069,1.2906,0.0237,0.0196,256,768,196608,393216,152333.7188,304667.4375,0.0000,0,0.0000,0.0000,0,0.0000,0,0.0000,0.0000,0,0.0000,0.0000,0,0,0,0,0,0,0,0,0,0,0,0,0,0,0,0,0,0,0,0,0,0,0,0,0
WG_METRICS 1405,256,768,1.0494,0.0074,0.0068,0.9961,0.0230,0.0161,256,768,196608,393216,197373.8125,394747.6250,0.0000,0,0.0000,0.0000,0,0.0000,0,0.0000,0.0000,0,0.0000,0.0000,0,0,0,0,0,0,0,0,0,0,0,0,0,0,0,0,0,0,0,0,0,0,0,0,0
WG_METRICS 1406,256,768,1.0344,0.0090,0.0066,0.9803,0.0230,0.0155,256,768,196608,393216,200554.9219,401109.8438,0.0000,0,0.0000,0.0000,0,0.0000,0,0.0000,0.0000,0,0.0000,0.0000,0,0,0,0,0,0,0,0,0,0,0,0,0,0,0,0,0,0,0,0,0,0,0,0,0
WG_METRICS 1407,256,768,1.0250,0.0075,0.0068,0.9724,0.0228,0.0155,256,768,196608,393216,202188.3906,404376.7812,0.0000,0,0.0000,0.0000,0,0.0000,0,0.0000,0.0000,0,0.0000,0.0000,0,0,0,0,0,0,0,0,0,0,0,0,0,0,0,0,0,0,0,0,0,0,0,0,0
WG_METRICS 1408,256,768,1.0327,0.0092,0.0068,0.9781,0.0228,0.0158,256,768,196608,393216,201006.0000,402012.0000,0.0000,0,0.0000,0.0000,0,0.0000,0,0.0000,0.0000,0,0.0000,0.0000,0,0,0,0,0,0,0,0,0,0,0,0,0,0,0,0,0,0,0,0,0,0,0,0,0
WG_METRICS 1409,256,768,1.0257,0.0074,0.0068,0.9728,0.0231,0.0156,256,768,196608,393216,202113.5625,404227.1250,0.0000,0,0.0000,0.0000,0,0.0000,0,0.0000,0.0000,0,0.0000,0.0000,0,0,0,0,0,0,0,0,0,0,0,0,0,0,0,0,0,0,0,0,0,0,0,0,0
WG_METRICS 1410,256,768,1.0261,0.0075,0.0068,0.9728,0.0224,0.0166,256,768,196608,393216,202113.5625,404227.1250,0.0000,0,0.0000,0.0000,0,0.0000,0,0.0000,0.0000,0,0.0000,0.0000,0,0,0,0,0,0,0,0,0,0,0,0,0,0,0,0,0,0,0,0,0,0,0,0,0
WG_METRICS 1411,256,768,1.0384,0.0074,0.0068,0.9846,0.0236,0.0160,256,768,196608,393216,199691.2344,399382.4688,0.0000,0,0.0000,0.0000,0,0.0000,0,0.0000,0.0000,0,0.0000,0.0000,0,0,0,0,0,0,0,0,0,0,0,0,0,0,0,0,0,0,0,0,0,0,0,0,0
WG_METRICS 1412,256,768,1.0372,0.0074,0.0068,0.9932,0.0141,0.0156,256,768,196608,393216,197954.0938,395908.1875,0.0000,0,0.0000,0.0000,0,0.0000,0,0.0000,0.0000,0,0.0000,0.0000,0,0,0,0,0,0,0,0,0,0,0,0,0,0,0,0,0,0,0,0,0,0,0,0,0
WG_METRICS 1413,256,768,1.0395,0.0075,0.0068,0.9873,0.0226,0.0154,256,768,196608,393216,199141.0781,398282.1562,0.0000,0,0.0000,0.0000,0,0.0000,0,0.0000,0.0000,0,0.0000,0.0000,0,0,0,0,0,0,0,0,0,0,0,0,0,0,0,0,0,0,0,0,0,0,0,0,0
WG_METRICS 1414,256,768,1.0304,0.0075,0.0068,0.9778,0.0224,0.0160,256,768,196608,393216,201080.0156,402160.0312,0.0000,0,0.0000,0.0000,0,0.0000,0,0.0000,0.0000,0,0.0000,0.0000,0,0,0,0,0,0,0,0,0,0,0,0,0,0,0,0,0,0,0,0,0,0,0,0,0
WG_METRICS 1415,256,768,1.0325,0.0075,0.0068,0.9802,0.0224,0.0156,256,768,196608,393216,200587.6562,401175.3125,0.0000,0,0.0000,0.0000,0,0.0000,0,0.0000,0.0000,0,0.0000,0.0000,0,0,0,0,0,0,0,0,0,0,0,0,0,0,0,0,0,0,0,0,0,0,0,0,0
WG_METRICS 1416,256,768,1.0268,0.0074,0.0068,0.9833,0.0138,0.0154,256,768,196608,393216,199943.0469,399886.0938,0.0000,0,0.0000,0.0000,0,0.0000,0,0.0000,0.0000,0,0.0000,0.0000,0,0,0,0,0,0,0,0,0,0,0,0,0,0,0,0,0,0,0,0,0,0,0,0,0
WG_METRICS 1417,256,768,1.0231,0.0076,0.0068,0.9785,0.0142,0.0160,256,768,196608,393216,200932.0625,401864.1250,0.0000,0,0.0000,0.0000,0,0.0000,0,0.0000,0.0000,0,0.0000,0.0000,0,0,0,0,0,0,0,0,0,0,0,0,0,0,0,0,0,0,0,0,0,0,0,0,0
WG_METRICS 1418,256,768,1.0358,0.0074,0.0069,0.9834,0.0228,0.0154,256,768,196608,393216,199926.7812,399853.5625,0.0000,0,0.0000,0.0000,0,0.0000,0,0.0000,0.0000,0,0.0000,0.0000,0,0,0,0,0,0,0,0,0,0,0,0,0,0,0,0,0,0,0,0,0,0,0,0,0
WG_METRICS 1419,256,768,1.1014,0.0076,0.0068,1.0552,0.0146,0.0172,256,768,196608,393216,186315.9062,372631.8125,0.0000,0,0.0000,0.0000,0,0.0000,0,0.0000,0.0000,0,0.0000,0.0000,0,0,0,0,0,0,0,0,0,0,0,0,0,0,0,0,0,0,0,0,0,0,0,0,0
WG_METRICS 1420,256,768,1.9225,0.0089,0.0070,1.8604,0.0166,0.0295,256,768,196608,393216,105678.2266,211356.4531,0.0000,0,0.0000,0.0000,0,0.0000,0,0.0000,0.0000,0,0.0000,0.0000,0,0,0,0,0,0,0,0,0,0,0,0,0,0,0,0,0,0,0,0,0,0,0,0,0
WG_METRICS 1421,256,768,1.9123,0.0088,0.0070,1.8414,0.0257,0.0293,256,768,196608,393216,106770.9297,213541.8594,0.0000,0,0.0000,0.0000,0,0.0000,0,0.0000,0.0000,0,0.0000,0.0000,0,0,0,0,0,0,0,0,0,0,0,0,0,0,0,0,0,0,0,0,0,0,0,0,0
WG_METRICS 1422,256,768,1.9108,0.0088,0.0070,1.8495,0.0167,0.0287,256,768,196608,393216,106302.1797,212604.3594,0.0000,0,0.0000,0.0000,0,0.0000,0,0.0000,0.0000,0,0.0000,0.0000,0,0,0,0,0,0,0,0,0,0,0,0,0,0,0,0,0,0,0,0,0,0,0,0,0
WG_METRICS 1423,256,768,1.9546,0.0087,0.0070,1.8930,0.0168,0.0290,256,768,196608,393216,103858.3438,207716.6875,0.0000,0,0.0000,0.0000,0,0.0000,0,0.0000,0.0000,0,0.0000,0.0000,0,0,0,0,0,0,0,0,0,0,0,0,0,0,0,0,0,0,0,0,0,0,0,0,0
WG_METRICS 1424,256,768,1.3556,0.0081,0.0069,1.2992,0.0102,0.0313,256,768,196608,393216,151334.7031,302669.4062,0.0000,0,0.0000,0.0000,0,0.0000,0,0.0000,0.0000,0,0.0000,0.0000,0,0,0,0,0,0,0,0,0,0,0,0,0,0,0,0,0,0,0,0,0,0,0,0,0
WG_METRICS 1425,256,768,1.0194,0.0074,0.0068,0.9798,0.0095,0.0158,256,768,196608,393216,200669.5469,401339.0938,0.0000,0,0.0000,0.0000,0,0.0000,0,0.0000,0.0000,0,0.0000,0.0000,0,0,0,0,0,0,0,0,0,0,0,0,0,0,0,0,0,0,0,0,0,0,0,0,0
WG_METRICS 1426,256,768,1.0232,0.0075,0.0068,0.9706,0.0227,0.0154,256,768,196608,393216,202555.0156,405110.0312,0.0000,0,0.0000,0.0000,0,0.0000,0,0.0000,0.0000,0,0.0000,0.0000,0,0,0,0,0,0,0,0,0,0,0,0,0,0,0,0,0,0,0,0,0,0,0,0,0
WG_METRICS 1427,256,768,1.0169,0.0075,0.0068,0.9707,0.0164,0.0155,256,768,196608,393216,202538.3281,405076.6562,0.0000,0,0.0000,0.0000,0,0.0000,0,0.0000,0.0000,0,0.0000,0.0000,0,0,0,0,0,0,0,0,0,0,0,0,0,0,0,0,0,0,0,0,0,0,0,0,0
WG_METRICS 1428,256,768,1.0038,0.0074,0.0068,0.9658,0.0082,0.0156,256,768,196608,393216,203578.5312,407157.0625,0.0000,0,0.0000,0.0000,0,0.0000,0,0.0000,0.0000,0,0.0000,0.0000,0,0,0,0,0,0,0,0,0,0,0,0,0,0,0,0,0,0,0,0,0,0,0,0,0
WG_METRICS 1429,256,768,1.0324,0.0074,0.0068,0.9789,0.0233,0.0160,256,768,196608,393216,200849.9531,401699.9062,0.0000,0,0.0000,0.0000,0,0.0000,0,0.0000,0.0000,0,0.0000,0.0000,0,0,0,0,0,0,0,0,0,0,0,0,0,0,0,0,0,0,0,0,0,0,0,0,0
WG_METRICS 1430,256,768,1.0406,0.0075,0.0067,0.9879,0.0230,0.0155,256,768,196608,393216,199020.1250,398040.2500,0.0000,0,0.0000,0.0000,0,0.0000,0,0.0000,0.0000,0,0.0000,0.0000,0,0,0,0,0,0,0,0,0,0,0,0,0,0,0,0,0,0,0,0,0,0,0,0,0
WG_METRICS 1431,256,768,1.0333,0.0075,0.0068,0.9805,0.0229,0.0156,256,768,196608,393216,200522.1875,401044.3750,0.0000,0,0.0000,0.0000,0,0.0000,0,0.0000,0.0000,0,0.0000,0.0000,0,0,0,0,0,0,0,0,0,0,0,0,0,0,0,0,0,0,0,0,0,0,0,0,0
WG_METRICS 1432,256,768,1.0309,0.0076,0.0066,0.9784,0.0228,0.0155,256,768,196608,393216,200948.4844,401896.9688,0.0000,0,0.0000,0.0000,0,0.0000,0,0.0000,0.0000,0,0.0000,0.0000,0,0,0,0,0,0,0,0,0,0,0,0,0,0,0,0,0,0,0,0,0,0,0,0,0
WG_METRICS 1433,256,768,1.0471,0.0074,0.0068,1.0011,0.0164,0.0154,256,768,196608,393216,196395.8906,392791.7812,0.0000,0,0.0000,0.0000,0,0.0000,0,0.0000,0.0000,0,0.0000,0.0000,0,0,0,0,0,0,0,0,0,0,0,0,0,0,0,0,0,0,0,0,0,0,0,0,0
WG_METRICS 1434,256,768,1.0191,0.0075,0.0068,0.9752,0.0142,0.0154,256,768,196608,393216,201607.8750,403215.7500,0.0000,0,0.0000,0.0000,0,0.0000,0,0.0000,0.0000,0,0.0000,0.0000,0,0,0,0,0,0,0,0,0,0,0,0,0,0,0,0,0,0,0,0,0,0,0,0,0
WG_METRICS 1435,256,768,1.0293,0.0074,0.0068,0.9763,0.0232,0.0156,256,768,196608,393216,201384.8594,402769.7188,0.0000,0,0.0000,0.0000,0,0.0000,0,0.0000,0.0000,0,0.0000,0.0000,0,0,0,0,0,0,0,0,0,0,0,0,0,0,0,0,0,0,0,0,0,0,0,0,0
WG_METRICS 1436,256,768,1.0370,0.0075,0.0068,0.9843,0.0229,0.0156,256,768,196608,393216,199748.0469,399496.0938,0.0000,0,0.0000,0.0000,0,0.0000,0,0.0000,0.0000,0,0.0000,0.0000,0,0,0,0,0,0,0,0,0,0,0,0,0,0,0,0,0,0,0,0,0,0,0,0,0
WG_METRICS 1437,256,768,1.0240,0.0074,0.0069,0.9799,0.0142,0.0156,256,768,196608,393216,200644.9844,401289.9688,0.0000,0,0.0000,0.0000,0,0.0000,0,0.0000,0.0000,0,0.0000,0.0000,0,0,0,0,0,0,0,0,0,0,0,0,0,0,0,0,0,0,0,0,0,0,0,0,0
WG_METRICS 1438,256,768,1.0350,0.0074,0.0068,0.9822,0.0228,0.0158,256,768,196608,393216,200162.8906,400325.7812,0.0000,0,0.0000,0.0000,0,0.0000,0,0.0000,0.0000,0,0.0000,0.0000,0,0,0,0,0,0,0,0,0,0,0,0,0,0,0,0,0,0,0,0,0,0,0,0,0
WG_METRICS 1439,256,768,1.0342,0.0074,0.0068,0.9904,0.0140,0.0155,256,768,196608,393216,198513.7344,397027.4688,0.0000,0,0.0000,0.0000,0,0.0000,0,0.0000,0.0000,0,0.0000,0.0000,0,0,0,0,0,0,0,0,0,0,0,0,0,0,0,0,0,0,0,0,0,0,0,0,0
WG_METRICS 1440,256,768,1.0623,0.0075,0.0066,1.0175,0.0143,0.0164,256,768,196608,393216,193222.7500,386445.5000,0.0000,0,0.0000,0.0000,0,0.0000,0,0.0000,0.0000,0,0.0000,0.0000,0,0,0,0,0,0,0,0,0,0,0,0,0,0,0,0,0,0,0,0,0,0,0,0,0
WG_METRICS 1441,256,768,1.0085,0.0076,0.0067,0.9704,0.0076,0.0162,256,768,196608,393216,202605.1094,405210.2188,0.0000,0,0.0000,0.0000,0,0.0000,0,0.0000,0.0000,0,0.0000,0.0000,0,0,0,0,0,0,0,0,0,0,0,0,0,0,0,0,0,0,0,0,0,0,0,0,0
WG_METRICS 1442,256,768,1.0091,0.0074,0.0069,0.9690,0.0099,0.0160,256,768,196608,393216,202889.4688,405778.9375,0.0000,0,0.0000,0.0000,0,0.0000,0,0.0000,0.0000,0,0.0000,0.0000,0,0,0,0,0,0,0,0,0,0,0,0,0,0,0,0,0,0,0,0,0,0,0,0,0
WG_METRICS 1443,256,768,1.4079,0.0080,0.0069,1.3464,0.0238,0.0229,256,768,196608,393216,146020.6250,292041.2500,0.0000,0,0.0000,0.0000,0,0.0000,0,0.0000,0.0000,0,0.0000,0.0000,0,0,0,0,0,0,0,0,0,0,0,0,0,0,0,0,0,0,0,0,0,0,0,0,0
WG_METRICS 1444,256,768,1.6097,0.0080,0.0070,1.5454,0.0242,0.0250,256,768,196608,393216,127218.1406,254436.2812,0.0000,0,0.0000,0.0000,0,0.0000,0,0.0000,0.0000,0,0.0000,0.0000,0,0,0,0,0,0,0,0,0,0,0,0,0,0,0,0,0,0,0,0,0,0,0,0,0
WG_METRICS 1445,256,768,1.7004,0.0085,0.0070,1.6349,0.0248,0.0252,256,768,196608,393216,120255.4219,240510.8438,0.0000,0,0.0000,0.0000,0,0.0000,0,0.0000,0.0000,0,0.0000,0.0000,0,0,0,0,0,0,0,0,0,0,0,0,0,0,0,0,0,0,0,0,0,0,0,0,0
WG_METRICS 1446,256,768,1.4576,0.0083,0.0069,1.3976,0.0236,0.0212,256,768,196608,393216,140671.4219,281342.8438,0.0000,0,0.0000,0.0000,0,0.0000,0,0.0000,0.0000,0,0.0000,0.0000,0,0,0,0,0,0,0,0,0,0,0,0,0,0,0,0,0,0,0,0,0,0,0,0,0
WG_METRICS 1447,256,768,1.0889,0.0076,0.0068,1.0481,0.0098,0.0166,256,768,196608,393216,187588.7344,375177.4688,0.0000,0,0.0000,0.0000,0,0.0000,0,0.0000,0.0000,0,0.0000,0.0000,0,0,0,0,0,0,0,0,0,0,0,0,0,0,0,0,0,0,0,0,0,0,0,0,0
WG_METRICS 1448,256,768,1.0481,0.0075,0.0068,1.0007,0.0164,0.0167,256,768,196608,393216,196474.4062,392948.8125,0.0000,0,0.0000,0.0000,0,0.0000,0,0.0000,0.0000,0,0.0000,0.0000,0,0,0,0,0,0,0,0,0,0,0,0,0,0,0,0,0,0,0,0,0,0,0,0,0
WG_METRICS 1449,256,768,1.0204,0.0076,0.0068,0.9761,0.0142,0.0158,256,768,196608,393216,201426.1094,402852.2188,0.0000,0,0.0000,0.0000,0,0.0000,0,0.0000,0.0000,0,0.0000,0.0000,0,0,0,0,0,0,0,0,0,0,0,0,0,0,0,0,0,0,0,0,0,0,0,0,0
WG_METRICS 1450,256,768,1.0396,0.0074,0.0068,0.9868,0.0224,0.0161,256,768,196608,393216,199246.0156,398492.0312,0.0000,0,0.0000,0.0000,0,0.0000,0,0.0000,0.0000,0,0.0000,0.0000,0,0,0,0,0,0,0,0,0,0,0,0,0,0,0,0,0,0,0,0,0,0,0,0,0
WG_METRICS 1451,256,768,1.0512,0.0074,0.0068,0.9986,0.0229,0.0154,256,768,196608,393216,196883.6406,393767.2812,0.0000,0,0.0000,0.0000,0,0.0000,0,0.0000,0.0000,0,0.0000,0.0000,0,0,0,0,0,0,0,0,0,0,0,0,0,0,0,0,0,0,0,0,0,0,0,0,0
WG_METRICS 1452,256,768,1.0480,0.0075,0.0066,0.9956,0.0230,0.0154,256,768,196608,393216,197468.9688,394937.9375,0.0000,0,0.0000,0.0000,0,0.0000,0,0.0000,0.0000,0,0.0000,0.0000,0,0,0,0,0,0,0,0,0,0,0,0,0,0,0,0,0,0,0,0,0,0,0,0,0
WG_METRICS 1453,256,768,1.0308,0.0074,0.0069,0.9785,0.0226,0.0154,256,768,196608,393216,200923.8438,401847.6875,0.0000,0,0.0000,0.0000,0,0.0000,0,0.0000,0.0000,0,0.0000,0.0000,0,0,0,0,0,0,0,0,0,0,0,0,0,0,0,0,0,0,0,0,0,0,0,0,0
WG_METRICS 1454,256,768,1.0402,0.0074,0.0066,0.9878,0.0228,0.0155,256,768,196608,393216,199028.1875,398056.3750,0.0000,0,0.0000,0.0000,0,0.0000,0,0.0000,0.0000,0,0.0000,0.0000,0,0,0,0,0,0,0,0,0,0,0,0,0,0,0,0,0,0,0,0,0,0,0,0,0
WG_METRICS 1455,256,768,1.0551,0.0075,0.0068,1.0026,0.0228,0.0155,256,768,196608,393216,196105.9688,392211.9375,0.0000,0,0.0000,0.0000,0,0.0000,0,0.0000,0.0000,0,0.0000,0.0000,0,0,0,0,0,0,0,0,0,0,0,0,0,0,0,0,0,0,0,0,0,0,0,0,0
WG_METRICS 1456,256,768,1.0282,0.0074,0.0068,0.9828,0.0144,0.0168,256,768,196608,393216,200056.9844,400113.9688,0.0000,0,0.0000,0.0000,0,0.0000,0,0.0000,0.0000,0,0.0000,0.0000,0,0,0,0,0,0,0,0,0,0,0,0,0,0,0,0,0,0,0,0,0,0,0,0,0
WG_METRICS 1457,256,768,1.0076,0.0074,0.0068,0.9635,0.0144,0.0154,256,768,196608,393216,204051.8125,408103.6250,0.0000,0,0.0000,0.0000,0,0.0000,0,0.0000,0.0000,0,0.0000,0.0000,0,0,0,0,0,0,0,0,0,0,0,0,0,0,0,0,0,0,0,0,0,0,0,0,0
WG_METRICS 1458,256,768,1.0517,0.0075,0.0068,1.0056,0.0164,0.0154,256,768,196608,393216,195505.3438,391010.6875,0.0000,0,0.0000,0.0000,0,0.0000,0,0.0000,0.0000,0,0.0000,0.0000,0,0,0,0,0,0,0,0,0,0,0,0,0,0,0,0,0,0,0,0,0,0,0,0,0
WG_METRICS 1459,256,768,1.0516,0.0075,0.0068,1.0075,0.0143,0.0155,256,768,196608,393216,195148.2812,390296.5625,0.0000,0,0.0000,0.0000,0,0.0000,0,0.0000,0.0000,0,0.0000,0.0000,0,0,0,0,0,0,0,0,0,0,0,0,0,0,0,0,0,0,0,0,0,0,0,0,0
WG_METRICS 1460,256,768,1.0324,0.0076,0.0068,0.9856,0.0165,0.0158,256,768,196608,393216,199472.4219,398944.8438,0.0000,0,0.0000,0.0000,0,0.0000,0,0.0000,0.0000,0,0.0000,0.0000,0,0,0,0,0,0,0,0,0,0,0,0,0,0,0,0,0,0,0,0,0,0,0,0,0
WG_METRICS 1461,256,768,1.0310,0.0071,0.0044,0.9892,0.0143,0.0160,256,768,196608,393216,198762.5938,397525.1875,0.0000,0,0.0000,0.0000,0,0.0000,0,0.0000,0.0000,0,0.0000,0.0000,0,0,0,0,0,0,0,0,0,0,0,0,0,0,0,0,0,0,0,0,0,0,0,0,0
WG_METRICS 1462,256,768,1.0296,0.0074,0.0068,0.9828,0.0164,0.0163,256,768,196608,393216,200056.9844,400113.9688,0.0000,0,0.0000,0.0000,0,0.0000,0,0.0000,0.0000,0,0.0000,0.0000,0,0,0,0,0,0,0,0,0,0,0,0,0,0,0,0,0,0,0,0,0,0,0,0,0
WG_METRICS 1463,256,768,1.0255,0.0075,0.0068,0.9728,0.0228,0.0156,256,768,196608,393216,202096.9531,404193.9062,0.0000,0,0.0000,0.0000,0,0.0000,0,0.0000,0.0000,0,0.0000,0.0000,0,0,0,0,0,0,0,0,0,0,0,0,0,0,0,0,0,0,0,0,0,0,0,0,0
WG_METRICS 1464,256,768,1.0288,0.0075,0.0067,0.9814,0.0164,0.0168,256,768,196608,393216,200334.2188,400668.4375,0.0000,0,0.0000,0.0000,0,0.0000,0,0.0000,0.0000,0,0.0000,0.0000,0,0,0,0,0,0,0,0,0,0,0,0,0,0,0,0,0,0,0,0,0,0,0,0,0
WG_METRICS 1465,256,768,1.3321,0.0078,0.0069,1.2246,0.0380,0.0548,256,768,196608,393216,160543.5000,321087.0000,0.0000,0,0.0000,0.0000,0,0.0000,0,0.0000,0.0000,0,0.0000,0.0000,0,0,0,0,0,0,0,0,0,0,0,0,0,0,0,0,0,0,0,0,0,0,0,0,0
WG_METRICS 1466,256,768,1.4521,0.0078,0.0070,1.3915,0.0239,0.0218,256,768,196608,393216,141290.0938,282580.1875,0.0000,0,0.0000,0.0000,0,0.0000,0,0.0000,0.0000,0,0.0000,0.0000,0,0,0,0,0,0,0,0,0,0,0,0,0,0,0,0,0,0,0,0,0,0,0,0,0
WG_METRICS 1467,256,768,1.4624,0.0081,0.0069,1.4041,0.0225,0.0209,256,768,196608,393216,140022.2188,280044.4375,0.0000,0,0.0000,0.0000,0,0.0000,0,0.0000,0.0000,0,0.0000,0.0000,0,0,0,0,0,0,0,0,0,0,0,0,0,0,0,0,0,0,0,0,0,0,0,0,0
WG_METRICS 1468,256,768,1.3330,0.0079,0.0068,1.2754,0.0233,0.0196,256,768,196608,393216,154153.9844,308307.9688,0.0000,0,0.0000,0.0000,0,0.0000,0,0.0000,0.0000,0,0.0000,0.0000,0,0,0,0,0,0,0,0,0,0,0,0,0,0,0,0,0,0,0,0,0,0,0,0,0
WG_METRICS 1469,256,768,1.0616,0.0077,0.0068,1.0079,0.0232,0.0160,256,768,196608,393216,195070.8438,390141.6875,0.0000,0,0.0000,0.0000,0,0.0000,0,0.0000,0.0000,0,0.0000,0.0000,0,0,0,0,0,0,0,0,0,0,0,0,0,0,0,0,0,0,0,0,0,0,0,0,0
WG_METRICS 1470,256,768,1.0305,0.0074,0.0068,0.9776,0.0229,0.0158,256,768,196608,393216,201112.9375,402225.8750,0.0000,0,0.0000,0.0000,0,0.0000,0,0.0000,0.0000,0,0.0000,0.0000,0,0,0,0,0,0,0,0,0,0,0,0,0,0,0,0,0,0,0,0,0,0,0,0,0
WG_METRICS 1471,256,768,1.0354,0.0075,0.0068,0.9872,0.0185,0.0155,256,768,196608,393216,199157.2031,398314.4062,0.0000,0,0.0000,0.0000,0,0.0000,0,0.0000,0.0000,0,0.0000,0.0000,0,0,0,0,0,0,0,0,0,0,0,0,0,0,0,0,0,0,0,0,0,0,0,0,0
WG_METRICS 1472,256,768,1.0382,0.0074,0.0069,0.9852,0.0228,0.0159,256,768,196608,393216,199569.6094,399139.2188,0.0000,0,0.0000,0.0000,0,0.0000,0,0.0000,0.0000,0,0.0000,0.0000,0,0,0,0,0,0,0,0,0,0,0,0,0,0,0,0,0,0,0,0,0,0,0,0,0
WG_METRICS 1473,256,768,1.0342,0.0074,0.0068,0.9816,0.0228,0.0156,256,768,196608,393216,200293.4062,400586.8125,0.0000,0,0.0000,0.0000,0,0.0000,0,0.0000,0.0000,0,0.0000,0.0000,0,0,0,0,0,0,0,0,0,0,0,0,0,0,0,0,0,0,0,0,0,0,0,0,0
WG_METRICS 1474,256,768,1.0231,0.0074,0.0069,0.9785,0.0141,0.0162,256,768,196608,393216,200932.0625,401864.1250,0.0000,0,0.0000,0.0000,0,0.0000,0,0.0000,0.0000,0,0.0000,0.0000,0,0,0,0,0,0,0,0,0,0,0,0,0,0,0,0,0,0,0,0,0,0,0,0,0
WG_METRICS 1475,256,768,1.0296,0.0075,0.0068,0.9764,0.0226,0.0163,256,768,196608,393216,201368.3438,402736.6875,0.0000,0,0.0000,0.0000,0,0.0000,0,0.0000,0.0000,0,0.0000,0.0000,0,0,0,0,0,0,0,0,0,0,0,0,0,0,0,0,0,0,0,0,0,0,0,0,0
WG_METRICS 1476,256,768,1.0495,0.0096,0.0070,1.0031,0.0142,0.0156,256,768,196608,393216,195996.5000,391993.0000,0.0000,0,0.0000,0.0000,0,0.0000,0,0.0000,0.0000,0,0.0000,0.0000,0,0,0,0,0,0,0,0,0,0,0,0,0,0,0,0,0,0,0,0,0,0,0,0,0
WG_METRICS 1477,256,768,1.0446,0.0075,0.0068,0.9994,0.0149,0.0159,256,768,196608,393216,196718.1562,393436.3125,0.0000,0,0.0000,0.0000,0,0.0000,0,0.0000,0.0000,0,0.0000,0.0000,0,0,0,0,0,0,0,0,0,0,0,0,0,0,0,0,0,0,0,0,0,0,0,0,0
WG_METRICS 1478,256,768,1.0286,0.0074,0.0068,0.9756,0.0230,0.0158,256,768,196608,393216,201533.4688,403066.9375,0.0000,0,0.0000,0.0000,0,0.0000,0,0.0000,0.0000,0,0.0000,0.0000,0,0,0,0,0,0,0,0,0,0,0,0,0,0,0,0,0,0,0,0,0,0,0,0,0
WG_METRICS 1479,256,768,1.0326,0.0086,0.0070,0.9865,0.0141,0.0163,256,768,196608,393216,199294.4844,398588.9688,0.0000,0,0.0000,0.0000,0,0.0000,0,0.0000,0.0000,0,0.0000,0.0000,0,0,0,0,0,0,0,0,0,0,0,0,0,0,0,0,0,0,0,0,0,0,0,0,0
WG_METRICS 1480,256,768,1.0656,0.0074,0.0069,1.0131,0.0227,0.0155,256,768,196608,393216,194061.8906,388123.7812,0.0000,0,0.0000,0.0000,0,0.0000,0,0.0000,0.0000,0,0.0000,0.0000,0,0,0,0,0,0,0,0,0,0,0,0,0,0,0,0,0,0,0,0,0,0,0,0,0
WG_METRICS 1481,256,768,1.0277,0.0075,0.0068,0.9838,0.0141,0.0156,256,768,196608,393216,199853.6250,399707.2500,0.0000,0,0.0000,0.0000,0,0.0000,0,0.0000,0.0000,0,0.0000,0.0000,0,0,0,0,0,0,0,0,0,0,0,0,0,0,0,0,0,0,0,0,0,0,0,0,0
WG_METRICS 1482,256,768,1.0316,0.0076,0.0068,0.9777,0.0230,0.0166,256,768,196608,393216,201096.4688,402192.9375,0.0000,0,0.0000,0.0000,0,0.0000,0,0.0000,0.0000,0,0.0000,0.0000,0,0,0,0,0,0,0,0,0,0,0,0,0,0,0,0,0,0,0,0,0,0,0,0,0
WG_METRICS 1483,256,768,1.0341,0.0076,0.0067,0.9902,0.0140,0.0156,256,768,196608,393216,198561.8438,397123.6875,0.0000,0,0.0000,0.0000,0,0.0000,0,0.0000,0.0000,0,0.0000,0.0000,0,0,0,0,0,0,0,0,0,0,0,0,0,0,0,0,0,0,0,0,0,0,0,0,0
WG_METRICS 1484,256,768,1.0352,0.0075,0.0068,0.9826,0.0228,0.0155,256,768,196608,393216,200089.5625,400179.1250,0.0000,0,0.0000,0.0000,0,0.0000,0,0.0000,0.0000,0,0.0000,0.0000,0,0,0,0,0,0,0,0,0,0,0,0,0,0,0,0,0,0,0,0,0,0,0,0,0
WG_METRICS 1485,256,768,1.0299,0.0074,0.0068,0.9855,0.0144,0.0157,256,768,196608,393216,199496.7188,398993.4375,0.0000,0,0.0000,0.0000,0,0.0000,0,0.0000,0.0000,0,0.0000,0.0000,0,0,0,0,0,0,0,0,0,0,0,0,0,0,0,0,0,0,0,0,0,0,0,0,0
WG_METRICS 1486,256,768,1.0285,0.0075,0.0068,0.9754,0.0228,0.0160,256,768,196608,393216,201566.5469,403133.0938,0.0000,0,0.0000,0.0000,0,0.0000,0,0.0000,0.0000,0,0.0000,0.0000,0,0,0,0,0,0,0,0,0,0,0,0,0,0,0,0,0,0,0,0,0,0,0,0,0
WG_METRICS 1487,256,768,1.0452,0.0074,0.0068,0.9790,0.0364,0.0156,256,768,196608,393216,200833.5469,401667.0938,0.0000,0,0.0000,0.0000,0,0.0000,0,0.0000,0.0000,0,0.0000,0.0000,0,0,0,0,0,0,0,0,0,0,0,0,0,0,0,0,0,0,0,0,0,0,0,0,0
WG_METRICS 1488,256,768,1.0151,0.0075,0.0068,0.9718,0.0137,0.0153,256,768,196608,393216,202313.2344,404626.4688,0.0000,0,0.0000,0.0000,0,0.0000,0,0.0000,0.0000,0,0.0000,0.0000,0,0,0,0,0,0,0,0,0,0,0,0,0,0,0,0,0,0,0,0,0,0,0,0,0
WG_METRICS 1489,256,768,1.0381,0.0074,0.0069,0.9986,0.0096,0.0157,256,768,196608,393216,196891.5156,393783.0312,0.0000,0,0.0000,0.0000,0,0.0000,0,0.0000,0.0000,0,0.0000,0.0000,0,0,0,0,0,0,0,0,0,0,0,0,0,0,0,0,0,0,0,0,0,0,0,0,0
WG_METRICS 1490,256,768,1.0506,0.0074,0.0068,1.0118,0.0090,0.0156,256,768,196608,393216,194322.7656,388645.5312,0.0000,0,0.0000,0.0000,0,0.0000,0,0.0000,0.0000,0,0.0000,0.0000,0,0,0,0,0,0,0,0,0,0,0,0,0,0,0,0,0,0,0,0,0,0,0,0,0
WG_METRICS 1491,256,768,1.1820,0.0076,0.0069,1.1263,0.0233,0.0179,256,768,196608,393216,174557.8438,349115.6875,0.0000,0,0.0000,0.0000,0,0.0000,0,0.0000,0.0000,0,0.0000,0.0000,0,0,0,0,0,0,0,0,0,0,0,0,0,0,0,0,0,0,0,0,0,0,0,0,0
WG_METRICS 1492,256,768,1.3256,0.0078,0.0069,1.2680,0.0235,0.0194,256,768,196608,393216,155048.7500,310097.5000,0.0000,0,0.0000,0.0000,0,0.0000,0,0.0000,0.0000,0,0.0000,0.0000,0,0,0,0,0,0,0,0,0,0,0,0,0,0,0,0,0,0,0,0,0,0,0,0,0
WG_METRICS 1493,256,768,1.3317,0.0078,0.0069,1.2729,0.0238,0.0203,256,768,196608,393216,154454.3281,308908.6562,0.0000,0,0.0000,0.0000,0,0.0000,0,0.0000,0.0000,0,0.0000,0.0000,0,0,0,0,0,0,0,0,0,0,0,0,0,0,0,0,0,0,0,0,0,0,0,0,0
WG_METRICS 1494,256,768,1.2957,0.0078,0.0069,1.2380,0.0242,0.0188,256,768,196608,393216,158805.8594,317611.7188,0.0000,0,0.0000,0.0000,0,0.0000,0,0.0000,0.0000,0,0.0000,0.0000,0,0,0,0,0,0,0,0,0,0,0,0,0,0,0,0,0,0,0,0,0,0,0,0,0
WG_METRICS 1495,256,768,1.2637,0.0078,0.0069,1.2068,0.0236,0.0185,256,768,196608,393216,162911.4062,325822.8125,0.0000,0,0.0000,0.0000,0,0.0000,0,0.0000,0.0000,0,0.0000,0.0000,0,0,0,0,0,0,0,0,0,0,0,0,0,0,0,0,0,0,0,0,0,0,0,0,0
WG_METRICS 1496,256,768,1.2017,0.0078,0.0069,1.1544,0.0150,0.0176,256,768,196608,393216,170317.7500,340635.5000,0.0000,0,0.0000,0.0000,0,0.0000,0,0.0000,0.0000,0,0.0000,0.0000,0,0,0,0,0,0,0,0,0,0,0,0,0,0,0,0,0,0,0,0,0,0,0,0,0
WG_METRICS 1497,256,768,1.0479,0.0103,0.0068,0.9915,0.0228,0.0165,256,768,196608,393216,198297.5000,396595.0000,0.0000,0,0.0000,0.0000,0,0.0000,0,0.0000,0.0000,0,0.0000,0.0000,0,0,0,0,0,0,0,0,0,0,0,0,0,0,0,0,0,0,0,0,0,0,0,0,0
WG_METRICS 1498,256,768,1.0377,0.0074,0.0069,0.9933,0.0142,0.0158,256,768,196608,393216,197930.1719,395860.3438,0.0000,0,0.0000,0.0000,0,0.0000,0,0.0000,0.0000,0,0.0000,0.0000,0,0,0,0,0,0,0,0,0,0,0,0,0,0,0,0,0,0,0,0,0,0,0,0,0
WG_METRICS 1499,256,768,1.0246,0.0074,0.0069,0.9707,0.0234,0.0162,256,768,196608,393216,202538.3281,405076.6562,0.0000,0,0.0000,0.0000,0,0.0000,0,0.0000,0.0000,0,0.0000,0.0000,0,0,0,0,0,0,0,0,0,0,0,0,0,0,0,0,0,0,0,0,0,0,0,0,0
WG_METRICS 1500,256,768,1.0424,0.0074,0.0067,0.9902,0.0226,0.0154,256,768,196608,393216,198553.8281,397107.6562,0.0000,0,0.0000,0.0000,0,0.0000,0,0.0000,0.0000,0,0.0000,0.0000,0,0,0,0,0,0,0,0,0,0,0,0,0,0,0,0,0,0,0,0,0,0,0,0,0
WG_METRICS 1501,256,768,1.0145,0.0074,0.0068,0.9682,0.0164,0.0157,256,768,196608,393216,203057.0938,406114.1875,0.0000,0,0.0000,0.0000,0,0.0000,0,0.0000,0.0000,0,0.0000,0.0000,0,0,0,0,0,0,0,0,0,0,0,0,0,0,0,0,0,0,0,0,0,0,0,0,0
WG_METRICS 1502,256,768,1.0360,0.0074,0.0068,0.9836,0.0228,0.0154,256,768,196608,393216,199878.0000,399756.0000,0.0000,0,0.0000,0.0000,0,0.0000,0,0.0000,0.0000,0,0.0000,0.0000,0,0,0,0,0,0,0,0,0,0,0,0,0,0,0,0,0,0,0,0,0,0,0,0,0
WG_METRICS 1503,256,768,1.0327,0.0075,0.0066,0.9795,0.0228,0.0163,256,768,196608,393216,200726.9062,401453.8125,0.0000,0,0.0000,0.0000,0,0.0000,0,0.0000,0.0000,0,0.0000,0.0000,0,0,0,0,0,0,0,0,0,0,0,0,0,0,0,0,0,0,0,0,0,0,0,0,0
WG_METRICS 1504,256,768,1.0396,0.0103,0.0071,0.9836,0.0230,0.0156,256,768,196608,393216,199886.1250,399772.2500,0.0000,0,0.0000,0.0000,0,0.0000,0,0.0000,0.0000,0,0.0000,0.0000,0,0,0,0,0,0,0,0,0,0,0,0,0,0,0,0,0,0,0,0,0,0,0,0,0
WG_METRICS 1505,256,768,1.0296,0.0074,0.0068,0.9762,0.0228,0.0163,256,768,196608,393216,201401.3594,402802.7188,0.0000,0,0.0000,0.0000,0,0.0000,0,0.0000,0.0000,0,0.0000,0.0000,0,0,0,0,0,0,0,0,0,0,0,0,0,0,0,0,0,0,0,0,0,0,0,0,0
WG_METRICS 1506,256,768,1.0313,0.0075,0.0068,0.9836,0.0166,0.0168,256,768,196608,393216,199878.0000,399756.0000,0.0000,0,0.0000,0.0000,0,0.0000,0,0.0000,0.0000,0,0.0000,0.0000,0,0,0,0,0,0,0,0,0,0,0,0,0,0,0,0,0,0,0,0,0,0,0,0,0
WG_METRICS 1507,256,768,1.0419,0.0075,0.0067,0.9980,0.0140,0.0156,256,768,196608,393216,197002.0000,394004.0000,0.0000,0,0.0000,0.0000,0,0.0000,0,0.0000,0.0000,0,0.0000,0.0000,0,0,0,0,0,0,0,0,0,0,0,0,0,0,0,0,0,0,0,0,0,0,0,0,0
WG_METRICS 1508,256,768,1.0224,0.0074,0.0068,0.9830,0.0091,0.0160,256,768,196608,393216,200008.1406,400016.2812,0.0000,0,0.0000,0.0000,0,0.0000,0,0.0000,0.0000,0,0.0000,0.0000,0,0,0,0,0,0,0,0,0,0,0,0,0,0,0,0,0,0,0,0,0,0,0,0,0
WG_METRICS 1509,256,768,1.0296,0.0076,0.0067,0.9828,0.0166,0.0159,256,768,196608,393216,200040.7031,400081.4062,0.0000,0,0.0000,0.0000,0,0.0000,0,0.0000,0.0000,0,0.0000,0.0000,0,0,0,0,0,0,0,0,0,0,0,0,0,0,0,0,0,0,0,0,0,0,0,0,0
WG_METRICS 1510,256,768,1.3852,0.0104,0.0068,0.9886,0.3639,0.0155,256,768,196608,393216,198875.1719,397750.3438,0.0000,0,0.0000,0.0000,0,0.0000,0,0.0000,0.0000,0,0.0000,0.0000,0,0,0,0,0,0,0,0,0,0,0,0,0,0,0,0,0,0,0,0,0,0,0,0,0
WG_METRICS 1511,256,768,1.0380,0.0075,0.0068,0.9851,0.0228,0.0158,256,768,196608,393216,199585.8125,399171.6250,0.0000,0,0.0000,0.0000,0,0.0000,0,0.0000,0.0000,0,0.0000,0.0000,0,0,0,0,0,0,0,0,0,0,0,0,0,0,0,0,0,0,0,0,0,0,0,0,0
WG_METRICS 1512,256,768,1.0124,0.0074,0.0068,0.9683,0.0145,0.0154,256,768,196608,393216,203048.7031,406097.4062,0.0000,0,0.0000,0.0000,0,0.0000,0,0.0000,0.0000,0,0.0000,0.0000,0,0,0,0,0,0,0,0,0,0,0,0,0,0,0,0,0,0,0,0,0,0,0,0,0
WG_METRICS 1513,256,768,1.8417,0.0085,0.0070,1.7723,0.0252,0.0287,256,768,196608,393216,110932.5625,221865.1250,0.0000,0,0.0000,0.0000,0,0.0000,0,0.0000,0.0000,0,0.0000,0.0000,0,0,0,0,0,0,0,0,0,0,0,0,0,0,0,0,0,0,0,0,0,0,0,0,0
WG_METRICS 1514,256,768,1.9394,0.0090,0.0070,1.8690,0.0252,0.0292,256,768,196608,393216,105196.4688,210392.9375,0.0000,0,0.0000,0.0000,0,0.0000,0,0.0000,0.0000,0,0.0000,0.0000,0,0,0,0,0,0,0,0,0,0,0,0,0,0,0,0,0,0,0,0,0,0,0,0,0
WG_METRICS 1515,256,768,1.9295,0.0087,0.0070,1.8679,0.0167,0.0292,256,768,196608,393216,105255.0391,210510.0781,0.0000,0,0.0000,0.0000,0,0.0000,0,0.0000,0.0000,0,0.0000,0.0000,0,0,0,0,0,0,0,0,0,0,0,0,0,0,0,0,0,0,0,0,0,0,0,0,0
WG_METRICS 1516,256,768,1.9249,0.0088,0.0070,1.8546,0.0255,0.0290,256,768,196608,393216,106011.0000,212022.0000,0.0000,0,0.0000,0.0000,0,0.0000,0,0.0000,0.0000,0,0.0000,0.0000,0,0,0,0,0,0,0,0,0,0,0,0,0,0,0,0,0,0,0,0,0,0,0,0,0
WG_METRICS 1517,256,768,1.5155,0.0084,0.0070,1.4630,0.0151,0.0221,256,768,196608,393216,134390.5469,268781.0938,0.0000,0,0.0000,0.0000,0,0.0000,0,0.0000,0.0000,0,0.0000,0.0000,0,0,0,0,0,0,0,0,0,0,0,0,0,0,0,0,0,0,0,0,0,0,0,0,0
WG_METRICS 1518,256,768,1.0746,0.0076,0.0068,1.0299,0.0142,0.0161,256,768,196608,393216,190903.7812,381807.5625,0.0000,0,0.0000,0.0000,0,0.0000,0,0.0000,0.0000,0,0.0000,0.0000,0,0,0,0,0,0,0,0,0,0,0,0,0,0,0,0,0,0,0,0,0,0,0,0,0
WG_METRICS 1519,256,768,1.0170,0.0076,0.0068,0.9716,0.0144,0.0166,256,768,196608,393216,202346.5469,404693.0938,0.0000,0,0.0000,0.0000,0,0.0000,0,0.0000,0.0000,0,0.0000,0.0000,0,0,0,0,0,0,0,0,0,0,0,0,0,0,0,0,0,0,0,0,0,0,0,0,0
WG_METRICS 1520,256,768,1.0398,0.0075,0.0068,1.0029,0.0072,0.0154,256,768,196608,393216,196035.5625,392071.1250,0.0000,0,0.0000,0.0000,0,0.0000,0,0.0000,0.0000,0,0.0000,0.0000,0,0,0,0,0,0,0,0,0,0,0,0,0,0,0,0,0,0,0,0,0,0,0,0,0
WG_METRICS 1521,256,768,1.0302,0.0076,0.0068,0.9772,0.0231,0.0156,256,768,196608,393216,201195.2500,402390.5000,0.0000,0,0.0000,0.0000,0,0.0000,0,0.0000,0.0000,0,0.0000,0.0000,0,0,0,0,0,0,0,0,0,0,0,0,0,0,0,0,0,0,0,0,0,0,0,0,0
WG_METRICS 1522,256,768,1.0439,0.0074,0.0068,0.9909,0.0227,0.0161,256,768,196608,393216,198417.5625,396835.1250,0.0000,0,0.0000,0.0000,0,0.0000,0,0.0000,0.0000,0,0.0000,0.0000,0,0,0,0,0,0,0,0,0,0,0,0,0,0,0,0,0,0,0,0,0,0,0,0,0
WG_METRICS 1523,256,768,1.0841,0.0074,0.0069,1.0304,0.0230,0.0163,256,768,196608,393216,190807.4531,381614.9062,0.0000,0,0.0000,0.0000,0,0.0000,0,0.0000,0.0000,0,0.0000,0.0000,0,0,0,0,0,0,0,0,0,0,0,0,0,0,0,0,0,0,0,0,0,0,0,0,0
WG_METRICS 1524,256,768,1.1377,0.0076,0.0068,1.0825,0.0234,0.0173,256,768,196608,393216,181627.3750,363254.7500,0.0000,0,0.0000,0.0000,0,0.0000,0,0.0000,0.0000,0,0.0000,0.0000,0,0,0,0,0,0,0,0,0,0,0,0,0,0,0,0,0,0,0,0,0,0,0,0,0
WG_METRICS 1525,256,768,1.1599,0.0076,0.0068,1.1048,0.0231,0.0176,256,768,196608,393216,177958.0000,355916.0000,0.0000,0,0.0000,0.0000,0,0.0000,0,0.0000,0.0000,0,0.0000,0.0000,0,0,0,0,0,0,0,0,0,0,0,0,0,0,0,0,0,0,0,0,0,0,0,0,0
WG_METRICS 1526,256,768,1.0936,0.0076,0.0068,1.0483,0.0142,0.0167,256,768,196608,393216,187552.9375,375105.8750,0.0000,0,0.0000,0.0000,0,0.0000,0,0.0000,0.0000,0,0.0000,0.0000,0,0,0,0,0,0,0,0,0,0,0,0,0,0,0,0,0,0,0,0,0,0,0,0,0
WG_METRICS 1527,256,768,1.0446,0.0074,0.0068,0.9926,0.0226,0.0153,256,768,196608,393216,198081.7188,396163.4375,0.0000,0,0.0000,0.0000,0,0.0000,0,0.0000,0.0000,0,0.0000,0.0000,0,0,0,0,0,0,0,0,0,0,0,0,0,0,0,0,0,0,0,0,0,0,0,0,0
WG_METRICS 1528,256,768,1.0628,0.0077,0.0068,1.0090,0.0235,0.0158,256,768,196608,393216,194862.0312,389724.0625,0.0000,0,0.0000,0.0000,0,0.0000,0,0.0000,0.0000,0,0.0000,0.0000,0,0,0,0,0,0,0,0,0,0,0,0,0,0,0,0,0,0,0,0,0,0,0,0,0
WG_METRICS 1529,256,768,1.0285,0.0074,0.0068,0.9804,0.0186,0.0154,256,768,196608,393216,200546.7500,401093.5000,0.0000,0,0.0000,0.0000,0,0.0000,0,0.0000,0.0000,0,0.0000,0.0000,0,0,0,0,0,0,0,0,0,0,0,0,0,0,0,0,0,0,0,0,0,0,0,0,0
WG_METRICS 1530,256,768,1.0348,0.0074,0.0068,0.9823,0.0226,0.0157,256,768,196608,393216,200154.7344,400309.4688,0.0000,0,0.0000,0.0000,0,0.0000,0,0.0000,0.0000,0,0.0000,0.0000,0,0,0,0,0,0,0,0,0,0,0,0,0,0,0,0,0,0,0,0,0,0,0,0,0
WG_METRICS 1531,256,768,1.0625,0.0074,0.0069,1.0182,0.0145,0.0156,256,768,196608,393216,193101.2812,386202.5625,0.0000,0,0.0000,0.0000,0,0.0000,0,0.0000,0.0000,0,0.0000,0.0000,0,0,0,0,0,0,0,0,0,0,0,0,0,0,0,0,0,0,0,0,0,0,0,0,0
WG_METRICS 1532,256,768,1.0125,0.0074,0.0069,0.9663,0.0164,0.0155,256,768,196608,393216,203468.9844,406937.9688,0.0000,0,0.0000,0.0000,0,0.0000,0,0.0000,0.0000,0,0.0000,0.0000,0,0,0,0,0,0,0,0,0,0,0,0,0,0,0,0,0,0,0,0,0,0,0,0,0
WG_METRICS 1533,256,768,1.0222,0.0075,0.0068,0.9757,0.0164,0.0158,256,768,196608,393216,201500.4375,403000.8750,0.0000,0,0.0000,0.0000,0,0.0000,0,0.0000,0.0000,0,0.0000,0.0000,0,0,0,0,0,0,0,0,0,0,0,0,0,0,0,0,0,0,0,0,0,0,0,0,0
WG_METRICS 1534,256,768,1.0518,0.0074,0.0069,1.0082,0.0138,0.0156,256,768,196608,393216,195016.6719,390033.3438,0.0000,0,0.0000,0.0000,0,0.0000,0,0.0000,0.0000,0,0.0000,0.0000,0,0,0,0,0,0,0,0,0,0,0,0,0,0,0,0,0,0,0,0,0,0,0,0,0
WG_METRICS 1535,256,768,1.2496,0.0076,0.0068,1.2014,0.0147,0.0191,256,768,196608,393216,163654.5312,327309.0625,0.0000,0,0.0000,0.0000,0,0.0000,0,0.0000,0.0000,0,0.0000,0.0000,0,0,0,0,0,0,0,0,0,0,0,0,0,0,0,0,0,0,0,0,0,0,0,0,0
WG_METRICS 1536,256,768,1.4101,0.0080,0.0069,1.3478,0.0239,0.0234,256,768,196608,393216,145868.9531,291737.9062,0.0000,0,0.0000,0.0000,0,0.0000,0,0.0000,0.0000,0,0.0000,0.0000,0,0,0,0,0,0,0,0,0,0,0,0,0,0,0,0,0,0,0,0,0,0,0,0,0
WG_METRICS 1537,256,768,1.4438,0.0086,0.0076,1.3902,0.0154,0.0220,256,768,196608,393216,141428.3281,282856.6562,0.0000,0,0.0000,0.0000,0,0.0000,0,0.0000,0.0000,0,0.0000,0.0000,0,0,0,0,0,0,0,0,0,0,0,0,0,0,0,0,0,0,0,0,0,0,0,0,0
WG_METRICS 1538,256,768,1.2454,0.0078,0.0068,1.1961,0.0150,0.0197,256,768,196608,393216,164376.9688,328753.9375,0.0000,0,0.0000,0.0000,0,0.0000,0,0.0000,0.0000,0,0.0000,0.0000,0,0,0,0,0,0,0,0,0,0,0,0,0,0,0,0,0,0,0,0,0,0,0,0,0
WG_METRICS 1539,256,768,1.0826,0.0075,0.0069,1.0425,0.0102,0.0155,256,768,196608,393216,188596.4219,377192.8438,0.0000,0,0.0000,0.0000,0,0.0000,0,0.0000,0.0000,0,0.0000,0.0000,0,0,0,0,0,0,0,0,0,0,0,0,0,0,0,0,0,0,0,0,0,0,0,0,0
WG_METRICS 1540,256,768,1.0247,0.0076,0.0068,0.9784,0.0164,0.0156,256,768,196608,393216,200956.7031,401913.4062,0.0000,0,0.0000,0.0000,0,0.0000,0,0.0000,0.0000,0,0.0000,0.0000,0,0,0,0,0,0,0,0,0,0,0,0,0,0,0,0,0,0,0,0,0,0,0,0,0
WG_METRICS 1541,256,768,1.0334,0.0075,0.0069,0.9871,0.0164,0.0156,256,768,196608,393216,199181.4219,398362.8438,0.0000,0,0.0000,0.0000,0,0.0000,0,0.0000,0.0000,0,0.0000,0.0000,0,0,0,0,0,0,0,0,0,0,0,0,0,0,0,0,0,0,0,0,0,0,0,0,0
WG_METRICS 1542,256,768,1.0292,0.0075,0.0068,0.9762,0.0229,0.0158,256,768,196608,393216,201393.1094,402786.2188,0.0000,0,0.0000,0.0000,0,0.0000,0,0.0000,0.0000,0,0.0000,0.0000,0,0,0,0,0,0,0,0,0,0,0,0,0,0,0,0,0,0,0,0,0,0,0,0,0
WG_METRICS 1543,256,768,1.0274,0.0075,0.0068,0.9751,0.0226,0.0154,256,768,196608,393216,201624.4062,403248.8125,0.0000,0,0.0000,0.0000,0,0.0000,0,0.0000,0.0000,0,0.0000,0.0000,0,0,0,0,0,0,0,0,0,0,0,0,0,0,0,0,0,0,0,0,0,0,0,0,0
WG_METRICS 1544,256,768,1.0302,0.0074,0.0069,0.9770,0.0230,0.0160,256,768,196608,393216,201228.2031,402456.4062,0.0000,0,0.0000,0.0000,0,0.0000,0,0.0000,0.0000,0,0.0000,0.0000,0,0,0,0,0,0,0,0,0,0,0,0,0,0,0,0,0,0,0,0,0,0,0,0,0
WG_METRICS 1545,256,768,1.0468,0.0105,0.0068,0.9996,0.0143,0.0157,256,768,196608,393216,196694.5469,393389.0938,0.0000,0,0.0000,0.0000,0,0.0000,0,0.0000,0.0000,0,0.0000,0.0000,0,0,0,0,0,0,0,0,0,0,0,0,0,0,0,0,0,0,0,0,0,0,0,0,0
WG_METRICS 1546,256,768,1.0762,0.0074,0.0068,1.0236,0.0226,0.0158,256,768,196608,393216,192075.0312,384150.0625,0.0000,0,0.0000,0.0000,0,0.0000,0,0.0000,0.0000,0,0.0000,0.0000,0,0,0,0,0,0,0,0,0,0,0,0,0,0,0,0,0,0,0,0,0,0,0,0,0
WG_METRICS 1547,256,768,1.0392,0.0075,0.0068,0.9929,0.0163,0.0156,256,768,196608,393216,198009.9062,396019.8125,0.0000,0,0.0000,0.0000,0,0.0000,0,0.0000,0.0000,0,0.0000,0.0000,0,0,0,0,0,0,0,0,0,0,0,0,0,0,0,0,0,0,0,0,0,0,0,0,0
WG_METRICS 1548,256,768,1.0462,0.0075,0.0068,1.0019,0.0144,0.0156,256,768,196608,393216,196231.2344,392462.4688,0.0000,0,0.0000,0.0000,0,0.0000,0,0.0000,0.0000,0,0.0000,0.0000,0,0,0,0,0,0,0,0,0,0,0,0,0,0,0,0,0,0,0,0,0,0,0,0,0
WG_METRICS 1549,256,768,1.0284,0.0074,0.0068,0.9838,0.0144,0.0159,256,768,196608,393216,199837.3750,399674.7500,0.0000,0,0.0000,0.0000,0,0.0000,0,0.0000,0.0000,0,0.0000,0.0000,0,0,0,0,0,0,0,0,0,0,0,0,0,0,0,0,0,0,0,0,0,0,0,0,0
WG_METRICS 1550,256,768,1.0354,0.0074,0.0069,0.9814,0.0233,0.0164,256,768,196608,393216,200334.2188,400668.4375,0.0000,0,0.0000,0.0000,0,0.0000,0,0.0000,0.0000,0,0.0000,0.0000,0,0,0,0,0,0,0,0,0,0,0,0,0,0,0,0,0,0,0,0,0,0,0,0,0
WG_METRICS 1551,256,768,1.0615,0.0075,0.0069,1.0081,0.0226,0.0164,256,768,196608,393216,195024.4062,390048.8125,0.0000,0,0.0000,0.0000,0,0.0000,0,0.0000,0.0000,0,0.0000,0.0000,0,0,0,0,0,0,0,0,0,0,0,0,0,0,0,0,0,0,0,0,0,0,0,0,0
WG_METRICS 1552,256,768,1.0339,0.0074,0.0068,0.9890,0.0147,0.0159,256,768,196608,393216,198794.7344,397589.4688,0.0000,0,0.0000,0.0000,0,0.0000,0,0.0000,0.0000,0,0.0000,0.0000,0,0,0,0,0,0,0,0,0,0,0,0,0,0,0,0,0,0,0,0,0,0,0,0,0
WG_METRICS 1553,256,768,1.0322,0.0098,0.0069,0.9764,0.0227,0.0164,256,768,196608,393216,201368.3438,402736.6875,0.0000,0,0.0000,0.0000,0,0.0000,0,0.0000,0.0000,0,0.0000,0.0000,0,0,0,0,0,0,0,0,0,0,0,0,0,0,0,0,0,0,0,0,0,0,0,0,0
WG_METRICS 1554,256,768,1.0275,0.0074,0.0068,0.9834,0.0138,0.0161,256,768,196608,393216,199926.7812,399853.5625,0.0000,0,0.0000,0.0000,0,0.0000,0,0.0000,0.0000,0,0.0000,0.0000,0,0,0,0,0,0,0,0,0,0,0,0,0,0,0,0,0,0,0,0,0,0,0,0,0
WG_METRICS 1555,256,768,1.0325,0.0076,0.0068,0.9852,0.0163,0.0166,256,768,196608,393216,199569.6094,399139.2188,0.0000,0,0.0000,0.0000,0,0.0000,0,0.0000,0.0000,0,0.0000,0.0000,0,0,0,0,0,0,0,0,0,0,0,0,0,0,0,0,0,0,0,0,0,0,0,0,0
WG_METRICS 1556,256,768,1.0197,0.0075,0.0067,0.9736,0.0164,0.0155,256,768,196608,393216,201930.8906,403861.7812,0.0000,0,0.0000,0.0000,0,0.0000,0,0.0000,0.0000,0,0.0000,0.0000,0,0,0,0,0,0,0,0,0,0,0,0,0,0,0,0,0,0,0,0,0,0,0,0,0
WG_METRICS 1557,256,768,1.0314,0.0075,0.0068,0.9956,0.0049,0.0167,256,768,196608,393216,197484.8281,394969.6562,0.0000,0,0.0000,0.0000,0,0.0000,0,0.0000,0.0000,0,0.0000,0.0000,0,0,0,0,0,0,0,0,0,0,0,0,0,0,0,0,0,0,0,0,0,0,0,0,0
WG_METRICS 1558,256,768,1.0488,0.0102,0.0068,0.9929,0.0228,0.0160,256,768,196608,393216,198009.9062,396019.8125,0.0000,0,0.0000,0.0000,0,0.0000,0,0.0000,0.0000,0,0.0000,0.0000,0,0,0,0,0,0,0,0,0,0,0,0,0,0,0,0,0,0,0,0,0,0,0,0,0
WG_METRICS 1559,256,768,1.0362,0.0074,0.0068,0.9902,0.0164,0.0155,256,768,196608,393216,198561.8438,397123.6875,0.0000,0,0.0000,0.0000,0,0.0000,0,0.0000,0.0000,0,0.0000,0.0000,0,0,0,0,0,0,0,0,0,0,0,0,0,0,0,0,0,0,0,0,0,0,0,0,0
WG_METRICS 1560,256,768,1.0544,0.0074,0.0069,1.0012,0.0230,0.0159,256,768,196608,393216,196372.3594,392744.7188,0.0000,0,0.0000,0.0000,0,0.0000,0,0.0000,0.0000,0,0.0000,0.0000,0,0,0,0,0,0,0,0,0,0,0,0,0,0,0,0,0,0,0,0,0,0,0,0,0
WG_METRICS 1561,256,768,1.0418,0.0102,0.0068,0.9854,0.0227,0.0167,256,768,196608,393216,199512.9062,399025.8125,0.0000,0,0.0000,0.0000,0,0.0000,0,0.0000,0.0000,0,0.0000,0.0000,0,0,0,0,0,0,0,0,0,0,0,0,0,0,0,0,0,0,0,0,0,0,0,0,0
WG_METRICS 1562,256,768,1.0275,0.0079,0.0066,0.9741,0.0231,0.0157,256,768,196608,393216,201831.3906,403662.7812,0.0000,0,0.0000,0.0000,0,0.0000,0,0.0000,0.0000,0,0.0000,0.0000,0,0,0,0,0,0,0,0,0,0,0,0,0,0,0,0,0,0,0,0,0,0,0,0,0
WG_METRICS 1563,256,768,1.0777,0.0074,0.0069,1.0244,0.0231,0.0159,256,768,196608,393216,191925.0312,383850.0625,0.0000,0,0.0000,0.0000,0,0.0000,0,0.0000,0.0000,0,0.0000,0.0000,0,0,0,0,0,0,0,0,0,0,0,0,0,0,0,0,0,0,0,0,0,0,0,0,0
WG_METRICS 1564,256,768,1.0242,0.0075,0.0068,0.9720,0.0224,0.0155,256,768,196608,393216,202263.2812,404526.5625,0.0000,0,0.0000,0.0000,0,0.0000,0,0.0000,0.0000,0,0.0000,0.0000,0,0,0,0,0,0,0,0,0,0,0,0,0,0,0,0,0,0,0,0,0,0,0,0,0
WG_METRICS 1565,256,768,1.0536,0.0103,0.0068,1.0068,0.0143,0.0154,256,768,196608,393216,195287.8594,390575.7188,0.0000,0,0.0000,0.0000,0,0.0000,0,0.0000,0.0000,0,0.0000,0.0000,0,0,0,0,0,0,0,0,0,0,0,0,0,0,0,0,0,0,0,0,0,0,0,0,0
WG_METRICS 1566,256,768,1.0456,0.0076,0.0068,0.9997,0.0148,0.0167,256,768,196608,393216,196670.9375,393341.8750,0.0000,0,0.0000,0.0000,0,0.0000,0,0.0000,0.0000,0,0.0000,0.0000,0,0,0,0,0,0,0,0,0,0,0,0,0,0,0,0,0,0,0,0,0,0,0,0,0
WG_METRICS 1567,256,768,1.0701,0.0074,0.0069,0.9898,0.0506,0.0155,256,768,196608,393216,198634.0781,397268.1562,0.0000,0,0.0000,0.0000,0,0.0000,0,0.0000,0.0000,0,0.0000,0.0000,0,0,0,0,0,0,0,0,0,0,0,0,0,0,0,0,0,0,0,0,0,0,0,0,0
WG_METRICS 1568,256,768,1.0212,0.0075,0.0068,0.9732,0.0182,0.0156,256,768,196608,393216,202030.5000,404061.0000,0.0000,0,0.0000,0.0000,0,0.0000,0,0.0000,0.0000,0,0.0000,0.0000,0,0,0,0,0,0,0,0,0,0,0,0,0,0,0,0,0,0,0,0,0,0,0,0,0
WG_METRICS 1569,256,768,1.0305,0.0074,0.0068,0.9778,0.0230,0.0155,256,768,196608,393216,201071.7969,402143.5938,0.0000,0,0.0000,0.0000,0,0.0000,0,0.0000,0.0000,0,0.0000,0.0000,0,0,0,0,0,0,0,0,0,0,0,0,0,0,0,0,0,0,0,0,0,0,0,0,0
WG_METRICS 1570,256,768,1.0383,0.0080,0.0069,0.9844,0.0228,0.0161,256,768,196608,393216,199715.5625,399431.1250,0.0000,0,0.0000,0.0000,0,0.0000,0,0.0000,0.0000,0,0.0000,0.0000,0,0,0,0,0,0,0,0,0,0,0,0,0,0,0,0,0,0,0,0,0,0,0,0,0
WG_METRICS 1571,256,768,1.0236,0.0074,0.0069,0.9802,0.0136,0.0155,256,768,196608,393216,200579.4688,401158.9375,0.0000,0,0.0000,0.0000,0,0.0000,0,0.0000,0.0000,0,0.0000,0.0000,0,0,0,0,0,0,0,0,0,0,0,0,0,0,0,0,0,0,0,0,0,0,0,0,0
WG_METRICS 1572,256,768,1.0196,0.0074,0.0068,0.9662,0.0231,0.0160,256,768,196608,393216,203477.4062,406954.8125,0.0000,0,0.0000,0.0000,0,0.0000,0,0.0000,0.0000,0,0.0000,0.0000,0,0,0,0,0,0,0,0,0,0,0,0,0,0,0,0,0,0,0,0,0,0,0,0,0
WG_METRICS 1573,256,768,1.0330,0.0075,0.0068,0.9801,0.0230,0.0156,256,768,196608,393216,200604.0312,401208.0625,0.0000,0,0.0000,0.0000,0,0.0000,0,0.0000,0.0000,0,0.0000,0.0000,0,0,0,0,0,0,0,0,0,0,0,0,0,0,0,0,0,0,0,0,0,0,0,0,0
WG_METRICS 1574,256,768,1.0470,0.0074,0.0068,0.9948,0.0227,0.0153,256,768,196608,393216,197643.6562,395287.3125,0.0000,0,0.0000,0.0000,0,0.0000,0,0.0000,0.0000,0,0.0000,0.0000,0,0,0,0,0,0,0,0,0,0,0,0,0,0,0,0,0,0,0,0,0,0,0,0,0
WG_METRICS 1575,256,768,1.0358,0.0074,0.0068,0.9970,0.0092,0.0154,256,768,196608,393216,197191.6875,394383.3750,0.0000,0,0.0000,0.0000,0,0.0000,0,0.0000,0.0000,0,0.0000,0.0000,0,0,0,0,0,0,0,0,0,0,0,0,0,0,0,0,0,0,0,0,0,0,0,0,0
WG_METRICS 1576,256,768,1.0418,0.0076,0.0068,0.9882,0.0226,0.0165,256,768,196608,393216,198947.6250,397895.2500,0.0000,0,0.0000,0.0000,0,0.0000,0,0.0000,0.0000,0,0.0000,0.0000,0,0,0,0,0,0,0,0,0,0,0,0,0,0,0,0,0,0,0,0,0,0,0,0,0
WG_METRICS 1577,256,768,1.0358,0.0074,0.0068,0.9829,0.0232,0.0155,256,768,196608,393216,200024.4219,400048.8438,0.0000,0,0.0000,0.0000,0,0.0000,0,0.0000,0.0000,0,0.0000,0.0000,0,0,0,0,0,0,0,0,0,0,0,0,0,0,0,0,0,0,0,0,0,0,0,0,0
WG_METRICS 1578,256,768,1.0272,0.0075,0.0068,0.9739,0.0228,0.0162,256,768,196608,393216,201872.8438,403745.6875,0.0000,0,0.0000,0.0000,0,0.0000,0,0.0000,0.0000,0,0.0000,0.0000,0,0,0,0,0,0,0,0,0,0,0,0,0,0,0,0,0,0,0,0,0,0,0,0,0
WG_METRICS 1579,256,768,1.0238,0.0074,0.0068,0.9716,0.0226,0.0154,256,768,196608,393216,202363.2031,404726.4062,0.0000,0,0.0000,0.0000,0,0.0000,0,0.0000,0.0000,0,0.0000,0.0000,0,0,0,0,0,0,0,0,0,0,0,0,0,0,0,0,0,0,0,0,0,0,0,0,0
WG_METRICS 1580,256,768,1.0412,0.0074,0.0068,0.9876,0.0230,0.0164,256,768,196608,393216,199076.5469,398153.0938,0.0000,0,0.0000,0.0000,0,0.0000,0,0.0000,0.0000,0,0.0000,0.0000,0,0,0,0,0,0,0,0,0,0,0,0,0,0,0,0,0,0,0,0,0,0,0,0,0
WG_METRICS 1581,256,768,1.0395,0.0104,0.0069,0.9837,0.0229,0.0156,256,768,196608,393216,199861.7500,399723.5000,0.0000,0,0.0000,0.0000,0,0.0000,0,0.0000,0.0000,0,0.0000,0.0000,0,0,0,0,0,0,0,0,0,0,0,0,0,0,0,0,0,0,0,0,0,0,0,0,0
WG_METRICS 1582,256,768,1.0618,0.0075,0.0066,1.0077,0.0236,0.0163,256,768,196608,393216,195109.5469,390219.0938,0.0000,0,0.0000,0.0000,0,0.0000,0,0.0000,0.0000,0,0.0000,0.0000,0,0,0,0,0,0,0,0,0,0,0,0,0,0,0,0,0,0,0,0,0,0,0,0,0
WG_METRICS 1583,256,768,1.0700,0.0075,0.0068,1.0003,0.0399,0.0155,256,768,196608,393216,196545.1094,393090.2188,0.0000,0,0.0000,0.0000,0,0.0000,0,0.0000,0.0000,0,0.0000,0.0000,0,0,0,0,0,0,0,0,0,0,0,0,0,0,0,0,0,0,0,0,0,0,0,0,0
WG_METRICS 1584,256,768,1.0218,0.0075,0.0068,0.9777,0.0142,0.0156,256,768,196608,393216,201096.4688,402192.9375,0.0000,0,0.0000,0.0000,0,0.0000,0,0.0000,0.0000,0,0.0000,0.0000,0,0,0,0,0,0,0,0,0,0,0,0,0,0,0,0,0,0,0,0,0,0,0,0,0
WG_METRICS 1585,256,768,1.0174,0.0074,0.0068,0.9799,0.0075,0.0157,256,768,196608,393216,200636.7812,401273.5625,0.0000,0,0.0000,0.0000,0,0.0000,0,0.0000,0.0000,0,0.0000,0.0000,0,0,0,0,0,0,0,0,0,0,0,0,0,0,0,0,0,0,0,0,0,0,0,0,0
WG_METRICS 1586,256,768,1.0239,0.0075,0.0068,0.9794,0.0143,0.0160,256,768,196608,393216,200751.5156,401503.0312,0.0000,0,0.0000,0.0000,0,0.0000,0,0.0000,0.0000,0,0.0000,0.0000,0,0,0,0,0,0,0,0,0,0,0,0,0,0,0,0,0,0,0,0,0,0,0,0,0
WG_METRICS 1587,256,768,1.0258,0.0074,0.0068,0.9734,0.0226,0.0156,256,768,196608,393216,201980.6875,403961.3750,0.0000,0,0.0000,0.0000,0,0.0000,0,0.0000,0.0000,0,0.0000,0.0000,0,0,0,0,0,0,0,0,0,0,0,0,0,0,0,0,0,0,0,0,0,0,0,0,0
WG_METRICS 1588,256,768,1.0307,0.0074,0.0068,0.9865,0.0142,0.0157,256,768,196608,393216,199294.4844,398588.9688,0.0000,0,0.0000,0.0000,0,0.0000,0,0.0000,0.0000,0,0.0000,0.0000,0,0,0,0,0,0,0,0,0,0,0,0,0,0,0,0,0,0,0,0,0,0,0,0,0
WG_METRICS 1589,256,768,1.0164,0.0074,0.0068,0.9724,0.0142,0.0155,256,768,196608,393216,202180.0781,404360.1562,0.0000,0,0.0000,0.0000,0,0.0000,0,0.0000,0.0000,0,0.0000,0.0000,0,0,0,0,0,0,0,0,0,0,0,0,0,0,0,0,0,0,0,0,0,0,0,0,0
WG_METRICS 1590,256,768,1.0366,0.0075,0.0068,0.9839,0.0227,0.0157,256,768,196608,393216,199829.2500,399658.5000,0.0000,0,0.0000,0.0000,0,0.0000,0,0.0000,0.0000,0,0.0000,0.0000,0,0,0,0,0,0,0,0,0,0,0,0,0,0,0,0,0,0,0,0,0,0,0,0,0
WG_METRICS 1591,256,768,1.0165,0.0073,0.0066,0.9717,0.0145,0.0164,256,768,196608,393216,202329.8906,404659.7812,0.0000,0,0.0000,0.0000,0,0.0000,0,0.0000,0.0000,0,0.0000,0.0000,0,0,0,0,0,0,0,0,0,0,0,0,0,0,0,0,0,0,0,0,0,0,0,0,0
WG_METRICS 1592,256,768,1.0267,0.0074,0.0068,0.9738,0.0227,0.0160,256,768,196608,393216,201897.7188,403795.4375,0.0000,0,0.0000,0.0000,0,0.0000,0,0.0000,0.0000,0,0.0000,0.0000,0,0,0,0,0,0,0,0,0,0,0,0,0,0,0,0,0,0,0,0,0,0,0,0,0
WG_METRICS 1593,256,768,1.0533,0.0074,0.0068,1.0170,0.0064,0.0158,256,768,196608,393216,193329.1406,386658.2812,0.0000,0,0.0000,0.0000,0,0.0000,0,0.0000,0.0000,0,0.0000,0.0000,0,0,0,0,0,0,0,0,0,0,0,0,0,0,0,0,0,0,0,0,0,0,0,0,0
WG_METRICS 1594,256,768,1.0402,0.0107,0.0045,0.9954,0.0140,0.0156,256,768,196608,393216,197508.6406,395017.2812,0.0000,0,0.0000,0.0000,0,0.0000,0,0.0000,0.0000,0,0.0000,0.0000,0,0,0,0,0,0,0,0,0,0,0,0,0,0,0,0,0,0,0,0,0,0,0,0,0
WG_METRICS 1595,256,768,1.0522,0.0076,0.0075,1.0040,0.0170,0.0161,256,768,196608,393216,195816.9062,391633.8125,0.0000,0,0.0000,0.0000,0,0.0000,0,0.0000,0.0000,0,0.0000,0.0000,0,0,0,0,0,0,0,0,0,0,0,0,0,0,0,0,0,0,0,0,0,0,0,0,0
WG_METRICS 1596,256,768,1.0274,0.0100,0.0068,0.9720,0.0230,0.0156,256,768,196608,393216,202263.2812,404526.5625,0.0000,0,0.0000,0.0000,0,0.0000,0,0.0000,0.0000,0,0.0000,0.0000,0,0,0,0,0,0,0,0,0,0,0,0,0,0,0,0,0,0,0,0,0,0,0,0,0
WG_METRICS 1597,256,768,1.0225,0.0075,0.0068,0.9758,0.0164,0.0162,256,768,196608,393216,201492.1719,402984.3438,0.0000,0,0.0000,0.0000,0,0.0000,0,0.0000,0.0000,0,0.0000,0.0000,0,0,0,0,0,0,0,0,0,0,0,0,0,0,0,0,0,0,0,0,0,0,0,0,0
WG_METRICS 1598,256,768,1.0309,0.0075,0.0068,0.9782,0.0229,0.0155,256,768,196608,393216,200981.3594,401962.7188,0.0000,0,0.0000,0.0000,0,0.0000,0,0.0000,0.0000,0,0.0000,0.0000,0,0,0,0,0,0,0,0,0,0,0,0,0,0,0,0,0,0,0,0,0,0,0,0,0
WG_METRICS 1599,256,768,1.0285,0.0075,0.0068,0.9820,0.0164,0.0158,256,768,196608,393216,200219.9688,400439.9375,0.0000,0,0.0000,0.0000,0,0.0000,0,0.0000,0.0000,0,0.0000,0.0000,0,0,0,0,0,0,0,0,0,0,0,0,0,0,0,0,0,0,0,0,0,0,0,0,0
WG_METRICS 1600,256,768,1.0264,0.0075,0.0068,0.9820,0.0146,0.0155,256,768,196608,393216,200219.9688,400439.9375,0.0000,0,0.0000,0.0000,0,0.0000,0,0.0000,0.0000,0,0.0000,0.0000,0,0,0,0,0,0,0,0,0,0,0,0,0,0,0,0,0,0,0,0,0,0,0,0,0
WG_METRICS 1601,256,768,1.0302,0.0074,0.0068,0.9841,0.0164,0.0155,256,768,196608,393216,199780.5156,399561.0312,0.0000,0,0.0000,0.0000,0,0.0000,0,0.0000,0.0000,0,0.0000,0.0000,0,0,0,0,0,0,0,0,0,0,0,0,0,0,0,0,0,0,0,0,0,0,0,0,0
WG_METRICS 1602,256,768,1.0621,0.0075,0.0068,1.0094,0.0230,0.0155,256,768,196608,393216,194784.8281,389569.6562,0.0000,0,0.0000,0.0000,0,0.0000,0,0.0000,0.0000,0,0.0000,0.0000,0,0,0,0,0,0,0,0,0,0,0,0,0,0,0,0,0,0,0,0,0,0,0,0,0
WG_METRICS 1603,256,768,1.0328,0.0075,0.0068,0.9796,0.0229,0.0160,256,768,196608,393216,200702.3281,401404.6562,0.0000,0,0.0000,0.0000,0,0.0000,0,0.0000,0.0000,0,0.0000,0.0000,0,0,0,0,0,0,0,0,0,0,0,0,0,0,0,0,0,0,0,0,0,0,0,0,0
WG_METRICS 1604,256,768,1.0425,0.0074,0.0069,0.9899,0.0228,0.0155,256,768,196608,393216,198609.9844,397219.9688,0.0000,0,0.0000,0.0000,0,0.0000,0,0.0000,0.0000,0,0.0000,0.0000,0,0,0,0,0,0,0,0,0,0,0,0,0,0,0,0,0,0,0,0,0,0,0,0,0
WG_METRICS 1605,256,768,1.0374,0.0075,0.0066,0.9845,0.0230,0.0156,256,768,196608,393216,199699.3438,399398.6875,0.0000,0,0.0000,0.0000,0,0.0000,0,0.0000,0.0000,0,0.0000,0.0000,0,0,0,0,0,0,0,0,0,0,0,0,0,0,0,0,0,0,0,0,0,0,0,0,0
WG_METRICS 1606,256,768,1.0362,0.0074,0.0068,0.9828,0.0230,0.0162,256,768,196608,393216,200048.8438,400097.6875,0.0000,0,0.0000,0.0000,0,0.0000,0,0.0000,0.0000,0,0.0000,0.0000,0,0,0,0,0,0,0,0,0,0,0,0,0,0,0,0,0,0,0,0,0,0,0,0,0
WG_METRICS 1607,256,768,1.0337,0.0076,0.0066,0.9813,0.0228,0.0155,256,768,196608,393216,200350.5469,400701.0938,0.0000,0,0.0000,0.0000,0,0.0000,0,0.0000,0.0000,0,0.0000,0.0000,0,0,0,0,0,0,0,0,0,0,0,0,0,0,0,0,0,0,0,0,0,0,0,0,0
WG_METRICS 1608,256,768,1.0492,0.0075,0.0069,1.0054,0.0136,0.0159,256,768,196608,393216,195544.2344,391088.4688,0.0000,0,0.0000,0.0000,0,0.0000,0,0.0000,0.0000,0,0.0000,0.0000,0,0,0,0,0,0,0,0,0,0,0,0,0,0,0,0,0,0,0,0,0,0,0,0,0
WG_METRICS 1609,256,768,1.0327,0.0076,0.0068,0.9874,0.0149,0.0160,256,768,196608,393216,199124.9375,398249.8750,0.0000,0,0.0000,0.0000,0,0.0000,0,0.0000,0.0000,0,0.0000,0.0000,0,0,0,0,0,0,0,0,0,0,0,0,0,0,0,0,0,0,0,0,0,0,0,0,0
WG_METRICS 1610,256,768,1.0517,0.0074,0.0068,0.9850,0.0364,0.0160,256,768,196608,393216,199593.9219,399187.8438,0.0000,0,0.0000,0.0000,0,0.0000,0,0.0000,0.0000,0,0.0000,0.0000,0,0,0,0,0,0,0,0,0,0,0,0,0,0,0,0,0,0,0,0,0,0,0,0,0
WG_METRICS 1611,256,768,1.0327,0.0074,0.0068,0.9844,0.0185,0.0155,256,768,196608,393216,199723.6875,399447.3750,0.0000,0,0.0000,0.0000,0,0.0000,0,0.0000,0.0000,0,0.0000,0.0000,0,0,0,0,0,0,0,0,0,0,0,0,0,0,0,0,0,0,0,0,0,0,0,0,0
WG_METRICS 1612,256,768,1.0381,0.0074,0.0069,0.9851,0.0228,0.0160,256,768,196608,393216,199577.7188,399155.4375,0.0000,0,0.0000,0.0000,0,0.0000,0,0.0000,0.0000,0,0.0000,0.0000,0,0,0,0,0,0,0,0,0,0,0,0,0,0,0,0,0,0,0,0,0,0,0,0,0
WG_METRICS 1613,256,768,1.0263,0.0074,0.0069,0.9731,0.0230,0.0159,256,768,196608,393216,202038.8125,404077.6250,0.0000,0,0.0000,0.0000,0,0.0000,0,0.0000,0.0000,0,0.0000,0.0000,0,0,0,0,0,0,0,0,0,0,0,0,0,0,0,0,0,0,0,0,0,0,0,0,0
WG_METRICS 1614,256,768,1.0300,0.0074,0.0068,0.9771,0.0227,0.0160,256,768,196608,393216,201219.9688,402439.9375,0.0000,0,0.0000,0.0000,0,0.0000,0,0.0000,0.0000,0,0.0000,0.0000,0,0,0,0,0,0,0,0,0,0,0,0,0,0,0,0,0,0,0,0,0,0,0,0,0
WG_METRICS 1615,256,768,1.0339,0.0074,0.0068,0.9810,0.0230,0.0156,256,768,196608,393216,200407.7344,400815.4688,0.0000,0,0.0000,0.0000,0,0.0000,0,0.0000,0.0000,0,0.0000,0.0000,0,0,0,0,0,0,0,0,0,0,0,0,0,0,0,0,0,0,0,0,0,0,0,0,0
WG_METRICS 1616,256,768,1.0429,0.0075,0.0068,0.9987,0.0140,0.0159,256,768,196608,393216,196867.8594,393735.7188,0.0000,0,0.0000,0.0000,0,0.0000,0,0.0000,0.0000,0,0.0000,0.0000,0,0,0,0,0,0,0,0,0,0,0,0,0,0,0,0,0,0,0,0,0,0,0,0,0
WG_METRICS 1617,256,768,1.0148,0.0074,0.0068,0.9712,0.0137,0.0157,256,768,196608,393216,202438.2188,404876.4375,0.0000,0,0.0000,0.0000,0,0.0000,0,0.0000,0.0000,0,0.0000,0.0000,0,0,0,0,0,0,0,0,0,0,0,0,0,0,0,0,0,0,0,0,0,0,0,0,0
WG_METRICS 1618,256,768,1.0225,0.0075,0.0068,0.9788,0.0138,0.0156,256,768,196608,393216,200866.3750,401732.7500,0.0000,0,0.0000,0.0000,0,0.0000,0,0.0000,0.0000,0,0.0000,0.0000,0,0,0,0,0,0,0,0,0,0,0,0,0,0,0,0,0,0,0,0,0,0,0,0,0
WG_METRICS 1619,256,768,1.0415,0.0074,0.0068,0.9871,0.0246,0.0155,256,768,196608,393216,199181.4219,398362.8438,0.0000,0,0.0000,0.0000,0,0.0000,0,0.0000,0.0000,0,0.0000,0.0000,0,0,0,0,0,0,0,0,0,0,0,0,0,0,0,0,0,0,0,0,0,0,0,0,0
WG_METRICS 1620,256,768,1.0262,0.0074,0.0068,0.9868,0.0097,0.0155,256,768,196608,393216,199246.0156,398492.0312,0.0000,0,0.0000,0.0000,0,0.0000,0,0.0000,0.0000,0,0.0000,0.0000,0,0,0,0,0,0,0,0,0,0,0,0,0,0,0,0,0,0,0,0,0,0,0,0,0
WG_METRICS 1621,256,768,1.0267,0.0082,0.0070,0.9855,0.0099,0.0162,256,768,196608,393216,199504.8125,399009.6250,0.0000,0,0.0000,0.0000,0,0.0000,0,0.0000,0.0000,0,0.0000,0.0000,0,0,0,0,0,0,0,0,0,0,0,0,0,0,0,0,0,0,0,0,0,0,0,0,0
WG_METRICS 1622,256,768,1.0426,0.0074,0.0068,0.9893,0.0231,0.0159,256,768,196608,393216,198738.4844,397476.9688,0.0000,0,0.0000,0.0000,0,0.0000,0,0.0000,0.0000,0,0.0000,0.0000,0,0,0,0,0,0,0,0,0,0,0,0,0,0,0,0,0,0,0,0,0,0,0,0,0
WG_METRICS 1623,256,768,1.0152,0.0074,0.0068,0.9712,0.0142,0.0156,256,768,196608,393216,202438.2188,404876.4375,0.0000,0,0.0000,0.0000,0,0.0000,0,0.0000,0.0000,0,0.0000,0.0000,0,0,0,0,0,0,0,0,0,0,0,0,0,0,0,0,0,0,0,0,0,0,0,0,0
WG_METRICS 1624,256,768,1.0347,0.0074,0.0069,0.9905,0.0143,0.0156,256,768,196608,393216,198497.7031,396995.4062,0.0000,0,0.0000,0.0000,0,0.0000,0,0.0000,0.0000,0,0.0000,0.0000,0,0,0,0,0,0,0,0,0,0,0,0,0,0,0,0,0,0,0,0,0,0,0,0,0
WG_METRICS 1625,256,768,1.0247,0.0074,0.0069,0.9707,0.0229,0.0167,256,768,196608,393216,202538.3281,405076.6562,0.0000,0,0.0000,0.0000,0,0.0000,0,0.0000,0.0000,0,0.0000,0.0000,0,0,0,0,0,0,0,0,0,0,0,0,0,0,0,0,0,0,0,0,0,0,0,0,0
WG_METRICS 1626,256,768,1.0670,0.0075,0.0067,1.0011,0.0361,0.0156,256,768,196608,393216,196395.8906,392791.7812,0.0000,0,0.0000,0.0000,0,0.0000,0,0.0000,0.0000,0,0.0000,0.0000,0,0,0,0,0,0,0,0,0,0,0,0,0,0,0,0,0,0,0,0,0,0,0,0,0
WG_METRICS 1627,256,768,1.0428,0.0075,0.0068,0.9900,0.0231,0.0155,256,768,196608,393216,198601.9531,397203.9062,0.0000,0,0.0000,0.0000,0,0.0000,0,0.0000,0.0000,0,0.0000,0.0000,0,0,0,0,0,0,0,0,0,0,0,0,0,0,0,0,0,0,0,0,0,0,0,0,0
WG_METRICS 1628,256,768,1.0425,0.0074,0.0069,0.9985,0.0141,0.0156,256,768,196608,393216,196907.2969,393814.5938,0.0000,0,0.0000,0.0000,0,0.0000,0,0.0000,0.0000,0,0.0000,0.0000,0,0,0,0,0,0,0,0,0,0,0,0,0,0,0,0,0,0,0,0,0,0,0,0,0
WG_METRICS 1629,256,768,1.0577,0.0074,0.0069,1.0134,0.0139,0.0160,256,768,196608,393216,194000.6250,388001.2500,0.0000,0,0.0000,0.0000,0,0.0000,0,0.0000,0.0000,0,0.0000,0.0000,0,0,0,0,0,0,0,0,0,0,0,0,0,0,0,0,0,0,0,0,0,0,0,0,0
WG_METRICS 1630,256,768,1.0456,0.0074,0.0067,0.9788,0.0370,0.0156,256,768,196608,393216,200866.3750,401732.7500,0.0000,0,0.0000,0.0000,0,0.0000,0,0.0000,0.0000,0,0.0000,0.0000,0,0,0,0,0,0,0,0,0,0,0,0,0,0,0,0,0,0,0,0,0,0,0,0,0
WG_METRICS 1631,256,768,1.0459,0.0074,0.0069,0.9796,0.0362,0.0157,256,768,196608,393216,200694.1250,401388.2500,0.0000,0,0.0000,0.0000,0,0.0000,0,0.0000,0.0000,0,0.0000,0.0000,0,0,0,0,0,0,0,0,0,0,0,0,0,0,0,0,0,0,0,0,0,0,0,0,0
WG_METRICS 1632,256,768,1.0246,0.0075,0.0068,0.9804,0.0141,0.0158,256,768,196608,393216,200546.7500,401093.5000,0.0000,0,0.0000,0.0000,0,0.0000,0,0.0000,0.0000,0,0.0000,0.0000,0,0,0,0,0,0,0,0,0,0,0,0,0,0,0,0,0,0,0,0,0,0,0,0,0
WG_METRICS 1633,256,768,1.0314,0.0075,0.0068,0.9876,0.0140,0.0155,256,768,196608,393216,199084.6250,398169.2500,0.0000,0,0.0000,0.0000,0,0.0000,0,0.0000,0.0000,0,0.0000,0.0000,0,0,0,0,0,0,0,0,0,0,0,0,0,0,0,0,0,0,0,0,0,0,0,0,0
WG_METRICS 1634,256,768,1.0397,0.0074,0.0068,0.9959,0.0140,0.0155,256,768,196608,393216,197413.4531,394826.9062,0.0000,0,0.0000,0.0000,0,0.0000,0,0.0000,0.0000,0,0.0000,0.0000,0,0,0,0,0,0,0,0,0,0,0,0,0,0,0,0,0,0,0,0,0,0,0,0,0
WG_METRICS 1635,256,768,1.0405,0.0074,0.0069,0.9950,0.0144,0.0168,256,768,196608,393216,197588.0312,395176.0625,0.0000,0,0.0000,0.0000,0,0.0000,0,0.0000,0.0000,0,0.0000,0.0000,0,0,0,0,0,0,0,0,0,0,0,0,0,0,0,0,0,0,0,0,0,0,0,0,0
WG_METRICS 1636,256,768,1.0574,0.0076,0.0068,1.0068,0.0198,0.0164,256,768,196608,393216,195272.3438,390544.6875,0.0000,0,0.0000,0.0000,0,0.0000,0,0.0000,0.0000,0,0.0000,0.0000,0,0,0,0,0,0,0,0,0,0,0,0,0,0,0,0,0,0,0,0,0,0,0,0,0
WG_METRICS 1637,256,768,1.0291,0.0074,0.0069,0.9847,0.0142,0.0158,256,768,196608,393216,199658.7812,399317.5625,0.0000,0,0.0000,0.0000,0,0.0000,0,0.0000,0.0000,0,0.0000,0.0000,0,0,0,0,0,0,0,0,0,0,0,0,0,0,0,0,0,0,0,0,0,0,0,0,0
WG_METRICS 1638,256,768,1.0330,0.0075,0.0067,0.9940,0.0093,0.0155,256,768,196608,393216,197786.8125,395573.6250,0.0000,0,0.0000,0.0000,0,0.0000,0,0.0000,0.0000,0,0.0000,0.0000,0,0,0,0,0,0,0,0,0,0,0,0,0,0,0,0,0,0,0,0,0,0,0,0,0
WG_METRICS 1639,256,768,1.0356,0.0074,0.0068,0.9892,0.0164,0.0158,256,768,196608,393216,198762.5938,397525.1875,0.0000,0,0.0000,0.0000,0,0.0000,0,0.0000,0.0000,0,0.0000,0.0000,0,0,0,0,0,0,0,0,0,0,0,0,0,0,0,0,0,0,0,0,0,0,0,0,0
WG_METRICS 1640,256,768,1.0265,0.0074,0.0068,0.9875,0.0088,0.0160,256,768,196608,393216,199100.7500,398201.5000,0.0000,0,0.0000,0.0000,0,0.0000,0,0.0000,0.0000,0,0.0000,0.0000,0,0,0,0,0,0,0,0,0,0,0,0,0,0,0,0,0,0,0,0,0,0,0,0,0
WG_METRICS 1641,256,768,1.0223,0.0075,0.0068,0.9826,0.0098,0.0156,256,768,196608,393216,200081.4062,400162.8125,0.0000,0,0.0000,0.0000,0,0.0000,0,0.0000,0.0000,0,0.0000,0.0000,0,0,0,0,0,0,0,0,0,0,0,0,0,0,0,0,0,0,0,0,0,0,0,0,0
WG_METRICS 1642,256,768,1.0248,0.0074,0.0069,0.9787,0.0164,0.0155,256,768,196608,393216,200891.0000,401782.0000,0.0000,0,0.0000,0.0000,0,0.0000,0,0.0000,0.0000,0,0.0000,0.0000,0,0,0,0,0,0,0,0,0,0,0,0,0,0,0,0,0,0,0,0,0,0,0,0,0
WG_METRICS 1643,256,768,1.0160,0.0074,0.0068,0.9764,0.0098,0.0156,256,768,196608,393216,201368.3438,402736.6875,0.0000,0,0.0000,0.0000,0,0.0000,0,0.0000,0.0000,0,0.0000,0.0000,0,0,0,0,0,0,0,0,0,0,0,0,0,0,0,0,0,0,0,0,0,0,0,0,0
WG_METRICS 1644,256,768,1.0253,0.0075,0.0068,0.9791,0.0164,0.0155,256,768,196608,393216,200800.7188,401601.4375,0.0000,0,0.0000,0.0000,0,0.0000,0,0.0000,0.0000,0,0.0000,0.0000,0,0,0,0,0,0,0,0,0,0,0,0,0,0,0,0,0,0,0,0,0,0,0,0,0
WG_METRICS 1645,256,768,1.0398,0.0077,0.0067,0.9919,0.0170,0.0165,256,768,196608,393216,198217.5312,396435.0625,0.0000,0,0.0000,0.0000,0,0.0000,0,0.0000,0.0000,0,0.0000,0.0000,0,0,0,0,0,0,0,0,0,0,0,0,0,0,0,0,0,0,0,0,0,0,0,0,0
WG_METRICS 1646,256,768,1.0301,0.0074,0.0068,0.9919,0.0079,0.0160,256,768,196608,393216,198209.5312,396419.0625,0.0000,0,0.0000,0.0000,0,0.0000,0,0.0000,0.0000,0,0.0000,0.0000,0,0,0,0,0,0,0,0,0,0,0,0,0,0,0,0,0,0,0,0,0,0,0,0,0
WG_METRICS 1647,256,768,1.0428,0.0074,0.0068,0.9968,0.0164,0.0154,256,768,196608,393216,197247.0781,394494.1562,0.0000,0,0.0000,0.0000,0,0.0000,0,0.0000,0.0000,0,0.0000,0.0000,0,0,0,0,0,0,0,0,0,0,0,0,0,0,0,0,0,0,0,0,0,0,0,0,0
WG_METRICS 1648,256,768,1.0171,0.0074,0.0069,0.9732,0.0128,0.0168,256,768,196608,393216,202030.5000,404061.0000,0.0000,0,0.0000,0.0000,0,0.0000,0,0.0000,0.0000,0,0.0000,0.0000,0,0,0,0,0,0,0,0,0,0,0,0,0,0,0,0,0,0,0,0,0,0,0,0,0
WG_METRICS 1649,256,768,1.0526,0.0074,0.0068,1.0000,0.0228,0.0154,256,768,196608,393216,196600.1250,393200.2500,0.0000,0,0.0000,0.0000,0,0.0000,0,0.0000,0.0000,0,0.0000,0.0000,0,0,0,0,0,0,0,0,0,0,0,0,0,0,0,0,0,0,0,0,0,0,0,0,0
WG_METRICS 1650,256,768,1.0375,0.0075,0.0068,0.9851,0.0226,0.0155,256,768,196608,393216,199577.7188,399155.4375,0.0000,0,0.0000,0.0000,0,0.0000,0,0.0000,0.0000,0,0.0000,0.0000,0,0,0,0,0,0,0,0,0,0,0,0,0,0,0,0,0,0,0,0,0,0,0,0,0
WG_METRICS 1651,256,768,1.0392,0.0076,0.0067,0.9945,0.0146,0.0158,256,768,196608,393216,197699.2969,395398.5938,0.0000,0,0.0000,0.0000,0,0.0000,0,0.0000,0.0000,0,0.0000,0.0000,0,0,0,0,0,0,0,0,0,0,0,0,0,0,0,0,0,0,0,0,0,0,0,0,0
WG_METRICS 1652,256,768,1.0398,0.0074,0.0069,0.9866,0.0233,0.0157,256,768,196608,393216,199286.4062,398572.8125,0.0000,0,0.0000,0.0000,0,0.0000,0,0.0000,0.0000,0,0.0000,0.0000,0,0,0,0,0,0,0,0,0,0,0,0,0,0,0,0,0,0,0,0,0,0,0,0,0
WG_METRICS 1653,256,768,1.0210,0.0091,0.0066,0.9672,0.0226,0.0155,256,768,196608,393216,203283.8438,406567.6875,0.0000,0,0.0000,0.0000,0,0.0000,0,0.0000,0.0000,0,0.0000,0.0000,0,0,0,0,0,0,0,0,0,0,0,0,0,0,0,0,0,0,0,0,0,0,0,0,0
WG_METRICS 1654,256,768,1.0406,0.0074,0.0068,0.9883,0.0227,0.0154,256,768,196608,393216,198939.5781,397879.1562,0.0000,0,0.0000,0.0000,0,0.0000,0,0.0000,0.0000,0,0.0000,0.0000,0,0,0,0,0,0,0,0,0,0,0,0,0,0,0,0,0,0,0,0,0,0,0,0,0
WG_METRICS 1655,256,768,1.0396,0.0074,0.0069,0.9871,0.0228,0.0154,256,768,196608,393216,199173.3594,398346.7188,0.0000,0,0.0000,0.0000,0,0.0000,0,0.0000,0.0000,0,0.0000,0.0000,0,0,0,0,0,0,0,0,0,0,0,0,0,0,0,0,0,0,0,0,0,0,0,0,0
WG_METRICS 1656,256,768,1.0398,0.0074,0.0068,0.9867,0.0228,0.0161,256,768,196608,393216,199254.0938,398508.1875,0.0000,0,0.0000,0.0000,0,0.0000,0,0.0000,0.0000,0,0.0000,0.0000,0,0,0,0,0,0,0,0,0,0,0,0,0,0,0,0,0,0,0,0,0,0,0,0,0
WG_METRICS 1657,256,768,1.0262,0.0096,0.0067,0.9800,0.0144,0.0154,256,768,196608,393216,200628.5938,401257.1875,0.0000,0,0.0000,0.0000,0,0.0000,0,0.0000,0.0000,0,0.0000,0.0000,0,0,0,0,0,0,0,0,0,0,0,0,0,0,0,0,0,0,0,0,0,0,0,0,0
WG_METRICS 1658,256,768,1.0430,0.0076,0.0068,0.9901,0.0224,0.0161,256,768,196608,393216,198577.8906,397155.7812,0.0000,0,0.0000,0.0000,0,0.0000,0,0.0000,0.0000,0,0.0000,0.0000,0,0,0,0,0,0,0,0,0,0,0,0,0,0,0,0,0,0,0,0,0,0,0,0,0
WG_METRICS 1659,256,768,1.0260,0.0075,0.0068,0.9808,0.0142,0.0168,256,768,196608,393216,200456.7812,400913.5625,0.0000,0,0.0000,0.0000,0,0.0000,0,0.0000,0.0000,0,0.0000,0.0000,0,0,0,0,0,0,0,0,0,0,0,0,0,0,0,0,0,0,0,0,0,0,0,0,0
WG_METRICS 1660,256,768,1.0263,0.0074,0.0068,0.9735,0.0226,0.0160,256,768,196608,393216,201955.7969,403911.5938,0.0000,0,0.0000,0.0000,0,0.0000,0,0.0000,0.0000,0,0.0000,0.0000,0,0,0,0,0,0,0,0,0,0,0,0,0,0,0,0,0,0,0,0,0,0,0,0,0
WG_METRICS 1661,256,768,1.0220,0.0074,0.0068,0.9778,0.0145,0.0155,256,768,196608,393216,201080.0156,402160.0312,0.0000,0,0.0000,0.0000,0,0.0000,0,0.0000,0.0000,0,0.0000,0.0000,0,0,0,0,0,0,0,0,0,0,0,0,0,0,0,0,0,0,0,0,0,0,0,0,0
WG_METRICS 1662,256,768,1.0200,0.0074,0.0068,0.9740,0.0163,0.0154,256,768,196608,393216,201864.5625,403729.1250,0.0000,0,0.0000,0.0000,0,0.0000,0,0.0000,0.0000,0,0.0000,0.0000,0,0,0,0,0,0,0,0,0,0,0,0,0,0,0,0,0,0,0,0,0,0,0,0,0
WG_METRICS 1663,256,768,1.0329,0.0075,0.0068,0.9883,0.0146,0.0157,256,768,196608,393216,198931.5156,397863.0312,0.0000,0,0.0000,0.0000,0,0.0000,0,0.0000,0.0000,0,0.0000,0.0000,0,0,0,0,0,0,0,0,0,0,0,0,0,0,0,0,0,0,0,0,0,0,0,0,0
WG_METRICS 1664,256,768,1.0235,0.0076,0.0068,0.9767,0.0166,0.0159,256,768,196608,393216,201302.3750,402604.7500,0.0000,0,0.0000,0.0000,0,0.0000,0,0.0000,0.0000,0,0.0000,0.0000,0,0,0,0,0,0,0,0,0,0,0,0,0,0,0,0,0,0,0,0,0,0,0,0,0
WG_METRICS 1665,256,768,1.0438,0.0075,0.0068,0.9975,0.0165,0.0155,256,768,196608,393216,197104.7031,394209.4062,0.0000,0,0.0000,0.0000,0,0.0000,0,0.0000,0.0000,0,0.0000,0.0000,0,0,0,0,0,0,0,0,0,0,0,0,0,0,0,0,0,0,0,0,0,0,0,0,0
WG_METRICS 1666,256,768,1.0244,0.0075,0.0068,0.9778,0.0164,0.0160,256,768,196608,393216,201080.0156,402160.0312,0.0000,0,0.0000,0.0000,0,0.0000,0,0.0000,0.0000,0,0.0000,0.0000,0,0,0,0,0,0,0,0,0,0,0,0,0,0,0,0,0,0,0,0,0,0,0,0,0
WG_METRICS 1667,256,768,1.0382,0.0074,0.0069,0.9920,0.0164,0.0155,256,768,196608,393216,198185.5625,396371.1250,0.0000,0,0.0000,0.0000,0,0.0000,0,0.0000,0.0000,0,0.0000,0.0000,0,0,0,0,0,0,0,0,0,0,0,0,0,0,0,0,0,0,0,0,0,0,0,0,0
WG_METRICS 1668,256,768,1.0239,0.0075,0.0068,0.9776,0.0164,0.0157,256,768,196608,393216,201121.1562,402242.3125,0.0000,0,0.0000,0.0000,0,0.0000,0,0.0000,0.0000,0,0.0000,0.0000,0,0,0,0,0,0,0,0,0,0,0,0,0,0,0,0,0,0,0,0,0,0,0,0,0
WG_METRICS 1669,256,768,1.0203,0.0074,0.0068,0.9801,0.0102,0.0158,256,768,196608,393216,200604.0312,401208.0625,0.0000,0,0.0000,0.0000,0,0.0000,0,0.0000,0.0000,0,0.0000,0.0000,0,0,0,0,0,0,0,0,0,0,0,0,0,0,0,0,0,0,0,0,0,0,0,0,0
WG_METRICS 1670,256,768,1.0288,0.0074,0.0067,0.9827,0.0164,0.0155,256,768,196608,393216,200065.1250,400130.2500,0.0000,0,0.0000,0.0000,0,0.0000,0,0.0000,0.0000,0,0.0000,0.0000,0,0,0,0,0,0,0,0,0,0,0,0,0,0,0,0,0,0,0,0,0,0,0,0,0
WG_METRICS 1671,256,768,1.0183,0.0074,0.0069,0.9832,0.0051,0.0158,256,768,196608,393216,199975.5781,399951.1562,0.0000,0,0.0000,0.0000,0,0.0000,0,0.0000,0.0000,0,0.0000,0.0000,0,0,0,0,0,0,0,0,0,0,0,0,0,0,0,0,0,0,0,0,0,0,0,0,0
WG_METRICS 1672,256,768,1.0420,0.0074,0.0069,0.9955,0.0164,0.0158,256,768,196608,393216,197500.7031,395001.4062,0.0000,0,0.0000,0.0000,0,0.0000,0,0.0000,0.0000,0,0.0000,0.0000,0,0,0,0,0,0,0,0,0,0,0,0,0,0,0,0,0,0,0,0,0,0,0,0,0
WG_METRICS 1673,256,768,1.0454,0.0075,0.0068,0.9924,0.0233,0.0154,256,768,196608,393216,198113.6719,396227.3438,0.0000,0,0.0000,0.0000,0,0.0000,0,0.0000,0.0000,0,0.0000,0.0000,0,0,0,0,0,0,0,0,0,0,0,0,0,0,0,0,0,0,0,0,0,0,0,0,0
WG_METRICS 1674,256,768,1.0237,0.0075,0.0068,0.9857,0.0077,0.0160,256,768,196608,393216,199464.3281,398928.6562,0.0000,0,0.0000,0.0000,0,0.0000,0,0.0000,0.0000,0,0.0000,0.0000,0,0,0,0,0,0,0,0,0,0,0,0,0,0,0,0,0,0,0,0,0,0,0,0,0
WG_METRICS 1675,256,768,1.0372,0.0074,0.0068,0.9909,0.0164,0.0157,256,768,196608,393216,198409.5625,396819.1250,0.0000,0,0.0000,0.0000,0,0.0000,0,0.0000,0.0000,0,0.0000,0.0000,0,0,0,0,0,0,0,0,0,0,0,0,0,0,0,0,0,0,0,0,0,0,0,0,0
WG_METRICS 1676,256,768,1.0301,0.0074,0.0068,0.9835,0.0164,0.0160,256,768,196608,393216,199902.3906,399804.7812,0.0000,0,0.0000,0.0000,0,0.0000,0,0.0000,0.0000,0,0.0000,0.0000,0,0,0,0,0,0,0,0,0,0,0,0,0,0,0,0,0,0,0,0,0,0,0,0,0
WG_METRICS 1677,256,768,1.0435,0.0074,0.0068,0.9961,0.0155,0.0176,256,768,196608,393216,197373.8125,394747.6250,0.0000,0,0.0000,0.0000,0,0.0000,0,0.0000,0.0000,0,0.0000,0.0000,0,0,0,0,0,0,0,0,0,0,0,0,0,0,0,0,0,0,0,0,0,0,0,0,0
WG_METRICS 1678,256,768,1.0431,0.0074,0.0069,0.9897,0.0232,0.0158,256,768,196608,393216,198650.1250,397300.2500,0.0000,0,0.0000,0.0000,0,0.0000,0,0.0000,0.0000,0,0.0000,0.0000,0,0,0,0,0,0,0,0,0,0,0,0,0,0,0,0,0,0,0,0,0,0,0,0,0
WG_METRICS 1679,256,768,1.0277,0.0075,0.0068,0.9829,0.0146,0.0159,256,768,196608,393216,200024.4219,400048.8438,0.0000,0,0.0000,0.0000,0,0.0000,0,0.0000,0.0000,0,0.0000,0.0000,0,0,0,0,0,0,0,0,0,0,0,0,0,0,0,0,0,0,0,0,0,0,0,0,0
WG_METRICS 1680,256,768,1.0338,0.0076,0.0068,0.9816,0.0225,0.0154,256,768,196608,393216,200293.4062,400586.8125,0.0000,0,0.0000,0.0000,0,0.0000,0,0.0000,0.0000,0,0.0000,0.0000,0,0,0,0,0,0,0,0,0,0,0,0,0,0,0,0,0,0,0,0,0,0,0,0,0
WG_METRICS 1681,256,768,1.0392,0.0074,0.0068,0.9867,0.0228,0.0154,256,768,196608,393216,199254.0938,398508.1875,0.0000,0,0.0000,0.0000,0,0.0000,0,0.0000,0.0000,0,0.0000,0.0000,0,0,0,0,0,0,0,0,0,0,0,0,0,0,0,0,0,0,0,0,0,0,0,0,0
WG_METRICS 1682,256,768,1.0342,0.0074,0.0068,0.9812,0.0231,0.0157,256,768,196608,393216,200375.0625,400750.1250,0.0000,0,0.0000,0.0000,0,0.0000,0,0.0000,0.0000,0,0.0000,0.0000,0,0,0,0,0,0,0,0,0,0,0,0,0,0,0,0,0,0,0,0,0,0,0,0,0
WG_METRICS 1683,256,768,1.0407,0.0075,0.0068,0.9885,0.0225,0.0155,256,768,196608,393216,198899.3281,397798.6562,0.0000,0,0.0000,0.0000,0,0.0000,0,0.0000,0.0000,0,0.0000,0.0000,0,0,0,0,0,0,0,0,0,0,0,0,0,0,0,0,0,0,0,0,0,0,0,0,0
WG_METRICS 1684,256,768,1.0298,0.0074,0.0068,0.9772,0.0230,0.0154,256,768,196608,393216,201187.0156,402374.0312,0.0000,0,0.0000,0.0000,0,0.0000,0,0.0000,0.0000,0,0.0000,0.0000,0,0,0,0,0,0,0,0,0,0,0,0,0,0,0,0,0,0,0,0,0,0,0,0,0
WG_METRICS 1685,256,768,1.0471,0.0074,0.0068,0.9898,0.0272,0.0160,256,768,196608,393216,198642.0938,397284.1875,0.0000,0,0.0000,0.0000,0,0.0000,0,0.0000,0.0000,0,0.0000,0.0000,0,0,0,0,0,0,0,0,0,0,0,0,0,0,0,0,0,0,0,0,0,0,0,0,0
WG_METRICS 1686,256,768,1.0436,0.0074,0.0068,0.9903,0.0232,0.0158,256,768,196608,393216,198529.7656,397059.5312,0.0000,0,0.0000,0.0000,0,0.0000,0,0.0000,0.0000,0,0.0000,0.0000,0,0,0,0,0,0,0,0,0,0,0,0,0,0,0,0,0,0,0,0,0,0,0,0,0
WG_METRICS 1687,256,768,1.0171,0.0074,0.0069,0.9776,0.0098,0.0155,256,768,196608,393216,201121.1562,402242.3125,0.0000,0,0.0000,0.0000,0,0.0000,0,0.0000,0.0000,0,0.0000,0.0000,0,0,0,0,0,0,0,0,0,0,0,0,0,0,0,0,0,0,0,0,0,0,0,0,0
WG_METRICS 1688,256,768,1.0290,0.0094,0.0068,0.9744,0.0228,0.0156,256,768,196608,393216,201773.4062,403546.8125,0.0000,0,0.0000,0.0000,0,0.0000,0,0.0000,0.0000,0,0.0000,0.0000,0,0,0,0,0,0,0,0,0,0,0,0,0,0,0,0,0,0,0,0,0,0,0,0,0
WG_METRICS 1689,256,768,1.0617,0.0075,0.0069,1.0171,0.0145,0.0157,256,768,196608,393216,193306.3438,386612.6875,0.0000,0,0.0000,0.0000,0,0.0000,0,0.0000,0.0000,0,0.0000,0.0000,0,0,0,0,0,0,0,0,0,0,0,0,0,0,0,0,0,0,0,0,0,0,0,0,0
WG_METRICS 1690,256,768,1.0548,0.0074,0.0069,1.0014,0.0232,0.0159,256,768,196608,393216,196340.9688,392681.9375,0.0000,0,0.0000,0.0000,0,0.0000,0,0.0000,0.0000,0,0.0000,0.0000,0,0,0,0,0,0,0,0,0,0,0,0,0,0,0,0,0,0,0,0,0,0,0,0,0
WG_METRICS 1691,256,768,1.0171,0.0076,0.0068,0.9731,0.0142,0.0155,256,768,196608,393216,202038.8125,404077.6250,0.0000,0,0.0000,0.0000,0,0.0000,0,0.0000,0.0000,0,0.0000,0.0000,0,0,0,0,0,0,0,0,0,0,0,0,0,0,0,0,0,0,0,0,0,0,0,0,0
WG_METRICS 1692,256,768,1.0314,0.0075,0.0068,0.9873,0.0140,0.0159,256,768,196608,393216,199141.0781,398282.1562,0.0000,0,0.0000,0.0000,0,0.0000,0,0.0000,0.0000,0,0.0000,0.0000,0,0,0,0,0,0,0,0,0,0,0,0,0,0,0,0,0,0,0,0,0,0,0,0,0
WG_METRICS 1693,256,768,1.0377,0.0074,0.0068,0.9852,0.0226,0.0156,256,768,196608,393216,199561.5156,399123.0312,0.0000,0,0.0000,0.0000,0,0.0000,0,0.0000,0.0000,0,0.0000,0.0000,0,0,0,0,0,0,0,0,0,0,0,0,0,0,0,0,0,0,0,0,0,0,0,0,0
WG_METRICS 1694,256,768,1.0472,0.0075,0.0068,0.9805,0.0364,0.0161,256,768,196608,393216,200522.1875,401044.3750,0.0000,0,0.0000,0.0000,0,0.0000,0,0.0000,0.0000,0,0.0000,0.0000,0,0,0,0,0,0,0,0,0,0,0,0,0,0,0,0,0,0,0,0,0,0,0,0,0
WG_METRICS 1695,256,768,1.0530,0.0074,0.0066,1.0008,0.0227,0.0154,256,768,196608,393216,196458.7031,392917.4062,0.0000,0,0.0000,0.0000,0,0.0000,0,0.0000,0.0000,0,0.0000,0.0000,0,0,0,0,0,0,0,0,0,0,0,0,0,0,0,0,0,0,0,0,0,0,0,0,0
WG_METRICS 1696,256,768,1.0119,0.0074,0.0044,0.9700,0.0142,0.0159,256,768,196608,393216,202680.2969,405360.5938,0.0000,0,0.0000,0.0000,0,0.0000,0,0.0000,0.0000,0,0.0000,0.0000,0,0,0,0,0,0,0,0,0,0,0,0,0,0,0,0,0,0,0,0,0,0,0,0,0
WG_METRICS 1697,256,768,1.0273,0.0075,0.0067,0.9836,0.0140,0.0156,256,768,196608,393216,199894.2500,399788.5000,0.0000,0,0.0000,0.0000,0,0.0000,0,0.0000,0.0000,0,0.0000,0.0000,0,0,0,0,0,0,0,0,0,0,0,0,0,0,0,0,0,0,0,0,0,0,0,0,0
WG_METRICS 1698,256,768,1.0340,0.0075,0.0068,0.9810,0.0230,0.0157,256,768,196608,393216,200407.7344,400815.4688,0.0000,0,0.0000,0.0000,0,0.0000,0,0.0000,0.0000,0,0.0000,0.0000,0,0,0,0,0,0,0,0,0,0,0,0,0,0,0,0,0,0,0,0,0,0,0,0,0
WG_METRICS 1699,256,768,1.0247,0.0074,0.0068,0.9805,0.0146,0.0154,256,768,196608,393216,200514.0156,401028.0312,0.0000,0,0.0000,0.0000,0,0.0000,0,0.0000,0.0000,0,0.0000,0.0000,0,0,0,0,0,0,0,0,0,0,0,0,0,0,0,0,0,0,0,0,0,0,0,0,0
WG_METRICS 1700,256,768,1.0312,0.0074,0.0068,0.9782,0.0232,0.0155,256,768,196608,393216,200989.5625,401979.1250,0.0000,0,0.0000,0.0000,0,0.0000,0,0.0000,0.0000,0,0.0000,0.0000,0,0,0,0,0,0,0,0,0,0,0,0,0,0,0,0,0,0,0,0,0,0,0,0,0
WG_METRICS 1701,256,768,1.0392,0.0075,0.0068,0.9952,0.0143,0.0154,256,768,196608,393216,197556.2812,395112.5625,0.0000,0,0.0000,0.0000,0,0.0000,0,0.0000,0.0000,0,0.0000,0.0000,0,0,0,0,0,0,0,0,0,0,0,0,0,0,0,0,0,0,0,0,0,0,0,0,0
WG_METRICS 1702,256,768,1.0509,0.0075,0.0068,1.0162,0.0044,0.0160,256,768,196608,393216,193466.1094,386932.2188,0.0000,0,0.0000,0.0000,0,0.0000,0,0.0000,0.0000,0,0.0000,0.0000,0,0,0,0,0,0,0,0,0,0,0,0,0,0,0,0,0,0,0,0,0,0,0,0,0
WG_METRICS 1703,256,768,1.0502,0.0076,0.0068,1.0049,0.0147,0.0162,256,768,196608,393216,195653.2188,391306.4375,0.0000,0,0.0000,0.0000,0,0.0000,0,0.0000,0.0000,0,0.0000,0.0000,0,0,0,0,0,0,0,0,0,0,0,0,0,0,0,0,0,0,0,0,0,0,0,0,0
WG_METRICS 1704,256,768,1.0331,0.0074,0.0068,0.9890,0.0140,0.0159,256,768,196608,393216,198802.7812,397605.5625,0.0000,0,0.0000,0.0000,0,0.0000,0,0.0000,0.0000,0,0.0000,0.0000,0,0,0,0,0,0,0,0,0,0,0,0,0,0,0,0,0,0,0,0,0,0,0,0,0
WG_METRICS 1705,256,768,1.0321,0.0074,0.0068,0.9880,0.0142,0.0157,256,768,196608,393216,198987.9062,397975.8125,0.0000,0,0.0000,0.0000,0,0.0000,0,0.0000,0.0000,0,0.0000,0.0000,0,0,0,0,0,0,0,0,0,0,0,0,0,0,0,0,0,0,0,0,0,0,0,0,0
WG_METRICS 1706,256,768,1.0448,0.0078,0.0066,0.9920,0.0227,0.0156,256,768,196608,393216,198201.5469,396403.0938,0.0000,0,0.0000,0.0000,0,0.0000,0,0.0000,0.0000,0,0.0000,0.0000,0,0,0,0,0,0,0,0,0,0,0,0,0,0,0,0,0,0,0,0,0,0,0,0,0
WG_METRICS 1707,256,768,1.0270,0.0074,0.0068,0.9742,0.0228,0.0157,256,768,196608,393216,201823.1094,403646.2188,0.0000,0,0.0000,0.0000,0,0.0000,0,0.0000,0.0000,0,0.0000,0.0000,0,0,0,0,0,0,0,0,0,0,0,0,0,0,0,0,0,0,0,0,0,0,0,0,0
WG_METRICS 1708,256,768,1.1571,0.0078,0.0069,1.1013,0.0236,0.0176,256,768,196608,393216,178520.3125,357040.6250,0.0000,0,0.0000,0.0000,0,0.0000,0,0.0000,0.0000,0,0.0000,0.0000,0,0,0,0,0,0,0,0,0,0,0,0,0,0,0,0,0,0,0,0,0,0,0,0,0
WG_METRICS 1709,256,768,1.1928,0.0076,0.0069,1.1464,0.0142,0.0177,256,768,196608,393216,171506.3281,343012.6562,0.0000,0,0.0000,0.0000,0,0.0000,0,0.0000,0.0000,0,0.0000,0.0000,0,0,0,0,0,0,0,0,0,0,0,0,0,0,0,0,0,0,0,0,0,0,0,0,0
WG_METRICS 1710,256,768,1.2387,0.0098,0.0070,1.1801,0.0231,0.0186,256,768,196608,393216,166600.0156,333200.0312,0.0000,0,0.0000,0.0000,0,0.0000,0,0.0000,0.0000,0,0.0000,0.0000,0,0,0,0,0,0,0,0,0,0,0,0,0,0,0,0,0,0,0,0,0,0,0,0,0
WG_METRICS 1711,256,768,1.2152,0.0077,0.0069,1.1669,0.0146,0.0191,256,768,196608,393216,168490.3281,336980.6562,0.0000,0,0.0000,0.0000,0,0.0000,0,0.0000,0.0000,0,0.0000,0.0000,0,0,0,0,0,0,0,0,0,0,0,0,0,0,0,0,0,0,0,0,0,0,0,0,0
WG_METRICS 1712,256,768,1.1559,0.0078,0.0067,1.1008,0.0231,0.0175,256,768,196608,393216,178598.1719,357196.3438,0.0000,0,0.0000,0.0000,0,0.0000,0,0.0000,0.0000,0,0.0000,0.0000,0,0,0,0,0,0,0,0,0,0,0,0,0,0,0,0,0,0,0,0,0,0,0,0,0
WG_METRICS 1713,256,768,1.0931,0.0078,0.0068,1.0525,0.0104,0.0157,256,768,196608,393216,186804.5000,373609.0000,0.0000,0,0.0000,0.0000,0,0.0000,0,0.0000,0.0000,0,0.0000,0.0000,0,0,0,0,0,0,0,0,0,0,0,0,0,0,0,0,0,0,0,0,0,0,0,0,0
WG_METRICS 1714,256,768,1.0358,0.0075,0.0068,0.9829,0.0227,0.0160,256,768,196608,393216,200024.4219,400048.8438,0.0000,0,0.0000,0.0000,0,0.0000,0,0.0000,0.0000,0,0.0000,0.0000,0,0,0,0,0,0,0,0,0,0,0,0,0,0,0,0,0,0,0,0,0,0,0,0,0
WG_METRICS 1715,256,768,1.0205,0.0074,0.0069,0.9768,0.0140,0.0154,256,768,196608,393216,201285.8750,402571.7500,0.0000,0,0.0000,0.0000,0,0.0000,0,0.0000,0.0000,0,0.0000,0.0000,0,0,0,0,0,0,0,0,0,0,0,0,0,0,0,0,0,0,0,0,0,0,0,0,0
WG_METRICS 1716,256,768,1.0180,0.0074,0.0069,0.9739,0.0144,0.0154,256,768,196608,393216,201881.1406,403762.2812,0.0000,0,0.0000,0.0000,0,0.0000,0,0.0000,0.0000,0,0.0000,0.0000,0,0,0,0,0,0,0,0,0,0,0,0,0,0,0,0,0,0,0,0,0,0,0,0,0
WG_METRICS 1717,256,768,1.1369,0.0084,0.0151,0.9945,0.0419,0.0770,256,768,196608,393216,197691.3438,395382.6875,0.0000,0,0.0000,0.0000,0,0.0000,0,0.0000,0.0000,0,0.0000,0.0000,0,0,0,0,0,0,0,0,0,0,0,0,0,0,0,0,0,0,0,0,0,0,0,0,0
WG_METRICS 1718,256,768,1.0905,0.0083,0.0140,1.0431,0.0086,0.0164,256,768,196608,393216,188480.7031,376961.4062,0.0000,0,0.0000,0.0000,0,0.0000,0,0.0000,0.0000,0,0.0000,0.0000,0,0,0,0,0,0,0,0,0,0,0,0,0,0,0,0,0,0,0,0,0,0,0,0,0
WG_METRICS 1719,256,768,1.0372,0.0078,0.0146,0.9818,0.0170,0.0160,256,768,196608,393216,200260.7500,400521.5000,0.0000,0,0.0000,0.0000,0,0.0000,0,0.0000,0.0000,0,0.0000,0.0000,0,0,0,0,0,0,0,0,0,0,0,0,0,0,0,0,0,0,0,0,0,0,0,0,0
WG_METRICS 1720,256,768,1.1555,0.0076,0.0069,1.1203,0.0040,0.0167,256,768,196608,393216,175498.9844,350997.9688,0.0000,0,0.0000,0.0000,0,0.0000,0,0.0000,0.0000,0,0.0000,0.0000,0,0,0,0,0,0,0,0,0,0,0,0,0,0,0,0,0,0,0,0,0,0,0,0,0
WG_METRICS 1721,256,768,1.2996,0.0078,0.0068,1.2149,0.0520,0.0182,256,768,196608,393216,161833.2656,323666.5312,0.0000,0,0.0000,0.0000,0,0.0000,0,0.0000,0.0000,0,0.0000,0.0000,0,0,0,0,0,0,0,0,0,0,0,0,0,0,0,0,0,0,0,0,0,0,0,0,0
WG_METRICS 1722,256,768,1.2940,0.0078,0.0068,1.2362,0.0238,0.0194,256,768,196608,393216,159042.2344,318084.4688,0.0000,0,0.0000,0.0000,0,0.0000,0,0.0000,0.0000,0,0.0000,0.0000,0,0,0,0,0,0,0,0,0,0,0,0,0,0,0,0,0,0,0,0,0,0,0,0,0
WG_METRICS 1723,256,768,1.1979,0.0078,0.0068,1.1479,0.0170,0.0184,256,768,196608,393216,171273.2500,342546.5000,0.0000,0,0.0000,0.0000,0,0.0000,0,0.0000,0.0000,0,0.0000,0.0000,0,0,0,0,0,0,0,0,0,0,0,0,0,0,0,0,0,0,0,0,0,0,0,0,0
WG_METRICS 1724,256,768,1.2869,0.0078,0.0069,1.2362,0.0169,0.0191,256,768,196608,393216,159042.2344,318084.4688,0.0000,0,0.0000,0.0000,0,0.0000,0,0.0000,0.0000,0,0.0000,0.0000,0,0,0,0,0,0,0,0,0,0,0,0,0,0,0,0,0,0,0,0,0,0,0,0,0
WG_METRICS 1725,256,768,1.4490,0.0081,0.0070,1.4090,0.0038,0.0211,256,768,196608,393216,139537.2500,279074.5000,0.0000,0,0.0000,0.0000,0,0.0000,0,0.0000,0.0000,0,0.0000,0.0000,0,0,0,0,0,0,0,0,0,0,0,0,0,0,0,0,0,0,0,0,0,0,0,0,0
WG_METRICS 1726,256,768,1.4959,0.0081,0.0069,1.4418,0.0170,0.0221,256,768,196608,393216,136366.6719,272733.3438,0.0000,0,0.0000,0.0000,0,0.0000,0,0.0000,0.0000,0,0.0000,0.0000,0,0,0,0,0,0,0,0,0,0,0,0,0,0,0,0,0,0,0,0,0,0,0,0,0
