WG_METRICS_HEADER frame,q1_shards,q1_shard_capacity,gpu_frame_ms,reset_ms,reset_barrier_ms,compute_ms,metrics_copy_ms,render_ms,q2_shards,q2_shard_capacity,edges,vertices,edges_per_ms,vertices_per_ms,q1_deq_attempt_mean,q1_deq_attempt_max,q1_deq_attempt_imbalance,q1_deq_cas_fail_mean,q1_deq_cas_fail_max,q1_deq_probe_mean,q1_deq_probe_max,q1_deq_probe_imbalance,q1_enq_attempt_mean,q1_enq_attempt_max,q1_enq_attempt_imbalance,q1_high_water_mean,q1_high_water_max,q1_enq_ok,q1_enq_cas_fail,q1_enq_full,q1_deq_ok,q1_deq_cas_fail,q1_deq_empty,q1_ready_cas_fail,q1_ready_max_spin,q1_high_water,q2_enq_ok,q2_enq_cas_fail,q2_enq_full,q2_deq_ok,q2_deq_cas_fail,q2_deq_empty,q2_ready_cas_fail,q2_ready_max_spin,q2_high_water,node_a_seed,node_b_tasks,node_b_subdivide,node_b_final,node_c_output,stop_writes
WG_METRICS 1,256,768,2.0324,0.0072,0.0036,1.9757,0.0138,0.0320,256,768,196608,393216,99512.0703,199024.1406,0.0000,0,0.0000,0.0000,0,0.0000,0,0.0000,0.0000,0,0.0000,0.0000,0,0,0,0,0,0,0,0,0,0,0,0,0,0,0,0,0,0,0,0,0,0,0,0,0
WG_METRICS 2,256,768,2.0342,0.0068,0.0037,1.9711,0.0224,0.0302,256,768,196608,393216,99744.3047,199488.6094,0.0000,0,0.0000,0.0000,0,0.0000,0,0.0000,0.0000,0,0.0000,0.0000,0,0,0,0,0,0,0,0,0,0,0,0,0,0,0,0,0,0,0,0,0,0,0,0,0
WG_METRICS 3,256,768,2.1050,0.0069,0.0037,2.0480,0.0138,0.0326,256,768,196608,393216,95999.9922,191999.9844,0.0000,0,0.0000,0.0000,0,0.0000,0,0.0000,0.0000,0,0.0000,0.0000,0,0,0,0,0,0,0,0,0,0,0,0,0,0,0,0,0,0,0,0,0,0,0,0,0
WG_METRICS 4,256,768,2.0128,0.0068,0.0037,1.9495,0.0226,0.0302,256,768,196608,393216,100851.5078,201703.0156,0.0000,0,0.0000,0.0000,0,0.0000,0,0.0000,0.0000,0,0.0000,0.0000,0,0,0,0,0,0,0,0,0,0,0,0,0,0,0,0,0,0,0,0,0,0,0,0,0
WG_METRICS 5,256,768,2.0117,0.0064,0.0037,1.9486,0.0224,0.0306,256,768,196608,393216,100894.9844,201789.9688,0.0000,0,0.0000,0.0000,0,0.0000,0,0.0000,0.0000,0,0.0000,0.0000,0,0,0,0,0,0,0,0,0,0,0,0,0,0,0,0,0,0,0,0,0,0,0,0,0
WG_METRICS 6,256,768,1.6697,0.0061,0.0036,1.6227,0.0127,0.0246,256,768,196608,393216,121162.5234,242325.0469,0.0000,0,0.0000,0.0000,0,0.0000,0,0.0000,0.0000,0,0.0000,0.0000,0,0,0,0,0,0,0,0,0,0,0,0,0,0,0,0,0,0,0,0,0,0,0,0,0
WG_METRICS 7,256,768,1.0268,0.0042,0.0033,0.9840,0.0197,0.0156,256,768,196608,393216,199796.7500,399593.5000,0.0000,0,0.0000,0.0000,0,0.0000,0,0.0000,0.0000,0,0.0000,0.0000,0,0,0,0,0,0,0,0,0,0,0,0,0,0,0,0,0,0,0,0,0,0,0,0,0
WG_METRICS 8,256,768,2.0525,0.0064,0.0037,1.9897,0.0224,0.0304,256,768,196608,393216,98811.8906,197623.7812,0.0000,0,0.0000,0.0000,0,0.0000,0,0.0000,0.0000,0,0.0000,0.0000,0,0,0,0,0,0,0,0,0,0,0,0,0,0,0,0,0,0,0,0,0,0,0,0,0
WG_METRICS 9,256,768,2.0365,0.0064,0.0037,1.9815,0.0138,0.0311,256,768,196608,393216,99220.7969,198441.5938,0.0000,0,0.0000,0.0000,0,0.0000,0,0.0000,0.0000,0,0.0000,0.0000,0,0,0,0,0,0,0,0,0,0,0,0,0,0,0,0,0,0,0,0,0,0,0,0,0
WG_METRICS 10,256,768,1.6488,0.0056,0.0036,1.5955,0.0211,0.0231,256,768,196608,393216,123228.1250,246456.2500,0.0000,0,0.0000,0.0000,0,0.0000,0,0.0000,0.0000,0,0.0000,0.0000,0,0,0,0,0,0,0,0,0,0,0,0,0,0,0,0,0,0,0,0,0,0,0,0,0
WG_METRICS 11,256,768,1.0220,0.0042,0.0032,0.9793,0.0198,0.0154,256,768,196608,393216,200759.7188,401519.4375,0.0000,0,0.0000,0.0000,0,0.0000,0,0.0000,0.0000,0,0.0000,0.0000,0,0,0,0,0,0,0,0,0,0,0,0,0,0,0,0,0,0,0,0,0,0,0,0,0
WG_METRICS 12,256,768,2.0350,0.0064,0.0037,1.9718,0.0224,0.0307,256,768,196608,393216,99707.8828,199415.7656,0.0000,0,0.0000,0.0000,0,0.0000,0,0.0000,0.0000,0,0.0000,0.0000,0,0,0,0,0,0,0,0,0,0,0,0,0,0,0,0,0,0,0,0,0,0,0,0,0
WG_METRICS 13,256,768,2.0258,0.0064,0.0037,1.9628,0.0225,0.0304,256,768,196608,393216,100169.1484,200338.2969,0.0000,0,0.0000,0.0000,0,0.0000,0,0.0000,0.0000,0,0.0000,0.0000,0,0,0,0,0,0,0,0,0,0,0,0,0,0,0,0,0,0,0,0,0,0,0,0,0
WG_METRICS 14,256,768,1.1415,0.0044,0.0033,1.0971,0.0199,0.0168,256,768,196608,393216,179203.7188,358407.4375,0.0000,0,0.0000,0.0000,0,0.0000,0,0.0000,0.0000,0,0.0000,0.0000,0,0,0,0,0,0,0,0,0,0,0,0,0,0,0,0,0,0,0,0,0,0,0,0,0
WG_METRICS 15,256,768,1.0232,0.0042,0.0033,0.9808,0.0196,0.0153,256,768,196608,393216,200448.5938,400897.1875,0.0000,0,0.0000,0.0000,0,0.0000,0,0.0000,0.0000,0,0.0000,0.0000,0,0,0,0,0,0,0,0,0,0,0,0,0,0,0,0,0,0,0,0,0,0,0,0,0
WG_METRICS 16,256,768,1.0280,0.0042,0.0033,0.9942,0.0110,0.0154,256,768,196608,393216,197754.9844,395509.9688,0.0000,0,0.0000,0.0000,0,0.0000,0,0.0000,0.0000,0,0.0000,0.0000,0,0,0,0,0,0,0,0,0,0,0,0,0,0,0,0,0,0,0,0,0,0,0,0,0
WG_METRICS 17,256,768,1.0261,0.0044,0.0033,0.9917,0.0110,0.0156,256,768,196608,393216,198249.5000,396499.0000,0.0000,0,0.0000,0.0000,0,0.0000,0,0.0000,0.0000,0,0.0000,0.0000,0,0,0,0,0,0,0,0,0,0,0,0,0,0,0,0,0,0,0,0,0,0,0,0,0
WG_METRICS 18,256,768,1.0290,0.0042,0.0033,0.9861,0.0198,0.0156,256,768,196608,393216,199383.4219,398766.8438,0.0000,0,0.0000,0.0000,0,0.0000,0,0.0000,0.0000,0,0.0000,0.0000,0,0,0,0,0,0,0,0,0,0,0,0,0,0,0,0,0,0,0,0,0,0,0,0,0
WG_METRICS 19,256,768,1.2590,0.0046,0.0034,1.2192,0.0119,0.0201,256,768,196608,393216,161265.1406,322530.2812,0.0000,0,0.0000,0.0000,0,0.0000,0,0.0000,0.0000,0,0.0000,0.0000,0,0,0,0,0,0,0,0,0,0,0,0,0,0,0,0,0,0,0,0,0,0,0,0,0
WG_METRICS 20,256,768,1.1926,0.0045,0.0033,1.1476,0.0201,0.0171,256,768,196608,393216,171321.0156,342642.0312,0.0000,0,0.0000,0.0000,0,0.0000,0,0.0000,0.0000,0,0.0000,0.0000,0,0,0,0,0,0,0,0,0,0,0,0,0,0,0,0,0,0,0,0,0,0,0,0,0
WG_METRICS 21,256,768,1.0230,0.0042,0.0033,0.9806,0.0197,0.0153,256,768,196608,393216,200505.8281,401011.6562,0.0000,0,0.0000,0.0000,0,0.0000,0,0.0000,0.0000,0,0.0000,0.0000,0,0,0,0,0,0,0,0,0,0,0,0,0,0,0,0,0,0,0,0,0,0,0,0,0
WG_METRICS 22,256,768,1.0265,0.0042,0.0033,0.9836,0.0199,0.0155,256,768,196608,393216,199894.2500,399788.5000,0.0000,0,0.0000,0.0000,0,0.0000,0,0.0000,0.0000,0,0.0000,0.0000,0,0,0,0,0,0,0,0,0,0,0,0,0,0,0,0,0,0,0,0,0,0,0,0,0
WG_METRICS 23,256,768,1.0632,0.0042,0.0032,1.0202,0.0198,0.0158,256,768,196608,393216,192722.7188,385445.4375,0.0000,0,0.0000,0.0000,0,0.0000,0,0.0000,0.0000,0,0.0000,0.0000,0,0,0,0,0,0,0,0,0,0,0,0,0,0,0,0,0,0,0,0,0,0,0,0,0
WG_METRICS 24,256,768,1.0190,0.0042,0.0033,0.9759,0.0198,0.0158,256,768,196608,393216,201467.3906,402934.7812,0.0000,0,0.0000,0.0000,0,0.0000,0,0.0000,0.0000,0,0.0000,0.0000,0,0,0,0,0,0,0,0,0,0,0,0,0,0,0,0,0,0,0,0,0,0,0,0,0
WG_METRICS 25,256,768,1.0175,0.0042,0.0033,0.9881,0.0067,0.0153,256,768,196608,393216,198979.8281,397959.6562,0.0000,0,0.0000,0.0000,0,0.0000,0,0.0000,0.0000,0,0.0000,0.0000,0,0,0,0,0,0,0,0,0,0,0,0,0,0,0,0,0,0,0,0,0,0,0,0,0
WG_METRICS 26,256,768,1.0224,0.0042,0.0033,0.9797,0.0195,0.0157,256,768,196608,393216,200685.9375,401371.8750,0.0000,0,0.0000,0.0000,0,0.0000,0,0.0000,0.0000,0,0.0000,0.0000,0,0,0,0,0,0,0,0,0,0,0,0,0,0,0,0,0,0,0,0,0,0,0,0,0
WG_METRICS 27,256,768,2.0522,0.0064,0.0037,1.9983,0.0137,0.0301,256,768,196608,393216,98388.6094,196777.2188,0.0000,0,0.0000,0.0000,0,0.0000,0,0.0000,0.0000,0,0.0000,0.0000,0,0,0,0,0,0,0,0,0,0,0,0,0,0,0,0,0,0,0,0,0,0,0,0,0
WG_METRICS 28,256,768,2.0378,0.0068,0.0037,1.9874,0.0094,0.0304,256,768,196608,393216,98929.2344,197858.4688,0.0000,0,0.0000,0.0000,0,0.0000,0,0.0000,0.0000,0,0.0000,0.0000,0,0,0,0,0,0,0,0,0,0,0,0,0,0,0,0,0,0,0,0,0,0,0,0,0
WG_METRICS 29,256,768,1.2687,0.0047,0.0034,1.2225,0.0200,0.0181,256,768,196608,393216,160827.1562,321654.3125,0.0000,0,0.0000,0.0000,0,0.0000,0,0.0000,0.0000,0,0.0000,0.0000,0,0,0,0,0,0,0,0,0,0,0,0,0,0,0,0,0,0,0,0,0,0,0,0,0
WG_METRICS 30,256,768,1.0178,0.0042,0.0033,0.9754,0.0197,0.0153,256,768,196608,393216,201566.5469,403133.0938,0.0000,0,0.0000,0.0000,0,0.0000,0,0.0000,0.0000,0,0.0000,0.0000,0,0,0,0,0,0,0,0,0,0,0,0,0,0,0,0,0,0,0,0,0,0,0,0,0
WG_METRICS 31,256,768,1.0369,0.0042,0.0034,0.9939,0.0198,0.0157,256,768,196608,393216,197818.6562,395637.3125,0.0000,0,0.0000,0.0000,0,0.0000,0,0.0000,0.0000,0,0.0000,0.0000,0,0,0,0,0,0,0,0,0,0,0,0,0,0,0,0,0,0,0,0,0,0,0,0,0
WG_METRICS 32,256,768,1.0158,0.0041,0.0032,0.9816,0.0112,0.0156,256,768,196608,393216,200285.2344,400570.4688,0.0000,0,0.0000,0.0000,0,0.0000,0,0.0000,0.0000,0,0.0000,0.0000,0,0,0,0,0,0,0,0,0,0,0,0,0,0,0,0,0,0,0,0,0,0,0,0,0
WG_METRICS 33,256,768,1.0333,0.0042,0.0033,0.9909,0.0198,0.0152,256,768,196608,393216,198417.5625,396835.1250,0.0000,0,0.0000,0.0000,0,0.0000,0,0.0000,0.0000,0,0.0000,0.0000,0,0,0,0,0,0,0,0,0,0,0,0,0,0,0,0,0,0,0,0,0,0,0,0,0
WG_METRICS 34,256,768,1.0176,0.0042,0.0033,0.9836,0.0111,0.0155,256,768,196608,393216,199886.1250,399772.2500,0.0000,0,0.0000,0.0000,0,0.0000,0,0.0000,0.0000,0,0.0000,0.0000,0,0,0,0,0,0,0,0,0,0,0,0,0,0,0,0,0,0,0,0,0,0,0,0,0
WG_METRICS 35,256,768,1.0289,0.0042,0.0033,0.9860,0.0199,0.0155,256,768,196608,393216,199399.5938,398799.1875,0.0000,0,0.0000,0.0000,0,0.0000,0,0.0000,0.0000,0,0.0000,0.0000,0,0,0,0,0,0,0,0,0,0,0,0,0,0,0,0,0,0,0,0,0,0,0,0,0
WG_METRICS 36,256,768,1.0224,0.0042,0.0033,0.9886,0.0110,0.0153,256,768,196608,393216,198875.1719,397750.3438,0.0000,0,0.0000,0.0000,0,0.0000,0,0.0000,0.0000,0,0.0000,0.0000,0,0,0,0,0,0,0,0,0,0,0,0,0,0,0,0,0,0,0,0,0,0,0,0,0
WG_METRICS 37,256,768,1.0210,0.0042,0.0032,0.9904,0.0067,0.0164,256,768,196608,393216,198505.7188,397011.4375,0.0000,0,0.0000,0.0000,0,0.0000,0,0.0000,0.0000,0,0.0000,0.0000,0,0,0,0,0,0,0,0,0,0,0,0,0,0,0,0,0,0,0,0,0,0,0,0,0
WG_METRICS 38,256,768,1.0271,0.0042,0.0033,0.9923,0.0110,0.0163,256,768,196608,393216,198129.6406,396259.2812,0.0000,0,0.0000,0.0000,0,0.0000,0,0.0000,0.0000,0,0.0000,0.0000,0,0,0,0,0,0,0,0,0,0,0,0,0,0,0,0,0,0,0,0,0,0,0,0,0
WG_METRICS 39,256,768,1.0334,0.0042,0.0033,0.9908,0.0199,0.0153,256,768,196608,393216,198441.5938,396883.1875,0.0000,0,0.0000,0.0000,0,0.0000,0,0.0000,0.0000,0,0.0000,0.0000,0,0,0,0,0,0,0,0,0,0,0,0,0,0,0,0,0,0,0,0,0,0,0,0,0
WG_METRICS 40,256,768,1.0481,0.0042,0.0033,1.0048,0.0199,0.0160,256,768,196608,393216,195668.7969,391337.5938,0.0000,0,0.0000,0.0000,0,0.0000,0,0.0000,0.0000,0,0.0000,0.0000,0,0,0,0,0,0,0,0,0,0,0,0,0,0,0,0,0,0,0,0,0,0,0,0,0
WG_METRICS 41,256,768,1.0250,0.0042,0.0031,0.9912,0.0110,0.0155,256,768,196608,393216,198361.5156,396723.0312,0.0000,0,0.0000,0.0000,0,0.0000,0,0.0000,0.0000,0,0.0000,0.0000,0,0,0,0,0,0,0,0,0,0,0,0,0,0,0,0,0,0,0,0,0,0,0,0,0
WG_METRICS 42,256,768,1.0410,0.0042,0.0032,1.0021,0.0162,0.0153,256,768,196608,393216,196199.9062,392399.8125,0.0000,0,0.0000,0.0000,0,0.0000,0,0.0000,0.0000,0,0.0000,0.0000,0,0,0,0,0,0,0,0,0,0,0,0,0,0,0,0,0,0,0,0,0,0,0,0,0
WG_METRICS 43,256,768,1.0266,0.0042,0.0033,0.9972,0.0067,0.0153,256,768,196608,393216,197167.9531,394335.9062,0.0000,0,0.0000,0.0000,0,0.0000,0,0.0000,0.0000,0,0.0000,0.0000,0,0,0,0,0,0,0,0,0,0,0,0,0,0,0,0,0,0,0,0,0,0,0,0,0
WG_METRICS 44,256,768,1.0306,0.0042,0.0032,0.9876,0.0199,0.0157,256,768,196608,393216,199084.6250,398169.2500,0.0000,0,0.0000,0.0000,0,0.0000,0,0.0000,0.0000,0,0.0000,0.0000,0,0,0,0,0,0,0,0,0,0,0,0,0,0,0,0,0,0,0,0,0,0,0,0,0
WG_METRICS 45,256,768,1.0361,0.0041,0.0033,0.9935,0.0199,0.0153,256,768,196608,393216,197898.2969,395796.5938,0.0000,0,0.0000,0.0000,0,0.0000,0,0.0000,0.0000,0,0.0000,0.0000,0,0,0,0,0,0,0,0,0,0,0,0,0,0,0,0,0,0,0,0,0,0,0,0,0
WG_METRICS 46,256,768,1.0230,0.0042,0.0033,0.9891,0.0111,0.0153,256,768,196608,393216,198770.6250,397541.2500,0.0000,0,0.0000,0.0000,0,0.0000,0,0.0000,0.0000,0,0.0000,0.0000,0,0,0,0,0,0,0,0,0,0,0,0,0,0,0,0,0,0,0,0,0,0,0,0,0
WG_METRICS 47,256,768,1.0172,0.0042,0.0032,0.9856,0.0082,0.0160,256,768,196608,393216,199488.6094,398977.2188,0.0000,0,0.0000,0.0000,0,0.0000,0,0.0000,0.0000,0,0.0000,0.0000,0,0,0,0,0,0,0,0,0,0,0,0,0,0,0,0,0,0,0,0,0,0,0,0,0
WG_METRICS 48,256,768,1.0477,0.0042,0.0033,1.0053,0.0195,0.0153,256,768,196608,393216,195567.5938,391135.1875,0.0000,0,0.0000,0.0000,0,0.0000,0,0.0000,0.0000,0,0.0000,0.0000,0,0,0,0,0,0,0,0,0,0,0,0,0,0,0,0,0,0,0,0,0,0,0,0,0
WG_METRICS 49,256,768,1.0305,0.0042,0.0033,0.9878,0.0198,0.0154,256,768,196608,393216,199036.2344,398072.4688,0.0000,0,0.0000,0.0000,0,0.0000,0,0.0000,0.0000,0,0.0000,0.0000,0,0,0,0,0,0,0,0,0,0,0,0,0,0,0,0,0,0,0,0,0,0,0,0,0
WG_METRICS 50,256,768,1.0372,0.0042,0.0032,0.9931,0.0199,0.0168,256,768,196608,393216,197978.0000,395956.0000,0.0000,0,0.0000,0.0000,0,0.0000,0,0.0000,0.0000,0,0.0000,0.0000,0,0,0,0,0,0,0,0,0,0,0,0,0,0,0,0,0,0,0,0,0,0,0,0,0
WG_METRICS 51,256,768,1.0379,0.0041,0.0033,0.9952,0.0200,0.0153,256,768,196608,393216,197556.2812,395112.5625,0.0000,0,0.0000,0.0000,0,0.0000,0,0.0000,0.0000,0,0.0000,0.0000,0,0,0,0,0,0,0,0,0,0,0,0,0,0,0,0,0,0,0,0,0,0,0,0,0
WG_METRICS 52,256,768,0.9903,0.0042,0.0032,0.9633,0.0042,0.0154,256,768,196608,393216,204094.1719,408188.3438,0.0000,0,0.0000,0.0000,0,0.0000,0,0.0000,0.0000,0,0.0000,0.0000,0,0,0,0,0,0,0,0,0,0,0,0,0,0,0,0,0,0,0,0,0,0,0,0,0
WG_METRICS 53,256,768,1.0435,0.0042,0.0033,1.0007,0.0198,0.0156,256,768,196608,393216,196474.4062,392948.8125,0.0000,0,0.0000,0.0000,0,0.0000,0,0.0000,0.0000,0,0.0000,0.0000,0,0,0,0,0,0,0,0,0,0,0,0,0,0,0,0,0,0,0,0,0,0,0,0,0
WG_METRICS 54,256,768,1.0329,0.0042,0.0033,0.9989,0.0112,0.0153,256,768,196608,393216,196828.4375,393656.8750,0.0000,0,0.0000,0.0000,0,0.0000,0,0.0000,0.0000,0,0.0000,0.0000,0,0,0,0,0,0,0,0,0,0,0,0,0,0,0,0,0,0,0,0,0,0,0,0,0
WG_METRICS 55,256,768,1.0176,0.0041,0.0033,0.9838,0.0110,0.0155,256,768,196608,393216,199853.6250,399707.2500,0.0000,0,0.0000,0.0000,0,0.0000,0,0.0000,0.0000,0,0.0000,0.0000,0,0,0,0,0,0,0,0,0,0,0,0,0,0,0,0,0,0,0,0,0,0,0,0,0
WG_METRICS 56,256,768,1.0301,0.0041,0.0033,0.9870,0.0198,0.0159,256,768,196608,393216,199205.6406,398411.2812,0.0000,0,0.0000,0.0000,0,0.0000,0,0.0000,0.0000,0,0.0000,0.0000,0,0,0,0,0,0,0,0,0,0,0,0,0,0,0,0,0,0,0,0,0,0,0,0,0
WG_METRICS 57,256,768,1.0244,0.0042,0.0033,0.9898,0.0109,0.0163,256,768,196608,393216,198634.0781,397268.1562,0.0000,0,0.0000,0.0000,0,0.0000,0,0.0000,0.0000,0,0.0000,0.0000,0,0,0,0,0,0,0,0,0,0,0,0,0,0,0,0,0,0,0,0,0,0,0,0,0
WG_METRICS 58,256,768,1.0336,0.0042,0.0033,0.9905,0.0197,0.0160,256,768,196608,393216,198497.7031,396995.4062,0.0000,0,0.0000,0.0000,0,0.0000,0,0.0000,0.0000,0,0.0000,0.0000,0,0,0,0,0,0,0,0,0,0,0,0,0,0,0,0,0,0,0,0,0,0,0,0,0
WG_METRICS 59,256,768,1.0483,0.0041,0.0032,1.0058,0.0198,0.0153,256,768,196608,393216,195474.2500,390948.5000,0.0000,0,0.0000,0.0000,0,0.0000,0,0.0000,0.0000,0,0.0000,0.0000,0,0,0,0,0,0,0,0,0,0,0,0,0,0,0,0,0,0,0,0,0,0,0,0,0
WG_METRICS 60,256,768,1.0421,0.0042,0.0033,1.0080,0.0110,0.0156,256,768,196608,393216,195039.8906,390079.7812,0.0000,0,0.0000,0.0000,0,0.0000,0,0.0000,0.0000,0,0.0000,0.0000,0,0,0,0,0,0,0,0,0,0,0,0,0,0,0,0,0,0,0,0,0,0,0,0,0
WG_METRICS 61,256,768,1.0368,0.0042,0.0032,0.9939,0.0198,0.0156,256,768,196608,393216,197810.6875,395621.3750,0.0000,0,0.0000,0.0000,0,0.0000,0,0.0000,0.0000,0,0.0000,0.0000,0,0,0,0,0,0,0,0,0,0,0,0,0,0,0,0,0,0,0,0,0,0,0,0,0
WG_METRICS 62,256,768,1.0344,0.0041,0.0033,0.9914,0.0197,0.0159,256,768,196608,393216,198305.5000,396611.0000,0.0000,0,0.0000,0.0000,0,0.0000,0,0.0000,0.0000,0,0.0000,0.0000,0,0,0,0,0,0,0,0,0,0,0,0,0,0,0,0,0,0,0,0,0,0,0,0,0
WG_METRICS 63,256,768,1.0400,0.0042,0.0033,1.0058,0.0113,0.0154,256,768,196608,393216,195482.0312,390964.0625,0.0000,0,0.0000,0.0000,0,0.0000,0,0.0000,0.0000,0,0.0000,0.0000,0,0,0,0,0,0,0,0,0,0,0,0,0,0,0,0,0,0,0,0,0,0,0,0,0
WG_METRICS 64,256,768,1.0339,0.0041,0.0033,0.9908,0.0200,0.0157,256,768,196608,393216,198425.5781,396851.1562,0.0000,0,0.0000,0.0000,0,0.0000,0,0.0000,0.0000,0,0.0000,0.0000,0,0,0,0,0,0,0,0,0,0,0,0,0,0,0,0,0,0,0,0,0,0,0,0,0
WG_METRICS 65,256,768,1.0453,0.0041,0.0033,1.0025,0.0198,0.0156,256,768,196608,393216,196113.7969,392227.5938,0.0000,0,0.0000,0.0000,0,0.0000,0,0.0000,0.0000,0,0.0000,0.0000,0,0,0,0,0,0,0,0,0,0,0,0,0,0,0,0,0,0,0,0,0,0,0,0,0
WG_METRICS 66,256,768,1.0216,0.0042,0.0033,0.9872,0.0112,0.0156,256,768,196608,393216,199149.1406,398298.2812,0.0000,0,0.0000,0.0000,0,0.0000,0,0.0000,0.0000,0,0.0000,0.0000,0,0,0,0,0,0,0,0,0,0,0,0,0,0,0,0,0,0,0,0,0,0,0,0,0
WG_METRICS 67,256,768,1.0334,0.0042,0.0033,0.9902,0.0196,0.0161,256,768,196608,393216,198545.8125,397091.6250,0.0000,0,0.0000,0.0000,0,0.0000,0,0.0000,0.0000,0,0.0000,0.0000,0,0,0,0,0,0,0,0,0,0,0,0,0,0,0,0,0,0,0,0,0,0,0,0,0
WG_METRICS 68,256,768,1.0414,0.0042,0.0032,0.9986,0.0200,0.0154,256,768,196608,393216,196875.7500,393751.5000,0.0000,0,0.0000,0.0000,0,0.0000,0,0.0000,0.0000,0,0.0000,0.0000,0,0,0,0,0,0,0,0,0,0,0,0,0,0,0,0,0,0,0,0,0,0,0,0,0
WG_METRICS 69,256,768,1.0438,0.0042,0.0032,1.0010,0.0196,0.0158,256,768,196608,393216,196419.4375,392838.8750,0.0000,0,0.0000,0.0000,0,0.0000,0,0.0000,0.0000,0,0.0000,0.0000,0,0,0,0,0,0,0,0,0,0,0,0,0,0,0,0,0,0,0,0,0,0,0,0,0
WG_METRICS 70,256,768,1.0272,0.0042,0.0033,0.9841,0.0196,0.0161,256,768,196608,393216,199788.6250,399577.2500,0.0000,0,0.0000,0.0000,0,0.0000,0,0.0000,0.0000,0,0.0000,0.0000,0,0,0,0,0,0,0,0,0,0,0,0,0,0,0,0,0,0,0,0,0,0,0,0,0
WG_METRICS 71,256,768,1.0225,0.0042,0.0033,0.9794,0.0197,0.0159,256,768,196608,393216,200735.1250,401470.2500,0.0000,0,0.0000,0.0000,0,0.0000,0,0.0000,0.0000,0,0.0000,0.0000,0,0,0,0,0,0,0,0,0,0,0,0,0,0,0,0,0,0,0,0,0,0,0,0,0
WG_METRICS 72,256,768,1.0051,0.0042,0.0032,0.9753,0.0070,0.0154,256,768,196608,393216,201583.0781,403166.1562,0.0000,0,0.0000,0.0000,0,0.0000,0,0.0000,0.0000,0,0.0000,0.0000,0,0,0,0,0,0,0,0,0,0,0,0,0,0,0,0,0,0,0,0,0,0,0,0,0
WG_METRICS 73,256,768,1.0449,0.0042,0.0032,1.0023,0.0197,0.0154,256,768,196608,393216,196152.9219,392305.8438,0.0000,0,0.0000,0.0000,0,0.0000,0,0.0000,0.0000,0,0.0000,0.0000,0,0,0,0,0,0,0,0,0,0,0,0,0,0,0,0,0,0,0,0,0,0,0,0,0
WG_METRICS 74,256,768,1.0334,0.0041,0.0033,1.0034,0.0068,0.0158,256,768,196608,393216,195941.7969,391883.5938,0.0000,0,0.0000,0.0000,0,0.0000,0,0.0000,0.0000,0,0.0000,0.0000,0,0,0,0,0,0,0,0,0,0,0,0,0,0,0,0,0,0,0,0,0,0,0,0,0
WG_METRICS 75,256,768,1.0239,0.0042,0.0032,0.9897,0.0112,0.0155,256,768,196608,393216,198650.1250,397300.2500,0.0000,0,0.0000,0.0000,0,0.0000,0,0.0000,0.0000,0,0.0000,0.0000,0,0,0,0,0,0,0,0,0,0,0,0,0,0,0,0,0,0,0,0,0,0,0,0,0
WG_METRICS 76,256,768,1.0216,0.0042,0.0033,0.9789,0.0197,0.0155,256,768,196608,393216,200849.9531,401699.9062,0.0000,0,0.0000,0.0000,0,0.0000,0,0.0000,0.0000,0,0.0000,0.0000,0,0,0,0,0,0,0,0,0,0,0,0,0,0,0,0,0,0,0,0,0,0,0,0,0
WG_METRICS 77,256,768,1.0517,0.0042,0.0033,1.0175,0.0112,0.0155,256,768,196608,393216,193230.3281,386460.6562,0.0000,0,0.0000,0.0000,0,0.0000,0,0.0000,0.0000,0,0.0000,0.0000,0,0,0,0,0,0,0,0,0,0,0,0,0,0,0,0,0,0,0,0,0,0,0,0,0
WG_METRICS 78,256,768,1.0136,0.0042,0.0033,0.9835,0.0068,0.0158,256,768,196608,393216,199902.3906,399804.7812,0.0000,0,0.0000,0.0000,0,0.0000,0,0.0000,0.0000,0,0.0000,0.0000,0,0,0,0,0,0,0,0,0,0,0,0,0,0,0,0,0,0,0,0,0,0,0,0,0
WG_METRICS 79,256,768,1.0240,0.0042,0.0032,0.9815,0.0197,0.0153,256,768,196608,393216,200317.8906,400635.7812,0.0000,0,0.0000,0.0000,0,0.0000,0,0.0000,0.0000,0,0.0000,0.0000,0,0,0,0,0,0,0,0,0,0,0,0,0,0,0,0,0,0,0,0,0,0,0,0,0
WG_METRICS 80,256,768,1.0349,0.0042,0.0032,0.9924,0.0197,0.0154,256,768,196608,393216,198121.6562,396243.3125,0.0000,0,0.0000,0.0000,0,0.0000,0,0.0000,0.0000,0,0.0000,0.0000,0,0,0,0,0,0,0,0,0,0,0,0,0,0,0,0,0,0,0,0,0,0,0,0,0
WG_METRICS 81,256,768,1.0309,0.0042,0.0032,0.9874,0.0200,0.0160,256,768,196608,393216,199108.8125,398217.6250,0.0000,0,0.0000,0.0000,0,0.0000,0,0.0000,0.0000,0,0.0000,0.0000,0,0,0,0,0,0,0,0,0,0,0,0,0,0,0,0,0,0,0,0,0,0,0,0,0
WG_METRICS 82,256,768,1.0406,0.0042,0.0032,0.9973,0.0197,0.0162,256,768,196608,393216,197144.2344,394288.4688,0.0000,0,0.0000,0.0000,0,0.0000,0,0.0000,0.0000,0,0.0000,0.0000,0,0,0,0,0,0,0,0,0,0,0,0,0,0,0,0,0,0,0,0,0,0,0,0,0
WG_METRICS 83,256,768,1.0279,0.0042,0.0032,0.9855,0.0197,0.0153,256,768,196608,393216,199504.8125,399009.6250,0.0000,0,0.0000,0.0000,0,0.0000,0,0.0000,0.0000,0,0.0000,0.0000,0,0,0,0,0,0,0,0,0,0,0,0,0,0,0,0,0,0,0,0,0,0,0,0,0
WG_METRICS 84,256,768,1.0214,0.0042,0.0033,0.9783,0.0198,0.0158,256,768,196608,393216,200964.9219,401929.8438,0.0000,0,0.0000,0.0000,0,0.0000,0,0.0000,0.0000,0,0.0000,0.0000,0,0,0,0,0,0,0,0,0,0,0,0,0,0,0,0,0,0,0,0,0,0,0,0,0
WG_METRICS 85,256,768,1.0122,0.0042,0.0033,0.9784,0.0110,0.0154,256,768,196608,393216,200948.4844,401896.9688,0.0000,0,0.0000,0.0000,0,0.0000,0,0.0000,0.0000,0,0.0000,0.0000,0,0,0,0,0,0,0,0,0,0,0,0,0,0,0,0,0,0,0,0,0,0,0,0,0
WG_METRICS 86,256,768,1.0268,0.0042,0.0033,0.9925,0.0109,0.0160,256,768,196608,393216,198097.7031,396195.4062,0.0000,0,0.0000,0.0000,0,0.0000,0,0.0000,0.0000,0,0.0000,0.0000,0,0,0,0,0,0,0,0,0,0,0,0,0,0,0,0,0,0,0,0,0,0,0,0,0
WG_METRICS 87,256,768,1.0153,0.0042,0.0032,0.9813,0.0112,0.0154,256,768,196608,393216,200350.5469,400701.0938,0.0000,0,0.0000,0.0000,0,0.0000,0,0.0000,0.0000,0,0.0000,0.0000,0,0,0,0,0,0,0,0,0,0,0,0,0,0,0,0,0,0,0,0,0,0,0,0,0
WG_METRICS 88,256,768,1.0523,0.0041,0.0033,1.0183,0.0112,0.0153,256,768,196608,393216,193070.9531,386141.9062,0.0000,0,0.0000,0.0000,0,0.0000,0,0.0000,0.0000,0,0.0000,0.0000,0,0,0,0,0,0,0,0,0,0,0,0,0,0,0,0,0,0,0,0,0,0,0,0,0
WG_METRICS 89,256,768,1.0304,0.0042,0.0032,0.9878,0.0198,0.0155,256,768,196608,393216,199044.2969,398088.5938,0.0000,0,0.0000,0.0000,0,0.0000,0,0.0000,0.0000,0,0.0000,0.0000,0,0,0,0,0,0,0,0,0,0,0,0,0,0,0,0,0,0,0,0,0,0,0,0,0
WG_METRICS 90,256,768,1.0372,0.0042,0.0033,1.0026,0.0110,0.0161,256,768,196608,393216,196098.1562,392196.3125,0.0000,0,0.0000,0.0000,0,0.0000,0,0.0000,0.0000,0,0.0000,0.0000,0,0,0,0,0,0,0,0,0,0,0,0,0,0,0,0,0,0,0,0,0,0,0,0,0
WG_METRICS 91,256,768,1.0302,0.0042,0.0032,0.9966,0.0108,0.0154,256,768,196608,393216,197278.7500,394557.5000,0.0000,0,0.0000,0.0000,0,0.0000,0,0.0000,0.0000,0,0.0000,0.0000,0,0,0,0,0,0,0,0,0,0,0,0,0,0,0,0,0,0,0,0,0,0,0,0,0
WG_METRICS 92,256,768,1.0425,0.0042,0.0033,1.0085,0.0111,0.0155,256,768,196608,393216,194954.7969,389909.5938,0.0000,0,0.0000,0.0000,0,0.0000,0,0.0000,0.0000,0,0.0000,0.0000,0,0,0,0,0,0,0,0,0,0,0,0,0,0,0,0,0,0,0,0,0,0,0,0,0
WG_METRICS 93,256,768,1.0429,0.0042,0.0033,1.0002,0.0198,0.0154,256,768,196608,393216,196560.8281,393121.6562,0.0000,0,0.0000,0.0000,0,0.0000,0,0.0000,0.0000,0,0.0000,0.0000,0,0,0,0,0,0,0,0,0,0,0,0,0,0,0,0,0,0,0,0,0,0,0,0,0
WG_METRICS 94,256,768,1.0328,0.0041,0.0033,0.9901,0.0197,0.0156,256,768,196608,393216,198577.8906,397155.7812,0.0000,0,0.0000,0.0000,0,0.0000,0,0.0000,0.0000,0,0.0000,0.0000,0,0,0,0,0,0,0,0,0,0,0,0,0,0,0,0,0,0,0,0,0,0,0,0,0
WG_METRICS 95,256,768,1.0172,0.0041,0.0033,0.9744,0.0199,0.0154,256,768,196608,393216,201765.1250,403530.2500,0.0000,0,0.0000,0.0000,0,0.0000,0,0.0000,0.0000,0,0.0000,0.0000,0,0,0,0,0,0,0,0,0,0,0,0,0,0,0,0,0,0,0,0,0,0,0,0,0
WG_METRICS 96,256,768,1.0293,0.0042,0.0033,0.9860,0.0199,0.0160,256,768,196608,393216,199407.6875,398815.3750,0.0000,0,0.0000,0.0000,0,0.0000,0,0.0000,0.0000,0,0.0000,0.0000,0,0,0,0,0,0,0,0,0,0,0,0,0,0,0,0,0,0,0,0,0,0,0,0,0
WG_METRICS 97,256,768,1.0318,0.0041,0.0033,0.9886,0.0197,0.0161,256,768,196608,393216,198867.1250,397734.2500,0.0000,0,0.0000,0.0000,0,0.0000,0,0.0000,0.0000,0,0.0000,0.0000,0,0,0,0,0,0,0,0,0,0,0,0,0,0,0,0,0,0,0,0,0,0,0,0,0
WG_METRICS 98,256,768,1.0211,0.0042,0.0032,0.9871,0.0110,0.0156,256,768,196608,393216,199173.3594,398346.7188,0.0000,0,0.0000,0.0000,0,0.0000,0,0.0000,0.0000,0,0.0000,0.0000,0,0,0,0,0,0,0,0,0,0,0,0,0,0,0,0,0,0,0,0,0,0,0,0,0
WG_METRICS 99,256,768,1.0232,0.0042,0.0033,0.9807,0.0196,0.0154,256,768,196608,393216,200473.1250,400946.2500,0.0000,0,0.0000,0.0000,0,0.0000,0,0.0000,0.0000,0,0.0000,0.0000,0,0,0,0,0,0,0,0,0,0,0,0,0,0,0,0,0,0,0,0,0,0,0,0,0
WG_METRICS 100,256,768,1.0316,0.0042,0.0032,0.9890,0.0198,0.0153,256,768,196608,393216,198794.7344,397589.4688,0.0000,0,0.0000,0.0000,0,0.0000,0,0.0000,0.0000,0,0.0000,0.0000,0,0,0,0,0,0,0,0,0,0,0,0,0,0,0,0,0,0,0,0,0,0,0,0,0
WG_METRICS 101,256,768,1.0466,0.0042,0.0033,1.0125,0.0113,0.0154,256,768,196608,393216,194184.5781,388369.1562,0.0000,0,0.0000,0.0000,0,0.0000,0,0.0000,0.0000,0,0.0000,0.0000,0,0,0,0,0,0,0,0,0,0,0,0,0,0,0,0,0,0,0,0,0,0,0,0,0
WG_METRICS 102,256,768,1.0440,0.0042,0.0033,1.0010,0.0200,0.0155,256,768,196608,393216,196411.5781,392823.1562,0.0000,0,0.0000,0.0000,0,0.0000,0,0.0000,0.0000,0,0.0000,0.0000,0,0,0,0,0,0,0,0,0,0,0,0,0,0,0,0,0,0,0,0,0,0,0,0,0
WG_METRICS 103,256,768,1.0272,0.0042,0.0033,0.9844,0.0200,0.0154,256,768,196608,393216,199715.5625,399431.1250,0.0000,0,0.0000,0.0000,0,0.0000,0,0.0000,0.0000,0,0.0000,0.0000,0,0,0,0,0,0,0,0,0,0,0,0,0,0,0,0,0,0,0,0,0,0,0,0,0
WG_METRICS 104,256,768,1.0290,0.0042,0.0033,0.9862,0.0198,0.0157,256,768,196608,393216,199367.2500,398734.5000,0.0000,0,0.0000,0.0000,0,0.0000,0,0.0000,0.0000,0,0.0000,0.0000,0,0,0,0,0,0,0,0,0,0,0,0,0,0,0,0,0,0,0,0,0,0,0,0,0
WG_METRICS 105,256,768,1.0221,0.0042,0.0032,0.9792,0.0198,0.0157,256,768,196608,393216,200792.5156,401585.0312,0.0000,0,0.0000,0.0000,0,0.0000,0,0.0000,0.0000,0,0.0000,0.0000,0,0,0,0,0,0,0,0,0,0,0,0,0,0,0,0,0,0,0,0,0,0,0,0,0
WG_METRICS 106,256,768,1.0207,0.0042,0.0032,0.9783,0.0198,0.0152,256,768,196608,393216,200973.1406,401946.2812,0.0000,0,0.0000,0.0000,0,0.0000,0,0.0000,0.0000,0,0.0000,0.0000,0,0,0,0,0,0,0,0,0,0,0,0,0,0,0,0,0,0,0,0,0,0,0,0,0
WG_METRICS 107,256,768,1.0430,0.0042,0.0033,1.0003,0.0198,0.0155,256,768,196608,393216,196552.9531,393105.9062,0.0000,0,0.0000,0.0000,0,0.0000,0,0.0000,0.0000,0,0.0000,0.0000,0,0,0,0,0,0,0,0,0,0,0,0,0,0,0,0,0,0,0,0,0,0,0,0,0
WG_METRICS 108,256,768,1.0536,0.0042,0.0032,1.0108,0.0198,0.0155,256,768,196608,393216,194499.6094,388999.2188,0.0000,0,0.0000,0.0000,0,0.0000,0,0.0000,0.0000,0,0.0000,0.0000,0,0,0,0,0,0,0,0,0,0,0,0,0,0,0,0,0,0,0,0,0,0,0,0,0
WG_METRICS 109,256,768,1.0640,0.0042,0.0033,0.9837,0.0310,0.0417,256,768,196608,393216,199861.7500,399723.5000,0.0000,0,0.0000,0.0000,0,0.0000,0,0.0000,0.0000,0,0.0000,0.0000,0,0,0,0,0,0,0,0,0,0,0,0,0,0,0,0,0,0,0,0,0,0,0,0,0
WG_METRICS 110,256,768,1.0265,0.0042,0.0033,0.9833,0.0198,0.0158,256,768,196608,393216,199943.0469,399886.0938,0.0000,0,0.0000,0.0000,0,0.0000,0,0.0000,0.0000,0,0.0000,0.0000,0,0,0,0,0,0,0,0,0,0,0,0,0,0,0,0,0,0,0,0,0,0,0,0,0
WG_METRICS 111,256,768,1.0277,0.0042,0.0032,0.9934,0.0110,0.0158,256,768,196608,393216,197906.2656,395812.5312,0.0000,0,0.0000,0.0000,0,0.0000,0,0.0000,0.0000,0,0.0000,0.0000,0,0,0,0,0,0,0,0,0,0,0,0,0,0,0,0,0,0,0,0,0,0,0,0,0
WG_METRICS 112,256,768,1.0188,0.0042,0.0033,0.9798,0.0162,0.0154,256,768,196608,393216,200669.5469,401339.0938,0.0000,0,0.0000,0.0000,0,0.0000,0,0.0000,0.0000,0,0.0000,0.0000,0,0,0,0,0,0,0,0,0,0,0,0,0,0,0,0,0,0,0,0,0,0,0,0,0
WG_METRICS 113,256,768,1.0222,0.0042,0.0032,0.9797,0.0198,0.0153,256,768,196608,393216,200677.7500,401355.5000,0.0000,0,0.0000,0.0000,0,0.0000,0,0.0000,0.0000,0,0.0000,0.0000,0,0,0,0,0,0,0,0,0,0,0,0,0,0,0,0,0,0,0,0,0,0,0,0,0
WG_METRICS 114,256,768,1.0220,0.0042,0.0032,0.9923,0.0069,0.0154,256,768,196608,393216,198137.6250,396275.2500,0.0000,0,0.0000,0.0000,0,0.0000,0,0.0000,0.0000,0,0.0000,0.0000,0,0,0,0,0,0,0,0,0,0,0,0,0,0,0,0,0,0,0,0,0,0,0,0,0
WG_METRICS 115,256,768,1.0374,0.0042,0.0033,0.9949,0.0196,0.0154,256,768,196608,393216,197619.8125,395239.6250,0.0000,0,0.0000,0.0000,0,0.0000,0,0.0000,0.0000,0,0.0000,0.0000,0,0,0,0,0,0,0,0,0,0,0,0,0,0,0,0,0,0,0,0,0,0,0,0,0
WG_METRICS 116,256,768,1.0187,0.0042,0.0033,0.9846,0.0112,0.0155,256,768,196608,393216,199675.0000,399350.0000,0.0000,0,0.0000,0.0000,0,0.0000,0,0.0000,0.0000,0,0.0000,0.0000,0,0,0,0,0,0,0,0,0,0,0,0,0,0,0,0,0,0,0,0,0,0,0,0,0
WG_METRICS 117,256,768,1.0322,0.0042,0.0033,0.9896,0.0196,0.0156,256,768,196608,393216,198674.2188,397348.4375,0.0000,0,0.0000,0.0000,0,0.0000,0,0.0000,0.0000,0,0.0000,0.0000,0,0,0,0,0,0,0,0,0,0,0,0,0,0,0,0,0,0,0,0,0,0,0,0,0
WG_METRICS 118,256,768,1.0463,0.0042,0.0033,1.0034,0.0200,0.0154,256,768,196608,393216,195941.7969,391883.5938,0.0000,0,0.0000,0.0000,0,0.0000,0,0.0000,0.0000,0,0.0000,0.0000,0,0,0,0,0,0,0,0,0,0,0,0,0,0,0,0,0,0,0,0,0,0,0,0,0
WG_METRICS 119,256,768,1.0158,0.0041,0.0033,0.9816,0.0112,0.0156,256,768,196608,393216,200285.2344,400570.4688,0.0000,0,0.0000,0.0000,0,0.0000,0,0.0000,0.0000,0,0.0000,0.0000,0,0,0,0,0,0,0,0,0,0,0,0,0,0,0,0,0,0,0,0,0,0,0,0,0
WG_METRICS 120,256,768,1.0256,0.0042,0.0032,0.9830,0.0196,0.0156,256,768,196608,393216,200000.0000,400000.0000,0.0000,0,0.0000,0.0000,0,0.0000,0,0.0000,0.0000,0,0.0000,0.0000,0,0,0,0,0,0,0,0,0,0,0,0,0,0,0,0,0,0,0,0,0,0,0,0,0
WG_METRICS 121,256,768,1.0198,0.0042,0.0033,0.9855,0.0112,0.0156,256,768,196608,393216,199504.8125,399009.6250,0.0000,0,0.0000,0.0000,0,0.0000,0,0.0000,0.0000,0,0.0000,0.0000,0,0,0,0,0,0,0,0,0,0,0,0,0,0,0,0,0,0,0,0,0,0,0,0,0
WG_METRICS 122,256,768,1.0310,0.0042,0.0032,0.9883,0.0197,0.0155,256,768,196608,393216,198931.5156,397863.0312,0.0000,0,0.0000,0.0000,0,0.0000,0,0.0000,0.0000,0,0.0000,0.0000,0,0,0,0,0,0,0,0,0,0,0,0,0,0,0,0,0,0,0,0,0,0,0,0,0
WG_METRICS 123,256,768,1.0296,0.0041,0.0033,0.9852,0.0198,0.0172,256,768,196608,393216,199553.4062,399106.8125,0.0000,0,0.0000,0.0000,0,0.0000,0,0.0000,0.0000,0,0.0000,0.0000,0,0,0,0,0,0,0,0,0,0,0,0,0,0,0,0,0,0,0,0,0,0,0,0,0
WG_METRICS 124,256,768,1.0102,0.0042,0.0033,0.9760,0.0110,0.0157,256,768,196608,393216,201434.3594,402868.7188,0.0000,0,0.0000,0.0000,0,0.0000,0,0.0000,0.0000,0,0.0000,0.0000,0,0,0,0,0,0,0,0,0,0,0,0,0,0,0,0,0,0,0,0,0,0,0,0,0
WG_METRICS 125,256,768,1.0237,0.0042,0.0032,0.9892,0.0112,0.0158,256,768,196608,393216,198746.5156,397493.0312,0.0000,0,0.0000,0.0000,0,0.0000,0,0.0000,0.0000,0,0.0000,0.0000,0,0,0,0,0,0,0,0,0,0,0,0,0,0,0,0,0,0,0,0,0,0,0,0,0
WG_METRICS 126,256,768,1.0330,0.0042,0.0033,0.9988,0.0111,0.0156,256,768,196608,393216,196844.2188,393688.4375,0.0000,0,0.0000,0.0000,0,0.0000,0,0.0000,0.0000,0,0.0000,0.0000,0,0,0,0,0,0,0,0,0,0,0,0,0,0,0,0,0,0,0,0,0,0,0,0,0
WG_METRICS 127,256,768,1.0202,0.0042,0.0032,0.9773,0.0198,0.0158,256,768,196608,393216,201178.7812,402357.5625,0.0000,0,0.0000,0.0000,0,0.0000,0,0.0000,0.0000,0,0.0000,0.0000,0,0,0,0,0,0,0,0,0,0,0,0,0,0,0,0,0,0,0,0,0,0,0,0,0
WG_METRICS 128,256,768,1.0379,0.0041,0.0033,1.0039,0.0112,0.0154,256,768,196608,393216,195840.3125,391680.6250,0.0000,0,0.0000,0.0000,0,0.0000,0,0.0000,0.0000,0,0.0000,0.0000,0,0,0,0,0,0,0,0,0,0,0,0,0,0,0,0,0,0,0,0,0,0,0,0,0
WG_METRICS 129,256,768,1.0342,0.0042,0.0033,0.9918,0.0196,0.0153,256,768,196608,393216,198225.5156,396451.0312,0.0000,0,0.0000,0.0000,0,0.0000,0,0.0000,0.0000,0,0.0000,0.0000,0,0,0,0,0,0,0,0,0,0,0,0,0,0,0,0,0,0,0,0,0,0,0,0,0
WG_METRICS 130,256,768,1.0218,0.0042,0.0032,0.9878,0.0110,0.0156,256,768,196608,393216,199036.2344,398072.4688,0.0000,0,0.0000,0.0000,0,0.0000,0,0.0000,0.0000,0,0.0000,0.0000,0,0,0,0,0,0,0,0,0,0,0,0,0,0,0,0,0,0,0,0,0,0,0,0,0
WG_METRICS 131,256,768,1.0262,0.0042,0.0033,0.9830,0.0197,0.0161,256,768,196608,393216,200008.1406,400016.2812,0.0000,0,0.0000,0.0000,0,0.0000,0,0.0000,0.0000,0,0.0000,0.0000,0,0,0,0,0,0,0,0,0,0,0,0,0,0,0,0,0,0,0,0,0,0,0,0,0
WG_METRICS 132,256,768,1.0484,0.0041,0.0033,1.0142,0.0113,0.0155,256,768,196608,393216,193855.2656,387710.5312,0.0000,0,0.0000,0.0000,0,0.0000,0,0.0000,0.0000,0,0.0000,0.0000,0,0,0,0,0,0,0,0,0,0,0,0,0,0,0,0,0,0,0,0,0,0,0,0,0
WG_METRICS 133,256,768,1.0226,0.0042,0.0028,0.9890,0.0111,0.0155,256,768,196608,393216,198794.7344,397589.4688,0.0000,0,0.0000,0.0000,0,0.0000,0,0.0000,0.0000,0,0.0000,0.0000,0,0,0,0,0,0,0,0,0,0,0,0,0,0,0,0,0,0,0,0,0,0,0,0,0
WG_METRICS 134,256,768,1.0245,0.0042,0.0033,0.9903,0.0112,0.0156,256,768,196608,393216,198537.7969,397075.5938,0.0000,0,0.0000,0.0000,0,0.0000,0,0.0000,0.0000,0,0.0000,0.0000,0,0,0,0,0,0,0,0,0,0,0,0,0,0,0,0,0,0,0,0,0,0,0,0,0
WG_METRICS 135,256,768,1.0275,0.0042,0.0033,0.9937,0.0110,0.0154,256,768,196608,393216,197858.4688,395716.9375,0.0000,0,0.0000,0.0000,0,0.0000,0,0.0000,0.0000,0,0.0000,0.0000,0,0,0,0,0,0,0,0,0,0,0,0,0,0,0,0,0,0,0,0,0,0,0,0,0
WG_METRICS 136,256,768,1.0192,0.0042,0.0033,0.9851,0.0112,0.0155,256,768,196608,393216,199585.8125,399171.6250,0.0000,0,0.0000,0.0000,0,0.0000,0,0.0000,0.0000,0,0.0000,0.0000,0,0,0,0,0,0,0,0,0,0,0,0,0,0,0,0,0,0,0,0,0,0,0,0,0
WG_METRICS 137,256,768,1.0356,0.0042,0.0033,0.9930,0.0197,0.0155,256,768,196608,393216,197985.9844,395971.9688,0.0000,0,0.0000,0.0000,0,0.0000,0,0.0000,0.0000,0,0.0000,0.0000,0,0,0,0,0,0,0,0,0,0,0,0,0,0,0,0,0,0,0,0,0,0,0,0,0
WG_METRICS 138,256,768,1.0373,0.0042,0.0032,0.9936,0.0198,0.0164,256,768,196608,393216,197866.4219,395732.8438,0.0000,0,0.0000,0.0000,0,0.0000,0,0.0000,0.0000,0,0.0000,0.0000,0,0,0,0,0,0,0,0,0,0,0,0,0,0,0,0,0,0,0,0,0,0,0,0,0
WG_METRICS 139,256,768,1.0202,0.0044,0.0033,0.9894,0.0068,0.0163,256,768,196608,393216,198706.3281,397412.6562,0.0000,0,0.0000,0.0000,0,0.0000,0,0.0000,0.0000,0,0.0000,0.0000,0,0,0,0,0,0,0,0,0,0,0,0,0,0,0,0,0,0,0,0,0,0,0,0,0
WG_METRICS 140,256,768,1.0248,0.0042,0.0033,0.9875,0.0146,0.0153,256,768,196608,393216,199100.7500,398201.5000,0.0000,0,0.0000,0.0000,0,0.0000,0,0.0000,0.0000,0,0.0000,0.0000,0,0,0,0,0,0,0,0,0,0,0,0,0,0,0,0,0,0,0,0,0,0,0,0,0
WG_METRICS 141,256,768,1.0395,0.0042,0.0033,0.9971,0.0196,0.0154,256,768,196608,393216,197175.8594,394351.7188,0.0000,0,0.0000,0.0000,0,0.0000,0,0.0000,0.0000,0,0.0000,0.0000,0,0,0,0,0,0,0,0,0,0,0,0,0,0,0,0,0,0,0,0,0,0,0,0,0
WG_METRICS 142,256,768,1.0322,0.0042,0.0033,0.9894,0.0198,0.0155,256,768,196608,393216,198706.3281,397412.6562,0.0000,0,0.0000,0.0000,0,0.0000,0,0.0000,0.0000,0,0.0000,0.0000,0,0,0,0,0,0,0,0,0,0,0,0,0,0,0,0,0,0,0,0,0,0,0,0,0
WG_METRICS 143,256,768,1.0337,0.0042,0.0033,0.9997,0.0109,0.0156,256,768,196608,393216,196663.0625,393326.1250,0.0000,0,0.0000,0.0000,0,0.0000,0,0.0000,0.0000,0,0.0000,0.0000,0,0,0,0,0,0,0,0,0,0,0,0,0,0,0,0,0,0,0,0,0,0,0,0,0
WG_METRICS 144,256,768,1.0305,0.0042,0.0032,0.9967,0.0110,0.0153,256,768,196608,393216,197255.0000,394510.0000,0.0000,0,0.0000,0.0000,0,0.0000,0,0.0000,0.0000,0,0.0000,0.0000,0,0,0,0,0,0,0,0,0,0,0,0,0,0,0,0,0,0,0,0,0,0,0,0,0
WG_METRICS 145,256,768,1.0175,0.0044,0.0033,0.9827,0.0111,0.0160,256,768,196608,393216,200065.1250,400130.2500,0.0000,0,0.0000,0.0000,0,0.0000,0,0.0000,0.0000,0,0.0000,0.0000,0,0,0,0,0,0,0,0,0,0,0,0,0,0,0,0,0,0,0,0,0,0,0,0,0
WG_METRICS 146,256,768,1.0119,0.0041,0.0033,0.9781,0.0111,0.0153,256,768,196608,393216,201014.2344,402028.4688,0.0000,0,0.0000,0.0000,0,0.0000,0,0.0000,0.0000,0,0.0000,0.0000,0,0,0,0,0,0,0,0,0,0,0,0,0,0,0,0,0,0,0,0,0,0,0,0,0
WG_METRICS 147,256,768,1.0266,0.0042,0.0032,0.9919,0.0111,0.0161,256,768,196608,393216,198209.5312,396419.0625,0.0000,0,0.0000,0.0000,0,0.0000,0,0.0000,0.0000,0,0.0000,0.0000,0,0,0,0,0,0,0,0,0,0,0,0,0,0,0,0,0,0,0,0,0,0,0,0,0
WG_METRICS 148,256,768,1.0629,0.0042,0.0032,1.0202,0.0198,0.0153,256,768,196608,393216,192707.6094,385415.2188,0.0000,0,0.0000,0.0000,0,0.0000,0,0.0000,0.0000,0,0.0000,0.0000,0,0,0,0,0,0,0,0,0,0,0,0,0,0,0,0,0,0,0,0,0,0,0,0,0
WG_METRICS 149,256,768,1.0234,0.0042,0.0032,0.9896,0.0111,0.0153,256,768,196608,393216,198674.2188,397348.4375,0.0000,0,0.0000,0.0000,0,0.0000,0,0.0000,0.0000,0,0.0000,0.0000,0,0,0,0,0,0,0,0,0,0,0,0,0,0,0,0,0,0,0,0,0,0,0,0,0
WG_METRICS 150,256,768,1.0271,0.0042,0.0033,0.9930,0.0110,0.0156,256,768,196608,393216,197985.9844,395971.9688,0.0000,0,0.0000,0.0000,0,0.0000,0,0.0000,0.0000,0,0.0000,0.0000,0,0,0,0,0,0,0,0,0,0,0,0,0,0,0,0,0,0,0,0,0,0,0,0,0
WG_METRICS 151,256,768,1.0487,0.0041,0.0033,1.0060,0.0197,0.0156,256,768,196608,393216,195443.1562,390886.3125,0.0000,0,0.0000,0.0000,0,0.0000,0,0.0000,0.0000,0,0.0000,0.0000,0,0,0,0,0,0,0,0,0,0,0,0,0,0,0,0,0,0,0,0,0,0,0,0,0
WG_METRICS 152,256,768,1.0337,0.0042,0.0033,0.9911,0.0199,0.0152,256,768,196608,393216,198377.5312,396755.0625,0.0000,0,0.0000,0.0000,0,0.0000,0,0.0000,0.0000,0,0.0000,0.0000,0,0,0,0,0,0,0,0,0,0,0,0,0,0,0,0,0,0,0,0,0,0,0,0,0
WG_METRICS 153,256,768,1.0121,0.0042,0.0033,0.9780,0.0110,0.0157,256,768,196608,393216,201038.9062,402077.8125,0.0000,0,0.0000,0.0000,0,0.0000,0,0.0000,0.0000,0,0.0000,0.0000,0,0,0,0,0,0,0,0,0,0,0,0,0,0,0,0,0,0,0,0,0,0,0,0,0
WG_METRICS 154,256,768,1.0358,0.0042,0.0033,0.9933,0.0196,0.0154,256,768,196608,393216,197930.1719,395860.3438,0.0000,0,0.0000,0.0000,0,0.0000,0,0.0000,0.0000,0,0.0000,0.0000,0,0,0,0,0,0,0,0,0,0,0,0,0,0,0,0,0,0,0,0,0,0,0,0,0
WG_METRICS 155,256,768,1.0313,0.0042,0.0032,0.9880,0.0198,0.0161,256,768,196608,393216,198995.9531,397991.9062,0.0000,0,0.0000,0.0000,0,0.0000,0,0.0000,0.0000,0,0.0000,0.0000,0,0,0,0,0,0,0,0,0,0,0,0,0,0,0,0,0,0,0,0,0,0,0,0,0
WG_METRICS 156,256,768,1.0282,0.0042,0.0033,0.9826,0.0224,0.0157,256,768,196608,393216,200081.4062,400162.8125,0.0000,0,0.0000,0.0000,0,0.0000,0,0.0000,0.0000,0,0.0000,0.0000,0,0,0,0,0,0,0,0,0,0,0,0,0,0,0,0,0,0,0,0,0,0,0,0,0
WG_METRICS 157,256,768,1.0332,0.0042,0.0032,0.9903,0.0198,0.0156,256,768,196608,393216,198537.7969,397075.5938,0.0000,0,0.0000,0.0000,0,0.0000,0,0.0000,0.0000,0,0.0000,0.0000,0,0,0,0,0,0,0,0,0,0,0,0,0,0,0,0,0,0,0,0,0,0,0,0,0
WG_METRICS 158,256,768,1.0274,0.0044,0.0033,0.9844,0.0199,0.0154,256,768,196608,393216,199723.6875,399447.3750,0.0000,0,0.0000,0.0000,0,0.0000,0,0.0000,0.0000,0,0.0000,0.0000,0,0,0,0,0,0,0,0,0,0,0,0,0,0,0,0,0,0,0,0,0,0,0,0,0
WG_METRICS 159,256,768,1.0325,0.0042,0.0032,0.9898,0.0198,0.0154,256,768,196608,393216,198642.0938,397284.1875,0.0000,0,0.0000,0.0000,0,0.0000,0,0.0000,0.0000,0,0.0000,0.0000,0,0,0,0,0,0,0,0,0,0,0,0,0,0,0,0,0,0,0,0,0,0,0,0,0
WG_METRICS 160,256,768,1.0377,0.0042,0.0032,0.9952,0.0199,0.0153,256,768,196608,393216,197564.2188,395128.4375,0.0000,0,0.0000,0.0000,0,0.0000,0,0.0000,0.0000,0,0.0000,0.0000,0,0,0,0,0,0,0,0,0,0,0,0,0,0,0,0,0,0,0,0,0,0,0,0,0
WG_METRICS 161,256,768,1.0148,0.0042,0.0033,0.9809,0.0110,0.0155,256,768,196608,393216,200432.2500,400864.5000,0.0000,0,0.0000,0.0000,0,0.0000,0,0.0000,0.0000,0,0.0000,0.0000,0,0,0,0,0,0,0,0,0,0,0,0,0,0,0,0,0,0,0,0,0,0,0,0,0
WG_METRICS 162,256,768,1.0301,0.0042,0.0033,0.9874,0.0198,0.0155,256,768,196608,393216,199116.8750,398233.7500,0.0000,0,0.0000,0.0000,0,0.0000,0,0.0000,0.0000,0,0.0000,0.0000,0,0,0,0,0,0,0,0,0,0,0,0,0,0,0,0,0,0,0,0,0,0,0,0,0
WG_METRICS 163,256,768,1.0274,0.0042,0.0033,0.9935,0.0112,0.0153,256,768,196608,393216,197898.2969,395796.5938,0.0000,0,0.0000,0.0000,0,0.0000,0,0.0000,0.0000,0,0.0000,0.0000,0,0,0,0,0,0,0,0,0,0,0,0,0,0,0,0,0,0,0,0,0,0,0,0,0
WG_METRICS 164,256,768,1.0431,0.0042,0.0032,1.0003,0.0197,0.0157,256,768,196608,393216,196552.9531,393105.9062,0.0000,0,0.0000,0.0000,0,0.0000,0,0.0000,0.0000,0,0.0000,0.0000,0,0,0,0,0,0,0,0,0,0,0,0,0,0,0,0,0,0,0,0,0,0,0,0,0
WG_METRICS 165,256,768,1.0146,0.0042,0.0032,0.9850,0.0068,0.0154,256,768,196608,393216,199593.9219,399187.8438,0.0000,0,0.0000,0.0000,0,0.0000,0,0.0000,0.0000,0,0.0000,0.0000,0,0,0,0,0,0,0,0,0,0,0,0,0,0,0,0,0,0,0,0,0,0,0,0,0
WG_METRICS 166,256,768,1.0385,0.0042,0.0033,0.9957,0.0199,0.0154,256,768,196608,393216,197461.0312,394922.0625,0.0000,0,0.0000,0.0000,0,0.0000,0,0.0000,0.0000,0,0.0000,0.0000,0,0,0,0,0,0,0,0,0,0,0,0,0,0,0,0,0,0,0,0,0,0,0,0,0
WG_METRICS 167,256,768,1.0157,0.0042,0.0032,0.9818,0.0111,0.0154,256,768,196608,393216,200260.7500,400521.5000,0.0000,0,0.0000,0.0000,0,0.0000,0,0.0000,0.0000,0,0.0000,0.0000,0,0,0,0,0,0,0,0,0,0,0,0,0,0,0,0,0,0,0,0,0,0,0,0,0
WG_METRICS 168,256,768,1.0297,0.0042,0.0033,0.9960,0.0110,0.0152,256,768,196608,393216,197389.6719,394779.3438,0.0000,0,0.0000,0.0000,0,0.0000,0,0.0000,0.0000,0,0.0000,0.0000,0,0,0,0,0,0,0,0,0,0,0,0,0,0,0,0,0,0,0,0,0,0,0,0,0
WG_METRICS 169,256,768,1.0302,0.0042,0.0032,0.9873,0.0197,0.0157,256,768,196608,393216,199133.0000,398266.0000,0.0000,0,0.0000,0.0000,0,0.0000,0,0.0000,0.0000,0,0.0000,0.0000,0,0,0,0,0,0,0,0,0,0,0,0,0,0,0,0,0,0,0,0,0,0,0,0,0
WG_METRICS 170,256,768,1.0131,0.0042,0.0033,0.9704,0.0198,0.0156,256,768,196608,393216,202613.4688,405226.9375,0.0000,0,0.0000,0.0000,0,0.0000,0,0.0000,0.0000,0,0.0000,0.0000,0,0,0,0,0,0,0,0,0,0,0,0,0,0,0,0,0,0,0,0,0,0,0,0,0
WG_METRICS 171,256,768,1.0220,0.0041,0.0033,0.9881,0.0113,0.0152,256,768,196608,393216,198979.8281,397959.6562,0.0000,0,0.0000,0.0000,0,0.0000,0,0.0000,0.0000,0,0.0000,0.0000,0,0,0,0,0,0,0,0,0,0,0,0,0,0,0,0,0,0,0,0,0,0,0,0,0
WG_METRICS 172,256,768,1.0183,0.0042,0.0033,0.9832,0.0112,0.0164,256,768,196608,393216,199967.4531,399934.9062,0.0000,0,0.0000,0.0000,0,0.0000,0,0.0000,0.0000,0,0.0000,0.0000,0,0,0,0,0,0,0,0,0,0,0,0,0,0,0,0,0,0,0,0,0,0,0,0,0
WG_METRICS 173,256,768,1.0322,0.0042,0.0032,0.9896,0.0199,0.0152,256,768,196608,393216,198674.2188,397348.4375,0.0000,0,0.0000,0.0000,0,0.0000,0,0.0000,0.0000,0,0.0000,0.0000,0,0,0,0,0,0,0,0,0,0,0,0,0,0,0,0,0,0,0,0,0,0,0,0,0
WG_METRICS 174,256,768,1.0262,0.0044,0.0032,0.9833,0.0197,0.0156,256,768,196608,393216,199943.0469,399886.0938,0.0000,0,0.0000,0.0000,0,0.0000,0,0.0000,0.0000,0,0.0000,0.0000,0,0,0,0,0,0,0,0,0,0,0,0,0,0,0,0,0,0,0,0,0,0,0,0,0
WG_METRICS 175,256,768,1.0093,0.0041,0.0032,0.9800,0.0067,0.0153,256,768,196608,393216,200628.5938,401257.1875,0.0000,0,0.0000,0.0000,0,0.0000,0,0.0000,0.0000,0,0.0000,0.0000,0,0,0,0,0,0,0,0,0,0,0,0,0,0,0,0,0,0,0,0,0,0,0,0,0
WG_METRICS 176,256,768,1.0371,0.0042,0.0033,0.9944,0.0198,0.0155,256,768,196608,393216,197723.1562,395446.3125,0.0000,0,0.0000,0.0000,0,0.0000,0,0.0000,0.0000,0,0.0000,0.0000,0,0,0,0,0,0,0,0,0,0,0,0,0,0,0,0,0,0,0,0,0,0,0,0,0
WG_METRICS 177,256,768,1.0295,0.0042,0.0033,0.9955,0.0113,0.0153,256,768,196608,393216,197500.7031,395001.4062,0.0000,0,0.0000,0.0000,0,0.0000,0,0.0000,0.0000,0,0.0000,0.0000,0,0,0,0,0,0,0,0,0,0,0,0,0,0,0,0,0,0,0,0,0,0,0,0,0
WG_METRICS 178,256,768,2.0352,0.0064,0.0037,1.9765,0.0182,0.0304,256,768,196608,393216,99473.8125,198947.6250,0.0000,0,0.0000,0.0000,0,0.0000,0,0.0000,0.0000,0,0.0000,0.0000,0,0,0,0,0,0,0,0,0,0,0,0,0,0,0,0,0,0,0,0,0,0,0,0,0
WG_METRICS 179,256,768,2.0464,0.0066,0.0037,1.9922,0.0137,0.0302,256,768,196608,393216,98690.8672,197381.7344,0.0000,0,0.0000,0.0000,0,0.0000,0,0.0000,0.0000,0,0.0000,0.0000,0,0,0,0,0,0,0,0,0,0,0,0,0,0,0,0,0,0,0,0,0,0,0,0,0
WG_METRICS 180,256,768,1.6966,0.0068,0.0037,1.6433,0.0209,0.0220,256,768,196608,393216,119640.7266,239281.4531,0.0000,0,0.0000,0.0000,0,0.0000,0,0.0000,0.0000,0,0.0000,0.0000,0,0,0,0,0,0,0,0,0,0,0,0,0,0,0,0,0,0,0,0,0,0,0,0,0
WG_METRICS 181,256,768,1.0219,0.0042,0.0032,0.9881,0.0110,0.0154,256,768,196608,393216,198979.8281,397959.6562,0.0000,0,0.0000,0.0000,0,0.0000,0,0.0000,0.0000,0,0.0000,0.0000,0,0,0,0,0,0,0,0,0,0,0,0,0,0,0,0,0,0,0,0,0,0,0,0,0
WG_METRICS 182,256,768,1.0216,0.0043,0.0032,0.9876,0.0110,0.0155,256,768,196608,393216,199084.6250,398169.2500,0.0000,0,0.0000,0.0000,0,0.0000,0,0.0000,0.0000,0,0.0000,0.0000,0,0,0,0,0,0,0,0,0,0,0,0,0,0,0,0,0,0,0,0,0,0,0,0,0
WG_METRICS 183,256,768,1.0225,0.0041,0.0033,0.9886,0.0112,0.0154,256,768,196608,393216,198883.2188,397766.4375,0.0000,0,0.0000,0.0000,0,0.0000,0,0.0000,0.0000,0,0.0000,0.0000,0,0,0,0,0,0,0,0,0,0,0,0,0,0,0,0,0,0,0,0,0,0,0,0,0
WG_METRICS 184,256,768,1.0238,0.0042,0.0032,0.9897,0.0113,0.0154,256,768,196608,393216,198650.1250,397300.2500,0.0000,0,0.0000,0.0000,0,0.0000,0,0.0000,0.0000,0,0.0000,0.0000,0,0,0,0,0,0,0,0,0,0,0,0,0,0,0,0,0,0,0,0,0,0,0,0,0
WG_METRICS 185,256,768,1.0147,0.0042,0.0033,0.9841,0.0075,0.0157,256,768,196608,393216,199788.6250,399577.2500,0.0000,0,0.0000,0.0000,0,0.0000,0,0.0000,0.0000,0,0.0000,0.0000,0,0,0,0,0,0,0,0,0,0,0,0,0,0,0,0,0,0,0,0,0,0,0,0,0
WG_METRICS 186,256,768,1.0292,0.0042,0.0032,0.9953,0.0112,0.0153,256,768,196608,393216,197540.3906,395080.7812,0.0000,0,0.0000,0.0000,0,0.0000,0,0.0000,0.0000,0,0.0000,0.0000,0,0,0,0,0,0,0,0,0,0,0,0,0,0,0,0,0,0,0,0,0,0,0,0,0
WG_METRICS 187,256,768,1.0358,0.0042,0.0033,0.9932,0.0197,0.0154,256,768,196608,393216,197946.1094,395892.2188,0.0000,0,0.0000,0.0000,0,0.0000,0,0.0000,0.0000,0,0.0000,0.0000,0,0,0,0,0,0,0,0,0,0,0,0,0,0,0,0,0,0,0,0,0,0,0,0,0
WG_METRICS 188,256,768,1.0207,0.0042,0.0032,0.9816,0.0162,0.0154,256,768,196608,393216,200285.2344,400570.4688,0.0000,0,0.0000,0.0000,0,0.0000,0,0.0000,0.0000,0,0.0000,0.0000,0,0,0,0,0,0,0,0,0,0,0,0,0,0,0,0,0,0,0,0,0,0,0,0,0
WG_METRICS 189,256,768,1.0160,0.0042,0.0033,0.9820,0.0111,0.0154,256,768,196608,393216,200219.9688,400439.9375,0.0000,0,0.0000,0.0000,0,0.0000,0,0.0000,0.0000,0,0.0000,0.0000,0,0,0,0,0,0,0,0,0,0,0,0,0,0,0,0,0,0,0,0,0,0,0,0,0
WG_METRICS 190,256,768,1.0159,0.0042,0.0032,0.9821,0.0110,0.0152,256,768,196608,393216,200187.3594,400374.7188,0.0000,0,0.0000,0.0000,0,0.0000,0,0.0000,0.0000,0,0.0000,0.0000,0,0,0,0,0,0,0,0,0,0,0,0,0,0,0,0,0,0,0,0,0,0,0,0,0
WG_METRICS 191,256,768,1.0129,0.0042,0.0032,0.9782,0.0112,0.0161,256,768,196608,393216,200997.7812,401995.5625,0.0000,0,0.0000,0.0000,0,0.0000,0,0.0000,0.0000,0,0.0000,0.0000,0,0,0,0,0,0,0,0,0,0,0,0,0,0,0,0,0,0,0,0,0,0,0,0,0
WG_METRICS 192,256,768,1.0170,0.0042,0.0032,0.9823,0.0110,0.0162,256,768,196608,393216,200154.7344,400309.4688,0.0000,0,0.0000,0.0000,0,0.0000,0,0.0000,0.0000,0,0.0000,0.0000,0,0,0,0,0,0,0,0,0,0,0,0,0,0,0,0,0,0,0,0,0,0,0,0,0
WG_METRICS 193,256,768,1.0323,0.0042,0.0033,0.9978,0.0113,0.0157,256,768,196608,393216,197033.5938,394067.1875,0.0000,0,0.0000,0.0000,0,0.0000,0,0.0000,0.0000,0,0.0000,0.0000,0,0,0,0,0,0,0,0,0,0,0,0,0,0,0,0,0,0,0,0,0,0,0,0,0
WG_METRICS 194,256,768,1.0303,0.0042,0.0032,0.9932,0.0143,0.0153,256,768,196608,393216,197954.0938,395908.1875,0.0000,0,0.0000,0.0000,0,0.0000,0,0.0000,0.0000,0,0.0000,0.0000,0,0,0,0,0,0,0,0,0,0,0,0,0,0,0,0,0,0,0,0,0,0,0,0,0
WG_METRICS 195,256,768,1.0443,0.0042,0.0032,1.0016,0.0198,0.0154,256,768,196608,393216,196301.7812,392603.5625,0.0000,0,0.0000,0.0000,0,0.0000,0,0.0000,0.0000,0,0.0000,0.0000,0,0,0,0,0,0,0,0,0,0,0,0,0,0,0,0,0,0,0,0,0,0,0,0,0
WG_METRICS 196,256,768,1.0353,0.0042,0.0032,1.0015,0.0110,0.0154,256,768,196608,393216,196317.4531,392634.9062,0.0000,0,0.0000,0.0000,0,0.0000,0,0.0000,0.0000,0,0.0000,0.0000,0,0,0,0,0,0,0,0,0,0,0,0,0,0,0,0,0,0,0,0,0,0,0,0,0
WG_METRICS 197,256,768,1.0293,0.0041,0.0033,0.9955,0.0110,0.0154,256,768,196608,393216,197492.7656,394985.5312,0.0000,0,0.0000,0.0000,0,0.0000,0,0.0000,0.0000,0,0.0000,0.0000,0,0,0,0,0,0,0,0,0,0,0,0,0,0,0,0,0,0,0,0,0,0,0,0,0
WG_METRICS 198,256,768,1.0336,0.0042,0.0033,0.9908,0.0198,0.0155,256,768,196608,393216,198441.5938,396883.1875,0.0000,0,0.0000,0.0000,0,0.0000,0,0.0000,0.0000,0,0.0000,0.0000,0,0,0,0,0,0,0,0,0,0,0,0,0,0,0,0,0,0,0,0,0,0,0,0,0
WG_METRICS 199,256,768,1.0126,0.0042,0.0033,0.9855,0.0042,0.0154,256,768,196608,393216,199496.7188,398993.4375,0.0000,0,0.0000,0.0000,0,0.0000,0,0.0000,0.0000,0,0.0000,0.0000,0,0,0,0,0,0,0,0,0,0,0,0,0,0,0,0,0,0,0,0,0,0,0,0,0
WG_METRICS 200,256,768,1.0311,0.0042,0.0033,0.9886,0.0198,0.0152,256,768,196608,393216,198867.1250,397734.2500,0.0000,0,0.0000,0.0000,0,0.0000,0,0.0000,0.0000,0,0.0000,0.0000,0,0,0,0,0,0,0,0,0,0,0,0,0,0,0,0,0,0,0,0,0,0,0,0,0
WG_METRICS 201,256,768,1.0242,0.0042,0.0033,0.9811,0.0200,0.0156,256,768,196608,393216,200391.3906,400782.7812,0.0000,0,0.0000,0.0000,0,0.0000,0,0.0000,0.0000,0,0.0000,0.0000,0,0,0,0,0,0,0,0,0,0,0,0,0,0,0,0,0,0,0,0,0,0,0,0,0
WG_METRICS 202,256,768,1.0127,0.0042,0.0032,0.9790,0.0109,0.0154,256,768,196608,393216,200833.5469,401667.0938,0.0000,0,0.0000,0.0000,0,0.0000,0,0.0000,0.0000,0,0.0000,0.0000,0,0,0,0,0,0,0,0,0,0,0,0,0,0,0,0,0,0,0,0,0,0,0,0,0
WG_METRICS 203,256,768,1.0262,0.0042,0.0033,0.9834,0.0197,0.0156,256,768,196608,393216,199926.7812,399853.5625,0.0000,0,0.0000,0.0000,0,0.0000,0,0.0000,0.0000,0,0.0000,0.0000,0,0,0,0,0,0,0,0,0,0,0,0,0,0,0,0,0,0,0,0,0,0,0,0,0
WG_METRICS 204,256,768,1.0281,0.0042,0.0033,0.9843,0.0198,0.0166,256,768,196608,393216,199739.9219,399479.8438,0.0000,0,0.0000,0.0000,0,0.0000,0,0.0000,0.0000,0,0.0000,0.0000,0,0,0,0,0,0,0,0,0,0,0,0,0,0,0,0,0,0,0,0,0,0,0,0,0
WG_METRICS 205,256,768,1.0089,0.0042,0.0032,0.9752,0.0110,0.0153,256,768,196608,393216,201616.1406,403232.2812,0.0000,0,0.0000,0.0000,0,0.0000,0,0.0000,0.0000,0,0.0000,0.0000,0,0,0,0,0,0,0,0,0,0,0,0,0,0,0,0,0,0,0,0,0,0,0,0,0
WG_METRICS 206,256,768,1.0302,0.0042,0.0033,0.9875,0.0197,0.0156,256,768,196608,393216,199100.7500,398201.5000,0.0000,0,0.0000,0.0000,0,0.0000,0,0.0000,0.0000,0,0.0000,0.0000,0,0,0,0,0,0,0,0,0,0,0,0,0,0,0,0,0,0,0,0,0,0,0,0,0
WG_METRICS 207,256,768,1.0391,0.0041,0.0033,0.9964,0.0198,0.0156,256,768,196608,393216,197326.2656,394652.5312,0.0000,0,0.0000,0.0000,0,0.0000,0,0.0000,0.0000,0,0.0000,0.0000,0,0,0,0,0,0,0,0,0,0,0,0,0,0,0,0,0,0,0,0,0,0,0,0,0
WG_METRICS 208,256,768,1.0179,0.0044,0.0033,0.9837,0.0110,0.0155,256,768,196608,393216,199861.7500,399723.5000,0.0000,0,0.0000,0.0000,0,0.0000,0,0.0000,0.0000,0,0.0000,0.0000,0,0,0,0,0,0,0,0,0,0,0,0,0,0,0,0,0,0,0,0,0,0,0,0,0
WG_METRICS 209,256,768,1.0250,0.0041,0.0033,0.9901,0.0110,0.0164,256,768,196608,393216,198569.8750,397139.7500,0.0000,0,0.0000,0.0000,0,0.0000,0,0.0000,0.0000,0,0.0000,0.0000,0,0,0,0,0,0,0,0,0,0,0,0,0,0,0,0,0,0,0,0,0,0,0,0,0
WG_METRICS 210,256,768,1.0340,0.0044,0.0033,0.9994,0.0112,0.0158,256,768,196608,393216,196718.1562,393436.3125,0.0000,0,0.0000,0.0000,0,0.0000,0,0.0000,0.0000,0,0.0000,0.0000,0,0,0,0,0,0,0,0,0,0,0,0,0,0,0,0,0,0,0,0,0,0,0,0,0
WG_METRICS 211,256,768,1.0172,0.0042,0.0032,0.9826,0.0112,0.0160,256,768,196608,393216,200097.7031,400195.4062,0.0000,0,0.0000,0.0000,0,0.0000,0,0.0000,0.0000,0,0.0000,0.0000,0,0,0,0,0,0,0,0,0,0,0,0,0,0,0,0,0,0,0,0,0,0,0,0,0
WG_METRICS 212,256,768,1.0427,0.0042,0.0033,0.9996,0.0199,0.0157,256,768,196608,393216,196678.8125,393357.6250,0.0000,0,0.0000,0.0000,0,0.0000,0,0.0000,0.0000,0,0.0000,0.0000,0,0,0,0,0,0,0,0,0,0,0,0,0,0,0,0,0,0,0,0,0,0,0,0,0
WG_METRICS 213,256,768,1.0166,0.0042,0.0033,0.9824,0.0112,0.0155,256,768,196608,393216,200138.4375,400276.8750,0.0000,0,0.0000,0.0000,0,0.0000,0,0.0000,0.0000,0,0.0000,0.0000,0,0,0,0,0,0,0,0,0,0,0,0,0,0,0,0,0,0,0,0,0,0,0,0,0
WG_METRICS 214,256,768,1.0172,0.0042,0.0032,0.9833,0.0112,0.0152,256,768,196608,393216,199951.1875,399902.3750,0.0000,0,0.0000,0.0000,0,0.0000,0,0.0000,0.0000,0,0.0000,0.0000,0,0,0,0,0,0,0,0,0,0,0,0,0,0,0,0,0,0,0,0,0,0,0,0,0
WG_METRICS 215,256,768,1.0243,0.0042,0.0033,0.9816,0.0197,0.0156,256,768,196608,393216,200301.5625,400603.1250,0.0000,0,0.0000,0.0000,0,0.0000,0,0.0000,0.0000,0,0.0000,0.0000,0,0,0,0,0,0,0,0,0,0,0,0,0,0,0,0,0,0,0,0,0,0,0,0,0
WG_METRICS 216,256,768,1.0228,0.0042,0.0033,0.9884,0.0112,0.0156,256,768,196608,393216,198907.3750,397814.7500,0.0000,0,0.0000,0.0000,0,0.0000,0,0.0000,0.0000,0,0.0000,0.0000,0,0,0,0,0,0,0,0,0,0,0,0,0,0,0,0,0,0,0,0,0,0,0,0,0
WG_METRICS 217,256,768,1.0187,0.0042,0.0033,0.9840,0.0112,0.0161,256,768,196608,393216,199804.8750,399609.7500,0.0000,0,0.0000,0.0000,0,0.0000,0,0.0000,0.0000,0,0.0000,0.0000,0,0,0,0,0,0,0,0,0,0,0,0,0,0,0,0,0,0,0,0,0,0,0,0,0
WG_METRICS 218,256,768,1.0210,0.0042,0.0032,0.9868,0.0112,0.0156,256,768,196608,393216,199246.0156,398492.0312,0.0000,0,0.0000,0.0000,0,0.0000,0,0.0000,0.0000,0,0.0000,0.0000,0,0,0,0,0,0,0,0,0,0,0,0,0,0,0,0,0,0,0,0,0,0,0,0,0
WG_METRICS 219,256,768,1.0484,0.0042,0.0033,1.0060,0.0197,0.0152,256,768,196608,393216,195443.1562,390886.3125,0.0000,0,0.0000,0.0000,0,0.0000,0,0.0000,0.0000,0,0.0000,0.0000,0,0,0,0,0,0,0,0,0,0,0,0,0,0,0,0,0,0,0,0,0,0,0,0,0
WG_METRICS 220,256,768,1.0357,0.0042,0.0033,0.9924,0.0198,0.0160,256,768,196608,393216,198113.6719,396227.3438,0.0000,0,0.0000,0.0000,0,0.0000,0,0.0000,0.0000,0,0.0000,0.0000,0,0,0,0,0,0,0,0,0,0,0,0,0,0,0,0,0,0,0,0,0,0,0,0,0
WG_METRICS 221,256,768,1.0258,0.0042,0.0033,0.9913,0.0110,0.0160,256,768,196608,393216,198337.5000,396675.0000,0.0000,0,0.0000,0.0000,0,0.0000,0,0.0000,0.0000,0,0.0000,0.0000,0,0,0,0,0,0,0,0,0,0,0,0,0,0,0,0,0,0,0,0,0,0,0,0,0
WG_METRICS 222,256,768,1.0374,0.0044,0.0033,0.9948,0.0196,0.0154,256,768,196608,393216,197635.7188,395271.4375,0.0000,0,0.0000,0.0000,0,0.0000,0,0.0000,0.0000,0,0.0000,0.0000,0,0,0,0,0,0,0,0,0,0,0,0,0,0,0,0,0,0,0,0,0,0,0,0,0
WG_METRICS 223,256,768,1.0117,0.0042,0.0033,0.9820,0.0068,0.0155,256,768,196608,393216,200219.9688,400439.9375,0.0000,0,0.0000,0.0000,0,0.0000,0,0.0000,0.0000,0,0.0000,0.0000,0,0,0,0,0,0,0,0,0,0,0,0,0,0,0,0,0,0,0,0,0,0,0,0,0
WG_METRICS 224,256,768,1.0256,0.0042,0.0033,0.9918,0.0108,0.0155,256,768,196608,393216,198241.5000,396483.0000,0.0000,0,0.0000,0.0000,0,0.0000,0,0.0000,0.0000,0,0.0000,0.0000,0,0,0,0,0,0,0,0,0,0,0,0,0,0,0,0,0,0,0,0,0,0,0,0,0
WG_METRICS 225,256,768,1.0243,0.0044,0.0032,0.9899,0.0110,0.0158,256,768,196608,393216,198618.0156,397236.0312,0.0000,0,0.0000,0.0000,0,0.0000,0,0.0000,0.0000,0,0.0000,0.0000,0,0,0,0,0,0,0,0,0,0,0,0,0,0,0,0,0,0,0,0,0,0,0,0,0
WG_METRICS 226,256,768,1.0424,0.0042,0.0033,0.9992,0.0198,0.0158,256,768,196608,393216,196765.4219,393530.8438,0.0000,0,0.0000,0.0000,0,0.0000,0,0.0000,0.0000,0,0.0000,0.0000,0,0,0,0,0,0,0,0,0,0,0,0,0,0,0,0,0,0,0,0,0,0,0,0,0
WG_METRICS 227,256,768,1.0322,0.0042,0.0032,0.9982,0.0111,0.0154,256,768,196608,393216,196954.6406,393909.2812,0.0000,0,0.0000,0.0000,0,0.0000,0,0.0000,0.0000,0,0.0000,0.0000,0,0,0,0,0,0,0,0,0,0,0,0,0,0,0,0,0,0,0,0,0,0,0,0,0
WG_METRICS 228,256,768,1.0188,0.0042,0.0032,0.9845,0.0112,0.0157,256,768,196608,393216,199707.4531,399414.9062,0.0000,0,0.0000,0.0000,0,0.0000,0,0.0000,0.0000,0,0.0000,0.0000,0,0,0,0,0,0,0,0,0,0,0,0,0,0,0,0,0,0,0,0,0,0,0,0,0
WG_METRICS 229,256,768,1.0331,0.0042,0.0032,0.9932,0.0166,0.0159,256,768,196608,393216,197962.0625,395924.1250,0.0000,0,0.0000,0.0000,0,0.0000,0,0.0000,0.0000,0,0.0000,0.0000,0,0,0,0,0,0,0,0,0,0,0,0,0,0,0,0,0,0,0,0,0,0,0,0,0
WG_METRICS 230,256,768,1.0144,0.0042,0.0033,0.9806,0.0110,0.0154,256,768,196608,393216,200505.8281,401011.6562,0.0000,0,0.0000,0.0000,0,0.0000,0,0.0000,0.0000,0,0.0000,0.0000,0,0,0,0,0,0,0,0,0,0,0,0,0,0,0,0,0,0,0,0,0,0,0,0,0
WG_METRICS 231,256,768,1.0377,0.0042,0.0033,1.0035,0.0111,0.0156,256,768,196608,393216,195918.3594,391836.7188,0.0000,0,0.0000,0.0000,0,0.0000,0,0.0000,0.0000,0,0.0000,0.0000,0,0,0,0,0,0,0,0,0,0,0,0,0,0,0,0,0,0,0,0,0,0,0,0,0
WG_METRICS 232,256,768,1.0175,0.0042,0.0033,0.9834,0.0111,0.0156,256,768,196608,393216,199934.9219,399869.8438,0.0000,0,0.0000,0.0000,0,0.0000,0,0.0000,0.0000,0,0.0000,0.0000,0,0,0,0,0,0,0,0,0,0,0,0,0,0,0,0,0,0,0,0,0,0,0,0,0
WG_METRICS 233,256,768,1.0352,0.0042,0.0033,0.9925,0.0198,0.0154,256,768,196608,393216,198097.7031,396195.4062,0.0000,0,0.0000,0.0000,0,0.0000,0,0.0000,0.0000,0,0.0000,0.0000,0,0,0,0,0,0,0,0,0,0,0,0,0,0,0,0,0,0,0,0,0,0,0,0,0
WG_METRICS 234,256,768,1.0270,0.0042,0.0033,0.9931,0.0110,0.0154,256,768,196608,393216,197970.0312,395940.0625,0.0000,0,0.0000,0.0000,0,0.0000,0,0.0000,0.0000,0,0.0000,0.0000,0,0,0,0,0,0,0,0,0,0,0,0,0,0,0,0,0,0,0,0,0,0,0,0,0
WG_METRICS 235,256,768,1.0227,0.0042,0.0033,0.9884,0.0112,0.0157,256,768,196608,393216,198923.4688,397846.9375,0.0000,0,0.0000,0.0000,0,0.0000,0,0.0000,0.0000,0,0.0000,0.0000,0,0,0,0,0,0,0,0,0,0,0,0,0,0,0,0,0,0,0,0,0,0,0,0,0
WG_METRICS 236,256,768,1.0284,0.0042,0.0032,0.9859,0.0197,0.0153,256,768,196608,393216,199415.7656,398831.5312,0.0000,0,0.0000,0.0000,0,0.0000,0,0.0000,0.0000,0,0.0000,0.0000,0,0,0,0,0,0,0,0,0,0,0,0,0,0,0,0,0,0,0,0,0,0,0,0,0
WG_METRICS 237,256,768,1.0419,0.0042,0.0032,1.0080,0.0111,0.0153,256,768,196608,393216,195047.6094,390095.2188,0.0000,0,0.0000,0.0000,0,0.0000,0,0.0000,0.0000,0,0.0000,0.0000,0,0,0,0,0,0,0,0,0,0,0,0,0,0,0,0,0,0,0,0,0,0,0,0,0
WG_METRICS 238,256,768,1.0208,0.0042,0.0033,0.9868,0.0110,0.0156,256,768,196608,393216,199229.8594,398459.7188,0.0000,0,0.0000,0.0000,0,0.0000,0,0.0000,0.0000,0,0.0000,0.0000,0,0,0,0,0,0,0,0,0,0,0,0,0,0,0,0,0,0,0,0,0,0,0,0,0
WG_METRICS 239,256,768,1.0207,0.0042,0.0033,0.9868,0.0112,0.0152,256,768,196608,393216,199237.9375,398475.8750,0.0000,0,0.0000,0.0000,0,0.0000,0,0.0000,0.0000,0,0.0000,0.0000,0,0,0,0,0,0,0,0,0,0,0,0,0,0,0,0,0,0,0,0,0,0,0,0,0
WG_METRICS 240,256,768,1.0299,0.0046,0.0032,0.9948,0.0113,0.0160,256,768,196608,393216,197635.7188,395271.4375,0.0000,0,0.0000,0.0000,0,0.0000,0,0.0000,0.0000,0,0.0000,0.0000,0,0,0,0,0,0,0,0,0,0,0,0,0,0,0,0,0,0,0,0,0,0,0,0,0
WG_METRICS 241,256,768,1.0300,0.0042,0.0033,0.9960,0.0111,0.0155,256,768,196608,393216,197405.5156,394811.0312,0.0000,0,0.0000,0.0000,0,0.0000,0,0.0000,0.0000,0,0.0000,0.0000,0,0,0,0,0,0,0,0,0,0,0,0,0,0,0,0,0,0,0,0,0,0,0,0,0
WG_METRICS 242,256,768,1.0281,0.0042,0.0033,0.9856,0.0197,0.0154,256,768,196608,393216,199480.5156,398961.0312,0.0000,0,0.0000,0.0000,0,0.0000,0,0.0000,0.0000,0,0.0000,0.0000,0,0,0,0,0,0,0,0,0,0,0,0,0,0,0,0,0,0,0,0,0,0,0,0,0
WG_METRICS 243,256,768,1.0301,0.0042,0.0033,0.9958,0.0112,0.0156,256,768,196608,393216,197437.2344,394874.4688,0.0000,0,0.0000,0.0000,0,0.0000,0,0.0000,0.0000,0,0.0000,0.0000,0,0,0,0,0,0,0,0,0,0,0,0,0,0,0,0,0,0,0,0,0,0,0,0,0
WG_METRICS 244,256,768,1.0401,0.0042,0.0033,1.0057,0.0111,0.0159,256,768,196608,393216,195497.5781,390995.1562,0.0000,0,0.0000,0.0000,0,0.0000,0,0.0000,0.0000,0,0.0000,0.0000,0,0,0,0,0,0,0,0,0,0,0,0,0,0,0,0,0,0,0,0,0,0,0,0,0
WG_METRICS 245,256,768,1.0185,0.0042,0.0033,0.9846,0.0110,0.0154,256,768,196608,393216,199691.2344,399382.4688,0.0000,0,0.0000,0.0000,0,0.0000,0,0.0000,0.0000,0,0.0000,0.0000,0,0,0,0,0,0,0,0,0,0,0,0,0,0,0,0,0,0,0,0,0,0,0,0,0
WG_METRICS 246,256,768,1.0237,0.0042,0.0032,0.9892,0.0113,0.0156,256,768,196608,393216,198746.5156,397493.0312,0.0000,0,0.0000,0.0000,0,0.0000,0,0.0000,0.0000,0,0.0000,0.0000,0,0,0,0,0,0,0,0,0,0,0,0,0,0,0,0,0,0,0,0,0,0,0,0,0
WG_METRICS 247,256,768,1.0210,0.0042,0.0032,0.9871,0.0110,0.0154,256,768,196608,393216,199181.4219,398362.8438,0.0000,0,0.0000,0.0000,0,0.0000,0,0.0000,0.0000,0,0.0000,0.0000,0,0,0,0,0,0,0,0,0,0,0,0,0,0,0,0,0,0,0,0,0,0,0,0,0
WG_METRICS 248,256,768,1.0310,0.0042,0.0033,0.9970,0.0110,0.0156,256,768,196608,393216,197207.5156,394415.0312,0.0000,0,0.0000,0.0000,0,0.0000,0,0.0000,0.0000,0,0.0000,0.0000,0,0,0,0,0,0,0,0,0,0,0,0,0,0,0,0,0,0,0,0,0,0,0,0,0
WG_METRICS 249,256,768,1.0410,0.0044,0.0032,0.9983,0.0198,0.0153,256,768,196608,393216,196938.8594,393877.7188,0.0000,0,0.0000,0.0000,0,0.0000,0,0.0000,0.0000,0,0.0000,0.0000,0,0,0,0,0,0,0,0,0,0,0,0,0,0,0,0,0,0,0,0,0,0,0,0,0
WG_METRICS 250,256,768,1.0285,0.0042,0.0032,0.9939,0.0112,0.0159,256,768,196608,393216,197810.6875,395621.3750,0.0000,0,0.0000,0.0000,0,0.0000,0,0.0000,0.0000,0,0.0000,0.0000,0,0,0,0,0,0,0,0,0,0,0,0,0,0,0,0,0,0,0,0,0,0,0,0,0
WG_METRICS 251,256,768,1.0251,0.0043,0.0033,0.9903,0.0112,0.0160,256,768,196608,393216,198529.7656,397059.5312,0.0000,0,0.0000,0.0000,0,0.0000,0,0.0000,0.0000,0,0.0000,0.0000,0,0,0,0,0,0,0,0,0,0,0,0,0,0,0,0,0,0,0,0,0,0,0,0,0
WG_METRICS 252,256,768,1.0290,0.0042,0.0033,0.9995,0.0066,0.0155,256,768,196608,393216,196710.2812,393420.5625,0.0000,0,0.0000,0.0000,0,0.0000,0,0.0000,0.0000,0,0.0000,0.0000,0,0,0,0,0,0,0,0,0,0,0,0,0,0,0,0,0,0,0,0,0,0,0,0,0
WG_METRICS 253,256,768,1.0111,0.0042,0.0033,0.9767,0.0115,0.0154,256,768,196608,393216,201294.1250,402588.2500,0.0000,0,0.0000,0.0000,0,0.0000,0,0.0000,0.0000,0,0.0000,0.0000,0,0,0,0,0,0,0,0,0,0,0,0,0,0,0,0,0,0,0,0,0,0,0,0,0
WG_METRICS 254,256,768,1.0146,0.0042,0.0032,0.9796,0.0114,0.0161,256,768,196608,393216,200702.3281,401404.6562,0.0000,0,0.0000,0.0000,0,0.0000,0,0.0000,0.0000,0,0.0000,0.0000,0,0,0,0,0,0,0,0,0,0,0,0,0,0,0,0,0,0,0,0,0,0,0,0,0
WG_METRICS 255,256,768,1.0181,0.0045,0.0033,0.9825,0.0112,0.0165,256,768,196608,393216,200105.8594,400211.7188,0.0000,0,0.0000,0.0000,0,0.0000,0,0.0000,0.0000,0,0.0000,0.0000,0,0,0,0,0,0,0,0,0,0,0,0,0,0,0,0,0,0,0,0,0,0,0,0,0
WG_METRICS 256,256,768,1.0241,0.0042,0.0032,0.9902,0.0112,0.0152,256,768,196608,393216,198545.8125,397091.6250,0.0000,0,0.0000,0.0000,0,0.0000,0,0.0000,0.0000,0,0.0000,0.0000,0,0,0,0,0,0,0,0,0,0,0,0,0,0,0,0,0,0,0,0,0,0,0,0,0
WG_METRICS 257,256,768,1.0135,0.0042,0.0033,0.9834,0.0044,0.0182,256,768,196608,393216,199918.6562,399837.3125,0.0000,0,0.0000,0.0000,0,0.0000,0,0.0000,0.0000,0,0.0000,0.0000,0,0,0,0,0,0,0,0,0,0,0,0,0,0,0,0,0,0,0,0,0,0,0,0,0
WG_METRICS 258,256,768,1.0362,0.0042,0.0032,1.0026,0.0108,0.0153,256,768,196608,393216,196098.1562,392196.3125,0.0000,0,0.0000,0.0000,0,0.0000,0,0.0000,0.0000,0,0.0000,0.0000,0,0,0,0,0,0,0,0,0,0,0,0,0,0,0,0,0,0,0,0,0,0,0,0,0
WG_METRICS 259,256,768,1.0282,0.0042,0.0033,0.9940,0.0112,0.0156,256,768,196608,393216,197786.8125,395573.6250,0.0000,0,0.0000,0.0000,0,0.0000,0,0.0000,0.0000,0,0.0000,0.0000,0,0,0,0,0,0,0,0,0,0,0,0,0,0,0,0,0,0,0,0,0,0,0,0,0
WG_METRICS 260,256,768,1.0438,0.0042,0.0033,1.0014,0.0196,0.0154,256,768,196608,393216,196340.9688,392681.9375,0.0000,0,0.0000,0.0000,0,0.0000,0,0.0000,0.0000,0,0.0000,0.0000,0,0,0,0,0,0,0,0,0,0,0,0,0,0,0,0,0,0,0,0,0,0,0,0,0
WG_METRICS 261,256,768,1.0374,0.0042,0.0032,0.9932,0.0197,0.0171,256,768,196608,393216,197946.1094,395892.2188,0.0000,0,0.0000,0.0000,0,0.0000,0,0.0000,0.0000,0,0.0000,0.0000,0,0,0,0,0,0,0,0,0,0,0,0,0,0,0,0,0,0,0,0,0,0,0,0,0
WG_METRICS 262,256,768,1.0378,0.0043,0.0032,0.9951,0.0198,0.0154,256,768,196608,393216,197572.1562,395144.3125,0.0000,0,0.0000,0.0000,0,0.0000,0,0.0000,0.0000,0,0.0000,0.0000,0,0,0,0,0,0,0,0,0,0,0,0,0,0,0,0,0,0,0,0,0,0,0,0,0
WG_METRICS 263,256,768,1.0337,0.0041,0.0033,0.9914,0.0196,0.0154,256,768,196608,393216,198321.5000,396643.0000,0.0000,0,0.0000,0.0000,0,0.0000,0,0.0000,0.0000,0,0.0000,0.0000,0,0,0,0,0,0,0,0,0,0,0,0,0,0,0,0,0,0,0,0,0,0,0,0,0
WG_METRICS 264,256,768,1.0195,0.0042,0.0033,0.9764,0.0199,0.0158,256,768,196608,393216,201368.3438,402736.6875,0.0000,0,0.0000,0.0000,0,0.0000,0,0.0000,0.0000,0,0.0000,0.0000,0,0,0,0,0,0,0,0,0,0,0,0,0,0,0,0,0,0,0,0,0,0,0,0,0
WG_METRICS 265,256,768,1.0387,0.0041,0.0032,0.9951,0.0198,0.0164,256,768,196608,393216,197572.1562,395144.3125,0.0000,0,0.0000,0.0000,0,0.0000,0,0.0000,0.0000,0,0.0000,0.0000,0,0,0,0,0,0,0,0,0,0,0,0,0,0,0,0,0,0,0,0,0,0,0,0,0
WG_METRICS 266,256,768,1.0328,0.0042,0.0032,0.9901,0.0198,0.0154,256,768,196608,393216,198577.8906,397155.7812,0.0000,0,0.0000,0.0000,0,0.0000,0,0.0000,0.0000,0,0.0000,0.0000,0,0,0,0,0,0,0,0,0,0,0,0,0,0,0,0,0,0,0,0,0,0,0,0,0
WG_METRICS 267,256,768,1.0140,0.0041,0.0033,0.9774,0.0136,0.0155,256,768,196608,393216,201154.0781,402308.1562,0.0000,0,0.0000,0.0000,0,0.0000,0,0.0000,0.0000,0,0.0000,0.0000,0,0,0,0,0,0,0,0,0,0,0,0,0,0,0,0,0,0,0,0,0,0,0,0,0
WG_METRICS 268,256,768,1.0267,0.0042,0.0033,0.9840,0.0198,0.0154,256,768,196608,393216,199796.7500,399593.5000,0.0000,0,0.0000,0.0000,0,0.0000,0,0.0000,0.0000,0,0.0000,0.0000,0,0,0,0,0,0,0,0,0,0,0,0,0,0,0,0,0,0,0,0,0,0,0,0,0
WG_METRICS 269,256,768,1.0280,0.0042,0.0033,0.9854,0.0198,0.0154,256,768,196608,393216,199529.0938,399058.1875,0.0000,0,0.0000,0.0000,0,0.0000,0,0.0000,0.0000,0,0.0000,0.0000,0,0,0,0,0,0,0,0,0,0,0,0,0,0,0,0,0,0,0,0,0,0,0,0,0
WG_METRICS 270,256,768,1.0306,0.0042,0.0033,0.9879,0.0198,0.0155,256,768,196608,393216,199020.1250,398040.2500,0.0000,0,0.0000,0.0000,0,0.0000,0,0.0000,0.0000,0,0.0000,0.0000,0,0,0,0,0,0,0,0,0,0,0,0,0,0,0,0,0,0,0,0,0,0,0,0,0
WG_METRICS 271,256,768,1.0326,0.0042,0.0033,0.9901,0.0196,0.0154,256,768,196608,393216,198577.8906,397155.7812,0.0000,0,0.0000,0.0000,0,0.0000,0,0.0000,0.0000,0,0.0000,0.0000,0,0,0,0,0,0,0,0,0,0,0,0,0,0,0,0,0,0,0,0,0,0,0,0,0
WG_METRICS 272,256,768,1.0185,0.0042,0.0033,0.9840,0.0111,0.0159,256,768,196608,393216,199796.7500,399593.5000,0.0000,0,0.0000,0.0000,0,0.0000,0,0.0000,0.0000,0,0.0000,0.0000,0,0,0,0,0,0,0,0,0,0,0,0,0,0,0,0,0,0,0,0,0,0,0,0,0
WG_METRICS 273,256,768,1.0140,0.0042,0.0033,0.9841,0.0068,0.0157,256,768,196608,393216,199788.6250,399577.2500,0.0000,0,0.0000,0.0000,0,0.0000,0,0.0000,0.0000,0,0.0000,0.0000,0,0,0,0,0,0,0,0,0,0,0,0,0,0,0,0,0,0,0,0,0,0,0,0,0
WG_METRICS 274,256,768,1.0382,0.0042,0.0032,0.9957,0.0197,0.0154,256,768,196608,393216,197453.0938,394906.1875,0.0000,0,0.0000,0.0000,0,0.0000,0,0.0000,0.0000,0,0.0000,0.0000,0,0,0,0,0,0,0,0,0,0,0,0,0,0,0,0,0,0,0,0,0,0,0,0,0
WG_METRICS 275,256,768,1.0344,0.0042,0.0032,1.0006,0.0110,0.0153,256,768,196608,393216,196497.9531,392995.9062,0.0000,0,0.0000,0.0000,0,0.0000,0,0.0000,0.0000,0,0.0000,0.0000,0,0,0,0,0,0,0,0,0,0,0,0,0,0,0,0,0,0,0,0,0,0,0,0,0
WG_METRICS 276,256,768,1.0356,0.0042,0.0032,0.9928,0.0197,0.0157,256,768,196608,393216,198033.8438,396067.6875,0.0000,0,0.0000,0.0000,0,0.0000,0,0.0000,0.0000,0,0.0000,0.0000,0,0,0,0,0,0,0,0,0,0,0,0,0,0,0,0,0,0,0,0,0,0,0,0,0
WG_METRICS 277,256,768,1.0755,0.0042,0.0032,0.9899,0.0358,0.0424,256,768,196608,393216,198618.0156,397236.0312,0.0000,0,0.0000,0.0000,0,0.0000,0,0.0000,0.0000,0,0.0000,0.0000,0,0,0,0,0,0,0,0,0,0,0,0,0,0,0,0,0,0,0,0,0,0,0,0,0
WG_METRICS 278,256,768,1.0335,0.0042,0.0032,0.9996,0.0110,0.0155,256,768,196608,393216,196694.5469,393389.0938,0.0000,0,0.0000,0.0000,0,0.0000,0,0.0000,0.0000,0,0.0000,0.0000,0,0,0,0,0,0,0,0,0,0,0,0,0,0,0,0,0,0,0,0,0,0,0,0,0
WG_METRICS 279,256,768,1.0359,0.0042,0.0033,0.9928,0.0199,0.0158,256,768,196608,393216,198041.8281,396083.6562,0.0000,0,0.0000,0.0000,0,0.0000,0,0.0000,0.0000,0,0.0000,0.0000,0,0,0,0,0,0,0,0,0,0,0,0,0,0,0,0,0,0,0,0,0,0,0,0,0
WG_METRICS 280,256,768,1.0298,0.0042,0.0033,0.9871,0.0198,0.0154,256,768,196608,393216,199181.4219,398362.8438,0.0000,0,0.0000,0.0000,0,0.0000,0,0.0000,0.0000,0,0.0000,0.0000,0,0,0,0,0,0,0,0,0,0,0,0,0,0,0,0,0,0,0,0,0,0,0,0,0
WG_METRICS 281,256,768,1.0304,0.0042,0.0032,0.9998,0.0067,0.0165,256,768,196608,393216,196655.2031,393310.4062,0.0000,0,0.0000,0.0000,0,0.0000,0,0.0000,0.0000,0,0.0000,0.0000,0,0,0,0,0,0,0,0,0,0,0,0,0,0,0,0,0,0,0,0,0,0,0,0,0
WG_METRICS 282,256,768,1.0325,0.0042,0.0032,0.9898,0.0198,0.0156,256,768,196608,393216,198642.0938,397284.1875,0.0000,0,0.0000,0.0000,0,0.0000,0,0.0000,0.0000,0,0.0000,0.0000,0,0,0,0,0,0,0,0,0,0,0,0,0,0,0,0,0,0,0,0,0,0,0,0,0
WG_METRICS 283,256,768,1.0333,0.0042,0.0032,0.9907,0.0198,0.0152,256,768,196608,393216,198449.6250,396899.2500,0.0000,0,0.0000,0.0000,0,0.0000,0,0.0000,0.0000,0,0.0000,0.0000,0,0,0,0,0,0,0,0,0,0,0,0,0,0,0,0,0,0,0,0,0,0,0,0,0
WG_METRICS 284,256,768,1.0230,0.0042,0.0033,0.9892,0.0111,0.0153,256,768,196608,393216,198754.5469,397509.0938,0.0000,0,0.0000,0.0000,0,0.0000,0,0.0000,0.0000,0,0.0000,0.0000,0,0,0,0,0,0,0,0,0,0,0,0,0,0,0,0,0,0,0,0,0,0,0,0,0
WG_METRICS 285,256,768,1.0225,0.0042,0.0032,0.9794,0.0197,0.0160,256,768,196608,393216,200735.1250,401470.2500,0.0000,0,0.0000,0.0000,0,0.0000,0,0.0000,0.0000,0,0.0000,0.0000,0,0,0,0,0,0,0,0,0,0,0,0,0,0,0,0,0,0,0,0,0,0,0,0,0
WG_METRICS 286,256,768,1.0407,0.0042,0.0033,0.9970,0.0199,0.0164,256,768,196608,393216,197199.6094,394399.2188,0.0000,0,0.0000,0.0000,0,0.0000,0,0.0000,0.0000,0,0.0000,0.0000,0,0,0,0,0,0,0,0,0,0,0,0,0,0,0,0,0,0,0,0,0,0,0,0,0
WG_METRICS 287,256,768,1.0516,0.0042,0.0032,1.0090,0.0198,0.0154,256,768,196608,393216,194862.0312,389724.0625,0.0000,0,0.0000,0.0000,0,0.0000,0,0.0000,0.0000,0,0.0000,0.0000,0,0,0,0,0,0,0,0,0,0,0,0,0,0,0,0,0,0,0,0,0,0,0,0,0
WG_METRICS 288,256,768,1.0360,0.0041,0.0032,1.0022,0.0112,0.0153,256,768,196608,393216,196176.4062,392352.8125,0.0000,0,0.0000,0.0000,0,0.0000,0,0.0000,0.0000,0,0.0000,0.0000,0,0,0,0,0,0,0,0,0,0,0,0,0,0,0,0,0,0,0,0,0,0,0,0,0
WG_METRICS 289,256,768,1.0372,0.0042,0.0033,0.9946,0.0198,0.0153,256,768,196608,393216,197675.4531,395350.9062,0.0000,0,0.0000,0.0000,0,0.0000,0,0.0000,0.0000,0,0.0000,0.0000,0,0,0,0,0,0,0,0,0,0,0,0,0,0,0,0,0,0,0,0,0,0,0,0,0
WG_METRICS 290,256,768,1.0322,0.0042,0.0032,0.9896,0.0197,0.0154,256,768,196608,393216,198666.1875,397332.3750,0.0000,0,0.0000,0.0000,0,0.0000,0,0.0000,0.0000,0,0.0000,0.0000,0,0,0,0,0,0,0,0,0,0,0,0,0,0,0,0,0,0,0,0,0,0,0,0,0
WG_METRICS 291,256,768,1.0304,0.0041,0.0032,0.9876,0.0198,0.0156,256,768,196608,393216,199084.6250,398169.2500,0.0000,0,0.0000,0.0000,0,0.0000,0,0.0000,0.0000,0,0.0000,0.0000,0,0,0,0,0,0,0,0,0,0,0,0,0,0,0,0,0,0,0,0,0,0,0,0,0
WG_METRICS 292,256,768,1.0355,0.0041,0.0031,1.0018,0.0110,0.0155,256,768,196608,393216,196254.7500,392509.5000,0.0000,0,0.0000,0.0000,0,0.0000,0,0.0000,0.0000,0,0.0000,0.0000,0,0,0,0,0,0,0,0,0,0,0,0,0,0,0,0,0,0,0,0,0,0,0,0,0
WG_METRICS 293,256,768,1.0456,0.0042,0.0033,1.0028,0.0200,0.0154,256,768,196608,393216,196066.8438,392133.6875,0.0000,0,0.0000,0.0000,0,0.0000,0,0.0000,0.0000,0,0.0000,0.0000,0,0,0,0,0,0,0,0,0,0,0,0,0,0,0,0,0,0,0,0,0,0,0,0,0
WG_METRICS 294,256,768,1.0217,0.0043,0.0032,0.9876,0.0112,0.0154,256,768,196608,393216,199084.6250,398169.2500,0.0000,0,0.0000,0.0000,0,0.0000,0,0.0000,0.0000,0,0.0000,0.0000,0,0,0,0,0,0,0,0,0,0,0,0,0,0,0,0,0,0,0,0,0,0,0,0,0
WG_METRICS 295,256,768,1.0432,0.0042,0.0033,1.0136,0.0068,0.0153,256,768,196608,393216,193962.3438,387924.6875,0.0000,0,0.0000,0.0000,0,0.0000,0,0.0000,0.0000,0,0.0000,0.0000,0,0,0,0,0,0,0,0,0,0,0,0,0,0,0,0,0,0,0,0,0,0,0,0,0
WG_METRICS 296,256,768,1.0240,0.0041,0.0033,0.9803,0.0199,0.0164,256,768,196608,393216,200554.9219,401109.8438,0.0000,0,0.0000,0.0000,0,0.0000,0,0.0000,0.0000,0,0.0000,0.0000,0,0,0,0,0,0,0,0,0,0,0,0,0,0,0,0,0,0,0,0,0,0,0,0,0
WG_METRICS 297,256,768,1.0022,0.0042,0.0033,0.9727,0.0067,0.0153,256,768,196608,393216,202121.8750,404243.7500,0.0000,0,0.0000,0.0000,0,0.0000,0,0.0000,0.0000,0,0.0000,0.0000,0,0,0,0,0,0,0,0,0,0,0,0,0,0,0,0,0,0,0,0,0,0,0,0,0
WG_METRICS 298,256,768,1.0309,0.0042,0.0032,0.9970,0.0110,0.0154,256,768,196608,393216,197191.6875,394383.3750,0.0000,0,0.0000,0.0000,0,0.0000,0,0.0000,0.0000,0,0.0000,0.0000,0,0,0,0,0,0,0,0,0,0,0,0,0,0,0,0,0,0,0,0,0,0,0,0,0
WG_METRICS 299,256,768,1.0580,0.0042,0.0033,1.0150,0.0198,0.0158,256,768,196608,393216,193694.8281,387389.6562,0.0000,0,0.0000,0.0000,0,0.0000,0,0.0000,0.0000,0,0.0000,0.0000,0,0,0,0,0,0,0,0,0,0,0,0,0,0,0,0,0,0,0,0,0,0,0,0,0
WG_METRICS 300,256,768,1.0350,0.0042,0.0033,0.9925,0.0198,0.0153,256,768,196608,393216,198097.7031,396195.4062,0.0000,0,0.0000,0.0000,0,0.0000,0,0.0000,0.0000,0,0.0000,0.0000,0,0,0,0,0,0,0,0,0,0,0,0,0,0,0,0,0,0,0,0,0,0,0,0,0
WG_METRICS 301,256,768,1.0336,0.0043,0.0033,0.9904,0.0198,0.0157,256,768,196608,393216,198505.7188,397011.4375,0.0000,0,0.0000,0.0000,0,0.0000,0,0.0000,0.0000,0,0.0000,0.0000,0,0,0,0,0,0,0,0,0,0,0,0,0,0,0,0,0,0,0,0,0,0,0,0,0
WG_METRICS 302,256,768,1.0391,0.0042,0.0032,0.9963,0.0198,0.0156,256,768,196608,393216,197342.1094,394684.2188,0.0000,0,0.0000,0.0000,0,0.0000,0,0.0000,0.0000,0,0.0000,0.0000,0,0,0,0,0,0,0,0,0,0,0,0,0,0,0,0,0,0,0,0,0,0,0,0,0
WG_METRICS 303,256,768,1.0266,0.0044,0.0033,0.9836,0.0199,0.0154,256,768,196608,393216,199894.2500,399788.5000,0.0000,0,0.0000,0.0000,0,0.0000,0,0.0000,0.0000,0,0.0000,0.0000,0,0,0,0,0,0,0,0,0,0,0,0,0,0,0,0,0,0,0,0,0,0,0,0,0
WG_METRICS 304,256,768,1.0222,0.0043,0.0033,0.9879,0.0111,0.0156,256,768,196608,393216,199020.1250,398040.2500,0.0000,0,0.0000,0.0000,0,0.0000,0,0.0000,0.0000,0,0.0000,0.0000,0,0,0,0,0,0,0,0,0,0,0,0,0,0,0,0,0,0,0,0,0,0,0,0,0
WG_METRICS 305,256,768,1.0438,0.0042,0.0032,1.0100,0.0109,0.0155,256,768,196608,393216,194669.0781,389338.1562,0.0000,0,0.0000,0.0000,0,0.0000,0,0.0000,0.0000,0,0.0000,0.0000,0,0,0,0,0,0,0,0,0,0,0,0,0,0,0,0,0,0,0,0,0,0,0,0,0
WG_METRICS 306,256,768,1.0451,0.0042,0.0033,1.0024,0.0196,0.0156,256,768,196608,393216,196129.4531,392258.9062,0.0000,0,0.0000,0.0000,0,0.0000,0,0.0000,0.0000,0,0.0000,0.0000,0,0,0,0,0,0,0,0,0,0,0,0,0,0,0,0,0,0,0,0,0,0,0,0,0
WG_METRICS 307,256,768,1.0241,0.0042,0.0033,0.9902,0.0111,0.0152,256,768,196608,393216,198545.8125,397091.6250,0.0000,0,0.0000,0.0000,0,0.0000,0,0.0000,0.0000,0,0.0000,0.0000,0,0,0,0,0,0,0,0,0,0,0,0,0,0,0,0,0,0,0,0,0,0,0,0,0
WG_METRICS 308,256,768,1.0281,0.0042,0.0033,0.9983,0.0068,0.0156,256,768,196608,393216,196946.7500,393893.5000,0.0000,0,0.0000,0.0000,0,0.0000,0,0.0000,0.0000,0,0.0000,0.0000,0,0,0,0,0,0,0,0,0,0,0,0,0,0,0,0,0,0,0,0,0,0,0,0,0
WG_METRICS 309,256,768,1.0540,0.0042,0.0032,1.0244,0.0067,0.0155,256,768,196608,393216,191932.5312,383865.0625,0.0000,0,0.0000,0.0000,0,0.0000,0,0.0000,0.0000,0,0.0000,0.0000,0,0,0,0,0,0,0,0,0,0,0,0,0,0,0,0,0,0,0,0,0,0,0,0,0
WG_METRICS 310,256,768,1.0150,0.0042,0.0033,0.9722,0.0200,0.0154,256,768,196608,393216,202230.0000,404460.0000,0.0000,0,0.0000,0.0000,0,0.0000,0,0.0000,0.0000,0,0.0000,0.0000,0,0,0,0,0,0,0,0,0,0,0,0,0,0,0,0,0,0,0,0,0,0,0,0,0
WG_METRICS 311,256,768,1.0323,0.0042,0.0032,0.9894,0.0200,0.0156,256,768,196608,393216,198722.4062,397444.8125,0.0000,0,0.0000,0.0000,0,0.0000,0,0.0000,0.0000,0,0.0000,0.0000,0,0,0,0,0,0,0,0,0,0,0,0,0,0,0,0,0,0,0,0,0,0,0,0,0
WG_METRICS 312,256,768,1.0112,0.0042,0.0032,0.9774,0.0112,0.0152,256,768,196608,393216,201162.3125,402324.6250,0.0000,0,0.0000,0.0000,0,0.0000,0,0.0000,0.0000,0,0.0000,0.0000,0,0,0,0,0,0,0,0,0,0,0,0,0,0,0,0,0,0,0,0,0,0,0,0,0
WG_METRICS 313,256,768,1.0206,0.0042,0.0033,0.9844,0.0134,0.0154,256,768,196608,393216,199731.8125,399463.6250,0.0000,0,0.0000,0.0000,0,0.0000,0,0.0000,0.0000,0,0.0000,0.0000,0,0,0,0,0,0,0,0,0,0,0,0,0,0,0,0,0,0,0,0,0,0,0,0,0
WG_METRICS 314,256,768,1.0239,0.0042,0.0033,0.9813,0.0197,0.0154,256,768,196608,393216,200350.5469,400701.0938,0.0000,0,0.0000,0.0000,0,0.0000,0,0.0000,0.0000,0,0.0000,0.0000,0,0,0,0,0,0,0,0,0,0,0,0,0,0,0,0,0,0,0,0,0,0,0,0,0
WG_METRICS 315,256,768,1.0209,0.0042,0.0032,0.9868,0.0112,0.0154,256,768,196608,393216,199229.8594,398459.7188,0.0000,0,0.0000,0.0000,0,0.0000,0,0.0000,0.0000,0,0.0000,0.0000,0,0,0,0,0,0,0,0,0,0,0,0,0,0,0,0,0,0,0,0,0,0,0,0,0
WG_METRICS 316,256,768,1.0310,0.0042,0.0033,0.9972,0.0109,0.0155,256,768,196608,393216,197160.0469,394320.0938,0.0000,0,0.0000,0.0000,0,0.0000,0,0.0000,0.0000,0,0.0000,0.0000,0,0,0,0,0,0,0,0,0,0,0,0,0,0,0,0,0,0,0,0,0,0,0,0,0
WG_METRICS 317,256,768,1.0236,0.0042,0.0033,0.9810,0.0198,0.0153,256,768,196608,393216,200407.7344,400815.4688,0.0000,0,0.0000,0.0000,0,0.0000,0,0.0000,0.0000,0,0.0000,0.0000,0,0,0,0,0,0,0,0,0,0,0,0,0,0,0,0,0,0,0,0,0,0,0,0,0
WG_METRICS 318,256,768,1.0192,0.0042,0.0033,0.9764,0.0199,0.0153,256,768,196608,393216,201351.8438,402703.6875,0.0000,0,0.0000,0.0000,0,0.0000,0,0.0000,0.0000,0,0.0000,0.0000,0,0,0,0,0,0,0,0,0,0,0,0,0,0,0,0,0,0,0,0,0,0,0,0,0
WG_METRICS 319,256,768,1.0242,0.0044,0.0032,0.9902,0.0110,0.0153,256,768,196608,393216,198553.8281,397107.6562,0.0000,0,0.0000,0.0000,0,0.0000,0,0.0000,0.0000,0,0.0000,0.0000,0,0,0,0,0,0,0,0,0,0,0,0,0,0,0,0,0,0,0,0,0,0,0,0,0
WG_METRICS 320,256,768,1.0234,0.0042,0.0032,0.9894,0.0112,0.0154,256,768,196608,393216,198714.3594,397428.7188,0.0000,0,0.0000,0.0000,0,0.0000,0,0.0000,0.0000,0,0.0000,0.0000,0,0,0,0,0,0,0,0,0,0,0,0,0,0,0,0,0,0,0,0,0,0,0,0,0
WG_METRICS 321,256,768,1.0237,0.0042,0.0032,0.9813,0.0196,0.0154,256,768,196608,393216,200350.5469,400701.0938,0.0000,0,0.0000,0.0000,0,0.0000,0,0.0000,0.0000,0,0.0000,0.0000,0,0,0,0,0,0,0,0,0,0,0,0,0,0,0,0,0,0,0,0,0,0,0,0,0
WG_METRICS 322,256,768,1.0337,0.0042,0.0032,0.9912,0.0197,0.0154,256,768,196608,393216,198361.5156,396723.0312,0.0000,0,0.0000,0.0000,0,0.0000,0,0.0000,0.0000,0,0.0000,0.0000,0,0,0,0,0,0,0,0,0,0,0,0,0,0,0,0,0,0,0,0,0,0,0,0,0
WG_METRICS 323,256,768,1.0403,0.0042,0.0033,0.9976,0.0199,0.0153,256,768,196608,393216,197073.0938,394146.1875,0.0000,0,0.0000,0.0000,0,0.0000,0,0.0000,0.0000,0,0.0000,0.0000,0,0,0,0,0,0,0,0,0,0,0,0,0,0,0,0,0,0,0,0,0,0,0,0,0
WG_METRICS 324,256,768,1.0245,0.0042,0.0033,0.9854,0.0162,0.0154,256,768,196608,393216,199521.0000,399042.0000,0.0000,0,0.0000,0.0000,0,0.0000,0,0.0000,0.0000,0,0.0000,0.0000,0,0,0,0,0,0,0,0,0,0,0,0,0,0,0,0,0,0,0,0,0,0,0,0,0
WG_METRICS 325,256,768,1.0152,0.0042,0.0032,0.9858,0.0066,0.0153,256,768,196608,393216,199440.0469,398880.0938,0.0000,0,0.0000,0.0000,0,0.0000,0,0.0000,0.0000,0,0.0000,0.0000,0,0,0,0,0,0,0,0,0,0,0,0,0,0,0,0,0,0,0,0,0,0,0,0,0
WG_METRICS 326,256,768,1.0220,0.0042,0.0033,0.9879,0.0112,0.0154,256,768,196608,393216,199012.0625,398024.1250,0.0000,0,0.0000,0.0000,0,0.0000,0,0.0000,0.0000,0,0.0000,0.0000,0,0,0,0,0,0,0,0,0,0,0,0,0,0,0,0,0,0,0,0,0,0,0,0,0
WG_METRICS 327,256,768,1.0271,0.0042,0.0033,0.9844,0.0198,0.0155,256,768,196608,393216,199723.6875,399447.3750,0.0000,0,0.0000,0.0000,0,0.0000,0,0.0000,0.0000,0,0.0000,0.0000,0,0,0,0,0,0,0,0,0,0,0,0,0,0,0,0,0,0,0,0,0,0,0,0,0
WG_METRICS 328,256,768,1.0504,0.0041,0.0033,1.0078,0.0198,0.0154,256,768,196608,393216,195094.0625,390188.1250,0.0000,0,0.0000,0.0000,0,0.0000,0,0.0000,0.0000,0,0.0000,0.0000,0,0,0,0,0,0,0,0,0,0,0,0,0,0,0,0,0,0,0,0,0,0,0,0,0
WG_METRICS 329,256,768,1.0350,0.0042,0.0032,0.9924,0.0198,0.0154,256,768,196608,393216,198121.6562,396243.3125,0.0000,0,0.0000,0.0000,0,0.0000,0,0.0000,0.0000,0,0.0000,0.0000,0,0,0,0,0,0,0,0,0,0,0,0,0,0,0,0,0,0,0,0,0,0,0,0,0
WG_METRICS 330,256,768,1.0462,0.0044,0.0032,1.0034,0.0197,0.0154,256,768,196608,393216,195933.9844,391867.9688,0.0000,0,0.0000,0.0000,0,0.0000,0,0.0000,0.0000,0,0.0000,0.0000,0,0,0,0,0,0,0,0,0,0,0,0,0,0,0,0,0,0,0,0,0,0,0,0,0
WG_METRICS 331,256,768,1.0351,0.0042,0.0033,0.9924,0.0198,0.0154,256,768,196608,393216,198105.6875,396211.3750,0.0000,0,0.0000,0.0000,0,0.0000,0,0.0000,0.0000,0,0.0000,0.0000,0,0,0,0,0,0,0,0,0,0,0,0,0,0,0,0,0,0,0,0,0,0,0,0,0
WG_METRICS 332,256,768,1.0143,0.0042,0.0033,0.9698,0.0197,0.0173,256,768,196608,393216,202730.4531,405460.9062,0.0000,0,0.0000,0.0000,0,0.0000,0,0.0000,0.0000,0,0.0000,0.0000,0,0,0,0,0,0,0,0,0,0,0,0,0,0,0,0,0,0,0,0,0,0,0,0,0
WG_METRICS 333,256,768,1.0344,0.0042,0.0033,0.9918,0.0198,0.0153,256,768,196608,393216,198225.5156,396451.0312,0.0000,0,0.0000,0.0000,0,0.0000,0,0.0000,0.0000,0,0.0000,0.0000,0,0,0,0,0,0,0,0,0,0,0,0,0,0,0,0,0,0,0,0,0,0,0,0,0
WG_METRICS 334,256,768,1.0232,0.0042,0.0032,0.9800,0.0198,0.0159,256,768,196608,393216,200620.4062,401240.8125,0.0000,0,0.0000,0.0000,0,0.0000,0,0.0000,0.0000,0,0.0000,0.0000,0,0,0,0,0,0,0,0,0,0,0,0,0,0,0,0,0,0,0,0,0,0,0,0,0
WG_METRICS 335,256,768,1.0232,0.0041,0.0033,0.9806,0.0199,0.0152,256,768,196608,393216,200489.4844,400978.9688,0.0000,0,0.0000,0.0000,0,0.0000,0,0.0000,0.0000,0,0.0000,0.0000,0,0,0,0,0,0,0,0,0,0,0,0,0,0,0,0,0,0,0,0,0,0,0,0,0
WG_METRICS 336,256,768,1.0376,0.0041,0.0033,0.9952,0.0197,0.0152,256,768,196608,393216,197556.2812,395112.5625,0.0000,0,0.0000,0.0000,0,0.0000,0,0.0000,0.0000,0,0.0000,0.0000,0,0,0,0,0,0,0,0,0,0,0,0,0,0,0,0,0,0,0,0,0,0,0,0,0
WG_METRICS 337,256,768,1.0170,0.0042,0.0033,0.9742,0.0198,0.0155,256,768,196608,393216,201814.8125,403629.6250,0.0000,0,0.0000,0.0000,0,0.0000,0,0.0000,0.0000,0,0.0000,0.0000,0,0,0,0,0,0,0,0,0,0,0,0,0,0,0,0,0,0,0,0,0,0,0,0,0
WG_METRICS 338,256,768,1.0313,0.0041,0.0033,0.9882,0.0198,0.0158,256,768,196608,393216,198947.6250,397895.2500,0.0000,0,0.0000,0.0000,0,0.0000,0,0.0000,0.0000,0,0.0000,0.0000,0,0,0,0,0,0,0,0,0,0,0,0,0,0,0,0,0,0,0,0,0,0,0,0,0
WG_METRICS 339,256,768,1.0122,0.0042,0.0033,0.9784,0.0110,0.0154,256,768,196608,393216,200956.7031,401913.4062,0.0000,0,0.0000,0.0000,0,0.0000,0,0.0000,0.0000,0,0.0000,0.0000,0,0,0,0,0,0,0,0,0,0,0,0,0,0,0,0,0,0,0,0,0,0,0,0,0
WG_METRICS 340,256,768,1.0278,0.0042,0.0033,0.9852,0.0197,0.0154,256,768,196608,393216,199561.5156,399123.0312,0.0000,0,0.0000,0.0000,0,0.0000,0,0.0000,0.0000,0,0.0000,0.0000,0,0,0,0,0,0,0,0,0,0,0,0,0,0,0,0,0,0,0,0,0,0,0,0,0
WG_METRICS 341,256,768,1.0375,0.0042,0.0033,0.9944,0.0198,0.0159,256,768,196608,393216,197723.1562,395446.3125,0.0000,0,0.0000,0.0000,0,0.0000,0,0.0000,0.0000,0,0.0000,0.0000,0,0,0,0,0,0,0,0,0,0,0,0,0,0,0,0,0,0,0,0,0,0,0,0,0
WG_METRICS 342,256,768,1.0335,0.0042,0.0033,0.9908,0.0199,0.0154,256,768,196608,393216,198441.5938,396883.1875,0.0000,0,0.0000,0.0000,0,0.0000,0,0.0000,0.0000,0,0.0000,0.0000,0,0,0,0,0,0,0,0,0,0,0,0,0,0,0,0,0,0,0,0,0,0,0,0,0
WG_METRICS 343,256,768,1.0364,0.0042,0.0033,0.9937,0.0196,0.0156,256,768,196608,393216,197850.5000,395701.0000,0.0000,0,0.0000,0.0000,0,0.0000,0,0.0000,0.0000,0,0.0000,0.0000,0,0,0,0,0,0,0,0,0,0,0,0,0,0,0,0,0,0,0,0,0,0,0,0,0
WG_METRICS 344,256,768,1.0407,0.0041,0.0033,0.9980,0.0198,0.0155,256,768,196608,393216,197002.0000,394004.0000,0.0000,0,0.0000,0.0000,0,0.0000,0,0.0000,0.0000,0,0.0000,0.0000,0,0,0,0,0,0,0,0,0,0,0,0,0,0,0,0,0,0,0,0,0,0,0,0,0
WG_METRICS 345,256,768,1.0235,0.0042,0.0032,0.9936,0.0069,0.0156,256,768,196608,393216,197866.4219,395732.8438,0.0000,0,0.0000,0.0000,0,0.0000,0,0.0000,0.0000,0,0.0000,0.0000,0,0,0,0,0,0,0,0,0,0,0,0,0,0,0,0,0,0,0,0,0,0,0,0,0
WG_METRICS 346,256,768,1.0349,0.0042,0.0033,0.9922,0.0198,0.0154,256,768,196608,393216,198153.5938,396307.1875,0.0000,0,0.0000,0.0000,0,0.0000,0,0.0000,0.0000,0,0.0000,0.0000,0,0,0,0,0,0,0,0,0,0,0,0,0,0,0,0,0,0,0,0,0,0,0,0,0
WG_METRICS 347,256,768,1.0177,0.0042,0.0032,0.9753,0.0196,0.0154,256,768,196608,393216,201583.0781,403166.1562,0.0000,0,0.0000,0.0000,0,0.0000,0,0.0000,0.0000,0,0.0000,0.0000,0,0,0,0,0,0,0,0,0,0,0,0,0,0,0,0,0,0,0,0,0,0,0,0,0
WG_METRICS 348,256,768,1.0411,0.0042,0.0033,0.9977,0.0199,0.0160,256,768,196608,393216,197065.1875,394130.3750,0.0000,0,0.0000,0.0000,0,0.0000,0,0.0000,0.0000,0,0.0000,0.0000,0,0,0,0,0,0,0,0,0,0,0,0,0,0,0,0,0,0,0,0,0,0,0,0,0
WG_METRICS 349,256,768,1.0277,0.0044,0.0032,0.9850,0.0197,0.0154,256,768,196608,393216,199602.0312,399204.0625,0.0000,0,0.0000,0.0000,0,0.0000,0,0.0000,0.0000,0,0.0000,0.0000,0,0,0,0,0,0,0,0,0,0,0,0,0,0,0,0,0,0,0,0,0,0,0,0,0
WG_METRICS 350,256,768,1.0138,0.0042,0.0032,0.9840,0.0069,0.0154,256,768,196608,393216,199796.7500,399593.5000,0.0000,0,0.0000,0.0000,0,0.0000,0,0.0000,0.0000,0,0.0000,0.0000,0,0,0,0,0,0,0,0,0,0,0,0,0,0,0,0,0,0,0,0,0,0,0,0,0
WG_METRICS 351,256,768,1.0210,0.0042,0.0033,0.9869,0.0111,0.0155,256,768,196608,393216,199221.7812,398443.5625,0.0000,0,0.0000,0.0000,0,0.0000,0,0.0000,0.0000,0,0.0000,0.0000,0,0,0,0,0,0,0,0,0,0,0,0,0,0,0,0,0,0,0,0,0,0,0,0,0
WG_METRICS 352,256,768,1.0343,0.0042,0.0033,0.9913,0.0197,0.0158,256,768,196608,393216,198329.5000,396659.0000,0.0000,0,0.0000,0.0000,0,0.0000,0,0.0000,0.0000,0,0.0000,0.0000,0,0,0,0,0,0,0,0,0,0,0,0,0,0,0,0,0,0,0,0,0,0,0,0,0
WG_METRICS 353,256,768,1.0232,0.0042,0.0033,0.9893,0.0112,0.0153,256,768,196608,393216,198738.4844,397476.9688,0.0000,0,0.0000,0.0000,0,0.0000,0,0.0000,0.0000,0,0.0000,0.0000,0,0,0,0,0,0,0,0,0,0,0,0,0,0,0,0,0,0,0,0,0,0,0,0,0
WG_METRICS 354,256,768,1.0134,0.0042,0.0032,0.9793,0.0113,0.0154,256,768,196608,393216,200767.9062,401535.8125,0.0000,0,0.0000,0.0000,0,0.0000,0,0.0000,0.0000,0,0.0000,0.0000,0,0,0,0,0,0,0,0,0,0,0,0,0,0,0,0,0,0,0,0,0,0,0,0,0
WG_METRICS 355,256,768,1.0376,0.0042,0.0032,0.9949,0.0199,0.0154,256,768,196608,393216,197611.8594,395223.7188,0.0000,0,0.0000,0.0000,0,0.0000,0,0.0000,0.0000,0,0.0000,0.0000,0,0,0,0,0,0,0,0,0,0,0,0,0,0,0,0,0,0,0,0,0,0,0,0,0
WG_METRICS 356,256,768,1.0246,0.0042,0.0032,0.9823,0.0196,0.0153,256,768,196608,393216,200146.5938,400293.1875,0.0000,0,0.0000,0.0000,0,0.0000,0,0.0000,0.0000,0,0.0000,0.0000,0,0,0,0,0,0,0,0,0,0,0,0,0,0,0,0,0,0,0,0,0,0,0,0,0
WG_METRICS 357,256,768,1.0298,0.0042,0.0033,0.9874,0.0197,0.0153,256,768,196608,393216,199116.8750,398233.7500,0.0000,0,0.0000,0.0000,0,0.0000,0,0.0000,0.0000,0,0.0000,0.0000,0,0,0,0,0,0,0,0,0,0,0,0,0,0,0,0,0,0,0,0,0,0,0,0,0
WG_METRICS 358,256,768,1.0230,0.0042,0.0033,0.9891,0.0110,0.0154,256,768,196608,393216,198778.6562,397557.3125,0.0000,0,0.0000,0.0000,0,0.0000,0,0.0000,0.0000,0,0.0000,0.0000,0,0,0,0,0,0,0,0,0,0,0,0,0,0,0,0,0,0,0,0,0,0,0,0,0
WG_METRICS 359,256,768,1.0251,0.0042,0.0033,0.9822,0.0198,0.0156,256,768,196608,393216,200171.0469,400342.0938,0.0000,0,0.0000,0.0000,0,0.0000,0,0.0000,0.0000,0,0.0000,0.0000,0,0,0,0,0,0,0,0,0,0,0,0,0,0,0,0,0,0,0,0,0,0,0,0,0
WG_METRICS 360,256,768,1.0247,0.0041,0.0033,0.9818,0.0197,0.0158,256,768,196608,393216,200260.7500,400521.5000,0.0000,0,0.0000,0.0000,0,0.0000,0,0.0000,0.0000,0,0.0000,0.0000,0,0,0,0,0,0,0,0,0,0,0,0,0,0,0,0,0,0,0,0,0,0,0,0,0
WG_METRICS 361,256,768,1.0382,0.0042,0.0033,0.9957,0.0198,0.0153,256,768,196608,393216,197461.0312,394922.0625,0.0000,0,0.0000,0.0000,0,0.0000,0,0.0000,0.0000,0,0.0000,0.0000,0,0,0,0,0,0,0,0,0,0,0,0,0,0,0,0,0,0,0,0,0,0,0,0,0
WG_METRICS 362,256,768,1.0187,0.0042,0.0033,0.9760,0.0198,0.0155,256,768,196608,393216,201450.8750,402901.7500,0.0000,0,0.0000,0.0000,0,0.0000,0,0.0000,0.0000,0,0.0000,0.0000,0,0,0,0,0,0,0,0,0,0,0,0,0,0,0,0,0,0,0,0,0,0,0,0,0
WG_METRICS 363,256,768,1.0480,0.0041,0.0033,1.0051,0.0199,0.0156,256,768,196608,393216,195614.2812,391228.5625,0.0000,0,0.0000,0.0000,0,0.0000,0,0.0000,0.0000,0,0.0000,0.0000,0,0,0,0,0,0,0,0,0,0,0,0,0,0,0,0,0,0,0,0,0,0,0,0,0
WG_METRICS 364,256,768,1.0378,0.0042,0.0033,0.9942,0.0200,0.0162,256,768,196608,393216,197762.9375,395525.8750,0.0000,0,0.0000,0.0000,0,0.0000,0,0.0000,0.0000,0,0.0000,0.0000,0,0,0,0,0,0,0,0,0,0,0,0,0,0,0,0,0,0,0,0,0,0,0,0,0
WG_METRICS 365,256,768,1.0252,0.0042,0.0033,0.9825,0.0199,0.0154,256,768,196608,393216,200114.0000,400228.0000,0.0000,0,0.0000,0.0000,0,0.0000,0,0.0000,0.0000,0,0.0000,0.0000,0,0,0,0,0,0,0,0,0,0,0,0,0,0,0,0,0,0,0,0,0,0,0,0,0
WG_METRICS 366,256,768,1.0221,0.0042,0.0033,0.9796,0.0197,0.0153,256,768,196608,393216,200702.3281,401404.6562,0.0000,0,0.0000,0.0000,0,0.0000,0,0.0000,0.0000,0,0.0000,0.0000,0,0,0,0,0,0,0,0,0,0,0,0,0,0,0,0,0,0,0,0,0,0,0,0,0
WG_METRICS 367,256,768,1.0477,0.0042,0.0032,1.0053,0.0197,0.0153,256,768,196608,393216,195575.3594,391150.7188,0.0000,0,0.0000,0.0000,0,0.0000,0,0.0000,0.0000,0,0.0000,0.0000,0,0,0,0,0,0,0,0,0,0,0,0,0,0,0,0,0,0,0,0,0,0,0,0,0
WG_METRICS 368,256,768,1.0344,0.0042,0.0033,0.9910,0.0200,0.0158,256,768,196608,393216,198385.5312,396771.0625,0.0000,0,0.0000,0.0000,0,0.0000,0,0.0000,0.0000,0,0.0000,0.0000,0,0,0,0,0,0,0,0,0,0,0,0,0,0,0,0,0,0,0,0,0,0,0,0,0
WG_METRICS 369,256,768,1.0688,0.0044,0.0033,1.0257,0.0199,0.0156,256,768,196608,393216,191685.5312,383371.0625,0.0000,0,0.0000,0.0000,0,0.0000,0,0.0000,0.0000,0,0.0000,0.0000,0,0,0,0,0,0,0,0,0,0,0,0,0,0,0,0,0,0,0,0,0,0,0,0,0
WG_METRICS 370,256,768,1.0224,0.0042,0.0033,0.9797,0.0199,0.0154,256,768,196608,393216,200685.9375,401371.8750,0.0000,0,0.0000,0.0000,0,0.0000,0,0.0000,0.0000,0,0.0000,0.0000,0,0,0,0,0,0,0,0,0,0,0,0,0,0,0,0,0,0,0,0,0,0,0,0,0
WG_METRICS 371,256,768,1.0429,0.0042,0.0102,0.9933,0.0198,0.0155,256,768,196608,393216,197938.1406,395876.2812,0.0000,0,0.0000,0.0000,0,0.0000,0,0.0000,0.0000,0,0.0000,0.0000,0,0,0,0,0,0,0,0,0,0,0,0,0,0,0,0,0,0,0,0,0,0,0,0,0
WG_METRICS 372,256,768,1.0193,0.0043,0.0033,0.9766,0.0197,0.0154,256,768,196608,393216,201318.8594,402637.7188,0.0000,0,0.0000,0.0000,0,0.0000,0,0.0000,0.0000,0,0.0000,0.0000,0,0,0,0,0,0,0,0,0,0,0,0,0,0,0,0,0,0,0,0,0,0,0,0,0
WG_METRICS 373,256,768,1.0222,0.0042,0.0032,0.9881,0.0111,0.0157,256,768,196608,393216,198979.8281,397959.6562,0.0000,0,0.0000,0.0000,0,0.0000,0,0.0000,0.0000,0,0.0000,0.0000,0,0,0,0,0,0,0,0,0,0,0,0,0,0,0,0,0,0,0,0,0,0,0,0,0
WG_METRICS 374,256,768,1.0295,0.0042,0.0033,0.9860,0.0198,0.0162,256,768,196608,393216,199391.5000,398783.0000,0.0000,0,0.0000,0.0000,0,0.0000,0,0.0000,0.0000,0,0.0000,0.0000,0,0,0,0,0,0,0,0,0,0,0,0,0,0,0,0,0,0,0,0,0,0,0,0,0
WG_METRICS 375,256,768,1.0176,0.0042,0.0032,0.9750,0.0198,0.0154,256,768,196608,393216,201649.2188,403298.4375,0.0000,0,0.0000,0.0000,0,0.0000,0,0.0000,0.0000,0,0.0000,0.0000,0,0,0,0,0,0,0,0,0,0,0,0,0,0,0,0,0,0,0,0,0,0,0,0,0
WG_METRICS 376,256,768,1.0268,0.0042,0.0033,0.9841,0.0198,0.0156,256,768,196608,393216,199788.6250,399577.2500,0.0000,0,0.0000,0.0000,0,0.0000,0,0.0000,0.0000,0,0.0000,0.0000,0,0,0,0,0,0,0,0,0,0,0,0,0,0,0,0,0,0,0,0,0,0,0,0,0
WG_METRICS 377,256,768,1.0198,0.0042,0.0032,0.9764,0.0196,0.0165,256,768,196608,393216,201368.3438,402736.6875,0.0000,0,0.0000,0.0000,0,0.0000,0,0.0000,0.0000,0,0.0000,0.0000,0,0,0,0,0,0,0,0,0,0,0,0,0,0,0,0,0,0,0,0,0,0,0,0,0
WG_METRICS 378,256,768,1.0265,0.0043,0.0032,0.9926,0.0111,0.0153,256,768,196608,393216,198081.7188,396163.4375,0.0000,0,0.0000,0.0000,0,0.0000,0,0.0000,0.0000,0,0.0000,0.0000,0,0,0,0,0,0,0,0,0,0,0,0,0,0,0,0,0,0,0,0,0,0,0,0,0
WG_METRICS 379,256,768,1.0488,0.0042,0.0033,1.0145,0.0113,0.0156,256,768,196608,393216,193801.7500,387603.5000,0.0000,0,0.0000,0.0000,0,0.0000,0,0.0000,0.0000,0,0.0000,0.0000,0,0,0,0,0,0,0,0,0,0,0,0,0,0,0,0,0,0,0,0,0,0,0,0,0
WG_METRICS 380,256,768,1.0360,0.0042,0.0033,0.9933,0.0199,0.0154,256,768,196608,393216,197938.1406,395876.2812,0.0000,0,0.0000,0.0000,0,0.0000,0,0.0000,0.0000,0,0.0000,0.0000,0,0,0,0,0,0,0,0,0,0,0,0,0,0,0,0,0,0,0,0,0,0,0,0,0
WG_METRICS 381,256,768,1.0517,0.0042,0.0033,1.0179,0.0110,0.0154,256,768,196608,393216,193154.4062,386308.8125,0.0000,0,0.0000,0.0000,0,0.0000,0,0.0000,0.0000,0,0.0000,0.0000,0,0,0,0,0,0,0,0,0,0,0,0,0,0,0,0,0,0,0,0,0,0,0,0,0
WG_METRICS 382,256,768,1.0278,0.0042,0.0032,0.9841,0.0200,0.0163,256,768,196608,393216,199780.5156,399561.0312,0.0000,0,0.0000,0.0000,0,0.0000,0,0.0000,0.0000,0,0.0000,0.0000,0,0,0,0,0,0,0,0,0,0,0,0,0,0,0,0,0,0,0,0,0,0,0,0,0
WG_METRICS 383,256,768,1.0287,0.0042,0.0033,0.9857,0.0197,0.0158,256,768,196608,393216,199456.2344,398912.4688,0.0000,0,0.0000,0.0000,0,0.0000,0,0.0000,0.0000,0,0.0000,0.0000,0,0,0,0,0,0,0,0,0,0,0,0,0,0,0,0,0,0,0,0,0,0,0,0,0
WG_METRICS 384,256,768,1.0376,0.0042,0.0033,0.9952,0.0197,0.0153,256,768,196608,393216,197556.2812,395112.5625,0.0000,0,0.0000,0.0000,0,0.0000,0,0.0000,0.0000,0,0.0000,0.0000,0,0,0,0,0,0,0,0,0,0,0,0,0,0,0,0,0,0,0,0,0,0,0,0,0
WG_METRICS 385,256,768,1.0385,0.0042,0.0032,0.9959,0.0198,0.0153,256,768,196608,393216,197421.3750,394842.7500,0.0000,0,0.0000,0.0000,0,0.0000,0,0.0000,0.0000,0,0.0000,0.0000,0,0,0,0,0,0,0,0,0,0,0,0,0,0,0,0,0,0,0,0,0,0,0,0,0
WG_METRICS 386,256,768,1.0301,0.0042,0.0032,0.9867,0.0198,0.0162,256,768,196608,393216,199254.0938,398508.1875,0.0000,0,0.0000,0.0000,0,0.0000,0,0.0000,0.0000,0,0.0000,0.0000,0,0,0,0,0,0,0,0,0,0,0,0,0,0,0,0,0,0,0,0,0,0,0,0,0
WG_METRICS 387,256,768,1.0251,0.0042,0.0033,0.9824,0.0198,0.0155,256,768,196608,393216,200138.4375,400276.8750,0.0000,0,0.0000,0.0000,0,0.0000,0,0.0000,0.0000,0,0.0000,0.0000,0,0,0,0,0,0,0,0,0,0,0,0,0,0,0,0,0,0,0,0,0,0,0,0,0
WG_METRICS 388,256,768,1.0134,0.0042,0.0033,0.9784,0.0111,0.0165,256,768,196608,393216,200956.7031,401913.4062,0.0000,0,0.0000,0.0000,0,0.0000,0,0.0000,0.0000,0,0.0000,0.0000,0,0,0,0,0,0,0,0,0,0,0,0,0,0,0,0,0,0,0,0,0,0,0,0,0
WG_METRICS 389,256,768,1.0454,0.0042,0.0032,1.0028,0.0197,0.0155,256,768,196608,393216,196051.2031,392102.4062,0.0000,0,0.0000,0.0000,0,0.0000,0,0.0000,0.0000,0,0.0000,0.0000,0,0,0,0,0,0,0,0,0,0,0,0,0,0,0,0,0,0,0,0,0,0,0,0,0
WG_METRICS 390,256,768,1.0071,0.0041,0.0033,0.9777,0.0068,0.0152,256,768,196608,393216,201096.4688,402192.9375,0.0000,0,0.0000,0.0000,0,0.0000,0,0.0000,0.0000,0,0.0000,0.0000,0,0,0,0,0,0,0,0,0,0,0,0,0,0,0,0,0,0,0,0,0,0,0,0,0
WG_METRICS 391,256,768,1.0214,0.0042,0.0033,0.9920,0.0066,0.0153,256,768,196608,393216,198193.5469,396387.0938,0.0000,0,0.0000,0.0000,0,0.0000,0,0.0000,0.0000,0,0.0000,0.0000,0,0,0,0,0,0,0,0,0,0,0,0,0,0,0,0,0,0,0,0,0,0,0,0,0
WG_METRICS 392,256,768,1.0390,0.0042,0.0033,0.9965,0.0198,0.0154,256,768,196608,393216,197302.5000,394605.0000,0.0000,0,0.0000,0.0000,0,0.0000,0,0.0000,0.0000,0,0.0000,0.0000,0,0,0,0,0,0,0,0,0,0,0,0,0,0,0,0,0,0,0,0,0,0,0,0,0
WG_METRICS 393,256,768,1.0283,0.0041,0.0033,0.9940,0.0110,0.0159,256,768,196608,393216,197802.7188,395605.4375,0.0000,0,0.0000,0.0000,0,0.0000,0,0.0000,0.0000,0,0.0000,0.0000,0,0,0,0,0,0,0,0,0,0,0,0,0,0,0,0,0,0,0,0,0,0,0,0,0
WG_METRICS 394,256,768,1.0307,0.0042,0.0033,0.9964,0.0113,0.0156,256,768,196608,393216,197326.2656,394652.5312,0.0000,0,0.0000,0.0000,0,0.0000,0,0.0000,0.0000,0,0.0000,0.0000,0,0,0,0,0,0,0,0,0,0,0,0,0,0,0,0,0,0,0,0,0,0,0,0,0
WG_METRICS 395,256,768,1.0250,0.0041,0.0033,0.9906,0.0110,0.0159,256,768,196608,393216,198473.6562,396947.3125,0.0000,0,0.0000,0.0000,0,0.0000,0,0.0000,0.0000,0,0.0000,0.0000,0,0,0,0,0,0,0,0,0,0,0,0,0,0,0,0,0,0,0,0,0,0,0,0,0
WG_METRICS 396,256,768,1.0228,0.0042,0.0032,0.9799,0.0198,0.0157,256,768,196608,393216,200636.7812,401273.5625,0.0000,0,0.0000,0.0000,0,0.0000,0,0.0000,0.0000,0,0.0000,0.0000,0,0,0,0,0,0,0,0,0,0,0,0,0,0,0,0,0,0,0,0,0,0,0,0,0
WG_METRICS 397,256,768,1.0226,0.0042,0.0033,0.9797,0.0201,0.0153,256,768,196608,393216,200677.7500,401355.5000,0.0000,0,0.0000,0.0000,0,0.0000,0,0.0000,0.0000,0,0.0000,0.0000,0,0,0,0,0,0,0,0,0,0,0,0,0,0,0,0,0,0,0,0,0,0,0,0,0
WG_METRICS 398,256,768,1.0362,0.0042,0.0033,0.9934,0.0197,0.0158,256,768,196608,393216,197922.2031,395844.4062,0.0000,0,0.0000,0.0000,0,0.0000,0,0.0000,0.0000,0,0.0000,0.0000,0,0,0,0,0,0,0,0,0,0,0,0,0,0,0,0,0,0,0,0,0,0,0,0,0
WG_METRICS 399,256,768,1.0258,0.0042,0.0032,0.9821,0.0200,0.0163,256,768,196608,393216,200187.3594,400374.7188,0.0000,0,0.0000,0.0000,0,0.0000,0,0.0000,0.0000,0,0.0000,0.0000,0,0,0,0,0,0,0,0,0,0,0,0,0,0,0,0,0,0,0,0,0,0,0,0,0
WG_METRICS 400,256,768,1.0224,0.0042,0.0033,0.9879,0.0112,0.0159,256,768,196608,393216,199020.1250,398040.2500,0.0000,0,0.0000,0.0000,0,0.0000,0,0.0000,0.0000,0,0.0000,0.0000,0,0,0,0,0,0,0,0,0,0,0,0,0,0,0,0,0,0,0,0,0,0,0,0,0
WG_METRICS 401,256,768,1.0317,0.0042,0.0032,0.9892,0.0196,0.0154,256,768,196608,393216,198746.5156,397493.0312,0.0000,0,0.0000,0.0000,0,0.0000,0,0.0000,0.0000,0,0.0000,0.0000,0,0,0,0,0,0,0,0,0,0,0,0,0,0,0,0,0,0,0,0,0,0,0,0,0
WG_METRICS 402,256,768,1.0241,0.0041,0.0033,0.9900,0.0110,0.0156,256,768,196608,393216,198585.9219,397171.8438,0.0000,0,0.0000,0.0000,0,0.0000,0,0.0000,0.0000,0,0.0000,0.0000,0,0,0,0,0,0,0,0,0,0,0,0,0,0,0,0,0,0,0,0,0,0,0,0,0
WG_METRICS 403,256,768,1.0344,0.0042,0.0033,0.9913,0.0198,0.0158,256,768,196608,393216,198329.5000,396659.0000,0.0000,0,0.0000,0.0000,0,0.0000,0,0.0000,0.0000,0,0.0000,0.0000,0,0,0,0,0,0,0,0,0,0,0,0,0,0,0,0,0,0,0,0,0,0,0,0,0
WG_METRICS 404,256,768,1.0568,0.0042,0.0033,1.0140,0.0200,0.0154,256,768,196608,393216,193885.8438,387771.6875,0.0000,0,0.0000,0.0000,0,0.0000,0,0.0000,0.0000,0,0.0000,0.0000,0,0,0,0,0,0,0,0,0,0,0,0,0,0,0,0,0,0,0,0,0,0,0,0,0
WG_METRICS 405,256,768,1.0489,0.0041,0.0033,1.0066,0.0196,0.0152,256,768,196608,393216,195311.1406,390622.2812,0.0000,0,0.0000,0.0000,0,0.0000,0,0.0000,0.0000,0,0.0000,0.0000,0,0,0,0,0,0,0,0,0,0,0,0,0,0,0,0,0,0,0,0,0,0,0,0,0
WG_METRICS 406,256,768,1.0331,0.0042,0.0032,0.9903,0.0198,0.0157,256,768,196608,393216,198537.7969,397075.5938,0.0000,0,0.0000,0.0000,0,0.0000,0,0.0000,0.0000,0,0.0000,0.0000,0,0,0,0,0,0,0,0,0,0,0,0,0,0,0,0,0,0,0,0,0,0,0,0,0
WG_METRICS 407,256,768,1.0304,0.0043,0.0033,0.9872,0.0198,0.0158,256,768,196608,393216,199149.1406,398298.2812,0.0000,0,0.0000,0.0000,0,0.0000,0,0.0000,0.0000,0,0.0000,0.0000,0,0,0,0,0,0,0,0,0,0,0,0,0,0,0,0,0,0,0,0,0,0,0,0,0
WG_METRICS 408,256,768,1.0384,0.0041,0.0033,1.0041,0.0113,0.0156,256,768,196608,393216,195801.2969,391602.5938,0.0000,0,0.0000,0.0000,0,0.0000,0,0.0000,0.0000,0,0.0000,0.0000,0,0,0,0,0,0,0,0,0,0,0,0,0,0,0,0,0,0,0,0,0,0,0,0,0
WG_METRICS 409,256,768,1.0237,0.0045,0.0033,0.9894,0.0111,0.0154,256,768,196608,393216,198706.3281,397412.6562,0.0000,0,0.0000,0.0000,0,0.0000,0,0.0000,0.0000,0,0.0000,0.0000,0,0,0,0,0,0,0,0,0,0,0,0,0,0,0,0,0,0,0,0,0,0,0,0,0
WG_METRICS 410,256,768,1.0405,0.0041,0.0033,0.9978,0.0197,0.0156,256,768,196608,393216,197033.5938,394067.1875,0.0000,0,0.0000,0.0000,0,0.0000,0,0.0000,0.0000,0,0.0000,0.0000,0,0,0,0,0,0,0,0,0,0,0,0,0,0,0,0,0,0,0,0,0,0,0,0,0
WG_METRICS 411,256,768,1.0191,0.0042,0.0032,0.9763,0.0197,0.0157,256,768,196608,393216,201376.5938,402753.1875,0.0000,0,0.0000,0.0000,0,0.0000,0,0.0000,0.0000,0,0.0000,0.0000,0,0,0,0,0,0,0,0,0,0,0,0,0,0,0,0,0,0,0,0,0,0,0,0,0
WG_METRICS 412,256,768,1.0142,0.0042,0.0033,0.9799,0.0112,0.0156,256,768,196608,393216,200644.9844,401289.9688,0.0000,0,0.0000,0.0000,0,0.0000,0,0.0000,0.0000,0,0.0000,0.0000,0,0,0,0,0,0,0,0,0,0,0,0,0,0,0,0,0,0,0,0,0,0,0,0,0
WG_METRICS 413,256,768,1.0356,0.0042,0.0033,0.9931,0.0197,0.0154,256,768,196608,393216,197978.0000,395956.0000,0.0000,0,0.0000,0.0000,0,0.0000,0,0.0000,0.0000,0,0.0000,0.0000,0,0,0,0,0,0,0,0,0,0,0,0,0,0,0,0,0,0,0,0,0,0,0,0,0
WG_METRICS 414,256,768,1.0211,0.0042,0.0032,0.9872,0.0110,0.0155,256,768,196608,393216,199157.2031,398314.4062,0.0000,0,0.0000,0.0000,0,0.0000,0,0.0000,0.0000,0,0.0000,0.0000,0,0,0,0,0,0,0,0,0,0,0,0,0,0,0,0,0,0,0,0,0,0,0,0,0
WG_METRICS 415,256,768,1.0493,0.0042,0.0033,1.0060,0.0198,0.0160,256,768,196608,393216,195427.6250,390855.2500,0.0000,0,0.0000,0.0000,0,0.0000,0,0.0000,0.0000,0,0.0000,0.0000,0,0,0,0,0,0,0,0,0,0,0,0,0,0,0,0,0,0,0,0,0,0,0,0,0
WG_METRICS 416,256,768,1.0184,0.0042,0.0032,0.9759,0.0198,0.0153,256,768,196608,393216,201467.3906,402934.7812,0.0000,0,0.0000,0.0000,0,0.0000,0,0.0000,0.0000,0,0.0000,0.0000,0,0,0,0,0,0,0,0,0,0,0,0,0,0,0,0,0,0,0,0,0,0,0,0,0
WG_METRICS 417,256,768,1.0231,0.0042,0.0033,0.9889,0.0112,0.0156,256,768,196608,393216,198818.8750,397637.7500,0.0000,0,0.0000,0.0000,0,0.0000,0,0.0000,0.0000,0,0.0000,0.0000,0,0,0,0,0,0,0,0,0,0,0,0,0,0,0,0,0,0,0,0,0,0,0,0,0
WG_METRICS 418,256,768,1.0246,0.0042,0.0032,0.9813,0.0199,0.0160,256,768,196608,393216,200350.5469,400701.0938,0.0000,0,0.0000,0.0000,0,0.0000,0,0.0000,0.0000,0,0.0000,0.0000,0,0,0,0,0,0,0,0,0,0,0,0,0,0,0,0,0,0,0,0,0,0,0,0,0
WG_METRICS 419,256,768,1.0243,0.0042,0.0032,0.9818,0.0197,0.0153,256,768,196608,393216,200244.4375,400488.8750,0.0000,0,0.0000,0.0000,0,0.0000,0,0.0000,0.0000,0,0.0000,0.0000,0,0,0,0,0,0,0,0,0,0,0,0,0,0,0,0,0,0,0,0,0,0,0,0,0
WG_METRICS 420,256,768,1.0314,0.0043,0.0032,0.9886,0.0196,0.0157,256,768,196608,393216,198883.2188,397766.4375,0.0000,0,0.0000,0.0000,0,0.0000,0,0.0000,0.0000,0,0.0000,0.0000,0,0,0,0,0,0,0,0,0,0,0,0,0,0,0,0,0,0,0,0,0,0,0,0,0
WG_METRICS 421,256,768,1.0286,0.0042,0.0033,0.9853,0.0198,0.0160,256,768,196608,393216,199537.2188,399074.4375,0.0000,0,0.0000,0.0000,0,0.0000,0,0.0000,0.0000,0,0.0000,0.0000,0,0,0,0,0,0,0,0,0,0,0,0,0,0,0,0,0,0,0,0,0,0,0,0,0
WG_METRICS 422,256,768,1.0432,0.0042,0.0032,1.0008,0.0198,0.0153,256,768,196608,393216,196458.7031,392917.4062,0.0000,0,0.0000,0.0000,0,0.0000,0,0.0000,0.0000,0,0.0000,0.0000,0,0,0,0,0,0,0,0,0,0,0,0,0,0,0,0,0,0,0,0,0,0,0,0,0
WG_METRICS 423,256,768,1.0370,0.0042,0.0033,0.9941,0.0199,0.0156,256,768,196608,393216,197778.8438,395557.6875,0.0000,0,0.0000,0.0000,0,0.0000,0,0.0000,0.0000,0,0.0000,0.0000,0,0,0,0,0,0,0,0,0,0,0,0,0,0,0,0,0,0,0,0,0,0,0,0,0
WG_METRICS 424,256,768,1.0314,0.0042,0.0033,1.0006,0.0068,0.0166,256,768,196608,393216,196497.9531,392995.9062,0.0000,0,0.0000,0.0000,0,0.0000,0,0.0000,0.0000,0,0.0000,0.0000,0,0,0,0,0,0,0,0,0,0,0,0,0,0,0,0,0,0,0,0,0,0,0,0,0
WG_METRICS 425,256,768,1.0422,0.0042,0.0033,0.9990,0.0197,0.0162,256,768,196608,393216,196812.6875,393625.3750,0.0000,0,0.0000,0.0000,0,0.0000,0,0.0000,0.0000,0,0.0000,0.0000,0,0,0,0,0,0,0,0,0,0,0,0,0,0,0,0,0,0,0,0,0,0,0,0,0
WG_METRICS 426,256,768,1.0172,0.0042,0.0033,0.9828,0.0113,0.0156,256,768,196608,393216,200040.7031,400081.4062,0.0000,0,0.0000,0.0000,0,0.0000,0,0.0000,0.0000,0,0.0000,0.0000,0,0,0,0,0,0,0,0,0,0,0,0,0,0,0,0,0,0,0,0,0,0,0,0,0
WG_METRICS 427,256,768,1.0708,0.0042,0.0033,1.0283,0.0197,0.0153,256,768,196608,393216,191200.8438,382401.6875,0.0000,0,0.0000,0.0000,0,0.0000,0,0.0000,0.0000,0,0.0000,0.0000,0,0,0,0,0,0,0,0,0,0,0,0,0,0,0,0,0,0,0,0,0,0,0,0,0
WG_METRICS 428,256,768,1.0369,0.0043,0.0033,0.9936,0.0197,0.0160,256,768,196608,393216,197866.4219,395732.8438,0.0000,0,0.0000,0.0000,0,0.0000,0,0.0000,0.0000,0,0.0000,0.0000,0,0,0,0,0,0,0,0,0,0,0,0,0,0,0,0,0,0,0,0,0,0,0,0,0
WG_METRICS 429,256,768,1.0234,0.0042,0.0032,0.9895,0.0110,0.0154,256,768,196608,393216,198690.2656,397380.5312,0.0000,0,0.0000,0.0000,0,0.0000,0,0.0000,0.0000,0,0.0000,0.0000,0,0,0,0,0,0,0,0,0,0,0,0,0,0,0,0,0,0,0,0,0,0,0,0,0
WG_METRICS 430,256,768,1.0102,0.0042,0.0033,0.9801,0.0069,0.0158,256,768,196608,393216,200595.8438,401191.6875,0.0000,0,0.0000,0.0000,0,0.0000,0,0.0000,0.0000,0,0.0000,0.0000,0,0,0,0,0,0,0,0,0,0,0,0,0,0,0,0,0,0,0,0,0,0,0,0,0
WG_METRICS 431,256,768,1.0262,0.0042,0.0033,0.9834,0.0198,0.0156,256,768,196608,393216,199926.7812,399853.5625,0.0000,0,0.0000,0.0000,0,0.0000,0,0.0000,0.0000,0,0.0000,0.0000,0,0,0,0,0,0,0,0,0,0,0,0,0,0,0,0,0,0,0,0,0,0,0,0,0
WG_METRICS 432,256,768,1.0485,0.0043,0.0032,1.0058,0.0197,0.0154,256,768,196608,393216,195466.4844,390932.9688,0.0000,0,0.0000,0.0000,0,0.0000,0,0.0000,0.0000,0,0.0000,0.0000,0,0,0,0,0,0,0,0,0,0,0,0,0,0,0,0,0,0,0,0,0,0,0,0,0
WG_METRICS 433,256,768,1.0325,0.0041,0.0033,0.9983,0.0110,0.0159,256,768,196608,393216,196946.7500,393893.5000,0.0000,0,0.0000,0.0000,0,0.0000,0,0.0000,0.0000,0,0.0000,0.0000,0,0,0,0,0,0,0,0,0,0,0,0,0,0,0,0,0,0,0,0,0,0,0,0,0
WG_METRICS 434,256,768,1.0330,0.0042,0.0032,0.9902,0.0196,0.0159,256,768,196608,393216,198553.8281,397107.6562,0.0000,0,0.0000,0.0000,0,0.0000,0,0.0000,0.0000,0,0.0000,0.0000,0,0,0,0,0,0,0,0,0,0,0,0,0,0,0,0,0,0,0,0,0,0,0,0,0
WG_METRICS 435,256,768,1.0296,0.0042,0.0033,0.9868,0.0197,0.0156,256,768,196608,393216,199229.8594,398459.7188,0.0000,0,0.0000,0.0000,0,0.0000,0,0.0000,0.0000,0,0.0000,0.0000,0,0,0,0,0,0,0,0,0,0,0,0,0,0,0,0,0,0,0,0,0,0,0,0,0
WG_METRICS 436,256,768,1.0562,0.0041,0.0033,1.0134,0.0198,0.0156,256,768,196608,393216,194015.9375,388031.8750,0.0000,0,0.0000,0.0000,0,0.0000,0,0.0000,0.0000,0,0.0000,0.0000,0,0,0,0,0,0,0,0,0,0,0,0,0,0,0,0,0,0,0,0,0,0,0,0,0
WG_METRICS 437,256,768,1.0481,0.0042,0.0033,1.0053,0.0198,0.0156,256,768,196608,393216,195567.5938,391135.1875,0.0000,0,0.0000,0.0000,0,0.0000,0,0.0000,0.0000,0,0.0000,0.0000,0,0,0,0,0,0,0,0,0,0,0,0,0,0,0,0,0,0,0,0,0,0,0,0,0
WG_METRICS 438,256,768,1.0368,0.0042,0.0033,0.9941,0.0198,0.0154,256,768,196608,393216,197770.8906,395541.7812,0.0000,0,0.0000,0.0000,0,0.0000,0,0.0000,0.0000,0,0.0000,0.0000,0,0,0,0,0,0,0,0,0,0,0,0,0,0,0,0,0,0,0,0,0,0,0,0,0
WG_METRICS 439,256,768,1.0161,0.0041,0.0033,0.9823,0.0111,0.0153,256,768,196608,393216,200146.5938,400293.1875,0.0000,0,0.0000,0.0000,0,0.0000,0,0.0000,0.0000,0,0.0000,0.0000,0,0,0,0,0,0,0,0,0,0,0,0,0,0,0,0,0,0,0,0,0,0,0,0,0
WG_METRICS 440,256,768,1.0207,0.0042,0.0033,0.9908,0.0068,0.0156,256,768,196608,393216,198425.5781,396851.1562,0.0000,0,0.0000,0.0000,0,0.0000,0,0.0000,0.0000,0,0.0000,0.0000,0,0,0,0,0,0,0,0,0,0,0,0,0,0,0,0,0,0,0,0,0,0,0,0,0
WG_METRICS 441,256,768,1.0602,0.0042,0.0032,1.0176,0.0198,0.0154,256,768,196608,393216,193215.1406,386430.2812,0.0000,0,0.0000,0.0000,0,0.0000,0,0.0000,0.0000,0,0.0000,0.0000,0,0,0,0,0,0,0,0,0,0,0,0,0,0,0,0,0,0,0,0,0,0,0,0,0
WG_METRICS 442,256,768,1.0207,0.0042,0.0032,0.9782,0.0197,0.0154,256,768,196608,393216,200989.5625,401979.1250,0.0000,0,0.0000,0.0000,0,0.0000,0,0.0000,0.0000,0,0.0000,0.0000,0,0,0,0,0,0,0,0,0,0,0,0,0,0,0,0,0,0,0,0,0,0,0,0,0
WG_METRICS 443,256,768,1.0286,0.0042,0.0032,0.9858,0.0198,0.0156,256,768,196608,393216,199448.1406,398896.2812,0.0000,0,0.0000,0.0000,0,0.0000,0,0.0000,0.0000,0,0.0000,0.0000,0,0,0,0,0,0,0,0,0,0,0,0,0,0,0,0,0,0,0,0,0,0,0,0,0
WG_METRICS 444,256,768,1.0599,0.0044,0.0033,0.9962,0.0404,0.0155,256,768,196608,393216,197350.0312,394700.0625,0.0000,0,0.0000,0.0000,0,0.0000,0,0.0000,0.0000,0,0.0000,0.0000,0,0,0,0,0,0,0,0,0,0,0,0,0,0,0,0,0,0,0,0,0,0,0,0,0
WG_METRICS 445,256,768,1.0340,0.0042,0.0032,0.9902,0.0198,0.0166,256,768,196608,393216,198553.8281,397107.6562,0.0000,0,0.0000,0.0000,0,0.0000,0,0.0000,0.0000,0,0.0000,0.0000,0,0,0,0,0,0,0,0,0,0,0,0,0,0,0,0,0,0,0,0,0,0,0,0,0
WG_METRICS 446,256,768,1.0199,0.0042,0.0032,0.9860,0.0110,0.0155,256,768,196608,393216,199399.5938,398799.1875,0.0000,0,0.0000,0.0000,0,0.0000,0,0.0000,0.0000,0,0.0000,0.0000,0,0,0,0,0,0,0,0,0,0,0,0,0,0,0,0,0,0,0,0,0,0,0,0,0
WG_METRICS 447,256,768,1.0311,0.0042,0.0032,0.9966,0.0111,0.0159,256,768,196608,393216,197270.8281,394541.6562,0.0000,0,0.0000,0.0000,0,0.0000,0,0.0000,0.0000,0,0.0000,0.0000,0,0,0,0,0,0,0,0,0,0,0,0,0,0,0,0,0,0,0,0,0,0,0,0,0
WG_METRICS 448,256,768,1.0218,0.0042,0.0033,0.9877,0.0112,0.0154,256,768,196608,393216,199052.3594,398104.7188,0.0000,0,0.0000,0.0000,0,0.0000,0,0.0000,0.0000,0,0.0000,0.0000,0,0,0,0,0,0,0,0,0,0,0,0,0,0,0,0,0,0,0,0,0,0,0,0,0
WG_METRICS 449,256,768,1.0333,0.0042,0.0032,0.9990,0.0111,0.0158,256,768,196608,393216,196812.6875,393625.3750,0.0000,0,0.0000,0.0000,0,0.0000,0,0.0000,0.0000,0,0.0000,0.0000,0,0,0,0,0,0,0,0,0,0,0,0,0,0,0,0,0,0,0,0,0,0,0,0,0
WG_METRICS 450,256,768,1.0198,0.0042,0.0033,0.9900,0.0067,0.0156,256,768,196608,393216,198585.9219,397171.8438,0.0000,0,0.0000,0.0000,0,0.0000,0,0.0000,0.0000,0,0.0000,0.0000,0,0,0,0,0,0,0,0,0,0,0,0,0,0,0,0,0,0,0,0,0,0,0,0,0
WG_METRICS 451,256,768,1.0263,0.0042,0.0033,0.9839,0.0196,0.0154,256,768,196608,393216,199821.1250,399642.2500,0.0000,0,0.0000,0.0000,0,0.0000,0,0.0000,0.0000,0,0.0000,0.0000,0,0,0,0,0,0,0,0,0,0,0,0,0,0,0,0,0,0,0,0,0,0,0,0,0
WG_METRICS 452,256,768,1.0300,0.0042,0.0033,0.9961,0.0111,0.0154,256,768,196608,393216,197373.8125,394747.6250,0.0000,0,0.0000,0.0000,0,0.0000,0,0.0000,0.0000,0,0.0000,0.0000,0,0,0,0,0,0,0,0,0,0,0,0,0,0,0,0,0,0,0,0,0,0,0,0,0
WG_METRICS 453,256,768,1.0380,0.0042,0.0032,1.0033,0.0111,0.0161,256,768,196608,393216,195965.2188,391930.4375,0.0000,0,0.0000,0.0000,0,0.0000,0,0.0000,0.0000,0,0.0000,0.0000,0,0,0,0,0,0,0,0,0,0,0,0,0,0,0,0,0,0,0,0,0,0,0,0,0
WG_METRICS 454,256,768,1.0242,0.0042,0.0032,0.9904,0.0111,0.0153,256,768,196608,393216,198521.7500,397043.5000,0.0000,0,0.0000,0.0000,0,0.0000,0,0.0000,0.0000,0,0.0000,0.0000,0,0,0,0,0,0,0,0,0,0,0,0,0,0,0,0,0,0,0,0,0,0,0,0,0
WG_METRICS 455,256,768,1.0278,0.0042,0.0033,0.9854,0.0197,0.0152,256,768,196608,393216,199521.0000,399042.0000,0.0000,0,0.0000,0.0000,0,0.0000,0,0.0000,0.0000,0,0.0000,0.0000,0,0,0,0,0,0,0,0,0,0,0,0,0,0,0,0,0,0,0,0,0,0,0,0,0
WG_METRICS 456,256,768,1.0121,0.0042,0.0033,0.9781,0.0110,0.0154,256,768,196608,393216,201006.0000,402012.0000,0.0000,0,0.0000,0.0000,0,0.0000,0,0.0000,0.0000,0,0.0000,0.0000,0,0,0,0,0,0,0,0,0,0,0,0,0,0,0,0,0,0,0,0,0,0,0,0,0
WG_METRICS 457,256,768,1.0234,0.0042,0.0033,0.9892,0.0110,0.0157,256,768,196608,393216,198746.5156,397493.0312,0.0000,0,0.0000,0.0000,0,0.0000,0,0.0000,0.0000,0,0.0000,0.0000,0,0,0,0,0,0,0,0,0,0,0,0,0,0,0,0,0,0,0,0,0,0,0,0,0
WG_METRICS 458,256,768,1.0290,0.0042,0.0033,0.9858,0.0198,0.0159,256,768,196608,393216,199448.1406,398896.2812,0.0000,0,0.0000,0.0000,0,0.0000,0,0.0000,0.0000,0,0.0000,0.0000,0,0,0,0,0,0,0,0,0,0,0,0,0,0,0,0,0,0,0,0,0,0,0,0,0
WG_METRICS 459,256,768,1.0496,0.0042,0.0032,1.0159,0.0110,0.0153,256,768,196608,393216,193534.6719,387069.3438,0.0000,0,0.0000,0.0000,0,0.0000,0,0.0000,0.0000,0,0.0000,0.0000,0,0,0,0,0,0,0,0,0,0,0,0,0,0,0,0,0,0,0,0,0,0,0,0,0
WG_METRICS 460,256,768,1.0154,0.0042,0.0033,0.9810,0.0112,0.0156,256,768,196608,393216,200407.7344,400815.4688,0.0000,0,0.0000,0.0000,0,0.0000,0,0.0000,0.0000,0,0.0000,0.0000,0,0,0,0,0,0,0,0,0,0,0,0,0,0,0,0,0,0,0,0,0,0,0,0,0
WG_METRICS 461,256,768,1.0250,0.0042,0.0033,0.9910,0.0112,0.0154,256,768,196608,393216,198385.5312,396771.0625,0.0000,0,0.0000,0.0000,0,0.0000,0,0.0000,0.0000,0,0.0000,0.0000,0,0,0,0,0,0,0,0,0,0,0,0,0,0,0,0,0,0,0,0,0,0,0,0,0
WG_METRICS 462,256,768,1.0272,0.0042,0.0033,0.9846,0.0198,0.0153,256,768,196608,393216,199683.1250,399366.2500,0.0000,0,0.0000,0.0000,0,0.0000,0,0.0000,0.0000,0,0.0000,0.0000,0,0,0,0,0,0,0,0,0,0,0,0,0,0,0,0,0,0,0,0,0,0,0,0,0
WG_METRICS 463,256,768,1.0204,0.0042,0.0032,0.9865,0.0111,0.0154,256,768,196608,393216,199302.5781,398605.1562,0.0000,0,0.0000,0.0000,0,0.0000,0,0.0000,0.0000,0,0.0000,0.0000,0,0,0,0,0,0,0,0,0,0,0,0,0,0,0,0,0,0,0,0,0,0,0,0,0
WG_METRICS 464,256,768,1.0333,0.0042,0.0033,0.9989,0.0109,0.0160,256,768,196608,393216,196828.4375,393656.8750,0.0000,0,0.0000,0.0000,0,0.0000,0,0.0000,0.0000,0,0.0000,0.0000,0,0,0,0,0,0,0,0,0,0,0,0,0,0,0,0,0,0,0,0,0,0,0,0,0
WG_METRICS 465,256,768,1.0268,0.0042,0.0032,0.9837,0.0198,0.0160,256,768,196608,393216,199869.8750,399739.7500,0.0000,0,0.0000,0.0000,0,0.0000,0,0.0000,0.0000,0,0.0000,0.0000,0,0,0,0,0,0,0,0,0,0,0,0,0,0,0,0,0,0,0,0,0,0,0,0,0
WG_METRICS 466,256,768,1.0104,0.0042,0.0033,0.9763,0.0112,0.0154,256,768,196608,393216,201376.5938,402753.1875,0.0000,0,0.0000,0.0000,0,0.0000,0,0.0000,0.0000,0,0.0000,0.0000,0,0,0,0,0,0,0,0,0,0,0,0,0,0,0,0,0,0,0,0,0,0,0,0,0
WG_METRICS 467,256,768,1.0245,0.0044,0.0033,0.9948,0.0066,0.0153,256,768,196608,393216,197627.7500,395255.5000,0.0000,0,0.0000,0.0000,0,0.0000,0,0.0000,0.0000,0,0.0000,0.0000,0,0,0,0,0,0,0,0,0,0,0,0,0,0,0,0,0,0,0,0,0,0,0,0,0
WG_METRICS 468,256,768,1.0581,0.0044,0.0033,1.0153,0.0198,0.0153,256,768,196608,393216,193649.0469,387298.0938,0.0000,0,0.0000,0.0000,0,0.0000,0,0.0000,0.0000,0,0.0000,0.0000,0,0,0,0,0,0,0,0,0,0,0,0,0,0,0,0,0,0,0,0,0,0,0,0,0
WG_METRICS 469,256,768,1.0308,0.0042,0.0033,0.9883,0.0197,0.0154,256,768,196608,393216,198939.5781,397879.1562,0.0000,0,0.0000,0.0000,0,0.0000,0,0.0000,0.0000,0,0.0000,0.0000,0,0,0,0,0,0,0,0,0,0,0,0,0,0,0,0,0,0,0,0,0,0,0,0,0
WG_METRICS 470,256,768,1.0408,0.0042,0.0033,1.0112,0.0068,0.0153,256,768,196608,393216,194422.6875,388845.3750,0.0000,0,0.0000,0.0000,0,0.0000,0,0.0000,0.0000,0,0.0000,0.0000,0,0,0,0,0,0,0,0,0,0,0,0,0,0,0,0,0,0,0,0,0,0,0,0,0
WG_METRICS 471,256,768,1.0248,0.0042,0.0033,0.9816,0.0197,0.0160,256,768,196608,393216,200285.2344,400570.4688,0.0000,0,0.0000,0.0000,0,0.0000,0,0.0000,0.0000,0,0.0000,0.0000,0,0,0,0,0,0,0,0,0,0,0,0,0,0,0,0,0,0,0,0,0,0,0,0,0
WG_METRICS 472,256,768,1.0251,0.0042,0.0032,0.9900,0.0111,0.0166,256,768,196608,393216,198593.9375,397187.8750,0.0000,0,0.0000,0.0000,0,0.0000,0,0.0000,0.0000,0,0.0000,0.0000,0,0,0,0,0,0,0,0,0,0,0,0,0,0,0,0,0,0,0,0,0,0,0,0,0
WG_METRICS 473,256,768,1.0293,0.0042,0.0032,0.9954,0.0112,0.0152,256,768,196608,393216,197508.6406,395017.2812,0.0000,0,0.0000,0.0000,0,0.0000,0,0.0000,0.0000,0,0.0000,0.0000,0,0,0,0,0,0,0,0,0,0,0,0,0,0,0,0,0,0,0,0,0,0,0,0,0
WG_METRICS 474,256,768,1.0221,0.0047,0.0033,0.9867,0.0112,0.0162,256,768,196608,393216,199262.1719,398524.3438,0.0000,0,0.0000,0.0000,0,0.0000,0,0.0000,0.0000,0,0.0000,0.0000,0,0,0,0,0,0,0,0,0,0,0,0,0,0,0,0,0,0,0,0,0,0,0,0,0
WG_METRICS 475,256,768,1.0152,0.0043,0.0032,0.9811,0.0112,0.0153,256,768,196608,393216,200399.5625,400799.1250,0.0000,0,0.0000,0.0000,0,0.0000,0,0.0000,0.0000,0,0.0000,0.0000,0,0,0,0,0,0,0,0,0,0,0,0,0,0,0,0,0,0,0,0,0,0,0,0,0
WG_METRICS 476,256,768,1.0148,0.0042,0.0032,0.9810,0.0110,0.0154,256,768,196608,393216,200415.9062,400831.8125,0.0000,0,0.0000,0.0000,0,0.0000,0,0.0000,0.0000,0,0.0000,0.0000,0,0,0,0,0,0,0,0,0,0,0,0,0,0,0,0,0,0,0,0,0,0,0,0,0
WG_METRICS 477,256,768,1.0373,0.0042,0.0033,0.9932,0.0198,0.0168,256,768,196608,393216,197946.1094,395892.2188,0.0000,0,0.0000,0.0000,0,0.0000,0,0.0000,0.0000,0,0.0000,0.0000,0,0,0,0,0,0,0,0,0,0,0,0,0,0,0,0,0,0,0,0,0,0,0,0,0
WG_METRICS 478,256,768,1.0312,0.0042,0.0033,0.9879,0.0200,0.0159,256,768,196608,393216,199012.0625,398024.1250,0.0000,0,0.0000,0.0000,0,0.0000,0,0.0000,0.0000,0,0.0000,0.0000,0,0,0,0,0,0,0,0,0,0,0,0,0,0,0,0,0,0,0,0,0,0,0,0,0
WG_METRICS 479,256,768,1.0397,0.0042,0.0033,0.9970,0.0198,0.0154,256,768,196608,393216,197199.6094,394399.2188,0.0000,0,0.0000,0.0000,0,0.0000,0,0.0000,0.0000,0,0.0000,0.0000,0,0,0,0,0,0,0,0,0,0,0,0,0,0,0,0,0,0,0,0,0,0,0,0,0
WG_METRICS 480,256,768,1.0471,0.0041,0.0032,1.0045,0.0197,0.0156,256,768,196608,393216,195723.3125,391446.6250,0.0000,0,0.0000,0.0000,0,0.0000,0,0.0000,0.0000,0,0.0000,0.0000,0,0,0,0,0,0,0,0,0,0,0,0,0,0,0,0,0,0,0,0,0,0,0,0,0
WG_METRICS 481,256,768,1.0322,0.0042,0.0033,0.9983,0.0112,0.0154,256,768,196608,393216,196946.7500,393893.5000,0.0000,0,0.0000,0.0000,0,0.0000,0,0.0000,0.0000,0,0.0000,0.0000,0,0,0,0,0,0,0,0,0,0,0,0,0,0,0,0,0,0,0,0,0,0,0,0,0
WG_METRICS 482,256,768,1.0291,0.0042,0.0032,0.9948,0.0112,0.0156,256,768,196608,393216,197635.7188,395271.4375,0.0000,0,0.0000,0.0000,0,0.0000,0,0.0000,0.0000,0,0.0000,0.0000,0,0,0,0,0,0,0,0,0,0,0,0,0,0,0,0,0,0,0,0,0,0,0,0,0
WG_METRICS 483,256,768,1.0178,0.0042,0.0033,0.9879,0.0067,0.0157,256,768,196608,393216,199012.0625,398024.1250,0.0000,0,0.0000,0.0000,0,0.0000,0,0.0000,0.0000,0,0.0000,0.0000,0,0,0,0,0,0,0,0,0,0,0,0,0,0,0,0,0,0,0,0,0,0,0,0,0
WG_METRICS 484,256,768,1.0260,0.0042,0.0032,0.9835,0.0196,0.0154,256,768,196608,393216,199902.3906,399804.7812,0.0000,0,0.0000,0.0000,0,0.0000,0,0.0000,0.0000,0,0.0000,0.0000,0,0,0,0,0,0,0,0,0,0,0,0,0,0,0,0,0,0,0,0,0,0,0,0,0
WG_METRICS 485,256,768,1.0136,0.0042,0.0033,0.9797,0.0111,0.0154,256,768,196608,393216,200685.9375,401371.8750,0.0000,0,0.0000,0.0000,0,0.0000,0,0.0000,0.0000,0,0.0000,0.0000,0,0,0,0,0,0,0,0,0,0,0,0,0,0,0,0,0,0,0,0,0,0,0,0,0
WG_METRICS 486,256,768,1.0312,0.0042,0.0032,0.9975,0.0110,0.0154,256,768,196608,393216,197104.7031,394209.4062,0.0000,0,0.0000,0.0000,0,0.0000,0,0.0000,0.0000,0,0.0000,0.0000,0,0,0,0,0,0,0,0,0,0,0,0,0,0,0,0,0,0,0,0,0,0,0,0,0
WG_METRICS 487,256,768,1.0318,0.0041,0.0033,0.9894,0.0197,0.0154,256,768,196608,393216,198722.4062,397444.8125,0.0000,0,0.0000,0.0000,0,0.0000,0,0.0000,0.0000,0,0.0000,0.0000,0,0,0,0,0,0,0,0,0,0,0,0,0,0,0,0,0,0,0,0,0,0,0,0,0
WG_METRICS 488,256,768,1.0322,0.0041,0.0033,0.9898,0.0197,0.0153,256,768,196608,393216,198626.0469,397252.0938,0.0000,0,0.0000,0.0000,0,0.0000,0,0.0000,0.0000,0,0.0000,0.0000,0,0,0,0,0,0,0,0,0,0,0,0,0,0,0,0,0,0,0,0,0,0,0,0,0
WG_METRICS 489,256,768,1.0256,0.0042,0.0033,0.9918,0.0112,0.0153,256,768,196608,393216,198241.5000,396483.0000,0.0000,0,0.0000,0.0000,0,0.0000,0,0.0000,0.0000,0,0.0000,0.0000,0,0,0,0,0,0,0,0,0,0,0,0,0,0,0,0,0,0,0,0,0,0,0,0,0
WG_METRICS 490,256,768,1.0294,0.0042,0.0033,0.9865,0.0199,0.0155,256,768,196608,393216,199294.4844,398588.9688,0.0000,0,0.0000,0.0000,0,0.0000,0,0.0000,0.0000,0,0.0000,0.0000,0,0,0,0,0,0,0,0,0,0,0,0,0,0,0,0,0,0,0,0,0,0,0,0,0
WG_METRICS 491,256,768,1.0351,0.0042,0.0033,0.9927,0.0196,0.0154,256,768,196608,393216,198057.7812,396115.5625,0.0000,0,0.0000,0.0000,0,0.0000,0,0.0000,0.0000,0,0.0000,0.0000,0,0,0,0,0,0,0,0,0,0,0,0,0,0,0,0,0,0,0,0,0,0,0,0,0
WG_METRICS 492,256,768,1.0219,0.0042,0.0033,0.9878,0.0112,0.0154,256,768,196608,393216,199028.1875,398056.3750,0.0000,0,0.0000,0.0000,0,0.0000,0,0.0000,0.0000,0,0.0000,0.0000,0,0,0,0,0,0,0,0,0,0,0,0,0,0,0,0,0,0,0,0,0,0,0,0,0
WG_METRICS 493,256,768,1.0309,0.0042,0.0033,0.9969,0.0111,0.0155,256,768,196608,393216,197223.3438,394446.6875,0.0000,0,0.0000,0.0000,0,0.0000,0,0.0000,0.0000,0,0.0000,0.0000,0,0,0,0,0,0,0,0,0,0,0,0,0,0,0,0,0,0,0,0,0,0,0,0,0
WG_METRICS 494,256,768,1.0315,0.0042,0.0032,0.9890,0.0197,0.0153,256,768,196608,393216,198786.7031,397573.4062,0.0000,0,0.0000,0.0000,0,0.0000,0,0.0000,0.0000,0,0.0000,0.0000,0,0,0,0,0,0,0,0,0,0,0,0,0,0,0,0,0,0,0,0,0,0,0,0,0
WG_METRICS 495,256,768,1.0334,0.0041,0.0033,0.9909,0.0197,0.0154,256,768,196608,393216,198417.5625,396835.1250,0.0000,0,0.0000,0.0000,0,0.0000,0,0.0000,0.0000,0,0.0000,0.0000,0,0,0,0,0,0,0,0,0,0,0,0,0,0,0,0,0,0,0,0,0,0,0,0,0
WG_METRICS 496,256,768,1.0190,0.0042,0.0033,0.9765,0.0198,0.0152,256,768,196608,393216,201343.5938,402687.1875,0.0000,0,0.0000,0.0000,0,0.0000,0,0.0000,0.0000,0,0.0000,0.0000,0,0,0,0,0,0,0,0,0,0,0,0,0,0,0,0,0,0,0,0,0,0,0,0,0
WG_METRICS 497,256,768,1.0356,0.0042,0.0032,0.9925,0.0198,0.0158,256,768,196608,393216,198089.7188,396179.4375,0.0000,0,0.0000,0.0000,0,0.0000,0,0.0000,0.0000,0,0.0000,0.0000,0,0,0,0,0,0,0,0,0,0,0,0,0,0,0,0,0,0,0,0,0,0,0,0,0
WG_METRICS 498,256,768,1.0379,0.0042,0.0033,0.9953,0.0197,0.0154,256,768,196608,393216,197540.3906,395080.7812,0.0000,0,0.0000,0.0000,0,0.0000,0,0.0000,0.0000,0,0.0000,0.0000,0,0,0,0,0,0,0,0,0,0,0,0,0,0,0,0,0,0,0,0,0,0,0,0,0
WG_METRICS 499,256,768,1.0480,0.0042,0.0033,1.0139,0.0113,0.0153,256,768,196608,393216,193916.4375,387832.8750,0.0000,0,0.0000,0.0000,0,0.0000,0,0.0000,0.0000,0,0.0000,0.0000,0,0,0,0,0,0,0,0,0,0,0,0,0,0,0,0,0,0,0,0,0,0,0,0,0
WG_METRICS 500,256,768,1.0299,0.0042,0.0033,0.9962,0.0110,0.0153,256,768,196608,393216,197365.8906,394731.7812,0.0000,0,0.0000,0.0000,0,0.0000,0,0.0000,0.0000,0,0.0000,0.0000,0,0,0,0,0,0,0,0,0,0,0,0,0,0,0,0,0,0,0,0,0,0,0,0,0
WG_METRICS 501,256,768,1.0275,0.0042,0.0032,0.9935,0.0112,0.0153,256,768,196608,393216,197898.2969,395796.5938,0.0000,0,0.0000,0.0000,0,0.0000,0,0.0000,0.0000,0,0.0000,0.0000,0,0,0,0,0,0,0,0,0,0,0,0,0,0,0,0,0,0,0,0,0,0,0,0,0
WG_METRICS 502,256,768,1.0198,0.0042,0.0033,0.9857,0.0112,0.0154,256,768,196608,393216,199464.3281,398928.6562,0.0000,0,0.0000,0.0000,0,0.0000,0,0.0000,0.0000,0,0.0000,0.0000,0,0,0,0,0,0,0,0,0,0,0,0,0,0,0,0,0,0,0,0,0,0,0,0,0
WG_METRICS 503,256,768,1.0266,0.0042,0.0032,0.9928,0.0111,0.0154,256,768,196608,393216,198041.8281,396083.6562,0.0000,0,0.0000,0.0000,0,0.0000,0,0.0000,0.0000,0,0.0000,0.0000,0,0,0,0,0,0,0,0,0,0,0,0,0,0,0,0,0,0,0,0,0,0,0,0,0
WG_METRICS 504,256,768,1.0291,0.0042,0.0033,0.9949,0.0113,0.0155,256,768,196608,393216,197619.8125,395239.6250,0.0000,0,0.0000,0.0000,0,0.0000,0,0.0000,0.0000,0,0.0000,0.0000,0,0,0,0,0,0,0,0,0,0,0,0,0,0,0,0,0,0,0,0,0,0,0,0,0
WG_METRICS 505,256,768,1.0234,0.0042,0.0033,0.9896,0.0110,0.0153,256,768,196608,393216,198666.1875,397332.3750,0.0000,0,0.0000,0.0000,0,0.0000,0,0.0000,0.0000,0,0.0000,0.0000,0,0,0,0,0,0,0,0,0,0,0,0,0,0,0,0,0,0,0,0,0,0,0,0,0
WG_METRICS 506,256,768,1.0120,0.0042,0.0033,0.9775,0.0112,0.0159,256,768,196608,393216,201137.6250,402275.2500,0.0000,0,0.0000,0.0000,0,0.0000,0,0.0000,0.0000,0,0.0000,0.0000,0,0,0,0,0,0,0,0,0,0,0,0,0,0,0,0,0,0,0,0,0,0,0,0,0
WG_METRICS 507,256,768,1.0205,0.0042,0.0033,0.9862,0.0111,0.0158,256,768,196608,393216,199359.1562,398718.3125,0.0000,0,0.0000,0.0000,0,0.0000,0,0.0000,0.0000,0,0.0000,0.0000,0,0,0,0,0,0,0,0,0,0,0,0,0,0,0,0,0,0,0,0,0,0,0,0,0
WG_METRICS 508,256,768,1.0441,0.0042,0.0032,1.0012,0.0198,0.0157,256,768,196608,393216,196380.1875,392760.3750,0.0000,0,0.0000,0.0000,0,0.0000,0,0.0000,0.0000,0,0.0000,0.0000,0,0,0,0,0,0,0,0,0,0,0,0,0,0,0,0,0,0,0,0,0,0,0,0,0
WG_METRICS 509,256,768,1.0216,0.0042,0.0033,0.9910,0.0069,0.0162,256,768,196608,393216,198385.5312,396771.0625,0.0000,0,0.0000,0.0000,0,0.0000,0,0.0000,0.0000,0,0.0000,0.0000,0,0,0,0,0,0,0,0,0,0,0,0,0,0,0,0,0,0,0,0,0,0,0,0,0
WG_METRICS 510,256,768,1.0308,0.0042,0.0033,1.0009,0.0069,0.0155,256,768,196608,393216,196427.2812,392854.5625,0.0000,0,0.0000,0.0000,0,0.0000,0,0.0000,0.0000,0,0.0000,0.0000,0,0,0,0,0,0,0,0,0,0,0,0,0,0,0,0,0,0,0,0,0,0,0,0,0
WG_METRICS 511,256,768,1.0399,0.0042,0.0033,1.0048,0.0111,0.0165,256,768,196608,393216,195661.0000,391322.0000,0.0000,0,0.0000,0.0000,0,0.0000,0,0.0000,0.0000,0,0.0000,0.0000,0,0,0,0,0,0,0,0,0,0,0,0,0,0,0,0,0,0,0,0,0,0,0,0,0
WG_METRICS 512,256,768,1.0369,0.0043,0.0033,0.9941,0.0198,0.0154,256,768,196608,393216,197770.8906,395541.7812,0.0000,0,0.0000,0.0000,0,0.0000,0,0.0000,0.0000,0,0.0000,0.0000,0,0,0,0,0,0,0,0,0,0,0,0,0,0,0,0,0,0,0,0,0,0,0,0,0
WG_METRICS 513,256,768,1.0103,0.0043,0.0033,0.9807,0.0067,0.0153,256,768,196608,393216,200473.1250,400946.2500,0.0000,0,0.0000,0.0000,0,0.0000,0,0.0000,0.0000,0,0.0000,0.0000,0,0,0,0,0,0,0,0,0,0,0,0,0,0,0,0,0,0,0,0,0,0,0,0,0
WG_METRICS 514,256,768,1.0323,0.0042,0.0033,0.9898,0.0196,0.0155,256,768,196608,393216,198642.0938,397284.1875,0.0000,0,0.0000,0.0000,0,0.0000,0,0.0000,0.0000,0,0.0000,0.0000,0,0,0,0,0,0,0,0,0,0,0,0,0,0,0,0,0,0,0,0,0,0,0,0,0
WG_METRICS 515,256,768,1.0302,0.0042,0.0032,0.9960,0.0110,0.0158,256,768,196608,393216,197397.5938,394795.1875,0.0000,0,0.0000,0.0000,0,0.0000,0,0.0000,0.0000,0,0.0000,0.0000,0,0,0,0,0,0,0,0,0,0,0,0,0,0,0,0,0,0,0,0,0,0,0,0,0
WG_METRICS 516,256,768,1.0254,0.0042,0.0033,0.9915,0.0110,0.0154,256,768,196608,393216,198297.5000,396595.0000,0.0000,0,0.0000,0.0000,0,0.0000,0,0.0000,0.0000,0,0.0000,0.0000,0,0,0,0,0,0,0,0,0,0,0,0,0,0,0,0,0,0,0,0,0,0,0,0,0
WG_METRICS 517,256,768,1.0346,0.0042,0.0033,0.9915,0.0198,0.0158,256,768,196608,393216,198297.5000,396595.0000,0.0000,0,0.0000,0.0000,0,0.0000,0,0.0000,0.0000,0,0.0000,0.0000,0,0,0,0,0,0,0,0,0,0,0,0,0,0,0,0,0,0,0,0,0,0,0,0,0
WG_METRICS 518,256,768,1.0236,0.0042,0.0032,0.9808,0.0197,0.0156,256,768,196608,393216,200448.5938,400897.1875,0.0000,0,0.0000,0.0000,0,0.0000,0,0.0000,0.0000,0,0.0000,0.0000,0,0,0,0,0,0,0,0,0,0,0,0,0,0,0,0,0,0,0,0,0,0,0,0,0
WG_METRICS 519,256,768,1.0317,0.0042,0.0033,1.0021,0.0068,0.0154,256,768,196608,393216,196199.9062,392399.8125,0.0000,0,0.0000,0.0000,0,0.0000,0,0.0000,0.0000,0,0.0000,0.0000,0,0,0,0,0,0,0,0,0,0,0,0,0,0,0,0,0,0,0,0,0,0,0,0,0
WG_METRICS 520,256,768,1.0237,0.0042,0.0033,0.9899,0.0109,0.0154,256,768,196608,393216,198618.0156,397236.0312,0.0000,0,0.0000,0.0000,0,0.0000,0,0.0000,0.0000,0,0.0000,0.0000,0,0,0,0,0,0,0,0,0,0,0,0,0,0,0,0,0,0,0,0,0,0,0,0,0
WG_METRICS 521,256,768,1.0300,0.0041,0.0033,0.9874,0.0198,0.0153,256,768,196608,393216,199108.8125,398217.6250,0.0000,0,0.0000,0.0000,0,0.0000,0,0.0000,0.0000,0,0.0000,0.0000,0,0,0,0,0,0,0,0,0,0,0,0,0,0,0,0,0,0,0,0,0,0,0,0,0
WG_METRICS 522,256,768,1.0238,0.0041,0.0033,0.9898,0.0110,0.0156,256,768,196608,393216,198626.0469,397252.0938,0.0000,0,0.0000,0.0000,0,0.0000,0,0.0000,0.0000,0,0.0000,0.0000,0,0,0,0,0,0,0,0,0,0,0,0,0,0,0,0,0,0,0,0,0,0,0,0,0
WG_METRICS 523,256,768,1.0300,0.0042,0.0033,0.9999,0.0069,0.0157,256,768,196608,393216,196631.5938,393263.1875,0.0000,0,0.0000,0.0000,0,0.0000,0,0.0000,0.0000,0,0.0000,0.0000,0,0,0,0,0,0,0,0,0,0,0,0,0,0,0,0,0,0,0,0,0,0,0,0,0
WG_METRICS 524,256,768,1.0378,0.0042,0.0032,0.9950,0.0199,0.0154,256,768,196608,393216,197595.9844,395191.9688,0.0000,0,0.0000,0.0000,0,0.0000,0,0.0000,0.0000,0,0.0000,0.0000,0,0,0,0,0,0,0,0,0,0,0,0,0,0,0,0,0,0,0,0,0,0,0,0,0
WG_METRICS 525,256,768,1.0346,0.0042,0.0033,0.9918,0.0196,0.0158,256,768,196608,393216,198241.5000,396483.0000,0.0000,0,0.0000,0.0000,0,0.0000,0,0.0000,0.0000,0,0.0000,0.0000,0,0,0,0,0,0,0,0,0,0,0,0,0,0,0,0,0,0,0,0,0,0,0,0,0
WG_METRICS 526,256,768,1.0314,0.0042,0.0033,0.9889,0.0198,0.0153,256,768,196608,393216,198818.8750,397637.7500,0.0000,0,0.0000,0.0000,0,0.0000,0,0.0000,0.0000,0,0.0000,0.0000,0,0,0,0,0,0,0,0,0,0,0,0,0,0,0,0,0,0,0,0,0,0,0,0,0
WG_METRICS 527,256,768,1.0268,0.0042,0.0033,0.9838,0.0198,0.0157,256,768,196608,393216,199853.6250,399707.2500,0.0000,0,0.0000,0.0000,0,0.0000,0,0.0000,0.0000,0,0.0000,0.0000,0,0,0,0,0,0,0,0,0,0,0,0,0,0,0,0,0,0,0,0,0,0,0,0,0
WG_METRICS 528,256,768,1.0436,0.0043,0.0032,1.0011,0.0198,0.0152,256,768,196608,393216,196395.8906,392791.7812,0.0000,0,0.0000,0.0000,0,0.0000,0,0.0000,0.0000,0,0.0000,0.0000,0,0,0,0,0,0,0,0,0,0,0,0,0,0,0,0,0,0,0,0,0,0,0,0,0
WG_METRICS 529,256,768,1.0264,0.0042,0.0033,0.9924,0.0111,0.0154,256,768,196608,393216,198113.6719,396227.3438,0.0000,0,0.0000,0.0000,0,0.0000,0,0.0000,0.0000,0,0.0000,0.0000,0,0,0,0,0,0,0,0,0,0,0,0,0,0,0,0,0,0,0,0,0,0,0,0,0
WG_METRICS 530,256,768,1.0268,0.0042,0.0032,0.9945,0.0094,0.0154,256,768,196608,393216,197699.2969,395398.5938,0.0000,0,0.0000,0.0000,0,0.0000,0,0.0000,0.0000,0,0.0000,0.0000,0,0,0,0,0,0,0,0,0,0,0,0,0,0,0,0,0,0,0,0,0,0,0,0,0
WG_METRICS 531,256,768,1.0182,0.0042,0.0032,0.9777,0.0176,0.0154,256,768,196608,393216,201096.4688,402192.9375,0.0000,0,0.0000,0.0000,0,0.0000,0,0.0000,0.0000,0,0.0000,0.0000,0,0,0,0,0,0,0,0,0,0,0,0,0,0,0,0,0,0,0,0,0,0,0,0,0
WG_METRICS 532,256,768,1.0189,0.0043,0.0033,0.9761,0.0198,0.0155,256,768,196608,393216,201417.8594,402835.7188,0.0000,0,0.0000,0.0000,0,0.0000,0,0.0000,0.0000,0,0.0000,0.0000,0,0,0,0,0,0,0,0,0,0,0,0,0,0,0,0,0,0,0,0,0,0,0,0,0
WG_METRICS 533,256,768,1.0175,0.0042,0.0033,0.9833,0.0111,0.0156,256,768,196608,393216,199951.1875,399902.3750,0.0000,0,0.0000,0.0000,0,0.0000,0,0.0000,0.0000,0,0.0000,0.0000,0,0,0,0,0,0,0,0,0,0,0,0,0,0,0,0,0,0,0,0,0,0,0,0,0
WG_METRICS 534,256,768,1.0434,0.0041,0.0033,1.0008,0.0198,0.0153,256,768,196608,393216,196443.0000,392886.0000,0.0000,0,0.0000,0.0000,0,0.0000,0,0.0000,0.0000,0,0.0000,0.0000,0,0,0,0,0,0,0,0,0,0,0,0,0,0,0,0,0,0,0,0,0,0,0,0,0
WG_METRICS 535,256,768,1.0398,0.0042,0.0032,0.9972,0.0198,0.0154,256,768,196608,393216,197167.9531,394335.9062,0.0000,0,0.0000,0.0000,0,0.0000,0,0.0000,0.0000,0,0.0000,0.0000,0,0,0,0,0,0,0,0,0,0,0,0,0,0,0,0,0,0,0,0,0,0,0,0,0
WG_METRICS 536,256,768,1.0332,0.0042,0.0033,0.9894,0.0198,0.0165,256,768,196608,393216,198706.3281,397412.6562,0.0000,0,0.0000,0.0000,0,0.0000,0,0.0000,0.0000,0,0.0000,0.0000,0,0,0,0,0,0,0,0,0,0,0,0,0,0,0,0,0,0,0,0,0,0,0,0,0
WG_METRICS 537,256,768,1.0378,0.0042,0.0032,1.0034,0.0111,0.0159,256,768,196608,393216,195941.7969,391883.5938,0.0000,0,0.0000,0.0000,0,0.0000,0,0.0000,0.0000,0,0.0000,0.0000,0,0,0,0,0,0,0,0,0,0,0,0,0,0,0,0,0,0,0,0,0,0,0,0,0
WG_METRICS 538,256,768,1.0425,0.0042,0.0033,1.0001,0.0197,0.0153,256,768,196608,393216,196592.2812,393184.5625,0.0000,0,0.0000,0.0000,0,0.0000,0,0.0000,0.0000,0,0.0000,0.0000,0,0,0,0,0,0,0,0,0,0,0,0,0,0,0,0,0,0,0,0,0,0,0,0,0
WG_METRICS 539,256,768,1.0277,0.0041,0.0033,0.9936,0.0112,0.0155,256,768,196608,393216,197882.3594,395764.7188,0.0000,0,0.0000,0.0000,0,0.0000,0,0.0000,0.0000,0,0.0000,0.0000,0,0,0,0,0,0,0,0,0,0,0,0,0,0,0,0,0,0,0,0,0,0,0,0,0
WG_METRICS 540,256,768,1.0405,0.0042,0.0032,0.9978,0.0198,0.0154,256,768,196608,393216,197033.5938,394067.1875,0.0000,0,0.0000,0.0000,0,0.0000,0,0.0000,0.0000,0,0.0000,0.0000,0,0,0,0,0,0,0,0,0,0,0,0,0,0,0,0,0,0,0,0,0,0,0,0,0
WG_METRICS 541,256,768,1.0394,0.0047,0.0033,0.9964,0.0196,0.0154,256,768,196608,393216,197326.2656,394652.5312,0.0000,0,0.0000,0.0000,0,0.0000,0,0.0000,0.0000,0,0.0000,0.0000,0,0,0,0,0,0,0,0,0,0,0,0,0,0,0,0,0,0,0,0,0,0,0,0,0
WG_METRICS 542,256,768,1.0335,0.0044,0.0033,0.9992,0.0111,0.0155,256,768,196608,393216,196757.5469,393515.0938,0.0000,0,0.0000,0.0000,0,0.0000,0,0.0000,0.0000,0,0.0000,0.0000,0,0,0,0,0,0,0,0,0,0,0,0,0,0,0,0,0,0,0,0,0,0,0,0,0
WG_METRICS 543,256,768,1.0322,0.0042,0.0032,0.9889,0.0200,0.0159,256,768,196608,393216,198810.8281,397621.6562,0.0000,0,0.0000,0.0000,0,0.0000,0,0.0000,0.0000,0,0.0000,0.0000,0,0,0,0,0,0,0,0,0,0,0,0,0,0,0,0,0,0,0,0,0,0,0,0,0
WG_METRICS 544,256,768,1.0324,0.0042,0.0032,0.9900,0.0197,0.0153,256,768,196608,393216,198601.9531,397203.9062,0.0000,0,0.0000,0.0000,0,0.0000,0,0.0000,0.0000,0,0.0000,0.0000,0,0,0,0,0,0,0,0,0,0,0,0,0,0,0,0,0,0,0,0,0,0,0,0,0
WG_METRICS 545,256,768,1.0158,0.0041,0.0033,0.9815,0.0112,0.0157,256,768,196608,393216,200309.7188,400619.4375,0.0000,0,0.0000,0.0000,0,0.0000,0,0.0000,0.0000,0,0.0000,0.0000,0,0,0,0,0,0,0,0,0,0,0,0,0,0,0,0,0,0,0,0,0,0,0,0,0
WG_METRICS 546,256,768,1.0187,0.0042,0.0032,0.9890,0.0068,0.0155,256,768,196608,393216,198802.7812,397605.5625,0.0000,0,0.0000,0.0000,0,0.0000,0,0.0000,0.0000,0,0.0000,0.0000,0,0,0,0,0,0,0,0,0,0,0,0,0,0,0,0,0,0,0,0,0,0,0,0,0
WG_METRICS 547,256,768,1.0310,0.0042,0.0032,0.9884,0.0198,0.0154,256,768,196608,393216,198915.4219,397830.8438,0.0000,0,0.0000,0.0000,0,0.0000,0,0.0000,0.0000,0,0.0000,0.0000,0,0,0,0,0,0,0,0,0,0,0,0,0,0,0,0,0,0,0,0,0,0,0,0,0
WG_METRICS 548,256,768,3.3510,0.0042,0.0033,0.9875,0.0474,2.3086,256,768,196608,393216,199100.7500,398201.5000,0.0000,0,0.0000,0.0000,0,0.0000,0,0.0000,0.0000,0,0.0000,0.0000,0,0,0,0,0,0,0,0,0,0,0,0,0,0,0,0,0,0,0,0,0,0,0,0,0
WG_METRICS 549,256,768,1.0256,0.0042,0.0033,0.9832,0.0196,0.0153,256,768,196608,393216,199967.4531,399934.9062,0.0000,0,0.0000,0.0000,0,0.0000,0,0.0000,0.0000,0,0.0000,0.0000,0,0,0,0,0,0,0,0,0,0,0,0,0,0,0,0,0,0,0,0,0,0,0,0,0
WG_METRICS 550,256,768,1.0338,0.0042,0.0032,0.9909,0.0200,0.0156,256,768,196608,393216,198417.5625,396835.1250,0.0000,0,0.0000,0.0000,0,0.0000,0,0.0000,0.0000,0,0.0000,0.0000,0,0,0,0,0,0,0,0,0,0,0,0,0,0,0,0,0,0,0,0,0,0,0,0,0
WG_METRICS 551,256,768,1.0675,0.0042,0.0032,1.0216,0.0230,0.0155,256,768,196608,393216,192458.5938,384917.1875,0.0000,0,0.0000,0.0000,0,0.0000,0,0.0000,0.0000,0,0.0000,0.0000,0,0,0,0,0,0,0,0,0,0,0,0,0,0,0,0,0,0,0,0,0,0,0,0,0
WG_METRICS 552,256,768,1.0316,0.0042,0.0032,0.9890,0.0198,0.0154,256,768,196608,393216,198786.7031,397573.4062,0.0000,0,0.0000,0.0000,0,0.0000,0,0.0000,0.0000,0,0.0000,0.0000,0,0,0,0,0,0,0,0,0,0,0,0,0,0,0,0,0,0,0,0,0,0,0,0,0
WG_METRICS 553,256,768,1.0285,0.0042,0.0032,0.9944,0.0110,0.0157,256,768,196608,393216,197723.1562,395446.3125,0.0000,0,0.0000,0.0000,0,0.0000,0,0.0000,0.0000,0,0.0000,0.0000,0,0,0,0,0,0,0,0,0,0,0,0,0,0,0,0,0,0,0,0,0,0,0,0,0
WG_METRICS 554,256,768,1.0440,0.0042,0.0033,1.0013,0.0199,0.0152,256,768,196608,393216,196356.6719,392713.3438,0.0000,0,0.0000,0.0000,0,0.0000,0,0.0000,0.0000,0,0.0000,0.0000,0,0,0,0,0,0,0,0,0,0,0,0,0,0,0,0,0,0,0,0,0,0,0,0,0
WG_METRICS 555,256,768,1.0315,0.0042,0.0033,1.0014,0.0069,0.0158,256,768,196608,393216,196340.9688,392681.9375,0.0000,0,0.0000,0.0000,0,0.0000,0,0.0000,0.0000,0,0.0000,0.0000,0,0,0,0,0,0,0,0,0,0,0,0,0,0,0,0,0,0,0,0,0,0,0,0,0
WG_METRICS 556,256,768,1.0232,0.0041,0.0033,0.9802,0.0198,0.0158,256,768,196608,393216,200587.6562,401175.3125,0.0000,0,0.0000,0.0000,0,0.0000,0,0.0000,0.0000,0,0.0000,0.0000,0,0,0,0,0,0,0,0,0,0,0,0,0,0,0,0,0,0,0,0,0,0,0,0,0
WG_METRICS 557,256,768,1.0310,0.0042,0.0033,0.9883,0.0197,0.0155,256,768,196608,393216,198939.5781,397879.1562,0.0000,0,0.0000,0.0000,0,0.0000,0,0.0000,0.0000,0,0.0000,0.0000,0,0,0,0,0,0,0,0,0,0,0,0,0,0,0,0,0,0,0,0,0,0,0,0,0
WG_METRICS 558,256,768,1.0307,0.0042,0.0032,0.9969,0.0111,0.0153,256,768,196608,393216,197223.3438,394446.6875,0.0000,0,0.0000,0.0000,0,0.0000,0,0.0000,0.0000,0,0.0000,0.0000,0,0,0,0,0,0,0,0,0,0,0,0,0,0,0,0,0,0,0,0,0,0,0,0,0
WG_METRICS 559,256,768,1.0212,0.0042,0.0033,0.9865,0.0112,0.0161,256,768,196608,393216,199302.5781,398605.1562,0.0000,0,0.0000,0.0000,0,0.0000,0,0.0000,0.0000,0,0.0000,0.0000,0,0,0,0,0,0,0,0,0,0,0,0,0,0,0,0,0,0,0,0,0,0,0,0,0
WG_METRICS 560,256,768,1.0200,0.0042,0.0033,0.9860,0.0111,0.0154,256,768,196608,393216,199407.6875,398815.3750,0.0000,0,0.0000,0.0000,0,0.0000,0,0.0000,0.0000,0,0.0000,0.0000,0,0,0,0,0,0,0,0,0,0,0,0,0,0,0,0,0,0,0,0,0,0,0,0,0
WG_METRICS 561,256,768,1.0358,0.0042,0.0033,0.9934,0.0197,0.0153,256,768,196608,393216,197914.2344,395828.4688,0.0000,0,0.0000,0.0000,0,0.0000,0,0.0000,0.0000,0,0.0000,0.0000,0,0,0,0,0,0,0,0,0,0,0,0,0,0,0,0,0,0,0,0,0,0,0,0,0
WG_METRICS 562,256,768,1.0358,0.0042,0.0033,0.9927,0.0198,0.0158,256,768,196608,393216,198049.7969,396099.5938,0.0000,0,0.0000,0.0000,0,0.0000,0,0.0000,0.0000,0,0.0000,0.0000,0,0,0,0,0,0,0,0,0,0,0,0,0,0,0,0,0,0,0,0,0,0,0,0,0
WG_METRICS 563,256,768,1.0387,0.0042,0.0032,0.9956,0.0199,0.0157,256,768,196608,393216,197468.9688,394937.9375,0.0000,0,0.0000,0.0000,0,0.0000,0,0.0000,0.0000,0,0.0000,0.0000,0,0,0,0,0,0,0,0,0,0,0,0,0,0,0,0,0,0,0,0,0,0,0,0,0
WG_METRICS 564,256,768,1.0553,0.0046,0.0032,1.0124,0.0197,0.0154,256,768,196608,393216,194199.9219,388399.8438,0.0000,0,0.0000,0.0000,0,0.0000,0,0.0000,0.0000,0,0.0000,0.0000,0,0,0,0,0,0,0,0,0,0,0,0,0,0,0,0,0,0,0,0,0,0,0,0,0
WG_METRICS 565,256,768,1.0338,0.0042,0.0033,0.9911,0.0197,0.0156,256,768,196608,393216,198377.5312,396755.0625,0.0000,0,0.0000,0.0000,0,0.0000,0,0.0000,0.0000,0,0.0000,0.0000,0,0,0,0,0,0,0,0,0,0,0,0,0,0,0,0,0,0,0,0,0,0,0,0,0
WG_METRICS 566,256,768,1.0202,0.0042,0.0032,0.9863,0.0109,0.0156,256,768,196608,393216,199342.9844,398685.9688,0.0000,0,0.0000,0.0000,0,0.0000,0,0.0000,0.0000,0,0.0000,0.0000,0,0,0,0,0,0,0,0,0,0,0,0,0,0,0,0,0,0,0,0,0,0,0,0,0
WG_METRICS 567,256,768,1.0302,0.0042,0.0033,0.9964,0.0110,0.0154,256,768,196608,393216,197326.2656,394652.5312,0.0000,0,0.0000,0.0000,0,0.0000,0,0.0000,0.0000,0,0.0000,0.0000,0,0,0,0,0,0,0,0,0,0,0,0,0,0,0,0,0,0,0,0,0,0,0,0,0
WG_METRICS 568,256,768,1.0287,0.0046,0.0032,0.9858,0.0197,0.0153,256,768,196608,393216,199440.0469,398880.0938,0.0000,0,0.0000,0.0000,0,0.0000,0,0.0000,0.0000,0,0.0000,0.0000,0,0,0,0,0,0,0,0,0,0,0,0,0,0,0,0,0,0,0,0,0,0,0,0,0
WG_METRICS 569,256,768,1.0186,0.0042,0.0032,0.9760,0.0199,0.0154,256,768,196608,393216,201450.8750,402901.7500,0.0000,0,0.0000,0.0000,0,0.0000,0,0.0000,0.0000,0,0.0000,0.0000,0,0,0,0,0,0,0,0,0,0,0,0,0,0,0,0,0,0,0,0,0,0,0,0,0
WG_METRICS 570,256,768,1.0580,0.0042,0.0032,1.0240,0.0113,0.0153,256,768,196608,393216,191992.5000,383985.0000,0.0000,0,0.0000,0.0000,0,0.0000,0,0.0000,0.0000,0,0.0000,0.0000,0,0,0,0,0,0,0,0,0,0,0,0,0,0,0,0,0,0,0,0,0,0,0,0,0
WG_METRICS 571,256,768,1.0229,0.0044,0.0033,0.9798,0.0198,0.0156,256,768,196608,393216,200661.3594,401322.7188,0.0000,0,0.0000,0.0000,0,0.0000,0,0.0000,0.0000,0,0.0000,0.0000,0,0,0,0,0,0,0,0,0,0,0,0,0,0,0,0,0,0,0,0,0,0,0,0,0
WG_METRICS 572,256,768,1.0188,0.0041,0.0033,0.9762,0.0198,0.0154,256,768,196608,393216,201393.1094,402786.2188,0.0000,0,0.0000,0.0000,0,0.0000,0,0.0000,0.0000,0,0.0000,0.0000,0,0,0,0,0,0,0,0,0,0,0,0,0,0,0,0,0,0,0,0,0,0,0,0,0
WG_METRICS 573,256,768,1.0204,0.0042,0.0033,0.9865,0.0111,0.0154,256,768,196608,393216,199294.4844,398588.9688,0.0000,0,0.0000,0.0000,0,0.0000,0,0.0000,0.0000,0,0.0000,0.0000,0,0,0,0,0,0,0,0,0,0,0,0,0,0,0,0,0,0,0,0,0,0,0,0,0
WG_METRICS 574,256,768,1.0597,0.0042,0.0033,1.0165,0.0198,0.0159,256,768,196608,393216,193420.4375,386840.8750,0.0000,0,0.0000,0.0000,0,0.0000,0,0.0000,0.0000,0,0.0000,0.0000,0,0,0,0,0,0,0,0,0,0,0,0,0,0,0,0,0,0,0,0,0,0,0,0,0
WG_METRICS 575,256,768,1.0405,0.0042,0.0033,0.9979,0.0197,0.0154,256,768,196608,393216,197025.7031,394051.4062,0.0000,0,0.0000,0.0000,0,0.0000,0,0.0000,0.0000,0,0.0000,0.0000,0,0,0,0,0,0,0,0,0,0,0,0,0,0,0,0,0,0,0,0,0,0,0,0,0
WG_METRICS 576,256,768,1.0372,0.0041,0.0033,0.9944,0.0198,0.0156,256,768,196608,393216,197707.2500,395414.5000,0.0000,0,0.0000,0.0000,0,0.0000,0,0.0000,0.0000,0,0.0000,0.0000,0,0,0,0,0,0,0,0,0,0,0,0,0,0,0,0,0,0,0,0,0,0,0,0,0
WG_METRICS 577,256,768,1.0361,0.0042,0.0032,0.9934,0.0198,0.0154,256,768,196608,393216,197906.2656,395812.5312,0.0000,0,0.0000,0.0000,0,0.0000,0,0.0000,0.0000,0,0.0000,0.0000,0,0,0,0,0,0,0,0,0,0,0,0,0,0,0,0,0,0,0,0,0,0,0,0,0
WG_METRICS 578,256,768,1.0516,0.0042,0.0033,1.0089,0.0199,0.0154,256,768,196608,393216,194877.4844,389754.9688,0.0000,0,0.0000,0.0000,0,0.0000,0,0.0000,0.0000,0,0.0000,0.0000,0,0,0,0,0,0,0,0,0,0,0,0,0,0,0,0,0,0,0,0,0,0,0,0,0
WG_METRICS 579,256,768,1.0290,0.0042,0.0032,0.9948,0.0112,0.0156,256,768,196608,393216,197635.7188,395271.4375,0.0000,0,0.0000,0.0000,0,0.0000,0,0.0000,0.0000,0,0.0000,0.0000,0,0,0,0,0,0,0,0,0,0,0,0,0,0,0,0,0,0,0,0,0,0,0,0,0
WG_METRICS 580,256,768,1.0143,0.0044,0.0032,0.9803,0.0109,0.0154,256,768,196608,393216,200554.9219,401109.8438,0.0000,0,0.0000,0.0000,0,0.0000,0,0.0000,0.0000,0,0.0000,0.0000,0,0,0,0,0,0,0,0,0,0,0,0,0,0,0,0,0,0,0,0,0,0,0,0,0
WG_METRICS 581,256,768,1.0307,0.0042,0.0032,0.9880,0.0196,0.0156,256,768,196608,393216,198995.9531,397991.9062,0.0000,0,0.0000,0.0000,0,0.0000,0,0.0000,0.0000,0,0.0000,0.0000,0,0,0,0,0,0,0,0,0,0,0,0,0,0,0,0,0,0,0,0,0,0,0,0,0
WG_METRICS 582,256,768,1.0239,0.0041,0.0033,0.9810,0.0199,0.0156,256,768,196608,393216,200424.0781,400848.1562,0.0000,0,0.0000,0.0000,0,0.0000,0,0.0000,0.0000,0,0.0000,0.0000,0,0,0,0,0,0,0,0,0,0,0,0,0,0,0,0,0,0,0,0,0,0,0,0,0
WG_METRICS 583,256,768,1.0133,0.0042,0.0032,0.9796,0.0109,0.0154,256,768,196608,393216,200694.1250,401388.2500,0.0000,0,0.0000,0.0000,0,0.0000,0,0.0000,0.0000,0,0.0000,0.0000,0,0,0,0,0,0,0,0,0,0,0,0,0,0,0,0,0,0,0,0,0,0,0,0,0
WG_METRICS 584,256,768,1.0423,0.0043,0.0033,0.9993,0.0198,0.0156,256,768,196608,393216,196749.6719,393499.3438,0.0000,0,0.0000,0.0000,0,0.0000,0,0.0000,0.0000,0,0.0000,0.0000,0,0,0,0,0,0,0,0,0,0,0,0,0,0,0,0,0,0,0,0,0,0,0,0,0
WG_METRICS 585,256,768,1.0469,0.0042,0.0032,1.0040,0.0198,0.0156,256,768,196608,393216,195816.9062,391633.8125,0.0000,0,0.0000,0.0000,0,0.0000,0,0.0000,0.0000,0,0.0000,0.0000,0,0,0,0,0,0,0,0,0,0,0,0,0,0,0,0,0,0,0,0,0,0,0,0,0
WG_METRICS 586,256,768,1.0157,0.0042,0.0033,0.9816,0.0112,0.0154,256,768,196608,393216,200301.5625,400603.1250,0.0000,0,0.0000,0.0000,0,0.0000,0,0.0000,0.0000,0,0.0000,0.0000,0,0,0,0,0,0,0,0,0,0,0,0,0,0,0,0,0,0,0,0,0,0,0,0,0
WG_METRICS 587,256,768,1.0329,0.0042,0.0033,0.9903,0.0198,0.0154,256,768,196608,393216,198537.7969,397075.5938,0.0000,0,0.0000,0.0000,0,0.0000,0,0.0000,0.0000,0,0.0000,0.0000,0,0,0,0,0,0,0,0,0,0,0,0,0,0,0,0,0,0,0,0,0,0,0,0,0
WG_METRICS 588,256,768,1.0310,0.0043,0.0033,0.9880,0.0199,0.0156,256,768,196608,393216,199004.0156,398008.0312,0.0000,0,0.0000,0.0000,0,0.0000,0,0.0000,0.0000,0,0.0000,0.0000,0,0,0,0,0,0,0,0,0,0,0,0,0,0,0,0,0,0,0,0,0,0,0,0,0
WG_METRICS 589,256,768,1.0277,0.0042,0.0033,0.9845,0.0199,0.0158,256,768,196608,393216,199707.4531,399414.9062,0.0000,0,0.0000,0.0000,0,0.0000,0,0.0000,0.0000,0,0.0000,0.0000,0,0,0,0,0,0,0,0,0,0,0,0,0,0,0,0,0,0,0,0,0,0,0,0,0
WG_METRICS 590,256,768,1.0385,0.0042,0.0032,0.9959,0.0198,0.0153,256,768,196608,393216,197413.4531,394826.9062,0.0000,0,0.0000,0.0000,0,0.0000,0,0.0000,0.0000,0,0.0000,0.0000,0,0,0,0,0,0,0,0,0,0,0,0,0,0,0,0,0,0,0,0,0,0,0,0,0
WG_METRICS 591,256,768,1.0258,0.0042,0.0033,0.9829,0.0196,0.0159,256,768,196608,393216,200032.5625,400065.1250,0.0000,0,0.0000,0.0000,0,0.0000,0,0.0000,0.0000,0,0.0000,0.0000,0,0,0,0,0,0,0,0,0,0,0,0,0,0,0,0,0,0,0,0,0,0,0,0,0
WG_METRICS 592,256,768,1.0096,0.0042,0.0033,0.9756,0.0110,0.0156,256,768,196608,393216,201533.4688,403066.9375,0.0000,0,0.0000,0.0000,0,0.0000,0,0.0000,0.0000,0,0.0000,0.0000,0,0,0,0,0,0,0,0,0,0,0,0,0,0,0,0,0,0,0,0,0,0,0,0,0
WG_METRICS 593,256,768,1.0296,0.0042,0.0032,0.9902,0.0162,0.0158,256,768,196608,393216,198545.8125,397091.6250,0.0000,0,0.0000,0.0000,0,0.0000,0,0.0000,0.0000,0,0.0000,0.0000,0,0,0,0,0,0,0,0,0,0,0,0,0,0,0,0,0,0,0,0,0,0,0,0,0
WG_METRICS 594,256,768,1.0241,0.0042,0.0033,0.9851,0.0162,0.0153,256,768,196608,393216,199577.7188,399155.4375,0.0000,0,0.0000,0.0000,0,0.0000,0,0.0000,0.0000,0,0.0000,0.0000,0,0,0,0,0,0,0,0,0,0,0,0,0,0,0,0,0,0,0,0,0,0,0,0,0
WG_METRICS 595,256,768,1.0426,0.0042,0.0033,0.9992,0.0198,0.0162,256,768,196608,393216,196757.5469,393515.0938,0.0000,0,0.0000,0.0000,0,0.0000,0,0.0000,0.0000,0,0.0000,0.0000,0,0,0,0,0,0,0,0,0,0,0,0,0,0,0,0,0,0,0,0,0,0,0,0,0
WG_METRICS 596,256,768,1.0254,0.0042,0.0032,0.9826,0.0198,0.0155,256,768,196608,393216,200081.4062,400162.8125,0.0000,0,0.0000,0.0000,0,0.0000,0,0.0000,0.0000,0,0.0000,0.0000,0,0,0,0,0,0,0,0,0,0,0,0,0,0,0,0,0,0,0,0,0,0,0,0,0
WG_METRICS 597,256,768,1.0159,0.0041,0.0033,0.9862,0.0068,0.0155,256,768,196608,393216,199351.0625,398702.1250,0.0000,0,0.0000,0.0000,0,0.0000,0,0.0000,0.0000,0,0.0000,0.0000,0,0,0,0,0,0,0,0,0,0,0,0,0,0,0,0,0,0,0,0,0,0,0,0,0
WG_METRICS 598,256,768,1.0231,0.0042,0.0033,0.9891,0.0110,0.0155,256,768,196608,393216,198778.6562,397557.3125,0.0000,0,0.0000,0.0000,0,0.0000,0,0.0000,0.0000,0,0.0000,0.0000,0,0,0,0,0,0,0,0,0,0,0,0,0,0,0,0,0,0,0,0,0,0,0,0,0
WG_METRICS 599,256,768,1.0224,0.0042,0.0033,0.9882,0.0112,0.0154,256,768,196608,393216,198955.6719,397911.3438,0.0000,0,0.0000,0.0000,0,0.0000,0,0.0000,0.0000,0,0.0000,0.0000,0,0,0,0,0,0,0,0,0,0,0,0,0,0,0,0,0,0,0,0,0,0,0,0,0
WG_METRICS 600,256,768,1.0212,0.0042,0.0033,0.9873,0.0111,0.0153,256,768,196608,393216,199141.0781,398282.1562,0.0000,0,0.0000,0.0000,0,0.0000,0,0.0000,0.0000,0,0.0000,0.0000,0,0,0,0,0,0,0,0,0,0,0,0,0,0,0,0,0,0,0,0,0,0,0,0,0
WG_METRICS 601,256,768,1.0246,0.0042,0.0033,0.9819,0.0200,0.0153,256,768,196608,393216,200228.1250,400456.2500,0.0000,0,0.0000,0.0000,0,0.0000,0,0.0000,0.0000,0,0.0000,0.0000,0,0,0,0,0,0,0,0,0,0,0,0,0,0,0,0,0,0,0,0,0,0,0,0,0
WG_METRICS 602,256,768,1.0230,0.0041,0.0033,0.9886,0.0110,0.0160,256,768,196608,393216,198883.2188,397766.4375,0.0000,0,0.0000,0.0000,0,0.0000,0,0.0000,0.0000,0,0.0000,0.0000,0,0,0,0,0,0,0,0,0,0,0,0,0,0,0,0,0,0,0,0,0,0,0,0,0
WG_METRICS 603,256,768,1.0321,0.0042,0.0033,0.9889,0.0198,0.0160,256,768,196608,393216,198818.8750,397637.7500,0.0000,0,0.0000,0.0000,0,0.0000,0,0.0000,0.0000,0,0.0000,0.0000,0,0,0,0,0,0,0,0,0,0,0,0,0,0,0,0,0,0,0,0,0,0,0,0,0
WG_METRICS 604,256,768,1.0362,0.0042,0.0033,0.9934,0.0198,0.0156,256,768,196608,393216,197922.2031,395844.4062,0.0000,0,0.0000,0.0000,0,0.0000,0,0.0000,0.0000,0,0.0000,0.0000,0,0,0,0,0,0,0,0,0,0,0,0,0,0,0,0,0,0,0,0,0,0,0,0,0
WG_METRICS 605,256,768,1.0197,0.0042,0.0032,0.9767,0.0196,0.0159,256,768,196608,393216,201294.1250,402588.2500,0.0000,0,0.0000,0.0000,0,0.0000,0,0.0000,0.0000,0,0.0000,0.0000,0,0,0,0,0,0,0,0,0,0,0,0,0,0,0,0,0,0,0,0,0,0,0,0,0
WG_METRICS 606,256,768,1.0356,0.0042,0.0032,0.9917,0.0198,0.0166,256,768,196608,393216,198257.5000,396515.0000,0.0000,0,0.0000,0.0000,0,0.0000,0,0.0000,0.0000,0,0.0000,0.0000,0,0,0,0,0,0,0,0,0,0,0,0,0,0,0,0,0,0,0,0,0,0,0,0,0
WG_METRICS 607,256,768,1.0330,0.0044,0.0032,0.9899,0.0198,0.0156,256,768,196608,393216,198609.9844,397219.9688,0.0000,0,0.0000,0.0000,0,0.0000,0,0.0000,0.0000,0,0.0000,0.0000,0,0,0,0,0,0,0,0,0,0,0,0,0,0,0,0,0,0,0,0,0,0,0,0,0
WG_METRICS 608,256,768,1.0385,0.0042,0.0033,0.9958,0.0199,0.0153,256,768,196608,393216,197429.2969,394858.5938,0.0000,0,0.0000,0.0000,0,0.0000,0,0.0000,0.0000,0,0.0000,0.0000,0,0,0,0,0,0,0,0,0,0,0,0,0,0,0,0,0,0,0,0,0,0,0,0,0
WG_METRICS 609,256,768,1.0314,0.0044,0.0032,0.9882,0.0199,0.0158,256,768,196608,393216,198963.7344,397927.4688,0.0000,0,0.0000,0.0000,0,0.0000,0,0.0000,0.0000,0,0.0000,0.0000,0,0,0,0,0,0,0,0,0,0,0,0,0,0,0,0,0,0,0,0,0,0,0,0,0
WG_METRICS 610,256,768,1.0481,0.0042,0.0032,1.0057,0.0199,0.0152,256,768,196608,393216,195497.5781,390995.1562,0.0000,0,0.0000,0.0000,0,0.0000,0,0.0000,0.0000,0,0.0000,0.0000,0,0,0,0,0,0,0,0,0,0,0,0,0,0,0,0,0,0,0,0,0,0,0,0,0
WG_METRICS 611,256,768,1.0284,0.0042,0.0032,0.9946,0.0110,0.0153,256,768,196608,393216,197675.4531,395350.9062,0.0000,0,0.0000,0.0000,0,0.0000,0,0.0000,0.0000,0,0.0000,0.0000,0,0,0,0,0,0,0,0,0,0,0,0,0,0,0,0,0,0,0,0,0,0,0,0,0
WG_METRICS 612,256,768,1.0343,0.0042,0.0033,0.9914,0.0198,0.0157,256,768,196608,393216,198321.5000,396643.0000,0.0000,0,0.0000,0.0000,0,0.0000,0,0.0000,0.0000,0,0.0000,0.0000,0,0,0,0,0,0,0,0,0,0,0,0,0,0,0,0,0,0,0,0,0,0,0,0,0
WG_METRICS 613,256,768,1.0345,0.0041,0.0033,1.0042,0.0067,0.0162,256,768,196608,393216,195785.7031,391571.4062,0.0000,0,0.0000,0.0000,0,0.0000,0,0.0000,0.0000,0,0.0000,0.0000,0,0,0,0,0,0,0,0,0,0,0,0,0,0,0,0,0,0,0,0,0,0,0,0,0
WG_METRICS 614,256,768,1.0245,0.0042,0.0032,0.9947,0.0068,0.0155,256,768,196608,393216,197659.5469,395319.0938,0.0000,0,0.0000,0.0000,0,0.0000,0,0.0000,0.0000,0,0.0000,0.0000,0,0,0,0,0,0,0,0,0,0,0,0,0,0,0,0,0,0,0,0,0,0,0,0,0
WG_METRICS 615,256,768,1.0316,0.0042,0.0033,0.9889,0.0198,0.0155,256,768,196608,393216,198810.8281,397621.6562,0.0000,0,0.0000,0.0000,0,0.0000,0,0.0000,0.0000,0,0.0000,0.0000,0,0,0,0,0,0,0,0,0,0,0,0,0,0,0,0,0,0,0,0,0,0,0,0,0
WG_METRICS 616,256,768,1.0162,0.0042,0.0033,0.9816,0.0111,0.0161,256,768,196608,393216,200285.2344,400570.4688,0.0000,0,0.0000,0.0000,0,0.0000,0,0.0000,0.0000,0,0.0000,0.0000,0,0,0,0,0,0,0,0,0,0,0,0,0,0,0,0,0,0,0,0,0,0,0,0,0
WG_METRICS 617,256,768,1.0272,0.0042,0.0033,0.9849,0.0196,0.0152,256,768,196608,393216,199626.3594,399252.7188,0.0000,0,0.0000,0.0000,0,0.0000,0,0.0000,0.0000,0,0.0000,0.0000,0,0,0,0,0,0,0,0,0,0,0,0,0,0,0,0,0,0,0,0,0,0,0,0,0
WG_METRICS 618,256,768,1.0398,0.0042,0.0032,0.9971,0.0198,0.0154,256,768,196608,393216,197175.8594,394351.7188,0.0000,0,0.0000,0.0000,0,0.0000,0,0.0000,0.0000,0,0.0000,0.0000,0,0,0,0,0,0,0,0,0,0,0,0,0,0,0,0,0,0,0,0,0,0,0,0,0
WG_METRICS 619,256,768,1.0329,0.0041,0.0033,0.9902,0.0197,0.0156,256,768,196608,393216,198553.8281,397107.6562,0.0000,0,0.0000,0.0000,0,0.0000,0,0.0000,0.0000,0,0.0000,0.0000,0,0,0,0,0,0,0,0,0,0,0,0,0,0,0,0,0,0,0,0,0,0,0,0,0
WG_METRICS 620,256,768,1.0352,0.0042,0.0033,0.9925,0.0199,0.0153,256,768,196608,393216,198089.7188,396179.4375,0.0000,0,0.0000,0.0000,0,0.0000,0,0.0000,0.0000,0,0.0000,0.0000,0,0,0,0,0,0,0,0,0,0,0,0,0,0,0,0,0,0,0,0,0,0,0,0,0
WG_METRICS 621,256,768,1.0214,0.0041,0.0033,0.9875,0.0111,0.0154,256,768,196608,393216,199100.7500,398201.5000,0.0000,0,0.0000,0.0000,0,0.0000,0,0.0000,0.0000,0,0.0000,0.0000,0,0,0,0,0,0,0,0,0,0,0,0,0,0,0,0,0,0,0,0,0,0,0,0,0
WG_METRICS 622,256,768,2.7594,0.0042,0.0033,0.9870,0.0370,1.7280,256,768,196608,393216,199189.5000,398379.0000,0.0000,0,0.0000,0.0000,0,0.0000,0,0.0000,0.0000,0,0.0000,0.0000,0,0,0,0,0,0,0,0,0,0,0,0,0,0,0,0,0,0,0,0,0,0,0,0,0
WG_METRICS 623,256,768,1.0223,0.0042,0.0033,0.9881,0.0111,0.0156,256,768,196608,393216,198971.7812,397943.5625,0.0000,0,0.0000,0.0000,0,0.0000,0,0.0000,0.0000,0,0.0000,0.0000,0,0,0,0,0,0,0,0,0,0,0,0,0,0,0,0,0,0,0,0,0,0,0,0,0
WG_METRICS 624,256,768,1.0329,0.0042,0.0033,0.9810,0.0290,0.0155,256,768,196608,393216,200415.9062,400831.8125,0.0000,0,0.0000,0.0000,0,0.0000,0,0.0000,0.0000,0,0.0000,0.0000,0,0,0,0,0,0,0,0,0,0,0,0,0,0,0,0,0,0,0,0,0,0,0,0,0
WG_METRICS 625,256,768,1.0256,0.0042,0.0033,0.9915,0.0111,0.0155,256,768,196608,393216,198289.5000,396579.0000,0.0000,0,0.0000,0.0000,0,0.0000,0,0.0000,0.0000,0,0.0000,0.0000,0,0,0,0,0,0,0,0,0,0,0,0,0,0,0,0,0,0,0,0,0,0,0,0,0
WG_METRICS 626,256,768,1.0133,0.0042,0.0033,0.9790,0.0112,0.0156,256,768,196608,393216,200825.3438,401650.6875,0.0000,0,0.0000,0.0000,0,0.0000,0,0.0000,0.0000,0,0.0000,0.0000,0,0,0,0,0,0,0,0,0,0,0,0,0,0,0,0,0,0,0,0,0,0,0,0,0
WG_METRICS 627,256,768,1.0310,0.0042,0.0032,0.9970,0.0112,0.0154,256,768,196608,393216,197199.6094,394399.2188,0.0000,0,0.0000,0.0000,0,0.0000,0,0.0000,0.0000,0,0.0000,0.0000,0,0,0,0,0,0,0,0,0,0,0,0,0,0,0,0,0,0,0,0,0,0,0,0,0
WG_METRICS 628,256,768,1.0089,0.0041,0.0032,0.9746,0.0110,0.0159,256,768,196608,393216,201740.2656,403480.5312,0.0000,0,0.0000,0.0000,0,0.0000,0,0.0000,0.0000,0,0.0000,0.0000,0,0,0,0,0,0,0,0,0,0,0,0,0,0,0,0,0,0,0,0,0,0,0,0,0
WG_METRICS 629,256,768,1.0255,0.0042,0.0032,0.9829,0.0197,0.0155,256,768,196608,393216,200024.4219,400048.8438,0.0000,0,0.0000,0.0000,0,0.0000,0,0.0000,0.0000,0,0.0000,0.0000,0,0,0,0,0,0,0,0,0,0,0,0,0,0,0,0,0,0,0,0,0,0,0,0,0
WG_METRICS 630,256,768,1.0268,0.0042,0.0032,0.9843,0.0198,0.0153,256,768,196608,393216,199748.0469,399496.0938,0.0000,0,0.0000,0.0000,0,0.0000,0,0.0000,0.0000,0,0.0000,0.0000,0,0,0,0,0,0,0,0,0,0,0,0,0,0,0,0,0,0,0,0,0,0,0,0,0
WG_METRICS 631,256,768,1.0283,0.0042,0.0033,0.9852,0.0199,0.0158,256,768,196608,393216,199569.6094,399139.2188,0.0000,0,0.0000,0.0000,0,0.0000,0,0.0000,0.0000,0,0.0000,0.0000,0,0,0,0,0,0,0,0,0,0,0,0,0,0,0,0,0,0,0,0,0,0,0,0,0
WG_METRICS 632,256,768,1.0162,0.0042,0.0032,0.9724,0.0199,0.0164,256,768,196608,393216,202180.0781,404360.1562,0.0000,0,0.0000,0.0000,0,0.0000,0,0.0000,0.0000,0,0.0000,0.0000,0,0,0,0,0,0,0,0,0,0,0,0,0,0,0,0,0,0,0,0,0,0,0,0,0
WG_METRICS 633,256,768,1.0502,0.0042,0.0032,1.0154,0.0112,0.0162,256,768,196608,393216,193626.1406,387252.2812,0.0000,0,0.0000,0.0000,0,0.0000,0,0.0000,0.0000,0,0.0000,0.0000,0,0,0,0,0,0,0,0,0,0,0,0,0,0,0,0,0,0,0,0,0,0,0,0,0
WG_METRICS 634,256,768,1.0178,0.0042,0.0032,0.9872,0.0069,0.0162,256,768,196608,393216,199157.2031,398314.4062,0.0000,0,0.0000,0.0000,0,0.0000,0,0.0000,0.0000,0,0.0000,0.0000,0,0,0,0,0,0,0,0,0,0,0,0,0,0,0,0,0,0,0,0,0,0,0,0,0
WG_METRICS 635,256,768,1.0286,0.0042,0.0033,0.9859,0.0198,0.0154,256,768,196608,393216,199415.7656,398831.5312,0.0000,0,0.0000,0.0000,0,0.0000,0,0.0000,0.0000,0,0.0000,0.0000,0,0,0,0,0,0,0,0,0,0,0,0,0,0,0,0,0,0,0,0,0,0,0,0,0
WG_METRICS 636,256,768,1.0151,0.0042,0.0033,0.9850,0.0070,0.0157,256,768,196608,393216,199593.9219,399187.8438,0.0000,0,0.0000,0.0000,0,0.0000,0,0.0000,0.0000,0,0.0000,0.0000,0,0,0,0,0,0,0,0,0,0,0,0,0,0,0,0,0,0,0,0,0,0,0,0,0
WG_METRICS 637,256,768,1.0193,0.0042,0.0033,0.9765,0.0199,0.0154,256,768,196608,393216,201335.3594,402670.7188,0.0000,0,0.0000,0.0000,0,0.0000,0,0.0000,0.0000,0,0.0000,0.0000,0,0,0,0,0,0,0,0,0,0,0,0,0,0,0,0,0,0,0,0,0,0,0,0,0
WG_METRICS 638,256,768,1.0511,0.0042,0.0032,1.0086,0.0196,0.0154,256,768,196608,393216,194923.8438,389847.6875,0.0000,0,0.0000,0.0000,0,0.0000,0,0.0000,0.0000,0,0.0000,0.0000,0,0,0,0,0,0,0,0,0,0,0,0,0,0,0,0,0,0,0,0,0,0,0,0,0
WG_METRICS 639,256,768,1.0410,0.0042,0.0033,0.9982,0.0197,0.0156,256,768,196608,393216,196954.6406,393909.2812,0.0000,0,0.0000,0.0000,0,0.0000,0,0.0000,0.0000,0,0.0000,0.0000,0,0,0,0,0,0,0,0,0,0,0,0,0,0,0,0,0,0,0,0,0,0,0,0,0
WG_METRICS 640,256,768,1.0431,0.0042,0.0033,1.0003,0.0199,0.0155,256,768,196608,393216,196552.9531,393105.9062,0.0000,0,0.0000,0.0000,0,0.0000,0,0.0000,0.0000,0,0.0000,0.0000,0,0,0,0,0,0,0,0,0,0,0,0,0,0,0,0,0,0,0,0,0,0,0,0,0
WG_METRICS 641,256,768,1.0280,0.0042,0.0033,0.9857,0.0196,0.0153,256,768,196608,393216,199456.2344,398912.4688,0.0000,0,0.0000,0.0000,0,0.0000,0,0.0000,0.0000,0,0.0000,0.0000,0,0,0,0,0,0,0,0,0,0,0,0,0,0,0,0,0,0,0,0,0,0,0,0,0
WG_METRICS 642,256,768,1.0528,0.0042,0.0033,1.0099,0.0199,0.0156,256,768,196608,393216,194684.5312,389369.0625,0.0000,0,0.0000,0.0000,0,0.0000,0,0.0000,0.0000,0,0.0000,0.0000,0,0,0,0,0,0,0,0,0,0,0,0,0,0,0,0,0,0,0,0,0,0,0,0,0
WG_METRICS 643,256,768,1.0396,0.0041,0.0033,0.9972,0.0198,0.0152,256,768,196608,393216,197152.1406,394304.2812,0.0000,0,0.0000,0.0000,0,0.0000,0,0.0000,0.0000,0,0.0000,0.0000,0,0,0,0,0,0,0,0,0,0,0,0,0,0,0,0,0,0,0,0,0,0,0,0,0
WG_METRICS 644,256,768,1.0274,0.0042,0.0033,0.9936,0.0110,0.0154,256,768,196608,393216,197874.3906,395748.7812,0.0000,0,0.0000,0.0000,0,0.0000,0,0.0000,0.0000,0,0.0000,0.0000,0,0,0,0,0,0,0,0,0,0,0,0,0,0,0,0,0,0,0,0,0,0,0,0,0
WG_METRICS 645,256,768,1.0429,0.0042,0.0033,1.0003,0.0198,0.0154,256,768,196608,393216,196552.9531,393105.9062,0.0000,0,0.0000,0.0000,0,0.0000,0,0.0000,0.0000,0,0.0000,0.0000,0,0,0,0,0,0,0,0,0,0,0,0,0,0,0,0,0,0,0,0,0,0,0,0,0
WG_METRICS 646,256,768,1.0315,0.0041,0.0033,0.9887,0.0197,0.0158,256,768,196608,393216,198859.0781,397718.1562,0.0000,0,0.0000,0.0000,0,0.0000,0,0.0000,0.0000,0,0.0000,0.0000,0,0,0,0,0,0,0,0,0,0,0,0,0,0,0,0,0,0,0,0,0,0,0,0,0
WG_METRICS 647,256,768,1.0320,0.0042,0.0032,0.9972,0.0112,0.0162,256,768,196608,393216,197152.1406,394304.2812,0.0000,0,0.0000,0.0000,0,0.0000,0,0.0000,0.0000,0,0.0000,0.0000,0,0,0,0,0,0,0,0,0,0,0,0,0,0,0,0,0,0,0,0,0,0,0,0,0
WG_METRICS 648,256,768,1.0213,0.0042,0.0033,0.9785,0.0198,0.0155,256,768,196608,393216,200923.8438,401847.6875,0.0000,0,0.0000,0.0000,0,0.0000,0,0.0000,0.0000,0,0.0000,0.0000,0,0,0,0,0,0,0,0,0,0,0,0,0,0,0,0,0,0,0,0,0,0,0,0,0
WG_METRICS 649,256,768,1.0314,0.0042,0.0033,0.9891,0.0196,0.0153,256,768,196608,393216,198778.6562,397557.3125,0.0000,0,0.0000,0.0000,0,0.0000,0,0.0000,0.0000,0,0.0000,0.0000,0,0,0,0,0,0,0,0,0,0,0,0,0,0,0,0,0,0,0,0,0,0,0,0,0
WG_METRICS 650,256,768,1.0388,0.0042,0.0033,0.9957,0.0200,0.0157,256,768,196608,393216,197461.0312,394922.0625,0.0000,0,0.0000,0.0000,0,0.0000,0,0.0000,0.0000,0,0.0000,0.0000,0,0,0,0,0,0,0,0,0,0,0,0,0,0,0,0,0,0,0,0,0,0,0,0,0
WG_METRICS 651,256,768,1.0340,0.0042,0.0032,0.9910,0.0199,0.0158,256,768,196608,393216,198393.5469,396787.0938,0.0000,0,0.0000,0.0000,0,0.0000,0,0.0000,0.0000,0,0.0000,0.0000,0,0,0,0,0,0,0,0,0,0,0,0,0,0,0,0,0,0,0,0,0,0,0,0,0
WG_METRICS 652,256,768,1.0250,0.0042,0.0033,0.9823,0.0198,0.0154,256,768,196608,393216,200154.7344,400309.4688,0.0000,0,0.0000,0.0000,0,0.0000,0,0.0000,0.0000,0,0.0000,0.0000,0,0,0,0,0,0,0,0,0,0,0,0,0,0,0,0,0,0,0,0,0,0,0,0,0
WG_METRICS 653,256,768,1.0060,0.0042,0.0032,0.9718,0.0111,0.0156,256,768,196608,393216,202304.9062,404609.8125,0.0000,0,0.0000,0.0000,0,0.0000,0,0.0000,0.0000,0,0.0000,0.0000,0,0,0,0,0,0,0,0,0,0,0,0,0,0,0,0,0,0,0,0,0,0,0,0,0
WG_METRICS 654,256,768,1.0251,0.0041,0.0033,0.9861,0.0162,0.0154,256,768,196608,393216,199375.3281,398750.6562,0.0000,0,0.0000,0.0000,0,0.0000,0,0.0000,0.0000,0,0.0000,0.0000,0,0,0,0,0,0,0,0,0,0,0,0,0,0,0,0,0,0,0,0,0,0,0,0,0
WG_METRICS 655,256,768,1.0351,0.0041,0.0033,0.9961,0.0161,0.0156,256,768,196608,393216,197381.7344,394763.4688,0.0000,0,0.0000,0.0000,0,0.0000,0,0.0000,0.0000,0,0.0000,0.0000,0,0,0,0,0,0,0,0,0,0,0,0,0,0,0,0,0,0,0,0,0,0,0,0,0
WG_METRICS 656,256,768,1.0365,0.0042,0.0033,1.0021,0.0112,0.0157,256,768,196608,393216,196192.0625,392384.1250,0.0000,0,0.0000,0.0000,0,0.0000,0,0.0000,0.0000,0,0.0000,0.0000,0,0,0,0,0,0,0,0,0,0,0,0,0,0,0,0,0,0,0,0,0,0,0,0,0
WG_METRICS 657,256,768,1.0229,0.0042,0.0033,0.9837,0.0162,0.0155,256,768,196608,393216,199861.7500,399723.5000,0.0000,0,0.0000,0.0000,0,0.0000,0,0.0000,0.0000,0,0.0000,0.0000,0,0,0,0,0,0,0,0,0,0,0,0,0,0,0,0,0,0,0,0,0,0,0,0,0
WG_METRICS 658,256,768,1.0386,0.0042,0.0033,0.9992,0.0162,0.0157,256,768,196608,393216,196757.5469,393515.0938,0.0000,0,0.0000,0.0000,0,0.0000,0,0.0000,0.0000,0,0.0000,0.0000,0,0,0,0,0,0,0,0,0,0,0,0,0,0,0,0,0,0,0,0,0,0,0,0,0
WG_METRICS 659,256,768,1.0423,0.0044,0.0032,0.9994,0.0197,0.0155,256,768,196608,393216,196726.0312,393452.0625,0.0000,0,0.0000,0.0000,0,0.0000,0,0.0000,0.0000,0,0.0000,0.0000,0,0,0,0,0,0,0,0,0,0,0,0,0,0,0,0,0,0,0,0,0,0,0,0,0
WG_METRICS 660,256,768,1.0138,0.0042,0.0033,0.9740,0.0162,0.0161,256,768,196608,393216,201847.9844,403695.9688,0.0000,0,0.0000,0.0000,0,0.0000,0,0.0000,0.0000,0,0.0000,0.0000,0,0,0,0,0,0,0,0,0,0,0,0,0,0,0,0,0,0,0,0,0,0,0,0,0
WG_METRICS 661,256,768,1.0059,0.0042,0.0033,0.9787,0.0044,0.0154,256,768,196608,393216,200891.0000,401782.0000,0.0000,0,0.0000,0.0000,0,0.0000,0,0.0000,0.0000,0,0.0000,0.0000,0,0,0,0,0,0,0,0,0,0,0,0,0,0,0,0,0,0,0,0,0,0,0,0,0
WG_METRICS 662,256,768,1.0168,0.0042,0.0032,0.9861,0.0076,0.0157,256,768,196608,393216,199375.3281,398750.6562,0.0000,0,0.0000,0.0000,0,0.0000,0,0.0000,0.0000,0,0.0000,0.0000,0,0,0,0,0,0,0,0,0,0,0,0,0,0,0,0,0,0,0,0,0,0,0,0,0
WG_METRICS 663,256,768,1.0174,0.0041,0.0033,0.9889,0.0043,0.0168,256,768,196608,393216,198810.8281,397621.6562,0.0000,0,0.0000,0.0000,0,0.0000,0,0.0000,0.0000,0,0.0000,0.0000,0,0,0,0,0,0,0,0,0,0,0,0,0,0,0,0,0,0,0,0,0,0,0,0,0
WG_METRICS 664,256,768,1.0330,0.0042,0.0033,0.9986,0.0112,0.0158,256,768,196608,393216,196891.5156,393783.0312,0.0000,0,0.0000,0.0000,0,0.0000,0,0.0000,0.0000,0,0.0000,0.0000,0,0,0,0,0,0,0,0,0,0,0,0,0,0,0,0,0,0,0,0,0,0,0,0,0
WG_METRICS 665,256,768,1.0380,0.0042,0.0033,0.9988,0.0161,0.0156,256,768,196608,393216,196844.2188,393688.4375,0.0000,0,0.0000,0.0000,0,0.0000,0,0.0000,0.0000,0,0.0000,0.0000,0,0,0,0,0,0,0,0,0,0,0,0,0,0,0,0,0,0,0,0,0,0,0,0,0
WG_METRICS 666,256,768,1.0227,0.0042,0.0032,0.9839,0.0162,0.0152,256,768,196608,393216,199829.2500,399658.5000,0.0000,0,0.0000,0.0000,0,0.0000,0,0.0000,0.0000,0,0.0000,0.0000,0,0,0,0,0,0,0,0,0,0,0,0,0,0,0,0,0,0,0,0,0,0,0,0,0
WG_METRICS 667,256,768,1.0115,0.0042,0.0032,0.9774,0.0110,0.0156,256,768,196608,393216,201145.8438,402291.6875,0.0000,0,0.0000,0.0000,0,0.0000,0,0.0000,0.0000,0,0.0000,0.0000,0,0,0,0,0,0,0,0,0,0,0,0,0,0,0,0,0,0,0,0,0,0,0,0,0
WG_METRICS 668,256,768,1.0206,0.0042,0.0033,0.9910,0.0068,0.0152,256,768,196608,393216,198385.5312,396771.0625,0.0000,0,0.0000,0.0000,0,0.0000,0,0.0000,0.0000,0,0.0000,0.0000,0,0,0,0,0,0,0,0,0,0,0,0,0,0,0,0,0,0,0,0,0,0,0,0,0
WG_METRICS 669,256,768,1.0268,0.0042,0.0033,0.9926,0.0111,0.0156,256,768,196608,393216,198073.7344,396147.4688,0.0000,0,0.0000,0.0000,0,0.0000,0,0.0000,0.0000,0,0.0000,0.0000,0,0,0,0,0,0,0,0,0,0,0,0,0,0,0,0,0,0,0,0,0,0,0,0,0
WG_METRICS 670,256,768,1.0156,0.0041,0.0032,0.9854,0.0075,0.0154,256,768,196608,393216,199529.0938,399058.1875,0.0000,0,0.0000,0.0000,0,0.0000,0,0.0000,0.0000,0,0.0000,0.0000,0,0,0,0,0,0,0,0,0,0,0,0,0,0,0,0,0,0,0,0,0,0,0,0,0
WG_METRICS 671,256,768,1.0286,0.0041,0.0033,0.9859,0.0199,0.0154,256,768,196608,393216,199415.7656,398831.5312,0.0000,0,0.0000,0.0000,0,0.0000,0,0.0000,0.0000,0,0.0000,0.0000,0,0,0,0,0,0,0,0,0,0,0,0,0,0,0,0,0,0,0,0,0,0,0,0,0
WG_METRICS 672,256,768,1.0150,0.0042,0.0032,0.9807,0.0111,0.0158,256,768,196608,393216,200481.2969,400962.5938,0.0000,0,0.0000,0.0000,0,0.0000,0,0.0000,0.0000,0,0.0000,0.0000,0,0,0,0,0,0,0,0,0,0,0,0,0,0,0,0,0,0,0,0,0,0,0,0,0
WG_METRICS 673,256,768,1.0288,0.0042,0.0033,0.9859,0.0199,0.0156,256,768,196608,393216,199423.8594,398847.7188,0.0000,0,0.0000,0.0000,0,0.0000,0,0.0000,0.0000,0,0.0000,0.0000,0,0,0,0,0,0,0,0,0,0,0,0,0,0,0,0,0,0,0,0,0,0,0,0,0
WG_METRICS 674,256,768,1.0125,0.0042,0.0032,0.9615,0.0281,0.0155,256,768,196608,393216,204484.7500,408969.5000,0.0000,0,0.0000,0.0000,0,0.0000,0,0.0000,0.0000,0,0.0000,0.0000,0,0,0,0,0,0,0,0,0,0,0,0,0,0,0,0,0,0,0,0,0,0,0,0,0
WG_METRICS 675,256,768,1.0294,0.0042,0.0033,0.9869,0.0196,0.0154,256,768,196608,393216,199221.7812,398443.5625,0.0000,0,0.0000,0.0000,0,0.0000,0,0.0000,0.0000,0,0.0000,0.0000,0,0,0,0,0,0,0,0,0,0,0,0,0,0,0,0,0,0,0,0,0,0,0,0,0
WG_METRICS 676,256,768,1.0434,0.0042,0.0032,1.0093,0.0112,0.0154,256,768,196608,393216,194800.2656,389600.5312,0.0000,0,0.0000,0.0000,0,0.0000,0,0.0000,0.0000,0,0.0000,0.0000,0,0,0,0,0,0,0,0,0,0,0,0,0,0,0,0,0,0,0,0,0,0,0,0,0
WG_METRICS 677,256,768,1.0120,0.0044,0.0033,0.9778,0.0111,0.0154,256,768,196608,393216,201080.0156,402160.0312,0.0000,0,0.0000,0.0000,0,0.0000,0,0.0000,0.0000,0,0.0000,0.0000,0,0,0,0,0,0,0,0,0,0,0,0,0,0,0,0,0,0,0,0,0,0,0,0,0
WG_METRICS 678,256,768,1.0233,0.0042,0.0032,0.9894,0.0110,0.0154,256,768,196608,393216,198706.3281,397412.6562,0.0000,0,0.0000,0.0000,0,0.0000,0,0.0000,0.0000,0,0.0000,0.0000,0,0,0,0,0,0,0,0,0,0,0,0,0,0,0,0,0,0,0,0,0,0,0,0,0
WG_METRICS 679,256,768,1.0298,0.0042,0.0032,0.9871,0.0198,0.0155,256,768,196608,393216,199181.4219,398362.8438,0.0000,0,0.0000,0.0000,0,0.0000,0,0.0000,0.0000,0,0.0000,0.0000,0,0,0,0,0,0,0,0,0,0,0,0,0,0,0,0,0,0,0,0,0,0,0,0,0
WG_METRICS 680,256,768,1.0328,0.0041,0.0033,0.9902,0.0199,0.0153,256,768,196608,393216,198553.8281,397107.6562,0.0000,0,0.0000,0.0000,0,0.0000,0,0.0000,0.0000,0,0.0000,0.0000,0,0,0,0,0,0,0,0,0,0,0,0,0,0,0,0,0,0,0,0,0,0,0,0,0
WG_METRICS 681,256,768,1.0246,0.0042,0.0033,0.9814,0.0197,0.0161,256,768,196608,393216,200334.2188,400668.4375,0.0000,0,0.0000,0.0000,0,0.0000,0,0.0000,0.0000,0,0.0000,0.0000,0,0,0,0,0,0,0,0,0,0,0,0,0,0,0,0,0,0,0,0,0,0,0,0,0
WG_METRICS 682,256,768,1.0370,0.0042,0.0032,0.9944,0.0198,0.0154,256,768,196608,393216,197723.1562,395446.3125,0.0000,0,0.0000,0.0000,0,0.0000,0,0.0000,0.0000,0,0.0000,0.0000,0,0,0,0,0,0,0,0,0,0,0,0,0,0,0,0,0,0,0,0,0,0,0,0,0
WG_METRICS 683,256,768,3.3660,0.0041,0.0033,0.9978,0.0364,2.3244,256,768,196608,393216,197041.5000,394083.0000,0.0000,0,0.0000,0.0000,0,0.0000,0,0.0000,0.0000,0,0.0000,0.0000,0,0,0,0,0,0,0,0,0,0,0,0,0,0,0,0,0,0,0,0,0,0,0,0,0
WG_METRICS 684,256,768,1.0207,0.0042,0.0033,0.9869,0.0110,0.0153,256,768,196608,393216,199221.7812,398443.5625,0.0000,0,0.0000,0.0000,0,0.0000,0,0.0000,0.0000,0,0.0000,0.0000,0,0,0,0,0,0,0,0,0,0,0,0,0,0,0,0,0,0,0,0,0,0,0,0,0
WG_METRICS 685,256,768,1.0371,0.0042,0.0032,0.9946,0.0197,0.0154,256,768,196608,393216,197667.5000,395335.0000,0.0000,0,0.0000,0.0000,0,0.0000,0,0.0000,0.0000,0,0.0000,0.0000,0,0,0,0,0,0,0,0,0,0,0,0,0,0,0,0,0,0,0,0,0,0,0,0,0
WG_METRICS 686,256,768,1.0264,0.0042,0.0033,0.9834,0.0200,0.0154,256,768,196608,393216,199918.6562,399837.3125,0.0000,0,0.0000,0.0000,0,0.0000,0,0.0000,0.0000,0,0.0000,0.0000,0,0,0,0,0,0,0,0,0,0,0,0,0,0,0,0,0,0,0,0,0,0,0,0,0
WG_METRICS 687,256,768,1.0329,0.0042,0.0033,0.9898,0.0196,0.0160,256,768,196608,393216,198626.0469,397252.0938,0.0000,0,0.0000,0.0000,0,0.0000,0,0.0000,0.0000,0,0.0000,0.0000,0,0,0,0,0,0,0,0,0,0,0,0,0,0,0,0,0,0,0,0,0,0,0,0,0
WG_METRICS 688,256,768,1.0473,0.0044,0.0033,1.0040,0.0197,0.0160,256,768,196608,393216,195832.5000,391665.0000,0.0000,0,0.0000,0.0000,0,0.0000,0,0.0000,0.0000,0,0.0000,0.0000,0,0,0,0,0,0,0,0,0,0,0,0,0,0,0,0,0,0,0,0,0,0,0,0,0
WG_METRICS 689,256,768,1.0484,0.0042,0.0033,1.0058,0.0197,0.0154,256,768,196608,393216,195466.4844,390932.9688,0.0000,0,0.0000,0.0000,0,0.0000,0,0.0000,0.0000,0,0.0000,0.0000,0,0,0,0,0,0,0,0,0,0,0,0,0,0,0,0,0,0,0,0,0,0,0,0,0
WG_METRICS 690,256,768,1.0342,0.0042,0.0032,0.9918,0.0198,0.0152,256,768,196608,393216,198241.5000,396483.0000,0.0000,0,0.0000,0.0000,0,0.0000,0,0.0000,0.0000,0,0.0000,0.0000,0,0,0,0,0,0,0,0,0,0,0,0,0,0,0,0,0,0,0,0,0,0,0,0,0
WG_METRICS 691,256,768,1.0430,0.0042,0.0033,1.0002,0.0199,0.0155,256,768,196608,393216,196576.5469,393153.0938,0.0000,0,0.0000,0.0000,0,0.0000,0,0.0000,0.0000,0,0.0000,0.0000,0,0,0,0,0,0,0,0,0,0,0,0,0,0,0,0,0,0,0,0,0,0,0,0,0
WG_METRICS 692,256,768,1.0609,0.0042,0.0033,1.0271,0.0110,0.0154,256,768,196608,393216,191416.7812,382833.5625,0.0000,0,0.0000,0.0000,0,0.0000,0,0.0000,0.0000,0,0.0000,0.0000,0,0,0,0,0,0,0,0,0,0,0,0,0,0,0,0,0,0,0,0,0,0,0,0,0
WG_METRICS 693,256,768,1.0250,0.0042,0.0033,0.9822,0.0198,0.0156,256,768,196608,393216,200162.8906,400325.7812,0.0000,0,0.0000,0.0000,0,0.0000,0,0.0000,0.0000,0,0.0000,0.0000,0,0,0,0,0,0,0,0,0,0,0,0,0,0,0,0,0,0,0,0,0,0,0,0,0
WG_METRICS 694,256,768,1.0233,0.0041,0.0033,0.9809,0.0196,0.0154,256,768,196608,393216,200432.2500,400864.5000,0.0000,0,0.0000,0.0000,0,0.0000,0,0.0000,0.0000,0,0.0000,0.0000,0,0,0,0,0,0,0,0,0,0,0,0,0,0,0,0,0,0,0,0,0,0,0,0,0
WG_METRICS 695,256,768,1.0299,0.0042,0.0033,0.9870,0.0199,0.0155,256,768,196608,393216,199189.5000,398379.0000,0.0000,0,0.0000,0.0000,0,0.0000,0,0.0000,0.0000,0,0.0000,0.0000,0,0,0,0,0,0,0,0,0,0,0,0,0,0,0,0,0,0,0,0,0,0,0,0,0
WG_METRICS 696,256,768,1.0385,0.0043,0.0032,0.9948,0.0198,0.0162,256,768,196608,393216,197627.7500,395255.5000,0.0000,0,0.0000,0.0000,0,0.0000,0,0.0000,0.0000,0,0.0000,0.0000,0,0,0,0,0,0,0,0,0,0,0,0,0,0,0,0,0,0,0,0,0,0,0,0,0
WG_METRICS 697,256,768,1.0152,0.0042,0.0033,0.9856,0.0068,0.0153,256,768,196608,393216,199480.5156,398961.0312,0.0000,0,0.0000,0.0000,0,0.0000,0,0.0000,0.0000,0,0.0000,0.0000,0,0,0,0,0,0,0,0,0,0,0,0,0,0,0,0,0,0,0,0,0,0,0,0,0
WG_METRICS 698,256,768,1.0258,0.0042,0.0033,0.9831,0.0199,0.0154,256,768,196608,393216,199991.8594,399983.7188,0.0000,0,0.0000,0.0000,0,0.0000,0,0.0000,0.0000,0,0.0000,0.0000,0,0,0,0,0,0,0,0,0,0,0,0,0,0,0,0,0,0,0,0,0,0,0,0,0
WG_METRICS 699,256,768,1.0208,0.0042,0.0032,0.9871,0.0110,0.0152,256,768,196608,393216,199173.3594,398346.7188,0.0000,0,0.0000,0.0000,0,0.0000,0,0.0000,0.0000,0,0.0000,0.0000,0,0,0,0,0,0,0,0,0,0,0,0,0,0,0,0,0,0,0,0,0,0,0,0,0
WG_METRICS 700,256,768,1.0295,0.0041,0.0033,0.9957,0.0110,0.0154,256,768,196608,393216,197453.0938,394906.1875,0.0000,0,0.0000,0.0000,0,0.0000,0,0.0000,0.0000,0,0.0000,0.0000,0,0,0,0,0,0,0,0,0,0,0,0,0,0,0,0,0,0,0,0,0,0,0,0,0
WG_METRICS 701,256,768,1.0340,0.0043,0.0033,0.9913,0.0197,0.0154,256,768,196608,393216,198329.5000,396659.0000,0.0000,0,0.0000,0.0000,0,0.0000,0,0.0000,0.0000,0,0.0000,0.0000,0,0,0,0,0,0,0,0,0,0,0,0,0,0,0,0,0,0,0,0,0,0,0,0,0
WG_METRICS 702,256,768,1.0278,0.0042,0.0032,0.9980,0.0068,0.0155,256,768,196608,393216,196994.1094,393988.2188,0.0000,0,0.0000,0.0000,0,0.0000,0,0.0000,0.0000,0,0.0000,0.0000,0,0,0,0,0,0,0,0,0,0,0,0,0,0,0,0,0,0,0,0,0,0,0,0,0
WG_METRICS 703,256,768,1.0344,0.0042,0.0033,0.9917,0.0197,0.0156,256,768,196608,393216,198257.5000,396515.0000,0.0000,0,0.0000,0.0000,0,0.0000,0,0.0000,0.0000,0,0.0000,0.0000,0,0,0,0,0,0,0,0,0,0,0,0,0,0,0,0,0,0,0,0,0,0,0,0,0
WG_METRICS 704,256,768,1.0172,0.0041,0.0033,0.9834,0.0111,0.0153,256,768,196608,393216,199934.9219,399869.8438,0.0000,0,0.0000,0.0000,0,0.0000,0,0.0000,0.0000,0,0.0000,0.0000,0,0,0,0,0,0,0,0,0,0,0,0,0,0,0,0,0,0,0,0,0,0,0,0,0
WG_METRICS 705,256,768,1.0314,0.0042,0.0032,0.9880,0.0198,0.0161,256,768,196608,393216,198995.9531,397991.9062,0.0000,0,0.0000,0.0000,0,0.0000,0,0.0000,0.0000,0,0.0000,0.0000,0,0,0,0,0,0,0,0,0,0,0,0,0,0,0,0,0,0,0,0,0,0,0,0,0
WG_METRICS 706,256,768,1.0290,0.0041,0.0033,0.9856,0.0198,0.0162,256,768,196608,393216,199488.6094,398977.2188,0.0000,0,0.0000,0.0000,0,0.0000,0,0.0000,0.0000,0,0.0000,0.0000,0,0,0,0,0,0,0,0,0,0,0,0,0,0,0,0,0,0,0,0,0,0,0,0,0
WG_METRICS 707,256,768,1.0342,0.0042,0.0033,1.0044,0.0068,0.0155,256,768,196608,393216,195738.9219,391477.8438,0.0000,0,0.0000,0.0000,0,0.0000,0,0.0000,0.0000,0,0.0000,0.0000,0,0,0,0,0,0,0,0,0,0,0,0,0,0,0,0,0,0,0,0,0,0,0,0,0
WG_METRICS 708,256,768,1.0284,0.0042,0.0032,0.9856,0.0198,0.0155,256,768,196608,393216,199472.4219,398944.8438,0.0000,0,0.0000,0.0000,0,0.0000,0,0.0000,0.0000,0,0.0000,0.0000,0,0,0,0,0,0,0,0,0,0,0,0,0,0,0,0,0,0,0,0,0,0,0,0,0
WG_METRICS 709,256,768,1.0077,0.0042,0.0032,0.9742,0.0110,0.0152,256,768,196608,393216,201823.1094,403646.2188,0.0000,0,0.0000,0.0000,0,0.0000,0,0.0000,0.0000,0,0.0000,0.0000,0,0,0,0,0,0,0,0,0,0,0,0,0,0,0,0,0,0,0,0,0,0,0,0,0
WG_METRICS 710,256,768,1.0398,0.0042,0.0033,0.9971,0.0198,0.0155,256,768,196608,393216,197175.8594,394351.7188,0.0000,0,0.0000,0.0000,0,0.0000,0,0.0000,0.0000,0,0.0000,0.0000,0,0,0,0,0,0,0,0,0,0,0,0,0,0,0,0,0,0,0,0,0,0,0,0,0
WG_METRICS 711,256,768,1.0256,0.0042,0.0033,0.9912,0.0112,0.0158,256,768,196608,393216,198361.5156,396723.0312,0.0000,0,0.0000,0.0000,0,0.0000,0,0.0000,0.0000,0,0.0000,0.0000,0,0,0,0,0,0,0,0,0,0,0,0,0,0,0,0,0,0,0,0,0,0,0,0,0
WG_METRICS 712,256,768,1.0291,0.0042,0.0033,0.9857,0.0199,0.0160,256,768,196608,393216,199464.3281,398928.6562,0.0000,0,0.0000,0.0000,0,0.0000,0,0.0000,0.0000,0,0.0000,0.0000,0,0,0,0,0,0,0,0,0,0,0,0,0,0,0,0,0,0,0,0,0,0,0,0,0
WG_METRICS 713,256,768,1.0352,0.0042,0.0032,0.9925,0.0199,0.0153,256,768,196608,393216,198089.7188,396179.4375,0.0000,0,0.0000,0.0000,0,0.0000,0,0.0000,0.0000,0,0.0000,0.0000,0,0,0,0,0,0,0,0,0,0,0,0,0,0,0,0,0,0,0,0,0,0,0,0,0
WG_METRICS 714,256,768,1.0210,0.0042,0.0033,0.9781,0.0199,0.0156,256,768,196608,393216,201014.2344,402028.4688,0.0000,0,0.0000,0.0000,0,0.0000,0,0.0000,0.0000,0,0.0000,0.0000,0,0,0,0,0,0,0,0,0,0,0,0,0,0,0,0,0,0,0,0,0,0,0,0,0
WG_METRICS 715,256,768,1.0204,0.0044,0.0032,0.9896,0.0076,0.0156,256,768,196608,393216,198682.2344,397364.4688,0.0000,0,0.0000,0.0000,0,0.0000,0,0.0000,0.0000,0,0.0000,0.0000,0,0,0,0,0,0,0,0,0,0,0,0,0,0,0,0,0,0,0,0,0,0,0,0,0
WG_METRICS 716,256,768,1.0290,0.0044,0.0032,0.9859,0.0197,0.0158,256,768,196608,393216,199415.7656,398831.5312,0.0000,0,0.0000,0.0000,0,0.0000,0,0.0000,0.0000,0,0.0000,0.0000,0,0,0,0,0,0,0,0,0,0,0,0,0,0,0,0,0,0,0,0,0,0,0,0,0
WG_METRICS 717,256,768,1.0352,0.0042,0.0033,0.9923,0.0198,0.0156,256,768,196608,393216,198129.6406,396259.2812,0.0000,0,0.0000,0.0000,0,0.0000,0,0.0000,0.0000,0,0.0000,0.0000,0,0,0,0,0,0,0,0,0,0,0,0,0,0,0,0,0,0,0,0,0,0,0,0,0
WG_METRICS 718,256,768,1.0259,0.0042,0.0033,0.9832,0.0197,0.0155,256,768,196608,393216,199959.3125,399918.6250,0.0000,0,0.0000,0.0000,0,0.0000,0,0.0000,0.0000,0,0.0000,0.0000,0,0,0,0,0,0,0,0,0,0,0,0,0,0,0,0,0,0,0,0,0,0,0,0,0
WG_METRICS 719,256,768,1.0322,0.0042,0.0032,0.9891,0.0196,0.0161,256,768,196608,393216,198770.6250,397541.2500,0.0000,0,0.0000,0.0000,0,0.0000,0,0.0000,0.0000,0,0.0000,0.0000,0,0,0,0,0,0,0,0,0,0,0,0,0,0,0,0,0,0,0,0,0,0,0,0,0
WG_METRICS 720,256,768,1.0204,0.0042,0.0033,0.9903,0.0068,0.0159,256,768,196608,393216,198529.7656,397059.5312,0.0000,0,0.0000,0.0000,0,0.0000,0,0.0000,0.0000,0,0.0000,0.0000,0,0,0,0,0,0,0,0,0,0,0,0,0,0,0,0,0,0,0,0,0,0,0,0,0
WG_METRICS 721,256,768,1.0320,0.0042,0.0032,0.9896,0.0198,0.0152,256,768,196608,393216,198674.2188,397348.4375,0.0000,0,0.0000,0.0000,0,0.0000,0,0.0000,0.0000,0,0.0000,0.0000,0,0,0,0,0,0,0,0,0,0,0,0,0,0,0,0,0,0,0,0,0,0,0,0,0
WG_METRICS 722,256,768,1.0310,0.0042,0.0033,1.0012,0.0068,0.0156,256,768,196608,393216,196380.1875,392760.3750,0.0000,0,0.0000,0.0000,0,0.0000,0,0.0000,0.0000,0,0.0000,0.0000,0,0,0,0,0,0,0,0,0,0,0,0,0,0,0,0,0,0,0,0,0,0,0,0,0
WG_METRICS 723,256,768,1.0284,0.0042,0.0033,0.9945,0.0109,0.0156,256,768,196608,393216,197699.2969,395398.5938,0.0000,0,0.0000,0.0000,0,0.0000,0,0.0000,0.0000,0,0.0000,0.0000,0,0,0,0,0,0,0,0,0,0,0,0,0,0,0,0,0,0,0,0,0,0,0,0,0
WG_METRICS 724,256,768,1.0250,0.0042,0.0033,0.9823,0.0198,0.0154,256,768,196608,393216,200146.5938,400293.1875,0.0000,0,0.0000,0.0000,0,0.0000,0,0.0000,0.0000,0,0.0000,0.0000,0,0,0,0,0,0,0,0,0,0,0,0,0,0,0,0,0,0,0,0,0,0,0,0,0
WG_METRICS 725,256,768,1.0396,0.0044,0.0033,1.0056,0.0110,0.0154,256,768,196608,393216,195505.3438,391010.6875,0.0000,0,0.0000,0.0000,0,0.0000,0,0.0000,0.0000,0,0.0000,0.0000,0,0,0,0,0,0,0,0,0,0,0,0,0,0,0,0,0,0,0,0,0,0,0,0,0
WG_METRICS 726,256,768,1.0258,0.0042,0.0033,0.9920,0.0109,0.0154,256,768,196608,393216,198185.5625,396371.1250,0.0000,0,0.0000,0.0000,0,0.0000,0,0.0000,0.0000,0,0.0000,0.0000,0,0,0,0,0,0,0,0,0,0,0,0,0,0,0,0,0,0,0,0,0,0,0,0,0
WG_METRICS 727,256,768,1.0256,0.0042,0.0033,0.9830,0.0198,0.0154,256,768,196608,393216,200000.0000,400000.0000,0.0000,0,0.0000,0.0000,0,0.0000,0,0.0000,0.0000,0,0.0000,0.0000,0,0,0,0,0,0,0,0,0,0,0,0,0,0,0,0,0,0,0,0,0,0,0,0,0
WG_METRICS 728,256,768,1.0401,0.0042,0.0032,0.9975,0.0198,0.0154,256,768,196608,393216,197104.7031,394209.4062,0.0000,0,0.0000,0.0000,0,0.0000,0,0.0000,0.0000,0,0.0000,0.0000,0,0,0,0,0,0,0,0,0,0,0,0,0,0,0,0,0,0,0,0,0,0,0,0,0
WG_METRICS 729,256,768,1.0244,0.0042,0.0033,0.9856,0.0154,0.0159,256,768,196608,393216,199472.4219,398944.8438,0.0000,0,0.0000,0.0000,0,0.0000,0,0.0000,0.0000,0,0.0000,0.0000,0,0,0,0,0,0,0,0,0,0,0,0,0,0,0,0,0,0,0,0,0,0,0,0,0
WG_METRICS 730,256,768,1.0322,0.0043,0.0033,0.9889,0.0199,0.0159,256,768,196608,393216,198818.8750,397637.7500,0.0000,0,0.0000,0.0000,0,0.0000,0,0.0000,0.0000,0,0.0000,0.0000,0,0,0,0,0,0,0,0,0,0,0,0,0,0,0,0,0,0,0,0,0,0,0,0,0
WG_METRICS 731,256,768,1.0369,0.0041,0.0033,0.9946,0.0197,0.0152,256,768,196608,393216,197683.3906,395366.7812,0.0000,0,0.0000,0.0000,0,0.0000,0,0.0000,0.0000,0,0.0000,0.0000,0,0,0,0,0,0,0,0,0,0,0,0,0,0,0,0,0,0,0,0,0,0,0,0,0
WG_METRICS 732,256,768,1.0374,0.0041,0.0033,0.9949,0.0197,0.0154,256,768,196608,393216,197611.8594,395223.7188,0.0000,0,0.0000,0.0000,0,0.0000,0,0.0000,0.0000,0,0.0000,0.0000,0,0,0,0,0,0,0,0,0,0,0,0,0,0,0,0,0,0,0,0,0,0,0,0,0
WG_METRICS 733,256,768,1.0281,0.0042,0.0033,0.9858,0.0195,0.0153,256,768,196608,393216,199448.1406,398896.2812,0.0000,0,0.0000,0.0000,0,0.0000,0,0.0000,0.0000,0,0.0000,0.0000,0,0,0,0,0,0,0,0,0,0,0,0,0,0,0,0,0,0,0,0,0,0,0,0,0
WG_METRICS 734,256,768,1.0288,0.0042,0.0032,0.9858,0.0199,0.0157,256,768,196608,393216,199448.1406,398896.2812,0.0000,0,0.0000,0.0000,0,0.0000,0,0.0000,0.0000,0,0.0000,0.0000,0,0,0,0,0,0,0,0,0,0,0,0,0,0,0,0,0,0,0,0,0,0,0,0,0
WG_METRICS 735,256,768,1.0388,0.0041,0.0033,1.0045,0.0110,0.0159,256,768,196608,393216,195723.3125,391446.6250,0.0000,0,0.0000,0.0000,0,0.0000,0,0.0000,0.0000,0,0.0000,0.0000,0,0,0,0,0,0,0,0,0,0,0,0,0,0,0,0,0,0,0,0,0,0,0,0,0
WG_METRICS 736,256,768,1.0205,0.0041,0.0033,0.9903,0.0068,0.0160,256,768,196608,393216,198537.7969,397075.5938,0.0000,0,0.0000,0.0000,0,0.0000,0,0.0000,0.0000,0,0.0000,0.0000,0,0,0,0,0,0,0,0,0,0,0,0,0,0,0,0,0,0,0,0,0,0,0,0,0
WG_METRICS 737,256,768,1.0242,0.0042,0.0033,0.9894,0.0111,0.0163,256,768,196608,393216,198706.3281,397412.6562,0.0000,0,0.0000,0.0000,0,0.0000,0,0.0000,0.0000,0,0.0000,0.0000,0,0,0,0,0,0,0,0,0,0,0,0,0,0,0,0,0,0,0,0,0,0,0,0,0
WG_METRICS 738,256,768,1.0311,0.0042,0.0033,0.9880,0.0199,0.0157,256,768,196608,393216,198987.9062,397975.8125,0.0000,0,0.0000,0.0000,0,0.0000,0,0.0000,0.0000,0,0.0000,0.0000,0,0,0,0,0,0,0,0,0,0,0,0,0,0,0,0,0,0,0,0,0,0,0,0,0
WG_METRICS 739,256,768,1.0380,0.0042,0.0033,0.9956,0.0197,0.0152,256,768,196608,393216,197468.9688,394937.9375,0.0000,0,0.0000,0.0000,0,0.0000,0,0.0000,0.0000,0,0.0000,0.0000,0,0,0,0,0,0,0,0,0,0,0,0,0,0,0,0,0,0,0,0,0,0,0,0,0
WG_METRICS 740,256,768,1.0440,0.0042,0.0033,0.9999,0.0212,0.0155,256,768,196608,393216,196631.5938,393263.1875,0.0000,0,0.0000,0.0000,0,0.0000,0,0.0000,0.0000,0,0.0000,0.0000,0,0,0,0,0,0,0,0,0,0,0,0,0,0,0,0,0,0,0,0,0,0,0,0,0
WG_METRICS 741,256,768,1.0372,0.0042,0.0033,0.9945,0.0196,0.0156,256,768,196608,393216,197691.3438,395382.6875,0.0000,0,0.0000,0.0000,0,0.0000,0,0.0000,0.0000,0,0.0000,0.0000,0,0,0,0,0,0,0,0,0,0,0,0,0,0,0,0,0,0,0,0,0,0,0,0,0
WG_METRICS 742,256,768,1.0192,0.0041,0.0033,0.9749,0.0197,0.0172,256,768,196608,393216,201665.7812,403331.5625,0.0000,0,0.0000,0.0000,0,0.0000,0,0.0000,0.0000,0,0.0000,0.0000,0,0,0,0,0,0,0,0,0,0,0,0,0,0,0,0,0,0,0,0,0,0,0,0,0
WG_METRICS 743,256,768,1.0399,0.0042,0.0033,1.0059,0.0110,0.0155,256,768,196608,393216,195450.9219,390901.8438,0.0000,0,0.0000,0.0000,0,0.0000,0,0.0000,0.0000,0,0.0000,0.0000,0,0,0,0,0,0,0,0,0,0,0,0,0,0,0,0,0,0,0,0,0,0,0,0,0
WG_METRICS 744,256,768,1.0152,0.0042,0.0033,0.9853,0.0068,0.0156,256,768,196608,393216,199545.3125,399090.6250,0.0000,0,0.0000,0.0000,0,0.0000,0,0.0000,0.0000,0,0.0000,0.0000,0,0,0,0,0,0,0,0,0,0,0,0,0,0,0,0,0,0,0,0,0,0,0,0,0
WG_METRICS 745,256,768,1.0324,0.0043,0.0032,0.9896,0.0198,0.0154,256,768,196608,393216,198682.2344,397364.4688,0.0000,0,0.0000,0.0000,0,0.0000,0,0.0000,0.0000,0,0.0000,0.0000,0,0,0,0,0,0,0,0,0,0,0,0,0,0,0,0,0,0,0,0,0,0,0,0,0
WG_METRICS 746,256,768,1.0308,0.0042,0.0033,0.9882,0.0199,0.0153,256,768,196608,393216,198955.6719,397911.3438,0.0000,0,0.0000,0.0000,0,0.0000,0,0.0000,0.0000,0,0.0000,0.0000,0,0,0,0,0,0,0,0,0,0,0,0,0,0,0,0,0,0,0,0,0,0,0,0,0
WG_METRICS 747,256,768,1.0225,0.0042,0.0033,0.9880,0.0112,0.0159,256,768,196608,393216,198995.9531,397991.9062,0.0000,0,0.0000,0.0000,0,0.0000,0,0.0000,0.0000,0,0.0000,0.0000,0,0,0,0,0,0,0,0,0,0,0,0,0,0,0,0,0,0,0,0,0,0,0,0,0
WG_METRICS 748,256,768,1.0308,0.0042,0.0032,0.9969,0.0111,0.0154,256,768,196608,393216,197223.3438,394446.6875,0.0000,0,0.0000,0.0000,0,0.0000,0,0.0000,0.0000,0,0.0000,0.0000,0,0,0,0,0,0,0,0,0,0,0,0,0,0,0,0,0,0,0,0,0,0,0,0,0
WG_METRICS 749,256,768,1.0337,0.0042,0.0033,0.9910,0.0198,0.0154,256,768,196608,393216,198393.5469,396787.0938,0.0000,0,0.0000,0.0000,0,0.0000,0,0.0000,0.0000,0,0.0000,0.0000,0,0,0,0,0,0,0,0,0,0,0,0,0,0,0,0,0,0,0,0,0,0,0,0,0
WG_METRICS 750,256,768,2.7647,0.0042,0.0032,0.9829,0.0320,1.7424,256,768,196608,393216,200024.4219,400048.8438,0.0000,0,0.0000,0.0000,0,0.0000,0,0.0000,0.0000,0,0.0000,0.0000,0,0,0,0,0,0,0,0,0,0,0,0,0,0,0,0,0,0,0,0,0,0,0,0,0
WG_METRICS 751,256,768,1.0278,0.0042,0.0032,0.9844,0.0197,0.0162,256,768,196608,393216,199723.6875,399447.3750,0.0000,0,0.0000,0.0000,0,0.0000,0,0.0000,0.0000,0,0.0000,0.0000,0,0,0,0,0,0,0,0,0,0,0,0,0,0,0,0,0,0,0,0,0,0,0,0,0
WG_METRICS 752,256,768,1.0327,0.0042,0.0033,0.9901,0.0198,0.0153,256,768,196608,393216,198569.8750,397139.7500,0.0000,0,0.0000,0.0000,0,0.0000,0,0.0000,0.0000,0,0.0000,0.0000,0,0,0,0,0,0,0,0,0,0,0,0,0,0,0,0,0,0,0,0,0,0,0,0,0
WG_METRICS 753,256,768,1.0457,0.0042,0.0033,1.0117,0.0110,0.0155,256,768,196608,393216,194330.4531,388660.9062,0.0000,0,0.0000,0.0000,0,0.0000,0,0.0000,0.0000,0,0.0000,0.0000,0,0,0,0,0,0,0,0,0,0,0,0,0,0,0,0,0,0,0,0,0,0,0,0,0
WG_METRICS 754,256,768,1.0310,0.0042,0.0032,0.9878,0.0199,0.0160,256,768,196608,393216,199044.2969,398088.5938,0.0000,0,0.0000,0.0000,0,0.0000,0,0.0000,0.0000,0,0.0000,0.0000,0,0,0,0,0,0,0,0,0,0,0,0,0,0,0,0,0,0,0,0,0,0,0,0,0
WG_METRICS 755,256,768,1.0194,0.0042,0.0032,0.9848,0.0112,0.0160,256,768,196608,393216,199634.4688,399268.9375,0.0000,0,0.0000,0.0000,0,0.0000,0,0.0000,0.0000,0,0.0000,0.0000,0,0,0,0,0,0,0,0,0,0,0,0,0,0,0,0,0,0,0,0,0,0,0,0,0
WG_METRICS 756,256,768,1.0399,0.0042,0.0032,1.0059,0.0112,0.0154,256,768,196608,393216,195450.9219,390901.8438,0.0000,0,0.0000,0.0000,0,0.0000,0,0.0000,0.0000,0,0.0000,0.0000,0,0,0,0,0,0,0,0,0,0,0,0,0,0,0,0,0,0,0,0,0,0,0,0,0
WG_METRICS 757,256,768,1.0463,0.0042,0.0032,1.0037,0.0196,0.0155,256,768,196608,393216,195879.3125,391758.6250,0.0000,0,0.0000,0.0000,0,0.0000,0,0.0000,0.0000,0,0.0000,0.0000,0,0,0,0,0,0,0,0,0,0,0,0,0,0,0,0,0,0,0,0,0,0,0,0,0
WG_METRICS 758,256,768,1.0236,0.0042,0.0033,0.9804,0.0197,0.0160,256,768,196608,393216,200530.3750,401060.7500,0.0000,0,0.0000,0.0000,0,0.0000,0,0.0000,0.0000,0,0.0000,0.0000,0,0,0,0,0,0,0,0,0,0,0,0,0,0,0,0,0,0,0,0,0,0,0,0,0
WG_METRICS 759,256,768,1.0419,0.0042,0.0033,1.0081,0.0110,0.0154,256,768,196608,393216,195032.1406,390064.2812,0.0000,0,0.0000,0.0000,0,0.0000,0,0.0000,0.0000,0,0.0000,0.0000,0,0,0,0,0,0,0,0,0,0,0,0,0,0,0,0,0,0,0,0,0,0,0,0,0
WG_METRICS 760,256,768,1.0259,0.0042,0.0032,0.9919,0.0112,0.0153,256,768,196608,393216,198217.5312,396435.0625,0.0000,0,0.0000,0.0000,0,0.0000,0,0.0000,0.0000,0,0.0000,0.0000,0,0,0,0,0,0,0,0,0,0,0,0,0,0,0,0,0,0,0,0,0,0,0,0,0
WG_METRICS 761,256,768,1.0398,0.0042,0.0032,0.9974,0.0196,0.0153,256,768,196608,393216,197128.4219,394256.8438,0.0000,0,0.0000,0.0000,0,0.0000,0,0.0000,0.0000,0,0.0000,0.0000,0,0,0,0,0,0,0,0,0,0,0,0,0,0,0,0,0,0,0,0,0,0,0,0,0
WG_METRICS 762,256,768,1.0377,0.0042,0.0032,0.9945,0.0198,0.0160,256,768,196608,393216,197691.3438,395382.6875,0.0000,0,0.0000,0.0000,0,0.0000,0,0.0000,0.0000,0,0.0000,0.0000,0,0,0,0,0,0,0,0,0,0,0,0,0,0,0,0,0,0,0,0,0,0,0,0,0
WG_METRICS 763,256,768,1.0384,0.0042,0.0032,0.9959,0.0197,0.0154,256,768,196608,393216,197413.4531,394826.9062,0.0000,0,0.0000,0.0000,0,0.0000,0,0.0000,0.0000,0,0.0000,0.0000,0,0,0,0,0,0,0,0,0,0,0,0,0,0,0,0,0,0,0,0,0,0,0,0,0
WG_METRICS 764,256,768,1.0375,0.0042,0.0033,0.9946,0.0198,0.0157,256,768,196608,393216,197675.4531,395350.9062,0.0000,0,0.0000,0.0000,0,0.0000,0,0.0000,0.0000,0,0.0000,0.0000,0,0,0,0,0,0,0,0,0,0,0,0,0,0,0,0,0,0,0,0,0,0,0,0,0
WG_METRICS 765,256,768,1.0210,0.0042,0.0033,0.9870,0.0111,0.0155,256,768,196608,393216,199205.6406,398411.2812,0.0000,0,0.0000,0.0000,0,0.0000,0,0.0000,0.0000,0,0.0000,0.0000,0,0,0,0,0,0,0,0,0,0,0,0,0,0,0,0,0,0,0,0,0,0,0,0,0
WG_METRICS 766,256,768,1.0252,0.0042,0.0033,0.9912,0.0111,0.0154,256,768,196608,393216,198345.5000,396691.0000,0.0000,0,0.0000,0.0000,0,0.0000,0,0.0000,0.0000,0,0.0000,0.0000,0,0,0,0,0,0,0,0,0,0,0,0,0,0,0,0,0,0,0,0,0,0,0,0,0
WG_METRICS 767,256,768,1.0124,0.0044,0.0033,0.9824,0.0068,0.0156,256,768,196608,393216,200138.4375,400276.8750,0.0000,0,0.0000,0.0000,0,0.0000,0,0.0000,0.0000,0,0.0000,0.0000,0,0,0,0,0,0,0,0,0,0,0,0,0,0,0,0,0,0,0,0,0,0,0,0,0
WG_METRICS 768,256,768,1.0498,0.0042,0.0032,1.0067,0.0198,0.0159,256,768,196608,393216,195295.6250,390591.2500,0.0000,0,0.0000,0.0000,0,0.0000,0,0.0000,0.0000,0,0.0000,0.0000,0,0,0,0,0,0,0,0,0,0,0,0,0,0,0,0,0,0,0,0,0,0,0,0,0
WG_METRICS 769,256,768,1.0292,0.0042,0.0033,0.9996,0.0068,0.0154,256,768,196608,393216,196694.5469,393389.0938,0.0000,0,0.0000,0.0000,0,0.0000,0,0.0000,0.0000,0,0.0000,0.0000,0,0,0,0,0,0,0,0,0,0,0,0,0,0,0,0,0,0,0,0,0,0,0,0,0
WG_METRICS 770,256,768,1.0356,0.0042,0.0033,0.9930,0.0198,0.0153,256,768,196608,393216,197993.9688,395987.9375,0.0000,0,0.0000,0.0000,0,0.0000,0,0.0000,0.0000,0,0.0000,0.0000,0,0,0,0,0,0,0,0,0,0,0,0,0,0,0,0,0,0,0,0,0,0,0,0,0
WG_METRICS 771,256,768,1.0192,0.0042,0.0033,0.9853,0.0110,0.0154,256,768,196608,393216,199545.3125,399090.6250,0.0000,0,0.0000,0.0000,0,0.0000,0,0.0000,0.0000,0,0.0000,0.0000,0,0,0,0,0,0,0,0,0,0,0,0,0,0,0,0,0,0,0,0,0,0,0,0,0
WG_METRICS 772,256,768,1.0386,0.0042,0.0033,0.9962,0.0197,0.0153,256,768,196608,393216,197365.8906,394731.7812,0.0000,0,0.0000,0.0000,0,0.0000,0,0.0000,0.0000,0,0.0000,0.0000,0,0,0,0,0,0,0,0,0,0,0,0,0,0,0,0,0,0,0,0,0,0,0,0,0
WG_METRICS 773,256,768,1.0310,0.0042,0.0033,0.9882,0.0198,0.0156,256,768,196608,393216,198963.7344,397927.4688,0.0000,0,0.0000,0.0000,0,0.0000,0,0.0000,0.0000,0,0.0000,0.0000,0,0,0,0,0,0,0,0,0,0,0,0,0,0,0,0,0,0,0,0,0,0,0,0,0
WG_METRICS 774,256,768,1.0216,0.0042,0.0033,0.9785,0.0199,0.0157,256,768,196608,393216,200923.8438,401847.6875,0.0000,0,0.0000,0.0000,0,0.0000,0,0.0000,0.0000,0,0.0000,0.0000,0,0,0,0,0,0,0,0,0,0,0,0,0,0,0,0,0,0,0,0,0,0,0,0,0
WG_METRICS 775,256,768,1.0288,0.0042,0.0033,0.9849,0.0198,0.0166,256,768,196608,393216,199618.2344,399236.4688,0.0000,0,0.0000,0.0000,0,0.0000,0,0.0000,0.0000,0,0.0000,0.0000,0,0,0,0,0,0,0,0,0,0,0,0,0,0,0,0,0,0,0,0,0,0,0,0,0
WG_METRICS 776,256,768,1.0434,0.0042,0.0033,1.0092,0.0110,0.0157,256,768,196608,393216,194807.9688,389615.9375,0.0000,0,0.0000,0.0000,0,0.0000,0,0.0000,0.0000,0,0.0000,0.0000,0,0,0,0,0,0,0,0,0,0,0,0,0,0,0,0,0,0,0,0,0,0,0,0,0
WG_METRICS 777,256,768,1.0351,0.0042,0.0033,0.9921,0.0199,0.0157,256,768,196608,393216,198169.5781,396339.1562,0.0000,0,0.0000,0.0000,0,0.0000,0,0.0000,0.0000,0,0.0000,0.0000,0,0,0,0,0,0,0,0,0,0,0,0,0,0,0,0,0,0,0,0,0,0,0,0,0
WG_METRICS 778,256,768,1.0284,0.0042,0.0033,0.9858,0.0196,0.0155,256,768,196608,393216,199448.1406,398896.2812,0.0000,0,0.0000,0.0000,0,0.0000,0,0.0000,0.0000,0,0.0000,0.0000,0,0,0,0,0,0,0,0,0,0,0,0,0,0,0,0,0,0,0,0,0,0,0,0,0
WG_METRICS 779,256,768,1.0413,0.0042,0.0032,0.9987,0.0196,0.0155,256,768,196608,393216,196859.9844,393719.9688,0.0000,0,0.0000,0.0000,0,0.0000,0,0.0000,0.0000,0,0.0000,0.0000,0,0,0,0,0,0,0,0,0,0,0,0,0,0,0,0,0,0,0,0,0,0,0,0,0
WG_METRICS 780,256,768,1.0481,0.0042,0.0033,1.0054,0.0199,0.0154,256,768,196608,393216,195552.0312,391104.0625,0.0000,0,0.0000,0.0000,0,0.0000,0,0.0000,0.0000,0,0.0000,0.0000,0,0,0,0,0,0,0,0,0,0,0,0,0,0,0,0,0,0,0,0,0,0,0,0,0
WG_METRICS 781,256,768,1.0307,0.0044,0.0032,0.9872,0.0198,0.0160,256,768,196608,393216,199157.2031,398314.4062,0.0000,0,0.0000,0.0000,0,0.0000,0,0.0000,0.0000,0,0.0000,0.0000,0,0,0,0,0,0,0,0,0,0,0,0,0,0,0,0,0,0,0,0,0,0,0,0,0
WG_METRICS 782,256,768,1.0344,0.0042,0.0032,1.0004,0.0111,0.0155,256,768,196608,393216,196529.4062,393058.8125,0.0000,0,0.0000,0.0000,0,0.0000,0,0.0000,0.0000,0,0.0000,0.0000,0,0,0,0,0,0,0,0,0,0,0,0,0,0,0,0,0,0,0,0,0,0,0,0,0
WG_METRICS 783,256,768,1.0329,0.0042,0.0033,0.9986,0.0110,0.0158,256,768,196608,393216,196875.7500,393751.5000,0.0000,0,0.0000,0.0000,0,0.0000,0,0.0000,0.0000,0,0.0000,0.0000,0,0,0,0,0,0,0,0,0,0,0,0,0,0,0,0,0,0,0,0,0,0,0,0,0
WG_METRICS 784,256,768,1.0221,0.0042,0.0032,0.9923,0.0068,0.0156,256,768,196608,393216,198137.6250,396275.2500,0.0000,0,0.0000,0.0000,0,0.0000,0,0.0000,0.0000,0,0.0000,0.0000,0,0,0,0,0,0,0,0,0,0,0,0,0,0,0,0,0,0,0,0,0,0,0,0,0
WG_METRICS 785,256,768,1.0260,0.0042,0.0033,0.9921,0.0110,0.0154,256,768,196608,393216,198169.5781,396339.1562,0.0000,0,0.0000,0.0000,0,0.0000,0,0.0000,0.0000,0,0.0000,0.0000,0,0,0,0,0,0,0,0,0,0,0,0,0,0,0,0,0,0,0,0,0,0,0,0,0
WG_METRICS 786,256,768,1.0441,0.0042,0.0033,1.0103,0.0111,0.0153,256,768,196608,393216,194607.4375,389214.8750,0.0000,0,0.0000,0.0000,0,0.0000,0,0.0000,0.0000,0,0.0000,0.0000,0,0,0,0,0,0,0,0,0,0,0,0,0,0,0,0,0,0,0,0,0,0,0,0,0
WG_METRICS 787,256,768,1.0281,0.0043,0.0032,0.9986,0.0068,0.0152,256,768,196608,393216,196891.5156,393783.0312,0.0000,0,0.0000,0.0000,0,0.0000,0,0.0000,0.0000,0,0.0000,0.0000,0,0,0,0,0,0,0,0,0,0,0,0,0,0,0,0,0,0,0,0,0,0,0,0,0
WG_METRICS 788,256,768,1.0341,0.0042,0.0032,1.0002,0.0111,0.0153,256,768,196608,393216,196576.5469,393153.0938,0.0000,0,0.0000,0.0000,0,0.0000,0,0.0000,0.0000,0,0.0000,0.0000,0,0,0,0,0,0,0,0,0,0,0,0,0,0,0,0,0,0,0,0,0,0,0,0,0
WG_METRICS 789,256,768,1.0088,0.0042,0.0033,0.9746,0.0112,0.0156,256,768,196608,393216,201731.9844,403463.9688,0.0000,0,0.0000,0.0000,0,0.0000,0,0.0000,0.0000,0,0.0000,0.0000,0,0,0,0,0,0,0,0,0,0,0,0,0,0,0,0,0,0,0,0,0,0,0,0,0
WG_METRICS 790,256,768,1.0246,0.0043,0.0033,0.9903,0.0110,0.0158,256,768,196608,393216,198537.7969,397075.5938,0.0000,0,0.0000,0.0000,0,0.0000,0,0.0000,0.0000,0,0.0000,0.0000,0,0,0,0,0,0,0,0,0,0,0,0,0,0,0,0,0,0,0,0,0,0,0,0,0
WG_METRICS 791,256,768,1.0221,0.0042,0.0032,0.9794,0.0197,0.0156,256,768,196608,393216,200751.5156,401503.0312,0.0000,0,0.0000,0.0000,0,0.0000,0,0.0000,0.0000,0,0.0000,0.0000,0,0,0,0,0,0,0,0,0,0,0,0,0,0,0,0,0,0,0,0,0,0,0,0,0
WG_METRICS 792,256,768,1.0206,0.0042,0.0033,0.9866,0.0112,0.0153,256,768,196608,393216,199270.2500,398540.5000,0.0000,0,0.0000,0.0000,0,0.0000,0,0.0000,0.0000,0,0.0000,0.0000,0,0,0,0,0,0,0,0,0,0,0,0,0,0,0,0,0,0,0,0,0,0,0,0,0
WG_METRICS 793,256,768,1.0194,0.0043,0.0032,0.9853,0.0112,0.0153,256,768,196608,393216,199537.2188,399074.4375,0.0000,0,0.0000,0.0000,0,0.0000,0,0.0000,0.0000,0,0.0000,0.0000,0,0,0,0,0,0,0,0,0,0,0,0,0,0,0,0,0,0,0,0,0,0,0,0,0
WG_METRICS 794,256,768,1.0225,0.0043,0.0033,0.9928,0.0066,0.0156,256,768,196608,393216,198041.8281,396083.6562,0.0000,0,0.0000,0.0000,0,0.0000,0,0.0000,0.0000,0,0.0000,0.0000,0,0,0,0,0,0,0,0,0,0,0,0,0,0,0,0,0,0,0,0,0,0,0,0,0
WG_METRICS 795,256,768,1.0268,0.0042,0.0033,0.9841,0.0198,0.0154,256,768,196608,393216,199788.6250,399577.2500,0.0000,0,0.0000,0.0000,0,0.0000,0,0.0000,0.0000,0,0.0000,0.0000,0,0,0,0,0,0,0,0,0,0,0,0,0,0,0,0,0,0,0,0,0,0,0,0,0
WG_METRICS 796,256,768,1.0250,0.0042,0.0033,0.9910,0.0111,0.0154,256,768,196608,393216,198393.5469,396787.0938,0.0000,0,0.0000,0.0000,0,0.0000,0,0.0000,0.0000,0,0.0000,0.0000,0,0,0,0,0,0,0,0,0,0,0,0,0,0,0,0,0,0,0,0,0,0,0,0,0
WG_METRICS 797,256,768,1.0304,0.0042,0.0033,0.9877,0.0196,0.0156,256,768,196608,393216,199052.3594,398104.7188,0.0000,0,0.0000,0.0000,0,0.0000,0,0.0000,0.0000,0,0.0000,0.0000,0,0,0,0,0,0,0,0,0,0,0,0,0,0,0,0,0,0,0,0,0,0,0,0,0
WG_METRICS 798,256,768,1.0354,0.0042,0.0032,0.9930,0.0197,0.0153,256,768,196608,393216,197993.9688,395987.9375,0.0000,0,0.0000,0.0000,0,0.0000,0,0.0000,0.0000,0,0.0000,0.0000,0,0,0,0,0,0,0,0,0,0,0,0,0,0,0,0,0,0,0,0,0,0,0,0,0
WG_METRICS 799,256,768,1.0168,0.0042,0.0033,0.9742,0.0197,0.0155,256,768,196608,393216,201806.5312,403613.0625,0.0000,0,0.0000,0.0000,0,0.0000,0,0.0000,0.0000,0,0.0000,0.0000,0,0,0,0,0,0,0,0,0,0,0,0,0,0,0,0,0,0,0,0,0,0,0,0,0
WG_METRICS 800,256,768,1.0222,0.0042,0.0032,0.9884,0.0112,0.0152,256,768,196608,393216,198923.4688,397846.9375,0.0000,0,0.0000,0.0000,0,0.0000,0,0.0000,0.0000,0,0.0000,0.0000,0,0,0,0,0,0,0,0,0,0,0,0,0,0,0,0,0,0,0,0,0,0,0,0,0
WG_METRICS 801,256,768,1.0177,0.0041,0.0033,0.9834,0.0112,0.0157,256,768,196608,393216,199934.9219,399869.8438,0.0000,0,0.0000,0.0000,0,0.0000,0,0.0000,0.0000,0,0.0000,0.0000,0,0,0,0,0,0,0,0,0,0,0,0,0,0,0,0,0,0,0,0,0,0,0,0,0
WG_METRICS 802,256,768,1.0130,0.0041,0.0033,0.9792,0.0110,0.0154,256,768,196608,393216,200776.1094,401552.2188,0.0000,0,0.0000,0.0000,0,0.0000,0,0.0000,0.0000,0,0.0000,0.0000,0,0,0,0,0,0,0,0,0,0,0,0,0,0,0,0,0,0,0,0,0,0,0,0,0
WG_METRICS 803,256,768,1.0234,0.0042,0.0032,0.9895,0.0112,0.0154,256,768,196608,393216,198690.2656,397380.5312,0.0000,0,0.0000,0.0000,0,0.0000,0,0.0000,0.0000,0,0.0000,0.0000,0,0,0,0,0,0,0,0,0,0,0,0,0,0,0,0,0,0,0,0,0,0,0,0,0
WG_METRICS 804,256,768,1.0162,0.0042,0.0033,0.9864,0.0066,0.0156,256,768,196608,393216,199310.6562,398621.3125,0.0000,0,0.0000,0.0000,0,0.0000,0,0.0000,0.0000,0,0.0000,0.0000,0,0,0,0,0,0,0,0,0,0,0,0,0,0,0,0,0,0,0,0,0,0,0,0,0
WG_METRICS 805,256,768,1.0157,0.0042,0.0032,0.9817,0.0112,0.0154,256,768,196608,393216,200277.0781,400554.1562,0.0000,0,0.0000,0.0000,0,0.0000,0,0.0000,0.0000,0,0.0000,0.0000,0,0,0,0,0,0,0,0,0,0,0,0,0,0,0,0,0,0,0,0,0,0,0,0,0
WG_METRICS 806,256,768,1.0440,0.0041,0.0033,1.0010,0.0200,0.0156,256,768,196608,393216,196419.4375,392838.8750,0.0000,0,0.0000,0.0000,0,0.0000,0,0.0000,0.0000,0,0.0000,0.0000,0,0,0,0,0,0,0,0,0,0,0,0,0,0,0,0,0,0,0,0,0,0,0,0,0
WG_METRICS 807,256,768,1.0590,0.0042,0.0033,1.0163,0.0196,0.0155,256,768,196608,393216,193450.8906,386901.7812,0.0000,0,0.0000,0.0000,0,0.0000,0,0.0000,0.0000,0,0.0000,0.0000,0,0,0,0,0,0,0,0,0,0,0,0,0,0,0,0,0,0,0,0,0,0,0,0,0
WG_METRICS 808,256,768,1.0446,0.0042,0.0032,1.0020,0.0198,0.0154,256,768,196608,393216,196207.7344,392415.4688,0.0000,0,0.0000,0.0000,0,0.0000,0,0.0000,0.0000,0,0.0000,0.0000,0,0,0,0,0,0,0,0,0,0,0,0,0,0,0,0,0,0,0,0,0,0,0,0,0
WG_METRICS 809,256,768,1.0337,0.0042,0.0033,0.9909,0.0198,0.0156,256,768,196608,393216,198417.5625,396835.1250,0.0000,0,0.0000,0.0000,0,0.0000,0,0.0000,0.0000,0,0.0000,0.0000,0,0,0,0,0,0,0,0,0,0,0,0,0,0,0,0,0,0,0,0,0,0,0,0,0
WG_METRICS 810,256,768,1.0205,0.0042,0.0032,0.9866,0.0111,0.0154,256,768,196608,393216,199278.3281,398556.6562,0.0000,0,0.0000,0.0000,0,0.0000,0,0.0000,0.0000,0,0.0000,0.0000,0,0,0,0,0,0,0,0,0,0,0,0,0,0,0,0,0,0,0,0,0,0,0,0,0
WG_METRICS 811,256,768,1.0290,0.0042,0.0032,0.9951,0.0111,0.0154,256,768,196608,393216,197580.0938,395160.1875,0.0000,0,0.0000,0.0000,0,0.0000,0,0.0000,0.0000,0,0.0000,0.0000,0,0,0,0,0,0,0,0,0,0,0,0,0,0,0,0,0,0,0,0,0,0,0,0,0
WG_METRICS 812,256,768,1.0367,0.0041,0.0033,0.9943,0.0196,0.0154,256,768,196608,393216,197739.0781,395478.1562,0.0000,0,0.0000,0.0000,0,0.0000,0,0.0000,0.0000,0,0.0000,0.0000,0,0,0,0,0,0,0,0,0,0,0,0,0,0,0,0,0,0,0,0,0,0,0,0,0
WG_METRICS 813,256,768,1.0203,0.0042,0.0032,0.9904,0.0069,0.0155,256,768,196608,393216,198505.7188,397011.4375,0.0000,0,0.0000,0.0000,0,0.0000,0,0.0000,0.0000,0,0.0000,0.0000,0,0,0,0,0,0,0,0,0,0,0,0,0,0,0,0,0,0,0,0,0,0,0,0,0
WG_METRICS 814,256,768,1.0120,0.0042,0.0033,0.9820,0.0068,0.0157,256,768,196608,393216,200203.6562,400407.3125,0.0000,0,0.0000,0.0000,0,0.0000,0,0.0000,0.0000,0,0.0000,0.0000,0,0,0,0,0,0,0,0,0,0,0,0,0,0,0,0,0,0,0,0,0,0,0,0,0
WG_METRICS 815,256,768,1.0399,0.0042,0.0033,0.9973,0.0198,0.0153,256,768,196608,393216,197136.3281,394272.6562,0.0000,0,0.0000,0.0000,0,0.0000,0,0.0000,0.0000,0,0.0000,0.0000,0,0,0,0,0,0,0,0,0,0,0,0,0,0,0,0,0,0,0,0,0,0,0,0,0
WG_METRICS 816,256,768,1.0443,0.0042,0.0033,1.0104,0.0110,0.0154,256,768,196608,393216,194592.0312,389184.0625,0.0000,0,0.0000,0.0000,0,0.0000,0,0.0000,0.0000,0,0.0000,0.0000,0,0,0,0,0,0,0,0,0,0,0,0,0,0,0,0,0,0,0,0,0,0,0,0,0
WG_METRICS 817,256,768,1.0412,0.0042,0.0033,0.9988,0.0196,0.0153,256,768,196608,393216,196844.2188,393688.4375,0.0000,0,0.0000,0.0000,0,0.0000,0,0.0000,0.0000,0,0.0000,0.0000,0,0,0,0,0,0,0,0,0,0,0,0,0,0,0,0,0,0,0,0,0,0,0,0,0
WG_METRICS 818,256,768,1.0228,0.0042,0.0032,0.9888,0.0112,0.0154,256,768,196608,393216,198826.9062,397653.8125,0.0000,0,0.0000,0.0000,0,0.0000,0,0.0000,0.0000,0,0.0000,0.0000,0,0,0,0,0,0,0,0,0,0,0,0,0,0,0,0,0,0,0,0,0,0,0,0,0
WG_METRICS 819,256,768,1.0416,0.0042,0.0033,0.9989,0.0197,0.0155,256,768,196608,393216,196820.5625,393641.1250,0.0000,0,0.0000,0.0000,0,0.0000,0,0.0000,0.0000,0,0.0000,0.0000,0,0,0,0,0,0,0,0,0,0,0,0,0,0,0,0,0,0,0,0,0,0,0,0,0
WG_METRICS 820,256,768,1.0158,0.0042,0.0032,0.9817,0.0110,0.0157,256,768,196608,393216,200277.0781,400554.1562,0.0000,0,0.0000,0.0000,0,0.0000,0,0.0000,0.0000,0,0.0000,0.0000,0,0,0,0,0,0,0,0,0,0,0,0,0,0,0,0,0,0,0,0,0,0,0,0,0
WG_METRICS 821,256,768,1.0188,0.0042,0.0033,0.9849,0.0111,0.0153,256,768,196608,393216,199618.2344,399236.4688,0.0000,0,0.0000,0.0000,0,0.0000,0,0.0000,0.0000,0,0.0000,0.0000,0,0,0,0,0,0,0,0,0,0,0,0,0,0,0,0,0,0,0,0,0,0,0,0,0
WG_METRICS 822,256,768,1.0292,0.0042,0.0033,0.9868,0.0197,0.0153,256,768,196608,393216,199246.0156,398492.0312,0.0000,0,0.0000,0.0000,0,0.0000,0,0.0000,0.0000,0,0.0000,0.0000,0,0,0,0,0,0,0,0,0,0,0,0,0,0,0,0,0,0,0,0,0,0,0,0,0
WG_METRICS 823,256,768,1.0393,0.0043,0.0032,0.9961,0.0199,0.0158,256,768,196608,393216,197381.7344,394763.4688,0.0000,0,0.0000,0.0000,0,0.0000,0,0.0000,0.0000,0,0.0000,0.0000,0,0,0,0,0,0,0,0,0,0,0,0,0,0,0,0,0,0,0,0,0,0,0,0,0
WG_METRICS 824,256,768,1.0270,0.0042,0.0032,0.9831,0.0199,0.0165,256,768,196608,393216,199983.7188,399967.4375,0.0000,0,0.0000,0.0000,0,0.0000,0,0.0000,0.0000,0,0.0000,0.0000,0,0,0,0,0,0,0,0,0,0,0,0,0,0,0,0,0,0,0,0,0,0,0,0,0
WG_METRICS 825,256,768,1.0340,0.0042,0.0032,0.9958,0.0153,0.0155,256,768,196608,393216,197445.1562,394890.3125,0.0000,0,0.0000,0.0000,0,0.0000,0,0.0000,0.0000,0,0.0000,0.0000,0,0,0,0,0,0,0,0,0,0,0,0,0,0,0,0,0,0,0,0,0,0,0,0,0
WG_METRICS 826,256,768,1.0258,0.0042,0.0032,0.9921,0.0110,0.0152,256,768,196608,393216,198169.5781,396339.1562,0.0000,0,0.0000,0.0000,0,0.0000,0,0.0000,0.0000,0,0.0000,0.0000,0,0,0,0,0,0,0,0,0,0,0,0,0,0,0,0,0,0,0,0,0,0,0,0,0
WG_METRICS 827,256,768,1.0230,0.0042,0.0032,0.9888,0.0111,0.0156,256,768,196608,393216,198826.9062,397653.8125,0.0000,0,0.0000,0.0000,0,0.0000,0,0.0000,0.0000,0,0.0000,0.0000,0,0,0,0,0,0,0,0,0,0,0,0,0,0,0,0,0,0,0,0,0,0,0,0,0
WG_METRICS 828,256,768,1.0331,0.0042,0.0032,0.9901,0.0199,0.0157,256,768,196608,393216,198577.8906,397155.7812,0.0000,0,0.0000,0.0000,0,0.0000,0,0.0000,0.0000,0,0.0000,0.0000,0,0,0,0,0,0,0,0,0,0,0,0,0,0,0,0,0,0,0,0,0,0,0,0,0
WG_METRICS 829,256,768,1.0321,0.0042,0.0032,0.9789,0.0302,0.0155,256,768,196608,393216,200841.7500,401683.5000,0.0000,0,0.0000,0.0000,0,0.0000,0,0.0000,0.0000,0,0.0000,0.0000,0,0,0,0,0,0,0,0,0,0,0,0,0,0,0,0,0,0,0,0,0,0,0,0,0
WG_METRICS 830,256,768,1.0230,0.0042,0.0033,0.9877,0.0111,0.0168,256,768,196608,393216,199052.3594,398104.7188,0.0000,0,0.0000,0.0000,0,0.0000,0,0.0000,0.0000,0,0.0000,0.0000,0,0,0,0,0,0,0,0,0,0,0,0,0,0,0,0,0,0,0,0,0,0,0,0,0
WG_METRICS 831,256,768,1.0245,0.0042,0.0033,0.9818,0.0198,0.0154,256,768,196608,393216,200252.5938,400505.1875,0.0000,0,0.0000,0.0000,0,0.0000,0,0.0000,0.0000,0,0.0000,0.0000,0,0,0,0,0,0,0,0,0,0,0,0,0,0,0,0,0,0,0,0,0,0,0,0,0
WG_METRICS 832,256,768,1.0310,0.0042,0.0032,0.9970,0.0113,0.0154,256,768,196608,393216,197207.5156,394415.0312,0.0000,0,0.0000,0.0000,0,0.0000,0,0.0000,0.0000,0,0.0000,0.0000,0,0,0,0,0,0,0,0,0,0,0,0,0,0,0,0,0,0,0,0,0,0,0,0,0
WG_METRICS 833,256,768,1.0326,0.0042,0.0032,0.9896,0.0200,0.0154,256,768,196608,393216,198666.1875,397332.3750,0.0000,0,0.0000,0.0000,0,0.0000,0,0.0000,0.0000,0,0.0000,0.0000,0,0,0,0,0,0,0,0,0,0,0,0,0,0,0,0,0,0,0,0,0,0,0,0,0
WG_METRICS 834,256,768,1.0249,0.0042,0.0032,0.9815,0.0199,0.0161,256,768,196608,393216,200317.8906,400635.7812,0.0000,0,0.0000,0.0000,0,0.0000,0,0.0000,0.0000,0,0.0000,0.0000,0,0,0,0,0,0,0,0,0,0,0,0,0,0,0,0,0,0,0,0,0,0,0,0,0
WG_METRICS 835,256,768,1.0268,0.0042,0.0033,0.9836,0.0196,0.0162,256,768,196608,393216,199894.2500,399788.5000,0.0000,0,0.0000,0.0000,0,0.0000,0,0.0000,0.0000,0,0.0000,0.0000,0,0,0,0,0,0,0,0,0,0,0,0,0,0,0,0,0,0,0,0,0,0,0,0,0
WG_METRICS 836,256,768,1.0255,0.0042,0.0032,0.9908,0.0113,0.0160,256,768,196608,393216,198441.5938,396883.1875,0.0000,0,0.0000,0.0000,0,0.0000,0,0.0000,0.0000,0,0.0000,0.0000,0,0,0,0,0,0,0,0,0,0,0,0,0,0,0,0,0,0,0,0,0,0,0,0,0
WG_METRICS 837,256,768,1.0310,0.0042,0.0032,0.9966,0.0111,0.0159,256,768,196608,393216,197286.6719,394573.3438,0.0000,0,0.0000,0.0000,0,0.0000,0,0.0000,0.0000,0,0.0000,0.0000,0,0,0,0,0,0,0,0,0,0,0,0,0,0,0,0,0,0,0,0,0,0,0,0,0
WG_METRICS 838,256,768,1.0165,0.0042,0.0033,0.9826,0.0110,0.0155,256,768,196608,393216,200097.7031,400195.4062,0.0000,0,0.0000,0.0000,0,0.0000,0,0.0000,0.0000,0,0.0000,0.0000,0,0,0,0,0,0,0,0,0,0,0,0,0,0,0,0,0,0,0,0,0,0,0,0,0
WG_METRICS 839,256,768,1.0362,0.0042,0.0033,0.9933,0.0198,0.0157,256,768,196608,393216,197930.1719,395860.3438,0.0000,0,0.0000,0.0000,0,0.0000,0,0.0000,0.0000,0,0.0000,0.0000,0,0,0,0,0,0,0,0,0,0,0,0,0,0,0,0,0,0,0,0,0,0,0,0,0
WG_METRICS 840,256,768,1.0168,0.0042,0.0032,0.9824,0.0112,0.0157,256,768,196608,393216,200130.2969,400260.5938,0.0000,0,0.0000,0.0000,0,0.0000,0,0.0000,0.0000,0,0.0000,0.0000,0,0,0,0,0,0,0,0,0,0,0,0,0,0,0,0,0,0,0,0,0,0,0,0,0
WG_METRICS 841,256,768,1.0299,0.0042,0.0033,0.9874,0.0196,0.0154,256,768,196608,393216,199116.8750,398233.7500,0.0000,0,0.0000,0.0000,0,0.0000,0,0.0000,0.0000,0,0.0000,0.0000,0,0,0,0,0,0,0,0,0,0,0,0,0,0,0,0,0,0,0,0,0,0,0,0,0
WG_METRICS 842,256,768,1.0388,0.0042,0.0033,0.9960,0.0199,0.0153,256,768,196608,393216,197389.6719,394779.3438,0.0000,0,0.0000,0.0000,0,0.0000,0,0.0000,0.0000,0,0.0000,0.0000,0,0,0,0,0,0,0,0,0,0,0,0,0,0,0,0,0,0,0,0,0,0,0,0,0
WG_METRICS 843,256,768,1.0347,0.0041,0.0033,1.0006,0.0110,0.0157,256,768,196608,393216,196497.9531,392995.9062,0.0000,0,0.0000,0.0000,0,0.0000,0,0.0000,0.0000,0,0.0000,0.0000,0,0,0,0,0,0,0,0,0,0,0,0,0,0,0,0,0,0,0,0,0,0,0,0,0
WG_METRICS 844,256,768,1.0245,0.0041,0.0033,0.9949,0.0068,0.0154,256,768,196608,393216,197619.8125,395239.6250,0.0000,0,0.0000,0.0000,0,0.0000,0,0.0000,0.0000,0,0.0000,0.0000,0,0,0,0,0,0,0,0,0,0,0,0,0,0,0,0,0,0,0,0,0,0,0,0,0
WG_METRICS 845,256,768,1.0461,0.0042,0.0033,1.0035,0.0196,0.0155,256,768,196608,393216,195918.3594,391836.7188,0.0000,0,0.0000,0.0000,0,0.0000,0,0.0000,0.0000,0,0.0000,0.0000,0,0,0,0,0,0,0,0,0,0,0,0,0,0,0,0,0,0,0,0,0,0,0,0,0
WG_METRICS 846,256,768,1.0386,0.0042,0.0033,0.9956,0.0198,0.0158,256,768,196608,393216,197476.9062,394953.8125,0.0000,0,0.0000,0.0000,0,0.0000,0,0.0000,0.0000,0,0.0000,0.0000,0,0,0,0,0,0,0,0,0,0,0,0,0,0,0,0,0,0,0,0,0,0,0,0,0
WG_METRICS 847,256,768,1.0250,0.0041,0.0033,0.9907,0.0113,0.0156,256,768,196608,393216,198449.6250,396899.2500,0.0000,0,0.0000,0.0000,0,0.0000,0,0.0000,0.0000,0,0.0000,0.0000,0,0,0,0,0,0,0,0,0,0,0,0,0,0,0,0,0,0,0,0,0,0,0,0,0
WG_METRICS 848,256,768,1.0381,0.0045,0.0033,0.9951,0.0199,0.0154,256,768,196608,393216,197572.1562,395144.3125,0.0000,0,0.0000,0.0000,0,0.0000,0,0.0000,0.0000,0,0.0000,0.0000,0,0,0,0,0,0,0,0,0,0,0,0,0,0,0,0,0,0,0,0,0,0,0,0,0
WG_METRICS 849,256,768,1.0464,0.0044,0.0032,1.0032,0.0198,0.0158,256,768,196608,393216,195988.6719,391977.3438,0.0000,0,0.0000,0.0000,0,0.0000,0,0.0000,0.0000,0,0.0000,0.0000,0,0,0,0,0,0,0,0,0,0,0,0,0,0,0,0,0,0,0,0,0,0,0,0,0
WG_METRICS 850,256,768,1.0168,0.0042,0.0033,0.9829,0.0112,0.0153,256,768,196608,393216,200032.5625,400065.1250,0.0000,0,0.0000,0.0000,0,0.0000,0,0.0000,0.0000,0,0.0000,0.0000,0,0,0,0,0,0,0,0,0,0,0,0,0,0,0,0,0,0,0,0,0,0,0,0,0
WG_METRICS 851,256,768,1.0218,0.0042,0.0033,0.9792,0.0197,0.0154,256,768,196608,393216,200776.1094,401552.2188,0.0000,0,0.0000,0.0000,0,0.0000,0,0.0000,0.0000,0,0.0000,0.0000,0,0,0,0,0,0,0,0,0,0,0,0,0,0,0,0,0,0,0,0,0,0,0,0,0
WG_METRICS 852,256,768,1.0303,0.0042,0.0032,0.9880,0.0197,0.0153,256,768,196608,393216,199004.0156,398008.0312,0.0000,0,0.0000,0.0000,0,0.0000,0,0.0000,0.0000,0,0.0000,0.0000,0,0,0,0,0,0,0,0,0,0,0,0,0,0,0,0,0,0,0,0,0,0,0,0,0
WG_METRICS 853,256,768,1.0229,0.0042,0.0032,0.9890,0.0111,0.0155,256,768,196608,393216,198802.7812,397605.5625,0.0000,0,0.0000,0.0000,0,0.0000,0,0.0000,0.0000,0,0.0000,0.0000,0,0,0,0,0,0,0,0,0,0,0,0,0,0,0,0,0,0,0,0,0,0,0,0,0
WG_METRICS 854,256,768,1.0552,0.0042,0.0032,1.0248,0.0067,0.0162,256,768,196608,393216,191842.6250,383685.2500,0.0000,0,0.0000,0.0000,0,0.0000,0,0.0000,0.0000,0,0.0000,0.0000,0,0,0,0,0,0,0,0,0,0,0,0,0,0,0,0,0,0,0,0,0,0,0,0,0
WG_METRICS 855,256,768,1.0298,0.0042,0.0033,0.9875,0.0196,0.0152,256,768,196608,393216,199100.7500,398201.5000,0.0000,0,0.0000,0.0000,0,0.0000,0,0.0000,0.0000,0,0.0000,0.0000,0,0,0,0,0,0,0,0,0,0,0,0,0,0,0,0,0,0,0,0,0,0,0,0,0
WG_METRICS 856,256,768,1.0468,0.0042,0.0033,1.0038,0.0198,0.0158,256,768,196608,393216,195871.5312,391743.0625,0.0000,0,0.0000,0.0000,0,0.0000,0,0.0000,0.0000,0,0.0000,0.0000,0,0,0,0,0,0,0,0,0,0,0,0,0,0,0,0,0,0,0,0,0,0,0,0,0
WG_METRICS 857,256,768,1.0432,0.0042,0.0033,1.0090,0.0112,0.0155,256,768,196608,393216,194862.0312,389724.0625,0.0000,0,0.0000,0.0000,0,0.0000,0,0.0000,0.0000,0,0.0000,0.0000,0,0,0,0,0,0,0,0,0,0,0,0,0,0,0,0,0,0,0,0,0,0,0,0,0
WG_METRICS 858,256,768,1.0386,0.0044,0.0033,0.9957,0.0198,0.0154,256,768,196608,393216,197453.0938,394906.1875,0.0000,0,0.0000,0.0000,0,0.0000,0,0.0000,0.0000,0,0.0000,0.0000,0,0,0,0,0,0,0,0,0,0,0,0,0,0,0,0,0,0,0,0,0,0,0,0,0
WG_METRICS 859,256,768,1.0369,0.0043,0.0033,0.9938,0.0198,0.0157,256,768,196608,393216,197834.5781,395669.1562,0.0000,0,0.0000,0.0000,0,0.0000,0,0.0000,0.0000,0,0.0000,0.0000,0,0,0,0,0,0,0,0,0,0,0,0,0,0,0,0,0,0,0,0,0,0,0,0,0
WG_METRICS 860,256,768,1.0360,0.0042,0.0033,1.0022,0.0110,0.0154,256,768,196608,393216,196176.4062,392352.8125,0.0000,0,0.0000,0.0000,0,0.0000,0,0.0000,0.0000,0,0.0000,0.0000,0,0,0,0,0,0,0,0,0,0,0,0,0,0,0,0,0,0,0,0,0,0,0,0,0
WG_METRICS 861,256,768,1.0215,0.0041,0.0033,0.9874,0.0110,0.0156,256,768,196608,393216,199108.8125,398217.6250,0.0000,0,0.0000,0.0000,0,0.0000,0,0.0000,0.0000,0,0.0000,0.0000,0,0,0,0,0,0,0,0,0,0,0,0,0,0,0,0,0,0,0,0,0,0,0,0,0
WG_METRICS 862,256,768,1.0254,0.0042,0.0032,0.9827,0.0198,0.0156,256,768,196608,393216,200073.2656,400146.5312,0.0000,0,0.0000,0.0000,0,0.0000,0,0.0000,0.0000,0,0.0000,0.0000,0,0,0,0,0,0,0,0,0,0,0,0,0,0,0,0,0,0,0,0,0,0,0,0,0
WG_METRICS 863,256,768,1.0259,0.0042,0.0032,0.9832,0.0198,0.0154,256,768,196608,393216,199959.3125,399918.6250,0.0000,0,0.0000,0.0000,0,0.0000,0,0.0000,0.0000,0,0.0000,0.0000,0,0,0,0,0,0,0,0,0,0,0,0,0,0,0,0,0,0,0,0,0,0,0,0,0
WG_METRICS 864,256,768,1.0370,0.0041,0.0033,0.9941,0.0199,0.0156,256,768,196608,393216,197778.8438,395557.6875,0.0000,0,0.0000,0.0000,0,0.0000,0,0.0000,0.0000,0,0.0000,0.0000,0,0,0,0,0,0,0,0,0,0,0,0,0,0,0,0,0,0,0,0,0,0,0,0,0
WG_METRICS 865,256,768,1.0369,0.0042,0.0032,0.9944,0.0196,0.0154,256,768,196608,393216,197723.1562,395446.3125,0.0000,0,0.0000,0.0000,0,0.0000,0,0.0000,0.0000,0,0.0000,0.0000,0,0,0,0,0,0,0,0,0,0,0,0,0,0,0,0,0,0,0,0,0,0,0,0,0
WG_METRICS 866,256,768,1.0341,0.0042,0.0032,0.9918,0.0197,0.0152,256,768,196608,393216,198241.5000,396483.0000,0.0000,0,0.0000,0.0000,0,0.0000,0,0.0000,0.0000,0,0.0000,0.0000,0,0,0,0,0,0,0,0,0,0,0,0,0,0,0,0,0,0,0,0,0,0,0,0,0
WG_METRICS 867,256,768,1.0238,0.0042,0.0033,0.9938,0.0069,0.0156,256,768,196608,393216,197834.5781,395669.1562,0.0000,0,0.0000,0.0000,0,0.0000,0,0.0000,0.0000,0,0.0000,0.0000,0,0,0,0,0,0,0,0,0,0,0,0,0,0,0,0,0,0,0,0,0,0,0,0,0
WG_METRICS 868,256,768,1.0268,0.0042,0.0032,0.9841,0.0198,0.0154,256,768,196608,393216,199788.6250,399577.2500,0.0000,0,0.0000,0.0000,0,0.0000,0,0.0000,0.0000,0,0.0000,0.0000,0,0,0,0,0,0,0,0,0,0,0,0,0,0,0,0,0,0,0,0,0,0,0,0,0
WG_METRICS 869,256,768,1.0251,0.0042,0.0033,0.9824,0.0197,0.0155,256,768,196608,393216,200122.1406,400244.2812,0.0000,0,0.0000,0.0000,0,0.0000,0,0.0000,0.0000,0,0.0000,0.0000,0,0,0,0,0,0,0,0,0,0,0,0,0,0,0,0,0,0,0,0,0,0,0,0,0
WG_METRICS 870,256,768,1.0424,0.0042,0.0032,1.0083,0.0111,0.0156,256,768,196608,393216,194993.4531,389986.9062,0.0000,0,0.0000,0.0000,0,0.0000,0,0.0000,0.0000,0,0.0000,0.0000,0,0,0,0,0,0,0,0,0,0,0,0,0,0,0,0,0,0,0,0,0,0,0,0,0
WG_METRICS 871,256,768,1.0408,0.0043,0.0033,0.9980,0.0198,0.0155,256,768,196608,393216,197009.9062,394019.8125,0.0000,0,0.0000,0.0000,0,0.0000,0,0.0000,0.0000,0,0.0000,0.0000,0,0,0,0,0,0,0,0,0,0,0,0,0,0,0,0,0,0,0,0,0,0,0,0,0
WG_METRICS 872,256,768,1.0066,0.0041,0.0033,0.9725,0.0112,0.0154,256,768,196608,393216,202171.7656,404343.5312,0.0000,0,0.0000,0.0000,0,0.0000,0,0.0000,0.0000,0,0.0000,0.0000,0,0,0,0,0,0,0,0,0,0,0,0,0,0,0,0,0,0,0,0,0,0,0,0,0
WG_METRICS 873,256,768,1.0447,0.0042,0.0032,1.0019,0.0198,0.0156,256,768,196608,393216,196239.0625,392478.1250,0.0000,0,0.0000,0.0000,0,0.0000,0,0.0000,0.0000,0,0.0000,0.0000,0,0,0,0,0,0,0,0,0,0,0,0,0,0,0,0,0,0,0,0,0,0,0,0,0
WG_METRICS 874,256,768,1.0493,0.0042,0.0033,1.0066,0.0198,0.0154,256,768,196608,393216,195318.8906,390637.7812,0.0000,0,0.0000,0.0000,0,0.0000,0,0.0000,0.0000,0,0.0000,0.0000,0,0,0,0,0,0,0,0,0,0,0,0,0,0,0,0,0,0,0,0,0,0,0,0,0
WG_METRICS 875,256,768,1.0414,0.0042,0.0033,1.0076,0.0110,0.0153,256,768,196608,393216,195117.2969,390234.5938,0.0000,0,0.0000,0.0000,0,0.0000,0,0.0000,0.0000,0,0.0000,0.0000,0,0,0,0,0,0,0,0,0,0,0,0,0,0,0,0,0,0,0,0,0,0,0,0,0
WG_METRICS 876,256,768,1.0208,0.0042,0.0033,0.9866,0.0110,0.0157,256,768,196608,393216,199270.2500,398540.5000,0.0000,0,0.0000,0.0000,0,0.0000,0,0.0000,0.0000,0,0.0000,0.0000,0,0,0,0,0,0,0,0,0,0,0,0,0,0,0,0,0,0,0,0,0,0,0,0,0
WG_METRICS 877,256,768,1.0200,0.0042,0.0032,0.9771,0.0198,0.0156,256,768,196608,393216,201219.9688,402439.9375,0.0000,0,0.0000,0.0000,0,0.0000,0,0.0000,0.0000,0,0.0000,0.0000,0,0,0,0,0,0,0,0,0,0,0,0,0,0,0,0,0,0,0,0,0,0,0,0,0
WG_METRICS 878,256,768,1.0268,0.0042,0.0032,0.9838,0.0199,0.0157,256,768,196608,393216,199845.5000,399691.0000,0.0000,0,0.0000,0.0000,0,0.0000,0,0.0000,0.0000,0,0.0000,0.0000,0,0,0,0,0,0,0,0,0,0,0,0,0,0,0,0,0,0,0,0,0,0,0,0,0
WG_METRICS 879,256,768,1.0225,0.0042,0.0033,0.9799,0.0196,0.0155,256,768,196608,393216,200636.7812,401273.5625,0.0000,0,0.0000,0.0000,0,0.0000,0,0.0000,0.0000,0,0.0000,0.0000,0,0,0,0,0,0,0,0,0,0,0,0,0,0,0,0,0,0,0,0,0,0,0,0,0
WG_METRICS 880,256,768,1.0104,0.0041,0.0033,0.9809,0.0067,0.0153,256,768,196608,393216,200432.2500,400864.5000,0.0000,0,0.0000,0.0000,0,0.0000,0,0.0000,0.0000,0,0.0000,0.0000,0,0,0,0,0,0,0,0,0,0,0,0,0,0,0,0,0,0,0,0,0,0,0,0,0
WG_METRICS 881,256,768,1.0277,0.0042,0.0032,0.9846,0.0199,0.0158,256,768,196608,393216,199675.0000,399350.0000,0.0000,0,0.0000,0.0000,0,0.0000,0,0.0000,0.0000,0,0.0000,0.0000,0,0,0,0,0,0,0,0,0,0,0,0,0,0,0,0,0,0,0,0,0,0,0,0,0
WG_METRICS 882,256,768,1.0457,0.0042,0.0032,1.0032,0.0198,0.0153,256,768,196608,393216,195988.6719,391977.3438,0.0000,0,0.0000,0.0000,0,0.0000,0,0.0000,0.0000,0,0.0000,0.0000,0,0,0,0,0,0,0,0,0,0,0,0,0,0,0,0,0,0,0,0,0,0,0,0,0
WG_METRICS 883,256,768,1.0245,0.0042,0.0033,0.9815,0.0198,0.0157,256,768,196608,393216,200309.7188,400619.4375,0.0000,0,0.0000,0.0000,0,0.0000,0,0.0000,0.0000,0,0.0000,0.0000,0,0,0,0,0,0,0,0,0,0,0,0,0,0,0,0,0,0,0,0,0,0,0,0,0
WG_METRICS 884,256,768,1.0448,0.0042,0.0033,1.0023,0.0196,0.0154,256,768,196608,393216,196152.9219,392305.8438,0.0000,0,0.0000,0.0000,0,0.0000,0,0.0000,0.0000,0,0.0000,0.0000,0,0,0,0,0,0,0,0,0,0,0,0,0,0,0,0,0,0,0,0,0,0,0,0,0
WG_METRICS 885,256,768,1.0358,0.0041,0.0033,0.9932,0.0196,0.0156,256,768,196608,393216,197962.0625,395924.1250,0.0000,0,0.0000,0.0000,0,0.0000,0,0.0000,0.0000,0,0.0000,0.0000,0,0,0,0,0,0,0,0,0,0,0,0,0,0,0,0,0,0,0,0,0,0,0,0,0
WG_METRICS 886,256,768,1.0256,0.0042,0.0032,0.9910,0.0113,0.0159,256,768,196608,393216,198401.5469,396803.0938,0.0000,0,0.0000,0.0000,0,0.0000,0,0.0000,0.0000,0,0.0000,0.0000,0,0,0,0,0,0,0,0,0,0,0,0,0,0,0,0,0,0,0,0,0,0,0,0,0
WG_METRICS 887,256,768,1.0493,0.0041,0.0033,1.0066,0.0198,0.0155,256,768,196608,393216,195318.8906,390637.7812,0.0000,0,0.0000,0.0000,0,0.0000,0,0.0000,0.0000,0,0.0000,0.0000,0,0,0,0,0,0,0,0,0,0,0,0,0,0,0,0,0,0,0,0,0,0,0,0,0
WG_METRICS 888,256,768,1.0299,0.0042,0.0033,0.9872,0.0197,0.0155,256,768,196608,393216,199149.1406,398298.2812,0.0000,0,0.0000,0.0000,0,0.0000,0,0.0000,0.0000,0,0.0000,0.0000,0,0,0,0,0,0,0,0,0,0,0,0,0,0,0,0,0,0,0,0,0,0,0,0,0
WG_METRICS 889,256,768,1.0676,0.0042,0.0033,0.9770,0.0366,0.0466,256,768,196608,393216,201236.4375,402472.8750,0.0000,0,0.0000,0.0000,0,0.0000,0,0.0000,0.0000,0,0.0000,0.0000,0,0,0,0,0,0,0,0,0,0,0,0,0,0,0,0,0,0,0,0,0,0,0,0,0
WG_METRICS 890,256,768,1.0352,0.0041,0.0033,0.9929,0.0196,0.0153,256,768,196608,393216,198009.9062,396019.8125,0.0000,0,0.0000,0.0000,0,0.0000,0,0.0000,0.0000,0,0.0000,0.0000,0,0,0,0,0,0,0,0,0,0,0,0,0,0,0,0,0,0,0,0,0,0,0,0,0
WG_METRICS 891,256,768,1.0384,0.0041,0.0033,0.9959,0.0197,0.0154,256,768,196608,393216,197421.3750,394842.7500,0.0000,0,0.0000,0.0000,0,0.0000,0,0.0000,0.0000,0,0.0000,0.0000,0,0,0,0,0,0,0,0,0,0,0,0,0,0,0,0,0,0,0,0,0,0,0,0,0
WG_METRICS 892,256,768,1.0450,0.0042,0.0032,1.0021,0.0198,0.0157,256,768,196608,393216,196199.9062,392399.8125,0.0000,0,0.0000,0.0000,0,0.0000,0,0.0000,0.0000,0,0.0000,0.0000,0,0,0,0,0,0,0,0,0,0,0,0,0,0,0,0,0,0,0,0,0,0,0,0,0
WG_METRICS 893,256,768,1.0353,0.0042,0.0033,0.9926,0.0198,0.0156,256,768,196608,393216,198081.7188,396163.4375,0.0000,0,0.0000,0.0000,0,0.0000,0,0.0000,0.0000,0,0.0000,0.0000,0,0,0,0,0,0,0,0,0,0,0,0,0,0,0,0,0,0,0,0,0,0,0,0,0
WG_METRICS 894,256,768,1.0388,0.0042,0.0033,0.9950,0.0198,0.0166,256,768,196608,393216,197588.0312,395176.0625,0.0000,0,0.0000,0.0000,0,0.0000,0,0.0000,0.0000,0,0.0000,0.0000,0,0,0,0,0,0,0,0,0,0,0,0,0,0,0,0,0,0,0,0,0,0,0,0,0
WG_METRICS 895,256,768,1.0172,0.0042,0.0033,0.9743,0.0199,0.0156,256,768,196608,393216,201789.9688,403579.9375,0.0000,0,0.0000,0.0000,0,0.0000,0,0.0000,0.0000,0,0.0000,0.0000,0,0,0,0,0,0,0,0,0,0,0,0,0,0,0,0,0,0,0,0,0,0,0,0,0
WG_METRICS 896,256,768,1.0324,0.0042,0.0033,1.0022,0.0067,0.0160,256,768,196608,393216,196176.4062,392352.8125,0.0000,0,0.0000,0.0000,0,0.0000,0,0.0000,0.0000,0,0.0000,0.0000,0,0,0,0,0,0,0,0,0,0,0,0,0,0,0,0,0,0,0,0,0,0,0,0,0
WG_METRICS 897,256,768,1.0396,0.0042,0.0033,0.9966,0.0199,0.0157,256,768,196608,393216,197278.7500,394557.5000,0.0000,0,0.0000,0.0000,0,0.0000,0,0.0000,0.0000,0,0.0000,0.0000,0,0,0,0,0,0,0,0,0,0,0,0,0,0,0,0,0,0,0,0,0,0,0,0,0
WG_METRICS 898,256,768,1.0428,0.0042,0.0032,1.0001,0.0199,0.0153,256,768,196608,393216,196584.4062,393168.8125,0.0000,0,0.0000,0.0000,0,0.0000,0,0.0000,0.0000,0,0.0000,0.0000,0,0,0,0,0,0,0,0,0,0,0,0,0,0,0,0,0,0,0,0,0,0,0,0,0
WG_METRICS 899,256,768,1.0031,0.0041,0.0033,0.9720,0.0084,0.0154,256,768,196608,393216,202279.9219,404559.8438,0.0000,0,0.0000,0.0000,0,0.0000,0,0.0000,0.0000,0,0.0000,0.0000,0,0,0,0,0,0,0,0,0,0,0,0,0,0,0,0,0,0,0,0,0,0,0,0,0
WG_METRICS 900,256,768,1.0462,0.0042,0.0033,1.0034,0.0199,0.0154,256,768,196608,393216,195933.9844,391867.9688,0.0000,0,0.0000,0.0000,0,0.0000,0,0.0000,0.0000,0,0.0000,0.0000,0,0,0,0,0,0,0,0,0,0,0,0,0,0,0,0,0,0,0,0,0,0,0,0,0
WG_METRICS 901,256,768,1.0246,0.0042,0.0033,0.9819,0.0198,0.0154,256,768,196608,393216,200228.1250,400456.2500,0.0000,0,0.0000,0.0000,0,0.0000,0,0.0000,0.0000,0,0.0000,0.0000,0,0,0,0,0,0,0,0,0,0,0,0,0,0,0,0,0,0,0,0,0,0,0,0,0
WG_METRICS 902,256,768,1.0287,0.0042,0.0032,0.9861,0.0197,0.0154,256,768,196608,393216,199383.4219,398766.8438,0.0000,0,0.0000,0.0000,0,0.0000,0,0.0000,0.0000,0,0.0000,0.0000,0,0,0,0,0,0,0,0,0,0,0,0,0,0,0,0,0,0,0,0,0,0,0,0,0
WG_METRICS 903,256,768,1.0401,0.0042,0.0033,0.9976,0.0196,0.0154,256,768,196608,393216,197080.9844,394161.9688,0.0000,0,0.0000,0.0000,0,0.0000,0,0.0000,0.0000,0,0.0000,0.0000,0,0,0,0,0,0,0,0,0,0,0,0,0,0,0,0,0,0,0,0,0,0,0,0,0
WG_METRICS 904,256,768,1.0339,0.0042,0.0033,0.9912,0.0200,0.0154,256,768,196608,393216,198361.5156,396723.0312,0.0000,0,0.0000,0.0000,0,0.0000,0,0.0000,0.0000,0,0.0000,0.0000,0,0,0,0,0,0,0,0,0,0,0,0,0,0,0,0,0,0,0,0,0,0,0,0,0
WG_METRICS 905,256,768,1.0270,0.0042,0.0033,0.9828,0.0200,0.0168,256,768,196608,393216,200040.7031,400081.4062,0.0000,0,0.0000,0.0000,0,0.0000,0,0.0000,0.0000,0,0.0000,0.0000,0,0,0,0,0,0,0,0,0,0,0,0,0,0,0,0,0,0,0,0,0,0,0,0,0
WG_METRICS 906,256,768,1.0203,0.0042,0.0033,0.9866,0.0110,0.0153,256,768,196608,393216,199286.4062,398572.8125,0.0000,0,0.0000,0.0000,0,0.0000,0,0.0000,0.0000,0,0.0000,0.0000,0,0,0,0,0,0,0,0,0,0,0,0,0,0,0,0,0,0,0,0,0,0,0,0,0
WG_METRICS 907,256,768,1.0426,0.0042,0.0032,1.0077,0.0111,0.0164,256,768,196608,393216,195109.5469,390219.0938,0.0000,0,0.0000,0.0000,0,0.0000,0,0.0000,0.0000,0,0.0000,0.0000,0,0,0,0,0,0,0,0,0,0,0,0,0,0,0,0,0,0,0,0,0,0,0,0,0
WG_METRICS 908,256,768,1.0436,0.0043,0.0033,1.0010,0.0197,0.0154,256,768,196608,393216,196419.4375,392838.8750,0.0000,0,0.0000,0.0000,0,0.0000,0,0.0000,0.0000,0,0.0000,0.0000,0,0,0,0,0,0,0,0,0,0,0,0,0,0,0,0,0,0,0,0,0,0,0,0,0
WG_METRICS 909,256,768,2.0451,0.0064,0.0036,1.9826,0.0223,0.0302,256,768,196608,393216,99168.7500,198337.5000,0.0000,0,0.0000,0.0000,0,0.0000,0,0.0000,0.0000,0,0.0000,0.0000,0,0,0,0,0,0,0,0,0,0,0,0,0,0,0,0,0,0,0,0,0,0,0,0,0
WG_METRICS 910,256,768,2.0572,0.0065,0.0037,1.9940,0.0225,0.0306,256,768,196608,393216,98601.7734,197203.5469,0.0000,0,0.0000,0.0000,0,0.0000,0,0.0000,0.0000,0,0.0000,0.0000,0,0,0,0,0,0,0,0,0,0,0,0,0,0,0,0,0,0,0,0,0,0,0,0,0
WG_METRICS 911,256,768,1.5942,0.0065,0.0036,1.5425,0.0206,0.0210,256,768,196608,393216,127462.2656,254924.5312,0.0000,0,0.0000,0.0000,0,0.0000,0,0.0000,0.0000,0,0.0000,0.0000,0,0,0,0,0,0,0,0,0,0,0,0,0,0,0,0,0,0,0,0,0,0,0,0,0
WG_METRICS 912,256,768,1.0151,0.0042,0.0032,0.9811,0.0111,0.0155,256,768,196608,393216,200391.3906,400782.7812,0.0000,0,0.0000,0.0000,0,0.0000,0,0.0000,0.0000,0,0.0000,0.0000,0,0,0,0,0,0,0,0,0,0,0,0,0,0,0,0,0,0,0,0,0,0,0,0,0
WG_METRICS 913,256,768,1.0332,0.0042,0.0032,0.9904,0.0197,0.0157,256,768,196608,393216,198513.7344,397027.4688,0.0000,0,0.0000,0.0000,0,0.0000,0,0.0000,0.0000,0,0.0000,0.0000,0,0,0,0,0,0,0,0,0,0,0,0,0,0,0,0,0,0,0,0,0,0,0,0,0
WG_METRICS 914,256,768,1.0224,0.0042,0.0033,0.9798,0.0197,0.0154,256,768,196608,393216,200653.1719,401306.3438,0.0000,0,0.0000,0.0000,0,0.0000,0,0.0000,0.0000,0,0.0000,0.0000,0,0,0,0,0,0,0,0,0,0,0,0,0,0,0,0,0,0,0,0,0,0,0,0,0
WG_METRICS 915,256,768,1.0288,0.0041,0.0033,0.9864,0.0195,0.0154,256,768,196608,393216,199310.6562,398621.3125,0.0000,0,0.0000,0.0000,0,0.0000,0,0.0000,0.0000,0,0.0000,0.0000,0,0,0,0,0,0,0,0,0,0,0,0,0,0,0,0,0,0,0,0,0,0,0,0,0
WG_METRICS 916,256,768,1.0410,0.0041,0.0033,0.9983,0.0197,0.0156,256,768,196608,393216,196946.7500,393893.5000,0.0000,0,0.0000,0.0000,0,0.0000,0,0.0000,0.0000,0,0.0000,0.0000,0,0,0,0,0,0,0,0,0,0,0,0,0,0,0,0,0,0,0,0,0,0,0,0,0
WG_METRICS 917,256,768,1.0154,0.0042,0.0033,0.9813,0.0112,0.0155,256,768,196608,393216,200350.5469,400701.0938,0.0000,0,0.0000,0.0000,0,0.0000,0,0.0000,0.0000,0,0.0000,0.0000,0,0,0,0,0,0,0,0,0,0,0,0,0,0,0,0,0,0,0,0,0,0,0,0,0
WG_METRICS 918,256,768,1.0375,0.0041,0.0033,0.9946,0.0198,0.0157,256,768,196608,393216,197675.4531,395350.9062,0.0000,0,0.0000,0.0000,0,0.0000,0,0.0000,0.0000,0,0.0000,0.0000,0,0,0,0,0,0,0,0,0,0,0,0,0,0,0,0,0,0,0,0,0,0,0,0,0
WG_METRICS 919,256,768,1.0315,0.0042,0.0032,0.9976,0.0110,0.0154,256,768,196608,393216,197073.0938,394146.1875,0.0000,0,0.0000,0.0000,0,0.0000,0,0.0000,0.0000,0,0.0000,0.0000,0,0,0,0,0,0,0,0,0,0,0,0,0,0,0,0,0,0,0,0,0,0,0,0,0
WG_METRICS 920,256,768,1.0350,0.0042,0.0033,0.9920,0.0200,0.0155,256,768,196608,393216,198185.5625,396371.1250,0.0000,0,0.0000,0.0000,0,0.0000,0,0.0000,0.0000,0,0.0000,0.0000,0,0,0,0,0,0,0,0,0,0,0,0,0,0,0,0,0,0,0,0,0,0,0,0,0
WG_METRICS 921,256,768,1.0191,0.0042,0.0033,0.9851,0.0112,0.0154,256,768,196608,393216,199577.7188,399155.4375,0.0000,0,0.0000,0.0000,0,0.0000,0,0.0000,0.0000,0,0.0000,0.0000,0,0,0,0,0,0,0,0,0,0,0,0,0,0,0,0,0,0,0,0,0,0,0,0,0
WG_METRICS 922,256,768,1.0285,0.0042,0.0033,0.9941,0.0112,0.0158,256,768,196608,393216,197770.8906,395541.7812,0.0000,0,0.0000,0.0000,0,0.0000,0,0.0000,0.0000,0,0.0000,0.0000,0,0,0,0,0,0,0,0,0,0,0,0,0,0,0,0,0,0,0,0,0,0,0,0,0
WG_METRICS 923,256,768,1.0325,0.0042,0.0032,0.9900,0.0196,0.0155,256,768,196608,393216,198585.9219,397171.8438,0.0000,0,0.0000,0.0000,0,0.0000,0,0.0000,0.0000,0,0.0000,0.0000,0,0,0,0,0,0,0,0,0,0,0,0,0,0,0,0,0,0,0,0,0,0,0,0,0
WG_METRICS 924,256,768,1.0499,0.0042,0.0032,0.9794,0.0476,0.0154,256,768,196608,393216,200751.5156,401503.0312,0.0000,0,0.0000,0.0000,0,0.0000,0,0.0000,0.0000,0,0.0000,0.0000,0,0,0,0,0,0,0,0,0,0,0,0,0,0,0,0,0,0,0,0,0,0,0,0,0
WG_METRICS 925,256,768,1.0102,0.0042,0.0033,0.9806,0.0067,0.0154,256,768,196608,393216,200505.8281,401011.6562,0.0000,0,0.0000,0.0000,0,0.0000,0,0.0000,0.0000,0,0.0000,0.0000,0,0,0,0,0,0,0,0,0,0,0,0,0,0,0,0,0,0,0,0,0,0,0,0,0
WG_METRICS 926,256,768,1.0425,0.0042,0.0033,1.0000,0.0198,0.0153,256,768,196608,393216,196615.8594,393231.7188,0.0000,0,0.0000,0.0000,0,0.0000,0,0.0000,0.0000,0,0.0000,0.0000,0,0,0,0,0,0,0,0,0,0,0,0,0,0,0,0,0,0,0,0,0,0,0,0,0
WG_METRICS 927,256,768,1.0244,0.0042,0.0033,0.9905,0.0111,0.0154,256,768,196608,393216,198497.7031,396995.4062,0.0000,0,0.0000,0.0000,0,0.0000,0,0.0000,0.0000,0,0.0000,0.0000,0,0,0,0,0,0,0,0,0,0,0,0,0,0,0,0,0,0,0,0,0,0,0,0,0
WG_METRICS 928,256,768,1.0360,0.0041,0.0033,0.9926,0.0199,0.0162,256,768,196608,393216,198081.7188,396163.4375,0.0000,0,0.0000,0.0000,0,0.0000,0,0.0000,0.0000,0,0.0000,0.0000,0,0,0,0,0,0,0,0,0,0,0,0,0,0,0,0,0,0,0,0,0,0,0,0,0
WG_METRICS 929,256,768,1.0304,0.0041,0.0033,0.9878,0.0198,0.0153,256,768,196608,393216,199028.1875,398056.3750,0.0000,0,0.0000,0.0000,0,0.0000,0,0.0000,0.0000,0,0.0000,0.0000,0,0,0,0,0,0,0,0,0,0,0,0,0,0,0,0,0,0,0,0,0,0,0,0,0
WG_METRICS 930,256,768,1.0220,0.0044,0.0027,0.9926,0.0068,0.0154,256,768,196608,393216,198073.7344,396147.4688,0.0000,0,0.0000,0.0000,0,0.0000,0,0.0000,0.0000,0,0.0000,0.0000,0,0,0,0,0,0,0,0,0,0,0,0,0,0,0,0,0,0,0,0,0,0,0,0,0
WG_METRICS 931,256,768,1.0421,0.0042,0.0033,0.9997,0.0197,0.0153,256,768,196608,393216,196663.0625,393326.1250,0.0000,0,0.0000,0.0000,0,0.0000,0,0.0000,0.0000,0,0.0000,0.0000,0,0,0,0,0,0,0,0,0,0,0,0,0,0,0,0,0,0,0,0,0,0,0,0,0
WG_METRICS 932,256,768,1.0250,0.0042,0.0032,0.9899,0.0113,0.0164,256,768,196608,393216,198618.0156,397236.0312,0.0000,0,0.0000,0.0000,0,0.0000,0,0.0000,0.0000,0,0.0000,0.0000,0,0,0,0,0,0,0,0,0,0,0,0,0,0,0,0,0,0,0,0,0,0,0,0,0
WG_METRICS 933,256,768,1.0174,0.0041,0.0032,0.9828,0.0110,0.0162,256,768,196608,393216,200040.7031,400081.4062,0.0000,0,0.0000,0.0000,0,0.0000,0,0.0000,0.0000,0,0.0000,0.0000,0,0,0,0,0,0,0,0,0,0,0,0,0,0,0,0,0,0,0,0,0,0,0,0,0
WG_METRICS 934,256,768,1.0373,0.0042,0.0033,0.9950,0.0196,0.0153,256,768,196608,393216,197603.9219,395207.8438,0.0000,0,0.0000,0.0000,0,0.0000,0,0.0000,0.0000,0,0.0000,0.0000,0,0,0,0,0,0,0,0,0,0,0,0,0,0,0,0,0,0,0,0,0,0,0,0,0
WG_METRICS 935,256,768,1.0371,0.0042,0.0033,1.0032,0.0110,0.0155,256,768,196608,393216,195973.0469,391946.0938,0.0000,0,0.0000,0.0000,0,0.0000,0,0.0000,0.0000,0,0.0000,0.0000,0,0,0,0,0,0,0,0,0,0,0,0,0,0,0,0,0,0,0,0,0,0,0,0,0
WG_METRICS 936,256,768,1.0311,0.0042,0.0032,0.9965,0.0110,0.0161,256,768,196608,393216,197302.5000,394605.0000,0.0000,0,0.0000,0.0000,0,0.0000,0,0.0000,0.0000,0,0.0000,0.0000,0,0,0,0,0,0,0,0,0,0,0,0,0,0,0,0,0,0,0,0,0,0,0,0,0
WG_METRICS 937,256,768,1.0320,0.0042,0.0033,0.9982,0.0112,0.0153,256,768,196608,393216,196970.4219,393940.8438,0.0000,0,0.0000,0.0000,0,0.0000,0,0.0000,0.0000,0,0.0000,0.0000,0,0,0,0,0,0,0,0,0,0,0,0,0,0,0,0,0,0,0,0,0,0,0,0,0
WG_METRICS 938,256,768,1.0356,0.0041,0.0033,0.9932,0.0196,0.0154,256,768,196608,393216,197962.0625,395924.1250,0.0000,0,0.0000,0.0000,0,0.0000,0,0.0000,0.0000,0,0.0000,0.0000,0,0,0,0,0,0,0,0,0,0,0,0,0,0,0,0,0,0,0,0,0,0,0,0,0
WG_METRICS 939,256,768,1.0278,0.0042,0.0032,0.9936,0.0110,0.0158,256,768,196608,393216,197874.3906,395748.7812,0.0000,0,0.0000,0.0000,0,0.0000,0,0.0000,0.0000,0,0.0000,0.0000,0,0,0,0,0,0,0,0,0,0,0,0,0,0,0,0,0,0,0,0,0,0,0,0,0
WG_METRICS 940,256,768,1.0274,0.0042,0.0033,0.9839,0.0197,0.0163,256,768,196608,393216,199821.1250,399642.2500,0.0000,0,0.0000,0.0000,0,0.0000,0,0.0000,0.0000,0,0.0000,0.0000,0,0,0,0,0,0,0,0,0,0,0,0,0,0,0,0,0,0,0,0,0,0,0,0,0
WG_METRICS 941,256,768,1.0162,0.0042,0.0033,0.9818,0.0110,0.0160,256,768,196608,393216,200252.5938,400505.1875,0.0000,0,0.0000,0.0000,0,0.0000,0,0.0000,0.0000,0,0.0000,0.0000,0,0,0,0,0,0,0,0,0,0,0,0,0,0,0,0,0,0,0,0,0,0,0,0,0
WG_METRICS 942,256,768,1.0235,0.0042,0.0033,0.9894,0.0112,0.0154,256,768,196608,393216,198706.3281,397412.6562,0.0000,0,0.0000,0.0000,0,0.0000,0,0.0000,0.0000,0,0.0000,0.0000,0,0,0,0,0,0,0,0,0,0,0,0,0,0,0,0,0,0,0,0,0,0,0,0,0
WG_METRICS 943,256,768,1.0296,0.0042,0.0033,0.9867,0.0199,0.0156,256,768,196608,393216,199254.0938,398508.1875,0.0000,0,0.0000,0.0000,0,0.0000,0,0.0000,0.0000,0,0.0000,0.0000,0,0,0,0,0,0,0,0,0,0,0,0,0,0,0,0,0,0,0,0,0,0,0,0,0
WG_METRICS 944,256,768,1.0292,0.0042,0.0032,0.9857,0.0198,0.0162,256,768,196608,393216,199464.3281,398928.6562,0.0000,0,0.0000,0.0000,0,0.0000,0,0.0000,0.0000,0,0.0000,0.0000,0,0,0,0,0,0,0,0,0,0,0,0,0,0,0,0,0,0,0,0,0,0,0,0,0
WG_METRICS 945,256,768,1.0231,0.0042,0.0032,0.9806,0.0197,0.0153,256,768,196608,393216,200497.6562,400995.3125,0.0000,0,0.0000,0.0000,0,0.0000,0,0.0000,0.0000,0,0.0000,0.0000,0,0,0,0,0,0,0,0,0,0,0,0,0,0,0,0,0,0,0,0,0,0,0,0,0
WG_METRICS 946,256,768,1.0181,0.0041,0.0033,0.9840,0.0111,0.0156,256,768,196608,393216,199804.8750,399609.7500,0.0000,0,0.0000,0.0000,0,0.0000,0,0.0000,0.0000,0,0.0000,0.0000,0,0,0,0,0,0,0,0,0,0,0,0,0,0,0,0,0,0,0,0,0,0,0,0,0
WG_METRICS 947,256,768,1.0242,0.0042,0.0032,0.9900,0.0110,0.0157,256,768,196608,393216,198593.9375,397187.8750,0.0000,0,0.0000,0.0000,0,0.0000,0,0.0000,0.0000,0,0.0000,0.0000,0,0,0,0,0,0,0,0,0,0,0,0,0,0,0,0,0,0,0,0,0,0,0,0,0
WG_METRICS 948,256,768,1.0238,0.0042,0.0033,0.9896,0.0110,0.0158,256,768,196608,393216,198682.2344,397364.4688,0.0000,0,0.0000,0.0000,0,0.0000,0,0.0000,0.0000,0,0.0000,0.0000,0,0,0,0,0,0,0,0,0,0,0,0,0,0,0,0,0,0,0,0,0,0,0,0,0
WG_METRICS 949,256,768,1.0176,0.0042,0.0033,0.9833,0.0113,0.0155,256,768,196608,393216,199951.1875,399902.3750,0.0000,0,0.0000,0.0000,0,0.0000,0,0.0000,0.0000,0,0.0000,0.0000,0,0,0,0,0,0,0,0,0,0,0,0,0,0,0,0,0,0,0,0,0,0,0,0,0
WG_METRICS 950,256,768,1.0153,0.0042,0.0033,0.9816,0.0110,0.0153,256,768,196608,393216,200293.4062,400586.8125,0.0000,0,0.0000,0.0000,0,0.0000,0,0.0000,0.0000,0,0.0000,0.0000,0,0,0,0,0,0,0,0,0,0,0,0,0,0,0,0,0,0,0,0,0,0,0,0,0
WG_METRICS 951,256,768,1.0152,0.0042,0.0033,0.9808,0.0111,0.0158,256,768,196608,393216,200456.7812,400913.5625,0.0000,0,0.0000,0.0000,0,0.0000,0,0.0000,0.0000,0,0.0000,0.0000,0,0,0,0,0,0,0,0,0,0,0,0,0,0,0,0,0,0,0,0,0,0,0,0,0
WG_METRICS 952,256,768,1.0283,0.0042,0.0032,0.9944,0.0110,0.0154,256,768,196608,393216,197707.2500,395414.5000,0.0000,0,0.0000,0.0000,0,0.0000,0,0.0000,0.0000,0,0.0000,0.0000,0,0,0,0,0,0,0,0,0,0,0,0,0,0,0,0,0,0,0,0,0,0,0,0,0
WG_METRICS 953,256,768,1.0243,0.0042,0.0032,0.9945,0.0068,0.0156,256,768,196608,393216,197691.3438,395382.6875,0.0000,0,0.0000,0.0000,0,0.0000,0,0.0000,0.0000,0,0.0000,0.0000,0,0,0,0,0,0,0,0,0,0,0,0,0,0,0,0,0,0,0,0,0,0,0,0,0
WG_METRICS 954,256,768,1.0184,0.0042,0.0033,0.9843,0.0112,0.0155,256,768,196608,393216,199739.9219,399479.8438,0.0000,0,0.0000,0.0000,0,0.0000,0,0.0000,0.0000,0,0.0000,0.0000,0,0,0,0,0,0,0,0,0,0,0,0,0,0,0,0,0,0,0,0,0,0,0,0,0
WG_METRICS 955,256,768,1.0388,0.0042,0.0033,0.9957,0.0197,0.0159,256,768,196608,393216,197461.0312,394922.0625,0.0000,0,0.0000,0.0000,0,0.0000,0,0.0000,0.0000,0,0.0000,0.0000,0,0,0,0,0,0,0,0,0,0,0,0,0,0,0,0,0,0,0,0,0,0,0,0,0
WG_METRICS 956,256,768,3.3298,0.0042,0.0032,0.9955,0.0174,2.3095,256,768,196608,393216,197500.7031,395001.4062,0.0000,0,0.0000,0.0000,0,0.0000,0,0.0000,0.0000,0,0.0000,0.0000,0,0,0,0,0,0,0,0,0,0,0,0,0,0,0,0,0,0,0,0,0,0,0,0,0
WG_METRICS 957,256,768,1.0358,0.0042,0.0033,0.9928,0.0197,0.0158,256,768,196608,393216,198041.8281,396083.6562,0.0000,0,0.0000,0.0000,0,0.0000,0,0.0000,0.0000,0,0.0000,0.0000,0,0,0,0,0,0,0,0,0,0,0,0,0,0,0,0,0,0,0,0,0,0,0,0,0
WG_METRICS 958,256,768,1.0176,0.0043,0.0032,0.9751,0.0198,0.0153,256,768,196608,393216,201632.6875,403265.3750,0.0000,0,0.0000,0.0000,0,0.0000,0,0.0000,0.0000,0,0.0000,0.0000,0,0,0,0,0,0,0,0,0,0,0,0,0,0,0,0,0,0,0,0,0,0,0,0,0
WG_METRICS 959,256,768,1.0245,0.0041,0.0032,0.9818,0.0198,0.0155,256,768,196608,393216,200252.5938,400505.1875,0.0000,0,0.0000,0.0000,0,0.0000,0,0.0000,0.0000,0,0.0000,0.0000,0,0,0,0,0,0,0,0,0,0,0,0,0,0,0,0,0,0,0,0,0,0,0,0,0
WG_METRICS 960,256,768,1.0386,0.0042,0.0032,1.0043,0.0113,0.0156,256,768,196608,393216,195762.2969,391524.5938,0.0000,0,0.0000,0.0000,0,0.0000,0,0.0000,0.0000,0,0.0000,0.0000,0,0,0,0,0,0,0,0,0,0,0,0,0,0,0,0,0,0,0,0,0,0,0,0,0
WG_METRICS 961,256,768,1.0458,0.0042,0.0032,1.0028,0.0198,0.0157,256,768,196608,393216,196051.2031,392102.4062,0.0000,0,0.0000,0.0000,0,0.0000,0,0.0000,0.0000,0,0.0000,0.0000,0,0,0,0,0,0,0,0,0,0,0,0,0,0,0,0,0,0,0,0,0,0,0,0,0
WG_METRICS 962,256,768,1.0381,0.0042,0.0032,0.9949,0.0200,0.0157,256,768,196608,393216,197611.8594,395223.7188,0.0000,0,0.0000,0.0000,0,0.0000,0,0.0000,0.0000,0,0.0000,0.0000,0,0,0,0,0,0,0,0,0,0,0,0,0,0,0,0,0,0,0,0,0,0,0,0,0
WG_METRICS 963,256,768,1.0378,0.0042,0.0033,0.9948,0.0199,0.0157,256,768,196608,393216,197643.6562,395287.3125,0.0000,0,0.0000,0.0000,0,0.0000,0,0.0000,0.0000,0,0.0000,0.0000,0,0,0,0,0,0,0,0,0,0,0,0,0,0,0,0,0,0,0,0,0,0,0,0,0
WG_METRICS 964,256,768,1.0189,0.0042,0.0032,0.9852,0.0110,0.0154,256,768,196608,393216,199569.6094,399139.2188,0.0000,0,0.0000,0.0000,0,0.0000,0,0.0000,0.0000,0,0.0000,0.0000,0,0,0,0,0,0,0,0,0,0,0,0,0,0,0,0,0,0,0,0,0,0,0,0,0
WG_METRICS 965,256,768,1.0365,0.0042,0.0033,0.9937,0.0200,0.0154,256,768,196608,393216,197858.4688,395716.9375,0.0000,0,0.0000,0.0000,0,0.0000,0,0.0000,0.0000,0,0.0000,0.0000,0,0,0,0,0,0,0,0,0,0,0,0,0,0,0,0,0,0,0,0,0,0,0,0,0
WG_METRICS 966,256,768,1.0231,0.0042,0.0033,0.9892,0.0111,0.0153,256,768,196608,393216,198762.5938,397525.1875,0.0000,0,0.0000,0.0000,0,0.0000,0,0.0000,0.0000,0,0.0000,0.0000,0,0,0,0,0,0,0,0,0,0,0,0,0,0,0,0,0,0,0,0,0,0,0,0,0
WG_METRICS 967,256,768,1.0179,0.0042,0.0032,0.9830,0.0112,0.0164,256,768,196608,393216,200008.1406,400016.2812,0.0000,0,0.0000,0.0000,0,0.0000,0,0.0000,0.0000,0,0.0000,0.0000,0,0,0,0,0,0,0,0,0,0,0,0,0,0,0,0,0,0,0,0,0,0,0,0,0
WG_METRICS 968,256,768,1.0329,0.0041,0.0033,0.9904,0.0197,0.0154,256,768,196608,393216,198505.7188,397011.4375,0.0000,0,0.0000,0.0000,0,0.0000,0,0.0000,0.0000,0,0.0000,0.0000,0,0,0,0,0,0,0,0,0,0,0,0,0,0,0,0,0,0,0,0,0,0,0,0,0
WG_METRICS 969,256,768,1.0289,0.0042,0.0032,0.9950,0.0111,0.0153,256,768,196608,393216,197588.0312,395176.0625,0.0000,0,0.0000,0.0000,0,0.0000,0,0.0000,0.0000,0,0.0000,0.0000,0,0,0,0,0,0,0,0,0,0,0,0,0,0,0,0,0,0,0,0,0,0,0,0,0
WG_METRICS 970,256,768,1.0307,0.0042,0.0032,0.9968,0.0110,0.0155,256,768,196608,393216,197239.1719,394478.3438,0.0000,0,0.0000,0.0000,0,0.0000,0,0.0000,0.0000,0,0.0000,0.0000,0,0,0,0,0,0,0,0,0,0,0,0,0,0,0,0,0,0,0,0,0,0,0,0,0
WG_METRICS 971,256,768,1.0144,0.0042,0.0033,0.9806,0.0110,0.0154,256,768,196608,393216,200497.6562,400995.3125,0.0000,0,0.0000,0.0000,0,0.0000,0,0.0000,0.0000,0,0.0000,0.0000,0,0,0,0,0,0,0,0,0,0,0,0,0,0,0,0,0,0,0,0,0,0,0,0,0
WG_METRICS 972,256,768,1.0166,0.0042,0.0033,0.9826,0.0112,0.0153,256,768,196608,393216,200089.5625,400179.1250,0.0000,0,0.0000,0.0000,0,0.0000,0,0.0000,0.0000,0,0.0000,0.0000,0,0,0,0,0,0,0,0,0,0,0,0,0,0,0,0,0,0,0,0,0,0,0,0,0
WG_METRICS 973,256,768,1.0315,0.0041,0.0033,0.9978,0.0111,0.0152,256,768,196608,393216,197041.5000,394083.0000,0.0000,0,0.0000,0.0000,0,0.0000,0,0.0000,0.0000,0,0.0000,0.0000,0,0,0,0,0,0,0,0,0,0,0,0,0,0,0,0,0,0,0,0,0,0,0,0,0
WG_METRICS 974,256,768,1.0283,0.0041,0.0031,0.9946,0.0111,0.0154,256,768,196608,393216,197683.3906,395366.7812,0.0000,0,0.0000,0.0000,0,0.0000,0,0.0000,0.0000,0,0.0000,0.0000,0,0,0,0,0,0,0,0,0,0,0,0,0,0,0,0,0,0,0,0,0,0,0,0,0
WG_METRICS 975,256,768,1.0290,0.0042,0.0033,0.9952,0.0110,0.0154,256,768,196608,393216,197564.2188,395128.4375,0.0000,0,0.0000,0.0000,0,0.0000,0,0.0000,0.0000,0,0.0000,0.0000,0,0,0,0,0,0,0,0,0,0,0,0,0,0,0,0,0,0,0,0,0,0,0,0,0
WG_METRICS 976,256,768,1.0310,0.0042,0.0033,0.9966,0.0111,0.0158,256,768,196608,393216,197286.6719,394573.3438,0.0000,0,0.0000,0.0000,0,0.0000,0,0.0000,0.0000,0,0.0000,0.0000,0,0,0,0,0,0,0,0,0,0,0,0,0,0,0,0,0,0,0,0,0,0,0,0,0
WG_METRICS 977,256,768,1.0160,0.0042,0.0033,0.9808,0.0110,0.0166,256,768,196608,393216,200448.5938,400897.1875,0.0000,0,0.0000,0.0000,0,0.0000,0,0.0000,0.0000,0,0.0000,0.0000,0,0,0,0,0,0,0,0,0,0,0,0,0,0,0,0,0,0,0,0,0,0,0,0,0
WG_METRICS 978,256,768,1.0380,0.0042,0.0033,1.0040,0.0112,0.0153,256,768,196608,393216,195816.9062,391633.8125,0.0000,0,0.0000,0.0000,0,0.0000,0,0.0000,0.0000,0,0.0000,0.0000,0,0,0,0,0,0,0,0,0,0,0,0,0,0,0,0,0,0,0,0,0,0,0,0,0
WG_METRICS 979,256,768,1.0383,0.0042,0.0033,0.9954,0.0198,0.0157,256,768,196608,393216,197524.5156,395049.0312,0.0000,0,0.0000,0.0000,0,0.0000,0,0.0000,0.0000,0,0.0000,0.0000,0,0,0,0,0,0,0,0,0,0,0,0,0,0,0,0,0,0,0,0,0,0,0,0,0
WG_METRICS 980,256,768,1.0240,0.0042,0.0033,0.9897,0.0110,0.0158,256,768,196608,393216,198650.1250,397300.2500,0.0000,0,0.0000,0.0000,0,0.0000,0,0.0000,0.0000,0,0.0000,0.0000,0,0,0,0,0,0,0,0,0,0,0,0,0,0,0,0,0,0,0,0,0,0,0,0,0
WG_METRICS 981,256,768,1.0194,0.0042,0.0033,0.9850,0.0112,0.0158,256,768,196608,393216,199593.9219,399187.8438,0.0000,0,0.0000,0.0000,0,0.0000,0,0.0000,0.0000,0,0.0000,0.0000,0,0,0,0,0,0,0,0,0,0,0,0,0,0,0,0,0,0,0,0,0,0,0,0,0
WG_METRICS 982,256,768,1.0159,0.0042,0.0033,0.9820,0.0111,0.0153,256,768,196608,393216,200203.6562,400407.3125,0.0000,0,0.0000,0.0000,0,0.0000,0,0.0000,0.0000,0,0.0000,0.0000,0,0,0,0,0,0,0,0,0,0,0,0,0,0,0,0,0,0,0,0,0,0,0,0,0
WG_METRICS 983,256,768,1.0224,0.0042,0.0033,0.9884,0.0111,0.0154,256,768,196608,393216,198923.4688,397846.9375,0.0000,0,0.0000,0.0000,0,0.0000,0,0.0000,0.0000,0,0.0000,0.0000,0,0,0,0,0,0,0,0,0,0,0,0,0,0,0,0,0,0,0,0,0,0,0,0,0
WG_METRICS 984,256,768,1.0224,0.0042,0.0033,0.9925,0.0067,0.0157,256,768,196608,393216,198089.7188,396179.4375,0.0000,0,0.0000,0.0000,0,0.0000,0,0.0000,0.0000,0,0.0000,0.0000,0,0,0,0,0,0,0,0,0,0,0,0,0,0,0,0,0,0,0,0,0,0,0,0,0
WG_METRICS 985,256,768,1.0226,0.0043,0.0033,0.9882,0.0110,0.0158,256,768,196608,393216,198955.6719,397911.3438,0.0000,0,0.0000,0.0000,0,0.0000,0,0.0000,0.0000,0,0.0000,0.0000,0,0,0,0,0,0,0,0,0,0,0,0,0,0,0,0,0,0,0,0,0,0,0,0,0
WG_METRICS 986,256,768,1.0320,0.0042,0.0033,0.9894,0.0197,0.0155,256,768,196608,393216,198722.4062,397444.8125,0.0000,0,0.0000,0.0000,0,0.0000,0,0.0000,0.0000,0,0.0000,0.0000,0,0,0,0,0,0,0,0,0,0,0,0,0,0,0,0,0,0,0,0,0,0,0,0,0
WG_METRICS 987,256,768,1.0356,0.0042,0.0032,0.9921,0.0199,0.0161,256,768,196608,393216,198177.5781,396355.1562,0.0000,0,0.0000,0.0000,0,0.0000,0,0.0000,0.0000,0,0.0000,0.0000,0,0,0,0,0,0,0,0,0,0,0,0,0,0,0,0,0,0,0,0,0,0,0,0,0
WG_METRICS 988,256,768,1.0533,0.0042,0.0033,1.0158,0.0145,0.0155,256,768,196608,393216,193542.2812,387084.5625,0.0000,0,0.0000,0.0000,0,0.0000,0,0.0000,0.0000,0,0.0000,0.0000,0,0,0,0,0,0,0,0,0,0,0,0,0,0,0,0,0,0,0,0,0,0,0,0,0
WG_METRICS 989,256,768,1.0219,0.0042,0.0033,0.9847,0.0143,0.0154,256,768,196608,393216,199658.7812,399317.5625,0.0000,0,0.0000,0.0000,0,0.0000,0,0.0000,0.0000,0,0.0000,0.0000,0,0,0,0,0,0,0,0,0,0,0,0,0,0,0,0,0,0,0,0,0,0,0,0,0
WG_METRICS 990,256,768,1.0336,0.0042,0.0033,0.9996,0.0110,0.0155,256,768,196608,393216,196686.6719,393373.3438,0.0000,0,0.0000,0.0000,0,0.0000,0,0.0000,0.0000,0,0.0000,0.0000,0,0,0,0,0,0,0,0,0,0,0,0,0,0,0,0,0,0,0,0,0,0,0,0,0
WG_METRICS 991,256,768,1.0285,0.0042,0.0033,0.9932,0.0112,0.0167,256,768,196608,393216,197962.0625,395924.1250,0.0000,0,0.0000,0.0000,0,0.0000,0,0.0000,0.0000,0,0.0000,0.0000,0,0,0,0,0,0,0,0,0,0,0,0,0,0,0,0,0,0,0,0,0,0,0,0,0
WG_METRICS 992,256,768,1.0220,0.0042,0.0033,0.9919,0.0068,0.0159,256,768,196608,393216,198217.5312,396435.0625,0.0000,0,0.0000,0.0000,0,0.0000,0,0.0000,0.0000,0,0.0000,0.0000,0,0,0,0,0,0,0,0,0,0,0,0,0,0,0,0,0,0,0,0,0,0,0,0,0
WG_METRICS 993,256,768,1.0232,0.0042,0.0033,0.9932,0.0068,0.0157,256,768,196608,393216,197946.1094,395892.2188,0.0000,0,0.0000,0.0000,0,0.0000,0,0.0000,0.0000,0,0.0000,0.0000,0,0,0,0,0,0,0,0,0,0,0,0,0,0,0,0,0,0,0,0,0,0,0,0,0
WG_METRICS 994,256,768,1.0237,0.0042,0.0032,0.9896,0.0110,0.0156,256,768,196608,393216,198674.2188,397348.4375,0.0000,0,0.0000,0.0000,0,0.0000,0,0.0000,0.0000,0,0.0000,0.0000,0,0,0,0,0,0,0,0,0,0,0,0,0,0,0,0,0,0,0,0,0,0,0,0,0
WG_METRICS 995,256,768,1.0220,0.0041,0.0033,0.9882,0.0111,0.0153,256,768,196608,393216,198955.6719,397911.3438,0.0000,0,0.0000,0.0000,0,0.0000,0,0.0000,0.0000,0,0.0000,0.0000,0,0,0,0,0,0,0,0,0,0,0,0,0,0,0,0,0,0,0,0,0,0,0,0,0
WG_METRICS 996,256,768,1.0294,0.0041,0.0033,0.9992,0.0069,0.0159,256,768,196608,393216,196757.5469,393515.0938,0.0000,0,0.0000,0.0000,0,0.0000,0,0.0000,0.0000,0,0.0000,0.0000,0,0,0,0,0,0,0,0,0,0,0,0,0,0,0,0,0,0,0,0,0,0,0,0,0
WG_METRICS 997,256,768,1.0219,0.0042,0.0033,0.9828,0.0161,0.0155,256,768,196608,393216,200040.7031,400081.4062,0.0000,0,0.0000,0.0000,0,0.0000,0,0.0000,0.0000,0,0.0000,0.0000,0,0,0,0,0,0,0,0,0,0,0,0,0,0,0,0,0,0,0,0,0,0,0,0,0
WG_METRICS 998,256,768,1.0356,0.0042,0.0032,0.9962,0.0162,0.0158,256,768,196608,393216,197365.8906,394731.7812,0.0000,0,0.0000,0.0000,0,0.0000,0,0.0000,0.0000,0,0.0000,0.0000,0,0,0,0,0,0,0,0,0,0,0,0,0,0,0,0,0,0,0,0,0,0,0,0,0
WG_METRICS 999,256,768,1.0214,0.0042,0.0032,0.9787,0.0196,0.0156,256,768,196608,393216,200891.0000,401782.0000,0.0000,0,0.0000,0.0000,0,0.0000,0,0.0000,0.0000,0,0.0000,0.0000,0,0,0,0,0,0,0,0,0,0,0,0,0,0,0,0,0,0,0,0,0,0,0,0,0
WG_METRICS 1000,256,768,1.0231,0.0041,0.0033,0.9842,0.0162,0.0152,256,768,196608,393216,199764.2812,399528.5625,0.0000,0,0.0000,0.0000,0,0.0000,0,0.0000,0.0000,0,0.0000,0.0000,0,0,0,0,0,0,0,0,0,0,0,0,0,0,0,0,0,0,0,0,0,0,0,0,0
WG_METRICS 1001,256,768,1.0325,0.0042,0.0033,0.9900,0.0198,0.0153,256,768,196608,393216,198593.9375,397187.8750,0.0000,0,0.0000,0.0000,0,0.0000,0,0.0000,0.0000,0,0.0000,0.0000,0,0,0,0,0,0,0,0,0,0,0,0,0,0,0,0,0,0,0,0,0,0,0,0,0
WG_METRICS 1002,256,768,1.0407,0.0042,0.0032,0.9970,0.0198,0.0164,256,768,196608,393216,197191.6875,394383.3750,0.0000,0,0.0000,0.0000,0,0.0000,0,0.0000,0.0000,0,0.0000,0.0000,0,0,0,0,0,0,0,0,0,0,0,0,0,0,0,0,0,0,0,0,0,0,0,0,0
WG_METRICS 1003,256,768,1.0284,0.0042,0.0032,0.9856,0.0199,0.0155,256,768,196608,393216,199472.4219,398944.8438,0.0000,0,0.0000,0.0000,0,0.0000,0,0.0000,0.0000,0,0.0000,0.0000,0,0,0,0,0,0,0,0,0,0,0,0,0,0,0,0,0,0,0,0,0,0,0,0,0
WG_METRICS 1004,256,768,1.0236,0.0042,0.0033,0.9811,0.0197,0.0154,256,768,196608,393216,200391.3906,400782.7812,0.0000,0,0.0000,0.0000,0,0.0000,0,0.0000,0.0000,0,0.0000,0.0000,0,0,0,0,0,0,0,0,0,0,0,0,0,0,0,0,0,0,0,0,0,0,0,0,0
WG_METRICS 1005,256,768,1.0318,0.0042,0.0033,0.9883,0.0200,0.0161,256,768,196608,393216,198939.5781,397879.1562,0.0000,0,0.0000,0.0000,0,0.0000,0,0.0000,0.0000,0,0.0000,0.0000,0,0,0,0,0,0,0,0,0,0,0,0,0,0,0,0,0,0,0,0,0,0,0,0,0
WG_METRICS 1006,256,768,1.0453,0.0042,0.0033,1.0025,0.0200,0.0154,256,768,196608,393216,196121.6094,392243.2188,0.0000,0,0.0000,0.0000,0,0.0000,0,0.0000,0.0000,0,0.0000,0.0000,0,0,0,0,0,0,0,0,0,0,0,0,0,0,0,0,0,0,0,0,0,0,0,0,0
WG_METRICS 1007,256,768,1.0377,0.0042,0.0032,0.9951,0.0197,0.0155,256,768,196608,393216,197572.1562,395144.3125,0.0000,0,0.0000,0.0000,0,0.0000,0,0.0000,0.0000,0,0.0000,0.0000,0,0,0,0,0,0,0,0,0,0,0,0,0,0,0,0,0,0,0,0,0,0,0,0,0
WG_METRICS 1008,256,768,1.0158,0.0042,0.0033,0.9816,0.0111,0.0156,256,768,196608,393216,200293.4062,400586.8125,0.0000,0,0.0000,0.0000,0,0.0000,0,0.0000,0.0000,0,0.0000,0.0000,0,0,0,0,0,0,0,0,0,0,0,0,0,0,0,0,0,0,0,0,0,0,0,0,0
WG_METRICS 1009,256,768,1.0325,0.0041,0.0033,0.9901,0.0198,0.0152,256,768,196608,393216,198569.8750,397139.7500,0.0000,0,0.0000,0.0000,0,0.0000,0,0.0000,0.0000,0,0.0000,0.0000,0,0,0,0,0,0,0,0,0,0,0,0,0,0,0,0,0,0,0,0,0,0,0,0,0
WG_METRICS 1010,256,768,1.0330,0.0042,0.0033,0.9897,0.0197,0.0162,256,768,196608,393216,198650.1250,397300.2500,0.0000,0,0.0000,0.0000,0,0.0000,0,0.0000,0.0000,0,0.0000,0.0000,0,0,0,0,0,0,0,0,0,0,0,0,0,0,0,0,0,0,0,0,0,0,0,0,0
WG_METRICS 1011,256,768,4.6311,0.0041,0.0032,0.9970,0.0360,3.5908,256,768,196608,393216,197191.6875,394383.3750,0.0000,0,0.0000,0.0000,0,0.0000,0,0.0000,0.0000,0,0.0000,0.0000,0,0,0,0,0,0,0,0,0,0,0,0,0,0,0,0,0,0,0,0,0,0,0,0,0
WG_METRICS 1012,256,768,1.0286,0.0042,0.0032,0.9857,0.0200,0.0155,256,768,196608,393216,199456.2344,398912.4688,0.0000,0,0.0000,0.0000,0,0.0000,0,0.0000,0.0000,0,0.0000,0.0000,0,0,0,0,0,0,0,0,0,0,0,0,0,0,0,0,0,0,0,0,0,0,0,0,0
WG_METRICS 1013,256,768,1.0289,0.0042,0.0032,0.9859,0.0198,0.0158,256,768,196608,393216,199423.8594,398847.7188,0.0000,0,0.0000,0.0000,0,0.0000,0,0.0000,0.0000,0,0.0000,0.0000,0,0,0,0,0,0,0,0,0,0,0,0,0,0,0,0,0,0,0,0,0,0,0,0,0
WG_METRICS 1014,256,768,1.0504,0.0042,0.0033,1.0076,0.0198,0.0155,256,768,196608,393216,195117.2969,390234.5938,0.0000,0,0.0000,0.0000,0,0.0000,0,0.0000,0.0000,0,0.0000,0.0000,0,0,0,0,0,0,0,0,0,0,0,0,0,0,0,0,0,0,0,0,0,0,0,0,0
WG_METRICS 1015,256,768,1.0370,0.0042,0.0032,0.9938,0.0199,0.0158,256,768,196608,393216,197826.6094,395653.2188,0.0000,0,0.0000,0.0000,0,0.0000,0,0.0000,0.0000,0,0.0000,0.0000,0,0,0,0,0,0,0,0,0,0,0,0,0,0,0,0,0,0,0,0,0,0,0,0,0
WG_METRICS 1016,256,768,1.0350,0.0042,0.0032,0.9924,0.0198,0.0154,256,768,196608,393216,198113.6719,396227.3438,0.0000,0,0.0000,0.0000,0,0.0000,0,0.0000,0.0000,0,0.0000,0.0000,0,0,0,0,0,0,0,0,0,0,0,0,0,0,0,0,0,0,0,0,0,0,0,0,0
WG_METRICS 1017,256,768,1.0312,0.0044,0.0033,0.9884,0.0196,0.0155,256,768,196608,393216,198915.4219,397830.8438,0.0000,0,0.0000,0.0000,0,0.0000,0,0.0000,0.0000,0,0.0000,0.0000,0,0,0,0,0,0,0,0,0,0,0,0,0,0,0,0,0,0,0,0,0,0,0,0,0
WG_METRICS 1018,256,768,1.0283,0.0042,0.0032,0.9852,0.0197,0.0160,256,768,196608,393216,199553.4062,399106.8125,0.0000,0,0.0000,0.0000,0,0.0000,0,0.0000,0.0000,0,0.0000,0.0000,0,0,0,0,0,0,0,0,0,0,0,0,0,0,0,0,0,0,0,0,0,0,0,0,0
WG_METRICS 1019,256,768,1.0208,0.0042,0.0033,0.9866,0.0111,0.0156,256,768,196608,393216,199270.2500,398540.5000,0.0000,0,0.0000,0.0000,0,0.0000,0,0.0000,0.0000,0,0.0000,0.0000,0,0,0,0,0,0,0,0,0,0,0,0,0,0,0,0,0,0,0,0,0,0,0,0,0
WG_METRICS 1020,256,768,1.0243,0.0042,0.0032,0.9799,0.0197,0.0172,256,768,196608,393216,200636.7812,401273.5625,0.0000,0,0.0000,0.0000,0,0.0000,0,0.0000,0.0000,0,0.0000,0.0000,0,0,0,0,0,0,0,0,0,0,0,0,0,0,0,0,0,0,0,0,0,0,0,0,0
WG_METRICS 1021,256,768,1.0377,0.0042,0.0032,0.9954,0.0196,0.0153,256,768,196608,393216,197524.5156,395049.0312,0.0000,0,0.0000,0.0000,0,0.0000,0,0.0000,0.0000,0,0.0000,0.0000,0,0,0,0,0,0,0,0,0,0,0,0,0,0,0,0,0,0,0,0,0,0,0,0,0
WG_METRICS 1022,256,768,1.0347,0.0041,0.0033,0.9921,0.0198,0.0154,256,768,196608,393216,198177.5781,396355.1562,0.0000,0,0.0000,0.0000,0,0.0000,0,0.0000,0.0000,0,0.0000,0.0000,0,0,0,0,0,0,0,0,0,0,0,0,0,0,0,0,0,0,0,0,0,0,0,0,0
WG_METRICS 1023,256,768,1.0311,0.0042,0.0033,0.9974,0.0111,0.0152,256,768,196608,393216,197120.5156,394241.0312,0.0000,0,0.0000,0.0000,0,0.0000,0,0.0000,0.0000,0,0.0000,0.0000,0,0,0,0,0,0,0,0,0,0,0,0,0,0,0,0,0,0,0,0,0,0,0,0,0
WG_METRICS 1024,256,768,1.0352,0.0042,0.0032,0.9925,0.0197,0.0156,256,768,196608,393216,198097.7031,396195.4062,0.0000,0,0.0000,0.0000,0,0.0000,0,0.0000,0.0000,0,0.0000,0.0000,0,0,0,0,0,0,0,0,0,0,0,0,0,0,0,0,0,0,0,0,0,0,0,0,0
WG_METRICS 1025,256,768,1.0282,0.0042,0.0032,0.9854,0.0197,0.0157,256,768,196608,393216,199521.0000,399042.0000,0.0000,0,0.0000,0.0000,0,0.0000,0,0.0000,0.0000,0,0.0000,0.0000,0,0,0,0,0,0,0,0,0,0,0,0,0,0,0,0,0,0,0,0,0,0,0,0,0
WG_METRICS 1026,256,768,1.0355,0.0042,0.0033,0.9929,0.0198,0.0153,256,768,196608,393216,198009.9062,396019.8125,0.0000,0,0.0000,0.0000,0,0.0000,0,0.0000,0.0000,0,0.0000,0.0000,0,0,0,0,0,0,0,0,0,0,0,0,0,0,0,0,0,0,0,0,0,0,0,0,0
WG_METRICS 1027,256,768,1.0320,0.0042,0.0032,0.9981,0.0111,0.0153,256,768,196608,393216,196978.3125,393956.6250,0.0000,0,0.0000,0.0000,0,0.0000,0,0.0000,0.0000,0,0.0000,0.0000,0,0,0,0,0,0,0,0,0,0,0,0,0,0,0,0,0,0,0,0,0,0,0,0,0
WG_METRICS 1028,256,768,1.0250,0.0042,0.0033,0.9909,0.0110,0.0156,256,768,196608,393216,198409.5625,396819.1250,0.0000,0,0.0000,0.0000,0,0.0000,0,0.0000,0.0000,0,0.0000,0.0000,0,0,0,0,0,0,0,0,0,0,0,0,0,0,0,0,0,0,0,0,0,0,0,0,0
WG_METRICS 1029,256,768,1.0378,0.0042,0.0033,0.9953,0.0196,0.0154,256,768,196608,393216,197532.4531,395064.9062,0.0000,0,0.0000,0.0000,0,0.0000,0,0.0000,0.0000,0,0.0000,0.0000,0,0,0,0,0,0,0,0,0,0,0,0,0,0,0,0,0,0,0,0,0,0,0,0,0
WG_METRICS 1030,256,768,1.0226,0.0044,0.0032,0.9871,0.0111,0.0168,256,768,196608,393216,199181.4219,398362.8438,0.0000,0,0.0000,0.0000,0,0.0000,0,0.0000,0.0000,0,0.0000,0.0000,0,0,0,0,0,0,0,0,0,0,0,0,0,0,0,0,0,0,0,0,0,0,0,0,0
WG_METRICS 1031,256,768,1.0172,0.0042,0.0033,0.9873,0.0068,0.0156,256,768,196608,393216,199133.0000,398266.0000,0.0000,0,0.0000,0.0000,0,0.0000,0,0.0000,0.0000,0,0.0000,0.0000,0,0,0,0,0,0,0,0,0,0,0,0,0,0,0,0,0,0,0,0,0,0,0,0,0
WG_METRICS 1032,256,768,1.0295,0.0042,0.0033,0.9869,0.0197,0.0155,256,768,196608,393216,199213.7188,398427.4375,0.0000,0,0.0000,0.0000,0,0.0000,0,0.0000,0.0000,0,0.0000,0.0000,0,0,0,0,0,0,0,0,0,0,0,0,0,0,0,0,0,0,0,0,0,0,0,0,0
WG_METRICS 1033,256,768,1.0240,0.0042,0.0033,0.9818,0.0196,0.0153,256,768,196608,393216,200260.7500,400521.5000,0.0000,0,0.0000,0.0000,0,0.0000,0,0.0000,0.0000,0,0.0000,0.0000,0,0,0,0,0,0,0,0,0,0,0,0,0,0,0,0,0,0,0,0,0,0,0,0,0
WG_METRICS 1034,256,768,1.0271,0.0042,0.0032,0.9935,0.0110,0.0152,256,768,196608,393216,197898.2969,395796.5938,0.0000,0,0.0000,0.0000,0,0.0000,0,0.0000,0.0000,0,0.0000,0.0000,0,0,0,0,0,0,0,0,0,0,0,0,0,0,0,0,0,0,0,0,0,0,0,0,0
WG_METRICS 1035,256,768,1.0248,0.0042,0.0032,0.9820,0.0197,0.0157,256,768,196608,393216,200219.9688,400439.9375,0.0000,0,0.0000,0.0000,0,0.0000,0,0.0000,0.0000,0,0.0000,0.0000,0,0,0,0,0,0,0,0,0,0,0,0,0,0,0,0,0,0,0,0,0,0,0,0,0
WG_METRICS 1036,256,768,1.0375,0.0042,0.0033,0.9948,0.0197,0.0155,256,768,196608,393216,197635.7188,395271.4375,0.0000,0,0.0000,0.0000,0,0.0000,0,0.0000,0.0000,0,0.0000,0.0000,0,0,0,0,0,0,0,0,0,0,0,0,0,0,0,0,0,0,0,0,0,0,0,0,0
WG_METRICS 1037,256,768,1.0182,0.0042,0.0033,0.9886,0.0067,0.0154,256,768,196608,393216,198883.2188,397766.4375,0.0000,0,0.0000,0.0000,0,0.0000,0,0.0000,0.0000,0,0.0000,0.0000,0,0,0,0,0,0,0,0,0,0,0,0,0,0,0,0,0,0,0,0,0,0,0,0,0
WG_METRICS 1038,256,768,1.0253,0.0042,0.0032,0.9822,0.0199,0.0158,256,768,196608,393216,200179.2031,400358.4062,0.0000,0,0.0000,0.0000,0,0.0000,0,0.0000,0.0000,0,0.0000,0.0000,0,0,0,0,0,0,0,0,0,0,0,0,0,0,0,0,0,0,0,0,0,0,0,0,0
WG_METRICS 1039,256,768,1.0077,0.0042,0.0033,0.9777,0.0068,0.0156,256,768,196608,393216,201088.2344,402176.4688,0.0000,0,0.0000,0.0000,0,0.0000,0,0.0000,0.0000,0,0.0000,0.0000,0,0,0,0,0,0,0,0,0,0,0,0,0,0,0,0,0,0,0,0,0,0,0,0,0
WG_METRICS 1040,256,768,1.0169,0.0042,0.0033,0.9827,0.0113,0.0154,256,768,196608,393216,200065.1250,400130.2500,0.0000,0,0.0000,0.0000,0,0.0000,0,0.0000,0.0000,0,0.0000,0.0000,0,0,0,0,0,0,0,0,0,0,0,0,0,0,0,0,0,0,0,0,0,0,0,0,0
WG_METRICS 1041,256,768,1.0534,0.0042,0.0032,1.0237,0.0068,0.0155,256,768,196608,393216,192060.0312,384120.0625,0.0000,0,0.0000,0.0000,0,0.0000,0,0.0000,0.0000,0,0.0000,0.0000,0,0,0,0,0,0,0,0,0,0,0,0,0,0,0,0,0,0,0,0,0,0,0,0,0
WG_METRICS 1042,256,768,1.0473,0.0042,0.0032,1.0137,0.0110,0.0152,256,768,196608,393216,193947.0469,387894.0938,0.0000,0,0.0000,0.0000,0,0.0000,0,0.0000,0.0000,0,0.0000,0.0000,0,0,0,0,0,0,0,0,0,0,0,0,0,0,0,0,0,0,0,0,0,0,0,0,0
WG_METRICS 1043,256,768,1.0178,0.0041,0.0033,0.9834,0.0109,0.0161,256,768,196608,393216,199934.9219,399869.8438,0.0000,0,0.0000,0.0000,0,0.0000,0,0.0000,0.0000,0,0.0000,0.0000,0,0,0,0,0,0,0,0,0,0,0,0,0,0,0,0,0,0,0,0,0,0,0,0,0
WG_METRICS 1044,256,768,1.0211,0.0042,0.0032,0.9867,0.0112,0.0158,256,768,196608,393216,199254.0938,398508.1875,0.0000,0,0.0000,0.0000,0,0.0000,0,0.0000,0.0000,0,0.0000,0.0000,0,0,0,0,0,0,0,0,0,0,0,0,0,0,0,0,0,0,0,0,0,0,0,0,0
WG_METRICS 1045,256,768,1.0270,0.0042,0.0032,0.9928,0.0110,0.0158,256,768,196608,393216,198025.8594,396051.7188,0.0000,0,0.0000,0.0000,0,0.0000,0,0.0000,0.0000,0,0.0000,0.0000,0,0,0,0,0,0,0,0,0,0,0,0,0,0,0,0,0,0,0,0,0,0,0,0,0
WG_METRICS 1046,256,768,1.0497,0.0042,0.0033,1.0071,0.0198,0.0154,256,768,196608,393216,195218.0469,390436.0938,0.0000,0,0.0000,0.0000,0,0.0000,0,0.0000,0.0000,0,0.0000,0.0000,0,0,0,0,0,0,0,0,0,0,0,0,0,0,0,0,0,0,0,0,0,0,0,0,0
WG_METRICS 1047,256,768,1.0215,0.0042,0.0033,0.9873,0.0109,0.0159,256,768,196608,393216,199141.0781,398282.1562,0.0000,0,0.0000,0.0000,0,0.0000,0,0.0000,0.0000,0,0.0000,0.0000,0,0,0,0,0,0,0,0,0,0,0,0,0,0,0,0,0,0,0,0,0,0,0,0,0
WG_METRICS 1048,256,768,1.0189,0.0042,0.0033,0.9888,0.0069,0.0157,256,768,196608,393216,198826.9062,397653.8125,0.0000,0,0.0000,0.0000,0,0.0000,0,0.0000,0.0000,0,0.0000,0.0000,0,0,0,0,0,0,0,0,0,0,0,0,0,0,0,0,0,0,0,0,0,0,0,0,0
WG_METRICS 1049,256,768,1.0449,0.0042,0.0033,1.0110,0.0110,0.0154,256,768,196608,393216,194461.1562,388922.3125,0.0000,0,0.0000,0.0000,0,0.0000,0,0.0000,0.0000,0,0.0000,0.0000,0,0,0,0,0,0,0,0,0,0,0,0,0,0,0,0,0,0,0,0,0,0,0,0,0
WG_METRICS 1050,256,768,1.0230,0.0042,0.0033,0.9890,0.0110,0.0155,256,768,196608,393216,198802.7812,397605.5625,0.0000,0,0.0000,0.0000,0,0.0000,0,0.0000,0.0000,0,0.0000,0.0000,0,0,0,0,0,0,0,0,0,0,0,0,0,0,0,0,0,0,0,0,0,0,0,0,0
WG_METRICS 1051,256,768,1.0055,0.0042,0.0033,0.9753,0.0068,0.0159,256,768,196608,393216,201591.3438,403182.6875,0.0000,0,0.0000,0.0000,0,0.0000,0,0.0000,0.0000,0,0.0000,0.0000,0,0,0,0,0,0,0,0,0,0,0,0,0,0,0,0,0,0,0,0,0,0,0,0,0
WG_METRICS 1052,256,768,1.0196,0.0041,0.0033,0.9855,0.0112,0.0154,256,768,196608,393216,199496.7188,398993.4375,0.0000,0,0.0000,0.0000,0,0.0000,0,0.0000,0.0000,0,0.0000,0.0000,0,0,0,0,0,0,0,0,0,0,0,0,0,0,0,0,0,0,0,0,0,0,0,0,0
WG_METRICS 1053,256,768,1.0179,0.0042,0.0033,0.9837,0.0112,0.0155,256,768,196608,393216,199869.8750,399739.7500,0.0000,0,0.0000,0.0000,0,0.0000,0,0.0000,0.0000,0,0.0000,0.0000,0,0,0,0,0,0,0,0,0,0,0,0,0,0,0,0,0,0,0,0,0,0,0,0,0
WG_METRICS 1054,256,768,1.0269,0.0042,0.0033,0.9931,0.0110,0.0153,256,768,196608,393216,197970.0312,395940.0625,0.0000,0,0.0000,0.0000,0,0.0000,0,0.0000,0.0000,0,0.0000,0.0000,0,0,0,0,0,0,0,0,0,0,0,0,0,0,0,0,0,0,0,0,0,0,0,0,0
WG_METRICS 1055,256,768,1.0331,0.0042,0.0032,0.9907,0.0196,0.0154,256,768,196608,393216,198457.6250,396915.2500,0.0000,0,0.0000,0.0000,0,0.0000,0,0.0000,0.0000,0,0.0000,0.0000,0,0,0,0,0,0,0,0,0,0,0,0,0,0,0,0,0,0,0,0,0,0,0,0,0
WG_METRICS 1056,256,768,1.0391,0.0042,0.0033,0.9962,0.0199,0.0156,256,768,196608,393216,197365.8906,394731.7812,0.0000,0,0.0000,0.0000,0,0.0000,0,0.0000,0.0000,0,0.0000,0.0000,0,0,0,0,0,0,0,0,0,0,0,0,0,0,0,0,0,0,0,0,0,0,0,0,0
WG_METRICS 1057,256,768,1.0360,0.0041,0.0033,1.0013,0.0110,0.0163,256,768,196608,393216,196356.6719,392713.3438,0.0000,0,0.0000,0.0000,0,0.0000,0,0.0000,0.0000,0,0.0000,0.0000,0,0,0,0,0,0,0,0,0,0,0,0,0,0,0,0,0,0,0,0,0,0,0,0,0
WG_METRICS 1058,256,768,1.0374,0.0042,0.0032,0.9945,0.0198,0.0156,256,768,196608,393216,197699.2969,395398.5938,0.0000,0,0.0000,0.0000,0,0.0000,0,0.0000,0.0000,0,0.0000,0.0000,0,0,0,0,0,0,0,0,0,0,0,0,0,0,0,0,0,0,0,0,0,0,0,0,0
WG_METRICS 1059,256,768,1.0268,0.0042,0.0033,0.9930,0.0109,0.0154,256,768,196608,393216,197993.9688,395987.9375,0.0000,0,0.0000,0.0000,0,0.0000,0,0.0000,0.0000,0,0.0000,0.0000,0,0,0,0,0,0,0,0,0,0,0,0,0,0,0,0,0,0,0,0,0,0,0,0,0
WG_METRICS 1060,256,768,1.0314,0.0042,0.0033,0.9887,0.0199,0.0153,256,768,196608,393216,198859.0781,397718.1562,0.0000,0,0.0000,0.0000,0,0.0000,0,0.0000,0.0000,0,0.0000,0.0000,0,0,0,0,0,0,0,0,0,0,0,0,0,0,0,0,0,0,0,0,0,0,0,0,0
WG_METRICS 1061,256,768,1.0290,0.0042,0.0032,0.9865,0.0196,0.0154,256,768,196608,393216,199294.4844,398588.9688,0.0000,0,0.0000,0.0000,0,0.0000,0,0.0000,0.0000,0,0.0000,0.0000,0,0,0,0,0,0,0,0,0,0,0,0,0,0,0,0,0,0,0,0,0,0,0,0,0
WG_METRICS 1062,256,768,1.0499,0.0042,0.0032,1.0072,0.0199,0.0153,256,768,196608,393216,195202.5469,390405.0938,0.0000,0,0.0000,0.0000,0,0.0000,0,0.0000,0.0000,0,0.0000,0.0000,0,0,0,0,0,0,0,0,0,0,0,0,0,0,0,0,0,0,0,0,0,0,0,0,0
WG_METRICS 1063,256,768,1.0288,0.0042,0.0033,0.9862,0.0198,0.0154,256,768,196608,393216,199359.1562,398718.3125,0.0000,0,0.0000,0.0000,0,0.0000,0,0.0000,0.0000,0,0.0000,0.0000,0,0,0,0,0,0,0,0,0,0,0,0,0,0,0,0,0,0,0,0,0,0,0,0,0
WG_METRICS 1064,256,768,1.0168,0.0042,0.0033,0.9829,0.0111,0.0153,256,768,196608,393216,200024.4219,400048.8438,0.0000,0,0.0000,0.0000,0,0.0000,0,0.0000,0.0000,0,0.0000,0.0000,0,0,0,0,0,0,0,0,0,0,0,0,0,0,0,0,0,0,0,0,0,0,0,0,0
WG_METRICS 1065,256,768,1.0322,0.0042,0.0033,0.9968,0.0111,0.0167,256,768,196608,393216,197231.2500,394462.5000,0.0000,0,0.0000,0.0000,0,0.0000,0,0.0000,0.0000,0,0.0000,0.0000,0,0,0,0,0,0,0,0,0,0,0,0,0,0,0,0,0,0,0,0,0,0,0,0,0
WG_METRICS 1066,256,768,1.0242,0.0041,0.0033,0.9898,0.0110,0.0160,256,768,196608,393216,198642.0938,397284.1875,0.0000,0,0.0000,0.0000,0,0.0000,0,0.0000,0.0000,0,0.0000,0.0000,0,0,0,0,0,0,0,0,0,0,0,0,0,0,0,0,0,0,0,0,0,0,0,0,0
WG_METRICS 1067,256,768,1.0296,0.0042,0.0032,0.9872,0.0197,0.0152,256,768,196608,393216,199157.2031,398314.4062,0.0000,0,0.0000,0.0000,0,0.0000,0,0.0000,0.0000,0,0.0000,0.0000,0,0,0,0,0,0,0,0,0,0,0,0,0,0,0,0,0,0,0,0,0,0,0,0,0
WG_METRICS 1068,256,768,1.0234,0.0042,0.0032,0.9893,0.0110,0.0157,256,768,196608,393216,198730.4375,397460.8750,0.0000,0,0.0000,0.0000,0,0.0000,0,0.0000,0.0000,0,0.0000,0.0000,0,0,0,0,0,0,0,0,0,0,0,0,0,0,0,0,0,0,0,0,0,0,0,0,0
WG_METRICS 1069,256,768,1.0324,0.0042,0.0033,0.9896,0.0197,0.0156,256,768,196608,393216,198666.1875,397332.3750,0.0000,0,0.0000,0.0000,0,0.0000,0,0.0000,0.0000,0,0.0000,0.0000,0,0,0,0,0,0,0,0,0,0,0,0,0,0,0,0,0,0,0,0,0,0,0,0,0
WG_METRICS 1070,256,768,1.0214,0.0041,0.0032,0.9784,0.0199,0.0158,256,768,196608,393216,200956.7031,401913.4062,0.0000,0,0.0000,0.0000,0,0.0000,0,0.0000,0.0000,0,0.0000,0.0000,0,0,0,0,0,0,0,0,0,0,0,0,0,0,0,0,0,0,0,0,0,0,0,0,0
WG_METRICS 1071,256,768,1.0237,0.0041,0.0033,0.9898,0.0111,0.0154,256,768,196608,393216,198642.0938,397284.1875,0.0000,0,0.0000,0.0000,0,0.0000,0,0.0000,0.0000,0,0.0000,0.0000,0,0,0,0,0,0,0,0,0,0,0,0,0,0,0,0,0,0,0,0,0,0,0,0,0
WG_METRICS 1072,256,768,1.0526,0.0042,0.0033,1.0096,0.0198,0.0158,256,768,196608,393216,194738.5000,389477.0000,0.0000,0,0.0000,0.0000,0,0.0000,0,0.0000,0.0000,0,0.0000,0.0000,0,0,0,0,0,0,0,0,0,0,0,0,0,0,0,0,0,0,0,0,0,0,0,0,0
WG_METRICS 1073,256,768,1.0260,0.0042,0.0033,0.9828,0.0198,0.0158,256,768,196608,393216,200048.8438,400097.6875,0.0000,0,0.0000,0.0000,0,0.0000,0,0.0000,0.0000,0,0.0000,0.0000,0,0,0,0,0,0,0,0,0,0,0,0,0,0,0,0,0,0,0,0,0,0,0,0,0
WG_METRICS 1074,256,768,1.0172,0.0042,0.0033,0.9876,0.0069,0.0153,256,768,196608,393216,199084.6250,398169.2500,0.0000,0,0.0000,0.0000,0,0.0000,0,0.0000,0.0000,0,0.0000,0.0000,0,0,0,0,0,0,0,0,0,0,0,0,0,0,0,0,0,0,0,0,0,0,0,0,0
WG_METRICS 1075,256,768,1.0264,0.0042,0.0032,0.9960,0.0067,0.0162,256,768,196608,393216,197389.6719,394779.3438,0.0000,0,0.0000,0.0000,0,0.0000,0,0.0000,0.0000,0,0.0000,0.0000,0,0,0,0,0,0,0,0,0,0,0,0,0,0,0,0,0,0,0,0,0,0,0,0,0
WG_METRICS 1076,256,768,1.0405,0.0042,0.0033,0.9979,0.0198,0.0154,256,768,196608,393216,197025.7031,394051.4062,0.0000,0,0.0000,0.0000,0,0.0000,0,0.0000,0.0000,0,0.0000,0.0000,0,0,0,0,0,0,0,0,0,0,0,0,0,0,0,0,0,0,0,0,0,0,0,0,0
WG_METRICS 1077,256,768,1.0360,0.0041,0.0033,0.9934,0.0198,0.0154,256,768,196608,393216,197906.2656,395812.5312,0.0000,0,0.0000,0.0000,0,0.0000,0,0.0000,0.0000,0,0.0000,0.0000,0,0,0,0,0,0,0,0,0,0,0,0,0,0,0,0,0,0,0,0,0,0,0,0,0
WG_METRICS 1078,256,768,1.0350,0.0042,0.0033,0.9919,0.0197,0.0160,256,768,196608,393216,198209.5312,396419.0625,0.0000,0,0.0000,0.0000,0,0.0000,0,0.0000,0.0000,0,0.0000,0.0000,0,0,0,0,0,0,0,0,0,0,0,0,0,0,0,0,0,0,0,0,0,0,0,0,0
WG_METRICS 1079,256,768,1.0350,0.0041,0.0033,0.9919,0.0196,0.0160,256,768,196608,393216,198209.5312,396419.0625,0.0000,0,0.0000,0.0000,0,0.0000,0,0.0000,0.0000,0,0.0000,0.0000,0,0,0,0,0,0,0,0,0,0,0,0,0,0,0,0,0,0,0,0,0,0,0,0,0
WG_METRICS 1080,256,768,1.0354,0.0042,0.0033,0.9930,0.0197,0.0152,256,768,196608,393216,198001.9375,396003.8750,0.0000,0,0.0000,0.0000,0,0.0000,0,0.0000,0.0000,0,0.0000,0.0000,0,0,0,0,0,0,0,0,0,0,0,0,0,0,0,0,0,0,0,0,0,0,0,0,0
WG_METRICS 1081,256,768,1.0186,0.0042,0.0032,0.9916,0.0043,0.0153,256,768,196608,393216,198281.5000,396563.0000,0.0000,0,0.0000,0.0000,0,0.0000,0,0.0000,0.0000,0,0.0000,0.0000,0,0,0,0,0,0,0,0,0,0,0,0,0,0,0,0,0,0,0,0,0,0,0,0,0
WG_METRICS 1082,256,768,1.0204,0.0042,0.0032,0.9861,0.0111,0.0157,256,768,196608,393216,199375.3281,398750.6562,0.0000,0,0.0000,0.0000,0,0.0000,0,0.0000,0.0000,0,0.0000,0.0000,0,0,0,0,0,0,0,0,0,0,0,0,0,0,0,0,0,0,0,0,0,0,0,0,0
WG_METRICS 1083,256,768,1.0248,0.0042,0.0032,0.9908,0.0110,0.0156,256,768,196608,393216,198433.5781,396867.1562,0.0000,0,0.0000,0.0000,0,0.0000,0,0.0000,0.0000,0,0.0000,0.0000,0,0,0,0,0,0,0,0,0,0,0,0,0,0,0,0,0,0,0,0,0,0,0,0,0
WG_METRICS 1084,256,768,1.0261,0.0042,0.0032,0.9834,0.0197,0.0155,256,768,196608,393216,199918.6562,399837.3125,0.0000,0,0.0000,0.0000,0,0.0000,0,0.0000,0.0000,0,0.0000,0.0000,0,0,0,0,0,0,0,0,0,0,0,0,0,0,0,0,0,0,0,0,0,0,0,0,0
WG_METRICS 1085,256,768,1.0286,0.0042,0.0032,0.9859,0.0198,0.0154,256,768,196608,393216,199415.7656,398831.5312,0.0000,0,0.0000,0.0000,0,0.0000,0,0.0000,0.0000,0,0.0000,0.0000,0,0,0,0,0,0,0,0,0,0,0,0,0,0,0,0,0,0,0,0,0,0,0,0,0
WG_METRICS 1086,256,768,1.0469,0.0044,0.0032,1.0039,0.0197,0.0156,256,768,196608,393216,195848.1094,391696.2188,0.0000,0,0.0000,0.0000,0,0.0000,0,0.0000,0.0000,0,0.0000,0.0000,0,0,0,0,0,0,0,0,0,0,0,0,0,0,0,0,0,0,0,0,0,0,0,0,0
WG_METRICS 1087,256,768,1.0259,0.0042,0.0033,0.9833,0.0198,0.0154,256,768,196608,393216,199943.0469,399886.0938,0.0000,0,0.0000,0.0000,0,0.0000,0,0.0000,0.0000,0,0.0000,0.0000,0,0,0,0,0,0,0,0,0,0,0,0,0,0,0,0,0,0,0,0,0,0,0,0,0
WG_METRICS 1088,256,768,1.0212,0.0042,0.0033,0.9774,0.0197,0.0166,256,768,196608,393216,201145.8438,402291.6875,0.0000,0,0.0000,0.0000,0,0.0000,0,0.0000,0.0000,0,0.0000,0.0000,0,0,0,0,0,0,0,0,0,0,0,0,0,0,0,0,0,0,0,0,0,0,0,0,0
WG_METRICS 1089,256,768,1.0168,0.0042,0.0032,0.9830,0.0111,0.0153,256,768,196608,393216,200000.0000,400000.0000,0.0000,0,0.0000,0.0000,0,0.0000,0,0.0000,0.0000,0,0.0000,0.0000,0,0,0,0,0,0,0,0,0,0,0,0,0,0,0,0,0,0,0,0,0,0,0,0,0
WG_METRICS 1090,256,768,1.0487,0.0042,0.0032,1.0054,0.0197,0.0161,256,768,196608,393216,195552.0312,391104.0625,0.0000,0,0.0000,0.0000,0,0.0000,0,0.0000,0.0000,0,0.0000,0.0000,0,0,0,0,0,0,0,0,0,0,0,0,0,0,0,0,0,0,0,0,0,0,0,0,0
WG_METRICS 1091,256,768,1.0202,0.0042,0.0033,0.9862,0.0110,0.0155,256,768,196608,393216,199359.1562,398718.3125,0.0000,0,0.0000,0.0000,0,0.0000,0,0.0000,0.0000,0,0.0000,0.0000,0,0,0,0,0,0,0,0,0,0,0,0,0,0,0,0,0,0,0,0,0,0,0,0,0
WG_METRICS 1092,256,768,1.0262,0.0042,0.0033,0.9925,0.0110,0.0153,256,768,196608,393216,198097.7031,396195.4062,0.0000,0,0.0000,0.0000,0,0.0000,0,0.0000,0.0000,0,0.0000,0.0000,0,0,0,0,0,0,0,0,0,0,0,0,0,0,0,0,0,0,0,0,0,0,0,0,0
WG_METRICS 1093,256,768,1.0321,0.0042,0.0033,0.9893,0.0197,0.0156,256,768,196608,393216,198730.4375,397460.8750,0.0000,0,0.0000,0.0000,0,0.0000,0,0.0000,0.0000,0,0.0000,0.0000,0,0,0,0,0,0,0,0,0,0,0,0,0,0,0,0,0,0,0,0,0,0,0,0,0
WG_METRICS 1094,256,768,1.0281,0.0042,0.0032,0.9849,0.0198,0.0160,256,768,196608,393216,199626.3594,399252.7188,0.0000,0,0.0000,0.0000,0,0.0000,0,0.0000,0.0000,0,0.0000,0.0000,0,0,0,0,0,0,0,0,0,0,0,0,0,0,0,0,0,0,0,0,0,0,0,0,0
WG_METRICS 1095,256,768,1.0333,0.0042,0.0033,0.9900,0.0199,0.0158,256,768,196608,393216,198585.9219,397171.8438,0.0000,0,0.0000,0.0000,0,0.0000,0,0.0000,0.0000,0,0.0000,0.0000,0,0,0,0,0,0,0,0,0,0,0,0,0,0,0,0,0,0,0,0,0,0,0,0,0
WG_METRICS 1096,256,768,1.0282,0.0042,0.0033,0.9856,0.0198,0.0154,256,768,196608,393216,199480.5156,398961.0312,0.0000,0,0.0000,0.0000,0,0.0000,0,0.0000,0.0000,0,0.0000,0.0000,0,0,0,0,0,0,0,0,0,0,0,0,0,0,0,0,0,0,0,0,0,0,0,0,0
WG_METRICS 1097,256,768,1.0239,0.0042,0.0033,0.9812,0.0196,0.0156,256,768,196608,393216,200375.0625,400750.1250,0.0000,0,0.0000,0.0000,0,0.0000,0,0.0000,0.0000,0,0.0000,0.0000,0,0,0,0,0,0,0,0,0,0,0,0,0,0,0,0,0,0,0,0,0,0,0,0,0
WG_METRICS 1098,256,768,1.0306,0.0043,0.0032,0.9875,0.0199,0.0158,256,768,196608,393216,199100.7500,398201.5000,0.0000,0,0.0000,0.0000,0,0.0000,0,0.0000,0.0000,0,0.0000,0.0000,0,0,0,0,0,0,0,0,0,0,0,0,0,0,0,0,0,0,0,0,0,0,0,0,0
WG_METRICS 1099,256,768,1.0390,0.0041,0.0033,0.9966,0.0198,0.0153,256,768,196608,393216,197286.6719,394573.3438,0.0000,0,0.0000,0.0000,0,0.0000,0,0.0000,0.0000,0,0.0000,0.0000,0,0,0,0,0,0,0,0,0,0,0,0,0,0,0,0,0,0,0,0,0,0,0,0,0
WG_METRICS 1100,256,768,1.0270,0.0042,0.0033,0.9840,0.0197,0.0158,256,768,196608,393216,199796.7500,399593.5000,0.0000,0,0.0000,0.0000,0,0.0000,0,0.0000,0.0000,0,0.0000,0.0000,0,0,0,0,0,0,0,0,0,0,0,0,0,0,0,0,0,0,0,0,0,0,0,0,0
WG_METRICS 1101,256,768,1.0394,0.0042,0.0033,0.9969,0.0198,0.0153,256,768,196608,393216,197223.3438,394446.6875,0.0000,0,0.0000,0.0000,0,0.0000,0,0.0000,0.0000,0,0.0000,0.0000,0,0,0,0,0,0,0,0,0,0,0,0,0,0,0,0,0,0,0,0,0,0,0,0,0
WG_METRICS 1102,256,768,1.0216,0.0042,0.0032,0.9785,0.0198,0.0159,256,768,196608,393216,200923.8438,401847.6875,0.0000,0,0.0000,0.0000,0,0.0000,0,0.0000,0.0000,0,0.0000,0.0000,0,0,0,0,0,0,0,0,0,0,0,0,0,0,0,0,0,0,0,0,0,0,0,0,0
WG_METRICS 1103,256,768,1.0357,0.0042,0.0033,0.9930,0.0196,0.0156,256,768,196608,393216,197985.9844,395971.9688,0.0000,0,0.0000,0.0000,0,0.0000,0,0.0000,0.0000,0,0.0000,0.0000,0,0,0,0,0,0,0,0,0,0,0,0,0,0,0,0,0,0,0,0,0,0,0,0,0
WG_METRICS 1104,256,768,1.0297,0.0043,0.0033,0.9870,0.0197,0.0154,256,768,196608,393216,199189.5000,398379.0000,0.0000,0,0.0000,0.0000,0,0.0000,0,0.0000,0.0000,0,0.0000,0.0000,0,0,0,0,0,0,0,0,0,0,0,0,0,0,0,0,0,0,0,0,0,0,0,0,0
WG_METRICS 1105,256,768,1.0476,0.0042,0.0033,1.0050,0.0196,0.0155,256,768,196608,393216,195637.6562,391275.3125,0.0000,0,0.0000,0.0000,0,0.0000,0,0.0000,0.0000,0,0.0000,0.0000,0,0,0,0,0,0,0,0,0,0,0,0,0,0,0,0,0,0,0,0,0,0,0,0,0
WG_METRICS 1106,256,768,1.0510,0.0042,0.0032,1.0082,0.0198,0.0157,256,768,196608,393216,195016.6719,390033.3438,0.0000,0,0.0000,0.0000,0,0.0000,0,0.0000,0.0000,0,0.0000,0.0000,0,0,0,0,0,0,0,0,0,0,0,0,0,0,0,0,0,0,0,0,0,0,0,0,0
WG_METRICS 1107,256,768,1.0316,0.0043,0.0033,1.0018,0.0067,0.0154,256,768,196608,393216,196246.9062,392493.8125,0.0000,0,0.0000,0.0000,0,0.0000,0,0.0000,0.0000,0,0.0000,0.0000,0,0,0,0,0,0,0,0,0,0,0,0,0,0,0,0,0,0,0,0,0,0,0,0,0
WG_METRICS 1108,256,768,1.0398,0.0042,0.0033,1.0094,0.0070,0.0160,256,768,196608,393216,194777.0938,389554.1875,0.0000,0,0.0000,0.0000,0,0.0000,0,0.0000,0.0000,0,0.0000,0.0000,0,0,0,0,0,0,0,0,0,0,0,0,0,0,0,0,0,0,0,0,0,0,0,0,0
WG_METRICS 1109,256,768,1.0328,0.0042,0.0033,0.9898,0.0198,0.0156,256,768,196608,393216,198626.0469,397252.0938,0.0000,0,0.0000,0.0000,0,0.0000,0,0.0000,0.0000,0,0.0000,0.0000,0,0,0,0,0,0,0,0,0,0,0,0,0,0,0,0,0,0,0,0,0,0,0,0,0
WG_METRICS 1110,256,768,1.0324,0.0042,0.0033,0.9897,0.0198,0.0154,256,768,196608,393216,198650.1250,397300.2500,0.0000,0,0.0000,0.0000,0,0.0000,0,0.0000,0.0000,0,0.0000,0.0000,0,0,0,0,0,0,0,0,0,0,0,0,0,0,0,0,0,0,0,0,0,0,0,0,0
WG_METRICS 1111,256,768,1.0317,0.0042,0.0033,0.9885,0.0197,0.0160,256,768,196608,393216,198899.3281,397798.6562,0.0000,0,0.0000,0.0000,0,0.0000,0,0.0000,0.0000,0,0.0000,0.0000,0,0,0,0,0,0,0,0,0,0,0,0,0,0,0,0,0,0,0,0,0,0,0,0,0
WG_METRICS 1112,256,768,1.0265,0.0042,0.0033,0.9928,0.0111,0.0152,256,768,196608,393216,198033.8438,396067.6875,0.0000,0,0.0000,0.0000,0,0.0000,0,0.0000,0.0000,0,0.0000,0.0000,0,0,0,0,0,0,0,0,0,0,0,0,0,0,0,0,0,0,0,0,0,0,0,0,0
WG_METRICS 1113,256,768,1.0185,0.0042,0.0033,0.9836,0.0112,0.0164,256,768,196608,393216,199894.2500,399788.5000,0.0000,0,0.0000,0.0000,0,0.0000,0,0.0000,0.0000,0,0.0000,0.0000,0,0,0,0,0,0,0,0,0,0,0,0,0,0,0,0,0,0,0,0,0,0,0,0,0
WG_METRICS 1114,256,768,1.0348,0.0042,0.0032,0.9922,0.0199,0.0153,256,768,196608,393216,198153.5938,396307.1875,0.0000,0,0.0000,0.0000,0,0.0000,0,0.0000,0.0000,0,0.0000,0.0000,0,0,0,0,0,0,0,0,0,0,0,0,0,0,0,0,0,0,0,0,0,0,0,0,0
WG_METRICS 1115,256,768,1.0365,0.0042,0.0032,0.9938,0.0198,0.0154,256,768,196608,393216,197826.6094,395653.2188,0.0000,0,0.0000,0.0000,0,0.0000,0,0.0000,0.0000,0,0.0000,0.0000,0,0,0,0,0,0,0,0,0,0,0,0,0,0,0,0,0,0,0,0,0,0,0,0,0
WG_METRICS 1116,256,768,1.0362,0.0042,0.0032,0.9938,0.0196,0.0154,256,768,196608,393216,197826.6094,395653.2188,0.0000,0,0.0000,0.0000,0,0.0000,0,0.0000,0.0000,0,0.0000,0.0000,0,0,0,0,0,0,0,0,0,0,0,0,0,0,0,0,0,0,0,0,0,0,0,0,0
WG_METRICS 1117,256,768,1.0417,0.0042,0.0032,0.9986,0.0198,0.0160,256,768,196608,393216,196891.5156,393783.0312,0.0000,0,0.0000,0.0000,0,0.0000,0,0.0000,0.0000,0,0.0000,0.0000,0,0,0,0,0,0,0,0,0,0,0,0,0,0,0,0,0,0,0,0,0,0,0,0,0
WG_METRICS 1118,256,768,1.0311,0.0042,0.0032,0.9886,0.0198,0.0153,256,768,196608,393216,198867.1250,397734.2500,0.0000,0,0.0000,0.0000,0,0.0000,0,0.0000,0.0000,0,0.0000,0.0000,0,0,0,0,0,0,0,0,0,0,0,0,0,0,0,0,0,0,0,0,0,0,0,0,0
WG_METRICS 1119,256,768,1.0558,0.0044,0.0033,1.0207,0.0112,0.0162,256,768,196608,393216,192616.9688,385233.9375,0.0000,0,0.0000,0.0000,0,0.0000,0,0.0000,0.0000,0,0.0000,0.0000,0,0,0,0,0,0,0,0,0,0,0,0,0,0,0,0,0,0,0,0,0,0,0,0,0
WG_METRICS 1120,256,768,1.0208,0.0042,0.0033,0.9872,0.0052,0.0208,256,768,196608,393216,199149.1406,398298.2812,0.0000,0,0.0000,0.0000,0,0.0000,0,0.0000,0.0000,0,0.0000,0.0000,0,0,0,0,0,0,0,0,0,0,0,0,0,0,0,0,0,0,0,0,0,0,0,0,0
WG_METRICS 1121,256,768,1.0420,0.0042,0.0033,0.9992,0.0199,0.0154,256,768,196608,393216,196765.4219,393530.8438,0.0000,0,0.0000,0.0000,0,0.0000,0,0.0000,0.0000,0,0.0000,0.0000,0,0,0,0,0,0,0,0,0,0,0,0,0,0,0,0,0,0,0,0,0,0,0,0,0
WG_METRICS 1122,256,768,1.0275,0.0042,0.0033,0.9891,0.0156,0.0154,256,768,196608,393216,198770.6250,397541.2500,0.0000,0,0.0000,0.0000,0,0.0000,0,0.0000,0.0000,0,0.0000,0.0000,0,0,0,0,0,0,0,0,0,0,0,0,0,0,0,0,0,0,0,0,0,0,0,0,0
WG_METRICS 1123,256,768,1.0214,0.0042,0.0033,0.9875,0.0109,0.0155,256,768,196608,393216,199092.6875,398185.3750,0.0000,0,0.0000,0.0000,0,0.0000,0,0.0000,0.0000,0,0.0000,0.0000,0,0,0,0,0,0,0,0,0,0,0,0,0,0,0,0,0,0,0,0,0,0,0,0,0
WG_METRICS 1124,256,768,1.0224,0.0042,0.0032,0.9883,0.0111,0.0157,256,768,196608,393216,198939.5781,397879.1562,0.0000,0,0.0000,0.0000,0,0.0000,0,0.0000,0.0000,0,0.0000,0.0000,0,0,0,0,0,0,0,0,0,0,0,0,0,0,0,0,0,0,0,0,0,0,0,0,0
WG_METRICS 1125,256,768,1.0252,0.0042,0.0033,0.9912,0.0111,0.0154,256,768,196608,393216,198361.5156,396723.0312,0.0000,0,0.0000,0.0000,0,0.0000,0,0.0000,0.0000,0,0.0000,0.0000,0,0,0,0,0,0,0,0,0,0,0,0,0,0,0,0,0,0,0,0,0,0,0,0,0
WG_METRICS 1126,256,768,1.0259,0.0041,0.0033,0.9913,0.0112,0.0160,256,768,196608,393216,198329.5000,396659.0000,0.0000,0,0.0000,0.0000,0,0.0000,0,0.0000,0.0000,0,0.0000,0.0000,0,0,0,0,0,0,0,0,0,0,0,0,0,0,0,0,0,0,0,0,0,0,0,0,0
WG_METRICS 1127,256,768,1.0326,0.0041,0.0032,0.9982,0.0110,0.0160,256,768,196608,393216,196970.4219,393940.8438,0.0000,0,0.0000,0.0000,0,0.0000,0,0.0000,0.0000,0,0.0000,0.0000,0,0,0,0,0,0,0,0,0,0,0,0,0,0,0,0,0,0,0,0,0,0,0,0,0
WG_METRICS 1128,256,768,1.0282,0.0042,0.0033,0.9941,0.0112,0.0154,256,768,196608,393216,197770.8906,395541.7812,0.0000,0,0.0000,0.0000,0,0.0000,0,0.0000,0.0000,0,0.0000,0.0000,0,0,0,0,0,0,0,0,0,0,0,0,0,0,0,0,0,0,0,0,0,0,0,0,0
WG_METRICS 1129,256,768,1.0336,0.0042,0.0033,0.9996,0.0110,0.0154,256,768,196608,393216,196678.8125,393357.6250,0.0000,0,0.0000,0.0000,0,0.0000,0,0.0000,0.0000,0,0.0000,0.0000,0,0,0,0,0,0,0,0,0,0,0,0,0,0,0,0,0,0,0,0,0,0,0,0,0
WG_METRICS 1130,256,768,1.0616,0.0044,0.0032,1.0186,0.0200,0.0154,256,768,196608,393216,193017.8750,386035.7500,0.0000,0,0.0000,0.0000,0,0.0000,0,0.0000,0.0000,0,0.0000,0.0000,0,0,0,0,0,0,0,0,0,0,0,0,0,0,0,0,0,0,0,0,0,0,0,0,0
WG_METRICS 1131,256,768,1.0266,0.0042,0.0033,0.9928,0.0111,0.0153,256,768,196608,393216,198033.8438,396067.6875,0.0000,0,0.0000,0.0000,0,0.0000,0,0.0000,0.0000,0,0.0000,0.0000,0,0,0,0,0,0,0,0,0,0,0,0,0,0,0,0,0,0,0,0,0,0,0,0,0
WG_METRICS 1132,256,768,1.0149,0.0042,0.0032,0.9804,0.0112,0.0159,256,768,196608,393216,200538.5469,401077.0938,0.0000,0,0.0000,0.0000,0,0.0000,0,0.0000,0.0000,0,0.0000,0.0000,0,0,0,0,0,0,0,0,0,0,0,0,0,0,0,0,0,0,0,0,0,0,0,0,0
WG_METRICS 1133,256,768,1.0256,0.0042,0.0033,0.9916,0.0110,0.0154,256,768,196608,393216,198265.5000,396531.0000,0.0000,0,0.0000,0.0000,0,0.0000,0,0.0000,0.0000,0,0.0000,0.0000,0,0,0,0,0,0,0,0,0,0,0,0,0,0,0,0,0,0,0,0,0,0,0,0,0
WG_METRICS 1134,256,768,1.0310,0.0042,0.0032,0.9883,0.0199,0.0154,256,768,196608,393216,198939.5781,397879.1562,0.0000,0,0.0000,0.0000,0,0.0000,0,0.0000,0.0000,0,0.0000,0.0000,0,0,0,0,0,0,0,0,0,0,0,0,0,0,0,0,0,0,0,0,0,0,0,0,0
WG_METRICS 1135,256,768,1.0413,0.0042,0.0033,0.9981,0.0198,0.0159,256,768,196608,393216,196978.3125,393956.6250,0.0000,0,0.0000,0.0000,0,0.0000,0,0.0000,0.0000,0,0.0000,0.0000,0,0,0,0,0,0,0,0,0,0,0,0,0,0,0,0,0,0,0,0,0,0,0,0,0
WG_METRICS 1136,256,768,1.0277,0.0042,0.0033,0.9849,0.0197,0.0156,256,768,196608,393216,199626.3594,399252.7188,0.0000,0,0.0000,0.0000,0,0.0000,0,0.0000,0.0000,0,0.0000,0.0000,0,0,0,0,0,0,0,0,0,0,0,0,0,0,0,0,0,0,0,0,0,0,0,0,0
WG_METRICS 1137,256,768,1.0589,0.0042,0.0033,1.0165,0.0196,0.0154,256,768,196608,393216,193420.4375,386840.8750,0.0000,0,0.0000,0.0000,0,0.0000,0,0.0000,0.0000,0,0.0000,0.0000,0,0,0,0,0,0,0,0,0,0,0,0,0,0,0,0,0,0,0,0,0,0,0,0,0
WG_METRICS 1138,256,768,1.0350,0.0044,0.0033,1.0000,0.0113,0.0160,256,768,196608,393216,196608.0000,393216.0000,0.0000,0,0.0000,0.0000,0,0.0000,0,0.0000,0.0000,0,0.0000,0.0000,0,0,0,0,0,0,0,0,0,0,0,0,0,0,0,0,0,0,0,0,0,0,0,0,0
WG_METRICS 1139,256,768,1.0280,0.0041,0.0031,0.9941,0.0111,0.0156,256,768,196608,393216,197770.8906,395541.7812,0.0000,0,0.0000,0.0000,0,0.0000,0,0.0000,0.0000,0,0.0000,0.0000,0,0,0,0,0,0,0,0,0,0,0,0,0,0,0,0,0,0,0,0,0,0,0,0,0
WG_METRICS 1140,256,768,1.0365,0.0042,0.0033,0.9940,0.0197,0.0153,256,768,196608,393216,197786.8125,395573.6250,0.0000,0,0.0000,0.0000,0,0.0000,0,0.0000,0.0000,0,0.0000,0.0000,0,0,0,0,0,0,0,0,0,0,0,0,0,0,0,0,0,0,0,0,0,0,0,0,0
WG_METRICS 1141,256,768,1.0257,0.0042,0.0033,0.9829,0.0199,0.0155,256,768,196608,393216,200032.5625,400065.1250,0.0000,0,0.0000,0.0000,0,0.0000,0,0.0000,0.0000,0,0.0000,0.0000,0,0,0,0,0,0,0,0,0,0,0,0,0,0,0,0,0,0,0,0,0,0,0,0,0
WG_METRICS 1142,256,768,1.0166,0.0041,0.0033,0.9823,0.0112,0.0157,256,768,196608,393216,200146.5938,400293.1875,0.0000,0,0.0000,0.0000,0,0.0000,0,0.0000,0.0000,0,0.0000,0.0000,0,0,0,0,0,0,0,0,0,0,0,0,0,0,0,0,0,0,0,0,0,0,0,0,0
WG_METRICS 1143,256,768,1.0651,0.0042,0.0032,1.0217,0.0197,0.0163,256,768,196608,393216,192435.9844,384871.9688,0.0000,0,0.0000,0.0000,0,0.0000,0,0.0000,0.0000,0,0.0000,0.0000,0,0,0,0,0,0,0,0,0,0,0,0,0,0,0,0,0,0,0,0,0,0,0,0,0
WG_METRICS 1144,256,768,1.0308,0.0042,0.0032,0.9883,0.0198,0.0154,256,768,196608,393216,198939.5781,397879.1562,0.0000,0,0.0000,0.0000,0,0.0000,0,0.0000,0.0000,0,0.0000,0.0000,0,0,0,0,0,0,0,0,0,0,0,0,0,0,0,0,0,0,0,0,0,0,0,0,0
WG_METRICS 1145,256,768,1.0380,0.0042,0.0032,0.9951,0.0198,0.0156,256,768,196608,393216,197572.1562,395144.3125,0.0000,0,0.0000,0.0000,0,0.0000,0,0.0000,0.0000,0,0.0000,0.0000,0,0,0,0,0,0,0,0,0,0,0,0,0,0,0,0,0,0,0,0,0,0,0,0,0
WG_METRICS 1146,256,768,1.0309,0.0042,0.0032,0.9966,0.0111,0.0158,256,768,196608,393216,197270.8281,394541.6562,0.0000,0,0.0000,0.0000,0,0.0000,0,0.0000,0.0000,0,0.0000,0.0000,0,0,0,0,0,0,0,0,0,0,0,0,0,0,0,0,0,0,0,0,0,0,0,0,0
WG_METRICS 1147,256,768,1.0323,0.0042,0.0033,1.0017,0.0068,0.0164,256,768,196608,393216,196278.2500,392556.5000,0.0000,0,0.0000,0.0000,0,0.0000,0,0.0000,0.0000,0,0.0000,0.0000,0,0,0,0,0,0,0,0,0,0,0,0,0,0,0,0,0,0,0,0,0,0,0,0,0
WG_METRICS 1148,256,768,1.0245,0.0042,0.0033,0.9940,0.0069,0.0162,256,768,196608,393216,197794.7656,395589.5312,0.0000,0,0.0000,0.0000,0,0.0000,0,0.0000,0.0000,0,0.0000,0.0000,0,0,0,0,0,0,0,0,0,0,0,0,0,0,0,0,0,0,0,0,0,0,0,0,0
WG_METRICS 1149,256,768,1.0242,0.0042,0.0032,0.9898,0.0112,0.0157,256,768,196608,393216,198626.0469,397252.0938,0.0000,0,0.0000,0.0000,0,0.0000,0,0.0000,0.0000,0,0.0000,0.0000,0,0,0,0,0,0,0,0,0,0,0,0,0,0,0,0,0,0,0,0,0,0,0,0,0
WG_METRICS 1150,256,768,1.0395,0.0042,0.0032,0.9966,0.0197,0.0158,256,768,196608,393216,197278.7500,394557.5000,0.0000,0,0.0000,0.0000,0,0.0000,0,0.0000,0.0000,0,0.0000,0.0000,0,0,0,0,0,0,0,0,0,0,0,0,0,0,0,0,0,0,0,0,0,0,0,0,0
WG_METRICS 1151,256,768,1.0280,0.0042,0.0033,0.9941,0.0112,0.0153,256,768,196608,393216,197778.8438,395557.6875,0.0000,0,0.0000,0.0000,0,0.0000,0,0.0000,0.0000,0,0.0000,0.0000,0,0,0,0,0,0,0,0,0,0,0,0,0,0,0,0,0,0,0,0,0,0,0,0,0
WG_METRICS 1152,256,768,1.0243,0.0042,0.0032,0.9904,0.0110,0.0155,256,768,196608,393216,198513.7344,397027.4688,0.0000,0,0.0000,0.0000,0,0.0000,0,0.0000,0.0000,0,0.0000,0.0000,0,0,0,0,0,0,0,0,0,0,0,0,0,0,0,0,0,0,0,0,0,0,0,0,0
WG_METRICS 1153,256,768,1.0200,0.0042,0.0032,0.9862,0.0111,0.0153,256,768,196608,393216,199367.2500,398734.5000,0.0000,0,0.0000,0.0000,0,0.0000,0,0.0000,0.0000,0,0.0000,0.0000,0,0,0,0,0,0,0,0,0,0,0,0,0,0,0,0,0,0,0,0,0,0,0,0,0
WG_METRICS 1154,256,768,1.0430,0.0044,0.0033,0.9998,0.0200,0.0156,256,768,196608,393216,196647.3281,393294.6562,0.0000,0,0.0000,0.0000,0,0.0000,0,0.0000,0.0000,0,0.0000,0.0000,0,0,0,0,0,0,0,0,0,0,0,0,0,0,0,0,0,0,0,0,0,0,0,0,0
WG_METRICS 1155,256,768,1.0251,0.0042,0.0033,0.9905,0.0111,0.0160,256,768,196608,393216,198489.6875,396979.3750,0.0000,0,0.0000,0.0000,0,0.0000,0,0.0000,0.0000,0,0.0000,0.0000,0,0,0,0,0,0,0,0,0,0,0,0,0,0,0,0,0,0,0,0,0,0,0,0,0
WG_METRICS 1156,256,768,1.0343,0.0042,0.0032,0.9908,0.0198,0.0163,256,768,196608,393216,198441.5938,396883.1875,0.0000,0,0.0000,0.0000,0,0.0000,0,0.0000,0.0000,0,0.0000,0.0000,0,0,0,0,0,0,0,0,0,0,0,0,0,0,0,0,0,0,0,0,0,0,0,0,0
WG_METRICS 1157,256,768,1.0321,0.0042,0.0033,0.9982,0.0111,0.0154,256,768,196608,393216,196970.4219,393940.8438,0.0000,0,0.0000,0.0000,0,0.0000,0,0.0000,0.0000,0,0.0000,0.0000,0,0,0,0,0,0,0,0,0,0,0,0,0,0,0,0,0,0,0,0,0,0,0,0,0
WG_METRICS 1158,256,768,1.0228,0.0042,0.0033,0.9885,0.0112,0.0156,256,768,196608,393216,198891.2656,397782.5312,0.0000,0,0.0000,0.0000,0,0.0000,0,0.0000,0.0000,0,0.0000,0.0000,0,0,0,0,0,0,0,0,0,0,0,0,0,0,0,0,0,0,0,0,0,0,0,0,0
WG_METRICS 1159,256,768,1.0393,0.0042,0.0033,0.9959,0.0198,0.0161,256,768,196608,393216,197413.4531,394826.9062,0.0000,0,0.0000,0.0000,0,0.0000,0,0.0000,0.0000,0,0.0000,0.0000,0,0,0,0,0,0,0,0,0,0,0,0,0,0,0,0,0,0,0,0,0,0,0,0,0
WG_METRICS 1160,256,768,1.0404,0.0041,0.0033,0.9978,0.0198,0.0153,256,768,196608,393216,197033.5938,394067.1875,0.0000,0,0.0000,0.0000,0,0.0000,0,0.0000,0.0000,0,0.0000,0.0000,0,0,0,0,0,0,0,0,0,0,0,0,0,0,0,0,0,0,0,0,0,0,0,0,0
WG_METRICS 1161,256,768,1.0460,0.0042,0.0032,1.0030,0.0197,0.0158,256,768,196608,393216,196019.9375,392039.8750,0.0000,0,0.0000,0.0000,0,0.0000,0,0.0000,0.0000,0,0.0000,0.0000,0,0,0,0,0,0,0,0,0,0,0,0,0,0,0,0,0,0,0,0,0,0,0,0,0
WG_METRICS 1162,256,768,1.0272,0.0042,0.0033,0.9847,0.0198,0.0153,256,768,196608,393216,199658.7812,399317.5625,0.0000,0,0.0000,0.0000,0,0.0000,0,0.0000,0.0000,0,0.0000,0.0000,0,0,0,0,0,0,0,0,0,0,0,0,0,0,0,0,0,0,0,0,0,0,0,0,0
WG_METRICS 1163,256,768,1.0280,0.0042,0.0033,0.9850,0.0197,0.0159,256,768,196608,393216,199602.0312,399204.0625,0.0000,0,0.0000,0.0000,0,0.0000,0,0.0000,0.0000,0,0.0000,0.0000,0,0,0,0,0,0,0,0,0,0,0,0,0,0,0,0,0,0,0,0,0,0,0,0,0
WG_METRICS 1164,256,768,1.0228,0.0042,0.0032,0.9888,0.0112,0.0154,256,768,196608,393216,198843.0000,397686.0000,0.0000,0,0.0000,0.0000,0,0.0000,0,0.0000,0.0000,0,0.0000,0.0000,0,0,0,0,0,0,0,0,0,0,0,0,0,0,0,0,0,0,0,0,0,0,0,0,0
WG_METRICS 1165,256,768,1.0292,0.0042,0.0032,0.9995,0.0068,0.0154,256,768,196608,393216,196710.2812,393420.5625,0.0000,0,0.0000,0.0000,0,0.0000,0,0.0000,0.0000,0,0.0000,0.0000,0,0,0,0,0,0,0,0,0,0,0,0,0,0,0,0,0,0,0,0,0,0,0,0,0
WG_METRICS 1166,256,768,1.0542,0.0042,0.0033,1.0115,0.0198,0.0155,256,768,196608,393216,194376.5625,388753.1250,0.0000,0,0.0000,0.0000,0,0.0000,0,0.0000,0.0000,0,0.0000,0.0000,0,0,0,0,0,0,0,0,0,0,0,0,0,0,0,0,0,0,0,0,0,0,0,0,0
WG_METRICS 1167,256,768,3.4476,0.0041,0.0033,0.9903,0.0421,2.4078,256,768,196608,393216,198537.7969,397075.5938,0.0000,0,0.0000,0.0000,0,0.0000,0,0.0000,0.0000,0,0.0000,0.0000,0,0,0,0,0,0,0,0,0,0,0,0,0,0,0,0,0,0,0,0,0,0,0,0,0
WG_METRICS 1168,256,768,1.0321,0.0042,0.0033,0.9976,0.0112,0.0158,256,768,196608,393216,197073.0938,394146.1875,0.0000,0,0.0000,0.0000,0,0.0000,0,0.0000,0.0000,0,0.0000,0.0000,0,0,0,0,0,0,0,0,0,0,0,0,0,0,0,0,0,0,0,0,0,0,0,0,0
WG_METRICS 1169,256,768,1.0285,0.0042,0.0033,0.9862,0.0197,0.0152,256,768,196608,393216,199367.2500,398734.5000,0.0000,0,0.0000,0.0000,0,0.0000,0,0.0000,0.0000,0,0.0000,0.0000,0,0,0,0,0,0,0,0,0,0,0,0,0,0,0,0,0,0,0,0,0,0,0,0,0
WG_METRICS 1170,256,768,1.0328,0.0042,0.0032,0.9985,0.0110,0.0158,256,768,196608,393216,196899.4062,393798.8125,0.0000,0,0.0000,0.0000,0,0.0000,0,0.0000,0.0000,0,0.0000,0.0000,0,0,0,0,0,0,0,0,0,0,0,0,0,0,0,0,0,0,0,0,0,0,0,0,0
WG_METRICS 1171,256,768,1.0202,0.0042,0.0033,0.9864,0.0110,0.0153,256,768,196608,393216,199318.7344,398637.4688,0.0000,0,0.0000,0.0000,0,0.0000,0,0.0000,0.0000,0,0.0000,0.0000,0,0,0,0,0,0,0,0,0,0,0,0,0,0,0,0,0,0,0,0,0,0,0,0,0
WG_METRICS 1172,256,768,1.0250,0.0046,0.0032,0.9821,0.0197,0.0154,256,768,196608,393216,200195.5000,400391.0000,0.0000,0,0.0000,0.0000,0,0.0000,0,0.0000,0.0000,0,0.0000,0.0000,0,0,0,0,0,0,0,0,0,0,0,0,0,0,0,0,0,0,0,0,0,0,0,0,0
WG_METRICS 1173,256,768,1.0295,0.0041,0.0033,0.9870,0.0196,0.0154,256,768,196608,393216,199189.5000,398379.0000,0.0000,0,0.0000,0.0000,0,0.0000,0,0.0000,0.0000,0,0.0000,0.0000,0,0,0,0,0,0,0,0,0,0,0,0,0,0,0,0,0,0,0,0,0,0,0,0,0
WG_METRICS 1174,256,768,1.0387,0.0042,0.0033,0.9959,0.0200,0.0154,256,768,196608,393216,197413.4531,394826.9062,0.0000,0,0.0000,0.0000,0,0.0000,0,0.0000,0.0000,0,0.0000,0.0000,0,0,0,0,0,0,0,0,0,0,0,0,0,0,0,0,0,0,0,0,0,0,0,0,0
WG_METRICS 1175,256,768,1.0333,0.0042,0.0032,0.9910,0.0196,0.0153,256,768,196608,393216,198401.5469,396803.0938,0.0000,0,0.0000,0.0000,0,0.0000,0,0.0000,0.0000,0,0.0000,0.0000,0,0,0,0,0,0,0,0,0,0,0,0,0,0,0,0,0,0,0,0,0,0,0,0,0
WG_METRICS 1176,256,768,1.0127,0.0042,0.0033,0.9786,0.0112,0.0154,256,768,196608,393216,200915.6406,401831.2812,0.0000,0,0.0000,0.0000,0,0.0000,0,0.0000,0.0000,0,0.0000,0.0000,0,0,0,0,0,0,0,0,0,0,0,0,0,0,0,0,0,0,0,0,0,0,0,0,0
WG_METRICS 1177,256,768,1.0214,0.0042,0.0033,0.9864,0.0111,0.0164,256,768,196608,393216,199310.6562,398621.3125,0.0000,0,0.0000,0.0000,0,0.0000,0,0.0000,0.0000,0,0.0000,0.0000,0,0,0,0,0,0,0,0,0,0,0,0,0,0,0,0,0,0,0,0,0,0,0,0,0
WG_METRICS 1178,256,768,1.0357,0.0042,0.0032,1.0018,0.0111,0.0154,256,768,196608,393216,196254.7500,392509.5000,0.0000,0,0.0000,0.0000,0,0.0000,0,0.0000,0.0000,0,0.0000,0.0000,0,0,0,0,0,0,0,0,0,0,0,0,0,0,0,0,0,0,0,0,0,0,0,0,0
WG_METRICS 1179,256,768,1.0242,0.0042,0.0033,0.9818,0.0197,0.0153,256,768,196608,393216,200260.7500,400521.5000,0.0000,0,0.0000,0.0000,0,0.0000,0,0.0000,0.0000,0,0.0000,0.0000,0,0,0,0,0,0,0,0,0,0,0,0,0,0,0,0,0,0,0,0,0,0,0,0,0
WG_METRICS 1180,256,768,1.0362,0.0042,0.0032,0.9938,0.0198,0.0152,256,768,196608,393216,197842.5469,395685.0938,0.0000,0,0.0000,0.0000,0,0.0000,0,0.0000,0.0000,0,0.0000,0.0000,0,0,0,0,0,0,0,0,0,0,0,0,0,0,0,0,0,0,0,0,0,0,0,0,0
WG_METRICS 1181,256,768,1.0304,0.0041,0.0033,0.9876,0.0197,0.0156,256,768,196608,393216,199068.4844,398136.9688,0.0000,0,0.0000,0.0000,0,0.0000,0,0.0000,0.0000,0,0.0000,0.0000,0,0,0,0,0,0,0,0,0,0,0,0,0,0,0,0,0,0,0,0,0,0,0,0,0
WG_METRICS 1182,256,768,1.0288,0.0042,0.0033,0.9849,0.0198,0.0166,256,768,196608,393216,199618.2344,399236.4688,0.0000,0,0.0000,0.0000,0,0.0000,0,0.0000,0.0000,0,0.0000,0.0000,0,0,0,0,0,0,0,0,0,0,0,0,0,0,0,0,0,0,0,0,0,0,0,0,0
WG_METRICS 1183,256,768,1.0270,0.0042,0.0033,0.9843,0.0197,0.0156,256,768,196608,393216,199748.0469,399496.0938,0.0000,0,0.0000,0.0000,0,0.0000,0,0.0000,0.0000,0,0.0000,0.0000,0,0,0,0,0,0,0,0,0,0,0,0,0,0,0,0,0,0,0,0,0,0,0,0,0
WG_METRICS 1184,256,768,1.0230,0.0041,0.0033,0.9888,0.0110,0.0157,256,768,196608,393216,198826.9062,397653.8125,0.0000,0,0.0000,0.0000,0,0.0000,0,0.0000,0.0000,0,0.0000,0.0000,0,0,0,0,0,0,0,0,0,0,0,0,0,0,0,0,0,0,0,0,0,0,0,0,0
WG_METRICS 1185,256,768,1.0334,0.0042,0.0032,0.9910,0.0197,0.0154,256,768,196608,393216,198393.5469,396787.0938,0.0000,0,0.0000,0.0000,0,0.0000,0,0.0000,0.0000,0,0.0000,0.0000,0,0,0,0,0,0,0,0,0,0,0,0,0,0,0,0,0,0,0,0,0,0,0,0,0
WG_METRICS 1186,256,768,1.0460,0.0042,0.0032,1.0029,0.0198,0.0159,256,768,196608,393216,196043.4062,392086.8125,0.0000,0,0.0000,0.0000,0,0.0000,0,0.0000,0.0000,0,0.0000,0.0000,0,0,0,0,0,0,0,0,0,0,0,0,0,0,0,0,0,0,0,0,0,0,0,0,0
WG_METRICS 1187,256,768,1.0200,0.0042,0.0032,0.9863,0.0110,0.0153,256,768,196608,393216,199342.9844,398685.9688,0.0000,0,0.0000,0.0000,0,0.0000,0,0.0000,0.0000,0,0.0000,0.0000,0,0,0,0,0,0,0,0,0,0,0,0,0,0,0,0,0,0,0,0,0,0,0,0,0
WG_METRICS 1188,256,768,1.0574,0.0042,0.0032,1.0146,0.0198,0.0156,256,768,196608,393216,193778.8281,387557.6562,0.0000,0,0.0000,0.0000,0,0.0000,0,0.0000,0.0000,0,0.0000,0.0000,0,0,0,0,0,0,0,0,0,0,0,0,0,0,0,0,0,0,0,0,0,0,0,0,0
WG_METRICS 1189,256,768,1.0262,0.0041,0.0033,0.9838,0.0197,0.0154,256,768,196608,393216,199845.5000,399691.0000,0.0000,0,0.0000,0.0000,0,0.0000,0,0.0000,0.0000,0,0.0000,0.0000,0,0,0,0,0,0,0,0,0,0,0,0,0,0,0,0,0,0,0,0,0,0,0,0,0
WG_METRICS 1190,256,768,1.0408,0.0043,0.0032,0.9979,0.0198,0.0156,256,768,196608,393216,197017.7969,394035.5938,0.0000,0,0.0000,0.0000,0,0.0000,0,0.0000,0.0000,0,0.0000,0.0000,0,0,0,0,0,0,0,0,0,0,0,0,0,0,0,0,0,0,0,0,0,0,0,0,0
WG_METRICS 1191,256,768,1.0261,0.0043,0.0033,0.9913,0.0110,0.0163,256,768,196608,393216,198337.5000,396675.0000,0.0000,0,0.0000,0.0000,0,0.0000,0,0.0000,0.0000,0,0.0000,0.0000,0,0,0,0,0,0,0,0,0,0,0,0,0,0,0,0,0,0,0,0,0,0,0,0,0
WG_METRICS 1192,256,768,1.0384,0.0041,0.0033,0.9960,0.0197,0.0153,256,768,196608,393216,197389.6719,394779.3438,0.0000,0,0.0000,0.0000,0,0.0000,0,0.0000,0.0000,0,0.0000,0.0000,0,0,0,0,0,0,0,0,0,0,0,0,0,0,0,0,0,0,0,0,0,0,0,0,0
WG_METRICS 1193,256,768,1.0164,0.0042,0.0032,0.9814,0.0111,0.0164,256,768,196608,393216,200326.0469,400652.0938,0.0000,0,0.0000,0.0000,0,0.0000,0,0.0000,0.0000,0,0.0000,0.0000,0,0,0,0,0,0,0,0,0,0,0,0,0,0,0,0,0,0,0,0,0,0,0,0,0
WG_METRICS 1194,256,768,1.0393,0.0042,0.0033,0.9966,0.0198,0.0154,256,768,196608,393216,197270.8281,394541.6562,0.0000,0,0.0000,0.0000,0,0.0000,0,0.0000,0.0000,0,0.0000,0.0000,0,0,0,0,0,0,0,0,0,0,0,0,0,0,0,0,0,0,0,0,0,0,0,0,0
WG_METRICS 1195,256,768,1.0261,0.0042,0.0032,0.9923,0.0111,0.0153,256,768,196608,393216,198129.6406,396259.2812,0.0000,0,0.0000,0.0000,0,0.0000,0,0.0000,0.0000,0,0.0000,0.0000,0,0,0,0,0,0,0,0,0,0,0,0,0,0,0,0,0,0,0,0,0,0,0,0,0
WG_METRICS 1196,256,768,1.0234,0.0042,0.0033,0.9891,0.0112,0.0157,256,768,196608,393216,198778.6562,397557.3125,0.0000,0,0.0000,0.0000,0,0.0000,0,0.0000,0.0000,0,0.0000,0.0000,0,0,0,0,0,0,0,0,0,0,0,0,0,0,0,0,0,0,0,0,0,0,0,0,0
WG_METRICS 1197,256,768,1.0084,0.0042,0.0032,0.9739,0.0112,0.0159,256,768,196608,393216,201881.1406,403762.2812,0.0000,0,0.0000,0.0000,0,0.0000,0,0.0000,0.0000,0,0.0000,0.0000,0,0,0,0,0,0,0,0,0,0,0,0,0,0,0,0,0,0,0,0,0,0,0,0,0
WG_METRICS 1198,256,768,1.0174,0.0042,0.0033,0.9830,0.0110,0.0158,256,768,196608,393216,200000.0000,400000.0000,0.0000,0,0.0000,0.0000,0,0.0000,0,0.0000,0.0000,0,0.0000,0.0000,0,0,0,0,0,0,0,0,0,0,0,0,0,0,0,0,0,0,0,0,0,0,0,0,0
WG_METRICS 1199,256,768,1.0214,0.0042,0.0033,0.9791,0.0196,0.0153,256,768,196608,393216,200808.9219,401617.8438,0.0000,0,0.0000,0.0000,0,0.0000,0,0.0000,0.0000,0,0.0000,0.0000,0,0,0,0,0,0,0,0,0,0,0,0,0,0,0,0,0,0,0,0,0,0,0,0,0
WG_METRICS 1200,256,768,1.0229,0.0042,0.0033,0.9804,0.0198,0.0153,256,768,196608,393216,200546.7500,401093.5000,0.0000,0,0.0000,0.0000,0,0.0000,0,0.0000,0.0000,0,0.0000,0.0000,0,0,0,0,0,0,0,0,0,0,0,0,0,0,0,0,0,0,0,0,0,0,0,0,0
WG_METRICS 1201,256,768,1.0287,0.0042,0.0033,0.9946,0.0110,0.0156,256,768,196608,393216,197683.3906,395366.7812,0.0000,0,0.0000,0.0000,0,0.0000,0,0.0000,0.0000,0,0.0000,0.0000,0,0,0,0,0,0,0,0,0,0,0,0,0,0,0,0,0,0,0,0,0,0,0,0,0
WG_METRICS 1202,256,768,1.0289,0.0042,0.0033,0.9864,0.0198,0.0153,256,768,196608,393216,199326.8125,398653.6250,0.0000,0,0.0000,0.0000,0,0.0000,0,0.0000,0.0000,0,0.0000,0.0000,0,0,0,0,0,0,0,0,0,0,0,0,0,0,0,0,0,0,0,0,0,0,0,0,0
WG_METRICS 1203,256,768,1.0361,0.0042,0.0033,0.9936,0.0196,0.0154,256,768,196608,393216,197882.3594,395764.7188,0.0000,0,0.0000,0.0000,0,0.0000,0,0.0000,0.0000,0,0.0000,0.0000,0,0,0,0,0,0,0,0,0,0,0,0,0,0,0,0,0,0,0,0,0,0,0,0,0
WG_METRICS 1204,256,768,1.0392,0.0042,0.0032,0.9967,0.0198,0.0153,256,768,196608,393216,197262.9062,394525.8125,0.0000,0,0.0000,0.0000,0,0.0000,0,0.0000,0.0000,0,0.0000,0.0000,0,0,0,0,0,0,0,0,0,0,0,0,0,0,0,0,0,0,0,0,0,0,0,0,0
WG_METRICS 1205,256,768,1.0312,0.0042,0.0033,0.9884,0.0198,0.0156,256,768,196608,393216,198923.4688,397846.9375,0.0000,0,0.0000,0.0000,0,0.0000,0,0.0000,0.0000,0,0.0000,0.0000,0,0,0,0,0,0,0,0,0,0,0,0,0,0,0,0,0,0,0,0,0,0,0,0,0
WG_METRICS 1206,256,768,1.0354,0.0042,0.0033,1.0011,0.0112,0.0156,256,768,196608,393216,196395.8906,392791.7812,0.0000,0,0.0000,0.0000,0,0.0000,0,0.0000,0.0000,0,0.0000,0.0000,0,0,0,0,0,0,0,0,0,0,0,0,0,0,0,0,0,0,0,0,0,0,0,0,0
WG_METRICS 1207,256,768,1.0338,0.0042,0.0032,0.9908,0.0198,0.0158,256,768,196608,393216,198441.5938,396883.1875,0.0000,0,0.0000,0.0000,0,0.0000,0,0.0000,0.0000,0,0.0000,0.0000,0,0,0,0,0,0,0,0,0,0,0,0,0,0,0,0,0,0,0,0,0,0,0,0,0
WG_METRICS 1208,256,768,1.0340,0.0043,0.0032,0.9900,0.0198,0.0166,256,768,196608,393216,198585.9219,397171.8438,0.0000,0,0.0000,0.0000,0,0.0000,0,0.0000,0.0000,0,0.0000,0.0000,0,0,0,0,0,0,0,0,0,0,0,0,0,0,0,0,0,0,0,0,0,0,0,0,0
WG_METRICS 1209,256,768,1.0222,0.0042,0.0033,0.9791,0.0198,0.0158,256,768,196608,393216,200800.7188,401601.4375,0.0000,0,0.0000,0.0000,0,0.0000,0,0.0000,0.0000,0,0.0000,0.0000,0,0,0,0,0,0,0,0,0,0,0,0,0,0,0,0,0,0,0,0,0,0,0,0,0
WG_METRICS 1210,256,768,1.0511,0.0042,0.0032,1.0086,0.0197,0.0153,256,768,196608,393216,194923.8438,389847.6875,0.0000,0,0.0000,0.0000,0,0.0000,0,0.0000,0.0000,0,0.0000,0.0000,0,0,0,0,0,0,0,0,0,0,0,0,0,0,0,0,0,0,0,0,0,0,0,0,0
WG_METRICS 1211,256,768,1.0227,0.0041,0.0033,0.9802,0.0199,0.0152,256,768,196608,393216,200587.6562,401175.3125,0.0000,0,0.0000,0.0000,0,0.0000,0,0.0000,0.0000,0,0.0000,0.0000,0,0,0,0,0,0,0,0,0,0,0,0,0,0,0,0,0,0,0,0,0,0,0,0,0
WG_METRICS 1212,256,768,1.0211,0.0042,0.0033,0.9911,0.0069,0.0156,256,768,196608,393216,198369.5312,396739.0625,0.0000,0,0.0000,0.0000,0,0.0000,0,0.0000,0.0000,0,0.0000,0.0000,0,0,0,0,0,0,0,0,0,0,0,0,0,0,0,0,0,0,0,0,0,0,0,0,0
WG_METRICS 1213,256,768,1.0277,0.0042,0.0033,0.9846,0.0197,0.0159,256,768,196608,393216,199683.1250,399366.2500,0.0000,0,0.0000,0.0000,0,0.0000,0,0.0000,0.0000,0,0.0000,0.0000,0,0,0,0,0,0,0,0,0,0,0,0,0,0,0,0,0,0,0,0,0,0,0,0,0
WG_METRICS 1214,256,768,1.0506,0.0042,0.0033,1.0080,0.0197,0.0155,256,768,196608,393216,195039.8906,390079.7812,0.0000,0,0.0000,0.0000,0,0.0000,0,0.0000,0.0000,0,0.0000,0.0000,0,0,0,0,0,0,0,0,0,0,0,0,0,0,0,0,0,0,0,0,0,0,0,0,0
WG_METRICS 1215,256,768,1.0253,0.0042,0.0033,0.9910,0.0112,0.0156,256,768,196608,393216,198393.5469,396787.0938,0.0000,0,0.0000,0.0000,0,0.0000,0,0.0000,0.0000,0,0.0000,0.0000,0,0,0,0,0,0,0,0,0,0,0,0,0,0,0,0,0,0,0,0,0,0,0,0,0
WG_METRICS 1216,256,768,1.0231,0.0042,0.0033,0.9888,0.0111,0.0158,256,768,196608,393216,198843.0000,397686.0000,0.0000,0,0.0000,0.0000,0,0.0000,0,0.0000,0.0000,0,0.0000,0.0000,0,0,0,0,0,0,0,0,0,0,0,0,0,0,0,0,0,0,0,0,0,0,0,0,0
WG_METRICS 1217,256,768,1.0294,0.0042,0.0032,0.9864,0.0199,0.0156,256,768,196608,393216,199326.8125,398653.6250,0.0000,0,0.0000,0.0000,0,0.0000,0,0.0000,0.0000,0,0.0000,0.0000,0,0,0,0,0,0,0,0,0,0,0,0,0,0,0,0,0,0,0,0,0,0,0,0,0
WG_METRICS 1218,256,768,1.0157,0.0042,0.0033,0.9856,0.0070,0.0157,256,768,196608,393216,199488.6094,398977.2188,0.0000,0,0.0000,0.0000,0,0.0000,0,0.0000,0.0000,0,0.0000,0.0000,0,0,0,0,0,0,0,0,0,0,0,0,0,0,0,0,0,0,0,0,0,0,0,0,0
WG_METRICS 1219,256,768,1.0243,0.0042,0.0032,0.9818,0.0199,0.0152,256,768,196608,393216,200260.7500,400521.5000,0.0000,0,0.0000,0.0000,0,0.0000,0,0.0000,0.0000,0,0.0000,0.0000,0,0,0,0,0,0,0,0,0,0,0,0,0,0,0,0,0,0,0,0,0,0,0,0,0
WG_METRICS 1220,256,768,1.0220,0.0042,0.0032,0.9794,0.0199,0.0153,256,768,196608,393216,200751.5156,401503.0312,0.0000,0,0.0000,0.0000,0,0.0000,0,0.0000,0.0000,0,0.0000,0.0000,0,0,0,0,0,0,0,0,0,0,0,0,0,0,0,0,0,0,0,0,0,0,0,0,0
WG_METRICS 1221,256,768,1.0304,0.0042,0.0033,0.9878,0.0197,0.0156,256,768,196608,393216,199044.2969,398088.5938,0.0000,0,0.0000,0.0000,0,0.0000,0,0.0000,0.0000,0,0.0000,0.0000,0,0,0,0,0,0,0,0,0,0,0,0,0,0,0,0,0,0,0,0,0,0,0,0,0
WG_METRICS 1222,256,768,1.0243,0.0042,0.0032,0.9817,0.0198,0.0154,256,768,196608,393216,200277.0781,400554.1562,0.0000,0,0.0000,0.0000,0,0.0000,0,0.0000,0.0000,0,0.0000,0.0000,0,0,0,0,0,0,0,0,0,0,0,0,0,0,0,0,0,0,0,0,0,0,0,0,0
WG_METRICS 1223,256,768,1.0250,0.0042,0.0032,0.9820,0.0199,0.0157,256,768,196608,393216,200219.9688,400439.9375,0.0000,0,0.0000,0.0000,0,0.0000,0,0.0000,0.0000,0,0.0000,0.0000,0,0,0,0,0,0,0,0,0,0,0,0,0,0,0,0,0,0,0,0,0,0,0,0,0
WG_METRICS 1224,256,768,1.0222,0.0044,0.0032,0.9881,0.0111,0.0154,256,768,196608,393216,198971.7812,397943.5625,0.0000,0,0.0000,0.0000,0,0.0000,0,0.0000,0.0000,0,0.0000,0.0000,0,0,0,0,0,0,0,0,0,0,0,0,0,0,0,0,0,0,0,0,0,0,0,0,0
WG_METRICS 1225,256,768,1.0286,0.0043,0.0032,0.9855,0.0196,0.0160,256,768,196608,393216,199496.7188,398993.4375,0.0000,0,0.0000,0.0000,0,0.0000,0,0.0000,0.0000,0,0.0000,0.0000,0,0,0,0,0,0,0,0,0,0,0,0,0,0,0,0,0,0,0,0,0,0,0,0,0
WG_METRICS 1226,256,768,1.0405,0.0042,0.0033,0.9980,0.0196,0.0153,256,768,196608,393216,196994.1094,393988.2188,0.0000,0,0.0000,0.0000,0,0.0000,0,0.0000,0.0000,0,0.0000,0.0000,0,0,0,0,0,0,0,0,0,0,0,0,0,0,0,0,0,0,0,0,0,0,0,0,0
WG_METRICS 1227,256,768,1.0351,0.0042,0.0032,0.9922,0.0198,0.0156,256,768,196608,393216,198153.5938,396307.1875,0.0000,0,0.0000,0.0000,0,0.0000,0,0.0000,0.0000,0,0.0000,0.0000,0,0,0,0,0,0,0,0,0,0,0,0,0,0,0,0,0,0,0,0,0,0,0,0,0
WG_METRICS 1228,256,768,1.0163,0.0042,0.0033,0.9734,0.0198,0.0155,256,768,196608,393216,201972.3906,403944.7812,0.0000,0,0.0000,0.0000,0,0.0000,0,0.0000,0.0000,0,0.0000,0.0000,0,0,0,0,0,0,0,0,0,0,0,0,0,0,0,0,0,0,0,0,0,0,0,0,0
WG_METRICS 1229,256,768,1.0293,0.0042,0.0033,0.9866,0.0198,0.0155,256,768,196608,393216,199278.3281,398556.6562,0.0000,0,0.0000,0.0000,0,0.0000,0,0.0000,0.0000,0,0.0000,0.0000,0,0,0,0,0,0,0,0,0,0,0,0,0,0,0,0,0,0,0,0,0,0,0,0,0
WG_METRICS 1230,256,768,1.0261,0.0042,0.0033,0.9920,0.0112,0.0154,256,768,196608,393216,198201.5469,396403.0938,0.0000,0,0.0000,0.0000,0,0.0000,0,0.0000,0.0000,0,0.0000,0.0000,0,0,0,0,0,0,0,0,0,0,0,0,0,0,0,0,0,0,0,0,0,0,0,0,0
WG_METRICS 1231,256,768,1.0246,0.0042,0.0033,0.9906,0.0110,0.0156,256,768,196608,393216,198473.6562,396947.3125,0.0000,0,0.0000,0.0000,0,0.0000,0,0.0000,0.0000,0,0.0000,0.0000,0,0,0,0,0,0,0,0,0,0,0,0,0,0,0,0,0,0,0,0,0,0,0,0,0
WG_METRICS 1232,256,768,1.0499,0.0041,0.0033,1.0160,0.0110,0.0154,256,768,196608,393216,193504.2031,387008.4062,0.0000,0,0.0000,0.0000,0,0.0000,0,0.0000,0.0000,0,0.0000,0.0000,0,0,0,0,0,0,0,0,0,0,0,0,0,0,0,0,0,0,0,0,0,0,0,0,0
WG_METRICS 1233,256,768,1.0372,0.0042,0.0032,1.0035,0.0110,0.0152,256,768,196608,393216,195926.1875,391852.3750,0.0000,0,0.0000,0.0000,0,0.0000,0,0.0000,0.0000,0,0.0000,0.0000,0,0,0,0,0,0,0,0,0,0,0,0,0,0,0,0,0,0,0,0,0,0,0,0,0
WG_METRICS 1234,256,768,1.0281,0.0042,0.0033,0.9890,0.0162,0.0154,256,768,196608,393216,198794.7344,397589.4688,0.0000,0,0.0000,0.0000,0,0.0000,0,0.0000,0.0000,0,0.0000,0.0000,0,0,0,0,0,0,0,0,0,0,0,0,0,0,0,0,0,0,0,0,0,0,0,0,0
WG_METRICS 1235,256,768,1.0228,0.0042,0.0032,0.9796,0.0197,0.0162,256,768,196608,393216,200710.5156,401421.0312,0.0000,0,0.0000,0.0000,0,0.0000,0,0.0000,0.0000,0,0.0000,0.0000,0,0,0,0,0,0,0,0,0,0,0,0,0,0,0,0,0,0,0,0,0,0,0,0,0
WG_METRICS 1236,256,768,1.0256,0.0041,0.0033,0.9829,0.0199,0.0154,256,768,196608,393216,200024.4219,400048.8438,0.0000,0,0.0000,0.0000,0,0.0000,0,0.0000,0.0000,0,0.0000,0.0000,0,0,0,0,0,0,0,0,0,0,0,0,0,0,0,0,0,0,0,0,0,0,0,0,0
WG_METRICS 1237,256,768,1.0270,0.0042,0.0032,0.9842,0.0199,0.0155,256,768,196608,393216,199756.1562,399512.3125,0.0000,0,0.0000,0.0000,0,0.0000,0,0.0000,0.0000,0,0.0000,0.0000,0,0,0,0,0,0,0,0,0,0,0,0,0,0,0,0,0,0,0,0,0,0,0,0,0
WG_METRICS 1238,256,768,1.0346,0.0042,0.0032,1.0001,0.0112,0.0158,256,768,196608,393216,196592.2812,393184.5625,0.0000,0,0.0000,0.0000,0,0.0000,0,0.0000,0.0000,0,0.0000,0.0000,0,0,0,0,0,0,0,0,0,0,0,0,0,0,0,0,0,0,0,0,0,0,0,0,0
WG_METRICS 1239,256,768,1.0290,0.0041,0.0033,0.9947,0.0111,0.0158,256,768,196608,393216,197651.6094,395303.2188,0.0000,0,0.0000,0.0000,0,0.0000,0,0.0000,0.0000,0,0.0000,0.0000,0,0,0,0,0,0,0,0,0,0,0,0,0,0,0,0,0,0,0,0,0,0,0,0,0
WG_METRICS 1240,256,768,1.0282,0.0042,0.0033,0.9856,0.0197,0.0155,256,768,196608,393216,199488.6094,398977.2188,0.0000,0,0.0000,0.0000,0,0.0000,0,0.0000,0.0000,0,0.0000,0.0000,0,0,0,0,0,0,0,0,0,0,0,0,0,0,0,0,0,0,0,0,0,0,0,0,0
WG_METRICS 1241,256,768,1.0136,0.0042,0.0033,0.9796,0.0110,0.0156,256,768,196608,393216,200710.5156,401421.0312,0.0000,0,0.0000,0.0000,0,0.0000,0,0.0000,0.0000,0,0.0000,0.0000,0,0,0,0,0,0,0,0,0,0,0,0,0,0,0,0,0,0,0,0,0,0,0,0,0
WG_METRICS 1242,256,768,1.0477,0.0042,0.0032,1.0045,0.0197,0.0161,256,768,196608,393216,195723.3125,391446.6250,0.0000,0,0.0000,0.0000,0,0.0000,0,0.0000,0.0000,0,0.0000,0.0000,0,0,0,0,0,0,0,0,0,0,0,0,0,0,0,0,0,0,0,0,0,0,0,0,0
WG_METRICS 1243,256,768,1.0291,0.0042,0.0033,0.9864,0.0198,0.0154,256,768,196608,393216,199310.6562,398621.3125,0.0000,0,0.0000,0.0000,0,0.0000,0,0.0000,0.0000,0,0.0000,0.0000,0,0,0,0,0,0,0,0,0,0,0,0,0,0,0,0,0,0,0,0,0,0,0,0,0
WG_METRICS 1244,256,768,1.0198,0.0042,0.0033,0.9770,0.0198,0.0155,256,768,196608,393216,201228.2031,402456.4062,0.0000,0,0.0000,0.0000,0,0.0000,0,0.0000,0.0000,0,0.0000,0.0000,0,0,0,0,0,0,0,0,0,0,0,0,0,0,0,0,0,0,0,0,0,0,0,0,0
WG_METRICS 1245,256,768,1.0379,0.0042,0.0033,1.0038,0.0112,0.0154,256,768,196608,393216,195855.9219,391711.8438,0.0000,0,0.0000,0.0000,0,0.0000,0,0.0000,0.0000,0,0.0000,0.0000,0,0,0,0,0,0,0,0,0,0,0,0,0,0,0,0,0,0,0,0,0,0,0,0,0
WG_METRICS 1246,256,768,1.0391,0.0042,0.0033,0.9965,0.0197,0.0155,256,768,196608,393216,197294.5938,394589.1875,0.0000,0,0.0000,0.0000,0,0.0000,0,0.0000,0.0000,0,0.0000,0.0000,0,0,0,0,0,0,0,0,0,0,0,0,0,0,0,0,0,0,0,0,0,0,0,0,0
WG_METRICS 1247,256,768,1.0109,0.0042,0.0032,0.9766,0.0112,0.0158,256,768,196608,393216,201318.8594,402637.7188,0.0000,0,0.0000,0.0000,0,0.0000,0,0.0000,0.0000,0,0.0000,0.0000,0,0,0,0,0,0,0,0,0,0,0,0,0,0,0,0,0,0,0,0,0,0,0,0,0
WG_METRICS 1248,256,768,1.0302,0.0041,0.0033,0.9871,0.0198,0.0158,256,768,196608,393216,199173.3594,398346.7188,0.0000,0,0.0000,0.0000,0,0.0000,0,0.0000,0.0000,0,0.0000,0.0000,0,0,0,0,0,0,0,0,0,0,0,0,0,0,0,0,0,0,0,0,0,0,0,0,0
WG_METRICS 1249,256,768,1.0224,0.0042,0.0033,0.9799,0.0198,0.0152,256,768,196608,393216,200644.9844,401289.9688,0.0000,0,0.0000,0.0000,0,0.0000,0,0.0000,0.0000,0,0.0000,0.0000,0,0,0,0,0,0,0,0,0,0,0,0,0,0,0,0,0,0,0,0,0,0,0,0,0
WG_METRICS 1250,256,768,1.0441,0.0042,0.0032,1.0016,0.0198,0.0153,256,768,196608,393216,196286.0938,392572.1875,0.0000,0,0.0000,0.0000,0,0.0000,0,0.0000,0.0000,0,0.0000,0.0000,0,0,0,0,0,0,0,0,0,0,0,0,0,0,0,0,0,0,0,0,0,0,0,0,0
WG_METRICS 1251,256,768,1.0224,0.0042,0.0033,0.9883,0.0111,0.0155,256,768,196608,393216,198939.5781,397879.1562,0.0000,0,0.0000,0.0000,0,0.0000,0,0.0000,0.0000,0,0.0000,0.0000,0,0,0,0,0,0,0,0,0,0,0,0,0,0,0,0,0,0,0,0,0,0,0,0,0
WG_METRICS 1252,256,768,1.0295,0.0042,0.0032,0.9865,0.0200,0.0156,256,768,196608,393216,199294.4844,398588.9688,0.0000,0,0.0000,0.0000,0,0.0000,0,0.0000,0.0000,0,0.0000,0.0000,0,0,0,0,0,0,0,0,0,0,0,0,0,0,0,0,0,0,0,0,0,0,0,0,0
WG_METRICS 1253,256,768,1.0290,0.0041,0.0032,0.9934,0.0112,0.0170,256,768,196608,393216,197906.2656,395812.5312,0.0000,0,0.0000,0.0000,0,0.0000,0,0.0000,0.0000,0,0.0000,0.0000,0,0,0,0,0,0,0,0,0,0,0,0,0,0,0,0,0,0,0,0,0,0,0,0,0
WG_METRICS 1254,256,768,1.0256,0.0041,0.0033,0.9912,0.0113,0.0158,256,768,196608,393216,198353.5156,396707.0312,0.0000,0,0.0000,0.0000,0,0.0000,0,0.0000,0.0000,0,0.0000,0.0000,0,0,0,0,0,0,0,0,0,0,0,0,0,0,0,0,0,0,0,0,0,0,0,0,0
WG_METRICS 1255,256,768,1.0207,0.0042,0.0032,0.9780,0.0199,0.0154,256,768,196608,393216,201038.9062,402077.8125,0.0000,0,0.0000,0.0000,0,0.0000,0,0.0000,0.0000,0,0.0000,0.0000,0,0,0,0,0,0,0,0,0,0,0,0,0,0,0,0,0,0,0,0,0,0,0,0,0
WG_METRICS 1256,256,768,1.0243,0.0042,0.0032,0.9818,0.0198,0.0152,256,768,196608,393216,200244.4375,400488.8750,0.0000,0,0.0000,0.0000,0,0.0000,0,0.0000,0.0000,0,0.0000,0.0000,0,0,0,0,0,0,0,0,0,0,0,0,0,0,0,0,0,0,0,0,0,0,0,0,0
WG_METRICS 1257,256,768,1.0282,0.0042,0.0033,0.9857,0.0197,0.0153,256,768,196608,393216,199456.2344,398912.4688,0.0000,0,0.0000,0.0000,0,0.0000,0,0.0000,0.0000,0,0.0000,0.0000,0,0,0,0,0,0,0,0,0,0,0,0,0,0,0,0,0,0,0,0,0,0,0,0,0
WG_METRICS 1258,256,768,1.0506,0.0042,0.0033,1.0075,0.0136,0.0221,256,768,196608,393216,195148.2812,390296.5625,0.0000,0,0.0000,0.0000,0,0.0000,0,0.0000,0.0000,0,0.0000,0.0000,0,0,0,0,0,0,0,0,0,0,0,0,0,0,0,0,0,0,0,0,0,0,0,0,0
WG_METRICS 1259,256,768,1.0265,0.0042,0.0033,0.9829,0.0199,0.0162,256,768,196608,393216,200032.5625,400065.1250,0.0000,0,0.0000,0.0000,0,0.0000,0,0.0000,0.0000,0,0.0000,0.0000,0,0,0,0,0,0,0,0,0,0,0,0,0,0,0,0,0,0,0,0,0,0,0,0,0
WG_METRICS 1260,256,768,1.0325,0.0042,0.0033,0.9897,0.0197,0.0157,256,768,196608,393216,198658.1562,397316.3125,0.0000,0,0.0000,0.0000,0,0.0000,0,0.0000,0.0000,0,0.0000,0.0000,0,0,0,0,0,0,0,0,0,0,0,0,0,0,0,0,0,0,0,0,0,0,0,0,0
WG_METRICS 1261,256,768,1.0310,0.0047,0.0032,0.9981,0.0079,0.0171,256,768,196608,393216,196986.2031,393972.4062,0.0000,0,0.0000,0.0000,0,0.0000,0,0.0000,0.0000,0,0.0000,0.0000,0,0,0,0,0,0,0,0,0,0,0,0,0,0,0,0,0,0,0,0,0,0,0,0,0
WG_METRICS 1262,256,768,1.0232,0.0042,0.0032,0.9806,0.0199,0.0152,256,768,196608,393216,200489.4844,400978.9688,0.0000,0,0.0000,0.0000,0,0.0000,0,0.0000,0.0000,0,0.0000,0.0000,0,0,0,0,0,0,0,0,0,0,0,0,0,0,0,0,0,0,0,0,0,0,0,0,0
WG_METRICS 1263,256,768,1.0316,0.0042,0.0033,0.9887,0.0198,0.0156,256,768,196608,393216,198851.0469,397702.0938,0.0000,0,0.0000,0.0000,0,0.0000,0,0.0000,0.0000,0,0.0000,0.0000,0,0,0,0,0,0,0,0,0,0,0,0,0,0,0,0,0,0,0,0,0,0,0,0,0
WG_METRICS 1264,256,768,1.0395,0.0042,0.0032,1.0056,0.0112,0.0153,256,768,196608,393216,195505.3438,391010.6875,0.0000,0,0.0000,0.0000,0,0.0000,0,0.0000,0.0000,0,0.0000,0.0000,0,0,0,0,0,0,0,0,0,0,0,0,0,0,0,0,0,0,0,0,0,0,0,0,0
WG_METRICS 1265,256,768,1.0249,0.0042,0.0033,0.9824,0.0199,0.0152,256,768,196608,393216,200130.2969,400260.5938,0.0000,0,0.0000,0.0000,0,0.0000,0,0.0000,0.0000,0,0.0000,0.0000,0,0,0,0,0,0,0,0,0,0,0,0,0,0,0,0,0,0,0,0,0,0,0,0,0
WG_METRICS 1266,256,768,1.0286,0.0042,0.0033,0.9940,0.0110,0.0160,256,768,196608,393216,197786.8125,395573.6250,0.0000,0,0.0000,0.0000,0,0.0000,0,0.0000,0.0000,0,0.0000,0.0000,0,0,0,0,0,0,0,0,0,0,0,0,0,0,0,0,0,0,0,0,0,0,0,0,0
WG_METRICS 1267,256,768,1.0454,0.0041,0.0033,1.0024,0.0197,0.0158,256,768,196608,393216,196129.4531,392258.9062,0.0000,0,0.0000,0.0000,0,0.0000,0,0.0000,0.0000,0,0.0000,0.0000,0,0,0,0,0,0,0,0,0,0,0,0,0,0,0,0,0,0,0,0,0,0,0,0,0
WG_METRICS 1268,256,768,1.0252,0.0041,0.0033,0.9827,0.0198,0.0153,256,768,196608,393216,200065.1250,400130.2500,0.0000,0,0.0000,0.0000,0,0.0000,0,0.0000,0.0000,0,0.0000,0.0000,0,0,0,0,0,0,0,0,0,0,0,0,0,0,0,0,0,0,0,0,0,0,0,0,0
WG_METRICS 1269,256,768,1.0446,0.0042,0.0033,1.0020,0.0196,0.0155,256,768,196608,393216,196215.5781,392431.1562,0.0000,0,0.0000,0.0000,0,0.0000,0,0.0000,0.0000,0,0.0000,0.0000,0,0,0,0,0,0,0,0,0,0,0,0,0,0,0,0,0,0,0,0,0,0,0,0,0
WG_METRICS 1270,256,768,1.0298,0.0042,0.0033,0.9867,0.0199,0.0158,256,768,196608,393216,199254.0938,398508.1875,0.0000,0,0.0000,0.0000,0,0.0000,0,0.0000,0.0000,0,0.0000,0.0000,0,0,0,0,0,0,0,0,0,0,0,0,0,0,0,0,0,0,0,0,0,0,0,0,0
WG_METRICS 1271,256,768,1.0264,0.0042,0.0032,0.9919,0.0112,0.0160,256,768,196608,393216,198217.5312,396435.0625,0.0000,0,0.0000,0.0000,0,0.0000,0,0.0000,0.0000,0,0.0000,0.0000,0,0,0,0,0,0,0,0,0,0,0,0,0,0,0,0,0,0,0,0,0,0,0,0,0
WG_METRICS 1272,256,768,1.0412,0.0042,0.0033,0.9990,0.0196,0.0153,256,768,196608,393216,196812.6875,393625.3750,0.0000,0,0.0000,0.0000,0,0.0000,0,0.0000,0.0000,0,0.0000,0.0000,0,0,0,0,0,0,0,0,0,0,0,0,0,0,0,0,0,0,0,0,0,0,0,0,0
WG_METRICS 1273,256,768,1.0345,0.0042,0.0033,0.9919,0.0197,0.0155,256,768,196608,393216,198217.5312,396435.0625,0.0000,0,0.0000,0.0000,0,0.0000,0,0.0000,0.0000,0,0.0000,0.0000,0,0,0,0,0,0,0,0,0,0,0,0,0,0,0,0,0,0,0,0,0,0,0,0,0
WG_METRICS 1274,256,768,1.0260,0.0042,0.0033,0.9923,0.0111,0.0152,256,768,196608,393216,198137.6250,396275.2500,0.0000,0,0.0000,0.0000,0,0.0000,0,0.0000,0.0000,0,0.0000,0.0000,0,0,0,0,0,0,0,0,0,0,0,0,0,0,0,0,0,0,0,0,0,0,0,0,0
WG_METRICS 1275,256,768,1.0402,0.0042,0.0033,0.9972,0.0198,0.0157,256,768,196608,393216,197160.0469,394320.0938,0.0000,0,0.0000,0.0000,0,0.0000,0,0.0000,0.0000,0,0.0000,0.0000,0,0,0,0,0,0,0,0,0,0,0,0,0,0,0,0,0,0,0,0,0,0,0,0,0
WG_METRICS 1276,256,768,1.0203,0.0042,0.0033,0.9907,0.0068,0.0154,256,768,196608,393216,198449.6250,396899.2500,0.0000,0,0.0000,0.0000,0,0.0000,0,0.0000,0.0000,0,0.0000,0.0000,0,0,0,0,0,0,0,0,0,0,0,0,0,0,0,0,0,0,0,0,0,0,0,0,0
WG_METRICS 1277,256,768,1.0194,0.0042,0.0033,0.9856,0.0110,0.0154,256,768,196608,393216,199488.6094,398977.2188,0.0000,0,0.0000,0.0000,0,0.0000,0,0.0000,0.0000,0,0.0000,0.0000,0,0,0,0,0,0,0,0,0,0,0,0,0,0,0,0,0,0,0,0,0,0,0,0,0
WG_METRICS 1278,256,768,1.0317,0.0042,0.0032,0.9887,0.0198,0.0157,256,768,196608,393216,198851.0469,397702.0938,0.0000,0,0.0000,0.0000,0,0.0000,0,0.0000,0.0000,0,0.0000,0.0000,0,0,0,0,0,0,0,0,0,0,0,0,0,0,0,0,0,0,0,0,0,0,0,0,0
WG_METRICS 1279,256,768,1.0326,0.0042,0.0032,0.9984,0.0112,0.0156,256,768,196608,393216,196923.0781,393846.1562,0.0000,0,0.0000,0.0000,0,0.0000,0,0.0000,0.0000,0,0.0000,0.0000,0,0,0,0,0,0,0,0,0,0,0,0,0,0,0,0,0,0,0,0,0,0,0,0,0
WG_METRICS 1280,256,768,1.0342,0.0042,0.0033,0.9997,0.0112,0.0159,256,768,196608,393216,196663.0625,393326.1250,0.0000,0,0.0000,0.0000,0,0.0000,0,0.0000,0.0000,0,0.0000,0.0000,0,0,0,0,0,0,0,0,0,0,0,0,0,0,0,0,0,0,0,0,0,0,0,0,0
WG_METRICS 1281,256,768,1.0372,0.0042,0.0033,1.0020,0.0121,0.0157,256,768,196608,393216,196215.5781,392431.1562,0.0000,0,0.0000,0.0000,0,0.0000,0,0.0000,0.0000,0,0.0000,0.0000,0,0,0,0,0,0,0,0,0,0,0,0,0,0,0,0,0,0,0,0,0,0,0,0,0
WG_METRICS 1282,256,768,1.0282,0.0042,0.0033,0.9937,0.0111,0.0159,256,768,196608,393216,197850.5000,395701.0000,0.0000,0,0.0000,0.0000,0,0.0000,0,0.0000,0.0000,0,0.0000,0.0000,0,0,0,0,0,0,0,0,0,0,0,0,0,0,0,0,0,0,0,0,0,0,0,0,0
WG_METRICS 1283,256,768,1.0327,0.0042,0.0033,0.9902,0.0197,0.0154,256,768,196608,393216,198561.8438,397123.6875,0.0000,0,0.0000,0.0000,0,0.0000,0,0.0000,0.0000,0,0.0000,0.0000,0,0,0,0,0,0,0,0,0,0,0,0,0,0,0,0,0,0,0,0,0,0,0,0,0
WG_METRICS 1284,256,768,1.0280,0.0042,0.0033,0.9943,0.0109,0.0154,256,768,196608,393216,197731.1250,395462.2500,0.0000,0,0.0000,0.0000,0,0.0000,0,0.0000,0.0000,0,0.0000,0.0000,0,0,0,0,0,0,0,0,0,0,0,0,0,0,0,0,0,0,0,0,0,0,0,0,0
WG_METRICS 1285,256,768,1.0270,0.0042,0.0033,0.9929,0.0109,0.0156,256,768,196608,393216,198009.9062,396019.8125,0.0000,0,0.0000,0.0000,0,0.0000,0,0.0000,0.0000,0,0.0000,0.0000,0,0,0,0,0,0,0,0,0,0,0,0,0,0,0,0,0,0,0,0,0,0,0,0,0
WG_METRICS 1286,256,768,1.0636,0.0042,0.0033,1.0211,0.0198,0.0153,256,768,196608,393216,192549.0625,385098.1250,0.0000,0,0.0000,0.0000,0,0.0000,0,0.0000,0.0000,0,0.0000,0.0000,0,0,0,0,0,0,0,0,0,0,0,0,0,0,0,0,0,0,0,0,0,0,0,0,0
WG_METRICS 1287,256,768,1.0322,0.0041,0.0033,0.9982,0.0110,0.0155,256,768,196608,393216,196954.6406,393909.2812,0.0000,0,0.0000,0.0000,0,0.0000,0,0.0000,0.0000,0,0.0000,0.0000,0,0,0,0,0,0,0,0,0,0,0,0,0,0,0,0,0,0,0,0,0,0,0,0,0
WG_METRICS 1288,256,768,1.0426,0.0042,0.0033,0.9997,0.0198,0.0157,256,768,196608,393216,196663.0625,393326.1250,0.0000,0,0.0000,0.0000,0,0.0000,0,0.0000,0.0000,0,0.0000,0.0000,0,0,0,0,0,0,0,0,0,0,0,0,0,0,0,0,0,0,0,0,0,0,0,0,0
WG_METRICS 1289,256,768,1.0254,0.0042,0.0032,0.9829,0.0198,0.0153,256,768,196608,393216,200024.4219,400048.8438,0.0000,0,0.0000,0.0000,0,0.0000,0,0.0000,0.0000,0,0.0000,0.0000,0,0,0,0,0,0,0,0,0,0,0,0,0,0,0,0,0,0,0,0,0,0,0,0,0
WG_METRICS 1290,256,768,1.0208,0.0042,0.0032,0.9867,0.0109,0.0157,256,768,196608,393216,199262.1719,398524.3438,0.0000,0,0.0000,0.0000,0,0.0000,0,0.0000,0.0000,0,0.0000,0.0000,0,0,0,0,0,0,0,0,0,0,0,0,0,0,0,0,0,0,0,0,0,0,0,0,0
WG_METRICS 1291,256,768,1.0152,0.0042,0.0033,0.9728,0.0196,0.0154,256,768,196608,393216,202105.2656,404210.5312,0.0000,0,0.0000,0.0000,0,0.0000,0,0.0000,0.0000,0,0.0000,0.0000,0,0,0,0,0,0,0,0,0,0,0,0,0,0,0,0,0,0,0,0,0,0,0,0,0
WG_METRICS 1292,256,768,1.0350,0.0042,0.0033,1.0010,0.0111,0.0154,256,768,196608,393216,196411.5781,392823.1562,0.0000,0,0.0000,0.0000,0,0.0000,0,0.0000,0.0000,0,0.0000,0.0000,0,0,0,0,0,0,0,0,0,0,0,0,0,0,0,0,0,0,0,0,0,0,0,0,0
WG_METRICS 1293,256,768,1.0512,0.0042,0.0032,1.0084,0.0196,0.0158,256,768,196608,393216,194970.2500,389940.5000,0.0000,0,0.0000,0.0000,0,0.0000,0,0.0000,0.0000,0,0.0000,0.0000,0,0,0,0,0,0,0,0,0,0,0,0,0,0,0,0,0,0,0,0,0,0,0,0,0
WG_METRICS 1294,256,768,1.0386,0.0042,0.0033,0.9961,0.0198,0.0153,256,768,196608,393216,197381.7344,394763.4688,0.0000,0,0.0000,0.0000,0,0.0000,0,0.0000,0.0000,0,0.0000,0.0000,0,0,0,0,0,0,0,0,0,0,0,0,0,0,0,0,0,0,0,0,0,0,0,0,0
WG_METRICS 1295,256,768,1.0283,0.0041,0.0033,0.9854,0.0198,0.0156,256,768,196608,393216,199512.9062,399025.8125,0.0000,0,0.0000,0.0000,0,0.0000,0,0.0000,0.0000,0,0.0000,0.0000,0,0,0,0,0,0,0,0,0,0,0,0,0,0,0,0,0,0,0,0,0,0,0,0,0
WG_METRICS 1296,256,768,1.0262,0.0042,0.0032,0.9837,0.0198,0.0152,256,768,196608,393216,199861.7500,399723.5000,0.0000,0,0.0000,0.0000,0,0.0000,0,0.0000,0.0000,0,0.0000,0.0000,0,0,0,0,0,0,0,0,0,0,0,0,0,0,0,0,0,0,0,0,0,0,0,0,0
WG_METRICS 1297,256,768,1.0301,0.0042,0.0033,0.9877,0.0196,0.0153,256,768,196608,393216,199060.4219,398120.8438,0.0000,0,0.0000,0.0000,0,0.0000,0,0.0000,0.0000,0,0.0000,0.0000,0,0,0,0,0,0,0,0,0,0,0,0,0,0,0,0,0,0,0,0,0,0,0,0,0
WG_METRICS 1298,256,768,1.0535,0.0042,0.0032,1.0177,0.0128,0.0156,256,768,196608,393216,193184.7656,386369.5312,0.0000,0,0.0000,0.0000,0,0.0000,0,0.0000,0.0000,0,0.0000,0.0000,0,0,0,0,0,0,0,0,0,0,0,0,0,0,0,0,0,0,0,0,0,0,0,0,0
WG_METRICS 1299,256,768,1.0251,0.0042,0.0033,0.9914,0.0110,0.0153,256,768,196608,393216,198313.5000,396627.0000,0.0000,0,0.0000,0.0000,0,0.0000,0,0.0000,0.0000,0,0.0000,0.0000,0,0,0,0,0,0,0,0,0,0,0,0,0,0,0,0,0,0,0,0,0,0,0,0,0
WG_METRICS 1300,256,768,1.0246,0.0042,0.0033,0.9902,0.0110,0.0159,256,768,196608,393216,198553.8281,397107.6562,0.0000,0,0.0000,0.0000,0,0.0000,0,0.0000,0.0000,0,0.0000,0.0000,0,0,0,0,0,0,0,0,0,0,0,0,0,0,0,0,0,0,0,0,0,0,0,0,0
WG_METRICS 1301,256,768,1.0229,0.0042,0.0032,0.9922,0.0074,0.0159,256,768,196608,393216,198145.6094,396291.2188,0.0000,0,0.0000,0.0000,0,0.0000,0,0.0000,0.0000,0,0.0000,0.0000,0,0,0,0,0,0,0,0,0,0,0,0,0,0,0,0,0,0,0,0,0,0,0,0,0
WG_METRICS 1302,256,768,1.0256,0.0042,0.0032,0.9863,0.0162,0.0156,256,768,196608,393216,199334.8906,398669.7812,0.0000,0,0.0000,0.0000,0,0.0000,0,0.0000,0.0000,0,0.0000,0.0000,0,0,0,0,0,0,0,0,0,0,0,0,0,0,0,0,0,0,0,0,0,0,0,0,0
WG_METRICS 1303,256,768,1.0344,0.0042,0.0033,0.9916,0.0197,0.0156,256,768,196608,393216,198265.5000,396531.0000,0.0000,0,0.0000,0.0000,0,0.0000,0,0.0000,0.0000,0,0.0000,0.0000,0,0,0,0,0,0,0,0,0,0,0,0,0,0,0,0,0,0,0,0,0,0,0,0,0
WG_METRICS 1304,256,768,1.0353,0.0042,0.0033,0.9928,0.0197,0.0154,256,768,196608,393216,198041.8281,396083.6562,0.0000,0,0.0000,0.0000,0,0.0000,0,0.0000,0.0000,0,0.0000,0.0000,0,0,0,0,0,0,0,0,0,0,0,0,0,0,0,0,0,0,0,0,0,0,0,0,0
WG_METRICS 1305,256,768,1.0290,0.0042,0.0033,0.9949,0.0113,0.0154,256,768,196608,393216,197611.8594,395223.7188,0.0000,0,0.0000,0.0000,0,0.0000,0,0.0000,0.0000,0,0.0000,0.0000,0,0,0,0,0,0,0,0,0,0,0,0,0,0,0,0,0,0,0,0,0,0,0,0,0
WG_METRICS 1306,256,768,1.0232,0.0042,0.0032,0.9798,0.0198,0.0161,256,768,196608,393216,200653.1719,401306.3438,0.0000,0,0.0000,0.0000,0,0.0000,0,0.0000,0.0000,0,0.0000,0.0000,0,0,0,0,0,0,0,0,0,0,0,0,0,0,0,0,0,0,0,0,0,0,0,0,0
WG_METRICS 1307,256,768,1.0369,0.0042,0.0033,1.0024,0.0112,0.0158,256,768,196608,393216,196129.4531,392258.9062,0.0000,0,0.0000,0.0000,0,0.0000,0,0.0000,0.0000,0,0.0000,0.0000,0,0,0,0,0,0,0,0,0,0,0,0,0,0,0,0,0,0,0,0,0,0,0,0,0
WG_METRICS 1308,256,768,1.0596,0.0042,0.0033,1.0172,0.0198,0.0152,256,768,196608,393216,193283.5312,386567.0625,0.0000,0,0.0000,0.0000,0,0.0000,0,0.0000,0.0000,0,0.0000,0.0000,0,0,0,0,0,0,0,0,0,0,0,0,0,0,0,0,0,0,0,0,0,0,0,0,0
WG_METRICS 1309,256,768,1.0133,0.0042,0.0032,0.9786,0.0110,0.0162,256,768,196608,393216,200907.4062,401814.8125,0.0000,0,0.0000,0.0000,0,0.0000,0,0.0000,0.0000,0,0.0000,0.0000,0,0,0,0,0,0,0,0,0,0,0,0,0,0,0,0,0,0,0,0,0,0,0,0,0
WG_METRICS 1310,256,768,1.0373,0.0041,0.0033,0.9945,0.0200,0.0154,256,768,196608,393216,197691.3438,395382.6875,0.0000,0,0.0000,0.0000,0,0.0000,0,0.0000,0.0000,0,0.0000,0.0000,0,0,0,0,0,0,0,0,0,0,0,0,0,0,0,0,0,0,0,0,0,0,0,0,0
WG_METRICS 1311,256,768,1.0575,0.0042,0.0032,1.0140,0.0195,0.0166,256,768,196608,393216,193901.1406,387802.2812,0.0000,0,0.0000,0.0000,0,0.0000,0,0.0000,0.0000,0,0.0000,0.0000,0,0,0,0,0,0,0,0,0,0,0,0,0,0,0,0,0,0,0,0,0,0,0,0,0
WG_METRICS 1312,256,768,1.0155,0.0042,0.0033,0.9724,0.0199,0.0157,256,768,196608,393216,202188.3906,404376.7812,0.0000,0,0.0000,0.0000,0,0.0000,0,0.0000,0.0000,0,0.0000,0.0000,0,0,0,0,0,0,0,0,0,0,0,0,0,0,0,0,0,0,0,0,0,0,0,0,0
WG_METRICS 1313,256,768,1.0283,0.0042,0.0032,0.9856,0.0198,0.0155,256,768,196608,393216,199488.6094,398977.2188,0.0000,0,0.0000,0.0000,0,0.0000,0,0.0000,0.0000,0,0.0000,0.0000,0,0,0,0,0,0,0,0,0,0,0,0,0,0,0,0,0,0,0,0,0,0,0,0,0
WG_METRICS 1314,256,768,1.0305,0.0041,0.0032,0.9881,0.0196,0.0154,256,768,196608,393216,198971.7812,397943.5625,0.0000,0,0.0000,0.0000,0,0.0000,0,0.0000,0.0000,0,0.0000,0.0000,0,0,0,0,0,0,0,0,0,0,0,0,0,0,0,0,0,0,0,0,0,0,0,0,0
WG_METRICS 1315,256,768,1.0309,0.0042,0.0032,0.9971,0.0110,0.0154,256,768,196608,393216,197175.8594,394351.7188,0.0000,0,0.0000,0.0000,0,0.0000,0,0.0000,0.0000,0,0.0000,0.0000,0,0,0,0,0,0,0,0,0,0,0,0,0,0,0,0,0,0,0,0,0,0,0,0,0
WG_METRICS 1316,256,768,1.0386,0.0042,0.0033,1.0044,0.0111,0.0156,256,768,196608,393216,195754.5156,391509.0312,0.0000,0,0.0000,0.0000,0,0.0000,0,0.0000,0.0000,0,0.0000,0.0000,0,0,0,0,0,0,0,0,0,0,0,0,0,0,0,0,0,0,0,0,0,0,0,0,0
WG_METRICS 1317,256,768,1.0356,0.0042,0.0032,1.0036,0.0092,0.0153,256,768,196608,393216,195894.9375,391789.8750,0.0000,0,0.0000,0.0000,0,0.0000,0,0.0000,0.0000,0,0.0000,0.0000,0,0,0,0,0,0,0,0,0,0,0,0,0,0,0,0,0,0,0,0,0,0,0,0,0
WG_METRICS 1318,256,768,1.0186,0.0046,0.0033,0.9842,0.0112,0.0154,256,768,196608,393216,199772.3906,399544.7812,0.0000,0,0.0000,0.0000,0,0.0000,0,0.0000,0.0000,0,0.0000,0.0000,0,0,0,0,0,0,0,0,0,0,0,0,0,0,0,0,0,0,0,0,0,0,0,0,0
WG_METRICS 1319,256,768,1.0299,0.0042,0.0033,0.9955,0.0109,0.0160,256,768,196608,393216,197500.7031,395001.4062,0.0000,0,0.0000,0.0000,0,0.0000,0,0.0000,0.0000,0,0.0000,0.0000,0,0,0,0,0,0,0,0,0,0,0,0,0,0,0,0,0,0,0,0,0,0,0,0,0
WG_METRICS 1320,256,768,1.0436,0.0042,0.0032,1.0096,0.0112,0.0154,256,768,196608,393216,194746.2344,389492.4688,0.0000,0,0.0000,0.0000,0,0.0000,0,0.0000,0.0000,0,0.0000,0.0000,0,0,0,0,0,0,0,0,0,0,0,0,0,0,0,0,0,0,0,0,0,0,0,0,0
WG_METRICS 1321,256,768,1.0261,0.0042,0.0032,0.9923,0.0111,0.0153,256,768,196608,393216,198137.6250,396275.2500,0.0000,0,0.0000,0.0000,0,0.0000,0,0.0000,0.0000,0,0.0000,0.0000,0,0,0,0,0,0,0,0,0,0,0,0,0,0,0,0,0,0,0,0,0,0,0,0,0
WG_METRICS 1322,256,768,1.0348,0.0041,0.0033,1.0029,0.0088,0.0157,256,768,196608,393216,196043.4062,392086.8125,0.0000,0,0.0000,0.0000,0,0.0000,0,0.0000,0.0000,0,0.0000,0.0000,0,0,0,0,0,0,0,0,0,0,0,0,0,0,0,0,0,0,0,0,0,0,0,0,0
WG_METRICS 1323,256,768,1.0456,0.0042,0.0033,1.0031,0.0197,0.0154,256,768,196608,393216,195996.5000,391993.0000,0.0000,0,0.0000,0.0000,0,0.0000,0,0.0000,0.0000,0,0.0000,0.0000,0,0,0,0,0,0,0,0,0,0,0,0,0,0,0,0,0,0,0,0,0,0,0,0,0
WG_METRICS 1324,256,768,1.0346,0.0042,0.0033,1.0004,0.0112,0.0154,256,768,196608,393216,196521.5312,393043.0625,0.0000,0,0.0000,0.0000,0,0.0000,0,0.0000,0.0000,0,0.0000,0.0000,0,0,0,0,0,0,0,0,0,0,0,0,0,0,0,0,0,0,0,0,0,0,0,0,0
WG_METRICS 1325,256,768,1.0183,0.0042,0.0032,0.9842,0.0110,0.0156,256,768,196608,393216,199756.1562,399512.3125,0.0000,0,0.0000,0.0000,0,0.0000,0,0.0000,0.0000,0,0.0000,0.0000,0,0,0,0,0,0,0,0,0,0,0,0,0,0,0,0,0,0,0,0,0,0,0,0,0
WG_METRICS 1326,256,768,1.0236,0.0042,0.0032,0.9806,0.0198,0.0158,256,768,196608,393216,200497.6562,400995.3125,0.0000,0,0.0000,0.0000,0,0.0000,0,0.0000,0.0000,0,0.0000,0.0000,0,0,0,0,0,0,0,0,0,0,0,0,0,0,0,0,0,0,0,0,0,0,0,0,0
WG_METRICS 1327,256,768,1.0389,0.0041,0.0033,1.0054,0.0107,0.0154,256,768,196608,393216,195552.0312,391104.0625,0.0000,0,0.0000,0.0000,0,0.0000,0,0.0000,0.0000,0,0.0000,0.0000,0,0,0,0,0,0,0,0,0,0,0,0,0,0,0,0,0,0,0,0,0,0,0,0,0
WG_METRICS 1328,256,768,1.0316,0.0042,0.0033,0.9968,0.0114,0.0159,256,768,196608,393216,197231.2500,394462.5000,0.0000,0,0.0000,0.0000,0,0.0000,0,0.0000,0.0000,0,0.0000,0.0000,0,0,0,0,0,0,0,0,0,0,0,0,0,0,0,0,0,0,0,0,0,0,0,0,0
WG_METRICS 1329,256,768,1.0287,0.0041,0.0033,0.9861,0.0199,0.0153,256,768,196608,393216,199383.4219,398766.8438,0.0000,0,0.0000,0.0000,0,0.0000,0,0.0000,0.0000,0,0.0000,0.0000,0,0,0,0,0,0,0,0,0,0,0,0,0,0,0,0,0,0,0,0,0,0,0,0,0
WG_METRICS 1330,256,768,1.0258,0.0042,0.0032,0.9919,0.0113,0.0152,256,768,196608,393216,198217.5312,396435.0625,0.0000,0,0.0000,0.0000,0,0.0000,0,0.0000,0.0000,0,0.0000,0.0000,0,0,0,0,0,0,0,0,0,0,0,0,0,0,0,0,0,0,0,0,0,0,0,0,0
WG_METRICS 1331,256,768,2.3936,0.0042,0.0033,1.0044,0.0313,1.3504,256,768,196608,393216,195738.9219,391477.8438,0.0000,0,0.0000,0.0000,0,0.0000,0,0.0000,0.0000,0,0.0000,0.0000,0,0,0,0,0,0,0,0,0,0,0,0,0,0,0,0,0,0,0,0,0,0,0,0,0
WG_METRICS 1332,256,768,1.0100,0.0042,0.0032,0.9762,0.0111,0.0153,256,768,196608,393216,201409.6094,402819.2188,0.0000,0,0.0000,0.0000,0,0.0000,0,0.0000,0.0000,0,0.0000,0.0000,0,0,0,0,0,0,0,0,0,0,0,0,0,0,0,0,0,0,0,0,0,0,0,0,0
WG_METRICS 1333,256,768,1.0367,0.0041,0.0033,0.9939,0.0198,0.0156,256,768,196608,393216,197810.6875,395621.3750,0.0000,0,0.0000,0.0000,0,0.0000,0,0.0000,0.0000,0,0.0000,0.0000,0,0,0,0,0,0,0,0,0,0,0,0,0,0,0,0,0,0,0,0,0,0,0,0,0
WG_METRICS 1334,256,768,1.0245,0.0041,0.0033,0.9814,0.0198,0.0160,256,768,196608,393216,200342.3750,400684.7500,0.0000,0,0.0000,0.0000,0,0.0000,0,0.0000,0.0000,0,0.0000,0.0000,0,0,0,0,0,0,0,0,0,0,0,0,0,0,0,0,0,0,0,0,0,0,0,0,0
WG_METRICS 1335,256,768,1.0271,0.0042,0.0033,0.9932,0.0110,0.0154,256,768,196608,393216,197946.1094,395892.2188,0.0000,0,0.0000,0.0000,0,0.0000,0,0.0000,0.0000,0,0.0000,0.0000,0,0,0,0,0,0,0,0,0,0,0,0,0,0,0,0,0,0,0,0,0,0,0,0,0
WG_METRICS 1336,256,768,1.0361,0.0042,0.0032,1.0016,0.0112,0.0159,256,768,196608,393216,196301.7812,392603.5625,0.0000,0,0.0000,0.0000,0,0.0000,0,0.0000,0.0000,0,0.0000,0.0000,0,0,0,0,0,0,0,0,0,0,0,0,0,0,0,0,0,0,0,0,0,0,0,0,0
WG_METRICS 1337,256,768,1.0346,0.0042,0.0032,0.9920,0.0198,0.0154,256,768,196608,393216,198201.5469,396403.0938,0.0000,0,0.0000,0.0000,0,0.0000,0,0.0000,0.0000,0,0.0000,0.0000,0,0,0,0,0,0,0,0,0,0,0,0,0,0,0,0,0,0,0,0,0,0,0,0,0
WG_METRICS 1338,256,768,1.0377,0.0042,0.0033,0.9945,0.0198,0.0160,256,768,196608,393216,197699.2969,395398.5938,0.0000,0,0.0000,0.0000,0,0.0000,0,0.0000,0.0000,0,0.0000,0.0000,0,0,0,0,0,0,0,0,0,0,0,0,0,0,0,0,0,0,0,0,0,0,0,0,0
WG_METRICS 1339,256,768,1.0279,0.0042,0.0033,0.9853,0.0198,0.0153,256,768,196608,393216,199537.2188,399074.4375,0.0000,0,0.0000,0.0000,0,0.0000,0,0.0000,0.0000,0,0.0000,0.0000,0,0,0,0,0,0,0,0,0,0,0,0,0,0,0,0,0,0,0,0,0,0,0,0,0
WG_METRICS 1340,256,768,1.0290,0.0042,0.0033,0.9948,0.0110,0.0157,256,768,196608,393216,197635.7188,395271.4375,0.0000,0,0.0000,0.0000,0,0.0000,0,0.0000,0.0000,0,0.0000,0.0000,0,0,0,0,0,0,0,0,0,0,0,0,0,0,0,0,0,0,0,0,0,0,0,0,0
WG_METRICS 1341,256,768,1.0088,0.0042,0.0033,0.9750,0.0110,0.0153,256,768,196608,393216,201640.9531,403281.9062,0.0000,0,0.0000,0.0000,0,0.0000,0,0.0000,0.0000,0,0.0000,0.0000,0,0,0,0,0,0,0,0,0,0,0,0,0,0,0,0,0,0,0,0,0,0,0,0,0
WG_METRICS 1342,256,768,1.0124,0.0042,0.0033,0.9781,0.0110,0.0158,256,768,196608,393216,201014.2344,402028.4688,0.0000,0,0.0000,0.0000,0,0.0000,0,0.0000,0.0000,0,0.0000,0.0000,0,0,0,0,0,0,0,0,0,0,0,0,0,0,0,0,0,0,0,0,0,0,0,0,0
WG_METRICS 1343,256,768,1.0273,0.0042,0.0032,0.9843,0.0197,0.0159,256,768,196608,393216,199748.0469,399496.0938,0.0000,0,0.0000,0.0000,0,0.0000,0,0.0000,0.0000,0,0.0000,0.0000,0,0,0,0,0,0,0,0,0,0,0,0,0,0,0,0,0,0,0,0,0,0,0,0,0
WG_METRICS 1344,256,768,1.0262,0.0042,0.0033,0.9833,0.0198,0.0157,256,768,196608,393216,199951.1875,399902.3750,0.0000,0,0.0000,0.0000,0,0.0000,0,0.0000,0.0000,0,0.0000,0.0000,0,0,0,0,0,0,0,0,0,0,0,0,0,0,0,0,0,0,0,0,0,0,0,0,0
WG_METRICS 1345,256,768,1.0363,0.0042,0.0034,0.9932,0.0197,0.0158,256,768,196608,393216,197962.0625,395924.1250,0.0000,0,0.0000,0.0000,0,0.0000,0,0.0000,0.0000,0,0.0000,0.0000,0,0,0,0,0,0,0,0,0,0,0,0,0,0,0,0,0,0,0,0,0,0,0,0,0
WG_METRICS 1346,256,768,1.0249,0.0042,0.0032,0.9821,0.0197,0.0156,256,768,196608,393216,200195.5000,400391.0000,0.0000,0,0.0000,0.0000,0,0.0000,0,0.0000,0.0000,0,0.0000,0.0000,0,0,0,0,0,0,0,0,0,0,0,0,0,0,0,0,0,0,0,0,0,0,0,0,0
WG_METRICS 1347,256,768,1.0269,0.0042,0.0032,0.9932,0.0110,0.0152,256,768,196608,393216,197954.0938,395908.1875,0.0000,0,0.0000,0.0000,0,0.0000,0,0.0000,0.0000,0,0.0000,0.0000,0,0,0,0,0,0,0,0,0,0,0,0,0,0,0,0,0,0,0,0,0,0,0,0,0
WG_METRICS 1348,256,768,1.0479,0.0042,0.0033,1.0179,0.0068,0.0158,256,768,196608,393216,193154.4062,386308.8125,0.0000,0,0.0000,0.0000,0,0.0000,0,0.0000,0.0000,0,0.0000,0.0000,0,0,0,0,0,0,0,0,0,0,0,0,0,0,0,0,0,0,0,0,0,0,0,0,0
WG_METRICS 1349,256,768,1.0285,0.0041,0.0033,0.9858,0.0199,0.0154,256,768,196608,393216,199440.0469,398880.0938,0.0000,0,0.0000,0.0000,0,0.0000,0,0.0000,0.0000,0,0.0000,0.0000,0,0,0,0,0,0,0,0,0,0,0,0,0,0,0,0,0,0,0,0,0,0,0,0,0
WG_METRICS 1350,256,768,1.0289,0.0042,0.0032,0.9862,0.0198,0.0155,256,768,196608,393216,199351.0625,398702.1250,0.0000,0,0.0000,0.0000,0,0.0000,0,0.0000,0.0000,0,0.0000,0.0000,0,0,0,0,0,0,0,0,0,0,0,0,0,0,0,0,0,0,0,0,0,0,0,0,0
WG_METRICS 1351,256,768,1.0289,0.0042,0.0034,0.9859,0.0197,0.0158,256,768,196608,393216,199423.8594,398847.7188,0.0000,0,0.0000,0.0000,0,0.0000,0,0.0000,0.0000,0,0.0000,0.0000,0,0,0,0,0,0,0,0,0,0,0,0,0,0,0,0,0,0,0,0,0,0,0,0,0
WG_METRICS 1352,256,768,1.0577,0.0041,0.0033,1.0142,0.0197,0.0164,256,768,196608,393216,193847.6094,387695.2188,0.0000,0,0.0000,0.0000,0,0.0000,0,0.0000,0.0000,0,0.0000,0.0000,0,0,0,0,0,0,0,0,0,0,0,0,0,0,0,0,0,0,0,0,0,0,0,0,0
WG_METRICS 1353,256,768,1.0240,0.0043,0.0032,0.9938,0.0067,0.0160,256,768,196608,393216,197826.6094,395653.2188,0.0000,0,0.0000,0.0000,0,0.0000,0,0.0000,0.0000,0,0.0000,0.0000,0,0,0,0,0,0,0,0,0,0,0,0,0,0,0,0,0,0,0,0,0,0,0,0,0
WG_METRICS 1354,256,768,1.0319,0.0042,0.0032,0.9894,0.0197,0.0154,256,768,196608,393216,198722.4062,397444.8125,0.0000,0,0.0000,0.0000,0,0.0000,0,0.0000,0.0000,0,0.0000,0.0000,0,0,0,0,0,0,0,0,0,0,0,0,0,0,0,0,0,0,0,0,0,0,0,0,0
WG_METRICS 1355,256,768,1.0271,0.0042,0.0033,0.9935,0.0110,0.0152,256,768,196608,393216,197898.2969,395796.5938,0.0000,0,0.0000,0.0000,0,0.0000,0,0.0000,0.0000,0,0.0000,0.0000,0,0,0,0,0,0,0,0,0,0,0,0,0,0,0,0,0,0,0,0,0,0,0,0,0
WG_METRICS 1356,256,768,1.0287,0.0042,0.0029,0.9853,0.0197,0.0166,256,768,196608,393216,199537.2188,399074.4375,0.0000,0,0.0000,0.0000,0,0.0000,0,0.0000,0.0000,0,0.0000,0.0000,0,0,0,0,0,0,0,0,0,0,0,0,0,0,0,0,0,0,0,0,0,0,0,0,0
WG_METRICS 1357,256,768,1.0287,0.0046,0.0033,0.9888,0.0162,0.0158,256,768,196608,393216,198826.9062,397653.8125,0.0000,0,0.0000,0.0000,0,0.0000,0,0.0000,0.0000,0,0.0000,0.0000,0,0,0,0,0,0,0,0,0,0,0,0,0,0,0,0,0,0,0,0,0,0,0,0,0
WG_METRICS 1358,256,768,1.0490,0.0042,0.0033,1.0150,0.0112,0.0154,256,768,196608,393216,193710.0938,387420.1875,0.0000,0,0.0000,0.0000,0,0.0000,0,0.0000,0.0000,0,0.0000,0.0000,0,0,0,0,0,0,0,0,0,0,0,0,0,0,0,0,0,0,0,0,0,0,0,0,0
WG_METRICS 1359,256,768,1.0359,0.0042,0.0033,0.9824,0.0305,0.0156,256,768,196608,393216,200138.4375,400276.8750,0.0000,0,0.0000,0.0000,0,0.0000,0,0.0000,0.0000,0,0.0000,0.0000,0,0,0,0,0,0,0,0,0,0,0,0,0,0,0,0,0,0,0,0,0,0,0,0,0
WG_METRICS 1360,256,768,1.0270,0.0042,0.0032,0.9835,0.0206,0.0154,256,768,196608,393216,199902.3906,399804.7812,0.0000,0,0.0000,0.0000,0,0.0000,0,0.0000,0.0000,0,0.0000,0.0000,0,0,0,0,0,0,0,0,0,0,0,0,0,0,0,0,0,0,0,0,0,0,0,0,0
WG_METRICS 1361,256,768,1.0431,0.0042,0.0032,1.0002,0.0199,0.0156,256,768,196608,393216,196560.8281,393121.6562,0.0000,0,0.0000,0.0000,0,0.0000,0,0.0000,0.0000,0,0.0000,0.0000,0,0,0,0,0,0,0,0,0,0,0,0,0,0,0,0,0,0,0,0,0,0,0,0,0
WG_METRICS 1362,256,768,1.0332,0.0042,0.0033,0.9902,0.0198,0.0158,256,768,196608,393216,198553.8281,397107.6562,0.0000,0,0.0000,0.0000,0,0.0000,0,0.0000,0.0000,0,0.0000,0.0000,0,0,0,0,0,0,0,0,0,0,0,0,0,0,0,0,0,0,0,0,0,0,0,0,0
WG_METRICS 1363,256,768,1.0118,0.0042,0.0033,0.9814,0.0068,0.0162,256,768,196608,393216,200342.3750,400684.7500,0.0000,0,0.0000,0.0000,0,0.0000,0,0.0000,0.0000,0,0.0000,0.0000,0,0,0,0,0,0,0,0,0,0,0,0,0,0,0,0,0,0,0,0,0,0,0,0,0
WG_METRICS 1364,256,768,1.0347,0.0042,0.0033,0.9914,0.0197,0.0162,256,768,196608,393216,198321.5000,396643.0000,0.0000,0,0.0000,0.0000,0,0.0000,0,0.0000,0.0000,0,0.0000,0.0000,0,0,0,0,0,0,0,0,0,0,0,0,0,0,0,0,0,0,0,0,0,0,0,0,0
WG_METRICS 1365,256,768,1.0224,0.0042,0.0033,0.9838,0.0150,0.0162,256,768,196608,393216,199837.3750,399674.7500,0.0000,0,0.0000,0.0000,0,0.0000,0,0.0000,0.0000,0,0.0000,0.0000,0,0,0,0,0,0,0,0,0,0,0,0,0,0,0,0,0,0,0,0,0,0,0,0,0
WG_METRICS 1366,256,768,1.0196,0.0042,0.0032,0.9846,0.0112,0.0164,256,768,196608,393216,199691.2344,399382.4688,0.0000,0,0.0000,0.0000,0,0.0000,0,0.0000,0.0000,0,0.0000,0.0000,0,0,0,0,0,0,0,0,0,0,0,0,0,0,0,0,0,0,0,0,0,0,0,0,0
WG_METRICS 1367,256,768,1.0231,0.0042,0.0033,0.9803,0.0198,0.0156,256,768,196608,393216,200554.9219,401109.8438,0.0000,0,0.0000,0.0000,0,0.0000,0,0.0000,0.0000,0,0.0000,0.0000,0,0,0,0,0,0,0,0,0,0,0,0,0,0,0,0,0,0,0,0,0,0,0,0,0
WG_METRICS 1368,256,768,1.0278,0.0042,0.0032,0.9928,0.0112,0.0164,256,768,196608,393216,198041.8281,396083.6562,0.0000,0,0.0000,0.0000,0,0.0000,0,0.0000,0.0000,0,0.0000,0.0000,0,0,0,0,0,0,0,0,0,0,0,0,0,0,0,0,0,0,0,0,0,0,0,0,0
WG_METRICS 1369,256,768,1.0440,0.0041,0.0033,1.0080,0.0119,0.0167,256,768,196608,393216,195039.8906,390079.7812,0.0000,0,0.0000,0.0000,0,0.0000,0,0.0000,0.0000,0,0.0000,0.0000,0,0,0,0,0,0,0,0,0,0,0,0,0,0,0,0,0,0,0,0,0,0,0,0,0
WG_METRICS 1370,256,768,1.0200,0.0042,0.0032,0.9858,0.0110,0.0157,256,768,196608,393216,199440.0469,398880.0938,0.0000,0,0.0000,0.0000,0,0.0000,0,0.0000,0.0000,0,0.0000,0.0000,0,0,0,0,0,0,0,0,0,0,0,0,0,0,0,0,0,0,0,0,0,0,0,0,0
WG_METRICS 1371,256,768,1.0467,0.0042,0.0033,1.0130,0.0110,0.0153,256,768,196608,393216,194092.5625,388185.1250,0.0000,0,0.0000,0.0000,0,0.0000,0,0.0000,0.0000,0,0.0000,0.0000,0,0,0,0,0,0,0,0,0,0,0,0,0,0,0,0,0,0,0,0,0,0,0,0,0
WG_METRICS 1372,256,768,1.0360,0.0042,0.0033,0.9935,0.0197,0.0154,256,768,196608,393216,197890.3281,395780.6562,0.0000,0,0.0000,0.0000,0,0.0000,0,0.0000,0.0000,0,0.0000,0.0000,0,0,0,0,0,0,0,0,0,0,0,0,0,0,0,0,0,0,0,0,0,0,0,0,0
WG_METRICS 1373,256,768,1.0280,0.0042,0.0032,0.9848,0.0198,0.0159,256,768,196608,393216,199642.5781,399285.1562,0.0000,0,0.0000,0.0000,0,0.0000,0,0.0000,0.0000,0,0.0000,0.0000,0,0,0,0,0,0,0,0,0,0,0,0,0,0,0,0,0,0,0,0,0,0,0,0,0
WG_METRICS 1374,256,768,1.0237,0.0042,0.0039,0.9800,0.0196,0.0160,256,768,196608,393216,200620.4062,401240.8125,0.0000,0,0.0000,0.0000,0,0.0000,0,0.0000,0.0000,0,0.0000,0.0000,0,0,0,0,0,0,0,0,0,0,0,0,0,0,0,0,0,0,0,0,0,0,0,0,0
WG_METRICS 1375,256,768,1.0349,0.0042,0.0034,0.9922,0.0197,0.0155,256,768,196608,393216,198161.5781,396323.1562,0.0000,0,0.0000,0.0000,0,0.0000,0,0.0000,0.0000,0,0.0000,0.0000,0,0,0,0,0,0,0,0,0,0,0,0,0,0,0,0,0,0,0,0,0,0,0,0,0
WG_METRICS 1376,256,768,1.0254,0.0042,0.0032,0.9829,0.0198,0.0153,256,768,196608,393216,200032.5625,400065.1250,0.0000,0,0.0000,0.0000,0,0.0000,0,0.0000,0.0000,0,0.0000,0.0000,0,0,0,0,0,0,0,0,0,0,0,0,0,0,0,0,0,0,0,0,0,0,0,0,0
WG_METRICS 1377,256,768,1.0300,0.0043,0.0033,1.0003,0.0068,0.0153,256,768,196608,393216,196552.9531,393105.9062,0.0000,0,0.0000,0.0000,0,0.0000,0,0.0000,0.0000,0,0.0000,0.0000,0,0,0,0,0,0,0,0,0,0,0,0,0,0,0,0,0,0,0,0,0,0,0,0,0
WG_METRICS 1378,256,768,1.0413,0.0042,0.0033,0.9983,0.0198,0.0157,256,768,196608,393216,196946.7500,393893.5000,0.0000,0,0.0000,0.0000,0,0.0000,0,0.0000,0.0000,0,0.0000,0.0000,0,0,0,0,0,0,0,0,0,0,0,0,0,0,0,0,0,0,0,0,0,0,0,0,0
WG_METRICS 1379,256,768,1.0278,0.0042,0.0033,0.9854,0.0196,0.0154,256,768,196608,393216,199521.0000,399042.0000,0.0000,0,0.0000,0.0000,0,0.0000,0,0.0000,0.0000,0,0.0000,0.0000,0,0,0,0,0,0,0,0,0,0,0,0,0,0,0,0,0,0,0,0,0,0,0,0,0
WG_METRICS 1380,256,768,1.0360,0.0042,0.0032,0.9931,0.0198,0.0157,256,768,196608,393216,197978.0000,395956.0000,0.0000,0,0.0000,0.0000,0,0.0000,0,0.0000,0.0000,0,0.0000,0.0000,0,0,0,0,0,0,0,0,0,0,0,0,0,0,0,0,0,0,0,0,0,0,0,0,0
WG_METRICS 1381,256,768,1.0339,0.0042,0.0033,0.9908,0.0198,0.0158,256,768,196608,393216,198433.5781,396867.1562,0.0000,0,0.0000,0.0000,0,0.0000,0,0.0000,0.0000,0,0.0000,0.0000,0,0,0,0,0,0,0,0,0,0,0,0,0,0,0,0,0,0,0,0,0,0,0,0,0
WG_METRICS 1382,256,768,1.0383,0.0042,0.0032,0.9958,0.0198,0.0153,256,768,196608,393216,197445.1562,394890.3125,0.0000,0,0.0000,0.0000,0,0.0000,0,0.0000,0.0000,0,0.0000,0.0000,0,0,0,0,0,0,0,0,0,0,0,0,0,0,0,0,0,0,0,0,0,0,0,0,0
WG_METRICS 1383,256,768,1.0369,0.0042,0.0033,0.9986,0.0154,0.0155,256,768,196608,393216,196875.7500,393751.5000,0.0000,0,0.0000,0.0000,0,0.0000,0,0.0000,0.0000,0,0.0000,0.0000,0,0,0,0,0,0,0,0,0,0,0,0,0,0,0,0,0,0,0,0,0,0,0,0,0
WG_METRICS 1384,256,768,1.0408,0.0042,0.0032,0.9983,0.0196,0.0154,256,768,196608,393216,196938.8594,393877.7188,0.0000,0,0.0000,0.0000,0,0.0000,0,0.0000,0.0000,0,0.0000,0.0000,0,0,0,0,0,0,0,0,0,0,0,0,0,0,0,0,0,0,0,0,0,0,0,0,0
WG_METRICS 1385,256,768,1.0391,0.0042,0.0032,1.0054,0.0111,0.0152,256,768,196608,393216,195544.2344,391088.4688,0.0000,0,0.0000,0.0000,0,0.0000,0,0.0000,0.0000,0,0.0000,0.0000,0,0,0,0,0,0,0,0,0,0,0,0,0,0,0,0,0,0,0,0,0,0,0,0,0
WG_METRICS 1386,256,768,1.0186,0.0042,0.0032,0.9849,0.0111,0.0152,256,768,196608,393216,199626.3594,399252.7188,0.0000,0,0.0000,0.0000,0,0.0000,0,0.0000,0.0000,0,0.0000,0.0000,0,0,0,0,0,0,0,0,0,0,0,0,0,0,0,0,0,0,0,0,0,0,0,0,0
WG_METRICS 1387,256,768,1.0168,0.0042,0.0033,0.9870,0.0068,0.0154,256,768,196608,393216,199197.5781,398395.1562,0.0000,0,0.0000,0.0000,0,0.0000,0,0.0000,0.0000,0,0.0000,0.0000,0,0,0,0,0,0,0,0,0,0,0,0,0,0,0,0,0,0,0,0,0,0,0,0,0
WG_METRICS 1388,256,768,1.0197,0.0042,0.0033,0.9849,0.0111,0.0163,256,768,196608,393216,199618.2344,399236.4688,0.0000,0,0.0000,0.0000,0,0.0000,0,0.0000,0.0000,0,0.0000,0.0000,0,0,0,0,0,0,0,0,0,0,0,0,0,0,0,0,0,0,0,0,0,0,0,0,0
WG_METRICS 1389,256,768,1.0180,0.0042,0.0033,0.9840,0.0112,0.0154,256,768,196608,393216,199813.0000,399626.0000,0.0000,0,0.0000,0.0000,0,0.0000,0,0.0000,0.0000,0,0.0000,0.0000,0,0,0,0,0,0,0,0,0,0,0,0,0,0,0,0,0,0,0,0,0,0,0,0,0
WG_METRICS 1390,256,768,1.0126,0.0042,0.0033,0.9828,0.0070,0.0154,256,768,196608,393216,200056.9844,400113.9688,0.0000,0,0.0000,0.0000,0,0.0000,0,0.0000,0.0000,0,0.0000,0.0000,0,0,0,0,0,0,0,0,0,0,0,0,0,0,0,0,0,0,0,0,0,0,0,0,0
WG_METRICS 1391,256,768,1.0512,0.0042,0.0033,1.0082,0.0200,0.0155,256,768,196608,393216,195001.1875,390002.3750,0.0000,0,0.0000,0.0000,0,0.0000,0,0.0000,0.0000,0,0.0000,0.0000,0,0,0,0,0,0,0,0,0,0,0,0,0,0,0,0,0,0,0,0,0,0,0,0,0
WG_METRICS 1392,256,768,1.0252,0.0042,0.0032,0.9826,0.0198,0.0153,256,768,196608,393216,200097.7031,400195.4062,0.0000,0,0.0000,0.0000,0,0.0000,0,0.0000,0.0000,0,0.0000,0.0000,0,0,0,0,0,0,0,0,0,0,0,0,0,0,0,0,0,0,0,0,0,0,0,0,0
WG_METRICS 1393,256,768,1.0240,0.0042,0.0032,0.9902,0.0111,0.0153,256,768,196608,393216,198545.8125,397091.6250,0.0000,0,0.0000,0.0000,0,0.0000,0,0.0000,0.0000,0,0.0000,0.0000,0,0,0,0,0,0,0,0,0,0,0,0,0,0,0,0,0,0,0,0,0,0,0,0,0
WG_METRICS 1394,256,768,1.0386,0.0042,0.0032,0.9952,0.0198,0.0162,256,768,196608,393216,197556.2812,395112.5625,0.0000,0,0.0000,0.0000,0,0.0000,0,0.0000,0.0000,0,0.0000,0.0000,0,0,0,0,0,0,0,0,0,0,0,0,0,0,0,0,0,0,0,0,0,0,0,0,0
WG_METRICS 1395,256,768,1.0050,0.0042,0.0033,0.9710,0.0112,0.0154,256,768,196608,393216,202488.2500,404976.5000,0.0000,0,0.0000,0.0000,0,0.0000,0,0.0000,0.0000,0,0.0000,0.0000,0,0,0,0,0,0,0,0,0,0,0,0,0,0,0,0,0,0,0,0,0,0,0,0,0
WG_METRICS 1396,256,768,1.0137,0.0042,0.0033,0.9707,0.0198,0.0156,256,768,196608,393216,202538.3281,405076.6562,0.0000,0,0.0000,0.0000,0,0.0000,0,0.0000,0.0000,0,0.0000,0.0000,0,0,0,0,0,0,0,0,0,0,0,0,0,0,0,0,0,0,0,0,0,0,0,0,0
WG_METRICS 1397,256,768,1.0127,0.0042,0.0032,0.9830,0.0066,0.0157,256,768,196608,393216,200008.1406,400016.2812,0.0000,0,0.0000,0.0000,0,0.0000,0,0.0000,0.0000,0,0.0000,0.0000,0,0,0,0,0,0,0,0,0,0,0,0,0,0,0,0,0,0,0,0,0,0,0,0,0
WG_METRICS 1398,256,768,1.0247,0.0042,0.0033,0.9899,0.0112,0.0161,256,768,196608,393216,198609.9844,397219.9688,0.0000,0,0.0000,0.0000,0,0.0000,0,0.0000,0.0000,0,0.0000,0.0000,0,0,0,0,0,0,0,0,0,0,0,0,0,0,0,0,0,0,0,0,0,0,0,0,0
WG_METRICS 1399,256,768,1.0523,0.0042,0.0032,1.0095,0.0198,0.0156,256,768,196608,393216,194761.6562,389523.3125,0.0000,0,0.0000,0.0000,0,0.0000,0,0.0000,0.0000,0,0.0000,0.0000,0,0,0,0,0,0,0,0,0,0,0,0,0,0,0,0,0,0,0,0,0,0,0,0,0
WG_METRICS 1400,256,768,1.0262,0.0042,0.0032,0.9840,0.0196,0.0153,256,768,196608,393216,199813.0000,399626.0000,0.0000,0,0.0000,0.0000,0,0.0000,0,0.0000,0.0000,0,0.0000,0.0000,0,0,0,0,0,0,0,0,0,0,0,0,0,0,0,0,0,0,0,0,0,0,0,0,0
WG_METRICS 1401,256,768,1.0321,0.0042,0.0033,0.9895,0.0198,0.0154,256,768,196608,393216,198690.2656,397380.5312,0.0000,0,0.0000,0.0000,0,0.0000,0,0.0000,0.0000,0,0.0000,0.0000,0,0,0,0,0,0,0,0,0,0,0,0,0,0,0,0,0,0,0,0,0,0,0,0,0
WG_METRICS 1402,256,768,1.0656,0.0042,0.0033,1.0271,0.0149,0.0161,256,768,196608,393216,191416.7812,382833.5625,0.0000,0,0.0000,0.0000,0,0.0000,0,0.0000,0.0000,0,0.0000,0.0000,0,0,0,0,0,0,0,0,0,0,0,0,0,0,0,0,0,0,0,0,0,0,0,0,0
WG_METRICS 1403,256,768,1.0258,0.0042,0.0033,0.9833,0.0196,0.0153,256,768,196608,393216,199943.0469,399886.0938,0.0000,0,0.0000,0.0000,0,0.0000,0,0.0000,0.0000,0,0.0000,0.0000,0,0,0,0,0,0,0,0,0,0,0,0,0,0,0,0,0,0,0,0,0,0,0,0,0
WG_METRICS 1404,256,768,1.0285,0.0041,0.0033,0.9942,0.0110,0.0159,256,768,196608,393216,197754.9844,395509.9688,0.0000,0,0.0000,0.0000,0,0.0000,0,0.0000,0.0000,0,0.0000,0.0000,0,0,0,0,0,0,0,0,0,0,0,0,0,0,0,0,0,0,0,0,0,0,0,0,0
WG_METRICS 1405,256,768,1.0259,0.0042,0.0033,0.9919,0.0112,0.0153,256,768,196608,393216,198209.5312,396419.0625,0.0000,0,0.0000,0.0000,0,0.0000,0,0.0000,0.0000,0,0.0000,0.0000,0,0,0,0,0,0,0,0,0,0,0,0,0,0,0,0,0,0,0,0,0,0,0,0,0
WG_METRICS 1406,256,768,1.0242,0.0042,0.0032,0.9814,0.0196,0.0157,256,768,196608,393216,200342.3750,400684.7500,0.0000,0,0.0000,0.0000,0,0.0000,0,0.0000,0.0000,0,0.0000,0.0000,0,0,0,0,0,0,0,0,0,0,0,0,0,0,0,0,0,0,0,0,0,0,0,0,0
WG_METRICS 1407,256,768,1.0187,0.0042,0.0033,0.9889,0.0068,0.0155,256,768,196608,393216,198810.8281,397621.6562,0.0000,0,0.0000,0.0000,0,0.0000,0,0.0000,0.0000,0,0.0000,0.0000,0,0,0,0,0,0,0,0,0,0,0,0,0,0,0,0,0,0,0,0,0,0,0,0,0
WG_METRICS 1408,256,768,1.0432,0.0042,0.0033,1.0099,0.0101,0.0157,256,768,196608,393216,194676.8125,389353.6250,0.0000,0,0.0000,0.0000,0,0.0000,0,0.0000,0.0000,0,0.0000,0.0000,0,0,0,0,0,0,0,0,0,0,0,0,0,0,0,0,0,0,0,0,0,0,0,0,0
WG_METRICS 1409,256,768,1.0322,0.0042,0.0033,0.9898,0.0198,0.0152,256,768,196608,393216,198634.0781,397268.1562,0.0000,0,0.0000,0.0000,0,0.0000,0,0.0000,0.0000,0,0.0000,0.0000,0,0,0,0,0,0,0,0,0,0,0,0,0,0,0,0,0,0,0,0,0,0,0,0,0
WG_METRICS 1410,256,768,1.0230,0.0042,0.0033,0.9893,0.0110,0.0153,256,768,196608,393216,198738.4844,397476.9688,0.0000,0,0.0000,0.0000,0,0.0000,0,0.0000,0.0000,0,0.0000,0.0000,0,0,0,0,0,0,0,0,0,0,0,0,0,0,0,0,0,0,0,0,0,0,0,0,0
WG_METRICS 1411,256,768,1.0273,0.0041,0.0033,0.9929,0.0111,0.0159,256,768,196608,393216,198009.9062,396019.8125,0.0000,0,0.0000,0.0000,0,0.0000,0,0.0000,0.0000,0,0.0000,0.0000,0,0,0,0,0,0,0,0,0,0,0,0,0,0,0,0,0,0,0,0,0,0,0,0,0
WG_METRICS 1412,256,768,1.0303,0.0042,0.0032,0.9872,0.0197,0.0159,256,768,196608,393216,199149.1406,398298.2812,0.0000,0,0.0000,0.0000,0,0.0000,0,0.0000,0.0000,0,0.0000,0.0000,0,0,0,0,0,0,0,0,0,0,0,0,0,0,0,0,0,0,0,0,0,0,0,0,0
WG_METRICS 1413,256,768,1.0322,0.0042,0.0032,0.9886,0.0200,0.0163,256,768,196608,393216,198875.1719,397750.3438,0.0000,0,0.0000,0.0000,0,0.0000,0,0.0000,0.0000,0,0.0000,0.0000,0,0,0,0,0,0,0,0,0,0,0,0,0,0,0,0,0,0,0,0,0,0,0,0,0
WG_METRICS 1414,256,768,1.0432,0.0042,0.0033,1.0118,0.0075,0.0165,256,768,196608,393216,194322.7656,388645.5312,0.0000,0,0.0000,0.0000,0,0.0000,0,0.0000,0.0000,0,0.0000,0.0000,0,0,0,0,0,0,0,0,0,0,0,0,0,0,0,0,0,0,0,0,0,0,0,0,0
WG_METRICS 1415,256,768,1.0252,0.0041,0.0033,0.9826,0.0197,0.0155,256,768,196608,393216,200081.4062,400162.8125,0.0000,0,0.0000,0.0000,0,0.0000,0,0.0000,0.0000,0,0.0000,0.0000,0,0,0,0,0,0,0,0,0,0,0,0,0,0,0,0,0,0,0,0,0,0,0,0,0
WG_METRICS 1416,256,768,1.0235,0.0042,0.0032,0.9852,0.0154,0.0155,256,768,196608,393216,199569.6094,399139.2188,0.0000,0,0.0000,0.0000,0,0.0000,0,0.0000,0.0000,0,0.0000,0.0000,0,0,0,0,0,0,0,0,0,0,0,0,0,0,0,0,0,0,0,0,0,0,0,0,0
WG_METRICS 1417,256,768,1.0390,0.0041,0.0033,0.9963,0.0199,0.0154,256,768,196608,393216,197334.1875,394668.3750,0.0000,0,0.0000,0.0000,0,0.0000,0,0.0000,0.0000,0,0.0000,0.0000,0,0,0,0,0,0,0,0,0,0,0,0,0,0,0,0,0,0,0,0,0,0,0,0,0
WG_METRICS 1418,256,768,1.0348,0.0042,0.0033,1.0001,0.0112,0.0160,256,768,196608,393216,196592.2812,393184.5625,0.0000,0,0.0000,0.0000,0,0.0000,0,0.0000,0.0000,0,0.0000,0.0000,0,0,0,0,0,0,0,0,0,0,0,0,0,0,0,0,0,0,0,0,0,0,0,0,0
WG_METRICS 1419,256,768,1.0213,0.0041,0.0033,0.9781,0.0199,0.0158,256,768,196608,393216,201006.0000,402012.0000,0.0000,0,0.0000,0.0000,0,0.0000,0,0.0000,0.0000,0,0.0000,0.0000,0,0,0,0,0,0,0,0,0,0,0,0,0,0,0,0,0,0,0,0,0,0,0,0,0
WG_METRICS 1420,256,768,1.0122,0.0042,0.0032,0.9694,0.0198,0.0156,256,768,196608,393216,202822.4844,405644.9688,0.0000,0,0.0000,0.0000,0,0.0000,0,0.0000,0.0000,0,0.0000,0.0000,0,0,0,0,0,0,0,0,0,0,0,0,0,0,0,0,0,0,0,0,0,0,0,0,0
WG_METRICS 1421,256,768,1.0387,0.0042,0.0032,0.9963,0.0195,0.0155,256,768,196608,393216,197342.1094,394684.2188,0.0000,0,0.0000,0.0000,0,0.0000,0,0.0000,0.0000,0,0.0000,0.0000,0,0,0,0,0,0,0,0,0,0,0,0,0,0,0,0,0,0,0,0,0,0,0,0,0
WG_METRICS 1422,256,768,1.0359,0.0042,0.0032,1.0021,0.0106,0.0158,256,768,196608,393216,196199.9062,392399.8125,0.0000,0,0.0000,0.0000,0,0.0000,0,0.0000,0.0000,0,0.0000,0.0000,0,0,0,0,0,0,0,0,0,0,0,0,0,0,0,0,0,0,0,0,0,0,0,0,0
WG_METRICS 1423,256,768,1.0346,0.0042,0.0033,0.9912,0.0198,0.0162,256,768,196608,393216,198361.5156,396723.0312,0.0000,0,0.0000,0.0000,0,0.0000,0,0.0000,0.0000,0,0.0000,0.0000,0,0,0,0,0,0,0,0,0,0,0,0,0,0,0,0,0,0,0,0,0,0,0,0,0
WG_METRICS 1424,256,768,1.0157,0.0042,0.0032,0.9802,0.0112,0.0169,256,768,196608,393216,200587.6562,401175.3125,0.0000,0,0.0000,0.0000,0,0.0000,0,0.0000,0.0000,0,0.0000,0.0000,0,0,0,0,0,0,0,0,0,0,0,0,0,0,0,0,0,0,0,0,0,0,0,0,0
WG_METRICS 1425,256,768,1.0398,0.0042,0.0033,0.9967,0.0198,0.0158,256,768,196608,393216,197262.9062,394525.8125,0.0000,0,0.0000,0.0000,0,0.0000,0,0.0000,0.0000,0,0.0000,0.0000,0,0,0,0,0,0,0,0,0,0,0,0,0,0,0,0,0,0,0,0,0,0,0,0,0
WG_METRICS 1426,256,768,1.0214,0.0042,0.0033,0.9872,0.0112,0.0156,256,768,196608,393216,199165.2812,398330.5625,0.0000,0,0.0000,0.0000,0,0.0000,0,0.0000,0.0000,0,0.0000,0.0000,0,0,0,0,0,0,0,0,0,0,0,0,0,0,0,0,0,0,0,0,0,0,0,0,0
WG_METRICS 1427,256,768,1.0298,0.0042,0.0033,0.9952,0.0111,0.0161,256,768,196608,393216,197564.2188,395128.4375,0.0000,0,0.0000,0.0000,0,0.0000,0,0.0000,0.0000,0,0.0000,0.0000,0,0,0,0,0,0,0,0,0,0,0,0,0,0,0,0,0,0,0,0,0,0,0,0,0
WG_METRICS 1428,256,768,1.0244,0.0042,0.0033,0.9902,0.0110,0.0156,256,768,196608,393216,198545.8125,397091.6250,0.0000,0,0.0000,0.0000,0,0.0000,0,0.0000,0.0000,0,0.0000,0.0000,0,0,0,0,0,0,0,0,0,0,0,0,0,0,0,0,0,0,0,0,0,0,0,0,0
WG_METRICS 1429,256,768,1.0361,0.0042,0.0033,1.0015,0.0112,0.0159,256,768,196608,393216,196317.4531,392634.9062,0.0000,0,0.0000,0.0000,0,0.0000,0,0.0000,0.0000,0,0.0000,0.0000,0,0,0,0,0,0,0,0,0,0,0,0,0,0,0,0,0,0,0,0,0,0,0,0,0
WG_METRICS 1430,256,768,1.0276,0.0042,0.0033,0.9837,0.0195,0.0170,256,768,196608,393216,199869.8750,399739.7500,0.0000,0,0.0000,0.0000,0,0.0000,0,0.0000,0.0000,0,0.0000,0.0000,0,0,0,0,0,0,0,0,0,0,0,0,0,0,0,0,0,0,0,0,0,0,0,0,0
WG_METRICS 1431,256,768,1.0055,0.0042,0.0033,0.9715,0.0110,0.0156,256,768,196608,393216,202379.8750,404759.7500,0.0000,0,0.0000,0.0000,0,0.0000,0,0.0000,0.0000,0,0.0000,0.0000,0,0,0,0,0,0,0,0,0,0,0,0,0,0,0,0,0,0,0,0,0,0,0,0,0
WG_METRICS 1432,256,768,1.0348,0.0042,0.0033,1.0075,0.0044,0.0155,256,768,196608,393216,195148.2812,390296.5625,0.0000,0,0.0000,0.0000,0,0.0000,0,0.0000,0.0000,0,0.0000,0.0000,0,0,0,0,0,0,0,0,0,0,0,0,0,0,0,0,0,0,0,0,0,0,0,0,0
WG_METRICS 1433,256,768,1.0284,0.0042,0.0033,0.9857,0.0196,0.0157,256,768,196608,393216,199464.3281,398928.6562,0.0000,0,0.0000,0.0000,0,0.0000,0,0.0000,0.0000,0,0.0000,0.0000,0,0,0,0,0,0,0,0,0,0,0,0,0,0,0,0,0,0,0,0,0,0,0,0,0
WG_METRICS 1434,256,768,1.0384,0.0042,0.0032,1.0042,0.0112,0.0156,256,768,196608,393216,195777.8906,391555.7812,0.0000,0,0.0000,0.0000,0,0.0000,0,0.0000,0.0000,0,0.0000,0.0000,0,0,0,0,0,0,0,0,0,0,0,0,0,0,0,0,0,0,0,0,0,0,0,0,0
WG_METRICS 1435,256,768,1.0130,0.0042,0.0033,0.9816,0.0073,0.0166,256,768,196608,393216,200301.5625,400603.1250,0.0000,0,0.0000,0.0000,0,0.0000,0,0.0000,0.0000,0,0.0000,0.0000,0,0,0,0,0,0,0,0,0,0,0,0,0,0,0,0,0,0,0,0,0,0,0,0,0
WG_METRICS 1436,256,768,1.0358,0.0041,0.0033,0.9932,0.0197,0.0155,256,768,196608,393216,197954.0938,395908.1875,0.0000,0,0.0000,0.0000,0,0.0000,0,0.0000,0.0000,0,0.0000,0.0000,0,0,0,0,0,0,0,0,0,0,0,0,0,0,0,0,0,0,0,0,0,0,0,0,0
WG_METRICS 1437,256,768,1.0343,0.0042,0.0033,0.9911,0.0198,0.0159,256,768,196608,393216,198369.5312,396739.0625,0.0000,0,0.0000,0.0000,0,0.0000,0,0.0000,0.0000,0,0.0000,0.0000,0,0,0,0,0,0,0,0,0,0,0,0,0,0,0,0,0,0,0,0,0,0,0,0,0
WG_METRICS 1438,256,768,1.0284,0.0042,0.0032,0.9853,0.0196,0.0161,256,768,196608,393216,199545.3125,399090.6250,0.0000,0,0.0000,0.0000,0,0.0000,0,0.0000,0.0000,0,0.0000,0.0000,0,0,0,0,0,0,0,0,0,0,0,0,0,0,0,0,0,0,0,0,0,0,0,0,0
WG_METRICS 1439,256,768,1.0525,0.0042,0.0033,1.0092,0.0199,0.0159,256,768,196608,393216,194807.9688,389615.9375,0.0000,0,0.0000,0.0000,0,0.0000,0,0.0000,0.0000,0,0.0000,0.0000,0,0,0,0,0,0,0,0,0,0,0,0,0,0,0,0,0,0,0,0,0,0,0,0,0
WG_METRICS 1440,256,768,1.0327,0.0042,0.0032,0.9898,0.0200,0.0155,256,768,196608,393216,198634.0781,397268.1562,0.0000,0,0.0000,0.0000,0,0.0000,0,0.0000,0.0000,0,0.0000,0.0000,0,0,0,0,0,0,0,0,0,0,0,0,0,0,0,0,0,0,0,0,0,0,0,0,0
WG_METRICS 1441,256,768,1.0369,0.0042,0.0033,0.9944,0.0198,0.0153,256,768,196608,393216,197715.2031,395430.4062,0.0000,0,0.0000,0.0000,0,0.0000,0,0.0000,0.0000,0,0.0000,0.0000,0,0,0,0,0,0,0,0,0,0,0,0,0,0,0,0,0,0,0,0,0,0,0,0,0
WG_METRICS 1442,256,768,1.0222,0.0042,0.0033,0.9879,0.0111,0.0156,256,768,196608,393216,199012.0625,398024.1250,0.0000,0,0.0000,0.0000,0,0.0000,0,0.0000,0.0000,0,0.0000,0.0000,0,0,0,0,0,0,0,0,0,0,0,0,0,0,0,0,0,0,0,0,0,0,0,0,0
WG_METRICS 1443,256,768,1.0364,0.0042,0.0033,1.0020,0.0110,0.0159,256,768,196608,393216,196215.5781,392431.1562,0.0000,0,0.0000,0.0000,0,0.0000,0,0.0000,0.0000,0,0.0000,0.0000,0,0,0,0,0,0,0,0,0,0,0,0,0,0,0,0,0,0,0,0,0,0,0,0,0
WG_METRICS 1444,256,768,1.0140,0.0042,0.0033,0.9797,0.0111,0.0158,256,768,196608,393216,200685.9375,401371.8750,0.0000,0,0.0000,0.0000,0,0.0000,0,0.0000,0.0000,0,0.0000,0.0000,0,0,0,0,0,0,0,0,0,0,0,0,0,0,0,0,0,0,0,0,0,0,0,0,0
WG_METRICS 1445,256,768,1.0305,0.0042,0.0033,1.0004,0.0068,0.0158,256,768,196608,393216,196529.4062,393058.8125,0.0000,0,0.0000,0.0000,0,0.0000,0,0.0000,0.0000,0,0.0000,0.0000,0,0,0,0,0,0,0,0,0,0,0,0,0,0,0,0,0,0,0,0,0,0,0,0,0
WG_METRICS 1446,256,768,3.3245,0.0041,0.0033,0.9784,0.0237,2.3149,256,768,196608,393216,200940.2812,401880.5625,0.0000,0,0.0000,0.0000,0,0.0000,0,0.0000,0.0000,0,0.0000,0.0000,0,0,0,0,0,0,0,0,0,0,0,0,0,0,0,0,0,0,0,0,0,0,0,0,0
WG_METRICS 1447,256,768,1.0216,0.0042,0.0033,0.9789,0.0198,0.0154,256,768,196608,393216,200849.9531,401699.9062,0.0000,0,0.0000,0.0000,0,0.0000,0,0.0000,0.0000,0,0.0000,0.0000,0,0,0,0,0,0,0,0,0,0,0,0,0,0,0,0,0,0,0,0,0,0,0,0,0
WG_METRICS 1448,256,768,1.0260,0.0042,0.0033,0.9918,0.0110,0.0158,256,768,196608,393216,198241.5000,396483.0000,0.0000,0,0.0000,0.0000,0,0.0000,0,0.0000,0.0000,0,0.0000,0.0000,0,0,0,0,0,0,0,0,0,0,0,0,0,0,0,0,0,0,0,0,0,0,0,0,0
WG_METRICS 1449,256,768,1.0597,0.0042,0.0032,1.0168,0.0197,0.0158,256,768,196608,393216,193351.9531,386703.9062,0.0000,0,0.0000,0.0000,0,0.0000,0,0.0000,0.0000,0,0.0000,0.0000,0,0,0,0,0,0,0,0,0,0,0,0,0,0,0,0,0,0,0,0,0,0,0,0,0
WG_METRICS 1450,256,768,1.0518,0.0042,0.0033,1.0094,0.0196,0.0153,256,768,196608,393216,194769.3906,389538.7812,0.0000,0,0.0000,0.0000,0,0.0000,0,0.0000,0.0000,0,0.0000,0.0000,0,0,0,0,0,0,0,0,0,0,0,0,0,0,0,0,0,0,0,0,0,0,0,0,0
WG_METRICS 1451,256,768,1.0298,0.0042,0.0033,0.9871,0.0197,0.0154,256,768,196608,393216,199173.3594,398346.7188,0.0000,0,0.0000,0.0000,0,0.0000,0,0.0000,0.0000,0,0.0000,0.0000,0,0,0,0,0,0,0,0,0,0,0,0,0,0,0,0,0,0,0,0,0,0,0,0,0
WG_METRICS 1452,256,768,1.0297,0.0041,0.0033,0.9871,0.0197,0.0155,256,768,196608,393216,199181.4219,398362.8438,0.0000,0,0.0000,0.0000,0,0.0000,0,0.0000,0.0000,0,0.0000,0.0000,0,0,0,0,0,0,0,0,0,0,0,0,0,0,0,0,0,0,0,0,0,0,0,0,0
WG_METRICS 1453,256,768,1.0396,0.0042,0.0033,0.9966,0.0197,0.0158,256,768,196608,393216,197286.6719,394573.3438,0.0000,0,0.0000,0.0000,0,0.0000,0,0.0000,0.0000,0,0.0000,0.0000,0,0,0,0,0,0,0,0,0,0,0,0,0,0,0,0,0,0,0,0,0,0,0,0,0
WG_METRICS 1454,256,768,1.0315,0.0042,0.0033,0.9975,0.0110,0.0156,256,768,196608,393216,197096.7969,394193.5938,0.0000,0,0.0000,0.0000,0,0.0000,0,0.0000,0.0000,0,0.0000,0.0000,0,0,0,0,0,0,0,0,0,0,0,0,0,0,0,0,0,0,0,0,0,0,0,0,0
WG_METRICS 1455,256,768,1.0454,0.0042,0.0033,1.0029,0.0197,0.0153,256,768,196608,393216,196043.4062,392086.8125,0.0000,0,0.0000,0.0000,0,0.0000,0,0.0000,0.0000,0,0.0000,0.0000,0,0,0,0,0,0,0,0,0,0,0,0,0,0,0,0,0,0,0,0,0,0,0,0,0
WG_METRICS 1456,256,768,1.0408,0.0042,0.0033,0.9981,0.0199,0.0152,256,768,196608,393216,196978.3125,393956.6250,0.0000,0,0.0000,0.0000,0,0.0000,0,0.0000,0.0000,0,0.0000,0.0000,0,0,0,0,0,0,0,0,0,0,0,0,0,0,0,0,0,0,0,0,0,0,0,0,0
WG_METRICS 1457,256,768,1.0450,0.0042,0.0033,1.0117,0.0103,0.0156,256,768,196608,393216,194338.1250,388676.2500,0.0000,0,0.0000,0.0000,0,0.0000,0,0.0000,0.0000,0,0.0000,0.0000,0,0,0,0,0,0,0,0,0,0,0,0,0,0,0,0,0,0,0,0,0,0,0,0,0
WG_METRICS 1458,256,768,1.0923,0.0042,0.0033,1.0023,0.0408,0.0418,256,768,196608,393216,196160.7500,392321.5000,0.0000,0,0.0000,0.0000,0,0.0000,0,0.0000,0.0000,0,0.0000,0.0000,0,0,0,0,0,0,0,0,0,0,0,0,0,0,0,0,0,0,0,0,0,0,0,0,0
WG_METRICS 1459,256,768,1.0229,0.0042,0.0032,0.9803,0.0199,0.0153,256,768,196608,393216,200554.9219,401109.8438,0.0000,0,0.0000,0.0000,0,0.0000,0,0.0000,0.0000,0,0.0000,0.0000,0,0,0,0,0,0,0,0,0,0,0,0,0,0,0,0,0,0,0,0,0,0,0,0,0
WG_METRICS 1460,256,768,3.7078,0.0042,0.0032,0.9792,0.0233,2.6978,256,768,196608,393216,200784.3125,401568.6250,0.0000,0,0.0000,0.0000,0,0.0000,0,0.0000,0.0000,0,0.0000,0.0000,0,0,0,0,0,0,0,0,0,0,0,0,0,0,0,0,0,0,0,0,0,0,0,0,0
WG_METRICS 1461,256,768,1.0562,0.0042,0.0033,1.0123,0.0200,0.0164,256,768,196608,393216,194215.2656,388430.5312,0.0000,0,0.0000,0.0000,0,0.0000,0,0.0000,0.0000,0,0.0000,0.0000,0,0,0,0,0,0,0,0,0,0,0,0,0,0,0,0,0,0,0,0,0,0,0,0,0
WG_METRICS 1462,256,768,1.0371,0.0042,0.0032,0.9943,0.0198,0.0156,256,768,196608,393216,197731.1250,395462.2500,0.0000,0,0.0000,0.0000,0,0.0000,0,0.0000,0.0000,0,0.0000,0.0000,0,0,0,0,0,0,0,0,0,0,0,0,0,0,0,0,0,0,0,0,0,0,0,0,0
WG_METRICS 1463,256,768,1.0178,0.0042,0.0033,0.9826,0.0113,0.0164,256,768,196608,393216,200089.5625,400179.1250,0.0000,0,0.0000,0.0000,0,0.0000,0,0.0000,0.0000,0,0.0000,0.0000,0,0,0,0,0,0,0,0,0,0,0,0,0,0,0,0,0,0,0,0,0,0,0,0,0
WG_METRICS 1464,256,768,1.0213,0.0042,0.0032,0.9867,0.0108,0.0164,256,768,196608,393216,199262.1719,398524.3438,0.0000,0,0.0000,0.0000,0,0.0000,0,0.0000,0.0000,0,0.0000,0.0000,0,0,0,0,0,0,0,0,0,0,0,0,0,0,0,0,0,0,0,0,0,0,0,0,0
WG_METRICS 1465,256,768,1.0255,0.0042,0.0032,0.9918,0.0110,0.0152,256,768,196608,393216,198233.5156,396467.0312,0.0000,0,0.0000,0.0000,0,0.0000,0,0.0000,0.0000,0,0.0000,0.0000,0,0,0,0,0,0,0,0,0,0,0,0,0,0,0,0,0,0,0,0,0,0,0,0,0
WG_METRICS 1466,256,768,1.0287,0.0042,0.0033,0.9950,0.0110,0.0153,256,768,196608,393216,197603.9219,395207.8438,0.0000,0,0.0000,0.0000,0,0.0000,0,0.0000,0.0000,0,0.0000,0.0000,0,0,0,0,0,0,0,0,0,0,0,0,0,0,0,0,0,0,0,0,0,0,0,0,0
WG_METRICS 1467,256,768,1.0282,0.0042,0.0032,0.9852,0.0198,0.0158,256,768,196608,393216,199553.4062,399106.8125,0.0000,0,0.0000,0.0000,0,0.0000,0,0.0000,0.0000,0,0.0000,0.0000,0,0,0,0,0,0,0,0,0,0,0,0,0,0,0,0,0,0,0,0,0,0,0,0,0
WG_METRICS 1468,256,768,1.0367,0.0041,0.0033,1.0026,0.0111,0.0156,256,768,196608,393216,196090.3125,392180.6250,0.0000,0,0.0000,0.0000,0,0.0000,0,0.0000,0.0000,0,0.0000,0.0000,0,0,0,0,0,0,0,0,0,0,0,0,0,0,0,0,0,0,0,0,0,0,0,0,0
WG_METRICS 1469,256,768,1.0464,0.0042,0.0033,1.0034,0.0198,0.0157,256,768,196608,393216,195933.9844,391867.9688,0.0000,0,0.0000,0.0000,0,0.0000,0,0.0000,0.0000,0,0.0000,0.0000,0,0,0,0,0,0,0,0,0,0,0,0,0,0,0,0,0,0,0,0,0,0,0,0,0
WG_METRICS 1470,256,768,1.0194,0.0042,0.0033,0.9765,0.0200,0.0155,256,768,196608,393216,201343.5938,402687.1875,0.0000,0,0.0000,0.0000,0,0.0000,0,0.0000,0.0000,0,0.0000,0.0000,0,0,0,0,0,0,0,0,0,0,0,0,0,0,0,0,0,0,0,0,0,0,0,0,0
WG_METRICS 1471,256,768,1.0262,0.0042,0.0032,0.9834,0.0199,0.0154,256,768,196608,393216,199918.6562,399837.3125,0.0000,0,0.0000,0.0000,0,0.0000,0,0.0000,0.0000,0,0.0000,0.0000,0,0,0,0,0,0,0,0,0,0,0,0,0,0,0,0,0,0,0,0,0,0,0,0,0
WG_METRICS 1472,256,768,1.0361,0.0042,0.0033,1.0011,0.0111,0.0164,256,768,196608,393216,196388.0469,392776.0938,0.0000,0,0.0000,0.0000,0,0.0000,0,0.0000,0.0000,0,0.0000,0.0000,0,0,0,0,0,0,0,0,0,0,0,0,0,0,0,0,0,0,0,0,0,0,0,0,0
WG_METRICS 1473,256,768,1.0300,0.0042,0.0032,0.9956,0.0111,0.0159,256,768,196608,393216,197476.9062,394953.8125,0.0000,0,0.0000,0.0000,0,0.0000,0,0.0000,0.0000,0,0.0000,0.0000,0,0,0,0,0,0,0,0,0,0,0,0,0,0,0,0,0,0,0,0,0,0,0,0,0
WG_METRICS 1474,256,768,1.0226,0.0042,0.0032,0.9888,0.0111,0.0153,256,768,196608,393216,198843.0000,397686.0000,0.0000,0,0.0000,0.0000,0,0.0000,0,0.0000,0.0000,0,0.0000,0.0000,0,0,0,0,0,0,0,0,0,0,0,0,0,0,0,0,0,0,0,0,0,0,0,0,0
WG_METRICS 1475,256,768,1.0416,0.0041,0.0033,0.9980,0.0198,0.0163,256,768,196608,393216,197002.0000,394004.0000,0.0000,0,0.0000,0.0000,0,0.0000,0,0.0000,0.0000,0,0.0000,0.0000,0,0,0,0,0,0,0,0,0,0,0,0,0,0,0,0,0,0,0,0,0,0,0,0,0
WG_METRICS 1476,256,768,1.0297,0.0042,0.0032,0.9863,0.0198,0.0161,256,768,196608,393216,199334.8906,398669.7812,0.0000,0,0.0000,0.0000,0,0.0000,0,0.0000,0.0000,0,0.0000,0.0000,0,0,0,0,0,0,0,0,0,0,0,0,0,0,0,0,0,0,0,0,0,0,0,0,0
WG_METRICS 1477,256,768,1.0316,0.0041,0.0033,0.9890,0.0198,0.0154,256,768,196608,393216,198794.7344,397589.4688,0.0000,0,0.0000,0.0000,0,0.0000,0,0.0000,0.0000,0,0.0000,0.0000,0,0,0,0,0,0,0,0,0,0,0,0,0,0,0,0,0,0,0,0,0,0,0,0,0
WG_METRICS 1478,256,768,1.0448,0.0043,0.0032,1.0020,0.0197,0.0156,256,768,196608,393216,196215.5781,392431.1562,0.0000,0,0.0000,0.0000,0,0.0000,0,0.0000,0.0000,0,0.0000,0.0000,0,0,0,0,0,0,0,0,0,0,0,0,0,0,0,0,0,0,0,0,0,0,0,0,0
WG_METRICS 1479,256,768,1.0165,0.0042,0.0032,0.9823,0.0111,0.0157,256,768,196608,393216,200154.7344,400309.4688,0.0000,0,0.0000,0.0000,0,0.0000,0,0.0000,0.0000,0,0.0000,0.0000,0,0,0,0,0,0,0,0,0,0,0,0,0,0,0,0,0,0,0,0,0,0,0,0,0
WG_METRICS 1480,256,768,1.0356,0.0042,0.0033,0.9932,0.0197,0.0153,256,768,196608,393216,197946.1094,395892.2188,0.0000,0,0.0000,0.0000,0,0.0000,0,0.0000,0.0000,0,0.0000,0.0000,0,0,0,0,0,0,0,0,0,0,0,0,0,0,0,0,0,0,0,0,0,0,0,0,0
WG_METRICS 1481,256,768,1.0514,0.0042,0.0033,1.0086,0.0198,0.0155,256,768,196608,393216,194931.5938,389863.1875,0.0000,0,0.0000,0.0000,0,0.0000,0,0.0000,0.0000,0,0.0000,0.0000,0,0,0,0,0,0,0,0,0,0,0,0,0,0,0,0,0,0,0,0,0,0,0,0,0
WG_METRICS 1482,256,768,1.0371,0.0042,0.0033,0.9945,0.0198,0.0153,256,768,196608,393216,197691.3438,395382.6875,0.0000,0,0.0000,0.0000,0,0.0000,0,0.0000,0.0000,0,0.0000,0.0000,0,0,0,0,0,0,0,0,0,0,0,0,0,0,0,0,0,0,0,0,0,0,0,0,0
WG_METRICS 1483,256,768,1.0167,0.0042,0.0033,0.9828,0.0112,0.0153,256,768,196608,393216,200056.9844,400113.9688,0.0000,0,0.0000,0.0000,0,0.0000,0,0.0000,0.0000,0,0.0000,0.0000,0,0,0,0,0,0,0,0,0,0,0,0,0,0,0,0,0,0,0,0,0,0,0,0,0
WG_METRICS 1484,256,768,1.0139,0.0041,0.0033,0.9836,0.0068,0.0162,256,768,196608,393216,199886.1250,399772.2500,0.0000,0,0.0000,0.0000,0,0.0000,0,0.0000,0.0000,0,0.0000,0.0000,0,0,0,0,0,0,0,0,0,0,0,0,0,0,0,0,0,0,0,0,0,0,0,0,0
WG_METRICS 1485,256,768,1.0190,0.0042,0.0033,0.9762,0.0197,0.0156,256,768,196608,393216,201401.3594,402802.7188,0.0000,0,0.0000,0.0000,0,0.0000,0,0.0000,0.0000,0,0.0000,0.0000,0,0,0,0,0,0,0,0,0,0,0,0,0,0,0,0,0,0,0,0,0,0,0,0,0
WG_METRICS 1486,256,768,1.0336,0.0042,0.0033,0.9905,0.0196,0.0160,256,768,196608,393216,198489.6875,396979.3750,0.0000,0,0.0000,0.0000,0,0.0000,0,0.0000,0.0000,0,0.0000,0.0000,0,0,0,0,0,0,0,0,0,0,0,0,0,0,0,0,0,0,0,0,0,0,0,0,0
WG_METRICS 1487,256,768,1.0221,0.0041,0.0033,0.9793,0.0196,0.0158,256,768,196608,393216,200767.9062,401535.8125,0.0000,0,0.0000,0.0000,0,0.0000,0,0.0000,0.0000,0,0.0000,0.0000,0,0,0,0,0,0,0,0,0,0,0,0,0,0,0,0,0,0,0,0,0,0,0,0,0
WG_METRICS 1488,256,768,1.0270,0.0041,0.0033,0.9932,0.0112,0.0153,256,768,196608,393216,197962.0625,395924.1250,0.0000,0,0.0000,0.0000,0,0.0000,0,0.0000,0.0000,0,0.0000,0.0000,0,0,0,0,0,0,0,0,0,0,0,0,0,0,0,0,0,0,0,0,0,0,0,0,0
WG_METRICS 1489,256,768,1.0133,0.0041,0.0032,0.9790,0.0109,0.0160,256,768,196608,393216,200825.3438,401650.6875,0.0000,0,0.0000,0.0000,0,0.0000,0,0.0000,0.0000,0,0.0000,0.0000,0,0,0,0,0,0,0,0,0,0,0,0,0,0,0,0,0,0,0,0,0,0,0,0,0
WG_METRICS 1490,256,768,1.0400,0.0042,0.0033,0.9974,0.0197,0.0154,256,768,196608,393216,197128.4219,394256.8438,0.0000,0,0.0000,0.0000,0,0.0000,0,0.0000,0.0000,0,0.0000,0.0000,0,0,0,0,0,0,0,0,0,0,0,0,0,0,0,0,0,0,0,0,0,0,0,0,0
WG_METRICS 1491,256,768,1.0269,0.0042,0.0032,0.9929,0.0110,0.0156,256,768,196608,393216,198009.9062,396019.8125,0.0000,0,0.0000,0.0000,0,0.0000,0,0.0000,0.0000,0,0.0000,0.0000,0,0,0,0,0,0,0,0,0,0,0,0,0,0,0,0,0,0,0,0,0,0,0,0,0
WG_METRICS 1492,256,768,1.0253,0.0042,0.0032,0.9828,0.0197,0.0154,256,768,196608,393216,200056.9844,400113.9688,0.0000,0,0.0000,0.0000,0,0.0000,0,0.0000,0.0000,0,0.0000,0.0000,0,0,0,0,0,0,0,0,0,0,0,0,0,0,0,0,0,0,0,0,0,0,0,0,0
WG_METRICS 1493,256,768,1.0367,0.0041,0.0033,0.9942,0.0197,0.0154,256,768,196608,393216,197747.0312,395494.0625,0.0000,0,0.0000,0.0000,0,0.0000,0,0.0000,0.0000,0,0.0000,0.0000,0,0,0,0,0,0,0,0,0,0,0,0,0,0,0,0,0,0,0,0,0,0,0,0,0
WG_METRICS 1494,256,768,1.0306,0.0042,0.0033,0.9966,0.0110,0.0155,256,768,196608,393216,197270.8281,394541.6562,0.0000,0,0.0000,0.0000,0,0.0000,0,0.0000,0.0000,0,0.0000,0.0000,0,0,0,0,0,0,0,0,0,0,0,0,0,0,0,0,0,0,0,0,0,0,0,0,0
WG_METRICS 1495,256,768,1.0276,0.0042,0.0033,0.9849,0.0198,0.0155,256,768,196608,393216,199618.2344,399236.4688,0.0000,0,0.0000,0.0000,0,0.0000,0,0.0000,0.0000,0,0.0000,0.0000,0,0,0,0,0,0,0,0,0,0,0,0,0,0,0,0,0,0,0,0,0,0,0,0,0
WG_METRICS 1496,256,768,1.0316,0.0042,0.0033,0.9886,0.0199,0.0156,256,768,196608,393216,198883.2188,397766.4375,0.0000,0,0.0000,0.0000,0,0.0000,0,0.0000,0.0000,0,0.0000,0.0000,0,0,0,0,0,0,0,0,0,0,0,0,0,0,0,0,0,0,0,0,0,0,0,0,0
WG_METRICS 1497,256,768,1.0170,0.0043,0.0032,0.9828,0.0113,0.0154,256,768,196608,393216,200040.7031,400081.4062,0.0000,0,0.0000,0.0000,0,0.0000,0,0.0000,0.0000,0,0.0000,0.0000,0,0,0,0,0,0,0,0,0,0,0,0,0,0,0,0,0,0,0,0,0,0,0,0,0
WG_METRICS 1498,256,768,1.0287,0.0042,0.0033,0.9902,0.0153,0.0157,256,768,196608,393216,198545.8125,397091.6250,0.0000,0,0.0000,0.0000,0,0.0000,0,0.0000,0.0000,0,0.0000,0.0000,0,0,0,0,0,0,0,0,0,0,0,0,0,0,0,0,0,0,0,0,0,0,0,0,0
WG_METRICS 1499,256,768,1.0182,0.0042,0.0033,0.9835,0.0112,0.0159,256,768,196608,393216,199902.3906,399804.7812,0.0000,0,0.0000,0.0000,0,0.0000,0,0.0000,0.0000,0,0.0000,0.0000,0,0,0,0,0,0,0,0,0,0,0,0,0,0,0,0,0,0,0,0,0,0,0,0,0
WG_METRICS 1500,256,768,1.0382,0.0041,0.0033,1.0042,0.0112,0.0154,256,768,196608,393216,195793.4844,391586.9688,0.0000,0,0.0000,0.0000,0,0.0000,0,0.0000,0.0000,0,0.0000,0.0000,0,0,0,0,0,0,0,0,0,0,0,0,0,0,0,0,0,0,0,0,0,0,0,0,0
WG_METRICS 1501,256,768,1.0147,0.0042,0.0033,0.9851,0.0066,0.0155,256,768,196608,393216,199577.7188,399155.4375,0.0000,0,0.0000,0.0000,0,0.0000,0,0.0000,0.0000,0,0.0000,0.0000,0,0,0,0,0,0,0,0,0,0,0,0,0,0,0,0,0,0,0,0,0,0,0,0,0
WG_METRICS 1502,256,768,1.0491,0.0042,0.0032,1.0146,0.0112,0.0158,256,768,196608,393216,193771.1875,387542.3750,0.0000,0,0.0000,0.0000,0,0.0000,0,0.0000,0.0000,0,0.0000,0.0000,0,0,0,0,0,0,0,0,0,0,0,0,0,0,0,0,0,0,0,0,0,0,0,0,0
WG_METRICS 1503,256,768,1.0348,0.0041,0.0033,0.9926,0.0196,0.0153,256,768,196608,393216,198073.7344,396147.4688,0.0000,0,0.0000,0.0000,0,0.0000,0,0.0000,0.0000,0,0.0000,0.0000,0,0,0,0,0,0,0,0,0,0,0,0,0,0,0,0,0,0,0,0,0,0,0,0,0
WG_METRICS 1504,256,768,1.0348,0.0042,0.0032,0.9916,0.0198,0.0160,256,768,196608,393216,198265.5000,396531.0000,0.0000,0,0.0000,0.0000,0,0.0000,0,0.0000,0.0000,0,0.0000,0.0000,0,0,0,0,0,0,0,0,0,0,0,0,0,0,0,0,0,0,0,0,0,0,0,0,0
WG_METRICS 1505,256,768,1.0308,0.0042,0.0033,0.9884,0.0196,0.0153,256,768,196608,393216,198923.4688,397846.9375,0.0000,0,0.0000,0.0000,0,0.0000,0,0.0000,0.0000,0,0.0000,0.0000,0,0,0,0,0,0,0,0,0,0,0,0,0,0,0,0,0,0,0,0,0,0,0,0,0
WG_METRICS 1506,256,768,1.0296,0.0042,0.0033,0.9864,0.0198,0.0158,256,768,196608,393216,199310.6562,398621.3125,0.0000,0,0.0000,0.0000,0,0.0000,0,0.0000,0.0000,0,0.0000,0.0000,0,0,0,0,0,0,0,0,0,0,0,0,0,0,0,0,0,0,0,0,0,0,0,0,0
WG_METRICS 1507,256,768,1.0272,0.0042,0.0033,0.9923,0.0112,0.0161,256,768,196608,393216,198137.6250,396275.2500,0.0000,0,0.0000,0.0000,0,0.0000,0,0.0000,0.0000,0,0.0000,0.0000,0,0,0,0,0,0,0,0,0,0,0,0,0,0,0,0,0,0,0,0,0,0,0,0,0
WG_METRICS 1508,256,768,1.0416,0.0042,0.0032,0.9988,0.0200,0.0154,256,768,196608,393216,196844.2188,393688.4375,0.0000,0,0.0000,0.0000,0,0.0000,0,0.0000,0.0000,0,0.0000,0.0000,0,0,0,0,0,0,0,0,0,0,0,0,0,0,0,0,0,0,0,0,0,0,0,0,0
WG_METRICS 1509,256,768,1.0233,0.0042,0.0032,0.9809,0.0197,0.0153,256,768,196608,393216,200440.4219,400880.8438,0.0000,0,0.0000,0.0000,0,0.0000,0,0.0000,0.0000,0,0.0000,0.0000,0,0,0,0,0,0,0,0,0,0,0,0,0,0,0,0,0,0,0,0,0,0,0,0,0
WG_METRICS 1510,256,768,1.0279,0.0041,0.0032,0.9930,0.0113,0.0162,256,768,196608,393216,197993.9688,395987.9375,0.0000,0,0.0000,0.0000,0,0.0000,0,0.0000,0.0000,0,0.0000,0.0000,0,0,0,0,0,0,0,0,0,0,0,0,0,0,0,0,0,0,0,0,0,0,0,0,0
WG_METRICS 1511,256,768,1.0439,0.0042,0.0032,1.0013,0.0196,0.0156,256,768,196608,393216,196356.6719,392713.3438,0.0000,0,0.0000,0.0000,0,0.0000,0,0.0000,0.0000,0,0.0000,0.0000,0,0,0,0,0,0,0,0,0,0,0,0,0,0,0,0,0,0,0,0,0,0,0,0,0
WG_METRICS 1512,256,768,1.0218,0.0042,0.0033,0.9921,0.0068,0.0155,256,768,196608,393216,198177.5781,396355.1562,0.0000,0,0.0000,0.0000,0,0.0000,0,0.0000,0.0000,0,0.0000,0.0000,0,0,0,0,0,0,0,0,0,0,0,0,0,0,0,0,0,0,0,0,0,0,0,0,0
WG_METRICS 1513,256,768,1.0148,0.0042,0.0032,0.9810,0.0110,0.0154,256,768,196608,393216,200424.0781,400848.1562,0.0000,0,0.0000,0.0000,0,0.0000,0,0.0000,0.0000,0,0.0000,0.0000,0,0,0,0,0,0,0,0,0,0,0,0,0,0,0,0,0,0,0,0,0,0,0,0,0
WG_METRICS 1514,256,768,1.0234,0.0041,0.0033,0.9896,0.0111,0.0154,256,768,196608,393216,198682.2344,397364.4688,0.0000,0,0.0000,0.0000,0,0.0000,0,0.0000,0.0000,0,0.0000,0.0000,0,0,0,0,0,0,0,0,0,0,0,0,0,0,0,0,0,0,0,0,0,0,0,0,0
WG_METRICS 1515,256,768,1.0292,0.0046,0.0033,0.9850,0.0198,0.0166,256,768,196608,393216,199610.1250,399220.2500,0.0000,0,0.0000,0.0000,0,0.0000,0,0.0000,0.0000,0,0.0000,0.0000,0,0,0,0,0,0,0,0,0,0,0,0,0,0,0,0,0,0,0,0,0,0,0,0,0
WG_METRICS 1516,256,768,1.0234,0.0042,0.0033,0.9806,0.0198,0.0156,256,768,196608,393216,200497.6562,400995.3125,0.0000,0,0.0000,0.0000,0,0.0000,0,0.0000,0.0000,0,0.0000,0.0000,0,0,0,0,0,0,0,0,0,0,0,0,0,0,0,0,0,0,0,0,0,0,0,0,0
WG_METRICS 1517,256,768,1.0344,0.0041,0.0033,0.9919,0.0197,0.0154,256,768,196608,393216,198217.5312,396435.0625,0.0000,0,0.0000,0.0000,0,0.0000,0,0.0000,0.0000,0,0.0000,0.0000,0,0,0,0,0,0,0,0,0,0,0,0,0,0,0,0,0,0,0,0,0,0,0,0,0
WG_METRICS 1518,256,768,1.0286,0.0041,0.0033,0.9854,0.0198,0.0160,256,768,196608,393216,199521.0000,399042.0000,0.0000,0,0.0000,0.0000,0,0.0000,0,0.0000,0.0000,0,0.0000,0.0000,0,0,0,0,0,0,0,0,0,0,0,0,0,0,0,0,0,0,0,0,0,0,0,0,0
WG_METRICS 1519,256,768,1.0394,0.0041,0.0033,0.9969,0.0199,0.0153,256,768,196608,393216,197223.3438,394446.6875,0.0000,0,0.0000,0.0000,0,0.0000,0,0.0000,0.0000,0,0.0000,0.0000,0,0,0,0,0,0,0,0,0,0,0,0,0,0,0,0,0,0,0,0,0,0,0,0,0
WG_METRICS 1520,256,768,1.0319,0.0042,0.0033,0.9980,0.0110,0.0155,256,768,196608,393216,197009.9062,394019.8125,0.0000,0,0.0000,0.0000,0,0.0000,0,0.0000,0.0000,0,0.0000,0.0000,0,0,0,0,0,0,0,0,0,0,0,0,0,0,0,0,0,0,0,0,0,0,0,0,0
WG_METRICS 1521,256,768,1.0527,0.0042,0.0032,1.0096,0.0199,0.0157,256,768,196608,393216,194730.7969,389461.5938,0.0000,0,0.0000,0.0000,0,0.0000,0,0.0000,0.0000,0,0.0000,0.0000,0,0,0,0,0,0,0,0,0,0,0,0,0,0,0,0,0,0,0,0,0,0,0,0,0
WG_METRICS 1522,256,768,1.0347,0.0041,0.0032,0.9913,0.0197,0.0164,256,768,196608,393216,198337.5000,396675.0000,0.0000,0,0.0000,0.0000,0,0.0000,0,0.0000,0.0000,0,0.0000,0.0000,0,0,0,0,0,0,0,0,0,0,0,0,0,0,0,0,0,0,0,0,0,0,0,0,0
WG_METRICS 1523,256,768,1.0126,0.0043,0.0033,0.9735,0.0162,0.0154,256,768,196608,393216,201964.0938,403928.1875,0.0000,0,0.0000,0.0000,0,0.0000,0,0.0000,0.0000,0,0.0000,0.0000,0,0,0,0,0,0,0,0,0,0,0,0,0,0,0,0,0,0,0,0,0,0,0,0,0
WG_METRICS 1524,256,768,1.0324,0.0042,0.0033,0.9928,0.0162,0.0158,256,768,196608,393216,198025.8594,396051.7188,0.0000,0,0.0000,0.0000,0,0.0000,0,0.0000,0.0000,0,0.0000,0.0000,0,0,0,0,0,0,0,0,0,0,0,0,0,0,0,0,0,0,0,0,0,0,0,0,0
WG_METRICS 1525,256,768,1.0244,0.0042,0.0032,0.9905,0.0111,0.0154,256,768,196608,393216,198489.6875,396979.3750,0.0000,0,0.0000,0.0000,0,0.0000,0,0.0000,0.0000,0,0.0000,0.0000,0,0,0,0,0,0,0,0,0,0,0,0,0,0,0,0,0,0,0,0,0,0,0,0,0
WG_METRICS 1526,256,768,1.0225,0.0042,0.0033,0.9833,0.0162,0.0155,256,768,196608,393216,199951.1875,399902.3750,0.0000,0,0.0000,0.0000,0,0.0000,0,0.0000,0.0000,0,0.0000,0.0000,0,0,0,0,0,0,0,0,0,0,0,0,0,0,0,0,0,0,0,0,0,0,0,0,0
WG_METRICS 1527,256,768,1.0334,0.0042,0.0033,0.9993,0.0113,0.0154,256,768,196608,393216,196741.7969,393483.5938,0.0000,0,0.0000,0.0000,0,0.0000,0,0.0000,0.0000,0,0.0000,0.0000,0,0,0,0,0,0,0,0,0,0,0,0,0,0,0,0,0,0,0,0,0,0,0,0,0
WG_METRICS 1528,256,768,1.0245,0.0042,0.0033,0.9865,0.0148,0.0158,256,768,196608,393216,199302.5781,398605.1562,0.0000,0,0.0000,0.0000,0,0.0000,0,0.0000,0.0000,0,0.0000,0.0000,0,0,0,0,0,0,0,0,0,0,0,0,0,0,0,0,0,0,0,0,0,0,0,0,0
WG_METRICS 1529,256,768,1.0394,0.0042,0.0033,1.0006,0.0162,0.0152,256,768,196608,393216,196490.1094,392980.2188,0.0000,0,0.0000,0.0000,0,0.0000,0,0.0000,0.0000,0,0.0000,0.0000,0,0,0,0,0,0,0,0,0,0,0,0,0,0,0,0,0,0,0,0,0,0,0,0,0
WG_METRICS 1530,256,768,1.0290,0.0041,0.0033,0.9948,0.0113,0.0156,256,768,196608,393216,197643.6562,395287.3125,0.0000,0,0.0000,0.0000,0,0.0000,0,0.0000,0.0000,0,0.0000,0.0000,0,0,0,0,0,0,0,0,0,0,0,0,0,0,0,0,0,0,0,0,0,0,0,0,0
WG_METRICS 1531,256,768,1.0306,0.0042,0.0032,0.9918,0.0161,0.0153,256,768,196608,393216,198241.5000,396483.0000,0.0000,0,0.0000,0.0000,0,0.0000,0,0.0000,0.0000,0,0.0000,0.0000,0,0,0,0,0,0,0,0,0,0,0,0,0,0,0,0,0,0,0,0,0,0,0,0,0
WG_METRICS 1532,256,768,1.0145,0.0042,0.0032,0.9753,0.0162,0.0156,256,768,196608,393216,201591.3438,403182.6875,0.0000,0,0.0000,0.0000,0,0.0000,0,0.0000,0.0000,0,0.0000,0.0000,0,0,0,0,0,0,0,0,0,0,0,0,0,0,0,0,0,0,0,0,0,0,0,0,0
WG_METRICS 1533,256,768,1.0200,0.0041,0.0033,0.9904,0.0067,0.0155,256,768,196608,393216,198505.7188,397011.4375,0.0000,0,0.0000,0.0000,0,0.0000,0,0.0000,0.0000,0,0.0000,0.0000,0,0,0,0,0,0,0,0,0,0,0,0,0,0,0,0,0,0,0,0,0,0,0,0,0
WG_METRICS 1534,256,768,1.0307,0.0042,0.0033,0.9917,0.0162,0.0154,256,768,196608,393216,198257.5000,396515.0000,0.0000,0,0.0000,0.0000,0,0.0000,0,0.0000,0.0000,0,0.0000,0.0000,0,0,0,0,0,0,0,0,0,0,0,0,0,0,0,0,0,0,0,0,0,0,0,0,0
WG_METRICS 1535,256,768,1.0356,0.0042,0.0033,1.0060,0.0068,0.0153,256,768,196608,393216,195435.3750,390870.7500,0.0000,0,0.0000,0.0000,0,0.0000,0,0.0000,0.0000,0,0.0000,0.0000,0,0,0,0,0,0,0,0,0,0,0,0,0,0,0,0,0,0,0,0,0,0,0,0,0
WG_METRICS 1536,256,768,1.0390,0.0042,0.0033,0.9996,0.0162,0.0156,256,768,196608,393216,196678.8125,393357.6250,0.0000,0,0.0000,0.0000,0,0.0000,0,0.0000,0.0000,0,0.0000,0.0000,0,0,0,0,0,0,0,0,0,0,0,0,0,0,0,0,0,0,0,0,0,0,0,0,0
WG_METRICS 1537,256,768,1.0177,0.0042,0.0033,0.9789,0.0161,0.0153,256,768,196608,393216,200849.9531,401699.9062,0.0000,0,0.0000,0.0000,0,0.0000,0,0.0000,0.0000,0,0.0000,0.0000,0,0,0,0,0,0,0,0,0,0,0,0,0,0,0,0,0,0,0,0,0,0,0,0,0
WG_METRICS 1538,256,768,1.0473,0.0042,0.0033,1.0135,0.0110,0.0154,256,768,196608,393216,193992.9844,387985.9688,0.0000,0,0.0000,0.0000,0,0.0000,0,0.0000,0.0000,0,0.0000,0.0000,0,0,0,0,0,0,0,0,0,0,0,0,0,0,0,0,0,0,0,0,0,0,0,0,0
WG_METRICS 1539,256,768,1.0199,0.0042,0.0033,0.9806,0.0162,0.0157,256,768,196608,393216,200489.4844,400978.9688,0.0000,0,0.0000,0.0000,0,0.0000,0,0.0000,0.0000,0,0.0000,0.0000,0,0,0,0,0,0,0,0,0,0,0,0,0,0,0,0,0,0,0,0,0,0,0,0,0
WG_METRICS 1540,256,768,1.0255,0.0042,0.0033,0.9864,0.0162,0.0154,256,768,196608,393216,199326.8125,398653.6250,0.0000,0,0.0000,0.0000,0,0.0000,0,0.0000,0.0000,0,0.0000,0.0000,0,0,0,0,0,0,0,0,0,0,0,0,0,0,0,0,0,0,0,0,0,0,0,0,0
WG_METRICS 1541,256,768,1.0377,0.0042,0.0032,0.9985,0.0156,0.0162,256,768,196608,393216,196907.2969,393814.5938,0.0000,0,0.0000,0.0000,0,0.0000,0,0.0000,0.0000,0,0.0000,0.0000,0,0,0,0,0,0,0,0,0,0,0,0,0,0,0,0,0,0,0,0,0,0,0,0,0
WG_METRICS 1542,256,768,1.0177,0.0042,0.0032,0.9786,0.0162,0.0154,256,768,196608,393216,200899.2031,401798.4062,0.0000,0,0.0000,0.0000,0,0.0000,0,0.0000,0.0000,0,0.0000,0.0000,0,0,0,0,0,0,0,0,0,0,0,0,0,0,0,0,0,0,0,0,0,0,0,0,0
WG_METRICS 1543,256,768,1.0173,0.0042,0.0033,0.9901,0.0044,0.0154,256,768,196608,393216,198577.8906,397155.7812,0.0000,0,0.0000,0.0000,0,0.0000,0,0.0000,0.0000,0,0.0000,0.0000,0,0,0,0,0,0,0,0,0,0,0,0,0,0,0,0,0,0,0,0,0,0,0,0,0
WG_METRICS 1544,256,768,1.0100,0.0042,0.0032,0.9796,0.0074,0.0156,256,768,196608,393216,200702.3281,401404.6562,0.0000,0,0.0000,0.0000,0,0.0000,0,0.0000,0.0000,0,0.0000,0.0000,0,0,0,0,0,0,0,0,0,0,0,0,0,0,0,0,0,0,0,0,0,0,0,0,0
WG_METRICS 1545,256,768,1.0339,0.0042,0.0033,0.9950,0.0161,0.0153,256,768,196608,393216,197595.9844,395191.9688,0.0000,0,0.0000,0.0000,0,0.0000,0,0.0000,0.0000,0,0.0000,0.0000,0,0,0,0,0,0,0,0,0,0,0,0,0,0,0,0,0,0,0,0,0,0,0,0,0
WG_METRICS 1546,256,768,1.0276,0.0042,0.0033,0.9934,0.0112,0.0156,256,768,196608,393216,197922.2031,395844.4062,0.0000,0,0.0000,0.0000,0,0.0000,0,0.0000,0.0000,0,0.0000,0.0000,0,0,0,0,0,0,0,0,0,0,0,0,0,0,0,0,0,0,0,0,0,0,0,0,0
WG_METRICS 1547,256,768,1.0305,0.0042,0.0033,0.9876,0.0199,0.0156,256,768,196608,393216,199076.5469,398153.0938,0.0000,0,0.0000,0.0000,0,0.0000,0,0.0000,0.0000,0,0.0000,0.0000,0,0,0,0,0,0,0,0,0,0,0,0,0,0,0,0,0,0,0,0,0,0,0,0,0
WG_METRICS 1548,256,768,1.0469,0.0041,0.0033,1.0043,0.0198,0.0155,256,768,196608,393216,195770.1094,391540.2188,0.0000,0,0.0000,0.0000,0,0.0000,0,0.0000,0.0000,0,0.0000,0.0000,0,0,0,0,0,0,0,0,0,0,0,0,0,0,0,0,0,0,0,0,0,0,0,0,0
WG_METRICS 1549,256,768,1.0370,0.0042,0.0032,0.9943,0.0198,0.0154,256,768,196608,393216,197731.1250,395462.2500,0.0000,0,0.0000,0.0000,0,0.0000,0,0.0000,0.0000,0,0.0000,0.0000,0,0,0,0,0,0,0,0,0,0,0,0,0,0,0,0,0,0,0,0,0,0,0,0,0
WG_METRICS 1550,256,768,1.0259,0.0041,0.0033,0.9917,0.0111,0.0156,256,768,196608,393216,198249.5000,396499.0000,0.0000,0,0.0000,0.0000,0,0.0000,0,0.0000,0.0000,0,0.0000,0.0000,0,0,0,0,0,0,0,0,0,0,0,0,0,0,0,0,0,0,0,0,0,0,0,0,0
WG_METRICS 1551,256,768,1.0265,0.0042,0.0033,0.9840,0.0198,0.0153,256,768,196608,393216,199813.0000,399626.0000,0.0000,0,0.0000,0.0000,0,0.0000,0,0.0000,0.0000,0,0.0000,0.0000,0,0,0,0,0,0,0,0,0,0,0,0,0,0,0,0,0,0,0,0,0,0,0,0,0
WG_METRICS 1552,256,768,1.0225,0.0041,0.0033,0.9799,0.0199,0.0154,256,768,196608,393216,200644.9844,401289.9688,0.0000,0,0.0000,0.0000,0,0.0000,0,0.0000,0.0000,0,0.0000,0.0000,0,0,0,0,0,0,0,0,0,0,0,0,0,0,0,0,0,0,0,0,0,0,0,0,0
WG_METRICS 1553,256,768,1.0268,0.0042,0.0033,0.9834,0.0198,0.0163,256,768,196608,393216,199934.9219,399869.8438,0.0000,0,0.0000,0.0000,0,0.0000,0,0.0000,0.0000,0,0.0000,0.0000,0,0,0,0,0,0,0,0,0,0,0,0,0,0,0,0,0,0,0,0,0,0,0,0,0
WG_METRICS 1554,256,768,1.0219,0.0044,0.0032,0.9878,0.0112,0.0153,256,768,196608,393216,199036.2344,398072.4688,0.0000,0,0.0000,0.0000,0,0.0000,0,0.0000,0.0000,0,0.0000,0.0000,0,0,0,0,0,0,0,0,0,0,0,0,0,0,0,0,0,0,0,0,0,0,0,0,0
WG_METRICS 1555,256,768,1.0161,0.0042,0.0033,0.9821,0.0109,0.0157,256,768,196608,393216,200195.5000,400391.0000,0.0000,0,0.0000,0.0000,0,0.0000,0,0.0000,0.0000,0,0.0000,0.0000,0,0,0,0,0,0,0,0,0,0,0,0,0,0,0,0,0,0,0,0,0,0,0,0,0
WG_METRICS 1556,256,768,1.0320,0.0042,0.0033,0.9894,0.0197,0.0154,256,768,196608,393216,198714.3594,397428.7188,0.0000,0,0.0000,0.0000,0,0.0000,0,0.0000,0.0000,0,0.0000,0.0000,0,0,0,0,0,0,0,0,0,0,0,0,0,0,0,0,0,0,0,0,0,0,0,0,0
WG_METRICS 1557,256,768,1.0208,0.0041,0.0033,0.9781,0.0199,0.0155,256,768,196608,393216,201014.2344,402028.4688,0.0000,0,0.0000,0.0000,0,0.0000,0,0.0000,0.0000,0,0.0000,0.0000,0,0,0,0,0,0,0,0,0,0,0,0,0,0,0,0,0,0,0,0,0,0,0,0,0
WG_METRICS 1558,256,768,1.0646,0.0041,0.0033,1.0216,0.0198,0.0158,256,768,196608,393216,192458.5938,384917.1875,0.0000,0,0.0000,0.0000,0,0.0000,0,0.0000,0.0000,0,0.0000,0.0000,0,0,0,0,0,0,0,0,0,0,0,0,0,0,0,0,0,0,0,0,0,0,0,0,0
WG_METRICS 1559,256,768,1.0471,0.0042,0.0032,1.0046,0.0197,0.0153,256,768,196608,393216,195699.9531,391399.9062,0.0000,0,0.0000,0.0000,0,0.0000,0,0.0000,0.0000,0,0.0000,0.0000,0,0,0,0,0,0,0,0,0,0,0,0,0,0,0,0,0,0,0,0,0,0,0,0,0
WG_METRICS 1560,256,768,1.0335,0.0042,0.0033,0.9908,0.0198,0.0155,256,768,196608,393216,198425.5781,396851.1562,0.0000,0,0.0000,0.0000,0,0.0000,0,0.0000,0.0000,0,0.0000,0.0000,0,0,0,0,0,0,0,0,0,0,0,0,0,0,0,0,0,0,0,0,0,0,0,0,0
WG_METRICS 1561,256,768,1.0370,0.0042,0.0032,0.9944,0.0197,0.0155,256,768,196608,393216,197715.2031,395430.4062,0.0000,0,0.0000,0.0000,0,0.0000,0,0.0000,0.0000,0,0.0000,0.0000,0,0,0,0,0,0,0,0,0,0,0,0,0,0,0,0,0,0,0,0,0,0,0,0,0
WG_METRICS 1562,256,768,1.0413,0.0042,0.0032,0.9989,0.0198,0.0152,256,768,196608,393216,196820.5625,393641.1250,0.0000,0,0.0000,0.0000,0,0.0000,0,0.0000,0.0000,0,0.0000,0.0000,0,0,0,0,0,0,0,0,0,0,0,0,0,0,0,0,0,0,0,0,0,0,0,0,0
WG_METRICS 1563,256,768,1.0324,0.0042,0.0033,0.9984,0.0112,0.0154,256,768,196608,393216,196930.9688,393861.9375,0.0000,0,0.0000,0.0000,0,0.0000,0,0.0000,0.0000,0,0.0000,0.0000,0,0,0,0,0,0,0,0,0,0,0,0,0,0,0,0,0,0,0,0,0,0,0,0,0
WG_METRICS 1564,256,768,1.0272,0.0042,0.0032,0.9929,0.0110,0.0158,256,768,196608,393216,198009.9062,396019.8125,0.0000,0,0.0000,0.0000,0,0.0000,0,0.0000,0.0000,0,0.0000,0.0000,0,0,0,0,0,0,0,0,0,0,0,0,0,0,0,0,0,0,0,0,0,0,0,0,0
WG_METRICS 1565,256,768,1.0286,0.0042,0.0032,0.9858,0.0199,0.0156,256,768,196608,393216,199448.1406,398896.2812,0.0000,0,0.0000,0.0000,0,0.0000,0,0.0000,0.0000,0,0.0000,0.0000,0,0,0,0,0,0,0,0,0,0,0,0,0,0,0,0,0,0,0,0,0,0,0,0,0
WG_METRICS 1566,256,768,1.0327,0.0042,0.0033,0.9902,0.0198,0.0152,256,768,196608,393216,198545.8125,397091.6250,0.0000,0,0.0000,0.0000,0,0.0000,0,0.0000,0.0000,0,0.0000,0.0000,0,0,0,0,0,0,0,0,0,0,0,0,0,0,0,0,0,0,0,0,0,0,0,0,0
WG_METRICS 1567,256,768,1.0320,0.0042,0.0032,0.9934,0.0154,0.0158,256,768,196608,393216,197922.2031,395844.4062,0.0000,0,0.0000,0.0000,0,0.0000,0,0.0000,0.0000,0,0.0000,0.0000,0,0,0,0,0,0,0,0,0,0,0,0,0,0,0,0,0,0,0,0,0,0,0,0,0
WG_METRICS 1568,256,768,1.0120,0.0043,0.0033,0.9777,0.0111,0.0156,256,768,196608,393216,201096.4688,402192.9375,0.0000,0,0.0000,0.0000,0,0.0000,0,0.0000,0.0000,0,0.0000,0.0000,0,0,0,0,0,0,0,0,0,0,0,0,0,0,0,0,0,0,0,0,0,0,0,0,0
WG_METRICS 1569,256,768,1.0342,0.0042,0.0033,0.9917,0.0198,0.0153,256,768,196608,393216,198249.5000,396499.0000,0.0000,0,0.0000,0.0000,0,0.0000,0,0.0000,0.0000,0,0.0000,0.0000,0,0,0,0,0,0,0,0,0,0,0,0,0,0,0,0,0,0,0,0,0,0,0,0,0
WG_METRICS 1570,256,768,1.0332,0.0042,0.0033,0.9907,0.0197,0.0153,256,768,196608,393216,198457.6250,396915.2500,0.0000,0,0.0000,0.0000,0,0.0000,0,0.0000,0.0000,0,0.0000,0.0000,0,0,0,0,0,0,0,0,0,0,0,0,0,0,0,0,0,0,0,0,0,0,0,0,0
WG_METRICS 1571,256,768,1.0308,0.0042,0.0033,0.9869,0.0199,0.0165,256,768,196608,393216,199213.7188,398427.4375,0.0000,0,0.0000,0.0000,0,0.0000,0,0.0000,0.0000,0,0.0000,0.0000,0,0,0,0,0,0,0,0,0,0,0,0,0,0,0,0,0,0,0,0,0,0,0,0,0
WG_METRICS 1572,256,768,1.0423,0.0042,0.0033,0.9994,0.0198,0.0156,256,768,196608,393216,196718.1562,393436.3125,0.0000,0,0.0000,0.0000,0,0.0000,0,0.0000,0.0000,0,0.0000,0.0000,0,0,0,0,0,0,0,0,0,0,0,0,0,0,0,0,0,0,0,0,0,0,0,0,0
WG_METRICS 1573,256,768,1.0386,0.0043,0.0033,0.9958,0.0198,0.0153,256,768,196608,393216,197429.2969,394858.5938,0.0000,0,0.0000,0.0000,0,0.0000,0,0.0000,0.0000,0,0.0000,0.0000,0,0,0,0,0,0,0,0,0,0,0,0,0,0,0,0,0,0,0,0,0,0,0,0,0
WG_METRICS 1574,256,768,1.0395,0.0041,0.0033,0.9970,0.0199,0.0152,256,768,196608,393216,197199.6094,394399.2188,0.0000,0,0.0000,0.0000,0,0.0000,0,0.0000,0.0000,0,0.0000,0.0000,0,0,0,0,0,0,0,0,0,0,0,0,0,0,0,0,0,0,0,0,0,0,0,0,0
WG_METRICS 1575,256,768,1.0384,0.0042,0.0033,0.9959,0.0197,0.0154,256,768,196608,393216,197413.4531,394826.9062,0.0000,0,0.0000,0.0000,0,0.0000,0,0.0000,0.0000,0,0.0000,0.0000,0,0,0,0,0,0,0,0,0,0,0,0,0,0,0,0,0,0,0,0,0,0,0,0,0
WG_METRICS 1576,256,768,1.0354,0.0042,0.0033,0.9927,0.0198,0.0154,256,768,196608,393216,198057.7812,396115.5625,0.0000,0,0.0000,0.0000,0,0.0000,0,0.0000,0.0000,0,0.0000,0.0000,0,0,0,0,0,0,0,0,0,0,0,0,0,0,0,0,0,0,0,0,0,0,0,0,0
WG_METRICS 1577,256,768,1.0264,0.0042,0.0032,0.9926,0.0110,0.0154,256,768,196608,393216,198073.7344,396147.4688,0.0000,0,0.0000,0.0000,0,0.0000,0,0.0000,0.0000,0,0.0000,0.0000,0,0,0,0,0,0,0,0,0,0,0,0,0,0,0,0,0,0,0,0,0,0,0,0,0
WG_METRICS 1578,256,768,1.0063,0.0041,0.0032,0.9722,0.0112,0.0154,256,768,196608,393216,202221.6719,404443.3438,0.0000,0,0.0000,0.0000,0,0.0000,0,0.0000,0.0000,0,0.0000,0.0000,0,0,0,0,0,0,0,0,0,0,0,0,0,0,0,0,0,0,0,0,0,0,0,0,0
WG_METRICS 1579,256,768,1.0339,0.0041,0.0033,0.9912,0.0198,0.0156,256,768,196608,393216,198353.5156,396707.0312,0.0000,0,0.0000,0.0000,0,0.0000,0,0.0000,0.0000,0,0.0000,0.0000,0,0,0,0,0,0,0,0,0,0,0,0,0,0,0,0,0,0,0,0,0,0,0,0,0
WG_METRICS 1580,256,768,1.0273,0.0042,0.0032,0.9933,0.0112,0.0154,256,768,196608,393216,197938.1406,395876.2812,0.0000,0,0.0000,0.0000,0,0.0000,0,0.0000,0.0000,0,0.0000,0.0000,0,0,0,0,0,0,0,0,0,0,0,0,0,0,0,0,0,0,0,0,0,0,0,0,0
WG_METRICS 1581,256,768,1.0238,0.0042,0.0032,0.9809,0.0198,0.0158,256,768,196608,393216,200440.4219,400880.8438,0.0000,0,0.0000,0.0000,0,0.0000,0,0.0000,0.0000,0,0.0000,0.0000,0,0,0,0,0,0,0,0,0,0,0,0,0,0,0,0,0,0,0,0,0,0,0,0,0
WG_METRICS 1582,256,768,1.0332,0.0041,0.0033,0.9992,0.0112,0.0154,256,768,196608,393216,196765.4219,393530.8438,0.0000,0,0.0000,0.0000,0,0.0000,0,0.0000,0.0000,0,0.0000,0.0000,0,0,0,0,0,0,0,0,0,0,0,0,0,0,0,0,0,0,0,0,0,0,0,0,0
WG_METRICS 1583,256,768,1.0418,0.0042,0.0033,0.9988,0.0200,0.0156,256,768,196608,393216,196836.3281,393672.6562,0.0000,0,0.0000,0.0000,0,0.0000,0,0.0000,0.0000,0,0.0000,0.0000,0,0,0,0,0,0,0,0,0,0,0,0,0,0,0,0,0,0,0,0,0,0,0,0,0
WG_METRICS 1584,256,768,1.0206,0.0042,0.0033,0.9863,0.0111,0.0158,256,768,196608,393216,199334.8906,398669.7812,0.0000,0,0.0000,0.0000,0,0.0000,0,0.0000,0.0000,0,0.0000,0.0000,0,0,0,0,0,0,0,0,0,0,0,0,0,0,0,0,0,0,0,0,0,0,0,0,0
WG_METRICS 1585,256,768,1.0370,0.0042,0.0032,0.9935,0.0196,0.0164,256,768,196608,393216,197890.3281,395780.6562,0.0000,0,0.0000,0.0000,0,0.0000,0,0.0000,0.0000,0,0.0000,0.0000,0,0,0,0,0,0,0,0,0,0,0,0,0,0,0,0,0,0,0,0,0,0,0,0,0
WG_METRICS 1586,256,768,1.0397,0.0042,0.0032,0.9972,0.0197,0.0154,256,768,196608,393216,197160.0469,394320.0938,0.0000,0,0.0000,0.0000,0,0.0000,0,0.0000,0.0000,0,0.0000,0.0000,0,0,0,0,0,0,0,0,0,0,0,0,0,0,0,0,0,0,0,0,0,0,0,0,0
WG_METRICS 1587,256,768,1.0231,0.0042,0.0033,0.9796,0.0198,0.0163,256,768,196608,393216,200710.5156,401421.0312,0.0000,0,0.0000,0.0000,0,0.0000,0,0.0000,0.0000,0,0.0000,0.0000,0,0,0,0,0,0,0,0,0,0,0,0,0,0,0,0,0,0,0,0,0,0,0,0,0
WG_METRICS 1588,256,768,1.0220,0.0042,0.0032,0.9796,0.0199,0.0152,256,768,196608,393216,200710.5156,401421.0312,0.0000,0,0.0000,0.0000,0,0.0000,0,0.0000,0.0000,0,0.0000,0.0000,0,0,0,0,0,0,0,0,0,0,0,0,0,0,0,0,0,0,0,0,0,0,0,0,0
WG_METRICS 1589,256,768,0.9988,0.0042,0.0032,0.9651,0.0110,0.0152,256,768,196608,393216,203713.5312,407427.0625,0.0000,0,0.0000,0.0000,0,0.0000,0,0.0000,0.0000,0,0.0000,0.0000,0,0,0,0,0,0,0,0,0,0,0,0,0,0,0,0,0,0,0,0,0,0,0,0,0
WG_METRICS 1590,256,768,1.7982,0.0042,0.0033,1.0224,0.0372,0.7310,256,768,196608,393216,192292.9531,384585.9062,0.0000,0,0.0000,0.0000,0,0.0000,0,0.0000,0.0000,0,0.0000,0.0000,0,0,0,0,0,0,0,0,0,0,0,0,0,0,0,0,0,0,0,0,0,0,0,0,0
WG_METRICS 1591,256,768,1.1436,0.0042,0.0033,1.0973,0.0201,0.0186,256,768,196608,393216,179177.5938,358355.1875,0.0000,0,0.0000,0.0000,0,0.0000,0,0.0000,0.0000,0,0.0000,0.0000,0,0,0,0,0,0,0,0,0,0,0,0,0,0,0,0,0,0,0,0,0,0,0,0,0
WG_METRICS 1592,256,768,1.1678,0.0044,0.0033,1.1229,0.0202,0.0170,256,768,196608,393216,175092.6250,350185.2500,0.0000,0,0.0000,0.0000,0,0.0000,0,0.0000,0.0000,0,0.0000,0.0000,0,0,0,0,0,0,0,0,0,0,0,0,0,0,0,0,0,0,0,0,0,0,0,0,0
WG_METRICS 1593,256,768,1.0065,0.0041,0.0033,0.9639,0.0197,0.0155,256,768,196608,393216,203975.5938,407951.1875,0.0000,0,0.0000,0.0000,0,0.0000,0,0.0000,0.0000,0,0.0000,0.0000,0,0,0,0,0,0,0,0,0,0,0,0,0,0,0,0,0,0,0,0,0,0,0,0,0
WG_METRICS 1594,256,768,1.0293,0.0042,0.0033,0.9868,0.0198,0.0154,256,768,196608,393216,199246.0156,398492.0312,0.0000,0,0.0000,0.0000,0,0.0000,0,0.0000,0.0000,0,0.0000,0.0000,0,0,0,0,0,0,0,0,0,0,0,0,0,0,0,0,0,0,0,0,0,0,0,0,0
WG_METRICS 1595,256,768,1.0791,0.0042,0.0032,1.0356,0.0199,0.0162,256,768,196608,393216,189849.3750,379698.7500,0.0000,0,0.0000,0.0000,0,0.0000,0,0.0000,0.0000,0,0.0000,0.0000,0,0,0,0,0,0,0,0,0,0,0,0,0,0,0,0,0,0,0,0,0,0,0,0,0
WG_METRICS 1596,256,768,1.2450,0.0045,0.0034,1.1980,0.0203,0.0189,256,768,196608,393216,164119.0000,328238.0000,0.0000,0,0.0000,0.0000,0,0.0000,0,0.0000,0.0000,0,0.0000,0.0000,0,0,0,0,0,0,0,0,0,0,0,0,0,0,0,0,0,0,0,0,0,0,0,0,0
WG_METRICS 1597,256,768,1.1964,0.0044,0.0034,1.1516,0.0201,0.0170,256,768,196608,393216,170725.9531,341451.9062,0.0000,0,0.0000,0.0000,0,0.0000,0,0.0000,0.0000,0,0.0000,0.0000,0,0,0,0,0,0,0,0,0,0,0,0,0,0,0,0,0,0,0,0,0,0,0,0,0
WG_METRICS 1598,256,768,1.0270,0.0041,0.0033,0.9842,0.0199,0.0155,256,768,196608,393216,199772.3906,399544.7812,0.0000,0,0.0000,0.0000,0,0.0000,0,0.0000,0.0000,0,0.0000,0.0000,0,0,0,0,0,0,0,0,0,0,0,0,0,0,0,0,0,0,0,0,0,0,0,0,0
WG_METRICS 1599,256,768,1.0266,0.0041,0.0033,0.9840,0.0198,0.0154,256,768,196608,393216,199804.8750,399609.7500,0.0000,0,0.0000,0.0000,0,0.0000,0,0.0000,0.0000,0,0.0000,0.0000,0,0,0,0,0,0,0,0,0,0,0,0,0,0,0,0,0,0,0,0,0,0,0,0,0
WG_METRICS 1600,256,768,1.0175,0.0042,0.0033,0.9835,0.0111,0.0155,256,768,196608,393216,199910.5312,399821.0625,0.0000,0,0.0000,0.0000,0,0.0000,0,0.0000,0.0000,0,0.0000,0.0000,0,0,0,0,0,0,0,0,0,0,0,0,0,0,0,0,0,0,0,0,0,0,0,0,0
WG_METRICS 1601,256,768,1.0282,0.0042,0.0033,0.9857,0.0197,0.0153,256,768,196608,393216,199456.2344,398912.4688,0.0000,0,0.0000,0.0000,0,0.0000,0,0.0000,0.0000,0,0.0000,0.0000,0,0,0,0,0,0,0,0,0,0,0,0,0,0,0,0,0,0,0,0,0,0,0,0,0
WG_METRICS 1602,256,768,1.0255,0.0043,0.0032,0.9810,0.0199,0.0171,256,768,196608,393216,200415.9062,400831.8125,0.0000,0,0.0000,0.0000,0,0.0000,0,0.0000,0.0000,0,0.0000,0.0000,0,0,0,0,0,0,0,0,0,0,0,0,0,0,0,0,0,0,0,0,0,0,0,0,0
WG_METRICS 1603,256,768,1.0280,0.0042,0.0032,0.9940,0.0112,0.0154,256,768,196608,393216,197794.7656,395589.5312,0.0000,0,0.0000,0.0000,0,0.0000,0,0.0000,0.0000,0,0.0000,0.0000,0,0,0,0,0,0,0,0,0,0,0,0,0,0,0,0,0,0,0,0,0,0,0,0,0
WG_METRICS 1604,256,768,1.0280,0.0042,0.0032,0.9854,0.0197,0.0154,256,768,196608,393216,199512.9062,399025.8125,0.0000,0,0.0000,0.0000,0,0.0000,0,0.0000,0.0000,0,0.0000,0.0000,0,0,0,0,0,0,0,0,0,0,0,0,0,0,0,0,0,0,0,0,0,0,0,0,0
WG_METRICS 1605,256,768,1.0296,0.0041,0.0033,0.9871,0.0198,0.0154,256,768,196608,393216,199181.4219,398362.8438,0.0000,0,0.0000,0.0000,0,0.0000,0,0.0000,0.0000,0,0.0000,0.0000,0,0,0,0,0,0,0,0,0,0,0,0,0,0,0,0,0,0,0,0,0,0,0,0,0
WG_METRICS 1606,256,768,1.0188,0.0043,0.0033,0.9846,0.0111,0.0154,256,768,196608,393216,199675.0000,399350.0000,0.0000,0,0.0000,0.0000,0,0.0000,0,0.0000,0.0000,0,0.0000,0.0000,0,0,0,0,0,0,0,0,0,0,0,0,0,0,0,0,0,0,0,0,0,0,0,0,0
WG_METRICS 1607,256,768,1.0399,0.0041,0.0033,0.9974,0.0197,0.0154,256,768,196608,393216,197120.5156,394241.0312,0.0000,0,0.0000,0.0000,0,0.0000,0,0.0000,0.0000,0,0.0000,0.0000,0,0,0,0,0,0,0,0,0,0,0,0,0,0,0,0,0,0,0,0,0,0,0,0,0
WG_METRICS 1608,256,768,1.0094,0.0041,0.0033,0.9801,0.0066,0.0152,256,768,196608,393216,200595.8438,401191.6875,0.0000,0,0.0000,0.0000,0,0.0000,0,0.0000,0.0000,0,0.0000,0.0000,0,0,0,0,0,0,0,0,0,0,0,0,0,0,0,0,0,0,0,0,0,0,0,0,0
WG_METRICS 1609,256,768,1.0198,0.0042,0.0033,0.9856,0.0111,0.0156,256,768,196608,393216,199472.4219,398944.8438,0.0000,0,0.0000,0.0000,0,0.0000,0,0.0000,0.0000,0,0.0000,0.0000,0,0,0,0,0,0,0,0,0,0,0,0,0,0,0,0,0,0,0,0,0,0,0,0,0
WG_METRICS 1610,256,768,1.0320,0.0042,0.0032,0.9886,0.0198,0.0162,256,768,196608,393216,198867.1250,397734.2500,0.0000,0,0.0000,0.0000,0,0.0000,0,0.0000,0.0000,0,0.0000,0.0000,0,0,0,0,0,0,0,0,0,0,0,0,0,0,0,0,0,0,0,0,0,0,0,0,0
WG_METRICS 1611,256,768,1.0213,0.0042,0.0033,0.9875,0.0110,0.0153,256,768,196608,393216,199100.7500,398201.5000,0.0000,0,0.0000,0.0000,0,0.0000,0,0.0000,0.0000,0,0.0000,0.0000,0,0,0,0,0,0,0,0,0,0,0,0,0,0,0,0,0,0,0,0,0,0,0,0,0
WG_METRICS 1612,256,768,1.0127,0.0042,0.0032,0.9781,0.0111,0.0161,256,768,196608,393216,201014.2344,402028.4688,0.0000,0,0.0000,0.0000,0,0.0000,0,0.0000,0.0000,0,0.0000,0.0000,0,0,0,0,0,0,0,0,0,0,0,0,0,0,0,0,0,0,0,0,0,0,0,0,0
WG_METRICS 1613,256,768,1.0253,0.0042,0.0032,0.9826,0.0198,0.0154,256,768,196608,393216,200081.4062,400162.8125,0.0000,0,0.0000,0.0000,0,0.0000,0,0.0000,0.0000,0,0.0000,0.0000,0,0,0,0,0,0,0,0,0,0,0,0,0,0,0,0,0,0,0,0,0,0,0,0,0
WG_METRICS 1614,256,768,1.0650,0.0042,0.0033,1.0213,0.0199,0.0163,256,768,196608,393216,192503.8281,385007.6562,0.0000,0,0.0000,0.0000,0,0.0000,0,0.0000,0.0000,0,0.0000,0.0000,0,0,0,0,0,0,0,0,0,0,0,0,0,0,0,0,0,0,0,0,0,0,0,0,0
WG_METRICS 1615,256,768,1.0816,0.0042,0.0033,1.0381,0.0200,0.0161,256,768,196608,393216,189395.8125,378791.6250,0.0000,0,0.0000,0.0000,0,0.0000,0,0.0000,0.0000,0,0.0000,0.0000,0,0,0,0,0,0,0,0,0,0,0,0,0,0,0,0,0,0,0,0,0,0,0,0,0
WG_METRICS 1616,256,768,1.0565,0.0042,0.0033,1.0136,0.0198,0.0156,256,768,196608,393216,193970.0156,387940.0312,0.0000,0,0.0000,0.0000,0,0.0000,0,0.0000,0.0000,0,0.0000,0.0000,0,0,0,0,0,0,0,0,0,0,0,0,0,0,0,0,0,0,0,0,0,0,0,0,0
WG_METRICS 1617,256,768,1.0097,0.0041,0.0032,0.9677,0.0196,0.0151,256,768,196608,393216,203174.6094,406349.2188,0.0000,0,0.0000,0.0000,0,0.0000,0,0.0000,0.0000,0,0.0000,0.0000,0,0,0,0,0,0,0,0,0,0,0,0,0,0,0,0,0,0,0,0,0,0,0,0,0
WG_METRICS 1618,256,768,1.0165,0.0041,0.0033,0.9823,0.0111,0.0157,256,768,196608,393216,200154.7344,400309.4688,0.0000,0,0.0000,0.0000,0,0.0000,0,0.0000,0.0000,0,0.0000,0.0000,0,0,0,0,0,0,0,0,0,0,0,0,0,0,0,0,0,0,0,0,0,0,0,0,0
WG_METRICS 1619,256,768,1.0320,0.0042,0.0032,0.9889,0.0198,0.0158,256,768,196608,393216,198810.8281,397621.6562,0.0000,0,0.0000,0.0000,0,0.0000,0,0.0000,0.0000,0,0.0000,0.0000,0,0,0,0,0,0,0,0,0,0,0,0,0,0,0,0,0,0,0,0,0,0,0,0,0
WG_METRICS 1620,256,768,1.0293,0.0041,0.0033,0.9867,0.0198,0.0154,256,768,196608,393216,199254.0938,398508.1875,0.0000,0,0.0000,0.0000,0,0.0000,0,0.0000,0.0000,0,0.0000,0.0000,0,0,0,0,0,0,0,0,0,0,0,0,0,0,0,0,0,0,0,0,0,0,0,0,0
WG_METRICS 1621,256,768,1.0522,0.0042,0.0033,1.0096,0.0197,0.0154,256,768,196608,393216,194746.2344,389492.4688,0.0000,0,0.0000,0.0000,0,0.0000,0,0.0000,0.0000,0,0.0000,0.0000,0,0,0,0,0,0,0,0,0,0,0,0,0,0,0,0,0,0,0,0,0,0,0,0,0
WG_METRICS 1622,256,768,1.0264,0.0042,0.0032,0.9920,0.0112,0.0158,256,768,196608,393216,198193.5469,396387.0938,0.0000,0,0.0000,0.0000,0,0.0000,0,0.0000,0.0000,0,0.0000,0.0000,0,0,0,0,0,0,0,0,0,0,0,0,0,0,0,0,0,0,0,0,0,0,0,0,0
WG_METRICS 1623,256,768,1.0254,0.0046,0.0032,0.9910,0.0110,0.0155,256,768,196608,393216,198385.5312,396771.0625,0.0000,0,0.0000,0.0000,0,0.0000,0,0.0000,0.0000,0,0.0000,0.0000,0,0,0,0,0,0,0,0,0,0,0,0,0,0,0,0,0,0,0,0,0,0,0,0,0
WG_METRICS 1624,256,768,1.0304,0.0042,0.0033,0.9874,0.0198,0.0156,256,768,196608,393216,199116.8750,398233.7500,0.0000,0,0.0000,0.0000,0,0.0000,0,0.0000,0.0000,0,0.0000,0.0000,0,0,0,0,0,0,0,0,0,0,0,0,0,0,0,0,0,0,0,0,0,0,0,0,0
WG_METRICS 1625,256,768,1.0420,0.0041,0.0033,0.9991,0.0198,0.0157,256,768,196608,393216,196781.1719,393562.3438,0.0000,0,0.0000,0.0000,0,0.0000,0,0.0000,0.0000,0,0.0000,0.0000,0,0,0,0,0,0,0,0,0,0,0,0,0,0,0,0,0,0,0,0,0,0,0,0,0
WG_METRICS 1626,256,768,1.0280,0.0042,0.0033,0.9850,0.0198,0.0157,256,768,196608,393216,199593.9219,399187.8438,0.0000,0,0.0000,0.0000,0,0.0000,0,0.0000,0.0000,0,0.0000,0.0000,0,0,0,0,0,0,0,0,0,0,0,0,0,0,0,0,0,0,0,0,0,0,0,0,0
WG_METRICS 1627,256,768,1.0347,0.0042,0.0033,0.9916,0.0197,0.0158,256,768,196608,393216,198265.5000,396531.0000,0.0000,0,0.0000,0.0000,0,0.0000,0,0.0000,0.0000,0,0.0000,0.0000,0,0,0,0,0,0,0,0,0,0,0,0,0,0,0,0,0,0,0,0,0,0,0,0,0
WG_METRICS 1628,256,768,1.0300,0.0041,0.0032,0.9874,0.0200,0.0153,256,768,196608,393216,199124.9375,398249.8750,0.0000,0,0.0000,0.0000,0,0.0000,0,0.0000,0.0000,0,0.0000,0.0000,0,0,0,0,0,0,0,0,0,0,0,0,0,0,0,0,0,0,0,0,0,0,0,0,0
WG_METRICS 1629,256,768,1.0312,0.0041,0.0033,0.9886,0.0199,0.0154,256,768,196608,393216,198875.1719,397750.3438,0.0000,0,0.0000,0.0000,0,0.0000,0,0.0000,0.0000,0,0.0000,0.0000,0,0,0,0,0,0,0,0,0,0,0,0,0,0,0,0,0,0,0,0,0,0,0,0,0
WG_METRICS 1630,256,768,1.0391,0.0042,0.0032,0.9964,0.0197,0.0154,256,768,196608,393216,197310.4219,394620.8438,0.0000,0,0.0000,0.0000,0,0.0000,0,0.0000,0.0000,0,0.0000,0.0000,0,0,0,0,0,0,0,0,0,0,0,0,0,0,0,0,0,0,0,0,0,0,0,0,0
WG_METRICS 1631,256,768,1.0184,0.0042,0.0032,0.9843,0.0110,0.0156,256,768,196608,393216,199748.0469,399496.0938,0.0000,0,0.0000,0.0000,0,0.0000,0,0.0000,0.0000,0,0.0000,0.0000,0,0,0,0,0,0,0,0,0,0,0,0,0,0,0,0,0,0,0,0,0,0,0,0,0
WG_METRICS 1632,256,768,1.0423,0.0042,0.0032,1.0077,0.0112,0.0160,256,768,196608,393216,195109.5469,390219.0938,0.0000,0,0.0000,0.0000,0,0.0000,0,0.0000,0.0000,0,0.0000,0.0000,0,0,0,0,0,0,0,0,0,0,0,0,0,0,0,0,0,0,0,0,0,0,0,0,0
WG_METRICS 1633,256,768,1.0393,0.0044,0.0034,0.9963,0.0198,0.0153,256,768,196608,393216,197334.1875,394668.3750,0.0000,0,0.0000,0.0000,0,0.0000,0,0.0000,0.0000,0,0.0000,0.0000,0,0,0,0,0,0,0,0,0,0,0,0,0,0,0,0,0,0,0,0,0,0,0,0,0
WG_METRICS 1634,256,768,1.0325,0.0042,0.0033,0.9893,0.0196,0.0162,256,768,196608,393216,198738.4844,397476.9688,0.0000,0,0.0000,0.0000,0,0.0000,0,0.0000,0.0000,0,0.0000,0.0000,0,0,0,0,0,0,0,0,0,0,0,0,0,0,0,0,0,0,0,0,0,0,0,0,0
WG_METRICS 1635,256,768,1.0172,0.0041,0.0033,0.9834,0.0110,0.0154,256,768,196608,393216,199918.6562,399837.3125,0.0000,0,0.0000,0.0000,0,0.0000,0,0.0000,0.0000,0,0.0000,0.0000,0,0,0,0,0,0,0,0,0,0,0,0,0,0,0,0,0,0,0,0,0,0,0,0,0
WG_METRICS 1636,256,768,1.0156,0.0042,0.0033,0.9814,0.0111,0.0156,256,768,196608,393216,200342.3750,400684.7500,0.0000,0,0.0000,0.0000,0,0.0000,0,0.0000,0.0000,0,0.0000,0.0000,0,0,0,0,0,0,0,0,0,0,0,0,0,0,0,0,0,0,0,0,0,0,0,0,0
WG_METRICS 1637,256,768,1.0204,0.0041,0.0033,0.9778,0.0196,0.0156,256,768,196608,393216,201063.5625,402127.1250,0.0000,0,0.0000,0.0000,0,0.0000,0,0.0000,0.0000,0,0.0000,0.0000,0,0,0,0,0,0,0,0,0,0,0,0,0,0,0,0,0,0,0,0,0,0,0,0,0
WG_METRICS 1638,256,768,1.0390,0.0041,0.0033,0.9962,0.0200,0.0154,256,768,196608,393216,197350.0312,394700.0625,0.0000,0,0.0000,0.0000,0,0.0000,0,0.0000,0.0000,0,0.0000,0.0000,0,0,0,0,0,0,0,0,0,0,0,0,0,0,0,0,0,0,0,0,0,0,0,0,0
WG_METRICS 1639,256,768,1.0278,0.0042,0.0033,0.9845,0.0198,0.0161,256,768,196608,393216,199699.3438,399398.6875,0.0000,0,0.0000,0.0000,0,0.0000,0,0.0000,0.0000,0,0.0000,0.0000,0,0,0,0,0,0,0,0,0,0,0,0,0,0,0,0,0,0,0,0,0,0,0,0,0
WG_METRICS 1640,256,768,1.0261,0.0042,0.0033,0.9834,0.0199,0.0154,256,768,196608,393216,199926.7812,399853.5625,0.0000,0,0.0000,0.0000,0,0.0000,0,0.0000,0.0000,0,0.0000,0.0000,0,0,0,0,0,0,0,0,0,0,0,0,0,0,0,0,0,0,0,0,0,0,0,0,0
WG_METRICS 1641,256,768,1.0162,0.0041,0.0033,0.9826,0.0109,0.0153,256,768,196608,393216,200081.4062,400162.8125,0.0000,0,0.0000,0.0000,0,0.0000,0,0.0000,0.0000,0,0.0000,0.0000,0,0,0,0,0,0,0,0,0,0,0,0,0,0,0,0,0,0,0,0,0,0,0,0,0
WG_METRICS 1642,256,768,1.0360,0.0042,0.0032,1.0015,0.0110,0.0161,256,768,196608,393216,196317.4531,392634.9062,0.0000,0,0.0000,0.0000,0,0.0000,0,0.0000,0.0000,0,0.0000,0.0000,0,0,0,0,0,0,0,0,0,0,0,0,0,0,0,0,0,0,0,0,0,0,0,0,0
WG_METRICS 1643,256,768,1.0225,0.0041,0.0033,0.9799,0.0198,0.0154,256,768,196608,393216,200636.7812,401273.5625,0.0000,0,0.0000,0.0000,0,0.0000,0,0.0000,0.0000,0,0.0000,0.0000,0,0,0,0,0,0,0,0,0,0,0,0,0,0,0,0,0,0,0,0,0,0,0,0,0
WG_METRICS 1644,256,768,1.0396,0.0042,0.0033,0.9968,0.0198,0.0155,256,768,196608,393216,197231.2500,394462.5000,0.0000,0,0.0000,0.0000,0,0.0000,0,0.0000,0.0000,0,0.0000,0.0000,0,0,0,0,0,0,0,0,0,0,0,0,0,0,0,0,0,0,0,0,0,0,0,0,0
WG_METRICS 1645,256,768,1.0319,0.0042,0.0033,0.9894,0.0197,0.0154,256,768,196608,393216,198714.3594,397428.7188,0.0000,0,0.0000,0.0000,0,0.0000,0,0.0000,0.0000,0,0.0000,0.0000,0,0,0,0,0,0,0,0,0,0,0,0,0,0,0,0,0,0,0,0,0,0,0,0,0
WG_METRICS 1646,256,768,1.0192,0.0042,0.0033,0.9852,0.0112,0.0154,256,768,196608,393216,199569.6094,399139.2188,0.0000,0,0.0000,0.0000,0,0.0000,0,0.0000,0.0000,0,0.0000,0.0000,0,0,0,0,0,0,0,0,0,0,0,0,0,0,0,0,0,0,0,0,0,0,0,0,0
WG_METRICS 1647,256,768,1.0226,0.0042,0.0033,0.9886,0.0110,0.0156,256,768,196608,393216,198883.2188,397766.4375,0.0000,0,0.0000,0.0000,0,0.0000,0,0.0000,0.0000,0,0.0000,0.0000,0,0,0,0,0,0,0,0,0,0,0,0,0,0,0,0,0,0,0,0,0,0,0,0,0
WG_METRICS 1648,256,768,1.0122,0.0042,0.0033,0.9827,0.0067,0.0154,256,768,196608,393216,200065.1250,400130.2500,0.0000,0,0.0000,0.0000,0,0.0000,0,0.0000,0.0000,0,0.0000,0.0000,0,0,0,0,0,0,0,0,0,0,0,0,0,0,0,0,0,0,0,0,0,0,0,0,0
WG_METRICS 1649,256,768,1.0264,0.0042,0.0033,0.9839,0.0197,0.0153,256,768,196608,393216,199821.1250,399642.2500,0.0000,0,0.0000,0.0000,0,0.0000,0,0.0000,0.0000,0,0.0000,0.0000,0,0,0,0,0,0,0,0,0,0,0,0,0,0,0,0,0,0,0,0,0,0,0,0,0
WG_METRICS 1650,256,768,1.0210,0.0042,0.0033,0.9914,0.0067,0.0155,256,768,196608,393216,198321.5000,396643.0000,0.0000,0,0.0000,0.0000,0,0.0000,0,0.0000,0.0000,0,0.0000,0.0000,0,0,0,0,0,0,0,0,0,0,0,0,0,0,0,0,0,0,0,0,0,0,0,0,0
WG_METRICS 1651,256,768,1.0172,0.0042,0.0033,0.9830,0.0110,0.0158,256,768,196608,393216,200008.1406,400016.2812,0.0000,0,0.0000,0.0000,0,0.0000,0,0.0000,0.0000,0,0.0000,0.0000,0,0,0,0,0,0,0,0,0,0,0,0,0,0,0,0,0,0,0,0,0,0,0,0,0
WG_METRICS 1652,256,768,1.0252,0.0042,0.0033,0.9823,0.0199,0.0155,256,768,196608,393216,200154.7344,400309.4688,0.0000,0,0.0000,0.0000,0,0.0000,0,0.0000,0.0000,0,0.0000,0.0000,0,0,0,0,0,0,0,0,0,0,0,0,0,0,0,0,0,0,0,0,0,0,0,0,0
WG_METRICS 1653,256,768,1.0218,0.0042,0.0033,0.9875,0.0111,0.0158,256,768,196608,393216,199100.7500,398201.5000,0.0000,0,0.0000,0.0000,0,0.0000,0,0.0000,0.0000,0,0.0000,0.0000,0,0,0,0,0,0,0,0,0,0,0,0,0,0,0,0,0,0,0,0,0,0,0,0,0
WG_METRICS 1654,256,768,1.0196,0.0042,0.0032,0.9858,0.0110,0.0155,256,768,196608,393216,199448.1406,398896.2812,0.0000,0,0.0000,0.0000,0,0.0000,0,0.0000,0.0000,0,0.0000,0.0000,0,0,0,0,0,0,0,0,0,0,0,0,0,0,0,0,0,0,0,0,0,0,0,0,0
WG_METRICS 1655,256,768,1.0225,0.0042,0.0032,0.9885,0.0110,0.0155,256,768,196608,393216,198891.2656,397782.5312,0.0000,0,0.0000,0.0000,0,0.0000,0,0.0000,0.0000,0,0.0000,0.0000,0,0,0,0,0,0,0,0,0,0,0,0,0,0,0,0,0,0,0,0,0,0,0,0,0
WG_METRICS 1656,256,768,1.0344,0.0042,0.0032,1.0003,0.0112,0.0155,256,768,196608,393216,196552.9531,393105.9062,0.0000,0,0.0000,0.0000,0,0.0000,0,0.0000,0.0000,0,0.0000,0.0000,0,0,0,0,0,0,0,0,0,0,0,0,0,0,0,0,0,0,0,0,0,0,0,0,0
WG_METRICS 1657,256,768,1.0256,0.0043,0.0033,0.9822,0.0196,0.0162,256,768,196608,393216,200162.8906,400325.7812,0.0000,0,0.0000,0.0000,0,0.0000,0,0.0000,0.0000,0,0.0000,0.0000,0,0,0,0,0,0,0,0,0,0,0,0,0,0,0,0,0,0,0,0,0,0,0,0,0
WG_METRICS 1658,256,768,1.0406,0.0042,0.0033,0.9979,0.0197,0.0154,256,768,196608,393216,197017.7969,394035.5938,0.0000,0,0.0000,0.0000,0,0.0000,0,0.0000,0.0000,0,0.0000,0.0000,0,0,0,0,0,0,0,0,0,0,0,0,0,0,0,0,0,0,0,0,0,0,0,0,0
WG_METRICS 1659,256,768,1.0334,0.0042,0.0033,0.9908,0.0198,0.0154,256,768,196608,393216,198441.5938,396883.1875,0.0000,0,0.0000,0.0000,0,0.0000,0,0.0000,0.0000,0,0.0000,0.0000,0,0,0,0,0,0,0,0,0,0,0,0,0,0,0,0,0,0,0,0,0,0,0,0,0
WG_METRICS 1660,256,768,1.0342,0.0042,0.0033,0.9912,0.0198,0.0157,256,768,196608,393216,198361.5156,396723.0312,0.0000,0,0.0000,0.0000,0,0.0000,0,0.0000,0.0000,0,0.0000,0.0000,0,0,0,0,0,0,0,0,0,0,0,0,0,0,0,0,0,0,0,0,0,0,0,0,0
WG_METRICS 1661,256,768,1.0289,0.0042,0.0032,0.9854,0.0198,0.0164,256,768,196608,393216,199529.0938,399058.1875,0.0000,0,0.0000,0.0000,0,0.0000,0,0.0000,0.0000,0,0.0000,0.0000,0,0,0,0,0,0,0,0,0,0,0,0,0,0,0,0,0,0,0,0,0,0,0,0,0
WG_METRICS 1662,256,768,1.0227,0.0042,0.0033,0.9886,0.0111,0.0155,256,768,196608,393216,198875.1719,397750.3438,0.0000,0,0.0000,0.0000,0,0.0000,0,0.0000,0.0000,0,0.0000,0.0000,0,0,0,0,0,0,0,0,0,0,0,0,0,0,0,0,0,0,0,0,0,0,0,0,0
WG_METRICS 1663,256,768,1.0360,0.0041,0.0033,0.9914,0.0212,0.0160,256,768,196608,393216,198321.5000,396643.0000,0.0000,0,0.0000,0.0000,0,0.0000,0,0.0000,0.0000,0,0.0000,0.0000,0,0,0,0,0,0,0,0,0,0,0,0,0,0,0,0,0,0,0,0,0,0,0,0,0
WG_METRICS 1664,256,768,1.0242,0.0042,0.0033,0.9902,0.0110,0.0156,256,768,196608,393216,198553.8281,397107.6562,0.0000,0,0.0000,0.0000,0,0.0000,0,0.0000,0.0000,0,0.0000,0.0000,0,0,0,0,0,0,0,0,0,0,0,0,0,0,0,0,0,0,0,0,0,0,0,0,0
WG_METRICS 1665,256,768,1.0349,0.0041,0.0033,1.0010,0.0110,0.0156,256,768,196608,393216,196419.4375,392838.8750,0.0000,0,0.0000,0.0000,0,0.0000,0,0.0000,0.0000,0,0.0000,0.0000,0,0,0,0,0,0,0,0,0,0,0,0,0,0,0,0,0,0,0,0,0,0,0,0,0
WG_METRICS 1666,256,768,1.0210,0.0042,0.0033,0.9866,0.0109,0.0159,256,768,196608,393216,199270.2500,398540.5000,0.0000,0,0.0000,0.0000,0,0.0000,0,0.0000,0.0000,0,0.0000,0.0000,0,0,0,0,0,0,0,0,0,0,0,0,0,0,0,0,0,0,0,0,0,0,0,0,0
WG_METRICS 1667,256,768,1.0328,0.0041,0.0033,0.9991,0.0111,0.0152,256,768,196608,393216,196781.1719,393562.3438,0.0000,0,0.0000,0.0000,0,0.0000,0,0.0000,0.0000,0,0.0000,0.0000,0,0,0,0,0,0,0,0,0,0,0,0,0,0,0,0,0,0,0,0,0,0,0,0,0
WG_METRICS 1668,256,768,1.0164,0.0042,0.0032,0.9868,0.0066,0.0155,256,768,196608,393216,199229.8594,398459.7188,0.0000,0,0.0000,0.0000,0,0.0000,0,0.0000,0.0000,0,0.0000,0.0000,0,0,0,0,0,0,0,0,0,0,0,0,0,0,0,0,0,0,0,0,0,0,0,0,0
WG_METRICS 1669,256,768,1.0196,0.0042,0.0032,0.9856,0.0110,0.0156,256,768,196608,393216,199472.4219,398944.8438,0.0000,0,0.0000,0.0000,0,0.0000,0,0.0000,0.0000,0,0.0000,0.0000,0,0,0,0,0,0,0,0,0,0,0,0,0,0,0,0,0,0,0,0,0,0,0,0,0
WG_METRICS 1670,256,768,1.0388,0.0041,0.0033,0.9963,0.0198,0.0154,256,768,196608,393216,197342.1094,394684.2188,0.0000,0,0.0000,0.0000,0,0.0000,0,0.0000,0.0000,0,0.0000,0.0000,0,0,0,0,0,0,0,0,0,0,0,0,0,0,0,0,0,0,0,0,0,0,0,0,0
WG_METRICS 1671,256,768,1.0484,0.0042,0.0033,1.0056,0.0196,0.0156,256,768,196608,393216,195505.3438,391010.6875,0.0000,0,0.0000,0.0000,0,0.0000,0,0.0000,0.0000,0,0.0000,0.0000,0,0,0,0,0,0,0,0,0,0,0,0,0,0,0,0,0,0,0,0,0,0,0,0,0
WG_METRICS 1672,256,768,1.0220,0.0042,0.0032,0.9870,0.0112,0.0163,256,768,196608,393216,199189.5000,398379.0000,0.0000,0,0.0000,0.0000,0,0.0000,0,0.0000,0.0000,0,0.0000,0.0000,0,0,0,0,0,0,0,0,0,0,0,0,0,0,0,0,0,0,0,0,0,0,0,0,0
WG_METRICS 1673,256,768,1.0186,0.0042,0.0033,0.9753,0.0198,0.0160,256,768,196608,393216,201591.3438,403182.6875,0.0000,0,0.0000,0.0000,0,0.0000,0,0.0000,0.0000,0,0.0000,0.0000,0,0,0,0,0,0,0,0,0,0,0,0,0,0,0,0,0,0,0,0,0,0,0,0,0
WG_METRICS 1674,256,768,1.0289,0.0042,0.0032,0.9951,0.0111,0.0152,256,768,196608,393216,197572.1562,395144.3125,0.0000,0,0.0000,0.0000,0,0.0000,0,0.0000,0.0000,0,0.0000,0.0000,0,0,0,0,0,0,0,0,0,0,0,0,0,0,0,0,0,0,0,0,0,0,0,0,0
WG_METRICS 1675,256,768,1.0438,0.0042,0.0033,1.0100,0.0110,0.0154,256,768,196608,393216,194661.3906,389322.7812,0.0000,0,0.0000,0.0000,0,0.0000,0,0.0000,0.0000,0,0.0000,0.0000,0,0,0,0,0,0,0,0,0,0,0,0,0,0,0,0,0,0,0,0,0,0,0,0,0
WG_METRICS 1676,256,768,1.0285,0.0043,0.0032,0.9943,0.0110,0.0156,256,768,196608,393216,197731.1250,395462.2500,0.0000,0,0.0000,0.0000,0,0.0000,0,0.0000,0.0000,0,0.0000,0.0000,0,0,0,0,0,0,0,0,0,0,0,0,0,0,0,0,0,0,0,0,0,0,0,0,0
WG_METRICS 1677,256,768,1.0181,0.0042,0.0033,0.9841,0.0112,0.0154,256,768,196608,393216,199788.6250,399577.2500,0.0000,0,0.0000,0.0000,0,0.0000,0,0.0000,0.0000,0,0.0000,0.0000,0,0,0,0,0,0,0,0,0,0,0,0,0,0,0,0,0,0,0,0,0,0,0,0,0
WG_METRICS 1678,256,768,1.0165,0.0042,0.0032,0.9824,0.0111,0.0155,256,768,196608,393216,200122.1406,400244.2812,0.0000,0,0.0000,0.0000,0,0.0000,0,0.0000,0.0000,0,0.0000,0.0000,0,0,0,0,0,0,0,0,0,0,0,0,0,0,0,0,0,0,0,0,0,0,0,0,0
WG_METRICS 1679,256,768,1.0279,0.0042,0.0033,0.9852,0.0197,0.0156,256,768,196608,393216,199569.6094,399139.2188,0.0000,0,0.0000,0.0000,0,0.0000,0,0.0000,0.0000,0,0.0000,0.0000,0,0,0,0,0,0,0,0,0,0,0,0,0,0,0,0,0,0,0,0,0,0,0,0,0
WG_METRICS 1680,256,768,1.0315,0.0042,0.0032,0.9888,0.0197,0.0155,256,768,196608,393216,198826.9062,397653.8125,0.0000,0,0.0000,0.0000,0,0.0000,0,0.0000,0.0000,0,0.0000,0.0000,0,0,0,0,0,0,0,0,0,0,0,0,0,0,0,0,0,0,0,0,0,0,0,0,0
WG_METRICS 1681,256,768,1.0399,0.0042,0.0032,0.9974,0.0198,0.0153,256,768,196608,393216,197120.5156,394241.0312,0.0000,0,0.0000,0.0000,0,0.0000,0,0.0000,0.0000,0,0.0000,0.0000,0,0,0,0,0,0,0,0,0,0,0,0,0,0,0,0,0,0,0,0,0,0,0,0,0
WG_METRICS 1682,256,768,1.0262,0.0042,0.0032,0.9925,0.0110,0.0152,256,768,196608,393216,198097.7031,396195.4062,0.0000,0,0.0000,0.0000,0,0.0000,0,0.0000,0.0000,0,0.0000,0.0000,0,0,0,0,0,0,0,0,0,0,0,0,0,0,0,0,0,0,0,0,0,0,0,0,0
WG_METRICS 1683,256,768,1.0348,0.0042,0.0033,0.9966,0.0154,0.0154,256,768,196608,393216,197278.7500,394557.5000,0.0000,0,0.0000,0.0000,0,0.0000,0,0.0000,0.0000,0,0.0000,0.0000,0,0,0,0,0,0,0,0,0,0,0,0,0,0,0,0,0,0,0,0,0,0,0,0,0
WG_METRICS 1684,256,768,1.0298,0.0042,0.0033,0.9872,0.0197,0.0155,256,768,196608,393216,199157.2031,398314.4062,0.0000,0,0.0000,0.0000,0,0.0000,0,0.0000,0.0000,0,0.0000,0.0000,0,0,0,0,0,0,0,0,0,0,0,0,0,0,0,0,0,0,0,0,0,0,0,0,0
WG_METRICS 1685,256,768,1.0268,0.0042,0.0033,0.9832,0.0196,0.0164,256,768,196608,393216,199959.3125,399918.6250,0.0000,0,0.0000,0.0000,0,0.0000,0,0.0000,0.0000,0,0.0000,0.0000,0,0,0,0,0,0,0,0,0,0,0,0,0,0,0,0,0,0,0,0,0,0,0,0,0
WG_METRICS 1686,256,768,1.0415,0.0042,0.0032,1.0075,0.0112,0.0154,256,768,196608,393216,195148.2812,390296.5625,0.0000,0,0.0000,0.0000,0,0.0000,0,0.0000,0.0000,0,0.0000,0.0000,0,0,0,0,0,0,0,0,0,0,0,0,0,0,0,0,0,0,0,0,0,0,0,0,0
WG_METRICS 1687,256,768,1.0264,0.0041,0.0032,0.9924,0.0111,0.0155,256,768,196608,393216,198105.6875,396211.3750,0.0000,0,0.0000,0.0000,0,0.0000,0,0.0000,0.0000,0,0.0000,0.0000,0,0,0,0,0,0,0,0,0,0,0,0,0,0,0,0,0,0,0,0,0,0,0,0,0
WG_METRICS 1688,256,768,1.0337,0.0042,0.0033,0.9998,0.0111,0.0154,256,768,196608,393216,196655.2031,393310.4062,0.0000,0,0.0000,0.0000,0,0.0000,0,0.0000,0.0000,0,0.0000,0.0000,0,0,0,0,0,0,0,0,0,0,0,0,0,0,0,0,0,0,0,0,0,0,0,0,0
WG_METRICS 1689,256,768,1.0214,0.0042,0.0033,0.9876,0.0111,0.0153,256,768,196608,393216,199084.6250,398169.2500,0.0000,0,0.0000,0.0000,0,0.0000,0,0.0000,0.0000,0,0.0000,0.0000,0,0,0,0,0,0,0,0,0,0,0,0,0,0,0,0,0,0,0,0,0,0,0,0,0
WG_METRICS 1690,256,768,1.0270,0.0042,0.0033,0.9931,0.0110,0.0155,256,768,196608,393216,197970.0312,395940.0625,0.0000,0,0.0000,0.0000,0,0.0000,0,0.0000,0.0000,0,0.0000,0.0000,0,0,0,0,0,0,0,0,0,0,0,0,0,0,0,0,0,0,0,0,0,0,0,0,0
WG_METRICS 1691,256,768,1.0430,0.0042,0.0033,1.0089,0.0112,0.0154,256,768,196608,393216,194869.7656,389739.5312,0.0000,0,0.0000,0.0000,0,0.0000,0,0.0000,0.0000,0,0.0000,0.0000,0,0,0,0,0,0,0,0,0,0,0,0,0,0,0,0,0,0,0,0,0,0,0,0,0
WG_METRICS 1692,256,768,1.0256,0.0042,0.0033,0.9917,0.0110,0.0155,256,768,196608,393216,198257.5000,396515.0000,0.0000,0,0.0000,0.0000,0,0.0000,0,0.0000,0.0000,0,0.0000,0.0000,0,0,0,0,0,0,0,0,0,0,0,0,0,0,0,0,0,0,0,0,0,0,0,0,0
WG_METRICS 1693,256,768,1.0283,0.0042,0.0032,0.9940,0.0110,0.0158,256,768,196608,393216,197786.8125,395573.6250,0.0000,0,0.0000,0.0000,0,0.0000,0,0.0000,0.0000,0,0.0000,0.0000,0,0,0,0,0,0,0,0,0,0,0,0,0,0,0,0,0,0,0,0,0,0,0,0,0
WG_METRICS 1694,256,768,1.0241,0.0042,0.0033,0.9896,0.0111,0.0160,256,768,196608,393216,198682.2344,397364.4688,0.0000,0,0.0000,0.0000,0,0.0000,0,0.0000,0.0000,0,0.0000,0.0000,0,0,0,0,0,0,0,0,0,0,0,0,0,0,0,0,0,0,0,0,0,0,0,0,0
WG_METRICS 1695,256,768,1.0191,0.0042,0.0033,0.9849,0.0110,0.0157,256,768,196608,393216,199618.2344,399236.4688,0.0000,0,0.0000,0.0000,0,0.0000,0,0.0000,0.0000,0,0.0000,0.0000,0,0,0,0,0,0,0,0,0,0,0,0,0,0,0,0,0,0,0,0,0,0,0,0,0
WG_METRICS 1696,256,768,1.0330,0.0041,0.0033,0.9906,0.0198,0.0152,256,768,196608,393216,198473.6562,396947.3125,0.0000,0,0.0000,0.0000,0,0.0000,0,0.0000,0.0000,0,0.0000,0.0000,0,0,0,0,0,0,0,0,0,0,0,0,0,0,0,0,0,0,0,0,0,0,0,0,0
WG_METRICS 1697,256,768,1.0240,0.0042,0.0033,0.9901,0.0112,0.0152,256,768,196608,393216,198569.8750,397139.7500,0.0000,0,0.0000,0.0000,0,0.0000,0,0.0000,0.0000,0,0.0000,0.0000,0,0,0,0,0,0,0,0,0,0,0,0,0,0,0,0,0,0,0,0,0,0,0,0,0
WG_METRICS 1698,256,768,1.0334,0.0042,0.0032,0.9996,0.0110,0.0153,256,768,196608,393216,196686.6719,393373.3438,0.0000,0,0.0000,0.0000,0,0.0000,0,0.0000,0.0000,0,0.0000,0.0000,0,0,0,0,0,0,0,0,0,0,0,0,0,0,0,0,0,0,0,0,0,0,0,0,0
WG_METRICS 1699,256,768,1.0167,0.0042,0.0033,0.9824,0.0112,0.0157,256,768,196608,393216,200138.4375,400276.8750,0.0000,0,0.0000,0.0000,0,0.0000,0,0.0000,0.0000,0,0.0000,0.0000,0,0,0,0,0,0,0,0,0,0,0,0,0,0,0,0,0,0,0,0,0,0,0,0,0
WG_METRICS 1700,256,768,1.0313,0.0042,0.0033,0.9972,0.0110,0.0157,256,768,196608,393216,197160.0469,394320.0938,0.0000,0,0.0000,0.0000,0,0.0000,0,0.0000,0.0000,0,0.0000,0.0000,0,0,0,0,0,0,0,0,0,0,0,0,0,0,0,0,0,0,0,0,0,0,0,0,0
WG_METRICS 1701,256,768,1.0112,0.0042,0.0032,0.9762,0.0112,0.0163,256,768,196608,393216,201393.1094,402786.2188,0.0000,0,0.0000,0.0000,0,0.0000,0,0.0000,0.0000,0,0.0000,0.0000,0,0,0,0,0,0,0,0,0,0,0,0,0,0,0,0,0,0,0,0,0,0,0,0,0
WG_METRICS 1702,256,768,1.0215,0.0042,0.0032,0.9916,0.0067,0.0157,256,768,196608,393216,198273.5000,396547.0000,0.0000,0,0.0000,0.0000,0,0.0000,0,0.0000,0.0000,0,0.0000,0.0000,0,0,0,0,0,0,0,0,0,0,0,0,0,0,0,0,0,0,0,0,0,0,0,0,0
WG_METRICS 1703,256,768,1.0116,0.0042,0.0033,0.9775,0.0112,0.0154,256,768,196608,393216,201129.3906,402258.7812,0.0000,0,0.0000,0.0000,0,0.0000,0,0.0000,0.0000,0,0.0000,0.0000,0,0,0,0,0,0,0,0,0,0,0,0,0,0,0,0,0,0,0,0,0,0,0,0,0
WG_METRICS 1704,256,768,1.0345,0.0042,0.0033,0.9919,0.0197,0.0154,256,768,196608,393216,198217.5312,396435.0625,0.0000,0,0.0000,0.0000,0,0.0000,0,0.0000,0.0000,0,0.0000,0.0000,0,0,0,0,0,0,0,0,0,0,0,0,0,0,0,0,0,0,0,0,0,0,0,0,0
WG_METRICS 1705,256,768,1.0241,0.0047,0.0033,0.9812,0.0197,0.0152,256,768,196608,393216,200366.8906,400733.7812,0.0000,0,0.0000,0.0000,0,0.0000,0,0.0000,0.0000,0,0.0000,0.0000,0,0,0,0,0,0,0,0,0,0,0,0,0,0,0,0,0,0,0,0,0,0,0,0,0
WG_METRICS 1706,256,768,1.0161,0.0041,0.0033,0.9825,0.0110,0.0152,256,768,196608,393216,200105.8594,400211.7188,0.0000,0,0.0000,0.0000,0,0.0000,0,0.0000,0.0000,0,0.0000,0.0000,0,0,0,0,0,0,0,0,0,0,0,0,0,0,0,0,0,0,0,0,0,0,0,0,0
WG_METRICS 1707,256,768,1.0206,0.0042,0.0032,0.9868,0.0112,0.0153,256,768,196608,393216,199246.0156,398492.0312,0.0000,0,0.0000,0.0000,0,0.0000,0,0.0000,0.0000,0,0.0000,0.0000,0,0,0,0,0,0,0,0,0,0,0,0,0,0,0,0,0,0,0,0,0,0,0,0,0
WG_METRICS 1708,256,768,1.0309,0.0042,0.0032,0.9970,0.0109,0.0156,256,768,196608,393216,197207.5156,394415.0312,0.0000,0,0.0000,0.0000,0,0.0000,0,0.0000,0.0000,0,0.0000,0.0000,0,0,0,0,0,0,0,0,0,0,0,0,0,0,0,0,0,0,0,0,0,0,0,0,0
WG_METRICS 1709,256,768,1.0320,0.0044,0.0033,0.9972,0.0110,0.0160,256,768,196608,393216,197152.1406,394304.2812,0.0000,0,0.0000,0.0000,0,0.0000,0,0.0000,0.0000,0,0.0000,0.0000,0,0,0,0,0,0,0,0,0,0,0,0,0,0,0,0,0,0,0,0,0,0,0,0,0
WG_METRICS 1710,256,768,1.0349,0.0042,0.0032,0.9925,0.0198,0.0153,256,768,196608,393216,198097.7031,396195.4062,0.0000,0,0.0000,0.0000,0,0.0000,0,0.0000,0.0000,0,0.0000,0.0000,0,0,0,0,0,0,0,0,0,0,0,0,0,0,0,0,0,0,0,0,0,0,0,0,0
WG_METRICS 1711,256,768,1.0221,0.0042,0.0032,0.9882,0.0112,0.0154,256,768,196608,393216,198963.7344,397927.4688,0.0000,0,0.0000,0.0000,0,0.0000,0,0.0000,0.0000,0,0.0000,0.0000,0,0,0,0,0,0,0,0,0,0,0,0,0,0,0,0,0,0,0,0,0,0,0,0,0
WG_METRICS 1712,256,768,1.0326,0.0042,0.0032,0.9986,0.0111,0.0154,256,768,196608,393216,196891.5156,393783.0312,0.0000,0,0.0000,0.0000,0,0.0000,0,0.0000,0.0000,0,0.0000,0.0000,0,0,0,0,0,0,0,0,0,0,0,0,0,0,0,0,0,0,0,0,0,0,0,0,0
WG_METRICS 1713,256,768,1.0632,0.0044,0.0041,1.0123,0.0254,0.0170,256,768,196608,393216,194222.9375,388445.8750,0.0000,0,0.0000,0.0000,0,0.0000,0,0.0000,0.0000,0,0.0000,0.0000,0,0,0,0,0,0,0,0,0,0,0,0,0,0,0,0,0,0,0,0,0,0,0,0,0
WG_METRICS 1714,256,768,1.0366,0.0042,0.0032,0.9934,0.0199,0.0159,256,768,196608,393216,197914.2344,395828.4688,0.0000,0,0.0000,0.0000,0,0.0000,0,0.0000,0.0000,0,0.0000,0.0000,0,0,0,0,0,0,0,0,0,0,0,0,0,0,0,0,0,0,0,0,0,0,0,0,0
WG_METRICS 1715,256,768,1.0208,0.0042,0.0033,0.9868,0.0112,0.0153,256,768,196608,393216,199229.8594,398459.7188,0.0000,0,0.0000,0.0000,0,0.0000,0,0.0000,0.0000,0,0.0000,0.0000,0,0,0,0,0,0,0,0,0,0,0,0,0,0,0,0,0,0,0,0,0,0,0,0,0
WG_METRICS 1716,256,768,1.0295,0.0045,0.0032,0.9864,0.0199,0.0154,256,768,196608,393216,199318.7344,398637.4688,0.0000,0,0.0000,0.0000,0,0.0000,0,0.0000,0.0000,0,0.0000,0.0000,0,0,0,0,0,0,0,0,0,0,0,0,0,0,0,0,0,0,0,0,0,0,0,0,0
WG_METRICS 1717,256,768,1.0394,0.0042,0.0033,1.0055,0.0110,0.0154,256,768,196608,393216,195536.4531,391072.9062,0.0000,0,0.0000,0.0000,0,0.0000,0,0.0000,0.0000,0,0.0000,0.0000,0,0,0,0,0,0,0,0,0,0,0,0,0,0,0,0,0,0,0,0,0,0,0,0,0
WG_METRICS 1718,256,768,1.0208,0.0041,0.0033,0.9886,0.0087,0.0160,256,768,196608,393216,198867.1250,397734.2500,0.0000,0,0.0000,0.0000,0,0.0000,0,0.0000,0.0000,0,0.0000,0.0000,0,0,0,0,0,0,0,0,0,0,0,0,0,0,0,0,0,0,0,0,0,0,0,0,0
WG_METRICS 1719,256,768,1.0328,0.0042,0.0032,0.9903,0.0198,0.0153,256,768,196608,393216,198537.7969,397075.5938,0.0000,0,0.0000,0.0000,0,0.0000,0,0.0000,0.0000,0,0.0000,0.0000,0,0,0,0,0,0,0,0,0,0,0,0,0,0,0,0,0,0,0,0,0,0,0,0,0
WG_METRICS 1720,256,768,1.0245,0.0042,0.0033,0.9906,0.0112,0.0152,256,768,196608,393216,198465.6406,396931.2812,0.0000,0,0.0000,0.0000,0,0.0000,0,0.0000,0.0000,0,0.0000,0.0000,0,0,0,0,0,0,0,0,0,0,0,0,0,0,0,0,0,0,0,0,0,0,0,0,0
WG_METRICS 1721,256,768,1.0201,0.0042,0.0033,0.9860,0.0110,0.0156,256,768,196608,393216,199399.5938,398799.1875,0.0000,0,0.0000,0.0000,0,0.0000,0,0.0000,0.0000,0,0.0000,0.0000,0,0,0,0,0,0,0,0,0,0,0,0,0,0,0,0,0,0,0,0,0,0,0,0,0
WG_METRICS 1722,256,768,1.0264,0.0042,0.0033,0.9839,0.0197,0.0154,256,768,196608,393216,199829.2500,399658.5000,0.0000,0,0.0000,0.0000,0,0.0000,0,0.0000,0.0000,0,0.0000,0.0000,0,0,0,0,0,0,0,0,0,0,0,0,0,0,0,0,0,0,0,0,0,0,0,0,0
WG_METRICS 1723,256,768,1.0226,0.0042,0.0033,0.9886,0.0112,0.0153,256,768,196608,393216,198875.1719,397750.3438,0.0000,0,0.0000,0.0000,0,0.0000,0,0.0000,0.0000,0,0.0000,0.0000,0,0,0,0,0,0,0,0,0,0,0,0,0,0,0,0,0,0,0,0,0,0,0,0,0
WG_METRICS 1724,256,768,1.0116,0.0042,0.0033,0.9761,0.0111,0.0170,256,768,196608,393216,201426.1094,402852.2188,0.0000,0,0.0000,0.0000,0,0.0000,0,0.0000,0.0000,0,0.0000,0.0000,0,0,0,0,0,0,0,0,0,0,0,0,0,0,0,0,0,0,0,0,0,0,0,0,0
WG_METRICS 1725,256,768,1.0218,0.0042,0.0033,0.9923,0.0068,0.0153,256,768,196608,393216,198129.6406,396259.2812,0.0000,0,0.0000,0.0000,0,0.0000,0,0.0000,0.0000,0,0.0000,0.0000,0,0,0,0,0,0,0,0,0,0,0,0,0,0,0,0,0,0,0,0,0,0,0,0,0
WG_METRICS 1726,256,768,1.0277,0.0042,0.0033,0.9938,0.0111,0.0154,256,768,196608,393216,197834.5781,395669.1562,0.0000,0,0.0000,0.0000,0,0.0000,0,0.0000,0.0000,0,0.0000,0.0000,0,0,0,0,0,0,0,0,0,0,0,0,0,0,0,0,0,0,0,0,0,0,0,0,0
WG_METRICS 1727,256,768,1.0324,0.0042,0.0033,0.9979,0.0112,0.0159,256,768,196608,393216,197025.7031,394051.4062,0.0000,0,0.0000,0.0000,0,0.0000,0,0.0000,0.0000,0,0.0000,0.0000,0,0,0,0,0,0,0,0,0,0,0,0,0,0,0,0,0,0,0,0,0,0,0,0,0
WG_METRICS 1728,256,768,1.0275,0.0042,0.0033,0.9938,0.0110,0.0153,256,768,196608,393216,197842.5469,395685.0938,0.0000,0,0.0000,0.0000,0,0.0000,0,0.0000,0.0000,0,0.0000,0.0000,0,0,0,0,0,0,0,0,0,0,0,0,0,0,0,0,0,0,0,0,0,0,0,0,0
WG_METRICS 1729,256,768,1.0179,0.0042,0.0033,0.9840,0.0112,0.0152,256,768,196608,393216,199804.8750,399609.7500,0.0000,0,0.0000,0.0000,0,0.0000,0,0.0000,0.0000,0,0.0000,0.0000,0,0,0,0,0,0,0,0,0,0,0,0,0,0,0,0,0,0,0,0,0,0,0,0,0
WG_METRICS 1730,256,768,1.0216,0.0042,0.0033,0.9909,0.0076,0.0157,256,768,196608,393216,198409.5625,396819.1250,0.0000,0,0.0000,0.0000,0,0.0000,0,0.0000,0.0000,0,0.0000,0.0000,0,0,0,0,0,0,0,0,0,0,0,0,0,0,0,0,0,0,0,0,0,0,0,0,0
WG_METRICS 1731,256,768,1.0309,0.0042,0.0032,0.9961,0.0110,0.0163,256,768,196608,393216,197373.8125,394747.6250,0.0000,0,0.0000,0.0000,0,0.0000,0,0.0000,0.0000,0,0.0000,0.0000,0,0,0,0,0,0,0,0,0,0,0,0,0,0,0,0,0,0,0,0,0,0,0,0,0
WG_METRICS 1732,256,768,1.0229,0.0042,0.0033,0.9890,0.0111,0.0153,256,768,196608,393216,198786.7031,397573.4062,0.0000,0,0.0000,0.0000,0,0.0000,0,0.0000,0.0000,0,0.0000,0.0000,0,0,0,0,0,0,0,0,0,0,0,0,0,0,0,0,0,0,0,0,0,0,0,0,0
WG_METRICS 1733,256,768,1.0302,0.0042,0.0033,0.9963,0.0112,0.0154,256,768,196608,393216,197342.1094,394684.2188,0.0000,0,0.0000,0.0000,0,0.0000,0,0.0000,0.0000,0,0.0000,0.0000,0,0,0,0,0,0,0,0,0,0,0,0,0,0,0,0,0,0,0,0,0,0,0,0,0
WG_METRICS 1734,256,768,1.0229,0.0042,0.0032,0.9801,0.0199,0.0154,256,768,196608,393216,200595.8438,401191.6875,0.0000,0,0.0000,0.0000,0,0.0000,0,0.0000,0.0000,0,0.0000,0.0000,0,0,0,0,0,0,0,0,0,0,0,0,0,0,0,0,0,0,0,0,0,0,0,0,0
WG_METRICS 1735,256,768,1.0265,0.0042,0.0032,0.9928,0.0109,0.0153,256,768,196608,393216,198025.8594,396051.7188,0.0000,0,0.0000,0.0000,0,0.0000,0,0.0000,0.0000,0,0.0000,0.0000,0,0,0,0,0,0,0,0,0,0,0,0,0,0,0,0,0,0,0,0,0,0,0,0,0
WG_METRICS 1736,256,768,1.0440,0.0042,0.0033,1.0014,0.0195,0.0156,256,768,196608,393216,196325.2812,392650.5625,0.0000,0,0.0000,0.0000,0,0.0000,0,0.0000,0.0000,0,0.0000,0.0000,0,0,0,0,0,0,0,0,0,0,0,0,0,0,0,0,0,0,0,0,0,0,0,0,0
WG_METRICS 1737,256,768,1.0214,0.0042,0.0032,0.9874,0.0111,0.0154,256,768,196608,393216,199124.9375,398249.8750,0.0000,0,0.0000,0.0000,0,0.0000,0,0.0000,0.0000,0,0.0000,0.0000,0,0,0,0,0,0,0,0,0,0,0,0,0,0,0,0,0,0,0,0,0,0,0,0,0
WG_METRICS 1738,256,768,1.0335,0.0042,0.0033,1.0031,0.0075,0.0154,256,768,196608,393216,196004.3125,392008.6250,0.0000,0,0.0000,0.0000,0,0.0000,0,0.0000,0.0000,0,0.0000,0.0000,0,0,0,0,0,0,0,0,0,0,0,0,0,0,0,0,0,0,0,0,0,0,0,0,0
WG_METRICS 1739,256,768,1.0170,0.0041,0.0033,0.9829,0.0111,0.0156,256,768,196608,393216,200032.5625,400065.1250,0.0000,0,0.0000,0.0000,0,0.0000,0,0.0000,0.0000,0,0.0000,0.0000,0,0,0,0,0,0,0,0,0,0,0,0,0,0,0,0,0,0,0,0,0,0,0,0,0
WG_METRICS 1740,256,768,1.0353,0.0042,0.0032,1.0010,0.0112,0.0157,256,768,196608,393216,196411.5781,392823.1562,0.0000,0,0.0000,0.0000,0,0.0000,0,0.0000,0.0000,0,0.0000,0.0000,0,0,0,0,0,0,0,0,0,0,0,0,0,0,0,0,0,0,0,0,0,0,0,0,0
WG_METRICS 1741,256,768,1.0384,0.0042,0.0032,0.9960,0.0198,0.0153,256,768,196608,393216,197405.5156,394811.0312,0.0000,0,0.0000,0.0000,0,0.0000,0,0.0000,0.0000,0,0.0000,0.0000,0,0,0,0,0,0,0,0,0,0,0,0,0,0,0,0,0,0,0,0,0,0,0,0,0
WG_METRICS 1742,256,768,1.0338,0.0041,0.0033,1.0040,0.0069,0.0156,256,768,196608,393216,195832.5000,391665.0000,0.0000,0,0.0000,0.0000,0,0.0000,0,0.0000,0.0000,0,0.0000,0.0000,0,0,0,0,0,0,0,0,0,0,0,0,0,0,0,0,0,0,0,0,0,0,0,0,0
WG_METRICS 1743,256,768,1.0657,0.0042,0.0033,1.0228,0.0198,0.0156,256,768,196608,393216,192232.7812,384465.5625,0.0000,0,0.0000,0.0000,0,0.0000,0,0.0000,0.0000,0,0.0000,0.0000,0,0,0,0,0,0,0,0,0,0,0,0,0,0,0,0,0,0,0,0,0,0,0,0,0
WG_METRICS 1744,256,768,1.0354,0.0042,0.0033,0.9920,0.0200,0.0160,256,768,196608,393216,198193.5469,396387.0938,0.0000,0,0.0000,0.0000,0,0.0000,0,0.0000,0.0000,0,0.0000,0.0000,0,0,0,0,0,0,0,0,0,0,0,0,0,0,0,0,0,0,0,0,0,0,0,0,0
WG_METRICS 1745,256,768,1.0340,0.0042,0.0033,0.9991,0.0109,0.0165,256,768,196608,393216,196781.1719,393562.3438,0.0000,0,0.0000,0.0000,0,0.0000,0,0.0000,0.0000,0,0.0000,0.0000,0,0,0,0,0,0,0,0,0,0,0,0,0,0,0,0,0,0,0,0,0,0,0,0,0
WG_METRICS 1746,256,768,1.0474,0.0042,0.0033,1.0047,0.0198,0.0154,256,768,196608,393216,195684.3750,391368.7500,0.0000,0,0.0000,0.0000,0,0.0000,0,0.0000,0.0000,0,0.0000,0.0000,0,0,0,0,0,0,0,0,0,0,0,0,0,0,0,0,0,0,0,0,0,0,0,0,0
WG_METRICS 1747,256,768,1.0264,0.0042,0.0033,0.9830,0.0200,0.0159,256,768,196608,393216,200008.1406,400016.2812,0.0000,0,0.0000,0.0000,0,0.0000,0,0.0000,0.0000,0,0.0000,0.0000,0,0,0,0,0,0,0,0,0,0,0,0,0,0,0,0,0,0,0,0,0,0,0,0,0
WG_METRICS 1748,256,768,1.0211,0.0042,0.0033,0.9779,0.0197,0.0160,256,768,196608,393216,201055.3438,402110.6875,0.0000,0,0.0000,0.0000,0,0.0000,0,0.0000,0.0000,0,0.0000,0.0000,0,0,0,0,0,0,0,0,0,0,0,0,0,0,0,0,0,0,0,0,0,0,0,0,0
WG_METRICS 1749,256,768,1.0296,0.0041,0.0033,0.9946,0.0112,0.0163,256,768,196608,393216,197675.4531,395350.9062,0.0000,0,0.0000,0.0000,0,0.0000,0,0.0000,0.0000,0,0.0000,0.0000,0,0,0,0,0,0,0,0,0,0,0,0,0,0,0,0,0,0,0,0,0,0,0,0,0
WG_METRICS 1750,256,768,1.0300,0.0042,0.0033,0.9940,0.0123,0.0162,256,768,196608,393216,197802.7188,395605.4375,0.0000,0,0.0000,0.0000,0,0.0000,0,0.0000,0.0000,0,0.0000,0.0000,0,0,0,0,0,0,0,0,0,0,0,0,0,0,0,0,0,0,0,0,0,0,0,0,0
WG_METRICS 1751,256,768,1.0568,0.0044,0.0033,1.0139,0.0198,0.0155,256,768,196608,393216,193908.7969,387817.5938,0.0000,0,0.0000,0.0000,0,0.0000,0,0.0000,0.0000,0,0.0000,0.0000,0,0,0,0,0,0,0,0,0,0,0,0,0,0,0,0,0,0,0,0,0,0,0,0,0
WG_METRICS 1752,256,768,1.0158,0.0042,0.0033,0.9810,0.0113,0.0161,256,768,196608,393216,200424.0781,400848.1562,0.0000,0,0.0000,0.0000,0,0.0000,0,0.0000,0.0000,0,0.0000,0.0000,0,0,0,0,0,0,0,0,0,0,0,0,0,0,0,0,0,0,0,0,0,0,0,0,0
WG_METRICS 1753,256,768,1.0224,0.0042,0.0032,0.9950,0.0047,0.0152,256,768,196608,393216,197588.0312,395176.0625,0.0000,0,0.0000,0.0000,0,0.0000,0,0.0000,0.0000,0,0.0000,0.0000,0,0,0,0,0,0,0,0,0,0,0,0,0,0,0,0,0,0,0,0,0,0,0,0,0
WG_METRICS 1754,256,768,1.0308,0.0042,0.0033,0.9881,0.0199,0.0154,256,768,196608,393216,198971.7812,397943.5625,0.0000,0,0.0000,0.0000,0,0.0000,0,0.0000,0.0000,0,0.0000,0.0000,0,0,0,0,0,0,0,0,0,0,0,0,0,0,0,0,0,0,0,0,0,0,0,0,0
WG_METRICS 1755,256,768,1.0251,0.0042,0.0033,0.9906,0.0110,0.0160,256,768,196608,393216,198473.6562,396947.3125,0.0000,0,0.0000,0.0000,0,0.0000,0,0.0000,0.0000,0,0.0000,0.0000,0,0,0,0,0,0,0,0,0,0,0,0,0,0,0,0,0,0,0,0,0,0,0,0,0
WG_METRICS 1756,256,768,1.0373,0.0042,0.0032,1.0020,0.0113,0.0165,256,768,196608,393216,196207.7344,392415.4688,0.0000,0,0.0000,0.0000,0,0.0000,0,0.0000,0.0000,0,0.0000,0.0000,0,0,0,0,0,0,0,0,0,0,0,0,0,0,0,0,0,0,0,0,0,0,0,0,0
WG_METRICS 1757,256,768,1.0354,0.0042,0.0033,0.9927,0.0197,0.0156,256,768,196608,393216,198057.7812,396115.5625,0.0000,0,0.0000,0.0000,0,0.0000,0,0.0000,0.0000,0,0.0000,0.0000,0,0,0,0,0,0,0,0,0,0,0,0,0,0,0,0,0,0,0,0,0,0,0,0,0
WG_METRICS 1758,256,768,1.0167,0.0042,0.0033,0.9869,0.0068,0.0156,256,768,196608,393216,199213.7188,398427.4375,0.0000,0,0.0000,0.0000,0,0.0000,0,0.0000,0.0000,0,0.0000,0.0000,0,0,0,0,0,0,0,0,0,0,0,0,0,0,0,0,0,0,0,0,0,0,0,0,0
WG_METRICS 1759,256,768,1.0232,0.0042,0.0032,0.9892,0.0110,0.0156,256,768,196608,393216,198762.5938,397525.1875,0.0000,0,0.0000,0.0000,0,0.0000,0,0.0000,0.0000,0,0.0000,0.0000,0,0,0,0,0,0,0,0,0,0,0,0,0,0,0,0,0,0,0,0,0,0,0,0,0
WG_METRICS 1760,256,768,1.0278,0.0042,0.0033,0.9852,0.0198,0.0154,256,768,196608,393216,199569.6094,399139.2188,0.0000,0,0.0000,0.0000,0,0.0000,0,0.0000,0.0000,0,0.0000,0.0000,0,0,0,0,0,0,0,0,0,0,0,0,0,0,0,0,0,0,0,0,0,0,0,0,0
WG_METRICS 1761,256,768,1.0334,0.0042,0.0033,0.9904,0.0198,0.0158,256,768,196608,393216,198521.7500,397043.5000,0.0000,0,0.0000,0.0000,0,0.0000,0,0.0000,0.0000,0,0.0000,0.0000,0,0,0,0,0,0,0,0,0,0,0,0,0,0,0,0,0,0,0,0,0,0,0,0,0
WG_METRICS 1762,256,768,1.0245,0.0042,0.0032,0.9816,0.0200,0.0155,256,768,196608,393216,200301.5625,400603.1250,0.0000,0,0.0000,0.0000,0,0.0000,0,0.0000,0.0000,0,0.0000,0.0000,0,0,0,0,0,0,0,0,0,0,0,0,0,0,0,0,0,0,0,0,0,0,0,0,0
WG_METRICS 1763,256,768,1.0464,0.0042,0.0033,1.0033,0.0199,0.0157,256,768,196608,393216,195957.4219,391914.8438,0.0000,0,0.0000,0.0000,0,0.0000,0,0.0000,0.0000,0,0.0000,0.0000,0,0,0,0,0,0,0,0,0,0,0,0,0,0,0,0,0,0,0,0,0,0,0,0,0
WG_METRICS 1764,256,768,1.0302,0.0042,0.0032,0.9962,0.0112,0.0154,256,768,196608,393216,197357.9531,394715.9062,0.0000,0,0.0000,0.0000,0,0.0000,0,0.0000,0.0000,0,0.0000,0.0000,0,0,0,0,0,0,0,0,0,0,0,0,0,0,0,0,0,0,0,0,0,0,0,0,0
WG_METRICS 1765,256,768,1.0252,0.0042,0.0033,0.9898,0.0112,0.0168,256,768,196608,393216,198634.0781,397268.1562,0.0000,0,0.0000,0.0000,0,0.0000,0,0.0000,0.0000,0,0.0000,0.0000,0,0,0,0,0,0,0,0,0,0,0,0,0,0,0,0,0,0,0,0,0,0,0,0,0
WG_METRICS 1766,256,768,1.0334,0.0042,0.0032,0.9902,0.0199,0.0158,256,768,196608,393216,198545.8125,397091.6250,0.0000,0,0.0000,0.0000,0,0.0000,0,0.0000,0.0000,0,0.0000,0.0000,0,0,0,0,0,0,0,0,0,0,0,0,0,0,0,0,0,0,0,0,0,0,0,0,0
WG_METRICS 1767,256,768,1.0239,0.0042,0.0033,0.9902,0.0109,0.0153,256,768,196608,393216,198545.8125,397091.6250,0.0000,0,0.0000,0.0000,0,0.0000,0,0.0000,0.0000,0,0.0000,0.0000,0,0,0,0,0,0,0,0,0,0,0,0,0,0,0,0,0,0,0,0,0,0,0,0,0
WG_METRICS 1768,256,768,1.0138,0.0042,0.0032,0.9834,0.0074,0.0155,256,768,196608,393216,199918.6562,399837.3125,0.0000,0,0.0000,0.0000,0,0.0000,0,0.0000,0.0000,0,0.0000,0.0000,0,0,0,0,0,0,0,0,0,0,0,0,0,0,0,0,0,0,0,0,0,0,0,0,0
WG_METRICS 1769,256,768,1.0296,0.0042,0.0032,1.0021,0.0042,0.0159,256,768,196608,393216,196192.0625,392384.1250,0.0000,0,0.0000,0.0000,0,0.0000,0,0.0000,0.0000,0,0.0000,0.0000,0,0,0,0,0,0,0,0,0,0,0,0,0,0,0,0,0,0,0,0,0,0,0,0,0
WG_METRICS 1770,256,768,1.0176,0.0042,0.0033,0.9750,0.0198,0.0154,256,768,196608,393216,201657.5000,403315.0000,0.0000,0,0.0000,0.0000,0,0.0000,0,0.0000,0.0000,0,0.0000,0.0000,0,0,0,0,0,0,0,0,0,0,0,0,0,0,0,0,0,0,0,0,0,0,0,0,0
WG_METRICS 1771,256,768,1.0284,0.0041,0.0033,0.9936,0.0118,0.0156,256,768,196608,393216,197866.4219,395732.8438,0.0000,0,0.0000,0.0000,0,0.0000,0,0.0000,0.0000,0,0.0000,0.0000,0,0,0,0,0,0,0,0,0,0,0,0,0,0,0,0,0,0,0,0,0,0,0,0,0
WG_METRICS 1772,256,768,1.0364,0.0042,0.0032,1.0096,0.0040,0.0153,256,768,196608,393216,194738.5000,389477.0000,0.0000,0,0.0000,0.0000,0,0.0000,0,0.0000,0.0000,0,0.0000,0.0000,0,0,0,0,0,0,0,0,0,0,0,0,0,0,0,0,0,0,0,0,0,0,0,0,0
WG_METRICS 1773,256,768,1.0297,0.0042,0.0033,0.9870,0.0199,0.0153,256,768,196608,393216,199197.5781,398395.1562,0.0000,0,0.0000,0.0000,0,0.0000,0,0.0000,0.0000,0,0.0000,0.0000,0,0,0,0,0,0,0,0,0,0,0,0,0,0,0,0,0,0,0,0,0,0,0,0,0
WG_METRICS 1774,256,768,1.0136,0.0042,0.0033,0.9795,0.0110,0.0156,256,768,196608,393216,200718.7188,401437.4375,0.0000,0,0.0000,0.0000,0,0.0000,0,0.0000,0.0000,0,0.0000,0.0000,0,0,0,0,0,0,0,0,0,0,0,0,0,0,0,0,0,0,0,0,0,0,0,0,0
WG_METRICS 1775,256,768,1.0304,0.0042,0.0033,0.9964,0.0112,0.0154,256,768,196608,393216,197318.3438,394636.6875,0.0000,0,0.0000,0.0000,0,0.0000,0,0.0000,0.0000,0,0.0000,0.0000,0,0,0,0,0,0,0,0,0,0,0,0,0,0,0,0,0,0,0,0,0,0,0,0,0
WG_METRICS 1776,256,768,1.0461,0.0042,0.0033,1.0122,0.0110,0.0154,256,768,196608,393216,194245.9844,388491.9688,0.0000,0,0.0000,0.0000,0,0.0000,0,0.0000,0.0000,0,0.0000,0.0000,0,0,0,0,0,0,0,0,0,0,0,0,0,0,0,0,0,0,0,0,0,0,0,0,0
WG_METRICS 1777,256,768,1.0250,0.0044,0.0033,0.9910,0.0110,0.0154,256,768,196608,393216,198393.5469,396787.0938,0.0000,0,0.0000,0.0000,0,0.0000,0,0.0000,0.0000,0,0.0000,0.0000,0,0,0,0,0,0,0,0,0,0,0,0,0,0,0,0,0,0,0,0,0,0,0,0,0
WG_METRICS 1778,256,768,1.0422,0.0042,0.0032,1.0105,0.0089,0.0153,256,768,196608,393216,194561.2188,389122.4375,0.0000,0,0.0000,0.0000,0,0.0000,0,0.0000,0.0000,0,0.0000,0.0000,0,0,0,0,0,0,0,0,0,0,0,0,0,0,0,0,0,0,0,0,0,0,0,0,0
WG_METRICS 1779,256,768,1.0428,0.0042,0.0033,1.0087,0.0111,0.0156,256,768,196608,393216,194916.1250,389832.2500,0.0000,0,0.0000,0.0000,0,0.0000,0,0.0000,0.0000,0,0.0000,0.0000,0,0,0,0,0,0,0,0,0,0,0,0,0,0,0,0,0,0,0,0,0,0,0,0,0
WG_METRICS 1780,256,768,1.0792,0.0042,0.0032,0.9848,0.0453,0.0416,256,768,196608,393216,199650.6719,399301.3438,0.0000,0,0.0000,0.0000,0,0.0000,0,0.0000,0.0000,0,0.0000,0.0000,0,0,0,0,0,0,0,0,0,0,0,0,0,0,0,0,0,0,0,0,0,0,0,0,0
WG_METRICS 1781,256,768,1.0315,0.0042,0.0033,0.9888,0.0199,0.0154,256,768,196608,393216,198834.9531,397669.9062,0.0000,0,0.0000,0.0000,0,0.0000,0,0.0000,0.0000,0,0.0000,0.0000,0,0,0,0,0,0,0,0,0,0,0,0,0,0,0,0,0,0,0,0,0,0,0,0,0
WG_METRICS 1782,256,768,1.0277,0.0042,0.0032,0.9934,0.0112,0.0156,256,768,196608,393216,197906.2656,395812.5312,0.0000,0,0.0000,0.0000,0,0.0000,0,0.0000,0.0000,0,0.0000,0.0000,0,0,0,0,0,0,0,0,0,0,0,0,0,0,0,0,0,0,0,0,0,0,0,0,0
WG_METRICS 1783,256,768,1.0151,0.0042,0.0032,0.9853,0.0067,0.0157,256,768,196608,393216,199545.3125,399090.6250,0.0000,0,0.0000,0.0000,0,0.0000,0,0.0000,0.0000,0,0.0000,0.0000,0,0,0,0,0,0,0,0,0,0,0,0,0,0,0,0,0,0,0,0,0,0,0,0,0
WG_METRICS 1784,256,768,1.0310,0.0041,0.0033,0.9887,0.0197,0.0152,256,768,196608,393216,198859.0781,397718.1562,0.0000,0,0.0000,0.0000,0,0.0000,0,0.0000,0.0000,0,0.0000,0.0000,0,0,0,0,0,0,0,0,0,0,0,0,0,0,0,0,0,0,0,0,0,0,0,0,0
WG_METRICS 1785,256,768,1.0249,0.0042,0.0033,0.9821,0.0199,0.0154,256,768,196608,393216,200187.3594,400374.7188,0.0000,0,0.0000,0.0000,0,0.0000,0,0.0000,0.0000,0,0.0000,0.0000,0,0,0,0,0,0,0,0,0,0,0,0,0,0,0,0,0,0,0,0,0,0,0,0,0
WG_METRICS 1786,256,768,1.0333,0.0042,0.0033,0.9903,0.0198,0.0158,256,768,196608,393216,198529.7656,397059.5312,0.0000,0,0.0000,0.0000,0,0.0000,0,0.0000,0.0000,0,0.0000,0.0000,0,0,0,0,0,0,0,0,0,0,0,0,0,0,0,0,0,0,0,0,0,0,0,0,0
WG_METRICS 1787,256,768,1.0255,0.0045,0.0033,0.9914,0.0110,0.0154,256,768,196608,393216,198313.5000,396627.0000,0.0000,0,0.0000,0.0000,0,0.0000,0,0.0000,0.0000,0,0.0000,0.0000,0,0,0,0,0,0,0,0,0,0,0,0,0,0,0,0,0,0,0,0,0,0,0,0,0
WG_METRICS 1788,256,768,1.0281,0.0041,0.0033,0.9845,0.0198,0.0163,256,768,196608,393216,199699.3438,399398.6875,0.0000,0,0.0000,0.0000,0,0.0000,0,0.0000,0.0000,0,0.0000,0.0000,0,0,0,0,0,0,0,0,0,0,0,0,0,0,0,0,0,0,0,0,0,0,0,0,0
WG_METRICS 1789,256,768,1.0419,0.0047,0.0033,0.9988,0.0196,0.0155,256,768,196608,393216,196844.2188,393688.4375,0.0000,0,0.0000,0.0000,0,0.0000,0,0.0000,0.0000,0,0.0000,0.0000,0,0,0,0,0,0,0,0,0,0,0,0,0,0,0,0,0,0,0,0,0,0,0,0,0
WG_METRICS 1790,256,768,1.0323,0.0042,0.0033,0.9898,0.0197,0.0154,256,768,196608,393216,198626.0469,397252.0938,0.0000,0,0.0000,0.0000,0,0.0000,0,0.0000,0.0000,0,0.0000,0.0000,0,0,0,0,0,0,0,0,0,0,0,0,0,0,0,0,0,0,0,0,0,0,0,0,0
WG_METRICS 1791,256,768,1.0500,0.0042,0.0032,1.0156,0.0111,0.0159,256,768,196608,393216,193595.6406,387191.2812,0.0000,0,0.0000,0.0000,0,0.0000,0,0.0000,0.0000,0,0.0000,0.0000,0,0,0,0,0,0,0,0,0,0,0,0,0,0,0,0,0,0,0,0,0,0,0,0,0
WG_METRICS 1792,256,768,1.0290,0.0041,0.0033,0.9864,0.0198,0.0154,256,768,196608,393216,199310.6562,398621.3125,0.0000,0,0.0000,0.0000,0,0.0000,0,0.0000,0.0000,0,0.0000,0.0000,0,0,0,0,0,0,0,0,0,0,0,0,0,0,0,0,0,0,0,0,0,0,0,0,0
WG_METRICS 1793,256,768,1.0374,0.0042,0.0033,0.9946,0.0198,0.0156,256,768,196608,393216,197683.3906,395366.7812,0.0000,0,0.0000,0.0000,0,0.0000,0,0.0000,0.0000,0,0.0000,0.0000,0,0,0,0,0,0,0,0,0,0,0,0,0,0,0,0,0,0,0,0,0,0,0,0,0
WG_METRICS 1794,256,768,1.0306,0.0042,0.0033,0.9878,0.0198,0.0155,256,768,196608,393216,199036.2344,398072.4688,0.0000,0,0.0000,0.0000,0,0.0000,0,0.0000,0.0000,0,0.0000,0.0000,0,0,0,0,0,0,0,0,0,0,0,0,0,0,0,0,0,0,0,0,0,0,0,0,0
WG_METRICS 1795,256,768,1.0318,0.0042,0.0032,0.9892,0.0198,0.0154,256,768,196608,393216,198746.5156,397493.0312,0.0000,0,0.0000,0.0000,0,0.0000,0,0.0000,0.0000,0,0.0000,0.0000,0,0,0,0,0,0,0,0,0,0,0,0,0,0,0,0,0,0,0,0,0,0,0,0,0
WG_METRICS 1796,256,768,1.0320,0.0042,0.0033,0.9890,0.0199,0.0156,256,768,196608,393216,198794.7344,397589.4688,0.0000,0,0.0000,0.0000,0,0.0000,0,0.0000,0.0000,0,0.0000,0.0000,0,0,0,0,0,0,0,0,0,0,0,0,0,0,0,0,0,0,0,0,0,0,0,0,0
WG_METRICS 1797,256,768,1.0340,0.0043,0.0032,0.9902,0.0198,0.0164,256,768,196608,393216,198545.8125,397091.6250,0.0000,0,0.0000,0.0000,0,0.0000,0,0.0000,0.0000,0,0.0000,0.0000,0,0,0,0,0,0,0,0,0,0,0,0,0,0,0,0,0,0,0,0,0,0,0,0,0
WG_METRICS 1798,256,768,1.0402,0.0042,0.0032,0.9977,0.0198,0.0153,256,768,196608,393216,197057.2969,394114.5938,0.0000,0,0.0000,0.0000,0,0.0000,0,0.0000,0.0000,0,0.0000,0.0000,0,0,0,0,0,0,0,0,0,0,0,0,0,0,0,0,0,0,0,0,0,0,0,0,0
WG_METRICS 1799,256,768,1.0199,0.0043,0.0032,0.9770,0.0197,0.0156,256,768,196608,393216,201228.2031,402456.4062,0.0000,0,0.0000,0.0000,0,0.0000,0,0.0000,0.0000,0,0.0000,0.0000,0,0,0,0,0,0,0,0,0,0,0,0,0,0,0,0,0,0,0,0,0,0,0,0,0
WG_METRICS 1800,256,768,1.0369,0.0042,0.0033,0.9928,0.0199,0.0167,256,768,196608,393216,198025.8594,396051.7188,0.0000,0,0.0000,0.0000,0,0.0000,0,0.0000,0.0000,0,0.0000,0.0000,0,0,0,0,0,0,0,0,0,0,0,0,0,0,0,0,0,0,0,0,0,0,0,0,0
WG_METRICS 1801,256,768,1.0476,0.0042,0.0032,1.0130,0.0118,0.0154,256,768,196608,393216,194092.5625,388185.1250,0.0000,0,0.0000,0.0000,0,0.0000,0,0.0000,0.0000,0,0.0000,0.0000,0,0,0,0,0,0,0,0,0,0,0,0,0,0,0,0,0,0,0,0,0,0,0,0,0
WG_METRICS 1802,256,768,1.0481,0.0042,0.0033,1.0054,0.0199,0.0153,256,768,196608,393216,195552.0312,391104.0625,0.0000,0,0.0000,0.0000,0,0.0000,0,0.0000,0.0000,0,0.0000,0.0000,0,0,0,0,0,0,0,0,0,0,0,0,0,0,0,0,0,0,0,0,0,0,0,0,0
WG_METRICS 1803,256,768,1.0243,0.0042,0.0033,0.9816,0.0199,0.0153,256,768,196608,393216,200285.2344,400570.4688,0.0000,0,0.0000,0.0000,0,0.0000,0,0.0000,0.0000,0,0.0000,0.0000,0,0,0,0,0,0,0,0,0,0,0,0,0,0,0,0,0,0,0,0,0,0,0,0,0
WG_METRICS 1804,256,768,1.0372,0.0042,0.0032,0.9946,0.0198,0.0154,256,768,196608,393216,197667.5000,395335.0000,0.0000,0,0.0000,0.0000,0,0.0000,0,0.0000,0.0000,0,0.0000,0.0000,0,0,0,0,0,0,0,0,0,0,0,0,0,0,0,0,0,0,0,0,0,0,0,0,0
WG_METRICS 1805,256,768,1.0236,0.0042,0.0033,0.9805,0.0196,0.0160,256,768,196608,393216,200514.0156,401028.0312,0.0000,0,0.0000,0.0000,0,0.0000,0,0.0000,0.0000,0,0.0000,0.0000,0,0,0,0,0,0,0,0,0,0,0,0,0,0,0,0,0,0,0,0,0,0,0,0,0
WG_METRICS 1806,256,768,1.0282,0.0042,0.0033,0.9856,0.0198,0.0154,256,768,196608,393216,199488.6094,398977.2188,0.0000,0,0.0000,0.0000,0,0.0000,0,0.0000,0.0000,0,0.0000,0.0000,0,0,0,0,0,0,0,0,0,0,0,0,0,0,0,0,0,0,0,0,0,0,0,0,0
WG_METRICS 1807,256,768,1.0286,0.0042,0.0032,0.9860,0.0197,0.0155,256,768,196608,393216,199399.5938,398799.1875,0.0000,0,0.0000,0.0000,0,0.0000,0,0.0000,0.0000,0,0.0000,0.0000,0,0,0,0,0,0,0,0,0,0,0,0,0,0,0,0,0,0,0,0,0,0,0,0,0
WG_METRICS 1808,256,768,1.0333,0.0041,0.0032,0.9906,0.0197,0.0156,256,768,196608,393216,198481.6719,396963.3438,0.0000,0,0.0000,0.0000,0,0.0000,0,0.0000,0.0000,0,0.0000,0.0000,0,0,0,0,0,0,0,0,0,0,0,0,0,0,0,0,0,0,0,0,0,0,0,0,0
WG_METRICS 1809,256,768,1.0332,0.0042,0.0033,0.9898,0.0196,0.0163,256,768,196608,393216,198634.0781,397268.1562,0.0000,0,0.0000,0.0000,0,0.0000,0,0.0000,0.0000,0,0.0000,0.0000,0,0,0,0,0,0,0,0,0,0,0,0,0,0,0,0,0,0,0,0,0,0,0,0,0
WG_METRICS 1810,256,768,1.0534,0.0041,0.0033,1.0109,0.0198,0.0153,256,768,196608,393216,194491.9219,388983.8438,0.0000,0,0.0000,0.0000,0,0.0000,0,0.0000,0.0000,0,0.0000,0.0000,0,0,0,0,0,0,0,0,0,0,0,0,0,0,0,0,0,0,0,0,0,0,0,0,0
WG_METRICS 1811,256,768,1.0196,0.0042,0.0032,0.9856,0.0110,0.0155,256,768,196608,393216,199488.6094,398977.2188,0.0000,0,0.0000,0.0000,0,0.0000,0,0.0000,0.0000,0,0.0000,0.0000,0,0,0,0,0,0,0,0,0,0,0,0,0,0,0,0,0,0,0,0,0,0,0,0,0
WG_METRICS 1812,256,768,1.0251,0.0042,0.0032,0.9955,0.0069,0.0154,256,768,196608,393216,197500.7031,395001.4062,0.0000,0,0.0000,0.0000,0,0.0000,0,0.0000,0.0000,0,0.0000,0.0000,0,0,0,0,0,0,0,0,0,0,0,0,0,0,0,0,0,0,0,0,0,0,0,0,0
WG_METRICS 1813,256,768,1.0318,0.0042,0.0032,0.9890,0.0198,0.0155,256,768,196608,393216,198786.7031,397573.4062,0.0000,0,0.0000,0.0000,0,0.0000,0,0.0000,0.0000,0,0.0000,0.0000,0,0,0,0,0,0,0,0,0,0,0,0,0,0,0,0,0,0,0,0,0,0,0,0,0
WG_METRICS 1814,256,768,1.0161,0.0042,0.0033,0.9862,0.0067,0.0157,256,768,196608,393216,199351.0625,398702.1250,0.0000,0,0.0000,0.0000,0,0.0000,0,0.0000,0.0000,0,0.0000,0.0000,0,0,0,0,0,0,0,0,0,0,0,0,0,0,0,0,0,0,0,0,0,0,0,0,0
WG_METRICS 1815,256,768,1.0251,0.0042,0.0033,0.9906,0.0111,0.0160,256,768,196608,393216,198481.6719,396963.3438,0.0000,0,0.0000,0.0000,0,0.0000,0,0.0000,0.0000,0,0.0000,0.0000,0,0,0,0,0,0,0,0,0,0,0,0,0,0,0,0,0,0,0,0,0,0,0,0,0
WG_METRICS 1816,256,768,1.0158,0.0042,0.0033,0.9820,0.0110,0.0153,256,768,196608,393216,200203.6562,400407.3125,0.0000,0,0.0000,0.0000,0,0.0000,0,0.0000,0.0000,0,0.0000,0.0000,0,0,0,0,0,0,0,0,0,0,0,0,0,0,0,0,0,0,0,0,0,0,0,0,0
WG_METRICS 1817,256,768,1.0360,0.0042,0.0032,1.0020,0.0112,0.0154,256,768,196608,393216,196223.3906,392446.7812,0.0000,0,0.0000,0.0000,0,0.0000,0,0.0000,0.0000,0,0.0000,0.0000,0,0,0,0,0,0,0,0,0,0,0,0,0,0,0,0,0,0,0,0,0,0,0,0,0
WG_METRICS 1818,256,768,1.0244,0.0042,0.0033,0.9903,0.0110,0.0157,256,768,196608,393216,198537.7969,397075.5938,0.0000,0,0.0000,0.0000,0,0.0000,0,0.0000,0.0000,0,0.0000,0.0000,0,0,0,0,0,0,0,0,0,0,0,0,0,0,0,0,0,0,0,0,0,0,0,0,0
WG_METRICS 1819,256,768,1.0346,0.0042,0.0033,0.9918,0.0200,0.0153,256,768,196608,393216,198225.5156,396451.0312,0.0000,0,0.0000,0.0000,0,0.0000,0,0.0000,0.0000,0,0.0000,0.0000,0,0,0,0,0,0,0,0,0,0,0,0,0,0,0,0,0,0,0,0,0,0,0,0,0
WG_METRICS 1820,256,768,1.0294,0.0042,0.0032,0.9868,0.0198,0.0153,256,768,196608,393216,199237.9375,398475.8750,0.0000,0,0.0000,0.0000,0,0.0000,0,0.0000,0.0000,0,0.0000,0.0000,0,0,0,0,0,0,0,0,0,0,0,0,0,0,0,0,0,0,0,0,0,0,0,0,0
WG_METRICS 1821,256,768,1.0203,0.0041,0.0033,0.9898,0.0067,0.0164,256,768,196608,393216,198626.0469,397252.0938,0.0000,0,0.0000,0.0000,0,0.0000,0,0.0000,0.0000,0,0.0000,0.0000,0,0,0,0,0,0,0,0,0,0,0,0,0,0,0,0,0,0,0,0,0,0,0,0,0
WG_METRICS 1822,256,768,1.0372,0.0042,0.0032,0.9945,0.0199,0.0153,256,768,196608,393216,197691.3438,395382.6875,0.0000,0,0.0000,0.0000,0,0.0000,0,0.0000,0.0000,0,0.0000,0.0000,0,0,0,0,0,0,0,0,0,0,0,0,0,0,0,0,0,0,0,0,0,0,0,0,0
WG_METRICS 1823,256,768,1.0322,0.0042,0.0032,0.9892,0.0197,0.0159,256,768,196608,393216,198746.5156,397493.0312,0.0000,0,0.0000,0.0000,0,0.0000,0,0.0000,0.0000,0,0.0000,0.0000,0,0,0,0,0,0,0,0,0,0,0,0,0,0,0,0,0,0,0,0,0,0,0,0,0
WG_METRICS 1824,256,768,1.0382,0.0042,0.0033,0.9956,0.0198,0.0153,256,768,196608,393216,197468.9688,394937.9375,0.0000,0,0.0000,0.0000,0,0.0000,0,0.0000,0.0000,0,0.0000,0.0000,0,0,0,0,0,0,0,0,0,0,0,0,0,0,0,0,0,0,0,0,0,0,0,0,0
WG_METRICS 1825,256,768,1.0133,0.0042,0.0032,0.9700,0.0198,0.0160,256,768,196608,393216,202680.2969,405360.5938,0.0000,0,0.0000,0.0000,0,0.0000,0,0.0000,0.0000,0,0.0000,0.0000,0,0,0,0,0,0,0,0,0,0,0,0,0,0,0,0,0,0,0,0,0,0,0,0,0
WG_METRICS 1826,256,768,1.0650,0.0042,0.0033,1.0224,0.0199,0.0152,256,768,196608,393216,192292.9531,384585.9062,0.0000,0,0.0000,0.0000,0,0.0000,0,0.0000,0.0000,0,0.0000,0.0000,0,0,0,0,0,0,0,0,0,0,0,0,0,0,0,0,0,0,0,0,0,0,0,0,0
WG_METRICS 1827,256,768,1.0282,0.0042,0.0032,0.9852,0.0197,0.0159,256,768,196608,393216,199569.6094,399139.2188,0.0000,0,0.0000,0.0000,0,0.0000,0,0.0000,0.0000,0,0.0000,0.0000,0,0,0,0,0,0,0,0,0,0,0,0,0,0,0,0,0,0,0,0,0,0,0,0,0
WG_METRICS 1828,256,768,1.0302,0.0042,0.0033,0.9875,0.0199,0.0153,256,768,196608,393216,199092.6875,398185.3750,0.0000,0,0.0000,0.0000,0,0.0000,0,0.0000,0.0000,0,0.0000,0.0000,0,0,0,0,0,0,0,0,0,0,0,0,0,0,0,0,0,0,0,0,0,0,0,0,0
WG_METRICS 1829,256,768,1.0161,0.0042,0.0033,0.9822,0.0110,0.0154,256,768,196608,393216,200179.2031,400358.4062,0.0000,0,0.0000,0.0000,0,0.0000,0,0.0000,0.0000,0,0.0000,0.0000,0,0,0,0,0,0,0,0,0,0,0,0,0,0,0,0,0,0,0,0,0,0,0,0,0
WG_METRICS 1830,256,768,1.0320,0.0042,0.0033,0.9892,0.0197,0.0156,256,768,196608,393216,198746.5156,397493.0312,0.0000,0,0.0000,0.0000,0,0.0000,0,0.0000,0.0000,0,0.0000,0.0000,0,0,0,0,0,0,0,0,0,0,0,0,0,0,0,0,0,0,0,0,0,0,0,0,0
WG_METRICS 1831,256,768,1.0281,0.0042,0.0032,0.9940,0.0110,0.0156,256,768,196608,393216,197786.8125,395573.6250,0.0000,0,0.0000,0.0000,0,0.0000,0,0.0000,0.0000,0,0.0000,0.0000,0,0,0,0,0,0,0,0,0,0,0,0,0,0,0,0,0,0,0,0,0,0,0,0,0
WG_METRICS 1832,256,768,1.0088,0.0042,0.0033,0.9748,0.0112,0.0154,256,768,196608,393216,201682.3281,403364.6562,0.0000,0,0.0000,0.0000,0,0.0000,0,0.0000,0.0000,0,0.0000,0.0000,0,0,0,0,0,0,0,0,0,0,0,0,0,0,0,0,0,0,0,0,0,0,0,0,0
WG_METRICS 1833,256,768,1.0312,0.0042,0.0033,0.9884,0.0197,0.0158,256,768,196608,393216,198923.4688,397846.9375,0.0000,0,0.0000,0.0000,0,0.0000,0,0.0000,0.0000,0,0.0000,0.0000,0,0,0,0,0,0,0,0,0,0,0,0,0,0,0,0,0,0,0,0,0,0,0,0,0
WG_METRICS 1834,256,768,1.0344,0.0042,0.0033,0.9951,0.0156,0.0163,256,768,196608,393216,197572.1562,395144.3125,0.0000,0,0.0000,0.0000,0,0.0000,0,0.0000,0.0000,0,0.0000,0.0000,0,0,0,0,0,0,0,0,0,0,0,0,0,0,0,0,0,0,0,0,0,0,0,0,0
WG_METRICS 1835,256,768,1.0327,0.0042,0.0032,0.9893,0.0198,0.0160,256,768,196608,393216,198730.4375,397460.8750,0.0000,0,0.0000,0.0000,0,0.0000,0,0.0000,0.0000,0,0.0000,0.0000,0,0,0,0,0,0,0,0,0,0,0,0,0,0,0,0,0,0,0,0,0,0,0,0,0
WG_METRICS 1836,256,768,1.0177,0.0042,0.0032,0.9836,0.0112,0.0155,256,768,196608,393216,199886.1250,399772.2500,0.0000,0,0.0000,0.0000,0,0.0000,0,0.0000,0.0000,0,0.0000,0.0000,0,0,0,0,0,0,0,0,0,0,0,0,0,0,0,0,0,0,0,0,0,0,0,0,0
WG_METRICS 1837,256,768,1.0349,0.0041,0.0033,0.9922,0.0200,0.0153,256,768,196608,393216,198145.6094,396291.2188,0.0000,0,0.0000,0.0000,0,0.0000,0,0.0000,0.0000,0,0.0000,0.0000,0,0,0,0,0,0,0,0,0,0,0,0,0,0,0,0,0,0,0,0,0,0,0,0,0
WG_METRICS 1838,256,768,1.0249,0.0041,0.0033,0.9941,0.0074,0.0160,256,768,196608,393216,197770.8906,395541.7812,0.0000,0,0.0000,0.0000,0,0.0000,0,0.0000,0.0000,0,0.0000,0.0000,0,0,0,0,0,0,0,0,0,0,0,0,0,0,0,0,0,0,0,0,0,0,0,0,0
WG_METRICS 1839,256,768,1.0337,0.0042,0.0032,0.9907,0.0199,0.0157,256,768,196608,393216,198457.6250,396915.2500,0.0000,0,0.0000,0.0000,0,0.0000,0,0.0000,0.0000,0,0.0000,0.0000,0,0,0,0,0,0,0,0,0,0,0,0,0,0,0,0,0,0,0,0,0,0,0,0,0
WG_METRICS 1840,256,768,1.0394,0.0042,0.0032,0.9958,0.0198,0.0164,256,768,196608,393216,197445.1562,394890.3125,0.0000,0,0.0000,0.0000,0,0.0000,0,0.0000,0.0000,0,0.0000,0.0000,0,0,0,0,0,0,0,0,0,0,0,0,0,0,0,0,0,0,0,0,0,0,0,0,0
WG_METRICS 1841,256,768,1.0248,0.0042,0.0033,0.9951,0.0068,0.0155,256,768,196608,393216,197572.1562,395144.3125,0.0000,0,0.0000,0.0000,0,0.0000,0,0.0000,0.0000,0,0.0000,0.0000,0,0,0,0,0,0,0,0,0,0,0,0,0,0,0,0,0,0,0,0,0,0,0,0,0
WG_METRICS 1842,256,768,1.0286,0.0041,0.0032,0.9860,0.0199,0.0154,256,768,196608,393216,199407.6875,398815.3750,0.0000,0,0.0000,0.0000,0,0.0000,0,0.0000,0.0000,0,0.0000,0.0000,0,0,0,0,0,0,0,0,0,0,0,0,0,0,0,0,0,0,0,0,0,0,0,0,0
WG_METRICS 1843,256,768,1.0267,0.0042,0.0033,0.9841,0.0198,0.0153,256,768,196608,393216,199780.5156,399561.0312,0.0000,0,0.0000,0.0000,0,0.0000,0,0.0000,0.0000,0,0.0000,0.0000,0,0,0,0,0,0,0,0,0,0,0,0,0,0,0,0,0,0,0,0,0,0,0,0,0
WG_METRICS 1844,256,768,1.0381,0.0042,0.0032,0.9954,0.0199,0.0154,256,768,196608,393216,197508.6406,395017.2812,0.0000,0,0.0000,0.0000,0,0.0000,0,0.0000,0.0000,0,0.0000,0.0000,0,0,0,0,0,0,0,0,0,0,0,0,0,0,0,0,0,0,0,0,0,0,0,0,0
WG_METRICS 1845,256,768,1.0324,0.0042,0.0033,0.9981,0.0110,0.0158,256,768,196608,393216,196986.2031,393972.4062,0.0000,0,0.0000,0.0000,0,0.0000,0,0.0000,0.0000,0,0.0000,0.0000,0,0,0,0,0,0,0,0,0,0,0,0,0,0,0,0,0,0,0,0,0,0,0,0,0
WG_METRICS 1846,256,768,1.0344,0.0042,0.0032,0.9919,0.0197,0.0153,256,768,196608,393216,198209.5312,396419.0625,0.0000,0,0.0000,0.0000,0,0.0000,0,0.0000,0.0000,0,0.0000,0.0000,0,0,0,0,0,0,0,0,0,0,0,0,0,0,0,0,0,0,0,0,0,0,0,0,0
WG_METRICS 1847,256,768,1.0315,0.0041,0.0033,0.9890,0.0198,0.0153,256,768,196608,393216,198794.7344,397589.4688,0.0000,0,0.0000,0.0000,0,0.0000,0,0.0000,0.0000,0,0.0000,0.0000,0,0,0,0,0,0,0,0,0,0,0,0,0,0,0,0,0,0,0,0,0,0,0,0,0
WG_METRICS 1848,256,768,1.0216,0.0042,0.0032,0.9874,0.0112,0.0154,256,768,196608,393216,199108.8125,398217.6250,0.0000,0,0.0000,0.0000,0,0.0000,0,0.0000,0.0000,0,0.0000,0.0000,0,0,0,0,0,0,0,0,0,0,0,0,0,0,0,0,0,0,0,0,0,0,0,0,0
WG_METRICS 1849,256,768,1.0452,0.0041,0.0033,1.0029,0.0196,0.0153,256,768,196608,393216,196043.4062,392086.8125,0.0000,0,0.0000,0.0000,0,0.0000,0,0.0000,0.0000,0,0.0000,0.0000,0,0,0,0,0,0,0,0,0,0,0,0,0,0,0,0,0,0,0,0,0,0,0,0,0
WG_METRICS 1850,256,768,1.0271,0.0041,0.0033,0.9842,0.0196,0.0159,256,768,196608,393216,199764.2812,399528.5625,0.0000,0,0.0000,0.0000,0,0.0000,0,0.0000,0.0000,0,0.0000,0.0000,0,0,0,0,0,0,0,0,0,0,0,0,0,0,0,0,0,0,0,0,0,0,0,0,0
WG_METRICS 1851,256,768,1.0457,0.0042,0.0032,1.0031,0.0196,0.0155,256,768,196608,393216,195996.5000,391993.0000,0.0000,0,0.0000,0.0000,0,0.0000,0,0.0000,0.0000,0,0.0000,0.0000,0,0,0,0,0,0,0,0,0,0,0,0,0,0,0,0,0,0,0,0,0,0,0,0,0
WG_METRICS 1852,256,768,1.0260,0.0041,0.0033,0.9836,0.0197,0.0154,256,768,196608,393216,199894.2500,399788.5000,0.0000,0,0.0000,0.0000,0,0.0000,0,0.0000,0.0000,0,0.0000,0.0000,0,0,0,0,0,0,0,0,0,0,0,0,0,0,0,0,0,0,0,0,0,0,0,0,0
WG_METRICS 1853,256,768,1.0426,0.0042,0.0032,0.9997,0.0199,0.0156,256,768,196608,393216,196663.0625,393326.1250,0.0000,0,0.0000,0.0000,0,0.0000,0,0.0000,0.0000,0,0.0000,0.0000,0,0,0,0,0,0,0,0,0,0,0,0,0,0,0,0,0,0,0,0,0,0,0,0,0
WG_METRICS 1854,256,768,1.0448,0.0042,0.0033,1.0017,0.0198,0.0159,256,768,196608,393216,196278.2500,392556.5000,0.0000,0,0.0000,0.0000,0,0.0000,0,0.0000,0.0000,0,0.0000,0.0000,0,0,0,0,0,0,0,0,0,0,0,0,0,0,0,0,0,0,0,0,0,0,0,0,0
WG_METRICS 1855,256,768,1.0277,0.0042,0.0033,0.9848,0.0199,0.0156,256,768,196608,393216,199634.4688,399268.9375,0.0000,0,0.0000,0.0000,0,0.0000,0,0.0000,0.0000,0,0.0000,0.0000,0,0,0,0,0,0,0,0,0,0,0,0,0,0,0,0,0,0,0,0,0,0,0,0,0
WG_METRICS 1856,256,768,1.0419,0.0042,0.0032,0.9995,0.0197,0.0153,256,768,196608,393216,196702.4219,393404.8438,0.0000,0,0.0000,0.0000,0,0.0000,0,0.0000,0.0000,0,0.0000,0.0000,0,0,0,0,0,0,0,0,0,0,0,0,0,0,0,0,0,0,0,0,0,0,0,0,0
WG_METRICS 1857,256,768,1.0399,0.0041,0.0033,0.9973,0.0197,0.0155,256,768,196608,393216,197144.2344,394288.4688,0.0000,0,0.0000,0.0000,0,0.0000,0,0.0000,0.0000,0,0.0000,0.0000,0,0,0,0,0,0,0,0,0,0,0,0,0,0,0,0,0,0,0,0,0,0,0,0,0
WG_METRICS 1858,256,768,1.0401,0.0041,0.0033,0.9976,0.0199,0.0152,256,768,196608,393216,197080.9844,394161.9688,0.0000,0,0.0000,0.0000,0,0.0000,0,0.0000,0.0000,0,0.0000,0.0000,0,0,0,0,0,0,0,0,0,0,0,0,0,0,0,0,0,0,0,0,0,0,0,0,0
WG_METRICS 1859,256,768,1.0262,0.0042,0.0032,0.9836,0.0199,0.0153,256,768,196608,393216,199886.1250,399772.2500,0.0000,0,0.0000,0.0000,0,0.0000,0,0.0000,0.0000,0,0.0000,0.0000,0,0,0,0,0,0,0,0,0,0,0,0,0,0,0,0,0,0,0,0,0,0,0,0,0
WG_METRICS 1860,256,768,1.0377,0.0042,0.0032,1.0032,0.0111,0.0160,256,768,196608,393216,195980.8438,391961.6875,0.0000,0,0.0000,0.0000,0,0.0000,0,0.0000,0.0000,0,0.0000,0.0000,0,0,0,0,0,0,0,0,0,0,0,0,0,0,0,0,0,0,0,0,0,0,0,0,0
WG_METRICS 1861,256,768,1.0258,0.0042,0.0033,0.9919,0.0110,0.0154,256,768,196608,393216,198209.5312,396419.0625,0.0000,0,0.0000,0.0000,0,0.0000,0,0.0000,0.0000,0,0.0000,0.0000,0,0,0,0,0,0,0,0,0,0,0,0,0,0,0,0,0,0,0,0,0,0,0,0,0
WG_METRICS 1862,256,768,1.0139,0.0042,0.0033,0.9799,0.0110,0.0156,256,768,196608,393216,200644.9844,401289.9688,0.0000,0,0.0000,0.0000,0,0.0000,0,0.0000,0.0000,0,0.0000,0.0000,0,0,0,0,0,0,0,0,0,0,0,0,0,0,0,0,0,0,0,0,0,0,0,0,0
WG_METRICS 1863,256,768,1.0225,0.0041,0.0033,0.9886,0.0112,0.0152,256,768,196608,393216,198875.1719,397750.3438,0.0000,0,0.0000,0.0000,0,0.0000,0,0.0000,0.0000,0,0.0000,0.0000,0,0,0,0,0,0,0,0,0,0,0,0,0,0,0,0,0,0,0,0,0,0,0,0,0
WG_METRICS 1864,256,768,1.0270,0.0042,0.0033,0.9926,0.0112,0.0158,256,768,196608,393216,198073.7344,396147.4688,0.0000,0,0.0000,0.0000,0,0.0000,0,0.0000,0.0000,0,0.0000,0.0000,0,0,0,0,0,0,0,0,0,0,0,0,0,0,0,0,0,0,0,0,0,0,0,0,0
WG_METRICS 1865,256,768,1.0328,0.0042,0.0033,0.9901,0.0198,0.0153,256,768,196608,393216,198569.8750,397139.7500,0.0000,0,0.0000,0.0000,0,0.0000,0,0.0000,0.0000,0,0.0000,0.0000,0,0,0,0,0,0,0,0,0,0,0,0,0,0,0,0,0,0,0,0,0,0,0,0,0
WG_METRICS 1866,256,768,1.0343,0.0042,0.0032,1.0048,0.0068,0.0152,256,768,196608,393216,195668.7969,391337.5938,0.0000,0,0.0000,0.0000,0,0.0000,0,0.0000,0.0000,0,0.0000,0.0000,0,0,0,0,0,0,0,0,0,0,0,0,0,0,0,0,0,0,0,0,0,0,0,0,0
WG_METRICS 1867,256,768,1.0277,0.0042,0.0033,0.9924,0.0110,0.0168,256,768,196608,393216,198113.6719,396227.3438,0.0000,0,0.0000,0.0000,0,0.0000,0,0.0000,0.0000,0,0.0000,0.0000,0,0,0,0,0,0,0,0,0,0,0,0,0,0,0,0,0,0,0,0,0,0,0,0,0
WG_METRICS 1868,256,768,1.0304,0.0050,0.0033,0.9976,0.0090,0.0156,256,768,196608,393216,197088.8906,394177.7812,0.0000,0,0.0000,0.0000,0,0.0000,0,0.0000,0.0000,0,0.0000,0.0000,0,0,0,0,0,0,0,0,0,0,0,0,0,0,0,0,0,0,0,0,0,0,0,0,0
WG_METRICS 1869,256,768,1.0300,0.0045,0.0033,1.0014,0.0046,0.0162,256,768,196608,393216,196340.9688,392681.9375,0.0000,0,0.0000,0.0000,0,0.0000,0,0.0000,0.0000,0,0.0000,0.0000,0,0,0,0,0,0,0,0,0,0,0,0,0,0,0,0,0,0,0,0,0,0,0,0,0
WG_METRICS 1870,256,768,1.0503,0.0045,0.0033,1.0206,0.0049,0.0170,256,768,196608,393216,192639.6250,385279.2500,0.0000,0,0.0000,0.0000,0,0.0000,0,0.0000,0.0000,0,0.0000,0.0000,0,0,0,0,0,0,0,0,0,0,0,0,0,0,0,0,0,0,0,0,0,0,0,0,0
WG_METRICS 1871,256,768,1.0313,0.0044,0.0033,0.9920,0.0163,0.0154,256,768,196608,393216,198201.5469,396403.0938,0.0000,0,0.0000,0.0000,0,0.0000,0,0.0000,0.0000,0,0.0000,0.0000,0,0,0,0,0,0,0,0,0,0,0,0,0,0,0,0,0,0,0,0,0,0,0,0,0
WG_METRICS 1872,256,768,1.0356,0.0042,0.0033,0.9962,0.0163,0.0157,256,768,196608,393216,197357.9531,394715.9062,0.0000,0,0.0000,0.0000,0,0.0000,0,0.0000,0.0000,0,0.0000,0.0000,0,0,0,0,0,0,0,0,0,0,0,0,0,0,0,0,0,0,0,0,0,0,0,0,0
WG_METRICS 1873,256,768,1.0350,0.0041,0.0033,0.9927,0.0197,0.0153,256,768,196608,393216,198057.7812,396115.5625,0.0000,0,0.0000,0.0000,0,0.0000,0,0.0000,0.0000,0,0.0000,0.0000,0,0,0,0,0,0,0,0,0,0,0,0,0,0,0,0,0,0,0,0,0,0,0,0,0
WG_METRICS 1874,256,768,1.0298,0.0042,0.0033,0.9870,0.0196,0.0157,256,768,196608,393216,199189.5000,398379.0000,0.0000,0,0.0000,0.0000,0,0.0000,0,0.0000,0.0000,0,0.0000,0.0000,0,0,0,0,0,0,0,0,0,0,0,0,0,0,0,0,0,0,0,0,0,0,0,0,0
WG_METRICS 1875,256,768,1.0204,0.0065,0.0014,0.9896,0.0074,0.0155,256,768,196608,393216,198682.2344,397364.4688,0.0000,0,0.0000,0.0000,0,0.0000,0,0.0000,0.0000,0,0.0000,0.0000,0,0,0,0,0,0,0,0,0,0,0,0,0,0,0,0,0,0,0,0,0,0,0,0,0
WG_METRICS 1876,256,768,1.0369,0.0042,0.0033,0.9976,0.0162,0.0157,256,768,196608,393216,197088.8906,394177.7812,0.0000,0,0.0000,0.0000,0,0.0000,0,0.0000,0.0000,0,0.0000,0.0000,0,0,0,0,0,0,0,0,0,0,0,0,0,0,0,0,0,0,0,0,0,0,0,0,0
WG_METRICS 1877,256,768,1.0155,0.0042,0.0032,0.9816,0.0110,0.0156,256,768,196608,393216,200293.4062,400586.8125,0.0000,0,0.0000,0.0000,0,0.0000,0,0.0000,0.0000,0,0.0000,0.0000,0,0,0,0,0,0,0,0,0,0,0,0,0,0,0,0,0,0,0,0,0,0,0,0,0
WG_METRICS 1878,256,768,1.0334,0.0042,0.0033,0.9945,0.0162,0.0153,256,768,196608,393216,197691.3438,395382.6875,0.0000,0,0.0000,0.0000,0,0.0000,0,0.0000,0.0000,0,0.0000,0.0000,0,0,0,0,0,0,0,0,0,0,0,0,0,0,0,0,0,0,0,0,0,0,0,0,0
WG_METRICS 1879,256,768,1.3456,0.0048,0.0034,1.3054,0.0120,0.0200,256,768,196608,393216,150615.9219,301231.8438,0.0000,0,0.0000,0.0000,0,0.0000,0,0.0000,0.0000,0,0.0000,0.0000,0,0,0,0,0,0,0,0,0,0,0,0,0,0,0,0,0,0,0,0,0,0,0,0,0
WG_METRICS 1880,256,768,1.1562,0.0045,0.0033,1.1192,0.0115,0.0176,256,768,196608,393216,175662.0469,351324.0938,0.0000,0,0.0000,0.0000,0,0.0000,0,0.0000,0.0000,0,0.0000,0.0000,0,0,0,0,0,0,0,0,0,0,0,0,0,0,0,0,0,0,0,0,0,0,0,0,0
WG_METRICS 1881,256,768,1.2156,0.0045,0.0034,1.1804,0.0096,0.0177,256,768,196608,393216,166560.4844,333120.9688,0.0000,0,0.0000,0.0000,0,0.0000,0,0.0000,0.0000,0,0.0000,0.0000,0,0,0,0,0,0,0,0,0,0,0,0,0,0,0,0,0,0,0,0,0,0,0,0,0
WG_METRICS 1882,256,768,1.0414,0.0042,0.0033,0.9989,0.0197,0.0153,256,768,196608,393216,196828.4375,393656.8750,0.0000,0,0.0000,0.0000,0,0.0000,0,0.0000,0.0000,0,0.0000,0.0000,0,0,0,0,0,0,0,0,0,0,0,0,0,0,0,0,0,0,0,0,0,0,0,0,0
WG_METRICS 1883,256,768,1.0165,0.0041,0.0032,0.9742,0.0196,0.0153,256,768,196608,393216,201814.8125,403629.6250,0.0000,0,0.0000,0.0000,0,0.0000,0,0.0000,0.0000,0,0.0000,0.0000,0,0,0,0,0,0,0,0,0,0,0,0,0,0,0,0,0,0,0,0,0,0,0,0,0
WG_METRICS 1884,256,768,1.0297,0.0042,0.0033,0.9957,0.0112,0.0154,256,768,196608,393216,197453.0938,394906.1875,0.0000,0,0.0000,0.0000,0,0.0000,0,0.0000,0.0000,0,0.0000,0.0000,0,0,0,0,0,0,0,0,0,0,0,0,0,0,0,0,0,0,0,0,0,0,0,0,0
WG_METRICS 1885,256,768,1.0666,0.0043,0.0033,1.0235,0.0197,0.0158,256,768,196608,393216,192090.0469,384180.0938,0.0000,0,0.0000,0.0000,0,0.0000,0,0.0000,0.0000,0,0.0000,0.0000,0,0,0,0,0,0,0,0,0,0,0,0,0,0,0,0,0,0,0,0,0,0,0,0,0
WG_METRICS 1886,256,768,1.0264,0.0042,0.0033,0.9831,0.0197,0.0161,256,768,196608,393216,199983.7188,399967.4375,0.0000,0,0.0000,0.0000,0,0.0000,0,0.0000,0.0000,0,0.0000,0.0000,0,0,0,0,0,0,0,0,0,0,0,0,0,0,0,0,0,0,0,0,0,0,0,0,0
WG_METRICS 1887,256,768,1.0116,0.0041,0.0033,0.9821,0.0068,0.0153,256,768,196608,393216,200187.3594,400374.7188,0.0000,0,0.0000,0.0000,0,0.0000,0,0.0000,0.0000,0,0.0000,0.0000,0,0,0,0,0,0,0,0,0,0,0,0,0,0,0,0,0,0,0,0,0,0,0,0,0
WG_METRICS 1888,256,768,1.0708,0.0042,0.0033,1.0281,0.0197,0.0154,256,768,196608,393216,191230.5938,382461.1875,0.0000,0,0.0000,0.0000,0,0.0000,0,0.0000,0.0000,0,0.0000,0.0000,0,0,0,0,0,0,0,0,0,0,0,0,0,0,0,0,0,0,0,0,0,0,0,0,0
WG_METRICS 1889,256,768,1.0730,0.0042,0.0033,1.0301,0.0198,0.0156,256,768,196608,393216,190866.7344,381733.4688,0.0000,0,0.0000,0.0000,0,0.0000,0,0.0000,0.0000,0,0.0000,0.0000,0,0,0,0,0,0,0,0,0,0,0,0,0,0,0,0,0,0,0,0,0,0,0,0,0
WG_METRICS 1890,256,768,1.0129,0.0042,0.0033,0.9793,0.0109,0.0152,256,768,196608,393216,200767.9062,401535.8125,0.0000,0,0.0000,0.0000,0,0.0000,0,0.0000,0.0000,0,0.0000,0.0000,0,0,0,0,0,0,0,0,0,0,0,0,0,0,0,0,0,0,0,0,0,0,0,0,0
WG_METRICS 1891,256,768,1.0463,0.0042,0.0033,1.0037,0.0197,0.0155,256,768,196608,393216,195887.1406,391774.2812,0.0000,0,0.0000,0.0000,0,0.0000,0,0.0000,0.0000,0,0.0000,0.0000,0,0,0,0,0,0,0,0,0,0,0,0,0,0,0,0,0,0,0,0,0,0,0,0,0
WG_METRICS 1892,256,768,1.0359,0.0041,0.0033,0.9932,0.0200,0.0153,256,768,196608,393216,197954.0938,395908.1875,0.0000,0,0.0000,0.0000,0,0.0000,0,0.0000,0.0000,0,0.0000,0.0000,0,0,0,0,0,0,0,0,0,0,0,0,0,0,0,0,0,0,0,0,0,0,0,0,0
WG_METRICS 1893,256,768,1.0220,0.0042,0.0032,0.9878,0.0110,0.0157,256,768,196608,393216,199044.2969,398088.5938,0.0000,0,0.0000,0.0000,0,0.0000,0,0.0000,0.0000,0,0.0000,0.0000,0,0,0,0,0,0,0,0,0,0,0,0,0,0,0,0,0,0,0,0,0,0,0,0,0
WG_METRICS 1894,256,768,1.0332,0.0042,0.0032,0.9904,0.0200,0.0154,256,768,196608,393216,198513.7344,397027.4688,0.0000,0,0.0000,0.0000,0,0.0000,0,0.0000,0.0000,0,0.0000,0.0000,0,0,0,0,0,0,0,0,0,0,0,0,0,0,0,0,0,0,0,0,0,0,0,0,0
WG_METRICS 1895,256,768,1.0328,0.0042,0.0032,0.9904,0.0197,0.0153,256,768,196608,393216,198513.7344,397027.4688,0.0000,0,0.0000,0.0000,0,0.0000,0,0.0000,0.0000,0,0.0000,0.0000,0,0,0,0,0,0,0,0,0,0,0,0,0,0,0,0,0,0,0,0,0,0,0,0,0
WG_METRICS 1896,256,768,3.1620,0.0041,0.0032,0.9710,0.0439,2.1398,256,768,196608,393216,202488.2500,404976.5000,0.0000,0,0.0000,0.0000,0,0.0000,0,0.0000,0.0000,0,0.0000,0.0000,0,0,0,0,0,0,0,0,0,0,0,0,0,0,0,0,0,0,0,0,0,0,0,0,0
