WG_METRICS_HEADER frame,q1_shards,q1_shard_capacity,gpu_frame_ms,reset_ms,reset_barrier_ms,compute_ms,metrics_copy_ms,render_ms,q2_shards,q2_shard_capacity,edges,vertices,edges_per_ms,vertices_per_ms,q1_deq_attempt_mean,q1_deq_attempt_max,q1_deq_attempt_imbalance,q1_deq_cas_fail_mean,q1_deq_cas_fail_max,q1_deq_probe_mean,q1_deq_probe_max,q1_deq_probe_imbalance,q1_enq_attempt_mean,q1_enq_attempt_max,q1_enq_attempt_imbalance,q1_high_water_mean,q1_high_water_max,q1_enq_ok,q1_enq_cas_fail,q1_enq_full,q1_deq_ok,q1_deq_cas_fail,q1_deq_empty,q1_ready_cas_fail,q1_ready_max_spin,q1_high_water,q2_enq_ok,q2_enq_cas_fail,q2_enq_full,q2_deq_ok,q2_deq_cas_fail,q2_deq_empty,q2_ready_cas_fail,q2_ready_max_spin,q2_high_water,node_a_seed,node_b_tasks,node_b_subdivide,node_b_final,node_c_output,stop_writes
WG_METRICS 1,16,12288,4.1283,0.0105,0.0073,4.0187,0.0227,0.0691,16,12288,196608,0,48923.0391,0.0000,0.0000,0,0.0000,0.0000,0,0.0000,0,0.0000,0.0000,0,0.0000,0.0000,0,0,0,0,0,0,0,0,0,0,0,0,0,0,0,0,0,0,0,0,0,0,0,0,0
WG_METRICS 2,16,12288,3.7786,0.0075,0.0066,3.7347,0.0137,0.0162,16,12288,196608,0,52643.8672,0.0000,0.0000,0,0.0000,0.0000,0,0.0000,0,0.0000,0.0000,0,0.0000,0.0000,0,0,0,0,0,0,0,0,0,0,0,0,0,0,0,0,0,0,0,0,0,0,0,0,0
WG_METRICS 3,16,12288,3.8281,0.0075,0.0068,3.7796,0.0224,0.0119,16,12288,196608,0,52018.2031,0.0000,0.0000,0,0.0000,0.0000,0,0.0000,0,0.0000,0.0000,0,0.0000,0.0000,0,0,0,0,0,0,0,0,0,0,0,0,0,0,0,0,0,0,0,0,0,0,0,0,0
WG_METRICS 4,16,12288,3.8154,0.0075,0.0067,3.7635,0.0213,0.0163,16,12288,196608,0,52240.4570,0.0000,0.0000,0,0.0000,0.0000,0,0.0000,0,0.0000,0.0000,0,0.0000,0.0000,0,0,0,0,0,0,0,0,0,0,0,0,0,0,0,0,0,0,0,0,0,0,0,0,0
WG_METRICS 5,16,12288,3.8698,0.0075,0.0067,3.8190,0.0229,0.0136,16,12288,196608,0,51481.5391,0.0000,0.0000,0,0.0000,0.0000,0,0.0000,0,0.0000,0.0000,0,0.0000,0.0000,0,0,0,0,0,0,0,0,0,0,0,0,0,0,0,0,0,0,0,0,0,0,0,0,0
WG_METRICS 6,16,12288,3.8193,0.0074,0.0068,3.7715,0.0220,0.0116,16,12288,196608,0,52130.1953,0.0000,0.0000,0,0.0000,0.0000,0,0.0000,0,0.0000,0.0000,0,0.0000,0.0000,0,0,0,0,0,0,0,0,0,0,0,0,0,0,0,0,0,0,0,0,0,0,0,0,0
WG_METRICS 7,16,12288,3.8091,0.0074,0.0068,3.7615,0.0220,0.0114,16,12288,196608,0,52268.7852,0.0000,0.0000,0,0.0000,0.0000,0,0.0000,0,0.0000,0.0000,0,0.0000,0.0000,0,0,0,0,0,0,0,0,0,0,0,0,0,0,0,0,0,0,0,0,0,0,0,0,0
WG_METRICS 8,16,12288,3.8242,0.0069,0.0047,3.7837,0.0179,0.0109,16,12288,196608,0,51961.5625,0.0000,0.0000,0,0.0000,0.0000,0,0.0000,0,0.0000,0.0000,0,0.0000,0.0000,0,0,0,0,0,0,0,0,0,0,0,0,0,0,0,0,0,0,0,0,0,0,0,0,0
WG_METRICS 9,16,12288,3.8272,0.0075,0.0068,3.7841,0.0174,0.0115,16,12288,196608,0,51956.0664,0.0000,0.0000,0,0.0000,0.0000,0,0.0000,0,0.0000,0.0000,0,0.0000,0.0000,0,0,0,0,0,0,0,0,0,0,0,0,0,0,0,0,0,0,0,0,0,0,0,0,0
WG_METRICS 10,16,12288,3.8098,0.0074,0.0069,3.7758,0.0085,0.0113,16,12288,196608,0,52071.1055,0.0000,0.0000,0,0.0000,0.0000,0,0.0000,0,0.0000,0.0000,0,0.0000,0.0000,0,0,0,0,0,0,0,0,0,0,0,0,0,0,0,0,0,0,0,0,0,0,0,0,0
WG_METRICS 11,16,12288,3.7729,0.0076,0.0067,3.7327,0.0137,0.0121,16,12288,196608,0,52671.5117,0.0000,0.0000,0,0.0000,0.0000,0,0.0000,0,0.0000,0.0000,0,0.0000,0.0000,0,0,0,0,0,0,0,0,0,0,0,0,0,0,0,0,0,0,0,0,0,0,0,0,0
WG_METRICS 12,16,12288,3.7741,0.0074,0.0068,3.7362,0.0126,0.0110,16,12288,196608,0,52622.4492,0.0000,0.0000,0,0.0000,0.0000,0,0.0000,0,0.0000,0.0000,0,0.0000,0.0000,0,0,0,0,0,0,0,0,0,0,0,0,0,0,0,0,0,0,0,0,0,0,0,0,0
WG_METRICS 13,16,12288,3.8039,0.0074,0.0068,3.7658,0.0129,0.0109,16,12288,196608,0,52208.8281,0.0000,0.0000,0,0.0000,0.0000,0,0.0000,0,0.0000,0.0000,0,0.0000,0.0000,0,0,0,0,0,0,0,0,0,0,0,0,0,0,0,0,0,0,0,0,0,0,0,0,0
WG_METRICS 14,16,12288,3.8589,0.0074,0.0068,3.8212,0.0125,0.0109,16,12288,196608,0,51451.3633,0.0000,0.0000,0,0.0000,0.0000,0,0.0000,0,0.0000,0.0000,0,0.0000,0.0000,0,0,0,0,0,0,0,0,0,0,0,0,0,0,0,0,0,0,0,0,0,0,0,0,0
WG_METRICS 15,16,12288,3.8320,0.0074,0.0068,3.7854,0.0215,0.0109,16,12288,196608,0,51937.9531,0.0000,0.0000,0,0.0000,0.0000,0,0.0000,0,0.0000,0.0000,0,0.0000,0.0000,0,0,0,0,0,0,0,0,0,0,0,0,0,0,0,0,0,0,0,0,0,0,0,0,0
WG_METRICS 16,16,12288,3.7548,0.0075,0.0068,3.7070,0.0222,0.0112,16,12288,196608,0,53036.9570,0.0000,0.0000,0,0.0000,0.0000,0,0.0000,0,0.0000,0.0000,0,0.0000,0.0000,0,0,0,0,0,0,0,0,0,0,0,0,0,0,0,0,0,0,0,0,0,0,0,0,0
WG_METRICS 17,16,12288,3.8808,0.0075,0.0063,3.8342,0.0218,0.0110,16,12288,196608,0,51277.9844,0.0000,0.0000,0,0.0000,0.0000,0,0.0000,0,0.0000,0.0000,0,0.0000,0.0000,0,0,0,0,0,0,0,0,0,0,0,0,0,0,0,0,0,0,0,0,0,0,0,0,0
WG_METRICS 18,16,12288,3.7566,0.0075,0.0068,3.7179,0.0135,0.0109,16,12288,196608,0,52881.7500,0.0000,0.0000,0,0.0000,0.0000,0,0.0000,0,0.0000,0.0000,0,0.0000,0.0000,0,0,0,0,0,0,0,0,0,0,0,0,0,0,0,0,0,0,0,0,0,0,0,0,0
WG_METRICS 19,16,12288,3.8309,0.0075,0.0068,3.7933,0.0124,0.0110,16,12288,196608,0,51830.6055,0.0000,0.0000,0,0.0000,0.0000,0,0.0000,0,0.0000,0.0000,0,0.0000,0.0000,0,0,0,0,0,0,0,0,0,0,0,0,0,0,0,0,0,0,0,0,0,0,0,0,0
WG_METRICS 20,16,12288,3.8089,0.0074,0.0068,3.7709,0.0129,0.0109,16,12288,196608,0,52138.4922,0.0000,0.0000,0,0.0000,0.0000,0,0.0000,0,0.0000,0.0000,0,0.0000,0.0000,0,0,0,0,0,0,0,0,0,0,0,0,0,0,0,0,0,0,0,0,0,0,0,0,0
WG_METRICS 21,16,12288,3.8038,0.0076,0.0067,3.7592,0.0180,0.0123,16,12288,196608,0,52299.9336,0.0000,0.0000,0,0.0000,0.0000,0,0.0000,0,0.0000,0.0000,0,0.0000,0.0000,0,0,0,0,0,0,0,0,0,0,0,0,0,0,0,0,0,0,0,0,0,0,0,0,0
WG_METRICS 22,16,12288,3.8323,0.0075,0.0067,3.7941,0.0130,0.0110,16,12288,196608,0,51819.6758,0.0000,0.0000,0,0.0000,0.0000,0,0.0000,0,0.0000,0.0000,0,0.0000,0.0000,0,0,0,0,0,0,0,0,0,0,0,0,0,0,0,0,0,0,0,0,0,0,0,0,0
WG_METRICS 23,16,12288,3.8280,0.0075,0.0068,3.7900,0.0129,0.0109,16,12288,196608,0,51876.0117,0.0000,0.0000,0,0.0000,0.0000,0,0.0000,0,0.0000,0.0000,0,0.0000,0.0000,0,0,0,0,0,0,0,0,0,0,0,0,0,0,0,0,0,0,0,0,0,0,0,0,0
WG_METRICS 24,16,12288,3.8555,0.0075,0.0066,3.8088,0.0215,0.0112,16,12288,196608,0,51619.4062,0.0000,0.0000,0,0.0000,0.0000,0,0.0000,0,0.0000,0.0000,0,0.0000,0.0000,0,0,0,0,0,0,0,0,0,0,0,0,0,0,0,0,0,0,0,0,0,0,0,0,0
WG_METRICS 25,16,12288,3.8146,0.0075,0.0068,3.7755,0.0133,0.0115,16,12288,196608,0,52074.9688,0.0000,0.0000,0,0.0000,0.0000,0,0.0000,0,0.0000,0.0000,0,0.0000,0.0000,0,0,0,0,0,0,0,0,0,0,0,0,0,0,0,0,0,0,0,0,0,0,0,0,0
WG_METRICS 26,16,12288,3.7783,0.0075,0.0068,3.7304,0.0222,0.0115,16,12288,196608,0,52704.2656,0.0000,0.0000,0,0.0000,0.0000,0,0.0000,0,0.0000,0.0000,0,0.0000,0.0000,0,0,0,0,0,0,0,0,0,0,0,0,0,0,0,0,0,0,0,0,0,0,0,0,0
WG_METRICS 27,16,12288,3.8338,0.0074,0.0064,3.7956,0.0134,0.0110,16,12288,196608,0,51798.9258,0.0000,0.0000,0,0.0000,0.0000,0,0.0000,0,0.0000,0.0000,0,0.0000,0.0000,0,0,0,0,0,0,0,0,0,0,0,0,0,0,0,0,0,0,0,0,0,0,0,0,0
WG_METRICS 28,16,12288,3.8582,0.0075,0.0068,3.8117,0.0214,0.0109,16,12288,196608,0,51580.4062,0.0000,0.0000,0,0.0000,0.0000,0,0.0000,0,0.0000,0.0000,0,0.0000,0.0000,0,0,0,0,0,0,0,0,0,0,0,0,0,0,0,0,0,0,0,0,0,0,0,0,0
WG_METRICS 29,16,12288,3.8314,0.0075,0.0066,3.7936,0.0129,0.0109,16,12288,196608,0,51825.6875,0.0000,0.0000,0,0.0000,0.0000,0,0.0000,0,0.0000,0.0000,0,0.0000,0.0000,0,0,0,0,0,0,0,0,0,0,0,0,0,0,0,0,0,0,0,0,0,0,0,0,0
WG_METRICS 30,16,12288,3.8652,0.0075,0.0067,3.8176,0.0219,0.0115,16,12288,196608,0,51500.4180,0.0000,0.0000,0,0.0000,0.0000,0,0.0000,0,0.0000,0.0000,0,0.0000,0.0000,0,0,0,0,0,0,0,0,0,0,0,0,0,0,0,0,0,0,0,0,0,0,0,0,0
WG_METRICS 31,16,12288,3.8265,0.0074,0.0068,3.7795,0.0214,0.0114,16,12288,196608,0,52019.3047,0.0000,0.0000,0,0.0000,0.0000,0,0.0000,0,0.0000,0.0000,0,0.0000,0.0000,0,0,0,0,0,0,0,0,0,0,0,0,0,0,0,0,0,0,0,0,0,0,0,0,0
WG_METRICS 32,16,12288,3.8330,0.0074,0.0068,3.7951,0.0128,0.0109,16,12288,196608,0,51806.0234,0.0000,0.0000,0,0.0000,0.0000,0,0.0000,0,0.0000,0.0000,0,0.0000,0.0000,0,0,0,0,0,0,0,0,0,0,0,0,0,0,0,0,0,0,0,0,0,0,0,0,0
WG_METRICS 33,16,12288,3.7729,0.0075,0.0067,3.7393,0.0085,0.0109,16,12288,196608,0,52579.1055,0.0000,0.0000,0,0.0000,0.0000,0,0.0000,0,0.0000,0.0000,0,0.0000,0.0000,0,0,0,0,0,0,0,0,0,0,0,0,0,0,0,0,0,0,0,0,0,0,0,0,0
WG_METRICS 34,16,12288,3.8572,0.0076,0.0066,3.8185,0.0134,0.0111,16,12288,196608,0,51488.5508,0.0000,0.0000,0,0.0000,0.0000,0,0.0000,0,0.0000,0.0000,0,0.0000,0.0000,0,0,0,0,0,0,0,0,0,0,0,0,0,0,0,0,0,0,0,0,0,0,0,0,0
WG_METRICS 35,16,12288,3.7816,0.0075,0.0067,3.7429,0.0133,0.0113,16,12288,196608,0,52528.5312,0.0000,0.0000,0,0.0000,0.0000,0,0.0000,0,0.0000,0.0000,0,0.0000,0.0000,0,0,0,0,0,0,0,0,0,0,0,0,0,0,0,0,0,0,0,0,0,0,0,0,0
WG_METRICS 36,16,12288,3.7854,0.0075,0.0068,3.7377,0.0220,0.0115,16,12288,196608,0,52601.6133,0.0000,0.0000,0,0.0000,0.0000,0,0.0000,0,0.0000,0.0000,0,0.0000,0.0000,0,0,0,0,0,0,0,0,0,0,0,0,0,0,0,0,0,0,0,0,0,0,0,0,0
WG_METRICS 37,16,12288,3.8285,0.0074,0.0068,3.7901,0.0132,0.0109,16,12288,196608,0,51873.8203,0.0000,0.0000,0,0.0000,0.0000,0,0.0000,0,0.0000,0.0000,0,0.0000,0.0000,0,0,0,0,0,0,0,0,0,0,0,0,0,0,0,0,0,0,0,0,0,0,0,0,0
WG_METRICS 38,16,12288,3.8051,0.0075,0.0068,3.7670,0.0130,0.0109,16,12288,196608,0,52192.7500,0.0000,0.0000,0,0.0000,0.0000,0,0.0000,0,0.0000,0.0000,0,0.0000,0.0000,0,0,0,0,0,0,0,0,0,0,0,0,0,0,0,0,0,0,0,0,0,0,0,0,0
WG_METRICS 39,16,12288,3.7662,0.0075,0.0068,3.7277,0.0131,0.0111,16,12288,196608,0,52742.1602,0.0000,0.0000,0,0.0000,0.0000,0,0.0000,0,0.0000,0.0000,0,0.0000,0.0000,0,0,0,0,0,0,0,0,0,0,0,0,0,0,0,0,0,0,0,0,0,0,0,0,0
WG_METRICS 40,16,12288,3.7966,0.0076,0.0066,3.7485,0.0218,0.0120,16,12288,196608,0,52450.0586,0.0000,0.0000,0,0.0000,0.0000,0,0.0000,0,0.0000,0.0000,0,0.0000,0.0000,0,0,0,0,0,0,0,0,0,0,0,0,0,0,0,0,0,0,0,0,0,0,0,0,0
WG_METRICS 41,16,12288,3.8338,0.0075,0.0068,3.7959,0.0128,0.0109,16,12288,196608,0,51795.1016,0.0000,0.0000,0,0.0000,0.0000,0,0.0000,0,0.0000,0.0000,0,0.0000,0.0000,0,0,0,0,0,0,0,0,0,0,0,0,0,0,0,0,0,0,0,0,0,0,0,0,0
WG_METRICS 42,16,12288,3.7973,0.0075,0.0068,3.7516,0.0206,0.0109,16,12288,196608,0,52407.0000,0.0000,0.0000,0,0.0000,0.0000,0,0.0000,0,0.0000,0.0000,0,0.0000,0.0000,0,0,0,0,0,0,0,0,0,0,0,0,0,0,0,0,0,0,0,0,0,0,0,0,0
WG_METRICS 43,16,12288,3.8448,0.0074,0.0068,3.7975,0.0218,0.0112,16,12288,196608,0,51772.7383,0.0000,0.0000,0,0.0000,0.0000,0,0.0000,0,0.0000,0.0000,0,0.0000,0.0000,0,0,0,0,0,0,0,0,0,0,0,0,0,0,0,0,0,0,0,0,0,0,0,0,0
WG_METRICS 44,16,12288,3.7987,0.0075,0.0068,3.7517,0.0218,0.0109,16,12288,196608,0,52404.7656,0.0000,0.0000,0,0.0000,0.0000,0,0.0000,0,0.0000,0.0000,0,0.0000,0.0000,0,0,0,0,0,0,0,0,0,0,0,0,0,0,0,0,0,0,0,0,0,0,0,0,0
WG_METRICS 45,16,12288,3.8388,0.0074,0.0068,3.7918,0.0219,0.0109,16,12288,196608,0,51851.3828,0.0000,0.0000,0,0.0000,0.0000,0,0.0000,0,0.0000,0.0000,0,0.0000,0.0000,0,0,0,0,0,0,0,0,0,0,0,0,0,0,0,0,0,0,0,0,0,0,0,0,0
WG_METRICS 46,16,12288,3.8572,0.0075,0.0064,3.8195,0.0129,0.0110,16,12288,196608,0,51475.0703,0.0000,0.0000,0,0.0000,0.0000,0,0.0000,0,0.0000,0.0000,0,0.0000,0.0000,0,0,0,0,0,0,0,0,0,0,0,0,0,0,0,0,0,0,0,0,0,0,0,0,0
WG_METRICS 47,16,12288,3.8370,0.0075,0.0066,3.7990,0.0129,0.0110,16,12288,196608,0,51752.0195,0.0000,0.0000,0,0.0000,0.0000,0,0.0000,0,0.0000,0.0000,0,0.0000,0.0000,0,0,0,0,0,0,0,0,0,0,0,0,0,0,0,0,0,0,0,0,0,0,0,0,0
WG_METRICS 48,16,12288,3.8165,0.0075,0.0066,3.7780,0.0134,0.0110,16,12288,196608,0,52040.2305,0.0000,0.0000,0,0.0000,0.0000,0,0.0000,0,0.0000,0.0000,0,0.0000,0.0000,0,0,0,0,0,0,0,0,0,0,0,0,0,0,0,0,0,0,0,0,0,0,0,0,0
WG_METRICS 49,16,12288,3.7940,0.0074,0.0068,3.7463,0.0219,0.0115,16,12288,196608,0,52480.3008,0.0000,0.0000,0,0.0000,0.0000,0,0.0000,0,0.0000,0.0000,0,0.0000,0.0000,0,0,0,0,0,0,0,0,0,0,0,0,0,0,0,0,0,0,0,0,0,0,0,0,0
WG_METRICS 50,16,12288,3.8434,0.0074,0.0068,3.7964,0.0218,0.0110,16,12288,196608,0,51788.0078,0.0000,0.0000,0,0.0000,0.0000,0,0.0000,0,0.0000,0.0000,0,0.0000,0.0000,0,0,0,0,0,0,0,0,0,0,0,0,0,0,0,0,0,0,0,0,0,0,0,0,0
WG_METRICS 51,16,12288,3.8260,0.0075,0.0068,3.7878,0.0129,0.0109,16,12288,196608,0,51905.0469,0.0000,0.0000,0,0.0000,0.0000,0,0.0000,0,0.0000,0.0000,0,0.0000,0.0000,0,0,0,0,0,0,0,0,0,0,0,0,0,0,0,0,0,0,0,0,0,0,0,0,0
WG_METRICS 52,16,12288,3.8816,0.0076,0.0066,3.8340,0.0224,0.0111,16,12288,196608,0,51280.1250,0.0000,0.0000,0,0.0000,0.0000,0,0.0000,0,0.0000,0.0000,0,0.0000,0.0000,0,0,0,0,0,0,0,0,0,0,0,0,0,0,0,0,0,0,0,0,0,0,0,0,0
WG_METRICS 53,16,12288,3.8551,0.0078,0.0067,3.8065,0.0223,0.0118,16,12288,196608,0,51650.3281,0.0000,0.0000,0,0.0000,0.0000,0,0.0000,0,0.0000,0.0000,0,0.0000,0.0000,0,0,0,0,0,0,0,0,0,0,0,0,0,0,0,0,0,0,0,0,0,0,0,0,0
WG_METRICS 54,16,12288,3.7896,0.0075,0.0068,3.7508,0.0131,0.0114,16,12288,196608,0,52417.0586,0.0000,0.0000,0,0.0000,0.0000,0,0.0000,0,0.0000,0.0000,0,0.0000,0.0000,0,0,0,0,0,0,0,0,0,0,0,0,0,0,0,0,0,0,0,0,0,0,0,0,0
WG_METRICS 55,16,12288,3.8477,0.0074,0.0068,3.8089,0.0137,0.0109,16,12288,196608,0,51618.3242,0.0000,0.0000,0,0.0000,0.0000,0,0.0000,0,0.0000,0.0000,0,0.0000,0.0000,0,0,0,0,0,0,0,0,0,0,0,0,0,0,0,0,0,0,0,0,0,0,0,0,0
WG_METRICS 56,16,12288,3.8346,0.0075,0.0067,3.7880,0.0214,0.0109,16,12288,196608,0,51902.3047,0.0000,0.0000,0,0.0000,0.0000,0,0.0000,0,0.0000,0.0000,0,0.0000,0.0000,0,0,0,0,0,0,0,0,0,0,0,0,0,0,0,0,0,0,0,0,0,0,0,0,0
WG_METRICS 57,16,12288,3.8353,0.0074,0.0066,3.7952,0.0140,0.0122,16,12288,196608,0,51804.9297,0.0000,0.0000,0,0.0000,0.0000,0,0.0000,0,0.0000,0.0000,0,0.0000,0.0000,0,0,0,0,0,0,0,0,0,0,0,0,0,0,0,0,0,0,0,0,0,0,0,0,0
WG_METRICS 58,16,12288,3.7949,0.0081,0.0072,3.7445,0.0227,0.0125,16,12288,196608,0,52506.0898,0.0000,0.0000,0,0.0000,0.0000,0,0.0000,0,0.0000,0.0000,0,0.0000,0.0000,0,0,0,0,0,0,0,0,0,0,0,0,0,0,0,0,0,0,0,0,0,0,0,0,0
WG_METRICS 59,16,12288,3.8446,0.0080,0.0073,3.7940,0.0179,0.0174,16,12288,196608,0,51821.3164,0.0000,0.0000,0,0.0000,0.0000,0,0.0000,0,0.0000,0.0000,0,0.0000,0.0000,0,0,0,0,0,0,0,0,0,0,0,0,0,0,0,0,0,0,0,0,0,0,0,0,0
WG_METRICS 60,16,12288,3.7799,0.0080,0.0073,3.7382,0.0141,0.0122,16,12288,196608,0,52594.2969,0.0000,0.0000,0,0.0000,0.0000,0,0.0000,0,0.0000,0.0000,0,0.0000,0.0000,0,0,0,0,0,0,0,0,0,0,0,0,0,0,0,0,0,0,0,0,0,0,0,0,0
WG_METRICS 61,16,12288,3.7944,0.0081,0.0074,3.7447,0.0219,0.0123,16,12288,196608,0,52503.2852,0.0000,0.0000,0,0.0000,0.0000,0,0.0000,0,0.0000,0.0000,0,0.0000,0.0000,0,0,0,0,0,0,0,0,0,0,0,0,0,0,0,0,0,0,0,0,0,0,0,0,0
WG_METRICS 62,16,12288,3.7862,0.0081,0.0073,3.7451,0.0134,0.0123,16,12288,196608,0,52497.1172,0.0000,0.0000,0,0.0000,0.0000,0,0.0000,0,0.0000,0.0000,0,0.0000,0.0000,0,0,0,0,0,0,0,0,0,0,0,0,0,0,0,0,0,0,0,0,0,0,0,0,0
WG_METRICS 63,16,12288,3.8730,0.0080,0.0072,3.8215,0.0240,0.0122,16,12288,196608,0,51447.5898,0.0000,0.0000,0,0.0000,0.0000,0,0.0000,0,0.0000,0.0000,0,0.0000,0.0000,0,0,0,0,0,0,0,0,0,0,0,0,0,0,0,0,0,0,0,0,0,0,0,0,0
WG_METRICS 64,16,12288,3.7831,0.0081,0.0073,3.7286,0.0218,0.0173,16,12288,196608,0,52729.1445,0.0000,0.0000,0,0.0000,0.0000,0,0.0000,0,0.0000,0.0000,0,0.0000,0.0000,0,0,0,0,0,0,0,0,0,0,0,0,0,0,0,0,0,0,0,0,0,0,0,0,0
WG_METRICS 65,16,12288,3.8554,0.0080,0.0074,3.8146,0.0134,0.0120,16,12288,196608,0,51540.9219,0.0000,0.0000,0,0.0000,0.0000,0,0.0000,0,0.0000,0.0000,0,0.0000,0.0000,0,0,0,0,0,0,0,0,0,0,0,0,0,0,0,0,0,0,0,0,0,0,0,0,0
WG_METRICS 66,16,12288,3.8093,0.0080,0.0073,3.7627,0.0179,0.0134,16,12288,196608,0,52251.5625,0.0000,0.0000,0,0.0000,0.0000,0,0.0000,0,0.0000,0.0000,0,0.0000,0.0000,0,0,0,0,0,0,0,0,0,0,0,0,0,0,0,0,0,0,0,0,0,0,0,0,0
WG_METRICS 67,16,12288,3.8529,0.0080,0.0073,3.8037,0.0220,0.0119,16,12288,196608,0,51688.8906,0.0000,0.0000,0,0.0000,0.0000,0,0.0000,0,0.0000,0.0000,0,0.0000,0.0000,0,0,0,0,0,0,0,0,0,0,0,0,0,0,0,0,0,0,0,0,0,0,0,0,0
WG_METRICS 68,16,12288,3.8184,0.0080,0.0074,3.7770,0.0138,0.0122,16,12288,196608,0,52054.0117,0.0000,0.0000,0,0.0000,0.0000,0,0.0000,0,0.0000,0.0000,0,0.0000,0.0000,0,0,0,0,0,0,0,0,0,0,0,0,0,0,0,0,0,0,0,0,0,0,0,0,0
WG_METRICS 69,16,12288,3.8877,0.0080,0.0072,3.8366,0.0228,0.0130,16,12288,196608,0,51244.8398,0.0000,0.0000,0,0.0000,0.0000,0,0.0000,0,0.0000,0.0000,0,0.0000,0.0000,0,0,0,0,0,0,0,0,0,0,0,0,0,0,0,0,0,0,0,0,0,0,0,0,0
WG_METRICS 70,16,12288,3.8598,0.0080,0.0070,3.8042,0.0224,0.0182,16,12288,196608,0,51681.8281,0.0000,0.0000,0,0.0000,0.0000,0,0.0000,0,0.0000,0.0000,0,0.0000,0.0000,0,0,0,0,0,0,0,0,0,0,0,0,0,0,0,0,0,0,0,0,0,0,0,0,0
WG_METRICS 71,16,12288,3.8474,0.0081,0.0073,3.8060,0.0136,0.0125,16,12288,196608,0,51657.9258,0.0000,0.0000,0,0.0000,0.0000,0,0.0000,0,0.0000,0.0000,0,0.0000,0.0000,0,0,0,0,0,0,0,0,0,0,0,0,0,0,0,0,0,0,0,0,0,0,0,0,0
WG_METRICS 72,16,12288,3.7251,0.0080,0.0074,3.6824,0.0131,0.0142,16,12288,196608,0,53390.6875,0.0000,0.0000,0,0.0000,0.0000,0,0.0000,0,0.0000,0.0000,0,0.0000,0.0000,0,0,0,0,0,0,0,0,0,0,0,0,0,0,0,0,0,0,0,0,0,0,0,0,0
WG_METRICS 73,16,12288,3.8498,0.0080,0.0074,3.7976,0.0236,0.0132,16,12288,196608,0,51771.0977,0.0000,0.0000,0,0.0000,0.0000,0,0.0000,0,0.0000,0.0000,0,0.0000,0.0000,0,0,0,0,0,0,0,0,0,0,0,0,0,0,0,0,0,0,0,0,0,0,0,0,0
WG_METRICS 74,16,12288,3.8039,0.0080,0.0073,3.7580,0.0138,0.0168,16,12288,196608,0,52317.7461,0.0000,0.0000,0,0.0000,0.0000,0,0.0000,0,0.0000,0.0000,0,0.0000,0.0000,0,0,0,0,0,0,0,0,0,0,0,0,0,0,0,0,0,0,0,0,0,0,0,0,0
WG_METRICS 75,16,12288,3.8047,0.0080,0.0074,3.7536,0.0226,0.0131,16,12288,196608,0,52377.9609,0.0000,0.0000,0,0.0000,0.0000,0,0.0000,0,0.0000,0.0000,0,0.0000,0.0000,0,0,0,0,0,0,0,0,0,0,0,0,0,0,0,0,0,0,0,0,0,0,0,0,0
WG_METRICS 76,16,12288,3.8342,0.0081,0.0073,3.7846,0.0221,0.0121,16,12288,196608,0,51950.0273,0.0000,0.0000,0,0.0000,0.0000,0,0.0000,0,0.0000,0.0000,0,0.0000,0.0000,0,0,0,0,0,0,0,0,0,0,0,0,0,0,0,0,0,0,0,0,0,0,0,0,0
WG_METRICS 77,16,12288,3.8454,0.0080,0.0074,3.8038,0.0140,0.0122,16,12288,196608,0,51687.2578,0.0000,0.0000,0,0.0000,0.0000,0,0.0000,0,0.0000,0.0000,0,0.0000,0.0000,0,0,0,0,0,0,0,0,0,0,0,0,0,0,0,0,0,0,0,0,0,0,0,0,0
WG_METRICS 78,16,12288,3.8111,0.0080,0.0074,3.7683,0.0132,0.0142,16,12288,196608,0,52174.4648,0.0000,0.0000,0,0.0000,0.0000,0,0.0000,0,0.0000,0.0000,0,0.0000,0.0000,0,0,0,0,0,0,0,0,0,0,0,0,0,0,0,0,0,0,0,0,0,0,0,0,0
WG_METRICS 79,16,12288,3.8510,0.0080,0.0074,3.8004,0.0230,0.0122,16,12288,196608,0,51732.9570,0.0000,0.0000,0,0.0000,0.0000,0,0.0000,0,0.0000,0.0000,0,0.0000,0.0000,0,0,0,0,0,0,0,0,0,0,0,0,0,0,0,0,0,0,0,0,0,0,0,0,0
WG_METRICS 80,16,12288,3.8476,0.0080,0.0074,3.7992,0.0138,0.0192,16,12288,196608,0,51749.8398,0.0000,0.0000,0,0.0000,0.0000,0,0.0000,0,0.0000,0.0000,0,0.0000,0.0000,0,0,0,0,0,0,0,0,0,0,0,0,0,0,0,0,0,0,0,0,0,0,0,0,0
WG_METRICS 81,16,12288,3.8161,0.0080,0.0074,3.7650,0.0227,0.0130,16,12288,196608,0,52219.3672,0.0000,0.0000,0,0.0000,0.0000,0,0.0000,0,0.0000,0.0000,0,0.0000,0.0000,0,0,0,0,0,0,0,0,0,0,0,0,0,0,0,0,0,0,0,0,0,0,0,0,0
WG_METRICS 82,16,12288,3.7903,0.0080,0.0073,3.7497,0.0134,0.0119,16,12288,196608,0,52433.2734,0.0000,0.0000,0,0.0000,0.0000,0,0.0000,0,0.0000,0.0000,0,0.0000,0.0000,0,0,0,0,0,0,0,0,0,0,0,0,0,0,0,0,0,0,0,0,0,0,0,0,0
WG_METRICS 83,16,12288,3.8169,0.0080,0.0073,3.7667,0.0228,0.0121,16,12288,196608,0,52196.6289,0.0000,0.0000,0,0.0000,0.0000,0,0.0000,0,0.0000,0.0000,0,0.0000,0.0000,0,0,0,0,0,0,0,0,0,0,0,0,0,0,0,0,0,0,0,0,0,0,0,0,0
WG_METRICS 84,16,12288,3.8611,0.0080,0.0074,3.8173,0.0142,0.0142,16,12288,196608,0,51504.1953,0.0000,0.0000,0,0.0000,0.0000,0,0.0000,0,0.0000,0.0000,0,0.0000,0.0000,0,0,0,0,0,0,0,0,0,0,0,0,0,0,0,0,0,0,0,0,0,0,0,0,0
WG_METRICS 85,16,12288,3.7390,0.0080,0.0074,3.6973,0.0138,0.0124,16,12288,196608,0,53175.8125,0.0000,0.0000,0,0.0000,0.0000,0,0.0000,0,0.0000,0.0000,0,0.0000,0.0000,0,0,0,0,0,0,0,0,0,0,0,0,0,0,0,0,0,0,0,0,0,0,0,0,0
WG_METRICS 86,16,12288,3.8405,0.0080,0.0074,3.7987,0.0142,0.0122,16,12288,196608,0,51756.9258,0.0000,0.0000,0,0.0000,0.0000,0,0.0000,0,0.0000,0.0000,0,0.0000,0.0000,0,0,0,0,0,0,0,0,0,0,0,0,0,0,0,0,0,0,0,0,0,0,0,0,0
WG_METRICS 87,16,12288,3.8010,0.0080,0.0074,3.7642,0.0090,0.0124,16,12288,196608,0,52231.5742,0.0000,0.0000,0,0.0000,0.0000,0,0.0000,0,0.0000,0.0000,0,0.0000,0.0000,0,0,0,0,0,0,0,0,0,0,0,0,0,0,0,0,0,0,0,0,0,0,0,0,0
WG_METRICS 88,16,12288,3.8245,0.0080,0.0074,3.7750,0.0222,0.0120,16,12288,196608,0,52081.5898,0.0000,0.0000,0,0.0000,0.0000,0,0.0000,0,0.0000,0.0000,0,0.0000,0.0000,0,0,0,0,0,0,0,0,0,0,0,0,0,0,0,0,0,0,0,0,0,0,0,0,0
WG_METRICS 89,16,12288,3.7974,0.0081,0.0072,3.7669,0.0032,0.0120,16,12288,196608,0,52193.3008,0.0000,0.0000,0,0.0000,0.0000,0,0.0000,0,0.0000,0.0000,0,0.0000,0.0000,0,0,0,0,0,0,0,0,0,0,0,0,0,0,0,0,0,0,0,0,0,0,0,0,0
WG_METRICS 90,16,12288,3.8399,0.0080,0.0074,3.7953,0.0180,0.0112,16,12288,196608,0,51802.7461,0.0000,0.0000,0,0.0000,0.0000,0,0.0000,0,0.0000,0.0000,0,0.0000,0.0000,0,0,0,0,0,0,0,0,0,0,0,0,0,0,0,0,0,0,0,0,0,0,0,0,0
WG_METRICS 91,16,12288,3.8084,0.0075,0.0067,3.7742,0.0089,0.0111,16,12288,196608,0,52093.1836,0.0000,0.0000,0,0.0000,0.0000,0,0.0000,0,0.0000,0.0000,0,0.0000,0.0000,0,0,0,0,0,0,0,0,0,0,0,0,0,0,0,0,0,0,0,0,0,0,0,0,0
WG_METRICS 92,16,12288,3.8662,0.0076,0.0067,3.8194,0.0217,0.0109,16,12288,196608,0,51476.6875,0.0000,0.0000,0,0.0000,0.0000,0,0.0000,0,0.0000,0.0000,0,0.0000,0.0000,0,0,0,0,0,0,0,0,0,0,0,0,0,0,0,0,0,0,0,0,0,0,0,0,0
WG_METRICS 93,16,12288,3.7975,0.0074,0.0068,3.7508,0.0215,0.0109,16,12288,196608,0,52417.6172,0.0000,0.0000,0,0.0000,0.0000,0,0.0000,0,0.0000,0.0000,0,0.0000,0.0000,0,0,0,0,0,0,0,0,0,0,0,0,0,0,0,0,0,0,0,0,0,0,0,0,0
WG_METRICS 94,16,12288,3.7658,0.0074,0.0068,3.7267,0.0132,0.0117,16,12288,196608,0,52756.3086,0.0000,0.0000,0,0.0000,0.0000,0,0.0000,0,0.0000,0.0000,0,0.0000,0.0000,0,0,0,0,0,0,0,0,0,0,0,0,0,0,0,0,0,0,0,0,0,0,0,0,0
WG_METRICS 95,16,12288,3.8078,0.0077,0.0066,3.7600,0.0222,0.0113,16,12288,196608,0,52288.8047,0.0000,0.0000,0,0.0000,0.0000,0,0.0000,0,0.0000,0.0000,0,0.0000,0.0000,0,0,0,0,0,0,0,0,0,0,0,0,0,0,0,0,0,0,0,0,0,0,0,0,0
WG_METRICS 96,16,12288,3.8176,0.0075,0.0068,3.7793,0.0131,0.0109,16,12288,196608,0,52022.0586,0.0000,0.0000,0,0.0000,0.0000,0,0.0000,0,0.0000,0.0000,0,0.0000,0.0000,0,0,0,0,0,0,0,0,0,0,0,0,0,0,0,0,0,0,0,0,0,0,0,0,0
WG_METRICS 97,16,12288,3.8434,0.0074,0.0068,3.7967,0.0217,0.0109,16,12288,196608,0,51784.1914,0.0000,0.0000,0,0.0000,0.0000,0,0.0000,0,0.0000,0.0000,0,0.0000,0.0000,0,0,0,0,0,0,0,0,0,0,0,0,0,0,0,0,0,0,0,0,0,0,0,0,0
WG_METRICS 98,16,12288,3.7910,0.0074,0.0062,3.7534,0.0129,0.0111,16,12288,196608,0,52381.8672,0.0000,0.0000,0,0.0000,0.0000,0,0.0000,0,0.0000,0.0000,0,0.0000,0.0000,0,0,0,0,0,0,0,0,0,0,0,0,0,0,0,0,0,0,0,0,0,0,0,0,0
WG_METRICS 99,16,12288,3.8650,0.0075,0.0068,3.8307,0.0091,0.0109,16,12288,196608,0,51324.0352,0.0000,0.0000,0,0.0000,0.0000,0,0.0000,0,0.0000,0.0000,0,0.0000,0.0000,0,0,0,0,0,0,0,0,0,0,0,0,0,0,0,0,0,0,0,0,0,0,0,0,0
WG_METRICS 100,16,12288,3.8007,0.0075,0.0067,3.7530,0.0218,0.0116,16,12288,196608,0,52386.3320,0.0000,0.0000,0,0.0000,0.0000,0,0.0000,0,0.0000,0.0000,0,0.0000,0.0000,0,0,0,0,0,0,0,0,0,0,0,0,0,0,0,0,0,0,0,0,0,0,0,0,0
WG_METRICS 101,16,12288,3.7807,0.0074,0.0068,3.7387,0.0169,0.0109,16,12288,196608,0,52587.5469,0.0000,0.0000,0,0.0000,0.0000,0,0.0000,0,0.0000,0.0000,0,0.0000,0.0000,0,0,0,0,0,0,0,0,0,0,0,0,0,0,0,0,0,0,0,0,0,0,0,0,0
WG_METRICS 102,16,12288,3.8294,0.0074,0.0068,3.7827,0.0216,0.0108,16,12288,196608,0,51975.8477,0.0000,0.0000,0,0.0000,0.0000,0,0.0000,0,0.0000,0.0000,0,0.0000,0.0000,0,0,0,0,0,0,0,0,0,0,0,0,0,0,0,0,0,0,0,0,0,0,0,0,0
WG_METRICS 103,16,12288,3.8336,0.0074,0.0066,3.7841,0.0233,0.0121,16,12288,196608,0,51956.0664,0.0000,0.0000,0,0.0000,0.0000,0,0.0000,0,0.0000,0.0000,0,0.0000,0.0000,0,0,0,0,0,0,0,0,0,0,0,0,0,0,0,0,0,0,0,0,0,0,0,0,0
WG_METRICS 104,16,12288,3.8028,0.0080,0.0108,3.7536,0.0140,0.0164,16,12288,196608,0,52379.0742,0.0000,0.0000,0,0.0000,0.0000,0,0.0000,0,0.0000,0.0000,0,0.0000,0.0000,0,0,0,0,0,0,0,0,0,0,0,0,0,0,0,0,0,0,0,0,0,0,0,0,0
WG_METRICS 105,16,12288,3.8324,0.0080,0.0073,3.7906,0.0144,0.0120,16,12288,196608,0,51866.7031,0.0000,0.0000,0,0.0000,0.0000,0,0.0000,0,0.0000,0.0000,0,0.0000,0.0000,0,0,0,0,0,0,0,0,0,0,0,0,0,0,0,0,0,0,0,0,0,0,0,0,0
WG_METRICS 106,16,12288,3.8018,0.0080,0.0073,3.7610,0.0136,0.0119,16,12288,196608,0,52274.9023,0.0000,0.0000,0,0.0000,0.0000,0,0.0000,0,0.0000,0.0000,0,0.0000,0.0000,0,0,0,0,0,0,0,0,0,0,0,0,0,0,0,0,0,0,0,0,0,0,0,0,0
WG_METRICS 107,16,12288,3.8014,0.0080,0.0074,3.7594,0.0131,0.0135,16,12288,196608,0,52297.1523,0.0000,0.0000,0,0.0000,0.0000,0,0.0000,0,0.0000,0.0000,0,0.0000,0.0000,0,0,0,0,0,0,0,0,0,0,0,0,0,0,0,0,0,0,0,0,0,0,0,0,0
WG_METRICS 108,16,12288,3.8227,0.0080,0.0074,3.7871,0.0080,0.0122,16,12288,196608,0,51914.9102,0.0000,0.0000,0,0.0000,0.0000,0,0.0000,0,0.0000,0.0000,0,0.0000,0.0000,0,0,0,0,0,0,0,0,0,0,0,0,0,0,0,0,0,0,0,0,0,0,0,0,0
WG_METRICS 109,16,12288,3.8634,0.0082,0.0072,3.8086,0.0226,0.0167,16,12288,196608,0,51621.5742,0.0000,0.0000,0,0.0000,0.0000,0,0.0000,0,0.0000,0.0000,0,0.0000,0.0000,0,0,0,0,0,0,0,0,0,0,0,0,0,0,0,0,0,0,0,0,0,0,0,0,0
WG_METRICS 110,16,12288,3.8546,0.0080,0.0074,3.8119,0.0139,0.0134,16,12288,196608,0,51577.6992,0.0000,0.0000,0,0.0000,0.0000,0,0.0000,0,0.0000,0.0000,0,0.0000,0.0000,0,0,0,0,0,0,0,0,0,0,0,0,0,0,0,0,0,0,0,0,0,0,0,0,0
WG_METRICS 111,16,12288,3.8108,0.0081,0.0079,3.7594,0.0224,0.0129,16,12288,196608,0,52297.7070,0.0000,0.0000,0,0.0000,0.0000,0,0.0000,0,0.0000,0.0000,0,0.0000,0.0000,0,0,0,0,0,0,0,0,0,0,0,0,0,0,0,0,0,0,0,0,0,0,0,0,0
WG_METRICS 112,16,12288,3.7527,0.0080,0.0074,3.7117,0.0136,0.0120,16,12288,196608,0,52969.5117,0.0000,0.0000,0,0.0000,0.0000,0,0.0000,0,0.0000,0.0000,0,0.0000,0.0000,0,0,0,0,0,0,0,0,0,0,0,0,0,0,0,0,0,0,0,0,0,0,0,0,0
WG_METRICS 113,16,12288,3.8582,0.0080,0.0074,3.8088,0.0221,0.0120,16,12288,196608,0,51619.4062,0.0000,0.0000,0,0.0000,0.0000,0,0.0000,0,0.0000,0.0000,0,0.0000,0.0000,0,0,0,0,0,0,0,0,0,0,0,0,0,0,0,0,0,0,0,0,0,0,0,0,0
WG_METRICS 114,16,12288,3.8416,0.0080,0.0074,3.8058,0.0076,0.0128,16,12288,196608,0,51659.5547,0.0000,0.0000,0,0.0000,0.0000,0,0.0000,0,0.0000,0.0000,0,0.0000,0.0000,0,0,0,0,0,0,0,0,0,0,0,0,0,0,0,0,0,0,0,0,0,0,0,0,0
WG_METRICS 115,16,12288,3.7554,0.0081,0.0073,3.7141,0.0136,0.0122,16,12288,196608,0,52935.8555,0.0000,0.0000,0,0.0000,0.0000,0,0.0000,0,0.0000,0.0000,0,0.0000,0.0000,0,0,0,0,0,0,0,0,0,0,0,0,0,0,0,0,0,0,0,0,0,0,0,0,0
WG_METRICS 116,16,12288,3.8388,0.0080,0.0073,3.8059,0.0034,0.0142,16,12288,196608,0,51659.0117,0.0000,0.0000,0,0.0000,0.0000,0,0.0000,0,0.0000,0.0000,0,0.0000,0.0000,0,0,0,0,0,0,0,0,0,0,0,0,0,0,0,0,0,0,0,0,0,0,0,0,0
WG_METRICS 117,16,12288,3.8333,0.0080,0.0142,3.7817,0.0180,0.0114,16,12288,196608,0,51989.0430,0.0000,0.0000,0,0.0000,0.0000,0,0.0000,0,0.0000,0.0000,0,0.0000,0.0000,0,0,0,0,0,0,0,0,0,0,0,0,0,0,0,0,0,0,0,0,0,0,0,0,0
WG_METRICS 118,16,12288,3.8057,0.0075,0.0067,3.7735,0.0071,0.0109,16,12288,196608,0,52102.5703,0.0000,0.0000,0,0.0000,0.0000,0,0.0000,0,0.0000,0.0000,0,0.0000,0.0000,0,0,0,0,0,0,0,0,0,0,0,0,0,0,0,0,0,0,0,0,0,0,0,0,0
WG_METRICS 119,16,12288,3.8117,0.0075,0.0068,3.7737,0.0128,0.0109,16,12288,196608,0,52099.8086,0.0000,0.0000,0,0.0000,0.0000,0,0.0000,0,0.0000,0.0000,0,0.0000,0.0000,0,0,0,0,0,0,0,0,0,0,0,0,0,0,0,0,0,0,0,0,0,0,0,0,0
WG_METRICS 120,16,12288,3.7904,0.0074,0.0068,3.7436,0.0216,0.0109,16,12288,196608,0,52517.8711,0.0000,0.0000,0,0.0000,0.0000,0,0.0000,0,0.0000,0.0000,0,0.0000,0.0000,0,0,0,0,0,0,0,0,0,0,0,0,0,0,0,0,0,0,0,0,0,0,0,0,0
WG_METRICS 121,16,12288,3.8334,0.0075,0.0062,3.7956,0.0127,0.0114,16,12288,196608,0,51798.3789,0.0000,0.0000,0,0.0000,0.0000,0,0.0000,0,0.0000,0.0000,0,0.0000,0.0000,0,0,0,0,0,0,0,0,0,0,0,0,0,0,0,0,0,0,0,0,0,0,0,0,0
WG_METRICS 122,16,12288,3.8652,0.0075,0.0180,3.8062,0.0221,0.0114,16,12288,196608,0,51655.2109,0.0000,0.0000,0,0.0000,0.0000,0,0.0000,0,0.0000,0.0000,0,0.0000,0.0000,0,0,0,0,0,0,0,0,0,0,0,0,0,0,0,0,0,0,0,0,0,0,0,0,0
WG_METRICS 123,16,12288,3.8520,0.0074,0.0068,3.8050,0.0219,0.0109,16,12288,196608,0,51670.9570,0.0000,0.0000,0,0.0000,0.0000,0,0.0000,0,0.0000,0.0000,0,0.0000,0.0000,0,0,0,0,0,0,0,0,0,0,0,0,0,0,0,0,0,0,0,0,0,0,0,0,0
WG_METRICS 124,16,12288,3.8349,0.0075,0.0067,3.7969,0.0128,0.0109,16,12288,196608,0,51780.9180,0.0000,0.0000,0,0.0000,0.0000,0,0.0000,0,0.0000,0.0000,0,0.0000,0.0000,0,0,0,0,0,0,0,0,0,0,0,0,0,0,0,0,0,0,0,0,0,0,0,0,0
WG_METRICS 125,16,12288,3.8438,0.0075,0.0067,3.8060,0.0125,0.0111,16,12288,196608,0,51657.3828,0.0000,0.0000,0,0.0000,0.0000,0,0.0000,0,0.0000,0.0000,0,0.0000,0.0000,0,0,0,0,0,0,0,0,0,0,0,0,0,0,0,0,0,0,0,0,0,0,0,0,0
WG_METRICS 126,16,12288,3.8124,0.0075,0.0068,3.7768,0.0093,0.0121,16,12288,196608,0,52057.3164,0.0000,0.0000,0,0.0000,0.0000,0,0.0000,0,0.0000,0.0000,0,0.0000,0.0000,0,0,0,0,0,0,0,0,0,0,0,0,0,0,0,0,0,0,0,0,0,0,0,0,0
WG_METRICS 127,16,12288,3.8141,0.0074,0.0066,3.7755,0.0137,0.0109,16,12288,196608,0,52074.9688,0.0000,0.0000,0,0.0000,0.0000,0,0.0000,0,0.0000,0.0000,0,0.0000,0.0000,0,0,0,0,0,0,0,0,0,0,0,0,0,0,0,0,0,0,0,0,0,0,0,0,0
WG_METRICS 128,16,12288,3.8148,0.0075,0.0068,3.7668,0.0222,0.0115,16,12288,196608,0,52195.5195,0.0000,0.0000,0,0.0000,0.0000,0,0.0000,0,0.0000,0.0000,0,0.0000,0.0000,0,0,0,0,0,0,0,0,0,0,0,0,0,0,0,0,0,0,0,0,0,0,0,0,0
WG_METRICS 129,16,12288,3.7387,0.0075,0.0067,3.6996,0.0134,0.0115,16,12288,196608,0,53143.6172,0.0000,0.0000,0,0.0000,0.0000,0,0.0000,0,0.0000,0.0000,0,0.0000,0.0000,0,0,0,0,0,0,0,0,0,0,0,0,0,0,0,0,0,0,0,0,0,0,0,0,0
WG_METRICS 130,16,12288,3.8130,0.0075,0.0067,3.7664,0.0215,0.0108,16,12288,196608,0,52200.5078,0.0000,0.0000,0,0.0000,0.0000,0,0.0000,0,0.0000,0.0000,0,0.0000,0.0000,0,0,0,0,0,0,0,0,0,0,0,0,0,0,0,0,0,0,0,0,0,0,0,0,0
WG_METRICS 131,16,12288,3.8691,0.0076,0.0067,3.8264,0.0171,0.0114,16,12288,196608,0,51381.9766,0.0000,0.0000,0,0.0000,0.0000,0,0.0000,0,0.0000,0.0000,0,0.0000,0.0000,0,0,0,0,0,0,0,0,0,0,0,0,0,0,0,0,0,0,0,0,0,0,0,0,0
WG_METRICS 132,16,12288,3.8193,0.0075,0.0067,3.7813,0.0130,0.0109,16,12288,196608,0,51994.5391,0.0000,0.0000,0,0.0000,0.0000,0,0.0000,0,0.0000,0.0000,0,0.0000,0.0000,0,0,0,0,0,0,0,0,0,0,0,0,0,0,0,0,0,0,0,0,0,0,0,0,0
WG_METRICS 133,16,12288,3.8218,0.0075,0.0068,3.7874,0.0092,0.0109,16,12288,196608,0,51911.6211,0.0000,0.0000,0,0.0000,0.0000,0,0.0000,0,0.0000,0.0000,0,0.0000,0.0000,0,0,0,0,0,0,0,0,0,0,0,0,0,0,0,0,0,0,0,0,0,0,0,0,0
WG_METRICS 134,16,12288,3.8307,0.0074,0.0068,3.7914,0.0132,0.0118,16,12288,196608,0,51855.7578,0.0000,0.0000,0,0.0000,0.0000,0,0.0000,0,0.0000,0.0000,0,0.0000,0.0000,0,0,0,0,0,0,0,0,0,0,0,0,0,0,0,0,0,0,0,0,0,0,0,0,0
WG_METRICS 135,16,12288,3.7678,0.0080,0.0073,3.7307,0.0096,0.0122,16,12288,196608,0,52700.3125,0.0000,0.0000,0,0.0000,0.0000,0,0.0000,0,0.0000,0.0000,0,0.0000,0.0000,0,0,0,0,0,0,0,0,0,0,0,0,0,0,0,0,0,0,0,0,0,0,0,0,0
WG_METRICS 136,16,12288,3.7648,0.0080,0.0074,3.7225,0.0148,0.0120,16,12288,196608,0,52815.8320,0.0000,0.0000,0,0.0000,0.0000,0,0.0000,0,0.0000,0.0000,0,0.0000,0.0000,0,0,0,0,0,0,0,0,0,0,0,0,0,0,0,0,0,0,0,0,0,0,0,0,0
WG_METRICS 137,16,12288,3.7910,0.0080,0.0074,3.7415,0.0221,0.0120,16,12288,196608,0,52548.1875,0.0000,0.0000,0,0.0000,0.0000,0,0.0000,0,0.0000,0.0000,0,0.0000,0.0000,0,0,0,0,0,0,0,0,0,0,0,0,0,0,0,0,0,0,0,0,0,0,0,0,0
WG_METRICS 138,16,12288,3.7672,0.0081,0.0073,3.7133,0.0226,0.0158,16,12288,196608,0,52946.6875,0.0000,0.0000,0,0.0000,0.0000,0,0.0000,0,0.0000,0.0000,0,0.0000,0.0000,0,0,0,0,0,0,0,0,0,0,0,0,0,0,0,0,0,0,0,0,0,0,0,0,0
WG_METRICS 139,16,12288,3.8316,0.0082,0.0072,3.7809,0.0218,0.0136,16,12288,196608,0,52000.0430,0.0000,0.0000,0,0.0000,0.0000,0,0.0000,0,0.0000,0.0000,0,0.0000,0.0000,0,0,0,0,0,0,0,0,0,0,0,0,0,0,0,0,0,0,0,0,0,0,0,0,0
WG_METRICS 140,16,12288,3.8463,0.0080,0.0074,3.7969,0.0219,0.0122,16,12288,196608,0,51781.4609,0.0000,0.0000,0,0.0000,0.0000,0,0.0000,0,0.0000,0.0000,0,0.0000,0.0000,0,0,0,0,0,0,0,0,0,0,0,0,0,0,0,0,0,0,0,0,0,0,0,0,0
WG_METRICS 141,16,12288,3.8048,0.0080,0.0074,3.7608,0.0158,0.0128,16,12288,196608,0,52277.6836,0.0000,0.0000,0,0.0000,0.0000,0,0.0000,0,0.0000,0.0000,0,0.0000,0.0000,0,0,0,0,0,0,0,0,0,0,0,0,0,0,0,0,0,0,0,0,0,0,0,0,0
WG_METRICS 142,16,12288,3.8267,0.0080,0.0074,3.7926,0.0033,0.0153,16,12288,196608,0,51839.3516,0.0000,0.0000,0,0.0000,0.0000,0,0.0000,0,0.0000,0.0000,0,0.0000,0.0000,0,0,0,0,0,0,0,0,0,0,0,0,0,0,0,0,0,0,0,0,0,0,0,0,0
WG_METRICS 143,16,12288,3.7842,0.0080,0.0074,3.7364,0.0138,0.0187,16,12288,196608,0,52619.6367,0.0000,0.0000,0,0.0000,0.0000,0,0.0000,0,0.0000,0.0000,0,0.0000,0.0000,0,0,0,0,0,0,0,0,0,0,0,0,0,0,0,0,0,0,0,0,0,0,0,0,0
WG_METRICS 144,16,12288,3.7937,0.0081,0.0073,3.7527,0.0134,0.0121,16,12288,196608,0,52390.7969,0.0000,0.0000,0,0.0000,0.0000,0,0.0000,0,0.0000,0.0000,0,0.0000,0.0000,0,0,0,0,0,0,0,0,0,0,0,0,0,0,0,0,0,0,0,0,0,0,0,0,0
WG_METRICS 145,16,12288,3.7910,0.0079,0.0074,3.7514,0.0107,0.0135,16,12288,196608,0,52409.2344,0.0000,0.0000,0,0.0000,0.0000,0,0.0000,0,0.0000,0.0000,0,0.0000,0.0000,0,0,0,0,0,0,0,0,0,0,0,0,0,0,0,0,0,0,0,0,0,0,0,0,0
WG_METRICS 146,16,12288,3.7756,0.0080,0.0073,3.7256,0.0228,0.0118,16,12288,196608,0,52772.1719,0.0000,0.0000,0,0.0000,0.0000,0,0.0000,0,0.0000,0.0000,0,0.0000,0.0000,0,0,0,0,0,0,0,0,0,0,0,0,0,0,0,0,0,0,0,0,0,0,0,0,0
WG_METRICS 147,16,12288,3.8353,0.0080,0.0074,3.7939,0.0138,0.0122,16,12288,196608,0,51822.4102,0.0000,0.0000,0,0.0000,0.0000,0,0.0000,0,0.0000,0.0000,0,0.0000,0.0000,0,0,0,0,0,0,0,0,0,0,0,0,0,0,0,0,0,0,0,0,0,0,0,0,0
WG_METRICS 148,16,12288,3.8386,0.0080,0.0074,3.7890,0.0220,0.0122,16,12288,196608,0,51889.1523,0.0000,0.0000,0,0.0000,0.0000,0,0.0000,0,0.0000,0.0000,0,0.0000,0.0000,0,0,0,0,0,0,0,0,0,0,0,0,0,0,0,0,0,0,0,0,0,0,0,0,0
WG_METRICS 149,16,12288,3.8161,0.0080,0.0073,3.7757,0.0131,0.0120,16,12288,196608,0,52072.2070,0.0000,0.0000,0,0.0000,0.0000,0,0.0000,0,0.0000,0.0000,0,0.0000,0.0000,0,0,0,0,0,0,0,0,0,0,0,0,0,0,0,0,0,0,0,0,0,0,0,0,0
WG_METRICS 150,16,12288,3.8273,0.0081,0.0073,3.7870,0.0134,0.0115,16,12288,196608,0,51916.0078,0.0000,0.0000,0,0.0000,0.0000,0,0.0000,0,0.0000,0.0000,0,0.0000,0.0000,0,0,0,0,0,0,0,0,0,0,0,0,0,0,0,0,0,0,0,0,0,0,0,0,0
WG_METRICS 151,16,12288,3.8274,0.0081,0.0073,3.7746,0.0184,0.0191,16,12288,196608,0,52086.5547,0.0000,0.0000,0,0.0000,0.0000,0,0.0000,0,0.0000,0.0000,0,0.0000,0.0000,0,0,0,0,0,0,0,0,0,0,0,0,0,0,0,0,0,0,0,0,0,0,0,0,0
WG_METRICS 152,16,12288,3.7849,0.0080,0.0074,3.7354,0.0221,0.0120,16,12288,196608,0,52633.7227,0.0000,0.0000,0,0.0000,0.0000,0,0.0000,0,0.0000,0.0000,0,0.0000,0.0000,0,0,0,0,0,0,0,0,0,0,0,0,0,0,0,0,0,0,0,0,0,0,0,0,0
WG_METRICS 153,16,12288,3.7932,0.0080,0.0074,3.7420,0.0228,0.0131,16,12288,196608,0,52541.4492,0.0000,0.0000,0,0.0000,0.0000,0,0.0000,0,0.0000,0.0000,0,0.0000,0.0000,0,0,0,0,0,0,0,0,0,0,0,0,0,0,0,0,0,0,0,0,0,0,0,0,0
WG_METRICS 154,16,12288,3.8129,0.0080,0.0074,3.7643,0.0221,0.0111,16,12288,196608,0,52229.3555,0.0000,0.0000,0,0.0000,0.0000,0,0.0000,0,0.0000,0.0000,0,0.0000,0.0000,0,0,0,0,0,0,0,0,0,0,0,0,0,0,0,0,0,0,0,0,0,0,0,0,0
WG_METRICS 155,16,12288,3.8023,0.0074,0.0068,3.7638,0.0134,0.0109,16,12288,196608,0,52236.0156,0.0000,0.0000,0,0.0000,0.0000,0,0.0000,0,0.0000,0.0000,0,0.0000,0.0000,0,0,0,0,0,0,0,0,0,0,0,0,0,0,0,0,0,0,0,0,0,0,0,0,0
WG_METRICS 156,16,12288,3.7829,0.0074,0.0068,3.7492,0.0087,0.0108,16,12288,196608,0,52440.5469,0.0000,0.0000,0,0.0000,0.0000,0,0.0000,0,0.0000,0.0000,0,0.0000,0.0000,0,0,0,0,0,0,0,0,0,0,0,0,0,0,0,0,0,0,0,0,0,0,0,0,0
WG_METRICS 157,16,12288,3.8559,0.0075,0.0066,3.8092,0.0218,0.0109,16,12288,196608,0,51613.9883,0.0000,0.0000,0,0.0000,0.0000,0,0.0000,0,0.0000,0.0000,0,0.0000,0.0000,0,0,0,0,0,0,0,0,0,0,0,0,0,0,0,0,0,0,0,0,0,0,0,0,0
WG_METRICS 158,16,12288,3.7753,0.0075,0.0068,3.7378,0.0123,0.0109,16,12288,196608,0,52599.3633,0.0000,0.0000,0,0.0000,0.0000,0,0.0000,0,0.0000,0.0000,0,0.0000,0.0000,0,0,0,0,0,0,0,0,0,0,0,0,0,0,0,0,0,0,0,0,0,0,0,0,0
WG_METRICS 159,16,12288,3.8532,0.0075,0.0067,3.8104,0.0173,0.0112,16,12288,196608,0,51597.7305,0.0000,0.0000,0,0.0000,0.0000,0,0.0000,0,0.0000,0.0000,0,0.0000,0.0000,0,0,0,0,0,0,0,0,0,0,0,0,0,0,0,0,0,0,0,0,0,0,0,0,0
WG_METRICS 160,16,12288,3.8138,0.0075,0.0067,3.7672,0.0216,0.0109,16,12288,196608,0,52189.9805,0.0000,0.0000,0,0.0000,0.0000,0,0.0000,0,0.0000,0.0000,0,0.0000,0.0000,0,0,0,0,0,0,0,0,0,0,0,0,0,0,0,0,0,0,0,0,0,0,0,0,0
WG_METRICS 161,16,12288,3.8789,0.0075,0.0068,3.8316,0.0222,0.0109,16,12288,196608,0,51312.7812,0.0000,0.0000,0,0.0000,0.0000,0,0.0000,0,0.0000,0.0000,0,0.0000,0.0000,0,0,0,0,0,0,0,0,0,0,0,0,0,0,0,0,0,0,0,0,0,0,0,0,0
WG_METRICS 162,16,12288,3.7995,0.0074,0.0068,3.7604,0.0137,0.0112,16,12288,196608,0,52283.2422,0.0000,0.0000,0,0.0000,0.0000,0,0.0000,0,0.0000,0.0000,0,0.0000,0.0000,0,0,0,0,0,0,0,0,0,0,0,0,0,0,0,0,0,0,0,0,0,0,0,0,0
WG_METRICS 163,16,12288,3.7874,0.0075,0.0066,3.7378,0.0237,0.0118,16,12288,196608,0,52599.9258,0.0000,0.0000,0,0.0000,0.0000,0,0.0000,0,0.0000,0.0000,0,0.0000,0.0000,0,0,0,0,0,0,0,0,0,0,0,0,0,0,0,0,0,0,0,0,0,0,0,0,0
WG_METRICS 164,16,12288,3.8316,0.0081,0.0073,3.7814,0.0227,0.0121,16,12288,196608,0,51993.4414,0.0000,0.0000,0,0.0000,0.0000,0,0.0000,0,0.0000,0.0000,0,0.0000,0.0000,0,0,0,0,0,0,0,0,0,0,0,0,0,0,0,0,0,0,0,0,0,0,0,0,0
WG_METRICS 165,16,12288,3.7825,0.0080,0.0074,3.7307,0.0218,0.0146,16,12288,196608,0,52699.7461,0.0000,0.0000,0,0.0000,0.0000,0,0.0000,0,0.0000,0.0000,0,0.0000,0.0000,0,0,0,0,0,0,0,0,0,0,0,0,0,0,0,0,0,0,0,0,0,0,0,0,0
WG_METRICS 166,16,12288,3.7962,0.0080,0.0073,3.7461,0.0225,0.0122,16,12288,196608,0,52483.6641,0.0000,0.0000,0,0.0000,0.0000,0,0.0000,0,0.0000,0.0000,0,0.0000,0.0000,0,0,0,0,0,0,0,0,0,0,0,0,0,0,0,0,0,0,0,0,0,0,0,0,0
WG_METRICS 167,16,12288,3.8358,0.0081,0.0074,3.7867,0.0222,0.0116,16,12288,196608,0,51920.9453,0.0000,0.0000,0,0.0000,0.0000,0,0.0000,0,0.0000,0.0000,0,0.0000,0.0000,0,0,0,0,0,0,0,0,0,0,0,0,0,0,0,0,0,0,0,0,0,0,0,0,0
WG_METRICS 168,16,12288,3.8067,0.0074,0.0068,3.7691,0.0125,0.0109,16,12288,196608,0,52162.8398,0.0000,0.0000,0,0.0000,0.0000,0,0.0000,0,0.0000,0.0000,0,0.0000,0.0000,0,0,0,0,0,0,0,0,0,0,0,0,0,0,0,0,0,0,0,0,0,0,0,0,0
WG_METRICS 169,16,12288,3.8252,0.0074,0.0068,3.7786,0.0215,0.0109,16,12288,196608,0,52032.5195,0.0000,0.0000,0,0.0000,0.0000,0,0.0000,0,0.0000,0.0000,0,0.0000,0.0000,0,0,0,0,0,0,0,0,0,0,0,0,0,0,0,0,0,0,0,0,0,0,0,0,0
WG_METRICS 170,16,12288,3.8083,0.0075,0.0067,3.7701,0.0131,0.0108,16,12288,196608,0,52149.0039,0.0000,0.0000,0,0.0000,0.0000,0,0.0000,0,0.0000,0.0000,0,0.0000,0.0000,0,0,0,0,0,0,0,0,0,0,0,0,0,0,0,0,0,0,0,0,0,0,0,0,0
WG_METRICS 171,16,12288,3.7649,0.0081,0.0072,3.7236,0.0136,0.0123,16,12288,196608,0,52799.9492,0.0000,0.0000,0,0.0000,0.0000,0,0.0000,0,0.0000,0.0000,0,0.0000,0.0000,0,0,0,0,0,0,0,0,0,0,0,0,0,0,0,0,0,0,0,0,0,0,0,0,0
WG_METRICS 172,16,12288,3.8121,0.0080,0.0075,3.7566,0.0223,0.0177,16,12288,196608,0,52336.6875,0.0000,0.0000,0,0.0000,0.0000,0,0.0000,0,0.0000,0.0000,0,0.0000,0.0000,0,0,0,0,0,0,0,0,0,0,0,0,0,0,0,0,0,0,0,0,0,0,0,0,0
WG_METRICS 173,16,12288,3.8126,0.0081,0.0073,3.7692,0.0149,0.0131,16,12288,196608,0,52161.1797,0.0000,0.0000,0,0.0000,0.0000,0,0.0000,0,0.0000,0.0000,0,0.0000,0.0000,0,0,0,0,0,0,0,0,0,0,0,0,0,0,0,0,0,0,0,0,0,0,0,0,0
WG_METRICS 174,16,12288,3.8036,0.0080,0.0074,3.7566,0.0179,0.0137,16,12288,196608,0,52336.1289,0.0000,0.0000,0,0.0000,0.0000,0,0.0000,0,0.0000,0.0000,0,0.0000,0.0000,0,0,0,0,0,0,0,0,0,0,0,0,0,0,0,0,0,0,0,0,0,0,0,0,0
WG_METRICS 175,16,12288,3.7885,0.0080,0.0074,3.7472,0.0132,0.0128,16,12288,196608,0,52468.5352,0.0000,0.0000,0,0.0000,0.0000,0,0.0000,0,0.0000,0.0000,0,0.0000,0.0000,0,0,0,0,0,0,0,0,0,0,0,0,0,0,0,0,0,0,0,0,0,0,0,0,0
WG_METRICS 176,16,12288,3.8178,0.0080,0.0074,3.7762,0.0141,0.0120,16,12288,196608,0,52065.0391,0.0000,0.0000,0,0.0000,0.0000,0,0.0000,0,0.0000,0.0000,0,0.0000,0.0000,0,0,0,0,0,0,0,0,0,0,0,0,0,0,0,0,0,0,0,0,0,0,0,0,0
WG_METRICS 177,16,12288,3.8199,0.0080,0.0074,3.7633,0.0224,0.0188,16,12288,196608,0,52243.7891,0.0000,0.0000,0,0.0000,0.0000,0,0.0000,0,0.0000,0.0000,0,0.0000,0.0000,0,0,0,0,0,0,0,0,0,0,0,0,0,0,0,0,0,0,0,0,0,0,0,0,0
WG_METRICS 178,16,12288,3.8281,0.0080,0.0074,3.7877,0.0132,0.0118,16,12288,196608,0,51906.6875,0.0000,0.0000,0,0.0000,0.0000,0,0.0000,0,0.0000,0.0000,0,0.0000,0.0000,0,0,0,0,0,0,0,0,0,0,0,0,0,0,0,0,0,0,0,0,0,0,0,0,0
WG_METRICS 179,16,12288,3.7433,0.0080,0.0074,3.7021,0.0136,0.0122,16,12288,196608,0,53106.8672,0.0000,0.0000,0,0.0000,0.0000,0,0.0000,0,0.0000,0.0000,0,0.0000,0.0000,0,0,0,0,0,0,0,0,0,0,0,0,0,0,0,0,0,0,0,0,0,0,0,0,0
WG_METRICS 180,16,12288,3.8650,0.0080,0.0074,3.8144,0.0216,0.0137,16,12288,196608,0,51544.1641,0.0000,0.0000,0,0.0000,0.0000,0,0.0000,0,0.0000,0.0000,0,0.0000,0.0000,0,0,0,0,0,0,0,0,0,0,0,0,0,0,0,0,0,0,0,0,0,0,0,0,0
WG_METRICS 181,16,12288,3.8298,0.0080,0.0122,3.7712,0.0221,0.0163,16,12288,196608,0,52133.5156,0.0000,0.0000,0,0.0000,0.0000,0,0.0000,0,0.0000,0.0000,0,0.0000,0.0000,0,0,0,0,0,0,0,0,0,0,0,0,0,0,0,0,0,0,0,0,0,0,0,0,0
WG_METRICS 182,16,12288,3.8140,0.0081,0.0074,3.7713,0.0143,0.0130,16,12288,196608,0,52132.9609,0.0000,0.0000,0,0.0000,0.0000,0,0.0000,0,0.0000,0.0000,0,0.0000,0.0000,0,0,0,0,0,0,0,0,0,0,0,0,0,0,0,0,0,0,0,0,0,0,0,0,0
WG_METRICS 183,16,12288,3.8451,0.0080,0.0074,3.8040,0.0135,0.0122,16,12288,196608,0,51685.0859,0.0000,0.0000,0,0.0000,0.0000,0,0.0000,0,0.0000,0.0000,0,0.0000,0.0000,0,0,0,0,0,0,0,0,0,0,0,0,0,0,0,0,0,0,0,0,0,0,0,0,0
WG_METRICS 184,16,12288,3.7985,0.0080,0.0074,3.7576,0.0134,0.0120,16,12288,196608,0,52322.2031,0.0000,0.0000,0,0.0000,0.0000,0,0.0000,0,0.0000,0.0000,0,0.0000,0.0000,0,0,0,0,0,0,0,0,0,0,0,0,0,0,0,0,0,0,0,0,0,0,0,0,0
WG_METRICS 185,16,12288,3.7988,0.0080,0.0074,3.7571,0.0141,0.0123,16,12288,196608,0,52330.0000,0.0000,0.0000,0,0.0000,0.0000,0,0.0000,0,0.0000,0.0000,0,0.0000,0.0000,0,0,0,0,0,0,0,0,0,0,0,0,0,0,0,0,0,0,0,0,0,0,0,0,0
WG_METRICS 186,16,12288,3.8624,0.0080,0.0074,3.8118,0.0230,0.0121,16,12288,196608,0,51578.2383,0.0000,0.0000,0,0.0000,0.0000,0,0.0000,0,0.0000,0.0000,0,0.0000,0.0000,0,0,0,0,0,0,0,0,0,0,0,0,0,0,0,0,0,0,0,0,0,0,0,0,0
WG_METRICS 187,16,12288,3.8338,0.0080,0.0074,3.7791,0.0217,0.0176,16,12288,196608,0,52025.3633,0.0000,0.0000,0,0.0000,0.0000,0,0.0000,0,0.0000,0.0000,0,0.0000,0.0000,0,0,0,0,0,0,0,0,0,0,0,0,0,0,0,0,0,0,0,0,0,0,0,0,0
WG_METRICS 188,16,12288,3.7633,0.0080,0.0073,3.7136,0.0221,0.0122,16,12288,196608,0,52942.1289,0.0000,0.0000,0,0.0000,0.0000,0,0.0000,0,0.0000,0.0000,0,0.0000,0.0000,0,0,0,0,0,0,0,0,0,0,0,0,0,0,0,0,0,0,0,0,0,0,0,0,0
WG_METRICS 189,16,12288,3.8562,0.0079,0.0075,3.8124,0.0132,0.0152,16,12288,196608,0,51571.2031,0.0000,0.0000,0,0.0000,0.0000,0,0.0000,0,0.0000,0.0000,0,0.0000,0.0000,0,0,0,0,0,0,0,0,0,0,0,0,0,0,0,0,0,0,0,0,0,0,0,0,0
WG_METRICS 190,16,12288,3.8494,0.0080,0.0074,3.8080,0.0139,0.0122,16,12288,196608,0,51630.7930,0.0000,0.0000,0,0.0000,0.0000,0,0.0000,0,0.0000,0.0000,0,0.0000,0.0000,0,0,0,0,0,0,0,0,0,0,0,0,0,0,0,0,0,0,0,0,0,0,0,0,0
WG_METRICS 191,16,12288,3.8503,0.0080,0.0069,3.7952,0.0232,0.0170,16,12288,196608,0,51804.3828,0.0000,0.0000,0,0.0000,0.0000,0,0.0000,0,0.0000,0.0000,0,0.0000,0.0000,0,0,0,0,0,0,0,0,0,0,0,0,0,0,0,0,0,0,0,0,0,0,0,0,0
WG_METRICS 192,16,12288,3.8426,0.0080,0.0073,3.7931,0.0222,0.0120,16,12288,196608,0,51833.3359,0.0000,0.0000,0,0.0000,0.0000,0,0.0000,0,0.0000,0.0000,0,0.0000,0.0000,0,0,0,0,0,0,0,0,0,0,0,0,0,0,0,0,0,0,0,0,0,0,0,0,0
WG_METRICS 193,16,12288,3.8131,0.0080,0.0074,3.7624,0.0234,0.0120,16,12288,196608,0,52256.5625,0.0000,0.0000,0,0.0000,0.0000,0,0.0000,0,0.0000,0.0000,0,0.0000,0.0000,0,0,0,0,0,0,0,0,0,0,0,0,0,0,0,0,0,0,0,0,0,0,0,0,0
WG_METRICS 194,16,12288,3.8083,0.0080,0.0074,3.7676,0.0130,0.0124,16,12288,196608,0,52184.4375,0.0000,0.0000,0,0.0000,0.0000,0,0.0000,0,0.0000,0.0000,0,0.0000,0.0000,0,0,0,0,0,0,0,0,0,0,0,0,0,0,0,0,0,0,0,0,0,0,0,0,0
WG_METRICS 195,16,12288,3.8395,0.0080,0.0074,3.7894,0.0229,0.0118,16,12288,196608,0,51883.1289,0.0000,0.0000,0,0.0000,0.0000,0,0.0000,0,0.0000,0.0000,0,0.0000,0.0000,0,0,0,0,0,0,0,0,0,0,0,0,0,0,0,0,0,0,0,0,0,0,0,0,0
WG_METRICS 196,16,12288,3.8309,0.0080,0.0074,3.7751,0.0227,0.0177,16,12288,196608,0,52080.4844,0.0000,0.0000,0,0.0000,0.0000,0,0.0000,0,0.0000,0.0000,0,0.0000,0.0000,0,0,0,0,0,0,0,0,0,0,0,0,0,0,0,0,0,0,0,0,0,0,0,0,0
WG_METRICS 197,16,12288,3.8487,0.0080,0.0074,3.7978,0.0224,0.0131,16,12288,196608,0,51768.3711,0.0000,0.0000,0,0.0000,0.0000,0,0.0000,0,0.0000,0.0000,0,0.0000,0.0000,0,0,0,0,0,0,0,0,0,0,0,0,0,0,0,0,0,0,0,0,0,0,0,0,0
WG_METRICS 198,16,12288,3.7643,0.0080,0.0074,3.7231,0.0135,0.0122,16,12288,196608,0,52807.3242,0.0000,0.0000,0,0.0000,0.0000,0,0.0000,0,0.0000,0.0000,0,0.0000,0.0000,0,0,0,0,0,0,0,0,0,0,0,0,0,0,0,0,0,0,0,0,0,0,0,0,0
WG_METRICS 199,16,12288,3.8198,0.0080,0.0073,3.7701,0.0223,0.0121,16,12288,196608,0,52149.0039,0.0000,0.0000,0,0.0000,0.0000,0,0.0000,0,0.0000,0.0000,0,0.0000,0.0000,0,0,0,0,0,0,0,0,0,0,0,0,0,0,0,0,0,0,0,0,0,0,0,0,0
WG_METRICS 200,16,12288,3.7547,0.0080,0.0148,3.6965,0.0225,0.0128,16,12288,196608,0,53187.8984,0.0000,0.0000,0,0.0000,0.0000,0,0.0000,0,0.0000,0.0000,0,0.0000,0.0000,0,0,0,0,0,0,0,0,0,0,0,0,0,0,0,0,0,0,0,0,0,0,0,0,0
WG_METRICS 201,16,12288,3.8104,0.0080,0.0074,3.7605,0.0225,0.0120,16,12288,196608,0,52282.6875,0.0000,0.0000,0,0.0000,0.0000,0,0.0000,0,0.0000,0.0000,0,0.0000,0.0000,0,0,0,0,0,0,0,0,0,0,0,0,0,0,0,0,0,0,0,0,0,0,0,0,0
WG_METRICS 202,16,12288,3.8521,0.0081,0.0073,3.8027,0.0222,0.0118,16,12288,196608,0,51701.9375,0.0000,0.0000,0,0.0000,0.0000,0,0.0000,0,0.0000,0.0000,0,0.0000,0.0000,0,0,0,0,0,0,0,0,0,0,0,0,0,0,0,0,0,0,0,0,0,0,0,0,0
WG_METRICS 203,16,12288,3.8260,0.0080,0.0074,3.7811,0.0176,0.0119,16,12288,196608,0,51997.2891,0.0000,0.0000,0,0.0000,0.0000,0,0.0000,0,0.0000,0.0000,0,0.0000,0.0000,0,0,0,0,0,0,0,0,0,0,0,0,0,0,0,0,0,0,0,0,0,0,0,0,0
WG_METRICS 204,16,12288,3.7911,0.0080,0.0074,3.7416,0.0220,0.0122,16,12288,196608,0,52547.0664,0.0000,0.0000,0,0.0000,0.0000,0,0.0000,0,0.0000,0.0000,0,0.0000,0.0000,0,0,0,0,0,0,0,0,0,0,0,0,0,0,0,0,0,0,0,0,0,0,0,0,0
WG_METRICS 205,16,12288,3.8080,0.0080,0.0073,3.7667,0.0140,0.0121,16,12288,196608,0,52196.6289,0.0000,0.0000,0,0.0000,0.0000,0,0.0000,0,0.0000,0.0000,0,0.0000,0.0000,0,0,0,0,0,0,0,0,0,0,0,0,0,0,0,0,0,0,0,0,0,0,0,0,0
WG_METRICS 206,16,12288,3.8570,0.0080,0.0074,3.8108,0.0136,0.0172,16,12288,196608,0,51591.7773,0.0000,0.0000,0,0.0000,0.0000,0,0.0000,0,0.0000,0.0000,0,0.0000,0.0000,0,0,0,0,0,0,0,0,0,0,0,0,0,0,0,0,0,0,0,0,0,0,0,0,0
WG_METRICS 207,16,12288,3.8250,0.0080,0.0073,3.7797,0.0176,0.0123,16,12288,196608,0,52017.1016,0.0000,0.0000,0,0.0000,0.0000,0,0.0000,0,0.0000,0.0000,0,0.0000,0.0000,0,0,0,0,0,0,0,0,0,0,0,0,0,0,0,0,0,0,0,0,0,0,0,0,0
WG_METRICS 208,16,12288,3.8547,0.0080,0.0073,3.8049,0.0226,0.0119,16,12288,196608,0,51672.5898,0.0000,0.0000,0,0.0000,0.0000,0,0.0000,0,0.0000,0.0000,0,0.0000,0.0000,0,0,0,0,0,0,0,0,0,0,0,0,0,0,0,0,0,0,0,0,0,0,0,0,0
WG_METRICS 209,16,12288,3.8404,0.0080,0.0074,3.7908,0.0221,0.0121,16,12288,196608,0,51864.5117,0.0000,0.0000,0,0.0000,0.0000,0,0.0000,0,0.0000,0.0000,0,0.0000,0.0000,0,0,0,0,0,0,0,0,0,0,0,0,0,0,0,0,0,0,0,0,0,0,0,0,0
WG_METRICS 210,16,12288,3.8343,0.0080,0.0074,3.7780,0.0229,0.0180,16,12288,196608,0,52040.2305,0.0000,0.0000,0,0.0000,0.0000,0,0.0000,0,0.0000,0.0000,0,0.0000,0.0000,0,0,0,0,0,0,0,0,0,0,0,0,0,0,0,0,0,0,0,0,0,0,0,0,0
WG_METRICS 211,16,12288,3.7945,0.0081,0.0072,3.7533,0.0140,0.0119,16,12288,196608,0,52382.4258,0.0000,0.0000,0,0.0000,0.0000,0,0.0000,0,0.0000,0.0000,0,0.0000,0.0000,0,0,0,0,0,0,0,0,0,0,0,0,0,0,0,0,0,0,0,0,0,0,0,0,0
WG_METRICS 212,16,12288,3.7974,0.0079,0.0075,3.7537,0.0134,0.0148,16,12288,196608,0,52376.8398,0.0000,0.0000,0,0.0000,0.0000,0,0.0000,0,0.0000,0.0000,0,0.0000,0.0000,0,0,0,0,0,0,0,0,0,0,0,0,0,0,0,0,0,0,0,0,0,0,0,0,0
WG_METRICS 213,16,12288,3.7958,0.0080,0.0074,3.7539,0.0143,0.0122,16,12288,196608,0,52374.6094,0.0000,0.0000,0,0.0000,0.0000,0,0.0000,0,0.0000,0.0000,0,0.0000,0.0000,0,0,0,0,0,0,0,0,0,0,0,0,0,0,0,0,0,0,0,0,0,0,0,0,0
WG_METRICS 214,16,12288,3.8185,0.0080,0.0074,3.7798,0.0105,0.0129,16,12288,196608,0,52016.0039,0.0000,0.0000,0,0.0000,0.0000,0,0.0000,0,0.0000,0.0000,0,0.0000,0.0000,0,0,0,0,0,0,0,0,0,0,0,0,0,0,0,0,0,0,0,0,0,0,0,0,0
WG_METRICS 215,16,12288,3.8236,0.0080,0.0074,3.7772,0.0136,0.0174,16,12288,196608,0,52051.8086,0.0000,0.0000,0,0.0000,0.0000,0,0.0000,0,0.0000,0.0000,0,0.0000,0.0000,0,0,0,0,0,0,0,0,0,0,0,0,0,0,0,0,0,0,0,0,0,0,0,0,0
WG_METRICS 216,16,12288,3.8231,0.0080,0.0074,3.7738,0.0219,0.0120,16,12288,196608,0,52097.5977,0.0000,0.0000,0,0.0000,0.0000,0,0.0000,0,0.0000,0.0000,0,0.0000,0.0000,0,0,0,0,0,0,0,0,0,0,0,0,0,0,0,0,0,0,0,0,0,0,0,0,0
WG_METRICS 217,16,12288,3.8260,0.0075,0.0068,3.7872,0.0135,0.0110,16,12288,196608,0,51913.8164,0.0000,0.0000,0,0.0000,0.0000,0,0.0000,0,0.0000,0.0000,0,0.0000,0.0000,0,0,0,0,0,0,0,0,0,0,0,0,0,0,0,0,0,0,0,0,0,0,0,0,0
WG_METRICS 218,16,12288,3.8530,0.0074,0.0068,3.8058,0.0216,0.0113,16,12288,196608,0,51659.5547,0.0000,0.0000,0,0.0000,0.0000,0,0.0000,0,0.0000,0.0000,0,0.0000,0.0000,0,0,0,0,0,0,0,0,0,0,0,0,0,0,0,0,0,0,0,0,0,0,0,0,0
WG_METRICS 219,16,12288,3.8360,0.0074,0.0066,3.7949,0.0161,0.0109,16,12288,196608,0,51808.2070,0.0000,0.0000,0,0.0000,0.0000,0,0.0000,0,0.0000,0.0000,0,0.0000,0.0000,0,0,0,0,0,0,0,0,0,0,0,0,0,0,0,0,0,0,0,0,0,0,0,0,0
WG_METRICS 220,16,12288,3.7994,0.0074,0.0065,3.7599,0.0147,0.0109,16,12288,196608,0,52290.4766,0.0000,0.0000,0,0.0000,0.0000,0,0.0000,0,0.0000,0.0000,0,0.0000,0.0000,0,0,0,0,0,0,0,0,0,0,0,0,0,0,0,0,0,0,0,0,0,0,0,0,0
WG_METRICS 221,16,12288,3.8016,0.0074,0.0068,3.7550,0.0216,0.0108,16,12288,196608,0,52358.9883,0.0000,0.0000,0,0.0000,0.0000,0,0.0000,0,0.0000,0.0000,0,0.0000,0.0000,0,0,0,0,0,0,0,0,0,0,0,0,0,0,0,0,0,0,0,0,0,0,0,0,0
WG_METRICS 222,16,12288,3.8085,0.0076,0.0067,3.7730,0.0096,0.0116,16,12288,196608,0,52109.7500,0.0000,0.0000,0,0.0000,0.0000,0,0.0000,0,0.0000,0.0000,0,0.0000,0.0000,0,0,0,0,0,0,0,0,0,0,0,0,0,0,0,0,0,0,0,0,0,0,0,0,0
WG_METRICS 223,16,12288,3.8489,0.0075,0.0067,3.8014,0.0222,0.0111,16,12288,196608,0,51720.4375,0.0000,0.0000,0,0.0000,0.0000,0,0.0000,0,0.0000,0.0000,0,0.0000,0.0000,0,0,0,0,0,0,0,0,0,0,0,0,0,0,0,0,0,0,0,0,0,0,0,0,0
WG_METRICS 224,16,12288,3.7795,0.0075,0.0068,3.7394,0.0149,0.0109,16,12288,196608,0,52576.8555,0.0000,0.0000,0,0.0000,0.0000,0,0.0000,0,0.0000,0.0000,0,0.0000,0.0000,0,0,0,0,0,0,0,0,0,0,0,0,0,0,0,0,0,0,0,0,0,0,0,0,0
WG_METRICS 225,16,12288,3.8236,0.0076,0.0067,3.7769,0.0216,0.0108,16,12288,196608,0,52055.1133,0.0000,0.0000,0,0.0000,0.0000,0,0.0000,0,0.0000,0.0000,0,0.0000,0.0000,0,0,0,0,0,0,0,0,0,0,0,0,0,0,0,0,0,0,0,0,0,0,0,0,0
WG_METRICS 226,16,12288,3.8170,0.0074,0.0068,3.7705,0.0214,0.0109,16,12288,196608,0,52143.4727,0.0000,0.0000,0,0.0000,0.0000,0,0.0000,0,0.0000,0.0000,0,0.0000,0.0000,0,0,0,0,0,0,0,0,0,0,0,0,0,0,0,0,0,0,0,0,0,0,0,0,0
WG_METRICS 227,16,12288,3.7719,0.0074,0.0068,3.7246,0.0218,0.0113,16,12288,196608,0,52786.3398,0.0000,0.0000,0,0.0000,0.0000,0,0.0000,0,0.0000,0.0000,0,0.0000,0.0000,0,0,0,0,0,0,0,0,0,0,0,0,0,0,0,0,0,0,0,0,0,0,0,0,0
WG_METRICS 228,16,12288,3.8796,0.0075,0.0067,3.8317,0.0222,0.0114,16,12288,196608,0,51311.1719,0.0000,0.0000,0,0.0000,0.0000,0,0.0000,0,0.0000,0.0000,0,0.0000,0.0000,0,0,0,0,0,0,0,0,0,0,0,0,0,0,0,0,0,0,0,0,0,0,0,0,0
WG_METRICS 229,16,12288,3.8543,0.0074,0.0067,3.8117,0.0176,0.0109,16,12288,196608,0,51580.4062,0.0000,0.0000,0,0.0000,0.0000,0,0.0000,0,0.0000,0.0000,0,0.0000,0.0000,0,0,0,0,0,0,0,0,0,0,0,0,0,0,0,0,0,0,0,0,0,0,0,0,0
WG_METRICS 230,16,12288,3.8266,0.0075,0.0068,3.7806,0.0209,0.0109,16,12288,196608,0,52004.9922,0.0000,0.0000,0,0.0000,0.0000,0,0.0000,0,0.0000,0.0000,0,0.0000,0.0000,0,0,0,0,0,0,0,0,0,0,0,0,0,0,0,0,0,0,0,0,0,0,0,0,0
WG_METRICS 231,16,12288,3.8193,0.0080,0.0074,3.7694,0.0220,0.0126,16,12288,196608,0,52159.5156,0.0000,0.0000,0,0.0000,0.0000,0,0.0000,0,0.0000,0.0000,0,0.0000,0.0000,0,0,0,0,0,0,0,0,0,0,0,0,0,0,0,0,0,0,0,0,0,0,0,0,0
WG_METRICS 232,16,12288,3.8249,0.0075,0.0068,3.7835,0.0134,0.0137,16,12288,196608,0,51964.3086,0.0000,0.0000,0,0.0000,0.0000,0,0.0000,0,0.0000,0.0000,0,0.0000,0.0000,0,0,0,0,0,0,0,0,0,0,0,0,0,0,0,0,0,0,0,0,0,0,0,0,0
WG_METRICS 233,16,12288,3.8328,0.0075,0.0068,3.7861,0.0216,0.0109,16,12288,196608,0,51928.6250,0.0000,0.0000,0,0.0000,0.0000,0,0.0000,0,0.0000,0.0000,0,0.0000,0.0000,0,0,0,0,0,0,0,0,0,0,0,0,0,0,0,0,0,0,0,0,0,0,0,0,0
WG_METRICS 234,16,12288,3.7947,0.0074,0.0062,3.7476,0.0219,0.0115,16,12288,196608,0,52462.3750,0.0000,0.0000,0,0.0000,0.0000,0,0.0000,0,0.0000,0.0000,0,0.0000,0.0000,0,0,0,0,0,0,0,0,0,0,0,0,0,0,0,0,0,0,0,0,0,0,0,0,0
WG_METRICS 235,16,12288,3.8188,0.0075,0.0068,3.7718,0.0218,0.0109,16,12288,196608,0,52125.2227,0.0000,0.0000,0,0.0000,0.0000,0,0.0000,0,0.0000,0.0000,0,0.0000,0.0000,0,0,0,0,0,0,0,0,0,0,0,0,0,0,0,0,0,0,0,0,0,0,0,0,0
WG_METRICS 236,16,12288,3.8134,0.0074,0.0068,3.7739,0.0130,0.0122,16,12288,196608,0,52097.0469,0.0000,0.0000,0,0.0000,0.0000,0,0.0000,0,0.0000,0.0000,0,0.0000,0.0000,0,0,0,0,0,0,0,0,0,0,0,0,0,0,0,0,0,0,0,0,0,0,0,0,0
WG_METRICS 237,16,12288,3.8256,0.0080,0.0074,3.7762,0.0219,0.0122,16,12288,196608,0,52065.5898,0.0000,0.0000,0,0.0000,0.0000,0,0.0000,0,0.0000,0.0000,0,0.0000,0.0000,0,0,0,0,0,0,0,0,0,0,0,0,0,0,0,0,0,0,0,0,0,0,0,0,0
WG_METRICS 238,16,12288,3.8354,0.0080,0.0074,3.7862,0.0216,0.0122,16,12288,196608,0,51928.0742,0.0000,0.0000,0,0.0000,0.0000,0,0.0000,0,0.0000,0.0000,0,0.0000,0.0000,0,0,0,0,0,0,0,0,0,0,0,0,0,0,0,0,0,0,0,0,0,0,0,0,0
WG_METRICS 239,16,12288,3.8203,0.0081,0.0073,3.7702,0.0224,0.0122,16,12288,196608,0,52147.3438,0.0000,0.0000,0,0.0000,0.0000,0,0.0000,0,0.0000,0.0000,0,0.0000,0.0000,0,0,0,0,0,0,0,0,0,0,0,0,0,0,0,0,0,0,0,0,0,0,0,0,0
WG_METRICS 240,16,12288,3.8155,0.0080,0.0074,3.7746,0.0137,0.0118,16,12288,196608,0,52087.1094,0.0000,0.0000,0,0.0000,0.0000,0,0.0000,0,0.0000,0.0000,0,0.0000,0.0000,0,0,0,0,0,0,0,0,0,0,0,0,0,0,0,0,0,0,0,0,0,0,0,0,0
WG_METRICS 241,16,12288,3.7886,0.0076,0.0068,3.7414,0.0219,0.0109,16,12288,196608,0,52549.3125,0.0000,0.0000,0,0.0000,0.0000,0,0.0000,0,0.0000,0.0000,0,0.0000,0.0000,0,0,0,0,0,0,0,0,0,0,0,0,0,0,0,0,0,0,0,0,0,0,0,0,0
WG_METRICS 242,16,12288,3.7833,0.0074,0.0066,3.7490,0.0094,0.0109,16,12288,196608,0,52442.2266,0.0000,0.0000,0,0.0000,0.0000,0,0.0000,0,0.0000,0.0000,0,0.0000,0.0000,0,0,0,0,0,0,0,0,0,0,0,0,0,0,0,0,0,0,0,0,0,0,0,0,0
WG_METRICS 243,16,12288,3.8143,0.0075,0.0068,3.7675,0.0216,0.0109,16,12288,196608,0,52184.9922,0.0000,0.0000,0,0.0000,0.0000,0,0.0000,0,0.0000,0.0000,0,0.0000,0.0000,0,0,0,0,0,0,0,0,0,0,0,0,0,0,0,0,0,0,0,0,0,0,0,0,0
WG_METRICS 244,16,12288,3.8211,0.0075,0.0068,3.7744,0.0216,0.0108,16,12288,196608,0,52089.3164,0.0000,0.0000,0,0.0000,0.0000,0,0.0000,0,0.0000,0.0000,0,0.0000,0.0000,0,0,0,0,0,0,0,0,0,0,0,0,0,0,0,0,0,0,0,0,0,0,0,0,0
WG_METRICS 245,16,12288,3.9021,0.0075,0.0068,3.8541,0.0223,0.0115,16,12288,196608,0,51012.4219,0.0000,0.0000,0,0.0000,0.0000,0,0.0000,0,0.0000,0.0000,0,0.0000,0.0000,0,0,0,0,0,0,0,0,0,0,0,0,0,0,0,0,0,0,0,0,0,0,0,0,0
WG_METRICS 246,16,12288,3.8405,0.0076,0.0067,3.7928,0.0220,0.0115,16,12288,196608,0,51837.7148,0.0000,0.0000,0,0.0000,0.0000,0,0.0000,0,0.0000,0.0000,0,0.0000,0.0000,0,0,0,0,0,0,0,0,0,0,0,0,0,0,0,0,0,0,0,0,0,0,0,0,0
WG_METRICS 247,16,12288,3.8216,0.0074,0.0068,3.7746,0.0219,0.0109,16,12288,196608,0,52086.5547,0.0000,0.0000,0,0.0000,0.0000,0,0.0000,0,0.0000,0.0000,0,0.0000,0.0000,0,0,0,0,0,0,0,0,0,0,0,0,0,0,0,0,0,0,0,0,0,0,0,0,0
WG_METRICS 248,16,12288,3.8322,0.0075,0.0068,3.7857,0.0213,0.0109,16,12288,196608,0,51934.1094,0.0000,0.0000,0,0.0000,0.0000,0,0.0000,0,0.0000,0.0000,0,0.0000,0.0000,0,0,0,0,0,0,0,0,0,0,0,0,0,0,0,0,0,0,0,0,0,0,0,0,0
WG_METRICS 249,16,12288,3.7668,0.0074,0.0068,3.7386,0.0031,0.0109,16,12288,196608,0,52589.2344,0.0000,0.0000,0,0.0000,0.0000,0,0.0000,0,0.0000,0.0000,0,0.0000,0.0000,0,0,0,0,0,0,0,0,0,0,0,0,0,0,0,0,0,0,0,0,0,0,0,0,0
WG_METRICS 250,16,12288,3.8606,0.0076,0.0067,3.8128,0.0220,0.0116,16,12288,196608,0,51565.7930,0.0000,0.0000,0,0.0000,0.0000,0,0.0000,0,0.0000,0.0000,0,0.0000,0.0000,0,0,0,0,0,0,0,0,0,0,0,0,0,0,0,0,0,0,0,0,0,0,0,0,0
WG_METRICS 251,16,12288,3.8015,0.0075,0.0067,3.7636,0.0128,0.0109,16,12288,196608,0,52239.8984,0.0000,0.0000,0,0.0000,0.0000,0,0.0000,0,0.0000,0.0000,0,0.0000,0.0000,0,0,0,0,0,0,0,0,0,0,0,0,0,0,0,0,0,0,0,0,0,0,0,0,0
WG_METRICS 252,16,12288,3.8148,0.0075,0.0068,3.7679,0.0217,0.0109,16,12288,196608,0,52179.4531,0.0000,0.0000,0,0.0000,0.0000,0,0.0000,0,0.0000,0.0000,0,0.0000,0.0000,0,0,0,0,0,0,0,0,0,0,0,0,0,0,0,0,0,0,0,0,0,0,0,0,0
WG_METRICS 253,16,12288,3.7774,0.0075,0.0067,3.7391,0.0132,0.0108,16,12288,196608,0,52581.9180,0.0000,0.0000,0,0.0000,0.0000,0,0.0000,0,0.0000,0.0000,0,0.0000,0.0000,0,0,0,0,0,0,0,0,0,0,0,0,0,0,0,0,0,0,0,0,0,0,0,0,0
WG_METRICS 254,16,12288,3.8620,0.0074,0.0068,3.8232,0.0132,0.0115,16,12288,196608,0,51424.9844,0.0000,0.0000,0,0.0000,0.0000,0,0.0000,0,0.0000,0.0000,0,0.0000,0.0000,0,0,0,0,0,0,0,0,0,0,0,0,0,0,0,0,0,0,0,0,0,0,0,0,0
WG_METRICS 255,16,12288,3.7706,0.0075,0.0068,3.7316,0.0138,0.0110,16,12288,196608,0,52686.7539,0.0000,0.0000,0,0.0000,0.0000,0,0.0000,0,0.0000,0.0000,0,0.0000,0.0000,0,0,0,0,0,0,0,0,0,0,0,0,0,0,0,0,0,0,0,0,0,0,0,0,0
WG_METRICS 256,16,12288,3.8107,0.0074,0.0068,3.7766,0.0090,0.0110,16,12288,196608,0,52060.0742,0.0000,0.0000,0,0.0000,0.0000,0,0.0000,0,0.0000,0.0000,0,0.0000,0.0000,0,0,0,0,0,0,0,0,0,0,0,0,0,0,0,0,0,0,0,0,0,0,0,0,0
WG_METRICS 257,16,12288,3.7980,0.0075,0.0067,3.7512,0.0217,0.0109,16,12288,196608,0,52412.0273,0.0000,0.0000,0,0.0000,0.0000,0,0.0000,0,0.0000,0.0000,0,0.0000,0.0000,0,0,0,0,0,0,0,0,0,0,0,0,0,0,0,0,0,0,0,0,0,0,0,0,0
WG_METRICS 258,16,12288,3.8301,0.0074,0.0068,3.7925,0.0124,0.0110,16,12288,196608,0,51840.9922,0.0000,0.0000,0,0.0000,0.0000,0,0.0000,0,0.0000,0.0000,0,0.0000,0.0000,0,0,0,0,0,0,0,0,0,0,0,0,0,0,0,0,0,0,0,0,0,0,0,0,0
WG_METRICS 259,16,12288,3.8658,0.0076,0.0067,3.8184,0.0220,0.0113,16,12288,196608,0,51490.1680,0.0000,0.0000,0,0.0000,0.0000,0,0.0000,0,0.0000,0.0000,0,0.0000,0.0000,0,0,0,0,0,0,0,0,0,0,0,0,0,0,0,0,0,0,0,0,0,0,0,0,0
WG_METRICS 260,16,12288,3.7912,0.0075,0.0067,3.7434,0.0220,0.0115,16,12288,196608,0,52520.6758,0.0000,0.0000,0,0.0000,0.0000,0,0.0000,0,0.0000,0.0000,0,0.0000,0.0000,0,0,0,0,0,0,0,0,0,0,0,0,0,0,0,0,0,0,0,0,0,0,0,0,0
WG_METRICS 261,16,12288,3.8106,0.0075,0.0068,3.7639,0.0216,0.0109,16,12288,196608,0,52235.4570,0.0000,0.0000,0,0.0000,0.0000,0,0.0000,0,0.0000,0.0000,0,0.0000,0.0000,0,0,0,0,0,0,0,0,0,0,0,0,0,0,0,0,0,0,0,0,0,0,0,0,0
WG_METRICS 262,16,12288,3.8224,0.0075,0.0068,3.7757,0.0216,0.0109,16,12288,196608,0,52071.6602,0.0000,0.0000,0,0.0000,0.0000,0,0.0000,0,0.0000,0.0000,0,0.0000,0.0000,0,0,0,0,0,0,0,0,0,0,0,0,0,0,0,0,0,0,0,0,0,0,0,0,0
WG_METRICS 263,16,12288,3.8004,0.0075,0.0067,3.7624,0.0128,0.0110,16,12288,196608,0,52256.0078,0.0000,0.0000,0,0.0000,0.0000,0,0.0000,0,0.0000,0.0000,0,0.0000,0.0000,0,0,0,0,0,0,0,0,0,0,0,0,0,0,0,0,0,0,0,0,0,0,0,0,0
WG_METRICS 264,16,12288,3.7590,0.0074,0.0068,3.7199,0.0133,0.0115,16,12288,196608,0,52852.7500,0.0000,0.0000,0,0.0000,0.0000,0,0.0000,0,0.0000,0.0000,0,0.0000,0.0000,0,0,0,0,0,0,0,0,0,0,0,0,0,0,0,0,0,0,0,0,0,0,0,0,0
WG_METRICS 265,16,12288,3.8708,0.0075,0.0068,3.8232,0.0222,0.0110,16,12288,196608,0,51424.4453,0.0000,0.0000,0,0.0000,0.0000,0,0.0000,0,0.0000,0.0000,0,0.0000,0.0000,0,0,0,0,0,0,0,0,0,0,0,0,0,0,0,0,0,0,0,0,0,0,0,0,0
WG_METRICS 266,16,12288,3.7996,0.0075,0.0067,3.7616,0.0129,0.0110,16,12288,196608,0,52267.1211,0.0000,0.0000,0,0.0000,0.0000,0,0.0000,0,0.0000,0.0000,0,0.0000,0.0000,0,0,0,0,0,0,0,0,0,0,0,0,0,0,0,0,0,0,0,0,0,0,0,0,0
WG_METRICS 267,16,12288,3.8104,0.0075,0.0067,3.7724,0.0130,0.0109,16,12288,196608,0,52118.0352,0.0000,0.0000,0,0.0000,0.0000,0,0.0000,0,0.0000,0.0000,0,0.0000,0.0000,0,0,0,0,0,0,0,0,0,0,0,0,0,0,0,0,0,0,0,0,0,0,0,0,0
WG_METRICS 268,16,12288,3.8450,0.0075,0.0068,3.8070,0.0129,0.0109,16,12288,196608,0,51643.2734,0.0000,0.0000,0,0.0000,0.0000,0,0.0000,0,0.0000,0.0000,0,0.0000,0.0000,0,0,0,0,0,0,0,0,0,0,0,0,0,0,0,0,0,0,0,0,0,0,0,0,0
WG_METRICS 269,16,12288,3.7932,0.0075,0.0068,3.7649,0.0032,0.0109,16,12288,196608,0,52221.0312,0.0000,0.0000,0,0.0000,0.0000,0,0.0000,0,0.0000,0.0000,0,0.0000,0.0000,0,0,0,0,0,0,0,0,0,0,0,0,0,0,0,0,0,0,0,0,0,0,0,0,0
WG_METRICS 270,16,12288,3.7639,0.0075,0.0067,3.7296,0.0080,0.0120,16,12288,196608,0,52715.0078,0.0000,0.0000,0,0.0000,0.0000,0,0.0000,0,0.0000,0.0000,0,0.0000,0.0000,0,0,0,0,0,0,0,0,0,0,0,0,0,0,0,0,0,0,0,0,0,0,0,0,0
WG_METRICS 271,16,12288,3.8743,0.0074,0.0066,3.8357,0.0137,0.0109,16,12288,196608,0,51257.6641,0.0000,0.0000,0,0.0000,0.0000,0,0.0000,0,0.0000,0.0000,0,0.0000,0.0000,0,0,0,0,0,0,0,0,0,0,0,0,0,0,0,0,0,0,0,0,0,0,0,0,0
WG_METRICS 272,16,12288,3.8210,0.0075,0.0067,3.7739,0.0218,0.0110,16,12288,196608,0,52097.0469,0.0000,0.0000,0,0.0000,0.0000,0,0.0000,0,0.0000,0.0000,0,0.0000,0.0000,0,0,0,0,0,0,0,0,0,0,0,0,0,0,0,0,0,0,0,0,0,0,0,0,0
WG_METRICS 273,16,12288,3.7808,0.0075,0.0068,3.7332,0.0218,0.0115,16,12288,196608,0,52664.1758,0.0000,0.0000,0,0.0000,0.0000,0,0.0000,0,0.0000,0.0000,0,0.0000,0.0000,0,0,0,0,0,0,0,0,0,0,0,0,0,0,0,0,0,0,0,0,0,0,0,0,0
WG_METRICS 274,16,12288,3.8838,0.0075,0.0068,3.8415,0.0171,0.0109,16,12288,196608,0,51180.2734,0.0000,0.0000,0,0.0000,0.0000,0,0.0000,0,0.0000,0.0000,0,0.0000,0.0000,0,0,0,0,0,0,0,0,0,0,0,0,0,0,0,0,0,0,0,0,0,0,0,0,0
WG_METRICS 275,16,12288,3.7468,0.0075,0.0067,3.6994,0.0216,0.0115,16,12288,196608,0,53145.3398,0.0000,0.0000,0,0.0000,0.0000,0,0.0000,0,0.0000,0.0000,0,0.0000,0.0000,0,0,0,0,0,0,0,0,0,0,0,0,0,0,0,0,0,0,0,0,0,0,0,0,0
WG_METRICS 276,16,12288,3.8096,0.0075,0.0067,3.7630,0.0216,0.0109,16,12288,196608,0,52248.2305,0.0000,0.0000,0,0.0000,0.0000,0,0.0000,0,0.0000,0.0000,0,0.0000,0.0000,0,0,0,0,0,0,0,0,0,0,0,0,0,0,0,0,0,0,0,0,0,0,0,0,0
WG_METRICS 277,16,12288,3.8514,0.0080,0.0074,3.8016,0.0224,0.0121,16,12288,196608,0,51717.7188,0.0000,0.0000,0,0.0000,0.0000,0,0.0000,0,0.0000,0.0000,0,0.0000,0.0000,0,0,0,0,0,0,0,0,0,0,0,0,0,0,0,0,0,0,0,0,0,0,0,0,0
WG_METRICS 278,16,12288,3.7934,0.0081,0.0074,3.7482,0.0136,0.0162,16,12288,196608,0,52453.9805,0.0000,0.0000,0,0.0000,0.0000,0,0.0000,0,0.0000,0.0000,0,0.0000,0.0000,0,0,0,0,0,0,0,0,0,0,0,0,0,0,0,0,0,0,0,0,0,0,0,0,0
WG_METRICS 279,16,12288,3.8520,0.0080,0.0074,3.8029,0.0214,0.0122,16,12288,196608,0,51699.2188,0.0000,0.0000,0,0.0000,0.0000,0,0.0000,0,0.0000,0.0000,0,0.0000,0.0000,0,0,0,0,0,0,0,0,0,0,0,0,0,0,0,0,0,0,0,0,0,0,0,0,0
WG_METRICS 280,16,12288,3.7539,0.0080,0.0073,3.7132,0.0134,0.0119,16,12288,196608,0,52947.8320,0.0000,0.0000,0,0.0000,0.0000,0,0.0000,0,0.0000,0.0000,0,0.0000,0.0000,0,0,0,0,0,0,0,0,0,0,0,0,0,0,0,0,0,0,0,0,0,0,0,0,0
WG_METRICS 281,16,12288,3.8277,0.0080,0.0073,3.7866,0.0138,0.0120,16,12288,196608,0,51922.5898,0.0000,0.0000,0,0.0000,0.0000,0,0.0000,0,0.0000,0.0000,0,0.0000,0.0000,0,0,0,0,0,0,0,0,0,0,0,0,0,0,0,0,0,0,0,0,0,0,0,0,0
WG_METRICS 282,16,12288,3.7933,0.0081,0.0073,3.7431,0.0230,0.0118,16,12288,196608,0,52525.7305,0.0000,0.0000,0,0.0000,0.0000,0,0.0000,0,0.0000,0.0000,0,0.0000,0.0000,0,0,0,0,0,0,0,0,0,0,0,0,0,0,0,0,0,0,0,0,0,0,0,0,0
WG_METRICS 283,16,12288,3.8420,0.0080,0.0074,3.7894,0.0221,0.0151,16,12288,196608,0,51883.6758,0.0000,0.0000,0,0.0000,0.0000,0,0.0000,0,0.0000,0.0000,0,0.0000,0.0000,0,0,0,0,0,0,0,0,0,0,0,0,0,0,0,0,0,0,0,0,0,0,0,0,0
WG_METRICS 284,16,12288,3.8411,0.0081,0.0073,3.7915,0.0220,0.0121,16,12288,196608,0,51855.2109,0.0000,0.0000,0,0.0000,0.0000,0,0.0000,0,0.0000,0.0000,0,0.0000,0.0000,0,0,0,0,0,0,0,0,0,0,0,0,0,0,0,0,0,0,0,0,0,0,0,0,0
WG_METRICS 285,16,12288,3.8230,0.0080,0.0074,3.7729,0.0225,0.0122,16,12288,196608,0,52110.3047,0.0000,0.0000,0,0.0000,0.0000,0,0.0000,0,0.0000,0.0000,0,0.0000,0.0000,0,0,0,0,0,0,0,0,0,0,0,0,0,0,0,0,0,0,0,0,0,0,0,0,0
WG_METRICS 286,16,12288,3.8425,0.0081,0.0073,3.8024,0.0127,0.0121,16,12288,196608,0,51706.8320,0.0000,0.0000,0,0.0000,0.0000,0,0.0000,0,0.0000,0.0000,0,0.0000,0.0000,0,0,0,0,0,0,0,0,0,0,0,0,0,0,0,0,0,0,0,0,0,0,0,0,0
WG_METRICS 287,16,12288,3.8383,0.0080,0.0074,3.7968,0.0137,0.0124,16,12288,196608,0,51782.5547,0.0000,0.0000,0,0.0000,0.0000,0,0.0000,0,0.0000,0.0000,0,0.0000,0.0000,0,0,0,0,0,0,0,0,0,0,0,0,0,0,0,0,0,0,0,0,0,0,0,0,0
WG_METRICS 288,16,12288,3.8118,0.0080,0.0073,3.7700,0.0144,0.0121,16,12288,196608,0,52151.2188,0.0000,0.0000,0,0.0000,0.0000,0,0.0000,0,0.0000,0.0000,0,0.0000,0.0000,0,0,0,0,0,0,0,0,0,0,0,0,0,0,0,0,0,0,0,0,0,0,0,0,0
WG_METRICS 289,16,12288,3.8524,0.0080,0.0073,3.8051,0.0149,0.0170,16,12288,196608,0,51669.8750,0.0000,0.0000,0,0.0000,0.0000,0,0.0000,0,0.0000,0.0000,0,0.0000,0.0000,0,0,0,0,0,0,0,0,0,0,0,0,0,0,0,0,0,0,0,0,0,0,0,0,0
WG_METRICS 290,16,12288,3.8624,0.0080,0.0073,3.8124,0.0230,0.0116,16,12288,196608,0,51570.1250,0.0000,0.0000,0,0.0000,0.0000,0,0.0000,0,0.0000,0.0000,0,0.0000,0.0000,0,0,0,0,0,0,0,0,0,0,0,0,0,0,0,0,0,0,0,0,0,0,0,0,0
WG_METRICS 291,16,12288,3.8090,0.0081,0.0072,3.7685,0.0133,0.0118,16,12288,196608,0,52171.1406,0.0000,0.0000,0,0.0000,0.0000,0,0.0000,0,0.0000,0.0000,0,0.0000,0.0000,0,0,0,0,0,0,0,0,0,0,0,0,0,0,0,0,0,0,0,0,0,0,0,0,0
WG_METRICS 292,16,12288,3.8209,0.0081,0.0074,3.7726,0.0218,0.0110,16,12288,196608,0,52114.1680,0.0000,0.0000,0,0.0000,0.0000,0,0.0000,0,0.0000,0.0000,0,0.0000,0.0000,0,0,0,0,0,0,0,0,0,0,0,0,0,0,0,0,0,0,0,0,0,0,0,0,0
WG_METRICS 293,16,12288,3.8578,0.0075,0.0068,3.8101,0.0220,0.0114,16,12288,196608,0,51601.5234,0.0000,0.0000,0,0.0000,0.0000,0,0.0000,0,0.0000,0.0000,0,0.0000,0.0000,0,0,0,0,0,0,0,0,0,0,0,0,0,0,0,0,0,0,0,0,0,0,0,0,0
WG_METRICS 294,16,12288,3.8449,0.0074,0.0068,3.7979,0.0219,0.0109,16,12288,196608,0,51767.2852,0.0000,0.0000,0,0.0000,0.0000,0,0.0000,0,0.0000,0.0000,0,0.0000,0.0000,0,0,0,0,0,0,0,0,0,0,0,0,0,0,0,0,0,0,0,0,0,0,0,0,0
WG_METRICS 295,16,12288,3.8145,0.0075,0.0067,3.7765,0.0130,0.0109,16,12288,196608,0,52061.1797,0.0000,0.0000,0,0.0000,0.0000,0,0.0000,0,0.0000,0.0000,0,0.0000,0.0000,0,0,0,0,0,0,0,0,0,0,0,0,0,0,0,0,0,0,0,0,0,0,0,0,0
WG_METRICS 296,16,12288,3.8047,0.0074,0.0068,3.7580,0.0215,0.0110,16,12288,196608,0,52316.6328,0.0000,0.0000,0,0.0000,0.0000,0,0.0000,0,0.0000,0.0000,0,0.0000,0.0000,0,0,0,0,0,0,0,0,0,0,0,0,0,0,0,0,0,0,0,0,0,0,0,0,0
WG_METRICS 297,16,12288,3.8081,0.0074,0.0068,3.7694,0.0136,0.0109,16,12288,196608,0,52159.5156,0.0000,0.0000,0,0.0000,0.0000,0,0.0000,0,0.0000,0.0000,0,0.0000,0.0000,0,0,0,0,0,0,0,0,0,0,0,0,0,0,0,0,0,0,0,0,0,0,0,0,0
WG_METRICS 298,16,12288,3.7938,0.0074,0.0068,3.7550,0.0132,0.0113,16,12288,196608,0,52358.9883,0.0000,0.0000,0,0.0000,0.0000,0,0.0000,0,0.0000,0.0000,0,0.0000,0.0000,0,0,0,0,0,0,0,0,0,0,0,0,0,0,0,0,0,0,0,0,0,0,0,0,0
WG_METRICS 299,16,12288,3.8337,0.0074,0.0068,3.7869,0.0218,0.0108,16,12288,196608,0,51918.2031,0.0000,0.0000,0,0.0000,0.0000,0,0.0000,0,0.0000,0.0000,0,0.0000,0.0000,0,0,0,0,0,0,0,0,0,0,0,0,0,0,0,0,0,0,0,0,0,0,0,0,0
WG_METRICS 300,16,12288,3.8034,0.0074,0.0068,3.7566,0.0216,0.0109,16,12288,196608,0,52336.1289,0.0000,0.0000,0,0.0000,0.0000,0,0.0000,0,0.0000,0.0000,0,0.0000,0.0000,0,0,0,0,0,0,0,0,0,0,0,0,0,0,0,0,0,0,0,0,0,0,0,0,0
WG_METRICS 301,16,12288,3.8398,0.0075,0.0130,3.7949,0.0134,0.0110,16,12288,196608,0,51808.7539,0.0000,0.0000,0,0.0000,0.0000,0,0.0000,0,0.0000,0.0000,0,0.0000,0.0000,0,0,0,0,0,0,0,0,0,0,0,0,0,0,0,0,0,0,0,0,0,0,0,0,0
WG_METRICS 302,16,12288,3.8992,0.0075,0.0067,3.8649,0.0081,0.0120,16,12288,196608,0,50870.4023,0.0000,0.0000,0,0.0000,0.0000,0,0.0000,0,0.0000,0.0000,0,0.0000,0.0000,0,0,0,0,0,0,0,0,0,0,0,0,0,0,0,0,0,0,0,0,0,0,0,0,0
WG_METRICS 303,16,12288,3.7988,0.0075,0.0067,3.7517,0.0219,0.0110,16,12288,196608,0,52405.3242,0.0000,0.0000,0,0.0000,0.0000,0,0.0000,0,0.0000,0.0000,0,0.0000,0.0000,0,0,0,0,0,0,0,0,0,0,0,0,0,0,0,0,0,0,0,0,0,0,0,0,0
WG_METRICS 304,16,12288,3.8174,0.0074,0.0066,3.7794,0.0130,0.0110,16,12288,196608,0,52021.5039,0.0000,0.0000,0,0.0000,0.0000,0,0.0000,0,0.0000,0.0000,0,0.0000,0.0000,0,0,0,0,0,0,0,0,0,0,0,0,0,0,0,0,0,0,0,0,0,0,0,0,0
WG_METRICS 305,16,12288,3.8229,0.0074,0.0065,3.7750,0.0218,0.0122,16,12288,196608,0,52081.5898,0.0000,0.0000,0,0.0000,0.0000,0,0.0000,0,0.0000,0.0000,0,0.0000,0.0000,0,0,0,0,0,0,0,0,0,0,0,0,0,0,0,0,0,0,0,0,0,0,0,0,0
WG_METRICS 306,16,12288,3.8299,0.0076,0.0067,3.7830,0.0218,0.0109,16,12288,196608,0,51972.0000,0.0000,0.0000,0,0.0000,0.0000,0,0.0000,0,0.0000,0.0000,0,0.0000,0.0000,0,0,0,0,0,0,0,0,0,0,0,0,0,0,0,0,0,0,0,0,0,0,0,0,0
WG_METRICS 307,16,12288,3.8366,0.0075,0.0068,3.7978,0.0137,0.0109,16,12288,196608,0,51769.4648,0.0000,0.0000,0,0.0000,0.0000,0,0.0000,0,0.0000,0.0000,0,0.0000,0.0000,0,0,0,0,0,0,0,0,0,0,0,0,0,0,0,0,0,0,0,0,0,0,0,0,0
WG_METRICS 308,16,12288,3.8305,0.0075,0.0067,3.7826,0.0220,0.0118,16,12288,196608,0,51977.4961,0.0000,0.0000,0,0.0000,0.0000,0,0.0000,0,0.0000,0.0000,0,0.0000,0.0000,0,0,0,0,0,0,0,0,0,0,0,0,0,0,0,0,0,0,0,0,0,0,0,0,0
WG_METRICS 309,16,12288,3.8294,0.0075,0.0068,3.7910,0.0132,0.0110,16,12288,196608,0,51861.2305,0.0000,0.0000,0,0.0000,0.0000,0,0.0000,0,0.0000,0.0000,0,0.0000,0.0000,0,0,0,0,0,0,0,0,0,0,0,0,0,0,0,0,0,0,0,0,0,0,0,0,0
WG_METRICS 310,16,12288,3.8372,0.0075,0.0068,3.8043,0.0078,0.0109,16,12288,196608,0,51680.1953,0.0000,0.0000,0,0.0000,0.0000,0,0.0000,0,0.0000,0.0000,0,0.0000,0.0000,0,0,0,0,0,0,0,0,0,0,0,0,0,0,0,0,0,0,0,0,0,0,0,0,0
WG_METRICS 311,16,12288,3.8064,0.0075,0.0066,3.7634,0.0177,0.0113,16,12288,196608,0,52242.6758,0.0000,0.0000,0,0.0000,0.0000,0,0.0000,0,0.0000,0.0000,0,0.0000,0.0000,0,0,0,0,0,0,0,0,0,0,0,0,0,0,0,0,0,0,0,0,0,0,0,0,0
WG_METRICS 312,16,12288,3.7965,0.0074,0.0069,3.7586,0.0128,0.0109,16,12288,196608,0,52308.2812,0.0000,0.0000,0,0.0000,0.0000,0,0.0000,0,0.0000,0.0000,0,0.0000,0.0000,0,0,0,0,0,0,0,0,0,0,0,0,0,0,0,0,0,0,0,0,0,0,0,0,0
WG_METRICS 313,16,12288,3.8465,0.0074,0.0067,3.7990,0.0224,0.0110,16,12288,196608,0,51752.5664,0.0000,0.0000,0,0.0000,0.0000,0,0.0000,0,0.0000,0.0000,0,0.0000,0.0000,0,0,0,0,0,0,0,0,0,0,0,0,0,0,0,0,0,0,0,0,0,0,0,0,0
WG_METRICS 314,16,12288,3.8595,0.0074,0.0149,3.8036,0.0218,0.0118,16,12288,196608,0,51689.4375,0.0000,0.0000,0,0.0000,0.0000,0,0.0000,0,0.0000,0.0000,0,0.0000,0.0000,0,0,0,0,0,0,0,0,0,0,0,0,0,0,0,0,0,0,0,0,0,0,0,0,0
WG_METRICS 315,16,12288,3.8694,0.0075,0.0068,3.8314,0.0128,0.0110,16,12288,196608,0,51315.4570,0.0000,0.0000,0,0.0000,0.0000,0,0.0000,0,0.0000,0.0000,0,0.0000,0.0000,0,0,0,0,0,0,0,0,0,0,0,0,0,0,0,0,0,0,0,0,0,0,0,0,0
WG_METRICS 316,16,12288,3.7817,0.0075,0.0067,3.7348,0.0218,0.0109,16,12288,196608,0,52642.7383,0.0000,0.0000,0,0.0000,0.0000,0,0.0000,0,0.0000,0.0000,0,0.0000,0.0000,0,0,0,0,0,0,0,0,0,0,0,0,0,0,0,0,0,0,0,0,0,0,0,0,0
WG_METRICS 317,16,12288,3.7894,0.0075,0.0068,3.7514,0.0128,0.0109,16,12288,196608,0,52409.7930,0.0000,0.0000,0,0.0000,0.0000,0,0.0000,0,0.0000,0.0000,0,0.0000,0.0000,0,0,0,0,0,0,0,0,0,0,0,0,0,0,0,0,0,0,0,0,0,0,0,0,0
WG_METRICS 318,16,12288,3.8274,0.0076,0.0068,3.7800,0.0214,0.0117,16,12288,196608,0,52013.2500,0.0000,0.0000,0,0.0000,0.0000,0,0.0000,0,0.0000,0.0000,0,0.0000,0.0000,0,0,0,0,0,0,0,0,0,0,0,0,0,0,0,0,0,0,0,0,0,0,0,0,0
WG_METRICS 319,16,12288,3.8228,0.0074,0.0066,3.7849,0.0130,0.0109,16,12288,196608,0,51945.0859,0.0000,0.0000,0,0.0000,0.0000,0,0.0000,0,0.0000,0.0000,0,0.0000,0.0000,0,0,0,0,0,0,0,0,0,0,0,0,0,0,0,0,0,0,0,0,0,0,0,0,0
WG_METRICS 320,16,12288,3.8211,0.0074,0.0068,3.7737,0.0222,0.0110,16,12288,196608,0,52099.8086,0.0000,0.0000,0,0.0000,0.0000,0,0.0000,0,0.0000,0.0000,0,0.0000,0.0000,0,0,0,0,0,0,0,0,0,0,0,0,0,0,0,0,0,0,0,0,0,0,0,0,0
WG_METRICS 321,16,12288,3.8348,0.0074,0.0068,3.7961,0.0133,0.0112,16,12288,196608,0,51792.3750,0.0000,0.0000,0,0.0000,0.0000,0,0.0000,0,0.0000,0.0000,0,0.0000,0.0000,0,0,0,0,0,0,0,0,0,0,0,0,0,0,0,0,0,0,0,0,0,0,0,0,0
WG_METRICS 322,16,12288,3.8390,0.0106,0.0045,3.7908,0.0217,0.0113,16,12288,196608,0,51863.9688,0.0000,0.0000,0,0.0000,0.0000,0,0.0000,0,0.0000,0.0000,0,0.0000,0.0000,0,0,0,0,0,0,0,0,0,0,0,0,0,0,0,0,0,0,0,0,0,0,0,0,0
WG_METRICS 323,16,12288,3.8657,0.0075,0.0066,3.8189,0.0219,0.0109,16,12288,196608,0,51483.1562,0.0000,0.0000,0,0.0000,0.0000,0,0.0000,0,0.0000,0.0000,0,0.0000,0.0000,0,0,0,0,0,0,0,0,0,0,0,0,0,0,0,0,0,0,0,0,0,0,0,0,0
WG_METRICS 324,16,12288,3.8565,0.0075,0.0067,3.8105,0.0208,0.0109,16,12288,196608,0,51596.1094,0.0000,0.0000,0,0.0000,0.0000,0,0.0000,0,0.0000,0.0000,0,0.0000,0.0000,0,0,0,0,0,0,0,0,0,0,0,0,0,0,0,0,0,0,0,0,0,0,0,0,0
WG_METRICS 325,16,12288,3.8456,0.0076,0.0067,3.8071,0.0133,0.0109,16,12288,196608,0,51642.1836,0.0000,0.0000,0,0.0000,0.0000,0,0.0000,0,0.0000,0.0000,0,0.0000,0.0000,0,0,0,0,0,0,0,0,0,0,0,0,0,0,0,0,0,0,0,0,0,0,0,0,0
WG_METRICS 326,16,12288,3.7889,0.0075,0.0068,3.7491,0.0135,0.0121,16,12288,196608,0,52441.6680,0.0000,0.0000,0,0.0000,0.0000,0,0.0000,0,0.0000,0.0000,0,0.0000,0.0000,0,0,0,0,0,0,0,0,0,0,0,0,0,0,0,0,0,0,0,0,0,0,0,0,0
WG_METRICS 327,16,12288,3.8586,0.0075,0.0067,3.8119,0.0216,0.0109,16,12288,196608,0,51577.6992,0.0000,0.0000,0,0.0000,0.0000,0,0.0000,0,0.0000,0.0000,0,0.0000,0.0000,0,0,0,0,0,0,0,0,0,0,0,0,0,0,0,0,0,0,0,0,0,0,0,0,0
WG_METRICS 328,16,12288,3.8082,0.0075,0.0068,3.7697,0.0132,0.0110,16,12288,196608,0,52155.0898,0.0000,0.0000,0,0.0000,0.0000,0,0.0000,0,0.0000,0.0000,0,0.0000,0.0000,0,0,0,0,0,0,0,0,0,0,0,0,0,0,0,0,0,0,0,0,0,0,0,0,0
WG_METRICS 329,16,12288,3.8077,0.0132,0.0012,3.7596,0.0222,0.0115,16,12288,196608,0,52294.3672,0.0000,0.0000,0,0.0000,0.0000,0,0.0000,0,0.0000,0.0000,0,0.0000,0.0000,0,0,0,0,0,0,0,0,0,0,0,0,0,0,0,0,0,0,0,0,0,0,0,0,0
WG_METRICS 330,16,12288,3.8146,0.0076,0.0067,3.7762,0.0132,0.0109,16,12288,196608,0,52065.5898,0.0000,0.0000,0,0.0000,0.0000,0,0.0000,0,0.0000,0.0000,0,0.0000,0.0000,0,0,0,0,0,0,0,0,0,0,0,0,0,0,0,0,0,0,0,0,0,0,0,0,0
WG_METRICS 331,16,12288,3.8516,0.0075,0.0063,3.8054,0.0211,0.0114,16,12288,196608,0,51665.5312,0.0000,0.0000,0,0.0000,0.0000,0,0.0000,0,0.0000,0.0000,0,0.0000,0.0000,0,0,0,0,0,0,0,0,0,0,0,0,0,0,0,0,0,0,0,0,0,0,0,0,0
WG_METRICS 332,16,12288,3.8332,0.0075,0.0062,3.7958,0.0128,0.0109,16,12288,196608,0,51795.6484,0.0000,0.0000,0,0.0000,0.0000,0,0.0000,0,0.0000,0.0000,0,0.0000,0.0000,0,0,0,0,0,0,0,0,0,0,0,0,0,0,0,0,0,0,0,0,0,0,0,0,0
WG_METRICS 333,16,12288,3.8011,0.0076,0.0064,3.7631,0.0132,0.0108,16,12288,196608,0,52246.5664,0.0000,0.0000,0,0.0000,0.0000,0,0.0000,0,0.0000,0.0000,0,0.0000,0.0000,0,0,0,0,0,0,0,0,0,0,0,0,0,0,0,0,0,0,0,0,0,0,0,0,0
WG_METRICS 334,16,12288,3.8328,0.0075,0.0068,3.7938,0.0132,0.0116,16,12288,196608,0,51823.5000,0.0000,0.0000,0,0.0000,0.0000,0,0.0000,0,0.0000,0.0000,0,0.0000,0.0000,0,0,0,0,0,0,0,0,0,0,0,0,0,0,0,0,0,0,0,0,0,0,0,0,0
WG_METRICS 335,16,12288,3.8283,0.0075,0.0067,3.7814,0.0218,0.0109,16,12288,196608,0,51993.4414,0.0000,0.0000,0,0.0000,0.0000,0,0.0000,0,0.0000,0.0000,0,0.0000,0.0000,0,0,0,0,0,0,0,0,0,0,0,0,0,0,0,0,0,0,0,0,0,0,0,0,0
WG_METRICS 336,16,12288,3.8611,0.0074,0.0068,3.8138,0.0220,0.0110,16,12288,196608,0,51551.1953,0.0000,0.0000,0,0.0000,0.0000,0,0.0000,0,0.0000,0.0000,0,0.0000,0.0000,0,0,0,0,0,0,0,0,0,0,0,0,0,0,0,0,0,0,0,0,0,0,0,0,0
WG_METRICS 337,16,12288,3.8330,0.0075,0.0068,3.7855,0.0217,0.0115,16,12288,196608,0,51937.4023,0.0000,0.0000,0,0.0000,0.0000,0,0.0000,0,0.0000,0.0000,0,0.0000,0.0000,0,0,0,0,0,0,0,0,0,0,0,0,0,0,0,0,0,0,0,0,0,0,0,0,0
WG_METRICS 338,16,12288,3.8538,0.0074,0.0065,3.8159,0.0131,0.0109,16,12288,196608,0,51523.6328,0.0000,0.0000,0,0.0000,0.0000,0,0.0000,0,0.0000,0.0000,0,0.0000,0.0000,0,0,0,0,0,0,0,0,0,0,0,0,0,0,0,0,0,0,0,0,0,0,0,0,0
WG_METRICS 339,16,12288,3.8688,0.0075,0.0068,3.8219,0.0216,0.0110,16,12288,196608,0,51442.2070,0.0000,0.0000,0,0.0000,0.0000,0,0.0000,0,0.0000,0.0000,0,0.0000,0.0000,0,0,0,0,0,0,0,0,0,0,0,0,0,0,0,0,0,0,0,0,0,0,0,0,0
WG_METRICS 340,16,12288,3.7746,0.0075,0.0067,3.7360,0.0130,0.0115,16,12288,196608,0,52625.8320,0.0000,0.0000,0,0.0000,0.0000,0,0.0000,0,0.0000,0.0000,0,0.0000,0.0000,0,0,0,0,0,0,0,0,0,0,0,0,0,0,0,0,0,0,0,0,0,0,0,0,0
WG_METRICS 341,16,12288,3.8655,0.0074,0.0067,3.8305,0.0100,0.0109,16,12288,196608,0,51326.7148,0.0000,0.0000,0,0.0000,0.0000,0,0.0000,0,0.0000,0.0000,0,0.0000,0.0000,0,0,0,0,0,0,0,0,0,0,0,0,0,0,0,0,0,0,0,0,0,0,0,0,0
WG_METRICS 342,16,12288,3.8490,0.0075,0.0066,3.8099,0.0133,0.0117,16,12288,196608,0,51604.2305,0.0000,0.0000,0,0.0000,0.0000,0,0.0000,0,0.0000,0.0000,0,0.0000,0.0000,0,0,0,0,0,0,0,0,0,0,0,0,0,0,0,0,0,0,0,0,0,0,0,0,0
WG_METRICS 343,16,12288,3.8038,0.0080,0.0074,3.7576,0.0185,0.0123,16,12288,196608,0,52322.2031,0.0000,0.0000,0,0.0000,0.0000,0,0.0000,0,0.0000,0.0000,0,0.0000,0.0000,0,0,0,0,0,0,0,0,0,0,0,0,0,0,0,0,0,0,0,0,0,0,0,0,0
WG_METRICS 344,16,12288,3.8223,0.0081,0.0073,3.7816,0.0133,0.0121,16,12288,196608,0,51991.2422,0.0000,0.0000,0,0.0000,0.0000,0,0.0000,0,0.0000,0.0000,0,0.0000,0.0000,0,0,0,0,0,0,0,0,0,0,0,0,0,0,0,0,0,0,0,0,0,0,0,0,0
WG_METRICS 345,16,12288,3.8594,0.0081,0.0072,3.8093,0.0228,0.0120,16,12288,196608,0,51612.3633,0.0000,0.0000,0,0.0000,0.0000,0,0.0000,0,0.0000,0.0000,0,0.0000,0.0000,0,0,0,0,0,0,0,0,0,0,0,0,0,0,0,0,0,0,0,0,0,0,0,0,0
WG_METRICS 346,16,12288,3.8604,0.0081,0.0074,3.8092,0.0226,0.0132,16,12288,196608,0,51613.9883,0.0000,0.0000,0,0.0000,0.0000,0,0.0000,0,0.0000,0.0000,0,0.0000,0.0000,0,0,0,0,0,0,0,0,0,0,0,0,0,0,0,0,0,0,0,0,0,0,0,0,0
WG_METRICS 347,16,12288,3.8436,0.0081,0.0073,3.8032,0.0132,0.0119,16,12288,196608,0,51695.9570,0.0000,0.0000,0,0.0000,0.0000,0,0.0000,0,0.0000,0.0000,0,0.0000,0.0000,0,0,0,0,0,0,0,0,0,0,0,0,0,0,0,0,0,0,0,0,0,0,0,0,0
WG_METRICS 348,16,12288,3.8157,0.0080,0.0074,3.7658,0.0223,0.0122,16,12288,196608,0,52208.2734,0.0000,0.0000,0,0.0000,0.0000,0,0.0000,0,0.0000,0.0000,0,0.0000,0.0000,0,0,0,0,0,0,0,0,0,0,0,0,0,0,0,0,0,0,0,0,0,0,0,0,0
WG_METRICS 349,16,12288,3.8126,0.0080,0.0073,3.7705,0.0133,0.0136,16,12288,196608,0,52144.0234,0.0000,0.0000,0,0.0000,0.0000,0,0.0000,0,0.0000,0.0000,0,0.0000,0.0000,0,0,0,0,0,0,0,0,0,0,0,0,0,0,0,0,0,0,0,0,0,0,0,0,0
WG_METRICS 350,16,12288,3.7964,0.0080,0.0074,3.7559,0.0130,0.0122,16,12288,196608,0,52346.7188,0.0000,0.0000,0,0.0000,0.0000,0,0.0000,0,0.0000,0.0000,0,0.0000,0.0000,0,0,0,0,0,0,0,0,0,0,0,0,0,0,0,0,0,0,0,0,0,0,0,0,0
WG_METRICS 351,16,12288,3.8434,0.0080,0.0073,3.7885,0.0233,0.0162,16,12288,196608,0,51895.7266,0.0000,0.0000,0,0.0000,0.0000,0,0.0000,0,0.0000,0.0000,0,0.0000,0.0000,0,0,0,0,0,0,0,0,0,0,0,0,0,0,0,0,0,0,0,0,0,0,0,0,0
WG_METRICS 352,16,12288,3.7838,0.0080,0.0073,3.7396,0.0135,0.0154,16,12288,196608,0,52575.1719,0.0000,0.0000,0,0.0000,0.0000,0,0.0000,0,0.0000,0.0000,0,0.0000,0.0000,0,0,0,0,0,0,0,0,0,0,0,0,0,0,0,0,0,0,0,0,0,0,0,0,0
WG_METRICS 353,16,12288,3.7791,0.0080,0.0074,3.7262,0.0229,0.0146,16,12288,196608,0,52763.1094,0.0000,0.0000,0,0.0000,0.0000,0,0.0000,0,0.0000,0.0000,0,0.0000,0.0000,0,0,0,0,0,0,0,0,0,0,0,0,0,0,0,0,0,0,0,0,0,0,0,0,0
WG_METRICS 354,16,12288,3.8585,0.0080,0.0074,3.8166,0.0138,0.0127,16,12288,196608,0,51513.3750,0.0000,0.0000,0,0.0000,0.0000,0,0.0000,0,0.0000,0.0000,0,0.0000,0.0000,0,0,0,0,0,0,0,0,0,0,0,0,0,0,0,0,0,0,0,0,0,0,0,0,0
WG_METRICS 355,16,12288,3.8454,0.0080,0.0073,3.7958,0.0225,0.0118,16,12288,196608,0,51796.7422,0.0000,0.0000,0,0.0000,0.0000,0,0.0000,0,0.0000,0.0000,0,0.0000,0.0000,0,0,0,0,0,0,0,0,0,0,0,0,0,0,0,0,0,0,0,0,0,0,0,0,0
WG_METRICS 356,16,12288,3.7659,0.0081,0.0073,3.7244,0.0139,0.0122,16,12288,196608,0,52789.7422,0.0000,0.0000,0,0.0000,0.0000,0,0.0000,0,0.0000,0.0000,0,0.0000,0.0000,0,0,0,0,0,0,0,0,0,0,0,0,0,0,0,0,0,0,0,0,0,0,0,0,0
WG_METRICS 357,16,12288,3.8305,0.0080,0.0074,3.7808,0.0220,0.0124,16,12288,196608,0,52001.6914,0.0000,0.0000,0,0.0000,0.0000,0,0.0000,0,0.0000,0.0000,0,0.0000,0.0000,0,0,0,0,0,0,0,0,0,0,0,0,0,0,0,0,0,0,0,0,0,0,0,0,0
WG_METRICS 358,16,12288,3.8369,0.0080,0.0074,3.7863,0.0230,0.0122,16,12288,196608,0,51925.8828,0.0000,0.0000,0,0.0000,0.0000,0,0.0000,0,0.0000,0.0000,0,0.0000,0.0000,0,0,0,0,0,0,0,0,0,0,0,0,0,0,0,0,0,0,0,0,0,0,0,0,0
WG_METRICS 359,16,12288,3.7601,0.0081,0.0074,3.7200,0.0136,0.0110,16,12288,196608,0,52851.6133,0.0000,0.0000,0,0.0000,0.0000,0,0.0000,0,0.0000,0.0000,0,0.0000,0.0000,0,0,0,0,0,0,0,0,0,0,0,0,0,0,0,0,0,0,0,0,0,0,0,0,0
WG_METRICS 360,16,12288,3.7986,0.0075,0.0067,3.7606,0.0128,0.0109,16,12288,196608,0,52281.0195,0.0000,0.0000,0,0.0000,0.0000,0,0.0000,0,0.0000,0.0000,0,0.0000,0.0000,0,0,0,0,0,0,0,0,0,0,0,0,0,0,0,0,0,0,0,0,0,0,0,0,0
WG_METRICS 361,16,12288,3.8186,0.0075,0.0068,3.7805,0.0128,0.0109,16,12288,196608,0,52005.5430,0.0000,0.0000,0,0.0000,0.0000,0,0.0000,0,0.0000,0.0000,0,0.0000,0.0000,0,0,0,0,0,0,0,0,0,0,0,0,0,0,0,0,0,0,0,0,0,0,0,0,0
WG_METRICS 362,16,12288,3.8131,0.0075,0.0067,3.7750,0.0130,0.0109,16,12288,196608,0,52082.1406,0.0000,0.0000,0,0.0000,0.0000,0,0.0000,0,0.0000,0.0000,0,0.0000,0.0000,0,0,0,0,0,0,0,0,0,0,0,0,0,0,0,0,0,0,0,0,0,0,0,0,0
WG_METRICS 363,16,12288,3.7616,0.0074,0.0068,3.7148,0.0216,0.0109,16,12288,196608,0,52925.5977,0.0000,0.0000,0,0.0000,0.0000,0,0.0000,0,0.0000,0.0000,0,0.0000,0.0000,0,0,0,0,0,0,0,0,0,0,0,0,0,0,0,0,0,0,0,0,0,0,0,0,0
WG_METRICS 364,16,12288,3.7949,0.0075,0.0065,3.7562,0.0132,0.0116,16,12288,196608,0,52342.8164,0.0000,0.0000,0,0.0000,0.0000,0,0.0000,0,0.0000,0.0000,0,0.0000,0.0000,0,0,0,0,0,0,0,0,0,0,0,0,0,0,0,0,0,0,0,0,0,0,0,0,0
WG_METRICS 365,16,12288,3.8453,0.0075,0.0063,3.7990,0.0216,0.0109,16,12288,196608,0,51752.0195,0.0000,0.0000,0,0.0000,0.0000,0,0.0000,0,0.0000,0.0000,0,0.0000,0.0000,0,0,0,0,0,0,0,0,0,0,0,0,0,0,0,0,0,0,0,0,0,0,0,0,0
WG_METRICS 366,16,12288,3.7580,0.0076,0.0067,3.7110,0.0218,0.0109,16,12288,196608,0,52979.7891,0.0000,0.0000,0,0.0000,0.0000,0,0.0000,0,0.0000,0.0000,0,0.0000,0.0000,0,0,0,0,0,0,0,0,0,0,0,0,0,0,0,0,0,0,0,0,0,0,0,0,0
WG_METRICS 367,16,12288,3.8145,0.0075,0.0066,3.7721,0.0172,0.0111,16,12288,196608,0,52121.3555,0.0000,0.0000,0,0.0000,0.0000,0,0.0000,0,0.0000,0.0000,0,0.0000,0.0000,0,0,0,0,0,0,0,0,0,0,0,0,0,0,0,0,0,0,0,0,0,0,0,0,0
WG_METRICS 368,16,12288,3.8007,0.0075,0.0068,3.7537,0.0218,0.0109,16,12288,196608,0,52376.8398,0.0000,0.0000,0,0.0000,0.0000,0,0.0000,0,0.0000,0.0000,0,0.0000,0.0000,0,0,0,0,0,0,0,0,0,0,0,0,0,0,0,0,0,0,0,0,0,0,0,0,0
WG_METRICS 369,16,12288,3.8420,0.0074,0.0060,3.7952,0.0224,0.0109,16,12288,196608,0,51803.8398,0.0000,0.0000,0,0.0000,0.0000,0,0.0000,0,0.0000,0.0000,0,0.0000,0.0000,0,0,0,0,0,0,0,0,0,0,0,0,0,0,0,0,0,0,0,0,0,0,0,0,0
WG_METRICS 370,16,12288,3.8172,0.0074,0.0068,3.7782,0.0133,0.0114,16,12288,196608,0,52038.0273,0.0000,0.0000,0,0.0000,0.0000,0,0.0000,0,0.0000,0.0000,0,0.0000,0.0000,0,0,0,0,0,0,0,0,0,0,0,0,0,0,0,0,0,0,0,0,0,0,0,0,0
WG_METRICS 371,16,12288,3.8311,0.0075,0.0060,3.7850,0.0217,0.0109,16,12288,196608,0,51943.9883,0.0000,0.0000,0,0.0000,0.0000,0,0.0000,0,0.0000,0.0000,0,0.0000,0.0000,0,0,0,0,0,0,0,0,0,0,0,0,0,0,0,0,0,0,0,0,0,0,0,0,0
WG_METRICS 372,16,12288,3.8206,0.0074,0.0068,3.7740,0.0216,0.0109,16,12288,196608,0,52095.9414,0.0000,0.0000,0,0.0000,0.0000,0,0.0000,0,0.0000,0.0000,0,0.0000,0.0000,0,0,0,0,0,0,0,0,0,0,0,0,0,0,0,0,0,0,0,0,0,0,0,0,0
WG_METRICS 373,16,12288,3.8544,0.0074,0.0068,3.8082,0.0212,0.0109,16,12288,196608,0,51628.0820,0.0000,0.0000,0,0.0000,0.0000,0,0.0000,0,0.0000,0.0000,0,0.0000,0.0000,0,0,0,0,0,0,0,0,0,0,0,0,0,0,0,0,0,0,0,0,0,0,0,0,0
WG_METRICS 374,16,12288,3.8162,0.0075,0.0068,3.7694,0.0216,0.0109,16,12288,196608,0,52158.9648,0.0000,0.0000,0,0.0000,0.0000,0,0.0000,0,0.0000,0.0000,0,0.0000,0.0000,0,0,0,0,0,0,0,0,0,0,0,0,0,0,0,0,0,0,0,0,0,0,0,0,0
WG_METRICS 375,16,12288,3.8284,0.0074,0.0066,3.7921,0.0114,0.0110,16,12288,196608,0,51847.0078,0.0000,0.0000,0,0.0000,0.0000,0,0.0000,0,0.0000,0.0000,0,0.0000,0.0000,0,0,0,0,0,0,0,0,0,0,0,0,0,0,0,0,0,0,0,0,0,0,0,0,0
WG_METRICS 376,16,12288,3.7937,0.0075,0.0068,3.7458,0.0221,0.0115,16,12288,196608,0,52487.5859,0.0000,0.0000,0,0.0000,0.0000,0,0.0000,0,0.0000,0.0000,0,0.0000,0.0000,0,0,0,0,0,0,0,0,0,0,0,0,0,0,0,0,0,0,0,0,0,0,0,0,0
WG_METRICS 377,16,12288,3.8239,0.0075,0.0062,3.7888,0.0088,0.0125,16,12288,196608,0,51891.3438,0.0000,0.0000,0,0.0000,0.0000,0,0.0000,0,0.0000,0.0000,0,0.0000,0.0000,0,0,0,0,0,0,0,0,0,0,0,0,0,0,0,0,0,0,0,0,0,0,0,0,0
WG_METRICS 378,16,12288,3.8522,0.0080,0.0074,3.8029,0.0218,0.0120,16,12288,196608,0,51699.2188,0.0000,0.0000,0,0.0000,0.0000,0,0.0000,0,0.0000,0.0000,0,0.0000,0.0000,0,0,0,0,0,0,0,0,0,0,0,0,0,0,0,0,0,0,0,0,0,0,0,0,0
WG_METRICS 379,16,12288,3.7866,0.0080,0.0074,3.7374,0.0220,0.0118,16,12288,196608,0,52606.1172,0.0000,0.0000,0,0.0000,0.0000,0,0.0000,0,0.0000,0.0000,0,0.0000,0.0000,0,0,0,0,0,0,0,0,0,0,0,0,0,0,0,0,0,0,0,0,0,0,0,0,0
WG_METRICS 380,16,12288,3.8314,0.0080,0.0073,3.7902,0.0137,0.0122,16,12288,196608,0,51872.1758,0.0000,0.0000,0,0.0000,0.0000,0,0.0000,0,0.0000,0.0000,0,0.0000,0.0000,0,0,0,0,0,0,0,0,0,0,0,0,0,0,0,0,0,0,0,0,0,0,0,0,0
WG_METRICS 381,16,12288,3.7705,0.0080,0.0074,3.7210,0.0220,0.0122,16,12288,196608,0,52837.9805,0.0000,0.0000,0,0.0000,0.0000,0,0.0000,0,0.0000,0.0000,0,0.0000,0.0000,0,0,0,0,0,0,0,0,0,0,0,0,0,0,0,0,0,0,0,0,0,0,0,0,0
WG_METRICS 382,16,12288,3.8578,0.0081,0.0073,3.8030,0.0222,0.0172,16,12288,196608,0,51698.1328,0.0000,0.0000,0,0.0000,0.0000,0,0.0000,0,0.0000,0.0000,0,0.0000,0.0000,0,0,0,0,0,0,0,0,0,0,0,0,0,0,0,0,0,0,0,0,0,0,0,0,0
WG_METRICS 383,16,12288,3.8116,0.0081,0.0073,3.7620,0.0220,0.0122,16,12288,196608,0,52261.5625,0.0000,0.0000,0,0.0000,0.0000,0,0.0000,0,0.0000,0.0000,0,0.0000,0.0000,0,0,0,0,0,0,0,0,0,0,0,0,0,0,0,0,0,0,0,0,0,0,0,0,0
WG_METRICS 384,16,12288,3.7965,0.0080,0.0074,3.7466,0.0224,0.0121,16,12288,196608,0,52475.8203,0.0000,0.0000,0,0.0000,0.0000,0,0.0000,0,0.0000,0.0000,0,0.0000,0.0000,0,0,0,0,0,0,0,0,0,0,0,0,0,0,0,0,0,0,0,0,0,0,0,0,0
WG_METRICS 385,16,12288,3.8546,0.0080,0.0074,3.8111,0.0134,0.0146,16,12288,196608,0,51587.9844,0.0000,0.0000,0,0.0000,0.0000,0,0.0000,0,0.0000,0.0000,0,0.0000,0.0000,0,0,0,0,0,0,0,0,0,0,0,0,0,0,0,0,0,0,0,0,0,0,0,0,0
WG_METRICS 386,16,12288,3.7917,0.0080,0.0075,3.7402,0.0232,0.0129,16,12288,196608,0,52566.1719,0.0000,0.0000,0,0.0000,0.0000,0,0.0000,0,0.0000,0.0000,0,0.0000,0.0000,0,0,0,0,0,0,0,0,0,0,0,0,0,0,0,0,0,0,0,0,0,0,0,0,0
WG_METRICS 387,16,12288,3.8064,0.0080,0.0074,3.7567,0.0224,0.0118,16,12288,196608,0,52335.0156,0.0000,0.0000,0,0.0000,0.0000,0,0.0000,0,0.0000,0.0000,0,0.0000,0.0000,0,0,0,0,0,0,0,0,0,0,0,0,0,0,0,0,0,0,0,0,0,0,0,0,0
WG_METRICS 388,16,12288,3.8219,0.0080,0.0074,3.7720,0.0223,0.0122,16,12288,196608,0,52123.0117,0.0000,0.0000,0,0.0000,0.0000,0,0.0000,0,0.0000,0.0000,0,0.0000,0.0000,0,0,0,0,0,0,0,0,0,0,0,0,0,0,0,0,0,0,0,0,0,0,0,0,0
WG_METRICS 389,16,12288,3.8527,0.0080,0.0074,3.8104,0.0135,0.0135,16,12288,196608,0,51598.2734,0.0000,0.0000,0,0.0000,0.0000,0,0.0000,0,0.0000,0.0000,0,0.0000,0.0000,0,0,0,0,0,0,0,0,0,0,0,0,0,0,0,0,0,0,0,0,0,0,0,0,0
WG_METRICS 390,16,12288,3.8274,0.0080,0.0074,3.7863,0.0135,0.0123,16,12288,196608,0,51926.4297,0.0000,0.0000,0,0.0000,0.0000,0,0.0000,0,0.0000,0.0000,0,0.0000,0.0000,0,0,0,0,0,0,0,0,0,0,0,0,0,0,0,0,0,0,0,0,0,0,0,0,0
WG_METRICS 391,16,12288,3.8338,0.0081,0.0074,3.7788,0.0228,0.0167,16,12288,196608,0,52029.2148,0.0000,0.0000,0,0.0000,0.0000,0,0.0000,0,0.0000,0.0000,0,0.0000,0.0000,0,0,0,0,0,0,0,0,0,0,0,0,0,0,0,0,0,0,0,0,0,0,0,0,0
WG_METRICS 392,16,12288,3.8533,0.0080,0.0074,3.8029,0.0223,0.0127,16,12288,196608,0,51699.7656,0.0000,0.0000,0,0.0000,0.0000,0,0.0000,0,0.0000,0.0000,0,0.0000,0.0000,0,0,0,0,0,0,0,0,0,0,0,0,0,0,0,0,0,0,0,0,0,0,0,0,0
WG_METRICS 393,16,12288,3.7925,0.0080,0.0074,3.7432,0.0218,0.0120,16,12288,196608,0,52523.4805,0.0000,0.0000,0,0.0000,0.0000,0,0.0000,0,0.0000,0.0000,0,0.0000,0.0000,0,0,0,0,0,0,0,0,0,0,0,0,0,0,0,0,0,0,0,0,0,0,0,0,0
WG_METRICS 394,16,12288,3.8246,0.0080,0.0073,3.7834,0.0138,0.0121,16,12288,196608,0,51965.9570,0.0000,0.0000,0,0.0000,0.0000,0,0.0000,0,0.0000,0.0000,0,0.0000,0.0000,0,0,0,0,0,0,0,0,0,0,0,0,0,0,0,0,0,0,0,0,0,0,0,0,0
WG_METRICS 395,16,12288,3.7940,0.0075,0.0068,3.7464,0.0220,0.0114,16,12288,196608,0,52479.1797,0.0000,0.0000,0,0.0000,0.0000,0,0.0000,0,0.0000,0.0000,0,0.0000,0.0000,0,0,0,0,0,0,0,0,0,0,0,0,0,0,0,0,0,0,0,0,0,0,0,0,0
WG_METRICS 396,16,12288,3.8738,0.0075,0.0068,3.8256,0.0223,0.0116,16,12288,196608,0,51392.7227,0.0000,0.0000,0,0.0000,0.0000,0,0.0000,0,0.0000,0.0000,0,0.0000,0.0000,0,0,0,0,0,0,0,0,0,0,0,0,0,0,0,0,0,0,0,0,0,0,0,0,0
WG_METRICS 397,16,12288,3.7903,0.0074,0.0068,3.7439,0.0213,0.0109,16,12288,196608,0,52514.5039,0.0000,0.0000,0,0.0000,0.0000,0,0.0000,0,0.0000,0.0000,0,0.0000,0.0000,0,0,0,0,0,0,0,0,0,0,0,0,0,0,0,0,0,0,0,0,0,0,0,0,0
WG_METRICS 398,16,12288,3.8085,0.0075,0.0067,3.7687,0.0146,0.0110,16,12288,196608,0,52168.3750,0.0000,0.0000,0,0.0000,0.0000,0,0.0000,0,0.0000,0.0000,0,0.0000,0.0000,0,0,0,0,0,0,0,0,0,0,0,0,0,0,0,0,0,0,0,0,0,0,0,0,0
WG_METRICS 399,16,12288,3.7912,0.0075,0.0068,3.7534,0.0127,0.0109,16,12288,196608,0,52380.7500,0.0000,0.0000,0,0.0000,0.0000,0,0.0000,0,0.0000,0.0000,0,0.0000,0.0000,0,0,0,0,0,0,0,0,0,0,0,0,0,0,0,0,0,0,0,0,0,0,0,0,0
WG_METRICS 400,16,12288,3.8196,0.0074,0.0068,3.7816,0.0127,0.0111,16,12288,196608,0,51990.6914,0.0000,0.0000,0,0.0000,0.0000,0,0.0000,0,0.0000,0.0000,0,0.0000,0.0000,0,0,0,0,0,0,0,0,0,0,0,0,0,0,0,0,0,0,0,0,0,0,0,0,0
WG_METRICS 401,16,12288,3.7901,0.0074,0.0068,3.7514,0.0134,0.0111,16,12288,196608,0,52408.6758,0.0000,0.0000,0,0.0000,0.0000,0,0.0000,0,0.0000,0.0000,0,0.0000,0.0000,0,0,0,0,0,0,0,0,0,0,0,0,0,0,0,0,0,0,0,0,0,0,0,0,0
WG_METRICS 402,16,12288,3.7492,0.0074,0.0068,3.7026,0.0215,0.0109,16,12288,196608,0,53099.9844,0.0000,0.0000,0,0.0000,0.0000,0,0.0000,0,0.0000,0.0000,0,0.0000,0.0000,0,0,0,0,0,0,0,0,0,0,0,0,0,0,0,0,0,0,0,0,0,0,0,0,0
WG_METRICS 403,16,12288,3.8360,0.0074,0.0068,3.7892,0.0217,0.0109,16,12288,196608,0,51886.9609,0.0000,0.0000,0,0.0000,0.0000,0,0.0000,0,0.0000,0.0000,0,0.0000,0.0000,0,0,0,0,0,0,0,0,0,0,0,0,0,0,0,0,0,0,0,0,0,0,0,0,0
WG_METRICS 404,16,12288,3.7970,0.0080,0.0074,3.7464,0.0230,0.0122,16,12288,196608,0,52479.7383,0.0000,0.0000,0,0.0000,0.0000,0,0.0000,0,0.0000,0.0000,0,0.0000,0.0000,0,0,0,0,0,0,0,0,0,0,0,0,0,0,0,0,0,0,0,0,0,0,0,0,0
WG_METRICS 405,16,12288,3.8670,0.0080,0.0073,3.8126,0.0224,0.0167,16,12288,196608,0,51568.5000,0.0000,0.0000,0,0.0000,0.0000,0,0.0000,0,0.0000,0.0000,0,0.0000,0.0000,0,0,0,0,0,0,0,0,0,0,0,0,0,0,0,0,0,0,0,0,0,0,0,0,0
WG_METRICS 406,16,12288,3.8495,0.0081,0.0074,3.7990,0.0228,0.0122,16,12288,196608,0,51752.5664,0.0000,0.0000,0,0.0000,0.0000,0,0.0000,0,0.0000,0.0000,0,0.0000,0.0000,0,0,0,0,0,0,0,0,0,0,0,0,0,0,0,0,0,0,0,0,0,0,0,0,0
WG_METRICS 407,16,12288,3.7625,0.0080,0.0073,3.7125,0.0225,0.0122,16,12288,196608,0,52958.1016,0.0000,0.0000,0,0.0000,0.0000,0,0.0000,0,0.0000,0.0000,0,0.0000,0.0000,0,0,0,0,0,0,0,0,0,0,0,0,0,0,0,0,0,0,0,0,0,0,0,0,0
WG_METRICS 408,16,12288,3.8126,0.0080,0.0073,3.7718,0.0134,0.0120,16,12288,196608,0,52125.2227,0.0000,0.0000,0,0.0000,0.0000,0,0.0000,0,0.0000,0.0000,0,0.0000,0.0000,0,0,0,0,0,0,0,0,0,0,0,0,0,0,0,0,0,0,0,0,0,0,0,0,0
WG_METRICS 409,16,12288,3.8885,0.0080,0.0074,3.8385,0.0227,0.0120,16,12288,196608,0,51220.2734,0.0000,0.0000,0,0.0000,0.0000,0,0.0000,0,0.0000,0.0000,0,0.0000,0.0000,0,0,0,0,0,0,0,0,0,0,0,0,0,0,0,0,0,0,0,0,0,0,0,0,0
WG_METRICS 410,16,12288,3.9022,0.0081,0.0073,3.8505,0.0186,0.0177,16,12288,196608,0,51060.1172,0.0000,0.0000,0,0.0000,0.0000,0,0.0000,0,0.0000,0.0000,0,0.0000,0.0000,0,0,0,0,0,0,0,0,0,0,0,0,0,0,0,0,0,0,0,0,0,0,0,0,0
WG_METRICS 411,16,12288,3.8598,0.0080,0.0074,3.8106,0.0216,0.0122,16,12288,196608,0,51595.5664,0.0000,0.0000,0,0.0000,0.0000,0,0.0000,0,0.0000,0.0000,0,0.0000,0.0000,0,0,0,0,0,0,0,0,0,0,0,0,0,0,0,0,0,0,0,0,0,0,0,0,0
WG_METRICS 412,16,12288,3.8688,0.0080,0.0074,3.8189,0.0222,0.0122,16,12288,196608,0,51482.6211,0.0000,0.0000,0,0.0000,0.0000,0,0.0000,0,0.0000,0.0000,0,0.0000,0.0000,0,0,0,0,0,0,0,0,0,0,0,0,0,0,0,0,0,0,0,0,0,0,0,0,0
WG_METRICS 413,16,12288,3.8728,0.0080,0.0072,3.8220,0.0217,0.0138,16,12288,196608,0,51441.6680,0.0000,0.0000,0,0.0000,0.0000,0,0.0000,0,0.0000,0.0000,0,0.0000,0.0000,0,0,0,0,0,0,0,0,0,0,0,0,0,0,0,0,0,0,0,0,0,0,0,0,0
WG_METRICS 414,16,12288,3.8578,0.0080,0.0073,3.8056,0.0225,0.0144,16,12288,196608,0,51663.3555,0.0000,0.0000,0,0.0000,0.0000,0,0.0000,0,0.0000,0.0000,0,0.0000,0.0000,0,0,0,0,0,0,0,0,0,0,0,0,0,0,0,0,0,0,0,0,0,0,0,0,0
WG_METRICS 415,16,12288,3.8225,0.0082,0.0073,3.7716,0.0232,0.0122,16,12288,196608,0,52128.5391,0.0000,0.0000,0,0.0000,0.0000,0,0.0000,0,0.0000,0.0000,0,0.0000,0.0000,0,0,0,0,0,0,0,0,0,0,0,0,0,0,0,0,0,0,0,0,0,0,0,0,0
WG_METRICS 416,16,12288,3.8228,0.0080,0.0074,3.7732,0.0222,0.0120,16,12288,196608,0,52106.4336,0.0000,0.0000,0,0.0000,0.0000,0,0.0000,0,0.0000,0.0000,0,0.0000,0.0000,0,0,0,0,0,0,0,0,0,0,0,0,0,0,0,0,0,0,0,0,0,0,0,0,0
WG_METRICS 417,16,12288,3.7646,0.0080,0.0073,3.7241,0.0132,0.0120,16,12288,196608,0,52793.7070,0.0000,0.0000,0,0.0000,0.0000,0,0.0000,0,0.0000,0.0000,0,0.0000,0.0000,0,0,0,0,0,0,0,0,0,0,0,0,0,0,0,0,0,0,0,0,0,0,0,0,0
WG_METRICS 418,16,12288,3.8444,0.0081,0.0073,3.7932,0.0220,0.0138,16,12288,196608,0,51831.6992,0.0000,0.0000,0,0.0000,0.0000,0,0.0000,0,0.0000,0.0000,0,0.0000,0.0000,0,0,0,0,0,0,0,0,0,0,0,0,0,0,0,0,0,0,0,0,0,0,0,0,0
WG_METRICS 419,16,12288,3.7891,0.0080,0.0073,3.7489,0.0131,0.0118,16,12288,196608,0,52444.4648,0.0000,0.0000,0,0.0000,0.0000,0,0.0000,0,0.0000,0.0000,0,0.0000,0.0000,0,0,0,0,0,0,0,0,0,0,0,0,0,0,0,0,0,0,0,0,0,0,0,0,0
WG_METRICS 420,16,12288,3.8272,0.0081,0.0073,3.7770,0.0225,0.0123,16,12288,196608,0,52054.0117,0.0000,0.0000,0,0.0000,0.0000,0,0.0000,0,0.0000,0.0000,0,0.0000,0.0000,0,0,0,0,0,0,0,0,0,0,0,0,0,0,0,0,0,0,0,0,0,0,0,0,0
WG_METRICS 421,16,12288,3.7704,0.0081,0.0073,3.7231,0.0138,0.0182,16,12288,196608,0,52807.3242,0.0000,0.0000,0,0.0000,0.0000,0,0.0000,0,0.0000,0.0000,0,0.0000,0.0000,0,0,0,0,0,0,0,0,0,0,0,0,0,0,0,0,0,0,0,0,0,0,0,0,0
WG_METRICS 422,16,12288,3.8216,0.0080,0.0073,3.7838,0.0102,0.0122,16,12288,196608,0,51959.9141,0.0000,0.0000,0,0.0000,0.0000,0,0.0000,0,0.0000,0.0000,0,0.0000,0.0000,0,0,0,0,0,0,0,0,0,0,0,0,0,0,0,0,0,0,0,0,0,0,0,0,0
WG_METRICS 423,16,12288,3.8812,0.0080,0.0074,3.8305,0.0228,0.0124,16,12288,196608,0,51326.7148,0.0000,0.0000,0,0.0000,0.0000,0,0.0000,0,0.0000,0.0000,0,0.0000,0.0000,0,0,0,0,0,0,0,0,0,0,0,0,0,0,0,0,0,0,0,0,0,0,0,0,0
WG_METRICS 424,16,12288,3.8618,0.0079,0.0075,3.8099,0.0204,0.0161,16,12288,196608,0,51604.7734,0.0000,0.0000,0,0.0000,0.0000,0,0.0000,0,0.0000,0.0000,0,0.0000,0.0000,0,0,0,0,0,0,0,0,0,0,0,0,0,0,0,0,0,0,0,0,0,0,0,0,0
WG_METRICS 425,16,12288,3.7815,0.0080,0.0142,3.7317,0.0137,0.0139,16,12288,196608,0,52685.6250,0.0000,0.0000,0,0.0000,0.0000,0,0.0000,0,0.0000,0.0000,0,0.0000,0.0000,0,0,0,0,0,0,0,0,0,0,0,0,0,0,0,0,0,0,0,0,0,0,0,0,0
WG_METRICS 426,16,12288,3.8306,0.0081,0.0072,3.7801,0.0232,0.0120,16,12288,196608,0,52011.5977,0.0000,0.0000,0,0.0000,0.0000,0,0.0000,0,0.0000,0.0000,0,0.0000,0.0000,0,0,0,0,0,0,0,0,0,0,0,0,0,0,0,0,0,0,0,0,0,0,0,0,0
WG_METRICS 427,16,12288,3.8483,0.0080,0.0074,3.7971,0.0225,0.0133,16,12288,196608,0,51778.1875,0.0000,0.0000,0,0.0000,0.0000,0,0.0000,0,0.0000,0.0000,0,0.0000,0.0000,0,0,0,0,0,0,0,0,0,0,0,0,0,0,0,0,0,0,0,0,0,0,0,0,0
WG_METRICS 428,16,12288,3.8409,0.0080,0.0074,3.7917,0.0216,0.0122,16,12288,196608,0,51851.9297,0.0000,0.0000,0,0.0000,0.0000,0,0.0000,0,0.0000,0.0000,0,0.0000,0.0000,0,0,0,0,0,0,0,0,0,0,0,0,0,0,0,0,0,0,0,0,0,0,0,0,0
WG_METRICS 429,16,12288,3.8409,0.0080,0.0073,3.7908,0.0226,0.0121,16,12288,196608,0,51863.9688,0.0000,0.0000,0,0.0000,0.0000,0,0.0000,0,0.0000,0.0000,0,0.0000,0.0000,0,0,0,0,0,0,0,0,0,0,0,0,0,0,0,0,0,0,0,0,0,0,0,0,0
WG_METRICS 430,16,12288,3.8037,0.0080,0.0074,3.7614,0.0135,0.0133,16,12288,196608,0,52269.3438,0.0000,0.0000,0,0.0000,0.0000,0,0.0000,0,0.0000,0.0000,0,0.0000,0.0000,0,0,0,0,0,0,0,0,0,0,0,0,0,0,0,0,0,0,0,0,0,0,0,0,0
WG_METRICS 431,16,12288,3.8124,0.0080,0.0073,3.7624,0.0224,0.0122,16,12288,196608,0,52256.5625,0.0000,0.0000,0,0.0000,0.0000,0,0.0000,0,0.0000,0.0000,0,0.0000,0.0000,0,0,0,0,0,0,0,0,0,0,0,0,0,0,0,0,0,0,0,0,0,0,0,0,0
WG_METRICS 432,16,12288,3.8226,0.0080,0.0074,3.7816,0.0092,0.0164,16,12288,196608,0,51991.2422,0.0000,0.0000,0,0.0000,0.0000,0,0.0000,0,0.0000,0.0000,0,0.0000,0.0000,0,0,0,0,0,0,0,0,0,0,0,0,0,0,0,0,0,0,0,0,0,0,0,0,0
WG_METRICS 433,16,12288,3.7781,0.0080,0.0074,3.7324,0.0184,0.0120,16,12288,196608,0,52676.0273,0.0000,0.0000,0,0.0000,0.0000,0,0.0000,0,0.0000,0.0000,0,0.0000,0.0000,0,0,0,0,0,0,0,0,0,0,0,0,0,0,0,0,0,0,0,0,0,0,0,0,0
WG_METRICS 434,16,12288,3.7588,0.0080,0.0074,3.7181,0.0135,0.0119,16,12288,196608,0,52878.3359,0.0000,0.0000,0,0.0000,0.0000,0,0.0000,0,0.0000,0.0000,0,0.0000,0.0000,0,0,0,0,0,0,0,0,0,0,0,0,0,0,0,0,0,0,0,0,0,0,0,0,0
WG_METRICS 435,16,12288,3.7947,0.0081,0.0072,3.7534,0.0140,0.0119,16,12288,196608,0,52380.7500,0.0000,0.0000,0,0.0000,0.0000,0,0.0000,0,0.0000,0.0000,0,0.0000,0.0000,0,0,0,0,0,0,0,0,0,0,0,0,0,0,0,0,0,0,0,0,0,0,0,0,0
WG_METRICS 436,16,12288,3.8160,0.0080,0.0073,3.7696,0.0141,0.0170,16,12288,196608,0,52155.6445,0.0000,0.0000,0,0.0000,0.0000,0,0.0000,0,0.0000,0.0000,0,0.0000,0.0000,0,0,0,0,0,0,0,0,0,0,0,0,0,0,0,0,0,0,0,0,0,0,0,0,0
WG_METRICS 437,16,12288,3.8248,0.0080,0.0075,3.7742,0.0223,0.0129,16,12288,196608,0,52092.6289,0.0000,0.0000,0,0.0000,0.0000,0,0.0000,0,0.0000,0.0000,0,0.0000,0.0000,0,0,0,0,0,0,0,0,0,0,0,0,0,0,0,0,0,0,0,0,0,0,0,0,0
WG_METRICS 438,16,12288,3.8076,0.0080,0.0074,3.7575,0.0224,0.0123,16,12288,196608,0,52323.8750,0.0000,0.0000,0,0.0000,0.0000,0,0.0000,0,0.0000,0.0000,0,0.0000,0.0000,0,0,0,0,0,0,0,0,0,0,0,0,0,0,0,0,0,0,0,0,0,0,0,0,0
WG_METRICS 439,16,12288,3.8429,0.0080,0.0074,3.8006,0.0130,0.0139,16,12288,196608,0,51731.3242,0.0000,0.0000,0,0.0000,0.0000,0,0.0000,0,0.0000,0.0000,0,0.0000,0.0000,0,0,0,0,0,0,0,0,0,0,0,0,0,0,0,0,0,0,0,0,0,0,0,0,0
WG_METRICS 440,16,12288,3.8645,0.0080,0.0073,3.8239,0.0133,0.0120,16,12288,196608,0,51415.3008,0.0000,0.0000,0,0.0000,0.0000,0,0.0000,0,0.0000,0.0000,0,0.0000,0.0000,0,0,0,0,0,0,0,0,0,0,0,0,0,0,0,0,0,0,0,0,0,0,0,0,0
WG_METRICS 441,16,12288,3.8271,0.0080,0.0074,3.7764,0.0194,0.0159,16,12288,196608,0,52062.2812,0.0000,0.0000,0,0.0000,0.0000,0,0.0000,0,0.0000,0.0000,0,0.0000,0.0000,0,0,0,0,0,0,0,0,0,0,0,0,0,0,0,0,0,0,0,0,0,0,0,0,0
WG_METRICS 442,16,12288,3.8775,0.0080,0.0072,3.8277,0.0226,0.0120,16,12288,196608,0,51364.7930,0.0000,0.0000,0,0.0000,0.0000,0,0.0000,0,0.0000,0.0000,0,0.0000,0.0000,0,0,0,0,0,0,0,0,0,0,0,0,0,0,0,0,0,0,0,0,0,0,0,0,0
WG_METRICS 443,16,12288,3.8518,0.0081,0.0072,3.8018,0.0227,0.0119,16,12288,196608,0,51713.9062,0.0000,0.0000,0,0.0000,0.0000,0,0.0000,0,0.0000,0.0000,0,0.0000,0.0000,0,0,0,0,0,0,0,0,0,0,0,0,0,0,0,0,0,0,0,0,0,0,0,0,0
WG_METRICS 444,16,12288,3.8570,0.0080,0.0074,3.8063,0.0229,0.0123,16,12288,196608,0,51653.0391,0.0000,0.0000,0,0.0000,0.0000,0,0.0000,0,0.0000,0.0000,0,0.0000,0.0000,0,0,0,0,0,0,0,0,0,0,0,0,0,0,0,0,0,0,0,0,0,0,0,0,0
WG_METRICS 445,16,12288,3.8381,0.0080,0.0074,3.7965,0.0138,0.0125,16,12288,196608,0,51786.9180,0.0000,0.0000,0,0.0000,0.0000,0,0.0000,0,0.0000,0.0000,0,0.0000,0.0000,0,0,0,0,0,0,0,0,0,0,0,0,0,0,0,0,0,0,0,0,0,0,0,0,0
WG_METRICS 446,16,12288,3.8372,0.0081,0.0073,3.7876,0.0220,0.0123,16,12288,196608,0,51908.8789,0.0000,0.0000,0,0.0000,0.0000,0,0.0000,0,0.0000,0.0000,0,0.0000,0.0000,0,0,0,0,0,0,0,0,0,0,0,0,0,0,0,0,0,0,0,0,0,0,0,0,0
WG_METRICS 447,16,12288,3.7468,0.0080,0.0074,3.6969,0.0223,0.0122,16,12288,196608,0,53181.5703,0.0000,0.0000,0,0.0000,0.0000,0,0.0000,0,0.0000,0.0000,0,0.0000,0.0000,0,0,0,0,0,0,0,0,0,0,0,0,0,0,0,0,0,0,0,0,0,0,0,0,0
WG_METRICS 448,16,12288,3.8178,0.0081,0.0073,3.7689,0.0216,0.0120,16,12288,196608,0,52166.1641,0.0000,0.0000,0,0.0000,0.0000,0,0.0000,0,0.0000,0.0000,0,0.0000,0.0000,0,0,0,0,0,0,0,0,0,0,0,0,0,0,0,0,0,0,0,0,0,0,0,0,0
WG_METRICS 449,16,12288,3.7886,0.0080,0.0074,3.7384,0.0228,0.0120,16,12288,196608,0,52591.4844,0.0000,0.0000,0,0.0000,0.0000,0,0.0000,0,0.0000,0.0000,0,0.0000,0.0000,0,0,0,0,0,0,0,0,0,0,0,0,0,0,0,0,0,0,0,0,0,0,0,0,0
WG_METRICS 450,16,12288,3.8059,0.0080,0.0074,3.7616,0.0141,0.0148,16,12288,196608,0,52267.6758,0.0000,0.0000,0,0.0000,0.0000,0,0.0000,0,0.0000,0.0000,0,0.0000,0.0000,0,0,0,0,0,0,0,0,0,0,0,0,0,0,0,0,0,0,0,0,0,0,0,0,0
WG_METRICS 451,16,12288,3.9124,0.0080,0.0074,3.8720,0.0133,0.0118,16,12288,196608,0,50776.8594,0.0000,0.0000,0,0.0000,0.0000,0,0.0000,0,0.0000,0.0000,0,0.0000,0.0000,0,0,0,0,0,0,0,0,0,0,0,0,0,0,0,0,0,0,0,0,0,0,0,0,0
WG_METRICS 452,16,12288,3.7846,0.0081,0.0073,3.7474,0.0096,0.0122,16,12288,196608,0,52465.1758,0.0000,0.0000,0,0.0000,0.0000,0,0.0000,0,0.0000,0.0000,0,0.0000,0.0000,0,0,0,0,0,0,0,0,0,0,0,0,0,0,0,0,0,0,0,0,0,0,0,0,0
WG_METRICS 453,16,12288,3.7956,0.0080,0.0074,3.7534,0.0146,0.0122,16,12288,196608,0,52380.7500,0.0000,0.0000,0,0.0000,0.0000,0,0.0000,0,0.0000,0.0000,0,0.0000,0.0000,0,0,0,0,0,0,0,0,0,0,0,0,0,0,0,0,0,0,0,0,0,0,0,0,0
WG_METRICS 454,16,12288,3.8320,0.0075,0.0068,3.7841,0.0221,0.0115,16,12288,196608,0,51956.0664,0.0000,0.0000,0,0.0000,0.0000,0,0.0000,0,0.0000,0.0000,0,0.0000,0.0000,0,0,0,0,0,0,0,0,0,0,0,0,0,0,0,0,0,0,0,0,0,0,0,0,0
WG_METRICS 455,16,12288,3.8086,0.0075,0.0068,3.7698,0.0136,0.0109,16,12288,196608,0,52152.8750,0.0000,0.0000,0,0.0000,0.0000,0,0.0000,0,0.0000,0.0000,0,0.0000,0.0000,0,0,0,0,0,0,0,0,0,0,0,0,0,0,0,0,0,0,0,0,0,0,0,0,0
WG_METRICS 456,16,12288,3.7717,0.0074,0.0068,3.7292,0.0174,0.0109,16,12288,196608,0,52721.7930,0.0000,0.0000,0,0.0000,0.0000,0,0.0000,0,0.0000,0.0000,0,0.0000,0.0000,0,0,0,0,0,0,0,0,0,0,0,0,0,0,0,0,0,0,0,0,0,0,0,0,0
WG_METRICS 457,16,12288,3.8498,0.0074,0.0067,3.8031,0.0216,0.0109,16,12288,196608,0,51697.0430,0.0000,0.0000,0,0.0000,0.0000,0,0.0000,0,0.0000,0.0000,0,0.0000,0.0000,0,0,0,0,0,0,0,0,0,0,0,0,0,0,0,0,0,0,0,0,0,0,0,0,0
WG_METRICS 458,16,12288,3.8319,0.0074,0.0068,3.7850,0.0218,0.0109,16,12288,196608,0,51944.5391,0.0000,0.0000,0,0.0000,0.0000,0,0.0000,0,0.0000,0.0000,0,0.0000,0.0000,0,0,0,0,0,0,0,0,0,0,0,0,0,0,0,0,0,0,0,0,0,0,0,0,0
WG_METRICS 459,16,12288,3.8089,0.0075,0.0068,3.7708,0.0129,0.0109,16,12288,196608,0,52139.5977,0.0000,0.0000,0,0.0000,0.0000,0,0.0000,0,0.0000,0.0000,0,0.0000,0.0000,0,0,0,0,0,0,0,0,0,0,0,0,0,0,0,0,0,0,0,0,0,0,0,0,0
WG_METRICS 460,16,12288,3.7980,0.0075,0.0068,3.7591,0.0136,0.0110,16,12288,196608,0,52301.6016,0.0000,0.0000,0,0.0000,0.0000,0,0.0000,0,0.0000,0.0000,0,0.0000,0.0000,0,0,0,0,0,0,0,0,0,0,0,0,0,0,0,0,0,0,0,0,0,0,0,0,0
WG_METRICS 461,16,12288,3.7901,0.0075,0.0065,3.7515,0.0136,0.0109,16,12288,196608,0,52407.5586,0.0000,0.0000,0,0.0000,0.0000,0,0.0000,0,0.0000,0.0000,0,0.0000,0.0000,0,0,0,0,0,0,0,0,0,0,0,0,0,0,0,0,0,0,0,0,0,0,0,0,0
WG_METRICS 462,16,12288,3.8443,0.0074,0.0068,3.7976,0.0216,0.0109,16,12288,196608,0,51771.0977,0.0000,0.0000,0,0.0000,0.0000,0,0.0000,0,0.0000,0.0000,0,0.0000,0.0000,0,0,0,0,0,0,0,0,0,0,0,0,0,0,0,0,0,0,0,0,0,0,0,0,0
WG_METRICS 463,16,12288,3.7974,0.0075,0.0067,3.7508,0.0215,0.0109,16,12288,196608,0,52417.0586,0.0000,0.0000,0,0.0000,0.0000,0,0.0000,0,0.0000,0.0000,0,0.0000,0.0000,0,0,0,0,0,0,0,0,0,0,0,0,0,0,0,0,0,0,0,0,0,0,0,0,0
WG_METRICS 464,16,12288,3.8470,0.0075,0.0067,3.8089,0.0130,0.0109,16,12288,196608,0,51617.7812,0.0000,0.0000,0,0.0000,0.0000,0,0.0000,0,0.0000,0.0000,0,0.0000,0.0000,0,0,0,0,0,0,0,0,0,0,0,0,0,0,0,0,0,0,0,0,0,0,0,0,0
WG_METRICS 465,16,12288,3.7880,0.0075,0.0068,3.7492,0.0137,0.0109,16,12288,196608,0,52440.5469,0.0000,0.0000,0,0.0000,0.0000,0,0.0000,0,0.0000,0.0000,0,0.0000,0.0000,0,0,0,0,0,0,0,0,0,0,0,0,0,0,0,0,0,0,0,0,0,0,0,0,0
WG_METRICS 466,16,12288,3.7770,0.0075,0.0062,3.7434,0.0088,0.0110,16,12288,196608,0,52521.2344,0.0000,0.0000,0,0.0000,0.0000,0,0.0000,0,0.0000,0.0000,0,0.0000,0.0000,0,0,0,0,0,0,0,0,0,0,0,0,0,0,0,0,0,0,0,0,0,0,0,0,0
WG_METRICS 467,16,12288,3.8447,0.0076,0.0067,3.7971,0.0220,0.0113,16,12288,196608,0,51778.1875,0.0000,0.0000,0,0.0000,0.0000,0,0.0000,0,0.0000,0.0000,0,0.0000,0.0000,0,0,0,0,0,0,0,0,0,0,0,0,0,0,0,0,0,0,0,0,0,0,0,0,0
WG_METRICS 468,16,12288,3.8448,0.0075,0.0067,3.8064,0.0132,0.0109,16,12288,196608,0,51651.9531,0.0000,0.0000,0,0.0000,0.0000,0,0.0000,0,0.0000,0.0000,0,0.0000,0.0000,0,0,0,0,0,0,0,0,0,0,0,0,0,0,0,0,0,0,0,0,0,0,0,0,0
WG_METRICS 469,16,12288,3.8216,0.0075,0.0068,3.7835,0.0129,0.0109,16,12288,196608,0,51964.8594,0.0000,0.0000,0,0.0000,0.0000,0,0.0000,0,0.0000,0.0000,0,0.0000,0.0000,0,0,0,0,0,0,0,0,0,0,0,0,0,0,0,0,0,0,0,0,0,0,0,0,0
WG_METRICS 470,16,12288,3.7714,0.0074,0.0068,3.7331,0.0130,0.0111,16,12288,196608,0,52666.4336,0.0000,0.0000,0,0.0000,0.0000,0,0.0000,0,0.0000,0.0000,0,0.0000,0.0000,0,0,0,0,0,0,0,0,0,0,0,0,0,0,0,0,0,0,0,0,0,0,0,0,0
WG_METRICS 471,16,12288,3.8182,0.0096,0.0068,3.7686,0.0224,0.0109,16,12288,196608,0,52169.4805,0.0000,0.0000,0,0.0000,0.0000,0,0.0000,0,0.0000,0.0000,0,0.0000,0.0000,0,0,0,0,0,0,0,0,0,0,0,0,0,0,0,0,0,0,0,0,0,0,0,0,0
WG_METRICS 472,16,12288,3.8480,0.0075,0.0068,3.8000,0.0221,0.0116,16,12288,196608,0,51738.9492,0.0000,0.0000,0,0.0000,0.0000,0,0.0000,0,0.0000,0.0000,0,0.0000,0.0000,0,0,0,0,0,0,0,0,0,0,0,0,0,0,0,0,0,0,0,0,0,0,0,0,0
WG_METRICS 473,16,12288,3.7718,0.0075,0.0067,3.7248,0.0219,0.0109,16,12288,196608,0,52784.0703,0.0000,0.0000,0,0.0000,0.0000,0,0.0000,0,0.0000,0.0000,0,0.0000,0.0000,0,0,0,0,0,0,0,0,0,0,0,0,0,0,0,0,0,0,0,0,0,0,0,0,0
WG_METRICS 474,16,12288,3.8251,0.0074,0.0068,3.7872,0.0128,0.0109,16,12288,196608,0,51914.3633,0.0000,0.0000,0,0.0000,0.0000,0,0.0000,0,0.0000,0.0000,0,0.0000,0.0000,0,0,0,0,0,0,0,0,0,0,0,0,0,0,0,0,0,0,0,0,0,0,0,0,0
WG_METRICS 475,16,12288,3.8150,0.0075,0.0068,3.7676,0.0222,0.0108,16,12288,196608,0,52183.3281,0.0000,0.0000,0,0.0000,0.0000,0,0.0000,0,0.0000,0.0000,0,0.0000,0.0000,0,0,0,0,0,0,0,0,0,0,0,0,0,0,0,0,0,0,0,0,0,0,0,0,0
WG_METRICS 476,16,12288,3.8449,0.0074,0.0068,3.8057,0.0133,0.0117,16,12288,196608,0,51661.1836,0.0000,0.0000,0,0.0000,0.0000,0,0.0000,0,0.0000,0.0000,0,0.0000,0.0000,0,0,0,0,0,0,0,0,0,0,0,0,0,0,0,0,0,0,0,0,0,0,0,0,0
WG_METRICS 477,16,12288,3.8304,0.0075,0.0067,3.7825,0.0222,0.0116,16,12288,196608,0,51978.5977,0.0000,0.0000,0,0.0000,0.0000,0,0.0000,0,0.0000,0.0000,0,0.0000,0.0000,0,0,0,0,0,0,0,0,0,0,0,0,0,0,0,0,0,0,0,0,0,0,0,0,0
WG_METRICS 478,16,12288,3.8663,0.0074,0.0068,3.8282,0.0129,0.0109,16,12288,196608,0,51357.2812,0.0000,0.0000,0,0.0000,0.0000,0,0.0000,0,0.0000,0.0000,0,0.0000,0.0000,0,0,0,0,0,0,0,0,0,0,0,0,0,0,0,0,0,0,0,0,0,0,0,0,0
WG_METRICS 479,16,12288,3.8325,0.0074,0.0066,3.7856,0.0221,0.0109,16,12288,196608,0,51936.3086,0.0000,0.0000,0,0.0000,0.0000,0,0.0000,0,0.0000,0.0000,0,0.0000,0.0000,0,0,0,0,0,0,0,0,0,0,0,0,0,0,0,0,0,0,0,0,0,0,0,0,0
WG_METRICS 480,16,12288,3.8225,0.0072,0.0066,3.7754,0.0218,0.0114,16,12288,196608,0,52076.0742,0.0000,0.0000,0,0.0000,0.0000,0,0.0000,0,0.0000,0.0000,0,0.0000,0.0000,0,0,0,0,0,0,0,0,0,0,0,0,0,0,0,0,0,0,0,0,0,0,0,0,0
WG_METRICS 481,16,12288,3.7637,0.0074,0.0066,3.7174,0.0214,0.0109,16,12288,196608,0,52888.0117,0.0000,0.0000,0,0.0000,0.0000,0,0.0000,0,0.0000,0.0000,0,0.0000,0.0000,0,0,0,0,0,0,0,0,0,0,0,0,0,0,0,0,0,0,0,0,0,0,0,0,0
WG_METRICS 482,16,12288,3.8582,0.0075,0.0067,3.8114,0.0215,0.0110,16,12288,196608,0,51583.6523,0.0000,0.0000,0,0.0000,0.0000,0,0.0000,0,0.0000,0.0000,0,0.0000,0.0000,0,0,0,0,0,0,0,0,0,0,0,0,0,0,0,0,0,0,0,0,0,0,0,0,0
WG_METRICS 483,16,12288,3.8415,0.0075,0.0066,3.7956,0.0209,0.0109,16,12288,196608,0,51798.9258,0.0000,0.0000,0,0.0000,0.0000,0,0.0000,0,0.0000,0.0000,0,0.0000,0.0000,0,0,0,0,0,0,0,0,0,0,0,0,0,0,0,0,0,0,0,0,0,0,0,0,0
WG_METRICS 484,16,12288,3.8126,0.0075,0.0067,3.7657,0.0218,0.0109,16,12288,196608,0,52209.9375,0.0000,0.0000,0,0.0000,0.0000,0,0.0000,0,0.0000,0.0000,0,0.0000,0.0000,0,0,0,0,0,0,0,0,0,0,0,0,0,0,0,0,0,0,0,0,0,0,0,0,0
WG_METRICS 485,16,12288,3.8059,0.0074,0.0068,3.7592,0.0214,0.0110,16,12288,196608,0,52299.9336,0.0000,0.0000,0,0.0000,0.0000,0,0.0000,0,0.0000,0.0000,0,0.0000,0.0000,0,0,0,0,0,0,0,0,0,0,0,0,0,0,0,0,0,0,0,0,0,0,0,0,0
WG_METRICS 486,16,12288,3.8514,0.0080,0.0073,3.8020,0.0218,0.0123,16,12288,196608,0,51711.7305,0.0000,0.0000,0,0.0000,0.0000,0,0.0000,0,0.0000,0.0000,0,0.0000,0.0000,0,0,0,0,0,0,0,0,0,0,0,0,0,0,0,0,0,0,0,0,0,0,0,0,0
WG_METRICS 487,16,12288,3.8155,0.0080,0.0074,3.7649,0.0226,0.0126,16,12288,196608,0,52221.5859,0.0000,0.0000,0,0.0000,0.0000,0,0.0000,0,0.0000,0.0000,0,0.0000,0.0000,0,0,0,0,0,0,0,0,0,0,0,0,0,0,0,0,0,0,0,0,0,0,0,0,0
WG_METRICS 488,16,12288,3.8327,0.0081,0.0073,3.7912,0.0127,0.0133,16,12288,196608,0,51858.4961,0.0000,0.0000,0,0.0000,0.0000,0,0.0000,0,0.0000,0.0000,0,0.0000,0.0000,0,0,0,0,0,0,0,0,0,0,0,0,0,0,0,0,0,0,0,0,0,0,0,0,0
WG_METRICS 489,16,12288,3.8439,0.0081,0.0073,3.8032,0.0134,0.0120,16,12288,196608,0,51695.9570,0.0000,0.0000,0,0.0000,0.0000,0,0.0000,0,0.0000,0.0000,0,0.0000,0.0000,0,0,0,0,0,0,0,0,0,0,0,0,0,0,0,0,0,0,0,0,0,0,0,0,0
WG_METRICS 490,16,12288,3.7866,0.0080,0.0074,3.7454,0.0096,0.0163,16,12288,196608,0,52493.1914,0.0000,0.0000,0,0.0000,0.0000,0,0.0000,0,0.0000,0.0000,0,0.0000,0.0000,0,0,0,0,0,0,0,0,0,0,0,0,0,0,0,0,0,0,0,0,0,0,0,0,0
WG_METRICS 491,16,12288,3.7922,0.0080,0.0074,3.7409,0.0239,0.0120,16,12288,196608,0,52556.0547,0.0000,0.0000,0,0.0000,0.0000,0,0.0000,0,0.0000,0.0000,0,0.0000,0.0000,0,0,0,0,0,0,0,0,0,0,0,0,0,0,0,0,0,0,0,0,0,0,0,0,0
WG_METRICS 492,16,12288,3.8249,0.0080,0.0074,3.7756,0.0217,0.0122,16,12288,196608,0,52073.3125,0.0000,0.0000,0,0.0000,0.0000,0,0.0000,0,0.0000,0.0000,0,0.0000,0.0000,0,0,0,0,0,0,0,0,0,0,0,0,0,0,0,0,0,0,0,0,0,0,0,0,0
WG_METRICS 493,16,12288,3.8444,0.0080,0.0074,3.8028,0.0138,0.0124,16,12288,196608,0,51700.3086,0.0000,0.0000,0,0.0000,0.0000,0,0.0000,0,0.0000,0.0000,0,0.0000,0.0000,0,0,0,0,0,0,0,0,0,0,0,0,0,0,0,0,0,0,0,0,0,0,0,0,0
WG_METRICS 494,16,12288,3.8334,0.0080,0.0074,3.7828,0.0224,0.0128,16,12288,196608,0,51973.6484,0.0000,0.0000,0,0.0000,0.0000,0,0.0000,0,0.0000,0.0000,0,0.0000,0.0000,0,0,0,0,0,0,0,0,0,0,0,0,0,0,0,0,0,0,0,0,0,0,0,0,0
WG_METRICS 495,16,12288,3.8849,0.0080,0.0074,3.8355,0.0224,0.0115,16,12288,196608,0,51259.8008,0.0000,0.0000,0,0.0000,0.0000,0,0.0000,0,0.0000,0.0000,0,0.0000,0.0000,0,0,0,0,0,0,0,0,0,0,0,0,0,0,0,0,0,0,0,0,0,0,0,0,0
WG_METRICS 496,16,12288,3.8186,0.0081,0.0073,3.7686,0.0226,0.0120,16,12288,196608,0,52169.4805,0.0000,0.0000,0,0.0000,0.0000,0,0.0000,0,0.0000,0.0000,0,0.0000,0.0000,0,0,0,0,0,0,0,0,0,0,0,0,0,0,0,0,0,0,0,0,0,0,0,0,0
WG_METRICS 497,16,12288,3.8328,0.0080,0.0074,3.7823,0.0218,0.0134,16,12288,196608,0,51980.7930,0.0000,0.0000,0,0.0000,0.0000,0,0.0000,0,0.0000,0.0000,0,0.0000,0.0000,0,0,0,0,0,0,0,0,0,0,0,0,0,0,0,0,0,0,0,0,0,0,0,0,0
WG_METRICS 498,16,12288,3.8377,0.0080,0.0074,3.7968,0.0135,0.0120,16,12288,196608,0,51783.0977,0.0000,0.0000,0,0.0000,0.0000,0,0.0000,0,0.0000,0.0000,0,0.0000,0.0000,0,0,0,0,0,0,0,0,0,0,0,0,0,0,0,0,0,0,0,0,0,0,0,0,0
WG_METRICS 499,16,12288,3.8337,0.0082,0.0072,3.7837,0.0224,0.0122,16,12288,196608,0,51961.5625,0.0000,0.0000,0,0.0000,0.0000,0,0.0000,0,0.0000,0.0000,0,0.0000,0.0000,0,0,0,0,0,0,0,0,0,0,0,0,0,0,0,0,0,0,0,0,0,0,0,0,0
WG_METRICS 500,16,12288,3.7928,0.0080,0.0074,3.7509,0.0135,0.0131,16,12288,196608,0,52415.9414,0.0000,0.0000,0,0.0000,0.0000,0,0.0000,0,0.0000,0.0000,0,0.0000,0.0000,0,0,0,0,0,0,0,0,0,0,0,0,0,0,0,0,0,0,0,0,0,0,0,0,0
WG_METRICS 501,16,12288,3.8364,0.0080,0.0074,3.7886,0.0150,0.0173,16,12288,196608,0,51894.0820,0.0000,0.0000,0,0.0000,0.0000,0,0.0000,0,0.0000,0.0000,0,0.0000,0.0000,0,0,0,0,0,0,0,0,0,0,0,0,0,0,0,0,0,0,0,0,0,0,0,0,0
WG_METRICS 502,16,12288,3.8870,0.0080,0.0148,3.8380,0.0139,0.0123,16,12288,196608,0,51226.1445,0.0000,0.0000,0,0.0000,0.0000,0,0.0000,0,0.0000,0.0000,0,0.0000,0.0000,0,0,0,0,0,0,0,0,0,0,0,0,0,0,0,0,0,0,0,0,0,0,0,0,0
WG_METRICS 503,16,12288,3.8531,0.0080,0.0074,3.8090,0.0132,0.0155,16,12288,196608,0,51616.1562,0.0000,0.0000,0,0.0000,0.0000,0,0.0000,0,0.0000,0.0000,0,0.0000,0.0000,0,0,0,0,0,0,0,0,0,0,0,0,0,0,0,0,0,0,0,0,0,0,0,0,0
WG_METRICS 504,16,12288,3.8850,0.0080,0.0099,3.8324,0.0227,0.0120,16,12288,196608,0,51302.0703,0.0000,0.0000,0,0.0000,0.0000,0,0.0000,0,0.0000,0.0000,0,0.0000,0.0000,0,0,0,0,0,0,0,0,0,0,0,0,0,0,0,0,0,0,0,0,0,0,0,0,0
WG_METRICS 505,16,12288,3.8411,0.0080,0.0073,3.7865,0.0228,0.0164,16,12288,196608,0,51923.6875,0.0000,0.0000,0,0.0000,0.0000,0,0.0000,0,0.0000,0.0000,0,0.0000,0.0000,0,0,0,0,0,0,0,0,0,0,0,0,0,0,0,0,0,0,0,0,0,0,0,0,0
WG_METRICS 506,16,12288,3.8753,0.0080,0.0074,3.8250,0.0224,0.0125,16,12288,196608,0,51400.7852,0.0000,0.0000,0,0.0000,0.0000,0,0.0000,0,0.0000,0.0000,0,0.0000,0.0000,0,0,0,0,0,0,0,0,0,0,0,0,0,0,0,0,0,0,0,0,0,0,0,0,0
WG_METRICS 507,16,12288,3.7894,0.0080,0.0074,3.7472,0.0133,0.0134,16,12288,196608,0,52467.9766,0.0000,0.0000,0,0.0000,0.0000,0,0.0000,0,0.0000,0.0000,0,0.0000,0.0000,0,0,0,0,0,0,0,0,0,0,0,0,0,0,0,0,0,0,0,0,0,0,0,0,0
WG_METRICS 508,16,12288,3.8692,0.0080,0.0074,3.8189,0.0224,0.0126,16,12288,196608,0,51483.1562,0.0000,0.0000,0,0.0000,0.0000,0,0.0000,0,0.0000,0.0000,0,0.0000,0.0000,0,0,0,0,0,0,0,0,0,0,0,0,0,0,0,0,0,0,0,0,0,0,0,0,0
WG_METRICS 509,16,12288,3.8604,0.0081,0.0073,3.8194,0.0133,0.0123,16,12288,196608,0,51475.6094,0.0000,0.0000,0,0.0000,0.0000,0,0.0000,0,0.0000,0.0000,0,0.0000,0.0000,0,0,0,0,0,0,0,0,0,0,0,0,0,0,0,0,0,0,0,0,0,0,0,0,0
WG_METRICS 510,16,12288,3.8098,0.0081,0.0073,3.7732,0.0089,0.0122,16,12288,196608,0,52106.4336,0.0000,0.0000,0,0.0000,0.0000,0,0.0000,0,0.0000,0.0000,0,0.0000,0.0000,0,0,0,0,0,0,0,0,0,0,0,0,0,0,0,0,0,0,0,0,0,0,0,0,0
WG_METRICS 511,16,12288,3.8627,0.0081,0.0072,3.8121,0.0194,0.0158,16,12288,196608,0,51574.4531,0.0000,0.0000,0,0.0000,0.0000,0,0.0000,0,0.0000,0.0000,0,0.0000,0.0000,0,0,0,0,0,0,0,0,0,0,0,0,0,0,0,0,0,0,0,0,0,0,0,0,0
WG_METRICS 512,16,12288,3.8422,0.0080,0.0073,3.8058,0.0090,0.0121,16,12288,196608,0,51659.5547,0.0000,0.0000,0,0.0000,0.0000,0,0.0000,0,0.0000,0.0000,0,0.0000,0.0000,0,0,0,0,0,0,0,0,0,0,0,0,0,0,0,0,0,0,0,0,0,0,0,0,0
WG_METRICS 513,16,12288,3.7973,0.0081,0.0073,3.7565,0.0134,0.0120,16,12288,196608,0,52338.3594,0.0000,0.0000,0,0.0000,0.0000,0,0.0000,0,0.0000,0.0000,0,0.0000,0.0000,0,0,0,0,0,0,0,0,0,0,0,0,0,0,0,0,0,0,0,0,0,0,0,0,0
WG_METRICS 514,16,12288,3.8050,0.0080,0.0073,3.7543,0.0216,0.0138,16,12288,196608,0,52369.0273,0.0000,0.0000,0,0.0000,0.0000,0,0.0000,0,0.0000,0.0000,0,0.0000,0.0000,0,0,0,0,0,0,0,0,0,0,0,0,0,0,0,0,0,0,0,0,0,0,0,0,0
WG_METRICS 515,16,12288,3.8678,0.0080,0.0126,3.8107,0.0224,0.0142,16,12288,196608,0,51593.3984,0.0000,0.0000,0,0.0000,0.0000,0,0.0000,0,0.0000,0.0000,0,0.0000,0.0000,0,0,0,0,0,0,0,0,0,0,0,0,0,0,0,0,0,0,0,0,0,0,0,0,0
WG_METRICS 516,16,12288,3.8213,0.0080,0.0074,3.7789,0.0142,0.0128,16,12288,196608,0,52028.1172,0.0000,0.0000,0,0.0000,0.0000,0,0.0000,0,0.0000,0.0000,0,0.0000,0.0000,0,0,0,0,0,0,0,0,0,0,0,0,0,0,0,0,0,0,0,0,0,0,0,0,0
WG_METRICS 517,16,12288,3.8397,0.0081,0.0073,3.7979,0.0142,0.0123,16,12288,196608,0,51767.8281,0.0000,0.0000,0,0.0000,0.0000,0,0.0000,0,0.0000,0.0000,0,0.0000,0.0000,0,0,0,0,0,0,0,0,0,0,0,0,0,0,0,0,0,0,0,0,0,0,0,0,0
WG_METRICS 518,16,12288,3.8022,0.0080,0.0074,3.7607,0.0138,0.0123,16,12288,196608,0,52279.3516,0.0000,0.0000,0,0.0000,0.0000,0,0.0000,0,0.0000,0.0000,0,0.0000,0.0000,0,0,0,0,0,0,0,0,0,0,0,0,0,0,0,0,0,0,0,0,0,0,0,0,0
WG_METRICS 519,16,12288,3.8101,0.0081,0.0072,3.7742,0.0084,0.0121,16,12288,196608,0,52092.0781,0.0000,0.0000,0,0.0000,0.0000,0,0.0000,0,0.0000,0.0000,0,0.0000,0.0000,0,0,0,0,0,0,0,0,0,0,0,0,0,0,0,0,0,0,0,0,0,0,0,0,0
WG_METRICS 520,16,12288,3.8507,0.0081,0.0073,3.7950,0.0235,0.0168,16,12288,196608,0,51807.1133,0.0000,0.0000,0,0.0000,0.0000,0,0.0000,0,0.0000,0.0000,0,0.0000,0.0000,0,0,0,0,0,0,0,0,0,0,0,0,0,0,0,0,0,0,0,0,0,0,0,0,0
WG_METRICS 521,16,12288,3.8461,0.0080,0.0074,3.8047,0.0140,0.0120,16,12288,196608,0,51674.7617,0.0000,0.0000,0,0.0000,0.0000,0,0.0000,0,0.0000,0.0000,0,0.0000,0.0000,0,0,0,0,0,0,0,0,0,0,0,0,0,0,0,0,0,0,0,0,0,0,0,0,0
WG_METRICS 522,16,12288,3.8282,0.0080,0.0074,3.7775,0.0232,0.0121,16,12288,196608,0,52047.3984,0.0000,0.0000,0,0.0000,0.0000,0,0.0000,0,0.0000,0.0000,0,0.0000,0.0000,0,0,0,0,0,0,0,0,0,0,0,0,0,0,0,0,0,0,0,0,0,0,0,0,0
WG_METRICS 523,16,12288,3.8045,0.0081,0.0073,3.7639,0.0134,0.0118,16,12288,196608,0,52235.4570,0.0000,0.0000,0,0.0000,0.0000,0,0.0000,0,0.0000,0.0000,0,0.0000,0.0000,0,0,0,0,0,0,0,0,0,0,0,0,0,0,0,0,0,0,0,0,0,0,0,0,0
WG_METRICS 524,16,12288,3.8035,0.0081,0.0073,3.7540,0.0219,0.0122,16,12288,196608,0,52372.3789,0.0000,0.0000,0,0.0000,0.0000,0,0.0000,0,0.0000,0.0000,0,0.0000,0.0000,0,0,0,0,0,0,0,0,0,0,0,0,0,0,0,0,0,0,0,0,0,0,0,0,0
WG_METRICS 525,16,12288,3.8538,0.0080,0.0074,3.8036,0.0226,0.0122,16,12288,196608,0,51690.5195,0.0000,0.0000,0,0.0000,0.0000,0,0.0000,0,0.0000,0.0000,0,0.0000,0.0000,0,0,0,0,0,0,0,0,0,0,0,0,0,0,0,0,0,0,0,0,0,0,0,0,0
WG_METRICS 526,16,12288,3.7635,0.0080,0.0074,3.7122,0.0229,0.0130,16,12288,196608,0,52962.0938,0.0000,0.0000,0,0.0000,0.0000,0,0.0000,0,0.0000,0.0000,0,0.0000,0.0000,0,0,0,0,0,0,0,0,0,0,0,0,0,0,0,0,0,0,0,0,0,0,0,0,0
WG_METRICS 527,16,12288,3.7487,0.0080,0.0074,3.7083,0.0132,0.0118,16,12288,196608,0,53018.0781,0.0000,0.0000,0,0.0000,0.0000,0,0.0000,0,0.0000,0.0000,0,0.0000,0.0000,0,0,0,0,0,0,0,0,0,0,0,0,0,0,0,0,0,0,0,0,0,0,0,0,0
WG_METRICS 528,16,12288,3.8102,0.0075,0.0067,3.7717,0.0134,0.0109,16,12288,196608,0,52126.8828,0.0000,0.0000,0,0.0000,0.0000,0,0.0000,0,0.0000,0.0000,0,0.0000,0.0000,0,0,0,0,0,0,0,0,0,0,0,0,0,0,0,0,0,0,0,0,0,0,0,0,0
