WG_METRICS_HEADER frame,q1_shards,q1_shard_capacity,gpu_frame_ms,reset_ms,reset_barrier_ms,compute_ms,metrics_copy_ms,render_ms,q2_shards,q2_shard_capacity,edges,vertices,edges_per_ms,vertices_per_ms,q1_deq_attempt_mean,q1_deq_attempt_max,q1_deq_attempt_imbalance,q1_deq_cas_fail_mean,q1_deq_cas_fail_max,q1_deq_probe_mean,q1_deq_probe_max,q1_deq_probe_imbalance,q1_enq_attempt_mean,q1_enq_attempt_max,q1_enq_attempt_imbalance,q1_high_water_mean,q1_high_water_max,q1_enq_ok,q1_enq_cas_fail,q1_enq_full,q1_deq_ok,q1_deq_cas_fail,q1_deq_empty,q1_ready_cas_fail,q1_ready_max_spin,q1_high_water,q2_enq_ok,q2_enq_cas_fail,q2_enq_full,q2_deq_ok,q2_deq_cas_fail,q2_deq_empty,q2_ready_cas_fail,q2_ready_max_spin,q2_high_water,node_a_seed,node_b_tasks,node_b_subdivide,node_b_final,node_c_output,stop_writes
WG_METRICS 1,16,12288,5.1123,0.0104,0.0075,5.0414,0.0221,0.0309,16,12288,196608,393216,38998.3828,77996.7656,0.0000,0,0.0000,0.0000,0,0.0000,0,0.0000,0.0000,0,0.0000,0.0000,0,0,0,0,0,0,0,0,0,0,0,0,0,0,0,0,0,0,0,0,0,0,0,0,0
WG_METRICS 2,16,12288,5.2012,0.0081,0.0073,5.1305,0.0233,0.0319,16,12288,196608,393216,38321.2617,76642.5234,0.0000,0,0.0000,0.0000,0,0.0000,0,0.0000,0.0000,0,0.0000,0.0000,0,0,0,0,0,0,0,0,0,0,0,0,0,0,0,0,0,0,0,0,0,0,0,0,0
WG_METRICS 3,16,12288,5.2128,0.0081,0.0079,5.1423,0.0236,0.0308,16,12288,196608,393216,38233.3242,76466.6484,0.0000,0,0.0000,0.0000,0,0.0000,0,0.0000,0.0000,0,0.0000,0.0000,0,0,0,0,0,0,0,0,0,0,0,0,0,0,0,0,0,0,0,0,0,0,0,0,0
WG_METRICS 4,16,12288,5.1069,0.0080,0.0074,5.0400,0.0224,0.0292,16,12288,196608,393216,39009.5234,78019.0469,0.0000,0,0.0000,0.0000,0,0.0000,0,0.0000,0.0000,0,0.0000,0.0000,0,0,0,0,0,0,0,0,0,0,0,0,0,0,0,0,0,0,0,0,0,0,0,0,0
WG_METRICS 5,16,12288,5.0456,0.0081,0.0073,4.9897,0.0133,0.0272,16,12288,196608,393216,39402.6133,78805.2266,0.0000,0,0.0000,0.0000,0,0.0000,0,0.0000,0.0000,0,0.0000,0.0000,0,0,0,0,0,0,0,0,0,0,0,0,0,0,0,0,0,0,0,0,0,0,0,0,0
WG_METRICS 6,16,12288,4.9554,0.0081,0.0073,4.8883,0.0224,0.0293,16,12288,196608,393216,40220.2812,80440.5625,0.0000,0,0.0000,0.0000,0,0.0000,0,0.0000,0.0000,0,0.0000,0.0000,0,0,0,0,0,0,0,0,0,0,0,0,0,0,0,0,0,0,0,0,0,0,0,0,0
WG_METRICS 7,16,12288,5.0796,0.0080,0.0074,5.0214,0.0134,0.0293,16,12288,196608,393216,39154.0195,78308.0391,0.0000,0,0.0000,0.0000,0,0.0000,0,0.0000,0.0000,0,0.0000,0.0000,0,0,0,0,0,0,0,0,0,0,0,0,0,0,0,0,0,0,0,0,0,0,0,0,0
WG_METRICS 8,16,12288,5.0359,0.0080,0.0075,4.9744,0.0131,0.0329,16,12288,196608,393216,39523.9609,79047.9219,0.0000,0,0.0000,0.0000,0,0.0000,0,0.0000,0.0000,0,0.0000,0.0000,0,0,0,0,0,0,0,0,0,0,0,0,0,0,0,0,0,0,0,0,0,0,0,0,0
WG_METRICS 9,16,12288,5.0751,0.0080,0.0074,5.0071,0.0235,0.0290,16,12288,196608,393216,39265.6836,78531.3672,0.0000,0,0.0000,0.0000,0,0.0000,0,0.0000,0.0000,0,0.0000,0.0000,0,0,0,0,0,0,0,0,0,0,0,0,0,0,0,0,0,0,0,0,0,0,0,0,0
WG_METRICS 10,16,12288,5.3754,0.0080,0.0074,5.3225,0.0088,0.0286,16,12288,196608,393216,36939.1680,73878.3359,0.0000,0,0.0000,0.0000,0,0.0000,0,0.0000,0.0000,0,0.0000,0.0000,0,0,0,0,0,0,0,0,0,0,0,0,0,0,0,0,0,0,0,0,0,0,0,0,0
WG_METRICS 11,16,12288,5.1713,0.0081,0.0074,5.1318,0.0080,0.0161,16,12288,196608,393216,38311.7031,76623.4062,0.0000,0,0.0000,0.0000,0,0.0000,0,0.0000,0.0000,0,0.0000,0.0000,0,0,0,0,0,0,0,0,0,0,0,0,0,0,0,0,0,0,0,0,0,0,0,0,0
WG_METRICS 12,16,12288,5.1647,0.0075,0.0067,5.1191,0.0163,0.0150,16,12288,196608,393216,38406.6016,76813.2031,0.0000,0,0.0000,0.0000,0,0.0000,0,0.0000,0.0000,0,0.0000,0.0000,0,0,0,0,0,0,0,0,0,0,0,0,0,0,0,0,0,0,0,0,0,0,0,0,0
WG_METRICS 13,16,12288,5.0435,0.0075,0.0068,5.0015,0.0127,0.0150,16,12288,196608,393216,39309.6484,78619.2969,0.0000,0,0.0000,0.0000,0,0.0000,0,0.0000,0.0000,0,0.0000,0.0000,0,0,0,0,0,0,0,0,0,0,0,0,0,0,0,0,0,0,0,0,0,0,0,0,0
WG_METRICS 14,16,12288,5.0991,0.0074,0.0068,5.0565,0.0128,0.0155,16,12288,196608,393216,38882.3867,77764.7734,0.0000,0,0.0000,0.0000,0,0.0000,0,0.0000,0.0000,0,0.0000,0.0000,0,0,0,0,0,0,0,0,0,0,0,0,0,0,0,0,0,0,0,0,0,0,0,0,0
WG_METRICS 15,16,12288,4.9402,0.0075,0.0066,4.8883,0.0222,0.0156,16,12288,196608,393216,40220.2812,80440.5625,0.0000,0,0.0000,0.0000,0,0.0000,0,0.0000,0.0000,0,0.0000,0.0000,0,0,0,0,0,0,0,0,0,0,0,0,0,0,0,0,0,0,0,0,0,0,0,0,0
WG_METRICS 16,16,12288,5.0804,0.0075,0.0068,5.0291,0.0214,0.0156,16,12288,196608,393216,39094.2305,78188.4609,0.0000,0,0.0000,0.0000,0,0.0000,0,0.0000,0.0000,0,0.0000,0.0000,0,0,0,0,0,0,0,0,0,0,0,0,0,0,0,0,0,0,0,0,0,0,0,0,0
WG_METRICS 17,16,12288,5.0959,0.0075,0.0068,5.0448,0.0216,0.0152,16,12288,196608,393216,38972.7148,77945.4297,0.0000,0,0.0000,0.0000,0,0.0000,0,0.0000,0.0000,0,0.0000,0.0000,0,0,0,0,0,0,0,0,0,0,0,0,0,0,0,0,0,0,0,0,0,0,0,0,0
WG_METRICS 18,16,12288,4.8625,0.0075,0.0066,4.8111,0.0214,0.0159,16,12288,196608,393216,40865.3281,81730.6562,0.0000,0,0.0000,0.0000,0,0.0000,0,0.0000,0.0000,0,0.0000,0.0000,0,0,0,0,0,0,0,0,0,0,0,0,0,0,0,0,0,0,0,0,0,0,0,0,0
WG_METRICS 19,16,12288,4.9986,0.0074,0.0066,4.9471,0.0212,0.0163,16,12288,196608,393216,39741.9102,79483.8203,0.0000,0,0.0000,0.0000,0,0.0000,0,0.0000,0.0000,0,0.0000,0.0000,0,0,0,0,0,0,0,0,0,0,0,0,0,0,0,0,0,0,0,0,0,0,0,0,0
WG_METRICS 20,16,12288,5.1043,0.0075,0.0068,5.0533,0.0214,0.0153,16,12288,196608,393216,38907.0078,77814.0156,0.0000,0,0.0000,0.0000,0,0.0000,0,0.0000,0.0000,0,0.0000,0.0000,0,0,0,0,0,0,0,0,0,0,0,0,0,0,0,0,0,0,0,0,0,0,0,0,0
WG_METRICS 21,16,12288,5.0848,0.0075,0.0068,5.0382,0.0173,0.0151,16,12288,196608,393216,39023.4609,78046.9219,0.0000,0,0.0000,0.0000,0,0.0000,0,0.0000,0.0000,0,0.0000,0.0000,0,0,0,0,0,0,0,0,0,0,0,0,0,0,0,0,0,0,0,0,0,0,0,0,0
WG_METRICS 22,16,12288,5.1141,0.0081,0.0073,5.0570,0.0127,0.0290,16,12288,196608,393216,38878.0781,77756.1562,0.0000,0,0.0000,0.0000,0,0.0000,0,0.0000,0.0000,0,0.0000,0.0000,0,0,0,0,0,0,0,0,0,0,0,0,0,0,0,0,0,0,0,0,0,0,0,0,0
WG_METRICS 23,16,12288,5.0242,0.0081,0.0073,4.9651,0.0145,0.0292,16,12288,196608,393216,39597.8359,79195.6719,0.0000,0,0.0000,0.0000,0,0.0000,0,0.0000,0.0000,0,0.0000,0.0000,0,0,0,0,0,0,0,0,0,0,0,0,0,0,0,0,0,0,0,0,0,0,0,0,0
WG_METRICS 24,16,12288,5.1751,0.0080,0.0074,5.1064,0.0220,0.0312,16,12288,196608,393216,38501.9688,77003.9375,0.0000,0,0.0000,0.0000,0,0.0000,0,0.0000,0.0000,0,0.0000,0.0000,0,0,0,0,0,0,0,0,0,0,0,0,0,0,0,0,0,0,0,0,0,0,0,0,0
WG_METRICS 25,16,12288,5.1211,0.0080,0.0074,5.0634,0.0135,0.0288,16,12288,196608,393216,38829.2461,77658.4922,0.0000,0,0.0000,0.0000,0,0.0000,0,0.0000,0.0000,0,0.0000,0.0000,0,0,0,0,0,0,0,0,0,0,0,0,0,0,0,0,0,0,0,0,0,0,0,0,0
WG_METRICS 26,16,12288,5.1691,0.0081,0.0072,5.1040,0.0228,0.0270,16,12288,196608,393216,38520.6797,77041.3594,0.0000,0,0.0000,0.0000,0,0.0000,0,0.0000,0.0000,0,0.0000,0.0000,0,0,0,0,0,0,0,0,0,0,0,0,0,0,0,0,0,0,0,0,0,0,0,0,0
WG_METRICS 27,16,12288,5.0484,0.0080,0.0074,4.9904,0.0139,0.0287,16,12288,196608,393216,39397.2422,78794.4844,0.0000,0,0.0000,0.0000,0,0.0000,0,0.0000,0.0000,0,0.0000,0.0000,0,0,0,0,0,0,0,0,0,0,0,0,0,0,0,0,0,0,0,0,0,0,0,0,0
WG_METRICS 28,16,12288,5.1816,0.0080,0.0074,5.1315,0.0069,0.0277,16,12288,196608,393216,38314.0898,76628.1797,0.0000,0,0.0000,0.0000,0,0.0000,0,0.0000,0.0000,0,0.0000,0.0000,0,0,0,0,0,0,0,0,0,0,0,0,0,0,0,0,0,0,0,0,0,0,0,0,0
WG_METRICS 29,16,12288,5.1264,0.0081,0.0074,5.0579,0.0219,0.0311,16,12288,196608,393216,38871.3164,77742.6328,0.0000,0,0.0000,0.0000,0,0.0000,0,0.0000,0.0000,0,0.0000,0.0000,0,0,0,0,0,0,0,0,0,0,0,0,0,0,0,0,0,0,0,0,0,0,0,0,0
WG_METRICS 30,16,12288,5.0469,0.0080,0.0074,4.9775,0.0228,0.0311,16,12288,196608,393216,39499.1875,78998.3750,0.0000,0,0.0000,0.0000,0,0.0000,0,0.0000,0.0000,0,0.0000,0.0000,0,0,0,0,0,0,0,0,0,0,0,0,0,0,0,0,0,0,0,0,0,0,0,0,0
WG_METRICS 31,16,12288,4.9741,0.0080,0.0074,4.9054,0.0220,0.0313,16,12288,196608,393216,40079.9141,80159.8281,0.0000,0,0.0000,0.0000,0,0.0000,0,0.0000,0.0000,0,0.0000,0.0000,0,0,0,0,0,0,0,0,0,0,0,0,0,0,0,0,0,0,0,0,0,0,0,0,0
WG_METRICS 32,16,12288,4.9598,0.0080,0.0075,4.9001,0.0148,0.0294,16,12288,196608,393216,40123.1016,80246.2031,0.0000,0,0.0000,0.0000,0,0.0000,0,0.0000,0.0000,0,0.0000,0.0000,0,0,0,0,0,0,0,0,0,0,0,0,0,0,0,0,0,0,0,0,0,0,0,0,0
WG_METRICS 33,16,12288,4.9306,0.0081,0.0073,4.8642,0.0228,0.0283,16,12288,196608,393216,40419.7227,80839.4453,0.0000,0,0.0000,0.0000,0,0.0000,0,0.0000,0.0000,0,0.0000,0.0000,0,0,0,0,0,0,0,0,0,0,0,0,0,0,0,0,0,0,0,0,0,0,0,0,0
WG_METRICS 34,16,12288,5.1034,0.0080,0.0074,5.0457,0.0130,0.0293,16,12288,196608,393216,38965.6094,77931.2188,0.0000,0,0.0000,0.0000,0,0.0000,0,0.0000,0.0000,0,0.0000,0.0000,0,0,0,0,0,0,0,0,0,0,0,0,0,0,0,0,0,0,0,0,0,0,0,0,0
WG_METRICS 35,16,12288,5.2321,0.0080,0.0075,5.1814,0.0036,0.0316,16,12288,196608,393216,37944.9570,75889.9141,0.0000,0,0.0000,0.0000,0,0.0000,0,0.0000,0.0000,0,0.0000,0.0000,0,0,0,0,0,0,0,0,0,0,0,0,0,0,0,0,0,0,0,0,0,0,0,0,0
WG_METRICS 36,16,12288,5.0320,0.0081,0.0074,4.9841,0.0168,0.0157,16,12288,196608,393216,39446.8828,78893.7656,0.0000,0,0.0000,0.0000,0,0.0000,0,0.0000,0.0000,0,0.0000,0.0000,0,0,0,0,0,0,0,0,0,0,0,0,0,0,0,0,0,0,0,0,0,0,0,0,0
WG_METRICS 37,16,12288,5.1306,0.0074,0.0068,5.0889,0.0123,0.0152,16,12288,196608,393216,38634.5234,77269.0469,0.0000,0,0.0000,0.0000,0,0.0000,0,0.0000,0.0000,0,0.0000,0.0000,0,0,0,0,0,0,0,0,0,0,0,0,0,0,0,0,0,0,0,0,0,0,0,0,0
WG_METRICS 38,16,12288,5.3020,0.0074,0.0068,5.0946,0.1615,0.0317,16,12288,196608,393216,38591.4492,77182.8984,0.0000,0,0.0000,0.0000,0,0.0000,0,0.0000,0.0000,0,0.0000,0.0000,0,0,0,0,0,0,0,0,0,0,0,0,0,0,0,0,0,0,0,0,0,0,0,0,0
WG_METRICS 39,16,12288,5.2506,0.0080,0.0074,5.1836,0.0221,0.0294,16,12288,196608,393216,37928.5586,75857.1172,0.0000,0,0.0000,0.0000,0,0.0000,0,0.0000,0.0000,0,0.0000,0.0000,0,0,0,0,0,0,0,0,0,0,0,0,0,0,0,0,0,0,0,0,0,0,0,0,0
WG_METRICS 40,16,12288,5.1834,0.0080,0.0073,5.1169,0.0214,0.0297,16,12288,196608,393216,38423.1133,76846.2266,0.0000,0,0.0000,0.0000,0,0.0000,0,0.0000,0.0000,0,0.0000,0.0000,0,0,0,0,0,0,0,0,0,0,0,0,0,0,0,0,0,0,0,0,0,0,0,0,0
WG_METRICS 41,16,12288,5.1416,0.0080,0.0074,5.0735,0.0240,0.0286,16,12288,196608,393216,38752.0977,77504.1953,0.0000,0,0.0000,0.0000,0,0.0000,0,0.0000,0.0000,0,0.0000,0.0000,0,0,0,0,0,0,0,0,0,0,0,0,0,0,0,0,0,0,0,0,0,0,0,0,0
WG_METRICS 42,16,12288,5.1504,0.0081,0.0073,5.0919,0.0134,0.0297,16,12288,196608,393216,38611.7617,77223.5234,0.0000,0,0.0000,0.0000,0,0.0000,0,0.0000,0.0000,0,0.0000,0.0000,0,0,0,0,0,0,0,0,0,0,0,0,0,0,0,0,0,0,0,0,0,0,0,0,0
WG_METRICS 43,16,12288,5.1103,0.0080,0.0074,5.0518,0.0136,0.0294,16,12288,196608,393216,38918.4062,77836.8125,0.0000,0,0.0000,0.0000,0,0.0000,0,0.0000,0.0000,0,0.0000,0.0000,0,0,0,0,0,0,0,0,0,0,0,0,0,0,0,0,0,0,0,0,0,0,0,0,0
WG_METRICS 44,16,12288,5.5069,0.0080,0.0074,5.4420,0.0198,0.0297,16,12288,196608,393216,36128.1602,72256.3203,0.0000,0,0.0000,0.0000,0,0.0000,0,0.0000,0.0000,0,0.0000,0.0000,0,0,0,0,0,0,0,0,0,0,0,0,0,0,0,0,0,0,0,0,0,0,0,0,0
WG_METRICS 45,16,12288,5.0830,0.0084,0.0074,5.0168,0.0218,0.0288,16,12288,196608,393216,39190.2344,78380.4688,0.0000,0,0.0000,0.0000,0,0.0000,0,0.0000,0.0000,0,0.0000,0.0000,0,0,0,0,0,0,0,0,0,0,0,0,0,0,0,0,0,0,0,0,0,0,0,0,0
WG_METRICS 46,16,12288,5.1245,0.0080,0.0073,5.0565,0.0221,0.0306,16,12288,196608,393216,38882.3867,77764.7734,0.0000,0,0.0000,0.0000,0,0.0000,0,0.0000,0.0000,0,0.0000,0.0000,0,0,0,0,0,0,0,0,0,0,0,0,0,0,0,0,0,0,0,0,0,0,0,0,0
WG_METRICS 47,16,12288,5.0907,0.0080,0.0074,5.0238,0.0223,0.0292,16,12288,196608,393216,39135.3164,78270.6328,0.0000,0,0.0000,0.0000,0,0.0000,0,0.0000,0.0000,0,0.0000,0.0000,0,0,0,0,0,0,0,0,0,0,0,0,0,0,0,0,0,0,0,0,0,0,0,0,0
WG_METRICS 48,16,12288,5.0976,0.0131,0.0030,5.0267,0.0248,0.0300,16,12288,196608,393216,39112.5820,78225.1641,0.0000,0,0.0000,0.0000,0,0.0000,0,0.0000,0.0000,0,0.0000,0.0000,0,0,0,0,0,0,0,0,0,0,0,0,0,0,0,0,0,0,0,0,0,0,0,0,0
WG_METRICS 49,16,12288,5.1668,0.0081,0.0074,5.0994,0.0230,0.0290,16,12288,196608,393216,38555.4258,77110.8516,0.0000,0,0.0000,0.0000,0,0.0000,0,0.0000,0.0000,0,0.0000,0.0000,0,0,0,0,0,0,0,0,0,0,0,0,0,0,0,0,0,0,0,0,0,0,0,0,0
WG_METRICS 50,16,12288,5.1382,0.0080,0.0075,5.0810,0.0140,0.0277,16,12288,196608,393216,38694.4414,77388.8828,0.0000,0,0.0000,0.0000,0,0.0000,0,0.0000,0.0000,0,0.0000,0.0000,0,0,0,0,0,0,0,0,0,0,0,0,0,0,0,0,0,0,0,0,0,0,0,0,0
WG_METRICS 51,16,12288,5.3986,0.0080,0.0074,5.3386,0.0170,0.0276,16,12288,196608,393216,36827.6328,73655.2656,0.0000,0,0.0000,0.0000,0,0.0000,0,0.0000,0.0000,0,0.0000,0.0000,0,0,0,0,0,0,0,0,0,0,0,0,0,0,0,0,0,0,0,0,0,0,0,0,0
WG_METRICS 52,16,12288,5.1115,0.0080,0.0074,5.0445,0.0220,0.0296,16,12288,196608,393216,38974.8789,77949.7578,0.0000,0,0.0000,0.0000,0,0.0000,0,0.0000,0.0000,0,0.0000,0.0000,0,0,0,0,0,0,0,0,0,0,0,0,0,0,0,0,0,0,0,0,0,0,0,0,0
WG_METRICS 53,16,12288,5.2074,0.0080,0.0074,5.1447,0.0142,0.0331,16,12288,196608,393216,38215.4922,76430.9844,0.0000,0,0.0000,0.0000,0,0.0000,0,0.0000,0.0000,0,0.0000,0.0000,0,0,0,0,0,0,0,0,0,0,0,0,0,0,0,0,0,0,0,0,0,0,0,0,0
WG_METRICS 54,16,12288,5.0727,0.0080,0.0075,5.0064,0.0221,0.0288,16,12288,196608,393216,39271.6445,78543.2891,0.0000,0,0.0000,0.0000,0,0.0000,0,0.0000,0.0000,0,0.0000,0.0000,0,0,0,0,0,0,0,0,0,0,0,0,0,0,0,0,0,0,0,0,0,0,0,0,0
WG_METRICS 55,16,12288,5.1830,0.0080,0.0074,5.1242,0.0145,0.0290,16,12288,196608,393216,38368.5273,76737.0547,0.0000,0,0.0000,0.0000,0,0.0000,0,0.0000,0.0000,0,0.0000,0.0000,0,0,0,0,0,0,0,0,0,0,0,0,0,0,0,0,0,0,0,0,0,0,0,0,0
WG_METRICS 56,16,12288,5.0571,0.0080,0.0064,4.9908,0.0227,0.0291,16,12288,196608,393216,39393.7695,78787.5391,0.0000,0,0.0000,0.0000,0,0.0000,0,0.0000,0.0000,0,0.0000,0.0000,0,0,0,0,0,0,0,0,0,0,0,0,0,0,0,0,0,0,0,0,0,0,0,0,0
WG_METRICS 57,16,12288,5.1808,0.0080,0.0074,5.1152,0.0215,0.0287,16,12288,196608,393216,38436.0352,76872.0703,0.0000,0,0.0000,0.0000,0,0.0000,0,0.0000,0.0000,0,0.0000,0.0000,0,0,0,0,0,0,0,0,0,0,0,0,0,0,0,0,0,0,0,0,0,0,0,0,0
WG_METRICS 58,16,12288,5.1291,0.0080,0.0074,5.0705,0.0135,0.0297,16,12288,196608,393216,38775.0273,77550.0547,0.0000,0,0.0000,0.0000,0,0.0000,0,0.0000,0.0000,0,0.0000,0.0000,0,0,0,0,0,0,0,0,0,0,0,0,0,0,0,0,0,0,0,0,0,0,0,0,0
WG_METRICS 59,16,12288,5.0864,0.0075,0.0066,5.0439,0.0131,0.0153,16,12288,196608,393216,38979.5156,77959.0312,0.0000,0,0.0000,0.0000,0,0.0000,0,0.0000,0.0000,0,0.0000,0.0000,0,0,0,0,0,0,0,0,0,0,0,0,0,0,0,0,0,0,0,0,0,0,0,0,0
WG_METRICS 60,16,12288,5.1265,0.0074,0.0068,5.0760,0.0212,0.0150,16,12288,196608,393216,38732.8594,77465.7188,0.0000,0,0.0000,0.0000,0,0.0000,0,0.0000,0.0000,0,0.0000,0.0000,0,0,0,0,0,0,0,0,0,0,0,0,0,0,0,0,0,0,0,0,0,0,0,0,0
WG_METRICS 61,16,12288,5.0813,0.0080,0.0074,5.0169,0.0210,0.0279,16,12288,196608,393216,39188.9844,78377.9688,0.0000,0,0.0000,0.0000,0,0.0000,0,0.0000,0.0000,0,0.0000,0.0000,0,0,0,0,0,0,0,0,0,0,0,0,0,0,0,0,0,0,0,0,0,0,0,0,0
WG_METRICS 62,16,12288,5.1932,0.0081,0.0074,5.1330,0.0140,0.0307,16,12288,196608,393216,38302.7461,76605.4922,0.0000,0,0.0000,0.0000,0,0.0000,0,0.0000,0.0000,0,0.0000,0.0000,0,0,0,0,0,0,0,0,0,0,0,0,0,0,0,0,0,0,0,0,0,0,0,0,0
WG_METRICS 63,16,12288,5.0826,0.0080,0.0073,5.0151,0.0214,0.0308,16,12288,196608,393216,39203.3633,78406.7266,0.0000,0,0.0000,0.0000,0,0.0000,0,0.0000,0.0000,0,0.0000,0.0000,0,0,0,0,0,0,0,0,0,0,0,0,0,0,0,0,0,0,0,0,0,0,0,0,0
WG_METRICS 64,16,12288,5.0071,0.0080,0.0074,4.9381,0.0237,0.0298,16,12288,196608,393216,39814.3438,79628.6875,0.0000,0,0.0000,0.0000,0,0.0000,0,0.0000,0.0000,0,0.0000,0.0000,0,0,0,0,0,0,0,0,0,0,0,0,0,0,0,0,0,0,0,0,0,0,0,0,0
WG_METRICS 65,16,12288,5.0260,0.0079,0.0075,4.9686,0.0135,0.0285,16,12288,196608,393216,39570.1016,79140.2031,0.0000,0,0.0000,0.0000,0,0.0000,0,0.0000,0.0000,0,0.0000,0.0000,0,0,0,0,0,0,0,0,0,0,0,0,0,0,0,0,0,0,0,0,0,0,0,0,0
WG_METRICS 66,16,12288,5.1596,0.0080,0.0074,5.1013,0.0132,0.0296,16,12288,196608,393216,38540.6133,77081.2266,0.0000,0,0.0000,0.0000,0,0.0000,0,0.0000,0.0000,0,0.0000,0.0000,0,0,0,0,0,0,0,0,0,0,0,0,0,0,0,0,0,0,0,0,0,0,0,0,0
WG_METRICS 67,16,12288,5.2157,0.0080,0.0074,5.1576,0.0137,0.0290,16,12288,196608,393216,38119.7617,76239.5234,0.0000,0,0.0000,0.0000,0,0.0000,0,0.0000,0.0000,0,0.0000,0.0000,0,0,0,0,0,0,0,0,0,0,0,0,0,0,0,0,0,0,0,0,0,0,0,0,0
WG_METRICS 68,16,12288,5.0225,0.0080,0.0074,4.9558,0.0221,0.0292,16,12288,196608,393216,39672.6250,79345.2500,0.0000,0,0.0000,0.0000,0,0.0000,0,0.0000,0.0000,0,0.0000,0.0000,0,0,0,0,0,0,0,0,0,0,0,0,0,0,0,0,0,0,0,0,0,0,0,0,0
WG_METRICS 69,16,12288,5.1675,0.0075,0.0067,5.1256,0.0124,0.0152,16,12288,196608,393216,38358.0469,76716.0938,0.0000,0,0.0000,0.0000,0,0.0000,0,0.0000,0.0000,0,0.0000,0.0000,0,0,0,0,0,0,0,0,0,0,0,0,0,0,0,0,0,0,0,0,0,0,0,0,0
WG_METRICS 70,16,12288,5.0222,0.0075,0.0068,4.9708,0.0216,0.0156,16,12288,196608,393216,39552.5859,79105.1719,0.0000,0,0.0000,0.0000,0,0.0000,0,0.0000,0.0000,0,0.0000,0.0000,0,0,0,0,0,0,0,0,0,0,0,0,0,0,0,0,0,0,0,0,0,0,0,0,0
WG_METRICS 71,16,12288,5.2294,0.0080,0.0074,5.1605,0.0221,0.0314,16,12288,196608,393216,38098.7812,76197.5625,0.0000,0,0.0000,0.0000,0,0.0000,0,0.0000,0.0000,0,0.0000,0.0000,0,0,0,0,0,0,0,0,0,0,0,0,0,0,0,0,0,0,0,0,0,0,0,0,0
WG_METRICS 72,16,12288,5.0399,0.0080,0.0046,4.9848,0.0132,0.0293,16,12288,196608,393216,39441.5039,78883.0078,0.0000,0,0.0000,0.0000,0,0.0000,0,0.0000,0.0000,0,0.0000,0.0000,0,0,0,0,0,0,0,0,0,0,0,0,0,0,0,0,0,0,0,0,0,0,0,0,0
WG_METRICS 73,16,12288,5.0369,0.0080,0.0096,4.9668,0.0233,0.0292,16,12288,196608,393216,39584.7578,79169.5156,0.0000,0,0.0000,0.0000,0,0.0000,0,0.0000,0.0000,0,0.0000,0.0000,0,0,0,0,0,0,0,0,0,0,0,0,0,0,0,0,0,0,0,0,0,0,0,0,0
WG_METRICS 74,16,12288,5.0972,0.0080,0.0074,5.0332,0.0221,0.0266,16,12288,196608,393216,39062.5352,78125.0703,0.0000,0,0.0000,0.0000,0,0.0000,0,0.0000,0.0000,0,0.0000,0.0000,0,0,0,0,0,0,0,0,0,0,0,0,0,0,0,0,0,0,0,0,0,0,0,0,0
WG_METRICS 75,16,12288,4.9988,0.0080,0.0074,4.9317,0.0222,0.0294,16,12288,196608,393216,39866.0117,79732.0234,0.0000,0,0.0000,0.0000,0,0.0000,0,0.0000,0.0000,0,0.0000,0.0000,0,0,0,0,0,0,0,0,0,0,0,0,0,0,0,0,0,0,0,0,0,0,0,0,0
WG_METRICS 76,16,12288,5.0816,0.0080,0.0074,5.0159,0.0224,0.0279,16,12288,196608,393216,39197.1094,78394.2188,0.0000,0,0.0000,0.0000,0,0.0000,0,0.0000,0.0000,0,0.0000,0.0000,0,0,0,0,0,0,0,0,0,0,0,0,0,0,0,0,0,0,0,0,0,0,0,0,0
WG_METRICS 77,16,12288,5.0984,0.0081,0.0072,5.0316,0.0216,0.0298,16,12288,196608,393216,39074.3359,78148.6719,0.0000,0,0.0000,0.0000,0,0.0000,0,0.0000,0.0000,0,0.0000,0.0000,0,0,0,0,0,0,0,0,0,0,0,0,0,0,0,0,0,0,0,0,0,0,0,0,0
WG_METRICS 78,16,12288,5.0455,0.0080,0.0074,4.9793,0.0221,0.0287,16,12288,196608,393216,39485.2266,78970.4531,0.0000,0,0.0000,0.0000,0,0.0000,0,0.0000,0.0000,0,0.0000,0.0000,0,0,0,0,0,0,0,0,0,0,0,0,0,0,0,0,0,0,0,0,0,0,0,0,0
WG_METRICS 79,16,12288,5.1058,0.0080,0.0074,5.0448,0.0150,0.0306,16,12288,196608,393216,38972.4102,77944.8203,0.0000,0,0.0000,0.0000,0,0.0000,0,0.0000,0.0000,0,0.0000,0.0000,0,0,0,0,0,0,0,0,0,0,0,0,0,0,0,0,0,0,0,0,0,0,0,0,0
WG_METRICS 80,16,12288,5.1770,0.0082,0.0072,5.1118,0.0216,0.0282,16,12288,196608,393216,38461.5977,76923.1953,0.0000,0,0.0000,0.0000,0,0.0000,0,0.0000,0.0000,0,0.0000,0.0000,0,0,0,0,0,0,0,0,0,0,0,0,0,0,0,0,0,0,0,0,0,0,0,0,0
WG_METRICS 81,16,12288,5.0621,0.0080,0.0074,4.9936,0.0216,0.0314,16,12288,196608,393216,39371.9961,78743.9922,0.0000,0,0.0000,0.0000,0,0.0000,0,0.0000,0.0000,0,0.0000,0.0000,0,0,0,0,0,0,0,0,0,0,0,0,0,0,0,0,0,0,0,0,0,0,0,0,0
WG_METRICS 82,16,12288,5.0096,0.0075,0.0067,4.9587,0.0213,0.0153,16,12288,196608,393216,39648.9414,79297.8828,0.0000,0,0.0000,0.0000,0,0.0000,0,0.0000,0.0000,0,0.0000,0.0000,0,0,0,0,0,0,0,0,0,0,0,0,0,0,0,0,0,0,0,0,0,0,0,0,0
WG_METRICS 83,16,12288,5.0141,0.0074,0.0068,4.9622,0.0218,0.0158,16,12288,196608,393216,39621.1328,79242.2656,0.0000,0,0.0000,0.0000,0,0.0000,0,0.0000,0.0000,0,0.0000,0.0000,0,0,0,0,0,0,0,0,0,0,0,0,0,0,0,0,0,0,0,0,0,0,0,0,0
WG_METRICS 84,16,12288,5.1063,0.0080,0.0074,5.0482,0.0134,0.0293,16,12288,196608,393216,38946.1562,77892.3125,0.0000,0,0.0000,0.0000,0,0.0000,0,0.0000,0.0000,0,0.0000,0.0000,0,0,0,0,0,0,0,0,0,0,0,0,0,0,0,0,0,0,0,0,0,0,0,0,0
WG_METRICS 85,16,12288,5.0929,0.0079,0.0075,5.0233,0.0228,0.0314,16,12288,196608,393216,39139.3672,78278.7344,0.0000,0,0.0000,0.0000,0,0.0000,0,0.0000,0.0000,0,0.0000,0.0000,0,0,0,0,0,0,0,0,0,0,0,0,0,0,0,0,0,0,0,0,0,0,0,0,0
WG_METRICS 86,16,12288,5.1327,0.0080,0.0074,5.0666,0.0216,0.0291,16,12288,196608,393216,38804.7227,77609.4453,0.0000,0,0.0000,0.0000,0,0.0000,0,0.0000,0.0000,0,0.0000,0.0000,0,0,0,0,0,0,0,0,0,0,0,0,0,0,0,0,0,0,0,0,0,0,0,0,0
WG_METRICS 87,16,12288,5.3426,0.0080,0.0074,5.2816,0.0180,0.0275,16,12288,196608,393216,37225.0820,74450.1641,0.0000,0,0.0000,0.0000,0,0.0000,0,0.0000,0.0000,0,0.0000,0.0000,0,0,0,0,0,0,0,0,0,0,0,0,0,0,0,0,0,0,0,0,0,0,0,0,0
WG_METRICS 88,16,12288,4.9910,0.0080,0.0074,4.9319,0.0139,0.0299,16,12288,196608,393216,39864.3945,79728.7891,0.0000,0,0.0000,0.0000,0,0.0000,0,0.0000,0.0000,0,0.0000,0.0000,0,0,0,0,0,0,0,0,0,0,0,0,0,0,0,0,0,0,0,0,0,0,0,0,0
WG_METRICS 89,16,12288,5.1023,0.0080,0.0074,5.0481,0.0103,0.0285,16,12288,196608,393216,38946.7773,77893.5547,0.0000,0,0.0000,0.0000,0,0.0000,0,0.0000,0.0000,0,0.0000,0.0000,0,0,0,0,0,0,0,0,0,0,0,0,0,0,0,0,0,0,0,0,0,0,0,0,0
WG_METRICS 90,16,12288,5.1915,0.0080,0.0074,5.1248,0.0220,0.0293,16,12288,196608,393216,38364.3320,76728.6641,0.0000,0,0.0000,0.0000,0,0.0000,0,0.0000,0.0000,0,0.0000,0.0000,0,0,0,0,0,0,0,0,0,0,0,0,0,0,0,0,0,0,0,0,0,0,0,0,0
WG_METRICS 91,16,12288,5.0382,0.0080,0.0074,4.9783,0.0142,0.0302,16,12288,196608,393216,39492.8398,78985.6797,0.0000,0,0.0000,0.0000,0,0.0000,0,0.0000,0.0000,0,0.0000,0.0000,0,0,0,0,0,0,0,0,0,0,0,0,0,0,0,0,0,0,0,0,0,0,0,0,0
WG_METRICS 92,16,12288,5.1238,0.0080,0.0074,5.0572,0.0221,0.0291,16,12288,196608,393216,38876.8477,77753.6953,0.0000,0,0.0000,0.0000,0,0.0000,0,0.0000,0.0000,0,0.0000,0.0000,0,0,0,0,0,0,0,0,0,0,0,0,0,0,0,0,0,0,0,0,0,0,0,0,0
WG_METRICS 93,16,12288,5.0751,0.0082,0.0074,5.0066,0.0232,0.0298,16,12288,196608,393216,39269.4492,78538.8984,0.0000,0,0.0000,0.0000,0,0.0000,0,0.0000,0.0000,0,0.0000,0.0000,0,0,0,0,0,0,0,0,0,0,0,0,0,0,0,0,0,0,0,0,0,0,0,0,0
WG_METRICS 94,16,12288,5.1396,0.0080,0.0074,5.0765,0.0184,0.0294,16,12288,196608,393216,38729.1992,77458.3984,0.0000,0,0.0000,0.0000,0,0.0000,0,0.0000,0.0000,0,0.0000,0.0000,0,0,0,0,0,0,0,0,0,0,0,0,0,0,0,0,0,0,0,0,0,0,0,0,0
WG_METRICS 95,16,12288,5.1783,0.0081,0.0074,5.1191,0.0146,0.0292,16,12288,196608,393216,38406.9023,76813.8047,0.0000,0,0.0000,0.0000,0,0.0000,0,0.0000,0.0000,0,0.0000,0.0000,0,0,0,0,0,0,0,0,0,0,0,0,0,0,0,0,0,0,0,0,0,0,0,0,0
WG_METRICS 96,16,12288,5.1081,0.0080,0.0073,5.0439,0.0221,0.0267,16,12288,196608,393216,38979.2070,77958.4141,0.0000,0,0.0000,0.0000,0,0.0000,0,0.0000,0.0000,0,0.0000,0.0000,0,0,0,0,0,0,0,0,0,0,0,0,0,0,0,0,0,0,0,0,0,0,0,0,0
WG_METRICS 97,16,12288,5.3182,0.0081,0.0073,5.2566,0.0181,0.0282,16,12288,196608,393216,37402.1250,74804.2500,0.0000,0,0.0000,0.0000,0,0.0000,0,0.0000,0.0000,0,0.0000,0.0000,0,0,0,0,0,0,0,0,0,0,0,0,0,0,0,0,0,0,0,0,0,0,0,0,0
WG_METRICS 98,16,12288,5.0848,0.0080,0.0074,5.0276,0.0132,0.0286,16,12288,196608,393216,39105.4258,78210.8516,0.0000,0,0.0000,0.0000,0,0.0000,0,0.0000,0.0000,0,0.0000,0.0000,0,0,0,0,0,0,0,0,0,0,0,0,0,0,0,0,0,0,0,0,0,0,0,0,0
WG_METRICS 99,16,12288,5.0928,0.0081,0.0074,5.0233,0.0220,0.0321,16,12288,196608,393216,39139.3672,78278.7344,0.0000,0,0.0000,0.0000,0,0.0000,0,0.0000,0.0000,0,0.0000,0.0000,0,0,0,0,0,0,0,0,0,0,0,0,0,0,0,0,0,0,0,0,0,0,0,0,0
WG_METRICS 100,16,12288,5.0491,0.0075,0.0067,4.9983,0.0215,0.0151,16,12288,196608,393216,39335.1328,78670.2656,0.0000,0,0.0000,0.0000,0,0.0000,0,0.0000,0.0000,0,0.0000,0.0000,0,0,0,0,0,0,0,0,0,0,0,0,0,0,0,0,0,0,0,0,0,0,0,0,0
WG_METRICS 101,16,12288,5.1116,0.0074,0.0068,5.0596,0.0221,0.0155,16,12288,196608,393216,38858.1016,77716.2031,0.0000,0,0.0000,0.0000,0,0.0000,0,0.0000,0.0000,0,0.0000,0.0000,0,0,0,0,0,0,0,0,0,0,0,0,0,0,0,0,0,0,0,0,0,0,0,0,0
WG_METRICS 102,16,12288,5.0734,0.0080,0.0073,5.0056,0.0220,0.0305,16,12288,196608,393216,39277.9219,78555.8438,0.0000,0,0.0000,0.0000,0,0.0000,0,0.0000,0.0000,0,0.0000,0.0000,0,0,0,0,0,0,0,0,0,0,0,0,0,0,0,0,0,0,0,0,0,0,0,0,0
WG_METRICS 103,16,12288,5.5760,0.0082,0.0073,5.5183,0.0127,0.0295,16,12288,196608,393216,35628.2344,71256.4688,0.0000,0,0.0000,0.0000,0,0.0000,0,0.0000,0.0000,0,0.0000,0.0000,0,0,0,0,0,0,0,0,0,0,0,0,0,0,0,0,0,0,0,0,0,0,0,0,0
WG_METRICS 104,16,12288,5.1218,0.0080,0.0074,5.0626,0.0130,0.0309,16,12288,196608,393216,38835.6875,77671.3750,0.0000,0,0.0000,0.0000,0,0.0000,0,0.0000,0.0000,0,0.0000,0.0000,0,0,0,0,0,0,0,0,0,0,0,0,0,0,0,0,0,0,0,0,0,0,0,0,0
WG_METRICS 105,16,12288,5.2371,0.0080,0.0074,5.1680,0.0233,0.0303,16,12288,196608,393216,38043.0508,76086.1016,0.0000,0,0.0000,0.0000,0,0.0000,0,0.0000,0.0000,0,0.0000,0.0000,0,0,0,0,0,0,0,0,0,0,0,0,0,0,0,0,0,0,0,0,0,0,0,0,0
WG_METRICS 106,16,12288,5.1306,0.0081,0.0073,5.0642,0.0220,0.0290,16,12288,196608,393216,38823.4180,77646.8359,0.0000,0,0.0000,0.0000,0,0.0000,0,0.0000,0.0000,0,0.0000,0.0000,0,0,0,0,0,0,0,0,0,0,0,0,0,0,0,0,0,0,0,0,0,0,0,0,0
WG_METRICS 107,16,12288,5.1577,0.0080,0.0074,5.0907,0.0232,0.0283,16,12288,196608,393216,38620.8633,77241.7266,0.0000,0,0.0000,0.0000,0,0.0000,0,0.0000,0.0000,0,0.0000,0.0000,0,0,0,0,0,0,0,0,0,0,0,0,0,0,0,0,0,0,0,0,0,0,0,0,0
WG_METRICS 108,16,12288,5.0815,0.0081,0.0074,5.0126,0.0223,0.0312,16,12288,196608,393216,39223.0742,78446.1484,0.0000,0,0.0000,0.0000,0,0.0000,0,0.0000,0.0000,0,0.0000,0.0000,0,0,0,0,0,0,0,0,0,0,0,0,0,0,0,0,0,0,0,0,0,0,0,0,0
WG_METRICS 109,16,12288,5.0718,0.0080,0.0074,5.0145,0.0128,0.0291,16,12288,196608,393216,39207.7383,78415.4766,0.0000,0,0.0000,0.0000,0,0.0000,0,0.0000,0.0000,0,0.0000,0.0000,0,0,0,0,0,0,0,0,0,0,0,0,0,0,0,0,0,0,0,0,0,0,0,0,0
WG_METRICS 110,16,12288,5.1586,0.0081,0.0073,5.0889,0.0217,0.0326,16,12288,196608,393216,38634.5234,77269.0469,0.0000,0,0.0000,0.0000,0,0.0000,0,0.0000,0.0000,0,0.0000,0.0000,0,0,0,0,0,0,0,0,0,0,0,0,0,0,0,0,0,0,0,0,0,0,0,0,0
WG_METRICS 111,16,12288,5.0620,0.0080,0.0074,5.0028,0.0139,0.0298,16,12288,196608,393216,39299.2773,78598.5547,0.0000,0,0.0000,0.0000,0,0.0000,0,0.0000,0.0000,0,0.0000,0.0000,0,0,0,0,0,0,0,0,0,0,0,0,0,0,0,0,0,0,0,0,0,0,0,0,0
WG_METRICS 112,16,12288,5.0810,0.0081,0.0073,5.0128,0.0221,0.0307,16,12288,196608,393216,39221.1914,78442.3828,0.0000,0,0.0000,0.0000,0,0.0000,0,0.0000,0.0000,0,0.0000,0.0000,0,0,0,0,0,0,0,0,0,0,0,0,0,0,0,0,0,0,0,0,0,0,0,0,0
WG_METRICS 113,16,12288,5.1683,0.0080,0.0074,5.1008,0.0234,0.0288,16,12288,196608,393216,38544.8438,77089.6875,0.0000,0,0.0000,0.0000,0,0.0000,0,0.0000,0.0000,0,0.0000,0.0000,0,0,0,0,0,0,0,0,0,0,0,0,0,0,0,0,0,0,0,0,0,0,0,0,0
WG_METRICS 114,16,12288,5.1058,0.0080,0.0074,5.0384,0.0226,0.0294,16,12288,196608,393216,39022.2188,78044.4375,0.0000,0,0.0000,0.0000,0,0.0000,0,0.0000,0.0000,0,0.0000,0.0000,0,0,0,0,0,0,0,0,0,0,0,0,0,0,0,0,0,0,0,0,0,0,0,0,0
WG_METRICS 115,16,12288,5.0206,0.0080,0.0074,4.9554,0.0223,0.0275,16,12288,196608,393216,39675.5039,79351.0078,0.0000,0,0.0000,0.0000,0,0.0000,0,0.0000,0.0000,0,0.0000,0.0000,0,0,0,0,0,0,0,0,0,0,0,0,0,0,0,0,0,0,0,0,0,0,0,0,0
WG_METRICS 116,16,12288,5.0357,0.0080,0.0074,4.9784,0.0130,0.0290,16,12288,196608,393216,39492.5234,78985.0469,0.0000,0,0.0000,0.0000,0,0.0000,0,0.0000,0.0000,0,0.0000,0.0000,0,0,0,0,0,0,0,0,0,0,0,0,0,0,0,0,0,0,0,0,0,0,0,0,0
WG_METRICS 117,16,12288,5.0688,0.0081,0.0073,4.9981,0.0227,0.0326,16,12288,196608,393216,39336.7070,78673.4141,0.0000,0,0.0000,0.0000,0,0.0000,0,0.0000,0.0000,0,0.0000,0.0000,0,0,0,0,0,0,0,0,0,0,0,0,0,0,0,0,0,0,0,0,0,0,0,0,0
WG_METRICS 118,16,12288,5.0592,0.0080,0.0074,4.9920,0.0214,0.0304,16,12288,196608,393216,39384.2969,78768.5938,0.0000,0,0.0000,0.0000,0,0.0000,0,0.0000,0.0000,0,0.0000,0.0000,0,0,0,0,0,0,0,0,0,0,0,0,0,0,0,0,0,0,0,0,0,0,0,0,0
WG_METRICS 119,16,12288,5.0846,0.0080,0.0074,5.0260,0.0133,0.0298,16,12288,196608,393216,39117.8750,78235.7500,0.0000,0,0.0000,0.0000,0,0.0000,0,0.0000,0.0000,0,0.0000,0.0000,0,0,0,0,0,0,0,0,0,0,0,0,0,0,0,0,0,0,0,0,0,0,0,0,0
WG_METRICS 120,16,12288,5.0559,0.0080,0.0074,4.9892,0.0228,0.0285,16,12288,196608,393216,39407.0352,78814.0703,0.0000,0,0.0000,0.0000,0,0.0000,0,0.0000,0.0000,0,0.0000,0.0000,0,0,0,0,0,0,0,0,0,0,0,0,0,0,0,0,0,0,0,0,0,0,0,0,0
WG_METRICS 121,16,12288,5.0522,0.0081,0.0074,4.9828,0.0241,0.0299,16,12288,196608,393216,39457.6484,78915.2969,0.0000,0,0.0000,0.0000,0,0.0000,0,0.0000,0.0000,0,0.0000,0.0000,0,0,0,0,0,0,0,0,0,0,0,0,0,0,0,0,0,0,0,0,0,0,0,0,0
WG_METRICS 122,16,12288,5.1688,0.0080,0.0074,5.1110,0.0125,0.0299,16,12288,196608,393216,38467.6172,76935.2344,0.0000,0,0.0000,0.0000,0,0.0000,0,0.0000,0.0000,0,0.0000,0.0000,0,0,0,0,0,0,0,0,0,0,0,0,0,0,0,0,0,0,0,0,0,0,0,0,0
WG_METRICS 123,16,12288,5.1280,0.0080,0.0074,5.0688,0.0140,0.0298,16,12288,196608,393216,38787.8789,77575.7578,0.0000,0,0.0000,0.0000,0,0.0000,0,0.0000,0.0000,0,0.0000,0.0000,0,0,0,0,0,0,0,0,0,0,0,0,0,0,0,0,0,0,0,0,0,0,0,0,0
WG_METRICS 124,16,12288,5.1092,0.0080,0.0074,5.0440,0.0220,0.0278,16,12288,196608,393216,38978.8984,77957.7969,0.0000,0,0.0000,0.0000,0,0.0000,0,0.0000,0.0000,0,0.0000,0.0000,0,0,0,0,0,0,0,0,0,0,0,0,0,0,0,0,0,0,0,0,0,0,0,0,0
WG_METRICS 125,16,12288,5.1154,0.0081,0.0073,5.0537,0.0154,0.0308,16,12288,196608,393216,38903.6211,77807.2422,0.0000,0,0.0000,0.0000,0,0.0000,0,0.0000,0.0000,0,0.0000,0.0000,0,0,0,0,0,0,0,0,0,0,0,0,0,0,0,0,0,0,0,0,0,0,0,0,0
WG_METRICS 126,16,12288,5.0107,0.0080,0.0074,4.9415,0.0229,0.0310,16,12288,196608,393216,39787.2695,79574.5391,0.0000,0,0.0000,0.0000,0,0.0000,0,0.0000,0.0000,0,0.0000,0.0000,0,0,0,0,0,0,0,0,0,0,0,0,0,0,0,0,0,0,0,0,0,0,0,0,0
WG_METRICS 127,16,12288,5.0398,0.0080,0.0074,4.9820,0.0130,0.0294,16,12288,196608,393216,39463.6719,78927.3438,0.0000,0,0.0000,0.0000,0,0.0000,0,0.0000,0.0000,0,0.0000,0.0000,0,0,0,0,0,0,0,0,0,0,0,0,0,0,0,0,0,0,0,0,0,0,0,0,0
WG_METRICS 128,16,12288,5.0865,0.0080,0.0074,5.0311,0.0089,0.0311,16,12288,196608,393216,39078.6875,78157.3750,0.0000,0,0.0000,0.0000,0,0.0000,0,0.0000,0.0000,0,0.0000,0.0000,0,0,0,0,0,0,0,0,0,0,0,0,0,0,0,0,0,0,0,0,0,0,0,0,0
WG_METRICS 129,16,12288,5.1521,0.0080,0.0074,5.0810,0.0233,0.0324,16,12288,196608,393216,38694.7461,77389.4922,0.0000,0,0.0000,0.0000,0,0.0000,0,0.0000,0.0000,0,0.0000,0.0000,0,0,0,0,0,0,0,0,0,0,0,0,0,0,0,0,0,0,0,0,0,0,0,0,0
WG_METRICS 130,16,12288,5.1554,0.0081,0.0073,5.0873,0.0215,0.0312,16,12288,196608,393216,38646.9805,77293.9609,0.0000,0,0.0000,0.0000,0,0.0000,0,0.0000,0.0000,0,0.0000,0.0000,0,0,0,0,0,0,0,0,0,0,0,0,0,0,0,0,0,0,0,0,0,0,0,0,0
WG_METRICS 131,16,12288,5.1639,0.0082,0.0074,5.1058,0.0135,0.0290,16,12288,196608,393216,38506.4922,77012.9844,0.0000,0,0.0000,0.0000,0,0.0000,0,0.0000,0.0000,0,0.0000,0.0000,0,0,0,0,0,0,0,0,0,0,0,0,0,0,0,0,0,0,0,0,0,0,0,0,0
WG_METRICS 132,16,12288,5.0510,0.0081,0.0073,4.9841,0.0221,0.0294,16,12288,196608,393216,39446.8828,78893.7656,0.0000,0,0.0000,0.0000,0,0.0000,0,0.0000,0.0000,0,0.0000,0.0000,0,0,0,0,0,0,0,0,0,0,0,0,0,0,0,0,0,0,0,0,0,0,0,0,0
WG_METRICS 133,16,12288,5.0617,0.0081,0.0074,4.9993,0.0170,0.0298,16,12288,196608,393216,39326.9492,78653.8984,0.0000,0,0.0000,0.0000,0,0.0000,0,0.0000,0.0000,0,0.0000,0.0000,0,0,0,0,0,0,0,0,0,0,0,0,0,0,0,0,0,0,0,0,0,0,0,0,0
WG_METRICS 134,16,12288,5.0747,0.0080,0.0074,5.0042,0.0219,0.0332,16,12288,196608,393216,39288.5977,78577.1953,0.0000,0,0.0000,0.0000,0,0.0000,0,0.0000,0.0000,0,0.0000,0.0000,0,0,0,0,0,0,0,0,0,0,0,0,0,0,0,0,0,0,0,0,0,0,0,0,0
WG_METRICS 135,16,12288,5.0701,0.0080,0.0074,5.0030,0.0221,0.0295,16,12288,196608,393216,39298.0234,78596.0469,0.0000,0,0.0000,0.0000,0,0.0000,0,0.0000,0.0000,0,0.0000,0.0000,0,0,0,0,0,0,0,0,0,0,0,0,0,0,0,0,0,0,0,0,0,0,0,0,0
WG_METRICS 136,16,12288,5.0903,0.0080,0.0074,5.0213,0.0240,0.0296,16,12288,196608,393216,39154.6445,78309.2891,0.0000,0,0.0000,0.0000,0,0.0000,0,0.0000,0.0000,0,0.0000,0.0000,0,0,0,0,0,0,0,0,0,0,0,0,0,0,0,0,0,0,0,0,0,0,0,0,0
WG_METRICS 137,16,12288,5.0407,0.0081,0.0073,4.9737,0.0228,0.0288,16,12288,196608,393216,39529.3672,79058.7344,0.0000,0,0.0000,0.0000,0,0.0000,0,0.0000,0.0000,0,0.0000,0.0000,0,0,0,0,0,0,0,0,0,0,0,0,0,0,0,0,0,0,0,0,0,0,0,0,0
WG_METRICS 138,16,12288,5.1368,0.0080,0.0074,5.0790,0.0135,0.0289,16,12288,196608,393216,38710.2891,77420.5781,0.0000,0,0.0000,0.0000,0,0.0000,0,0.0000,0.0000,0,0.0000,0.0000,0,0,0,0,0,0,0,0,0,0,0,0,0,0,0,0,0,0,0,0,0,0,0,0,0
WG_METRICS 139,16,12288,5.3234,0.0081,0.0074,5.2614,0.0173,0.0293,16,12288,196608,393216,37367.7188,74735.4375,0.0000,0,0.0000,0.0000,0,0.0000,0,0.0000,0.0000,0,0.0000,0.0000,0,0,0,0,0,0,0,0,0,0,0,0,0,0,0,0,0,0,0,0,0,0,0,0,0
WG_METRICS 140,16,12288,5.0370,0.0080,0.0074,4.9761,0.0147,0.0308,16,12288,196608,393216,39510.6211,79021.2422,0.0000,0,0.0000,0.0000,0,0.0000,0,0.0000,0.0000,0,0.0000,0.0000,0,0,0,0,0,0,0,0,0,0,0,0,0,0,0,0,0,0,0,0,0,0,0,0,0
WG_METRICS 141,16,12288,5.1193,0.0080,0.0074,5.0706,0.0088,0.0245,16,12288,196608,393216,38773.8047,77547.6094,0.0000,0,0.0000,0.0000,0,0.0000,0,0.0000,0.0000,0,0.0000,0.0000,0,0,0,0,0,0,0,0,0,0,0,0,0,0,0,0,0,0,0,0,0,0,0,0,0
WG_METRICS 142,16,12288,5.0170,0.0080,0.0074,4.9622,0.0134,0.0259,16,12288,196608,393216,39620.8164,79241.6328,0.0000,0,0.0000,0.0000,0,0.0000,0,0.0000,0.0000,0,0.0000,0.0000,0,0,0,0,0,0,0,0,0,0,0,0,0,0,0,0,0,0,0,0,0,0,0,0,0
WG_METRICS 143,16,12288,5.0600,0.0080,0.0074,5.0043,0.0135,0.0268,16,12288,196608,393216,39287.9688,78575.9375,0.0000,0,0.0000,0.0000,0,0.0000,0,0.0000,0.0000,0,0.0000,0.0000,0,0,0,0,0,0,0,0,0,0,0,0,0,0,0,0,0,0,0,0,0,0,0,0,0
WG_METRICS 144,16,12288,5.1564,0.0080,0.0074,5.0890,0.0223,0.0296,16,12288,196608,393216,38633.6133,77267.2266,0.0000,0,0.0000,0.0000,0,0.0000,0,0.0000,0.0000,0,0.0000,0.0000,0,0,0,0,0,0,0,0,0,0,0,0,0,0,0,0,0,0,0,0,0,0,0,0,0
WG_METRICS 145,16,12288,5.1407,0.0081,0.0074,5.0817,0.0142,0.0293,16,12288,196608,393216,38689.2617,77378.5234,0.0000,0,0.0000,0.0000,0,0.0000,0,0.0000,0.0000,0,0.0000,0.0000,0,0,0,0,0,0,0,0,0,0,0,0,0,0,0,0,0,0,0,0,0,0,0,0,0
WG_METRICS 146,16,12288,5.0991,0.0081,0.0073,5.0332,0.0227,0.0279,16,12288,196608,393216,39062.5352,78125.0703,0.0000,0,0.0000,0.0000,0,0.0000,0,0.0000,0.0000,0,0.0000,0.0000,0,0,0,0,0,0,0,0,0,0,0,0,0,0,0,0,0,0,0,0,0,0,0,0,0
WG_METRICS 147,16,12288,5.0725,0.0081,0.0074,5.0148,0.0129,0.0293,16,12288,196608,393216,39205.2383,78410.4766,0.0000,0,0.0000,0.0000,0,0.0000,0,0.0000,0.0000,0,0.0000,0.0000,0,0,0,0,0,0,0,0,0,0,0,0,0,0,0,0,0,0,0,0,0,0,0,0,0
WG_METRICS 148,16,12288,5.1104,0.0081,0.0073,5.0434,0.0224,0.0291,16,12288,196608,393216,38982.9180,77965.8359,0.0000,0,0.0000,0.0000,0,0.0000,0,0.0000,0.0000,0,0.0000,0.0000,0,0,0,0,0,0,0,0,0,0,0,0,0,0,0,0,0,0,0,0,0,0,0,0,0
WG_METRICS 149,16,12288,5.4754,0.0080,0.0074,5.4105,0.0189,0.0307,16,12288,196608,393216,36338.3672,72676.7344,0.0000,0,0.0000,0.0000,0,0.0000,0,0.0000,0.0000,0,0.0000,0.0000,0,0,0,0,0,0,0,0,0,0,0,0,0,0,0,0,0,0,0,0,0,0,0,0,0
WG_METRICS 150,16,12288,5.1577,0.0081,0.0073,5.0971,0.0134,0.0318,16,12288,196608,393216,38572.3711,77144.7422,0.0000,0,0.0000,0.0000,0,0.0000,0,0.0000,0.0000,0,0.0000,0.0000,0,0,0,0,0,0,0,0,0,0,0,0,0,0,0,0,0,0,0,0,0,0,0,0,0
WG_METRICS 151,16,12288,5.0832,0.0080,0.0074,5.0264,0.0127,0.0287,16,12288,196608,393216,39114.7617,78229.5234,0.0000,0,0.0000,0.0000,0,0.0000,0,0.0000,0.0000,0,0.0000,0.0000,0,0,0,0,0,0,0,0,0,0,0,0,0,0,0,0,0,0,0,0,0,0,0,0,0
WG_METRICS 152,16,12288,5.0787,0.0080,0.0074,5.0201,0.0139,0.0294,16,12288,196608,393216,39164.3164,78328.6328,0.0000,0,0.0000,0.0000,0,0.0000,0,0.0000,0.0000,0,0.0000,0.0000,0,0,0,0,0,0,0,0,0,0,0,0,0,0,0,0,0,0,0,0,0,0,0,0,0
WG_METRICS 153,16,12288,5.0641,0.0080,0.0073,5.0076,0.0129,0.0282,16,12288,196608,393216,39261.6094,78523.2188,0.0000,0,0.0000,0.0000,0,0.0000,0,0.0000,0.0000,0,0.0000,0.0000,0,0,0,0,0,0,0,0,0,0,0,0,0,0,0,0,0,0,0,0,0,0,0,0,0
WG_METRICS 154,16,12288,5.1576,0.0080,0.0074,5.0997,0.0134,0.0291,16,12288,196608,393216,38553.0078,77106.0156,0.0000,0,0.0000,0.0000,0,0.0000,0,0.0000,0.0000,0,0.0000,0.0000,0,0,0,0,0,0,0,0,0,0,0,0,0,0,0,0,0,0,0,0,0,0,0,0,0
WG_METRICS 155,16,12288,5.0269,0.0080,0.0074,4.9668,0.0148,0.0298,16,12288,196608,393216,39584.1250,79168.2500,0.0000,0,0.0000,0.0000,0,0.0000,0,0.0000,0.0000,0,0.0000,0.0000,0,0,0,0,0,0,0,0,0,0,0,0,0,0,0,0,0,0,0,0,0,0,0,0,0
WG_METRICS 156,16,12288,5.1268,0.0081,0.0074,5.0604,0.0221,0.0289,16,12288,196608,393216,38852.5703,77705.1406,0.0000,0,0.0000,0.0000,0,0.0000,0,0.0000,0.0000,0,0.0000,0.0000,0,0,0,0,0,0,0,0,0,0,0,0,0,0,0,0,0,0,0,0,0,0,0,0,0
WG_METRICS 157,16,12288,5.3851,0.0081,0.0073,5.3322,0.0086,0.0288,16,12288,196608,393216,36871.5586,73743.1172,0.0000,0,0.0000,0.0000,0,0.0000,0,0.0000,0.0000,0,0.0000,0.0000,0,0,0,0,0,0,0,0,0,0,0,0,0,0,0,0,0,0,0,0,0,0,0,0,0
WG_METRICS 158,16,12288,5.0843,0.0080,0.0075,5.0228,0.0137,0.0323,16,12288,196608,393216,39143.4180,78286.8359,0.0000,0,0.0000,0.0000,0,0.0000,0,0.0000,0.0000,0,0.0000,0.0000,0,0,0,0,0,0,0,0,0,0,0,0,0,0,0,0,0,0,0,0,0,0,0,0,0
WG_METRICS 159,16,12288,5.0770,0.0080,0.0074,5.0089,0.0216,0.0311,16,12288,196608,393216,39251.8867,78503.7734,0.0000,0,0.0000,0.0000,0,0.0000,0,0.0000,0.0000,0,0.0000,0.0000,0,0,0,0,0,0,0,0,0,0,0,0,0,0,0,0,0,0,0,0,0,0,0,0,0
WG_METRICS 160,16,12288,4.9816,0.0080,0.0074,4.9282,0.0129,0.0251,16,12288,196608,393216,39894.4883,79788.9766,0.0000,0,0.0000,0.0000,0,0.0000,0,0.0000,0.0000,0,0.0000,0.0000,0,0,0,0,0,0,0,0,0,0,0,0,0,0,0,0,0,0,0,0,0,0,0,0,0
WG_METRICS 161,16,12288,5.0736,0.0081,0.0074,5.0056,0.0233,0.0293,16,12288,196608,393216,39277.9219,78555.8438,0.0000,0,0.0000,0.0000,0,0.0000,0,0.0000,0.0000,0,0.0000,0.0000,0,0,0,0,0,0,0,0,0,0,0,0,0,0,0,0,0,0,0,0,0,0,0,0,0
WG_METRICS 162,16,12288,5.0681,0.0080,0.0075,5.0013,0.0220,0.0293,16,12288,196608,393216,39311.2227,78622.4453,0.0000,0,0.0000,0.0000,0,0.0000,0,0.0000,0.0000,0,0.0000,0.0000,0,0,0,0,0,0,0,0,0,0,0,0,0,0,0,0,0,0,0,0,0,0,0,0,0
WG_METRICS 163,16,12288,5.0780,0.0081,0.0074,5.0183,0.0136,0.0307,16,12288,196608,393216,39178.3633,78356.7266,0.0000,0,0.0000,0.0000,0,0.0000,0,0.0000,0.0000,0,0.0000,0.0000,0,0,0,0,0,0,0,0,0,0,0,0,0,0,0,0,0,0,0,0,0,0,0,0,0
WG_METRICS 164,16,12288,5.3681,0.0080,0.0074,5.2990,0.0218,0.0318,16,12288,196608,393216,37102.8516,74205.7031,0.0000,0,0.0000,0.0000,0,0.0000,0,0.0000,0.0000,0,0.0000,0.0000,0,0,0,0,0,0,0,0,0,0,0,0,0,0,0,0,0,0,0,0,0,0,0,0,0
WG_METRICS 165,16,12288,5.1943,0.0080,0.0074,5.1358,0.0132,0.0300,16,12288,196608,393216,38281.8672,76563.7344,0.0000,0,0.0000,0.0000,0,0.0000,0,0.0000,0.0000,0,0.0000,0.0000,0,0,0,0,0,0,0,0,0,0,0,0,0,0,0,0,0,0,0,0,0,0,0,0,0
WG_METRICS 166,16,12288,5.1010,0.0081,0.0074,5.0418,0.0140,0.0298,16,12288,196608,393216,38995.9062,77991.8125,0.0000,0,0.0000,0.0000,0,0.0000,0,0.0000,0.0000,0,0.0000,0.0000,0,0,0,0,0,0,0,0,0,0,0,0,0,0,0,0,0,0,0,0,0,0,0,0,0
WG_METRICS 167,16,12288,5.0958,0.0082,0.0073,5.0302,0.0216,0.0286,16,12288,196608,393216,39085.2109,78170.4219,0.0000,0,0.0000,0.0000,0,0.0000,0,0.0000,0.0000,0,0.0000,0.0000,0,0,0,0,0,0,0,0,0,0,0,0,0,0,0,0,0,0,0,0,0,0,0,0,0
WG_METRICS 168,16,12288,5.1992,0.0081,0.0074,5.1301,0.0218,0.0319,16,12288,196608,393216,38324.2500,76648.5000,0.0000,0,0.0000,0.0000,0,0.0000,0,0.0000,0.0000,0,0.0000,0.0000,0,0,0,0,0,0,0,0,0,0,0,0,0,0,0,0,0,0,0,0,0,0,0,0,0
WG_METRICS 169,16,12288,5.1634,0.0081,0.0073,5.0959,0.0239,0.0282,16,12288,196608,393216,38581.7578,77163.5156,0.0000,0,0.0000,0.0000,0,0.0000,0,0.0000,0.0000,0,0.0000,0.0000,0,0,0,0,0,0,0,0,0,0,0,0,0,0,0,0,0,0,0,0,0,0,0,0,0
WG_METRICS 170,16,12288,5.0863,0.0082,0.0072,5.0196,0.0221,0.0292,16,12288,196608,393216,39168.0625,78336.1250,0.0000,0,0.0000,0.0000,0,0.0000,0,0.0000,0.0000,0,0.0000,0.0000,0,0,0,0,0,0,0,0,0,0,0,0,0,0,0,0,0,0,0,0,0,0,0,0,0
WG_METRICS 171,16,12288,5.1179,0.0080,0.0074,5.0517,0.0217,0.0290,16,12288,196608,393216,38919.0195,77838.0391,0.0000,0,0.0000,0.0000,0,0.0000,0,0.0000,0.0000,0,0.0000,0.0000,0,0,0,0,0,0,0,0,0,0,0,0,0,0,0,0,0,0,0,0,0,0,0,0,0
WG_METRICS 172,16,12288,5.1981,0.0080,0.0074,5.1301,0.0230,0.0295,16,12288,196608,393216,38324.2500,76648.5000,0.0000,0,0.0000,0.0000,0,0.0000,0,0.0000,0.0000,0,0.0000,0.0000,0,0,0,0,0,0,0,0,0,0,0,0,0,0,0,0,0,0,0,0,0,0,0,0,0
WG_METRICS 173,16,12288,5.1015,0.0081,0.0072,5.0351,0.0217,0.0294,16,12288,196608,393216,39047.6406,78095.2812,0.0000,0,0.0000,0.0000,0,0.0000,0,0.0000,0.0000,0,0.0000,0.0000,0,0,0,0,0,0,0,0,0,0,0,0,0,0,0,0,0,0,0,0,0,0,0,0,0
WG_METRICS 174,16,12288,5.3066,0.0080,0.0074,5.2438,0.0176,0.0297,16,12288,196608,393216,37493.1328,74986.2656,0.0000,0,0.0000,0.0000,0,0.0000,0,0.0000,0.0000,0,0.0000,0.0000,0,0,0,0,0,0,0,0,0,0,0,0,0,0,0,0,0,0,0,0,0,0,0,0,0
WG_METRICS 175,16,12288,5.0286,0.0081,0.0073,4.9614,0.0232,0.0285,16,12288,196608,393216,39627.2031,79254.4062,0.0000,0,0.0000,0.0000,0,0.0000,0,0.0000,0.0000,0,0.0000,0.0000,0,0,0,0,0,0,0,0,0,0,0,0,0,0,0,0,0,0,0,0,0,0,0,0,0
WG_METRICS 176,16,12288,5.1866,0.0080,0.0074,5.1343,0.0075,0.0294,16,12288,196608,393216,38292.9023,76585.8047,0.0000,0,0.0000,0.0000,0,0.0000,0,0.0000,0.0000,0,0.0000,0.0000,0,0,0,0,0,0,0,0,0,0,0,0,0,0,0,0,0,0,0,0,0,0,0,0,0
WG_METRICS 177,16,12288,5.1180,0.0080,0.0074,5.0602,0.0134,0.0290,16,12288,196608,393216,38853.7969,77707.5938,0.0000,0,0.0000,0.0000,0,0.0000,0,0.0000,0.0000,0,0.0000,0.0000,0,0,0,0,0,0,0,0,0,0,0,0,0,0,0,0,0,0,0,0,0,0,0,0,0
WG_METRICS 178,16,12288,5.1267,0.0080,0.0074,5.0605,0.0226,0.0282,16,12288,196608,393216,38851.6484,77703.2969,0.0000,0,0.0000,0.0000,0,0.0000,0,0.0000,0.0000,0,0.0000,0.0000,0,0,0,0,0,0,0,0,0,0,0,0,0,0,0,0,0,0,0,0,0,0,0,0,0
WG_METRICS 179,16,12288,5.0806,0.0080,0.0074,5.0127,0.0239,0.0287,16,12288,196608,393216,39222.1328,78444.2656,0.0000,0,0.0000,0.0000,0,0.0000,0,0.0000,0.0000,0,0.0000,0.0000,0,0,0,0,0,0,0,0,0,0,0,0,0,0,0,0,0,0,0,0,0,0,0,0,0
WG_METRICS 180,16,12288,5.0616,0.0081,0.0074,5.0014,0.0147,0.0300,16,12288,196608,393216,39310.5938,78621.1875,0.0000,0,0.0000,0.0000,0,0.0000,0,0.0000,0.0000,0,0.0000,0.0000,0,0,0,0,0,0,0,0,0,0,0,0,0,0,0,0,0,0,0,0,0,0,0,0,0
WG_METRICS 181,16,12288,4.9461,0.0081,0.0074,4.8910,0.0142,0.0255,16,12288,196608,393216,40197.9180,80395.8359,0.0000,0,0.0000,0.0000,0,0.0000,0,0.0000,0.0000,0,0.0000,0.0000,0,0,0,0,0,0,0,0,0,0,0,0,0,0,0,0,0,0,0,0,0,0,0,0,0
WG_METRICS 182,16,12288,5.1573,0.0080,0.0074,5.1073,0.0074,0.0272,16,12288,196608,393216,38495.3359,76990.6719,0.0000,0,0.0000,0.0000,0,0.0000,0,0.0000,0.0000,0,0.0000,0.0000,0,0,0,0,0,0,0,0,0,0,0,0,0,0,0,0,0,0,0,0,0,0,0,0,0
WG_METRICS 183,16,12288,5.0790,0.0080,0.0073,5.0128,0.0213,0.0296,16,12288,196608,393216,39221.5039,78443.0078,0.0000,0,0.0000,0.0000,0,0.0000,0,0.0000,0.0000,0,0.0000,0.0000,0,0,0,0,0,0,0,0,0,0,0,0,0,0,0,0,0,0,0,0,0,0,0,0,0
WG_METRICS 184,16,12288,5.1668,0.0081,0.0073,5.0989,0.0226,0.0299,16,12288,196608,393216,38559.0586,77118.1172,0.0000,0,0.0000,0.0000,0,0.0000,0,0.0000,0.0000,0,0.0000,0.0000,0,0,0,0,0,0,0,0,0,0,0,0,0,0,0,0,0,0,0,0,0,0,0,0,0
WG_METRICS 185,16,12288,5.1590,0.0080,0.0074,5.1029,0.0133,0.0274,16,12288,196608,393216,38528.5273,77057.0547,0.0000,0,0.0000,0.0000,0,0.0000,0,0.0000,0.0000,0,0.0000,0.0000,0,0,0,0,0,0,0,0,0,0,0,0,0,0,0,0,0,0,0,0,0,0,0,0,0
WG_METRICS 186,16,12288,5.1118,0.0080,0.0074,5.0514,0.0128,0.0322,16,12288,196608,393216,38921.4844,77842.9688,0.0000,0,0.0000,0.0000,0,0.0000,0,0.0000,0.0000,0,0.0000,0.0000,0,0,0,0,0,0,0,0,0,0,0,0,0,0,0,0,0,0,0,0,0,0,0,0,0
WG_METRICS 187,16,12288,5.0248,0.0081,0.0074,4.9676,0.0140,0.0277,16,12288,196608,393216,39578.0664,79156.1328,0.0000,0,0.0000,0.0000,0,0.0000,0,0.0000,0.0000,0,0.0000,0.0000,0,0,0,0,0,0,0,0,0,0,0,0,0,0,0,0,0,0,0,0,0,0,0,0,0
WG_METRICS 188,16,12288,5.1030,0.0081,0.0073,5.0466,0.0108,0.0302,16,12288,196608,393216,38958.8164,77917.6328,0.0000,0,0.0000,0.0000,0,0.0000,0,0.0000,0.0000,0,0.0000,0.0000,0,0,0,0,0,0,0,0,0,0,0,0,0,0,0,0,0,0,0,0,0,0,0,0,0
WG_METRICS 189,16,12288,5.1868,0.0080,0.0074,5.1194,0.0224,0.0296,16,12288,196608,393216,38404.8008,76809.6016,0.0000,0,0.0000,0.0000,0,0.0000,0,0.0000,0.0000,0,0.0000,0.0000,0,0,0,0,0,0,0,0,0,0,0,0,0,0,0,0,0,0,0,0,0,0,0,0,0
WG_METRICS 190,16,12288,5.4307,0.0081,0.0073,5.3702,0.0150,0.0302,16,12288,196608,393216,36611.1992,73222.3984,0.0000,0,0.0000,0.0000,0,0.0000,0,0.0000,0.0000,0,0.0000,0.0000,0,0,0,0,0,0,0,0,0,0,0,0,0,0,0,0,0,0,0,0,0,0,0,0,0
WG_METRICS 191,16,12288,5.1237,0.0080,0.0074,5.0654,0.0135,0.0295,16,12288,196608,393216,38814.2188,77628.4375,0.0000,0,0.0000,0.0000,0,0.0000,0,0.0000,0.0000,0,0.0000,0.0000,0,0,0,0,0,0,0,0,0,0,0,0,0,0,0,0,0,0,0,0,0,0,0,0,0
WG_METRICS 192,16,12288,5.2140,0.0081,0.0073,5.1659,0.0041,0.0286,16,12288,196608,393216,38058.9531,76117.9062,0.0000,0,0.0000,0.0000,0,0.0000,0,0.0000,0.0000,0,0.0000,0.0000,0,0,0,0,0,0,0,0,0,0,0,0,0,0,0,0,0,0,0,0,0,0,0,0,0
WG_METRICS 193,16,12288,5.1747,0.0080,0.0074,5.1074,0.0229,0.0291,16,12288,196608,393216,38495.0352,76990.0703,0.0000,0,0.0000,0.0000,0,0.0000,0,0.0000,0.0000,0,0.0000,0.0000,0,0,0,0,0,0,0,0,0,0,0,0,0,0,0,0,0,0,0,0,0,0,0,0,0
WG_METRICS 194,16,12288,4.9290,0.0081,0.0072,4.8632,0.0213,0.0291,16,12288,196608,393216,40427.3711,80854.7422,0.0000,0,0.0000,0.0000,0,0.0000,0,0.0000,0.0000,0,0.0000,0.0000,0,0,0,0,0,0,0,0,0,0,0,0,0,0,0,0,0,0,0,0,0,0,0,0,0
WG_METRICS 195,16,12288,5.0720,0.0080,0.0074,5.0034,0.0220,0.0313,16,12288,196608,393216,39295.1953,78590.3906,0.0000,0,0.0000,0.0000,0,0.0000,0,0.0000,0.0000,0,0.0000,0.0000,0,0,0,0,0,0,0,0,0,0,0,0,0,0,0,0,0,0,0,0,0,0,0,0,0
WG_METRICS 196,16,12288,5.1030,0.0080,0.0074,5.0362,0.0221,0.0292,16,12288,196608,393216,39038.6484,78077.2969,0.0000,0,0.0000,0.0000,0,0.0000,0,0.0000,0.0000,0,0.0000,0.0000,0,0,0,0,0,0,0,0,0,0,0,0,0,0,0,0,0,0,0,0,0,0,0,0,0
WG_METRICS 197,16,12288,4.9837,0.0081,0.0073,4.9266,0.0132,0.0285,16,12288,196608,393216,39907.7656,79815.5312,0.0000,0,0.0000,0.0000,0,0.0000,0,0.0000,0.0000,0,0.0000,0.0000,0,0,0,0,0,0,0,0,0,0,0,0,0,0,0,0,0,0,0,0,0,0,0,0,0
WG_METRICS 198,16,12288,5.0999,0.0080,0.0074,5.0317,0.0227,0.0302,16,12288,196608,393216,39074.0273,78148.0547,0.0000,0,0.0000,0.0000,0,0.0000,0,0.0000,0.0000,0,0.0000,0.0000,0,0,0,0,0,0,0,0,0,0,0,0,0,0,0,0,0,0,0,0,0,0,0,0,0
WG_METRICS 199,16,12288,5.1355,0.0080,0.0074,5.0691,0.0217,0.0292,16,12288,196608,393216,38785.4297,77570.8594,0.0000,0,0.0000,0.0000,0,0.0000,0,0.0000,0.0000,0,0.0000,0.0000,0,0,0,0,0,0,0,0,0,0,0,0,0,0,0,0,0,0,0,0,0,0,0,0,0
WG_METRICS 200,16,12288,5.1345,0.0080,0.0073,5.0675,0.0221,0.0295,16,12288,196608,393216,38797.9805,77595.9609,0.0000,0,0.0000,0.0000,0,0.0000,0,0.0000,0.0000,0,0.0000,0.0000,0,0,0,0,0,0,0,0,0,0,0,0,0,0,0,0,0,0,0,0,0,0,0,0,0
WG_METRICS 201,16,12288,5.1318,0.0081,0.0073,5.0635,0.0222,0.0307,16,12288,196608,393216,38828.6328,77657.2656,0.0000,0,0.0000,0.0000,0,0.0000,0,0.0000,0.0000,0,0.0000,0.0000,0,0,0,0,0,0,0,0,0,0,0,0,0,0,0,0,0,0,0,0,0,0,0,0,0
WG_METRICS 202,16,12288,5.0829,0.0080,0.0072,5.0169,0.0221,0.0287,16,12288,196608,393216,39189.2969,78378.5938,0.0000,0,0.0000,0.0000,0,0.0000,0,0.0000,0.0000,0,0.0000,0.0000,0,0,0,0,0,0,0,0,0,0,0,0,0,0,0,0,0,0,0,0,0,0,0,0,0
WG_METRICS 203,16,12288,5.1519,0.0080,0.0071,5.0848,0.0225,0.0296,16,12288,196608,393216,38666.1289,77332.2578,0.0000,0,0.0000,0.0000,0,0.0000,0,0.0000,0.0000,0,0.0000,0.0000,0,0,0,0,0,0,0,0,0,0,0,0,0,0,0,0,0,0,0,0,0,0,0,0,0
WG_METRICS 204,16,12288,5.0772,0.0080,0.0074,5.0099,0.0228,0.0291,16,12288,196608,393216,39244.0547,78488.1094,0.0000,0,0.0000,0.0000,0,0.0000,0,0.0000,0.0000,0,0.0000,0.0000,0,0,0,0,0,0,0,0,0,0,0,0,0,0,0,0,0,0,0,0,0,0,0,0,0
WG_METRICS 205,16,12288,5.1686,0.0080,0.0074,5.1014,0.0221,0.0297,16,12288,196608,393216,38540.0078,77080.0156,0.0000,0,0.0000,0.0000,0,0.0000,0,0.0000,0.0000,0,0.0000,0.0000,0,0,0,0,0,0,0,0,0,0,0,0,0,0,0,0,0,0,0,0,0,0,0,0,0
WG_METRICS 206,16,12288,5.1356,0.0080,0.0074,5.0689,0.0213,0.0300,16,12288,196608,393216,38787.2656,77574.5312,0.0000,0,0.0000,0.0000,0,0.0000,0,0.0000,0.0000,0,0.0000,0.0000,0,0,0,0,0,0,0,0,0,0,0,0,0,0,0,0,0,0,0,0,0,0,0,0,0
WG_METRICS 207,16,12288,5.1947,0.0080,0.0074,5.1259,0.0227,0.0307,16,12288,196608,393216,38355.6523,76711.3047,0.0000,0,0.0000,0.0000,0,0.0000,0,0.0000,0.0000,0,0.0000,0.0000,0,0,0,0,0,0,0,0,0,0,0,0,0,0,0,0,0,0,0,0,0,0,0,0,0
WG_METRICS 208,16,12288,5.1818,0.0080,0.0073,5.1139,0.0237,0.0289,16,12288,196608,393216,38445.9531,76891.9062,0.0000,0,0.0000,0.0000,0,0.0000,0,0.0000,0.0000,0,0.0000,0.0000,0,0,0,0,0,0,0,0,0,0,0,0,0,0,0,0,0,0,0,0,0,0,0,0,0
WG_METRICS 209,16,12288,5.1409,0.0080,0.0075,5.0746,0.0218,0.0291,16,12288,196608,393216,38743.5430,77487.0859,0.0000,0,0.0000,0.0000,0,0.0000,0,0.0000,0.0000,0,0.0000,0.0000,0,0,0,0,0,0,0,0,0,0,0,0,0,0,0,0,0,0,0,0,0,0,0,0,0
WG_METRICS 210,16,12288,5.1362,0.0080,0.0074,5.0782,0.0140,0.0286,16,12288,196608,393216,38716.0820,77432.1641,0.0000,0,0.0000,0.0000,0,0.0000,0,0.0000,0.0000,0,0.0000,0.0000,0,0,0,0,0,0,0,0,0,0,0,0,0,0,0,0,0,0,0,0,0,0,0,0,0
WG_METRICS 211,16,12288,5.0914,0.0081,0.0074,5.0339,0.0134,0.0286,16,12288,196608,393216,39056.6406,78113.2812,0.0000,0,0.0000,0.0000,0,0.0000,0,0.0000,0.0000,0,0.0000,0.0000,0,0,0,0,0,0,0,0,0,0,0,0,0,0,0,0,0,0,0,0,0,0,0,0,0
WG_METRICS 212,16,12288,5.1578,0.0100,0.0077,5.0884,0.0221,0.0296,16,12288,196608,393216,38638.7773,77277.5547,0.0000,0,0.0000,0.0000,0,0.0000,0,0.0000,0.0000,0,0.0000,0.0000,0,0,0,0,0,0,0,0,0,0,0,0,0,0,0,0,0,0,0,0,0,0,0,0,0
WG_METRICS 213,16,12288,5.1473,0.0080,0.0072,5.0801,0.0224,0.0295,16,12288,196608,393216,38701.4492,77402.8984,0.0000,0,0.0000,0.0000,0,0.0000,0,0.0000,0.0000,0,0.0000,0.0000,0,0,0,0,0,0,0,0,0,0,0,0,0,0,0,0,0,0,0,0,0,0,0,0,0
WG_METRICS 214,16,12288,5.1340,0.0081,0.0073,5.0674,0.0221,0.0291,16,12288,196608,393216,38798.9023,77597.8047,0.0000,0,0.0000,0.0000,0,0.0000,0,0.0000,0.0000,0,0.0000,0.0000,0,0,0,0,0,0,0,0,0,0,0,0,0,0,0,0,0,0,0,0,0,0,0,0,0
WG_METRICS 215,16,12288,5.0552,0.0081,0.0074,4.9888,0.0220,0.0290,16,12288,196608,393216,39410.1953,78820.3906,0.0000,0,0.0000,0.0000,0,0.0000,0,0.0000,0.0000,0,0.0000,0.0000,0,0,0,0,0,0,0,0,0,0,0,0,0,0,0,0,0,0,0,0,0,0,0,0,0
WG_METRICS 216,16,12288,5.2006,0.0104,0.0072,5.1304,0.0227,0.0300,16,12288,196608,393216,38322.1562,76644.3125,0.0000,0,0.0000,0.0000,0,0.0000,0,0.0000,0.0000,0,0.0000,0.0000,0,0,0,0,0,0,0,0,0,0,0,0,0,0,0,0,0,0,0,0,0,0,0,0,0
WG_METRICS 217,16,12288,5.2585,0.0080,0.0074,5.1893,0.0222,0.0316,16,12288,196608,393216,37887.0430,75774.0859,0.0000,0,0.0000,0.0000,0,0.0000,0,0.0000,0.0000,0,0.0000,0.0000,0,0,0,0,0,0,0,0,0,0,0,0,0,0,0,0,0,0,0,0,0,0,0,0,0
WG_METRICS 218,16,12288,5.0934,0.0080,0.0074,5.0267,0.0215,0.0298,16,12288,196608,393216,39112.5820,78225.1641,0.0000,0,0.0000,0.0000,0,0.0000,0,0.0000,0.0000,0,0.0000,0.0000,0,0,0,0,0,0,0,0,0,0,0,0,0,0,0,0,0,0,0,0,0,0,0,0,0
WG_METRICS 219,16,12288,5.0572,0.0080,0.0074,4.9964,0.0155,0.0298,16,12288,196608,393216,39349.6172,78699.2344,0.0000,0,0.0000,0.0000,0,0.0000,0,0.0000,0.0000,0,0.0000,0.0000,0,0,0,0,0,0,0,0,0,0,0,0,0,0,0,0,0,0,0,0,0,0,0,0,0
WG_METRICS 220,16,12288,5.1911,0.0082,0.0072,5.1247,0.0219,0.0292,16,12288,196608,393216,38364.9336,76729.8672,0.0000,0,0.0000,0.0000,0,0.0000,0,0.0000,0.0000,0,0.0000,0.0000,0,0,0,0,0,0,0,0,0,0,0,0,0,0,0,0,0,0,0,0,0,0,0,0,0
WG_METRICS 221,16,12288,5.1344,0.0081,0.0074,5.0679,0.0223,0.0288,16,12288,196608,393216,38794.6133,77589.2266,0.0000,0,0.0000,0.0000,0,0.0000,0,0.0000,0.0000,0,0.0000,0.0000,0,0,0,0,0,0,0,0,0,0,0,0,0,0,0,0,0,0,0,0,0,0,0,0,0
WG_METRICS 222,16,12288,5.3264,0.0080,0.0074,5.2621,0.0184,0.0305,16,12288,196608,393216,37363.1719,74726.3438,0.0000,0,0.0000,0.0000,0,0.0000,0,0.0000,0.0000,0,0.0000,0.0000,0,0,0,0,0,0,0,0,0,0,0,0,0,0,0,0,0,0,0,0,0,0,0,0,0
WG_METRICS 223,16,12288,5.1886,0.0080,0.0074,5.1252,0.0221,0.0258,16,12288,196608,393216,38360.7422,76721.4844,0.0000,0,0.0000,0.0000,0,0.0000,0,0.0000,0.0000,0,0.0000,0.0000,0,0,0,0,0,0,0,0,0,0,0,0,0,0,0,0,0,0,0,0,0,0,0,0,0
WG_METRICS 224,16,12288,4.9472,0.0080,0.0073,4.8965,0.0076,0.0278,16,12288,196608,393216,40152.9258,80305.8516,0.0000,0,0.0000,0.0000,0,0.0000,0,0.0000,0.0000,0,0.0000,0.0000,0,0,0,0,0,0,0,0,0,0,0,0,0,0,0,0,0,0,0,0,0,0,0,0,0
WG_METRICS 225,16,12288,5.1065,0.0081,0.0074,5.0385,0.0223,0.0302,16,12288,196608,393216,39020.9844,78041.9688,0.0000,0,0.0000,0.0000,0,0.0000,0,0.0000,0.0000,0,0.0000,0.0000,0,0,0,0,0,0,0,0,0,0,0,0,0,0,0,0,0,0,0,0,0,0,0,0,0
WG_METRICS 226,16,12288,5.0420,0.0082,0.0073,4.9859,0.0126,0.0280,16,12288,196608,393216,39432.9609,78865.9219,0.0000,0,0.0000,0.0000,0,0.0000,0,0.0000,0.0000,0,0.0000,0.0000,0,0,0,0,0,0,0,0,0,0,0,0,0,0,0,0,0,0,0,0,0,0,0,0,0
WG_METRICS 227,16,12288,5.0635,0.0080,0.0074,4.9941,0.0218,0.0322,16,12288,196608,393216,39368.2109,78736.4219,0.0000,0,0.0000,0.0000,0,0.0000,0,0.0000,0.0000,0,0.0000,0.0000,0,0,0,0,0,0,0,0,0,0,0,0,0,0,0,0,0,0,0,0,0,0,0,0,0
WG_METRICS 228,16,12288,5.0029,0.0082,0.0074,4.9433,0.0149,0.0292,16,12288,196608,393216,39772.7812,79545.5625,0.0000,0,0.0000,0.0000,0,0.0000,0,0.0000,0.0000,0,0.0000,0.0000,0,0,0,0,0,0,0,0,0,0,0,0,0,0,0,0,0,0,0,0,0,0,0,0,0
WG_METRICS 229,16,12288,5.1082,0.0080,0.0074,5.0404,0.0226,0.0297,16,12288,196608,393216,39006.7383,78013.4766,0.0000,0,0.0000,0.0000,0,0.0000,0,0.0000,0.0000,0,0.0000,0.0000,0,0,0,0,0,0,0,0,0,0,0,0,0,0,0,0,0,0,0,0,0,0,0,0,0
WG_METRICS 230,16,12288,5.1345,0.0080,0.0074,5.0676,0.0217,0.0298,16,12288,196608,393216,38797.0664,77594.1328,0.0000,0,0.0000,0.0000,0,0.0000,0,0.0000,0.0000,0,0.0000,0.0000,0,0,0,0,0,0,0,0,0,0,0,0,0,0,0,0,0,0,0,0,0,0,0,0,0
WG_METRICS 231,16,12288,5.0672,0.0080,0.0074,5.0058,0.0158,0.0302,16,12288,196608,393216,39275.7266,78551.4531,0.0000,0,0.0000,0.0000,0,0.0000,0,0.0000,0.0000,0,0.0000,0.0000,0,0,0,0,0,0,0,0,0,0,0,0,0,0,0,0,0,0,0,0,0,0,0,0,0
WG_METRICS 232,16,12288,5.4213,0.0081,0.0147,5.3450,0.0184,0.0350,16,12288,196608,393216,36783.8086,73567.6172,0.0000,0,0.0000,0.0000,0,0.0000,0,0.0000,0.0000,0,0.0000,0.0000,0,0,0,0,0,0,0,0,0,0,0,0,0,0,0,0,0,0,0,0,0,0,0,0,0
WG_METRICS 233,16,12288,5.6241,0.0081,0.0074,5.5746,0.0186,0.0155,16,12288,196608,393216,35268.7930,70537.5859,0.0000,0,0.0000,0.0000,0,0.0000,0,0.0000,0.0000,0,0.0000,0.0000,0,0,0,0,0,0,0,0,0,0,0,0,0,0,0,0,0,0,0,0,0,0,0,0,0
WG_METRICS 234,16,12288,5.0145,0.0075,0.0068,4.9723,0.0126,0.0153,16,12288,196608,393216,39540.4961,79080.9922,0.0000,0,0.0000,0.0000,0,0.0000,0,0.0000,0.0000,0,0.0000,0.0000,0,0,0,0,0,0,0,0,0,0,0,0,0,0,0,0,0,0,0,0,0,0,0,0,0
WG_METRICS 235,16,12288,5.2287,0.0074,0.0068,5.1920,0.0076,0.0149,16,12288,196608,393216,37867.7812,75735.5625,0.0000,0,0.0000,0.0000,0,0.0000,0,0.0000,0.0000,0,0.0000,0.0000,0,0,0,0,0,0,0,0,0,0,0,0,0,0,0,0,0,0,0,0,0,0,0,0,0
WG_METRICS 236,16,12288,5.0423,0.0076,0.0066,5.0042,0.0086,0.0153,16,12288,196608,393216,39288.2852,78576.5703,0.0000,0,0.0000,0.0000,0,0.0000,0,0.0000,0.0000,0,0.0000,0.0000,0,0,0,0,0,0,0,0,0,0,0,0,0,0,0,0,0,0,0,0,0,0,0,0,0
WG_METRICS 237,16,12288,5.0392,0.0075,0.0068,4.9875,0.0218,0.0156,16,12288,196608,393216,39419.9922,78839.9844,0.0000,0,0.0000,0.0000,0,0.0000,0,0.0000,0.0000,0,0.0000,0.0000,0,0,0,0,0,0,0,0,0,0,0,0,0,0,0,0,0,0,0,0,0,0,0,0,0
WG_METRICS 238,16,12288,5.1199,0.0075,0.0068,5.0687,0.0218,0.0151,16,12288,196608,393216,38788.4922,77576.9844,0.0000,0,0.0000,0.0000,0,0.0000,0,0.0000,0.0000,0,0.0000,0.0000,0,0,0,0,0,0,0,0,0,0,0,0,0,0,0,0,0,0,0,0,0,0,0,0,0
WG_METRICS 239,16,12288,5.1889,0.0081,0.0074,5.1285,0.0132,0.0317,16,12288,196608,393216,38336.2070,76672.4141,0.0000,0,0.0000,0.0000,0,0.0000,0,0.0000,0.0000,0,0.0000,0.0000,0,0,0,0,0,0,0,0,0,0,0,0,0,0,0,0,0,0,0,0,0,0,0,0,0
WG_METRICS 240,16,12288,5.4300,0.0081,0.0074,5.3671,0.0185,0.0288,16,12288,196608,393216,36631.9375,73263.8750,0.0000,0,0.0000,0.0000,0,0.0000,0,0.0000,0.0000,0,0.0000,0.0000,0,0,0,0,0,0,0,0,0,0,0,0,0,0,0,0,0,0,0,0,0,0,0,0,0
WG_METRICS 241,16,12288,5.0908,0.0080,0.0074,5.0319,0.0132,0.0304,16,12288,196608,393216,39072.4766,78144.9531,0.0000,0,0.0000,0.0000,0,0.0000,0,0.0000,0.0000,0,0.0000,0.0000,0,0,0,0,0,0,0,0,0,0,0,0,0,0,0,0,0,0,0,0,0,0,0,0,0
WG_METRICS 242,16,12288,5.1096,0.0080,0.0074,5.0494,0.0159,0.0289,16,12288,196608,393216,38937.2148,77874.4297,0.0000,0,0.0000,0.0000,0,0.0000,0,0.0000,0.0000,0,0.0000,0.0000,0,0,0,0,0,0,0,0,0,0,0,0,0,0,0,0,0,0,0,0,0,0,0,0,0
WG_METRICS 243,16,12288,5.1347,0.0080,0.0073,5.0676,0.0220,0.0296,16,12288,196608,393216,38796.7578,77593.5156,0.0000,0,0.0000,0.0000,0,0.0000,0,0.0000,0.0000,0,0.0000,0.0000,0,0,0,0,0,0,0,0,0,0,0,0,0,0,0,0,0,0,0,0,0,0,0,0,0
WG_METRICS 244,16,12288,5.0474,0.0082,0.0073,5.0019,0.0030,0.0270,16,12288,196608,393216,39306.5039,78613.0078,0.0000,0,0.0000,0.0000,0,0.0000,0,0.0000,0.0000,0,0.0000,0.0000,0,0,0,0,0,0,0,0,0,0,0,0,0,0,0,0,0,0,0,0,0,0,0,0,0
WG_METRICS 245,16,12288,5.0640,0.0086,0.0072,4.9955,0.0227,0.0301,16,12288,196608,393216,39356.8633,78713.7266,0.0000,0,0.0000,0.0000,0,0.0000,0,0.0000,0.0000,0,0.0000,0.0000,0,0,0,0,0,0,0,0,0,0,0,0,0,0,0,0,0,0,0,0,0,0,0,0,0
WG_METRICS 246,16,12288,5.0677,0.0080,0.0074,5.0000,0.0223,0.0300,16,12288,196608,393216,39321.9141,78643.8281,0.0000,0,0.0000,0.0000,0,0.0000,0,0.0000,0.0000,0,0.0000,0.0000,0,0,0,0,0,0,0,0,0,0,0,0,0,0,0,0,0,0,0,0,0,0,0,0,0
WG_METRICS 247,16,12288,5.0855,0.0080,0.0074,5.0190,0.0216,0.0295,16,12288,196608,393216,39172.7422,78345.4844,0.0000,0,0.0000,0.0000,0,0.0000,0,0.0000,0.0000,0,0.0000,0.0000,0,0,0,0,0,0,0,0,0,0,0,0,0,0,0,0,0,0,0,0,0,0,0,0,0
WG_METRICS 248,16,12288,5.0650,0.0080,0.0074,4.9974,0.0229,0.0292,16,12288,196608,393216,39341.7422,78683.4844,0.0000,0,0.0000,0.0000,0,0.0000,0,0.0000,0.0000,0,0.0000,0.0000,0,0,0,0,0,0,0,0,0,0,0,0,0,0,0,0,0,0,0,0,0,0,0,0,0
WG_METRICS 249,16,12288,5.1098,0.0080,0.0074,5.0429,0.0221,0.0294,16,12288,196608,393216,38987.2461,77974.4922,0.0000,0,0.0000,0.0000,0,0.0000,0,0.0000,0.0000,0,0.0000,0.0000,0,0,0,0,0,0,0,0,0,0,0,0,0,0,0,0,0,0,0,0,0,0,0,0,0
WG_METRICS 250,16,12288,5.0942,0.0081,0.0073,5.0260,0.0224,0.0305,16,12288,196608,393216,39118.1836,78236.3672,0.0000,0,0.0000,0.0000,0,0.0000,0,0.0000,0.0000,0,0.0000,0.0000,0,0,0,0,0,0,0,0,0,0,0,0,0,0,0,0,0,0,0,0,0,0,0,0,0
WG_METRICS 251,16,12288,5.1102,0.0080,0.0073,5.0415,0.0228,0.0306,16,12288,196608,393216,38997.7617,77995.5234,0.0000,0,0.0000,0.0000,0,0.0000,0,0.0000,0.0000,0,0.0000,0.0000,0,0,0,0,0,0,0,0,0,0,0,0,0,0,0,0,0,0,0,0,0,0,0,0,0
WG_METRICS 252,16,12288,5.0913,0.0080,0.0074,5.0230,0.0222,0.0308,16,12288,196608,393216,39141.5508,78283.1016,0.0000,0,0.0000,0.0000,0,0.0000,0,0.0000,0.0000,0,0.0000,0.0000,0,0,0,0,0,0,0,0,0,0,0,0,0,0,0,0,0,0,0,0,0,0,0,0,0
WG_METRICS 253,16,12288,5.1840,0.0080,0.0074,5.1127,0.0219,0.0340,16,12288,196608,393216,38454.6758,76909.3516,0.0000,0,0.0000,0.0000,0,0.0000,0,0.0000,0.0000,0,0.0000,0.0000,0,0,0,0,0,0,0,0,0,0,0,0,0,0,0,0,0,0,0,0,0,0,0,0,0
WG_METRICS 254,16,12288,5.1933,0.0081,0.0075,5.1253,0.0226,0.0298,16,12288,196608,393216,38360.1406,76720.2812,0.0000,0,0.0000,0.0000,0,0.0000,0,0.0000,0.0000,0,0.0000,0.0000,0,0,0,0,0,0,0,0,0,0,0,0,0,0,0,0,0,0,0,0,0,0,0,0,0
WG_METRICS 255,16,12288,5.0454,0.0080,0.0074,4.9868,0.0138,0.0294,16,12288,196608,393216,39425.3711,78850.7422,0.0000,0,0.0000,0.0000,0,0.0000,0,0.0000,0.0000,0,0.0000,0.0000,0,0,0,0,0,0,0,0,0,0,0,0,0,0,0,0,0,0,0,0,0,0,0,0,0
WG_METRICS 256,16,12288,5.1594,0.0080,0.0074,5.0930,0.0220,0.0289,16,12288,196608,393216,38603.2695,77206.5391,0.0000,0,0.0000,0.0000,0,0.0000,0,0.0000,0.0000,0,0.0000,0.0000,0,0,0,0,0,0,0,0,0,0,0,0,0,0,0,0,0,0,0,0,0,0,0,0,0
WG_METRICS 257,16,12288,5.0911,0.0081,0.0074,5.0234,0.0224,0.0299,16,12288,196608,393216,39138.7461,78277.4922,0.0000,0,0.0000,0.0000,0,0.0000,0,0.0000,0.0000,0,0.0000,0.0000,0,0,0,0,0,0,0,0,0,0,0,0,0,0,0,0,0,0,0,0,0,0,0,0,0
WG_METRICS 258,16,12288,4.9244,0.0081,0.0073,4.8570,0.0234,0.0286,16,12288,196608,393216,40478.9766,80957.9531,0.0000,0,0.0000,0.0000,0,0.0000,0,0.0000,0.0000,0,0.0000,0.0000,0,0,0,0,0,0,0,0,0,0,0,0,0,0,0,0,0,0,0,0,0,0,0,0,0
WG_METRICS 259,16,12288,5.0318,0.0080,0.0074,4.9628,0.0226,0.0309,16,12288,196608,393216,39616.0273,79232.0547,0.0000,0,0.0000,0.0000,0,0.0000,0,0.0000,0.0000,0,0.0000,0.0000,0,0,0,0,0,0,0,0,0,0,0,0,0,0,0,0,0,0,0,0,0,0,0,0,0
WG_METRICS 260,16,12288,5.1522,0.0081,0.0073,5.0859,0.0220,0.0290,16,12288,196608,393216,38657.6172,77315.2344,0.0000,0,0.0000,0.0000,0,0.0000,0,0.0000,0.0000,0,0.0000,0.0000,0,0,0,0,0,0,0,0,0,0,0,0,0,0,0,0,0,0,0,0,0,0,0,0,0
WG_METRICS 261,16,12288,5.1406,0.0080,0.0074,5.0820,0.0129,0.0302,16,12288,196608,393216,38687.1328,77374.2656,0.0000,0,0.0000,0.0000,0,0.0000,0,0.0000,0.0000,0,0.0000,0.0000,0,0,0,0,0,0,0,0,0,0,0,0,0,0,0,0,0,0,0,0,0,0,0,0,0
WG_METRICS 262,16,12288,5.1531,0.0080,0.0074,5.0875,0.0226,0.0275,16,12288,196608,393216,38645.1523,77290.3047,0.0000,0,0.0000,0.0000,0,0.0000,0,0.0000,0.0000,0,0.0000,0.0000,0,0,0,0,0,0,0,0,0,0,0,0,0,0,0,0,0,0,0,0,0,0,0,0,0
WG_METRICS 263,16,12288,5.0856,0.0080,0.0074,5.0171,0.0230,0.0301,16,12288,196608,393216,39187.4219,78374.8438,0.0000,0,0.0000,0.0000,0,0.0000,0,0.0000,0.0000,0,0.0000,0.0000,0,0,0,0,0,0,0,0,0,0,0,0,0,0,0,0,0,0,0,0,0,0,0,0,0
WG_METRICS 264,16,12288,5.1294,0.0080,0.0074,5.0635,0.0219,0.0286,16,12288,196608,393216,38828.6328,77657.2656,0.0000,0,0.0000,0.0000,0,0.0000,0,0.0000,0.0000,0,0.0000,0.0000,0,0,0,0,0,0,0,0,0,0,0,0,0,0,0,0,0,0,0,0,0,0,0,0,0
WG_METRICS 265,16,12288,5.0962,0.0081,0.0074,5.0279,0.0226,0.0302,16,12288,196608,393216,39103.2500,78206.5000,0.0000,0,0.0000,0.0000,0,0.0000,0,0.0000,0.0000,0,0.0000,0.0000,0,0,0,0,0,0,0,0,0,0,0,0,0,0,0,0,0,0,0,0,0,0,0,0,0
WG_METRICS 266,16,12288,5.1658,0.0080,0.0074,5.0992,0.0215,0.0297,16,12288,196608,393216,38556.3359,77112.6719,0.0000,0,0.0000,0.0000,0,0.0000,0,0.0000,0.0000,0,0.0000,0.0000,0,0,0,0,0,0,0,0,0,0,0,0,0,0,0,0,0,0,0,0,0,0,0,0,0
WG_METRICS 267,16,12288,5.0642,0.0081,0.0073,4.9987,0.0215,0.0286,16,12288,196608,393216,39331.9844,78663.9688,0.0000,0,0.0000,0.0000,0,0.0000,0,0.0000,0.0000,0,0.0000,0.0000,0,0,0,0,0,0,0,0,0,0,0,0,0,0,0,0,0,0,0,0,0,0,0,0,0
WG_METRICS 268,16,12288,5.1463,0.0080,0.0074,5.0789,0.0234,0.0286,16,12288,196608,393216,38710.5938,77421.1875,0.0000,0,0.0000,0.0000,0,0.0000,0,0.0000,0.0000,0,0.0000,0.0000,0,0,0,0,0,0,0,0,0,0,0,0,0,0,0,0,0,0,0,0,0,0,0,0,0
WG_METRICS 269,16,12288,5.0648,0.0080,0.0074,4.9974,0.0221,0.0298,16,12288,196608,393216,39342.0586,78684.1172,0.0000,0,0.0000,0.0000,0,0.0000,0,0.0000,0.0000,0,0.0000,0.0000,0,0,0,0,0,0,0,0,0,0,0,0,0,0,0,0,0,0,0,0,0,0,0,0,0
WG_METRICS 270,16,12288,5.2079,0.0081,0.0073,5.1497,0.0134,0.0294,16,12288,196608,393216,38178.6836,76357.3672,0.0000,0,0.0000,0.0000,0,0.0000,0,0.0000,0.0000,0,0.0000,0.0000,0,0,0,0,0,0,0,0,0,0,0,0,0,0,0,0,0,0,0,0,0,0,0,0,0
WG_METRICS 271,16,12288,5.0131,0.0080,0.0074,4.9462,0.0226,0.0289,16,12288,196608,393216,39749.6250,79499.2500,0.0000,0,0.0000,0.0000,0,0.0000,0,0.0000,0.0000,0,0.0000,0.0000,0,0,0,0,0,0,0,0,0,0,0,0,0,0,0,0,0,0,0,0,0,0,0,0,0
WG_METRICS 272,16,12288,5.0873,0.0080,0.0074,5.0208,0.0216,0.0295,16,12288,196608,393216,39159.0117,78318.0234,0.0000,0,0.0000,0.0000,0,0.0000,0,0.0000,0.0000,0,0.0000,0.0000,0,0,0,0,0,0,0,0,0,0,0,0,0,0,0,0,0,0,0,0,0,0,0,0,0
WG_METRICS 273,16,12288,5.1270,0.0080,0.0074,5.0614,0.0215,0.0287,16,12288,196608,393216,38844.5898,77689.1797,0.0000,0,0.0000,0.0000,0,0.0000,0,0.0000,0.0000,0,0.0000,0.0000,0,0,0,0,0,0,0,0,0,0,0,0,0,0,0,0,0,0,0,0,0,0,0,0,0
WG_METRICS 274,16,12288,5.1362,0.0082,0.0073,5.0772,0.0142,0.0292,16,12288,196608,393216,38723.4023,77446.8047,0.0000,0,0.0000,0.0000,0,0.0000,0,0.0000,0.0000,0,0.0000,0.0000,0,0,0,0,0,0,0,0,0,0,0,0,0,0,0,0,0,0,0,0,0,0,0,0,0
WG_METRICS 275,16,12288,5.5136,0.0080,0.0074,5.4528,0.0186,0.0268,16,12288,196608,393216,36056.6016,72113.2031,0.0000,0,0.0000,0.0000,0,0.0000,0,0.0000,0.0000,0,0.0000,0.0000,0,0,0,0,0,0,0,0,0,0,0,0,0,0,0,0,0,0,0,0,0,0,0,0,0
WG_METRICS 276,16,12288,5.1627,0.0080,0.0074,5.1048,0.0134,0.0290,16,12288,196608,393216,38514.6406,77029.2812,0.0000,0,0.0000,0.0000,0,0.0000,0,0.0000,0.0000,0,0.0000,0.0000,0,0,0,0,0,0,0,0,0,0,0,0,0,0,0,0,0,0,0,0,0,0,0,0,0
WG_METRICS 277,16,12288,5.1920,0.0080,0.0074,5.1325,0.0151,0.0289,16,12288,196608,393216,38306.3281,76612.6562,0.0000,0,0.0000,0.0000,0,0.0000,0,0.0000,0.0000,0,0.0000,0.0000,0,0,0,0,0,0,0,0,0,0,0,0,0,0,0,0,0,0,0,0,0,0,0,0,0
WG_METRICS 278,16,12288,4.9897,0.0080,0.0074,4.9236,0.0221,0.0286,16,12288,196608,393216,39932.0820,79864.1641,0.0000,0,0.0000,0.0000,0,0.0000,0,0.0000,0.0000,0,0.0000,0.0000,0,0,0,0,0,0,0,0,0,0,0,0,0,0,0,0,0,0,0,0,0,0,0,0,0
WG_METRICS 279,16,12288,5.0950,0.0080,0.0073,5.0377,0.0130,0.0290,16,12288,196608,393216,39027.4883,78054.9766,0.0000,0,0.0000,0.0000,0,0.0000,0,0.0000,0.0000,0,0.0000,0.0000,0,0,0,0,0,0,0,0,0,0,0,0,0,0,0,0,0,0,0,0,0,0,0,0,0
WG_METRICS 280,16,12288,4.9306,0.0080,0.0073,4.8614,0.0229,0.0309,16,12288,196608,393216,40442.3359,80884.6719,0.0000,0,0.0000,0.0000,0,0.0000,0,0.0000,0.0000,0,0.0000,0.0000,0,0,0,0,0,0,0,0,0,0,0,0,0,0,0,0,0,0,0,0,0,0,0,0,0
WG_METRICS 281,16,12288,5.0818,0.0081,0.0074,5.0234,0.0137,0.0292,16,12288,196608,393216,39138.7461,78277.4922,0.0000,0,0.0000,0.0000,0,0.0000,0,0.0000,0.0000,0,0.0000,0.0000,0,0,0,0,0,0,0,0,0,0,0,0,0,0,0,0,0,0,0,0,0,0,0,0,0
WG_METRICS 282,16,12288,5.2578,0.0080,0.0074,5.1958,0.0177,0.0290,16,12288,196608,393216,37840.0859,75680.1719,0.0000,0,0.0000,0.0000,0,0.0000,0,0.0000,0.0000,0,0.0000,0.0000,0,0,0,0,0,0,0,0,0,0,0,0,0,0,0,0,0,0,0,0,0,0,0,0,0
WG_METRICS 283,16,12288,5.0057,0.0080,0.0074,4.9450,0.0140,0.0313,16,12288,196608,393216,39759.2695,79518.5391,0.0000,0,0.0000,0.0000,0,0.0000,0,0.0000,0.0000,0,0.0000,0.0000,0,0,0,0,0,0,0,0,0,0,0,0,0,0,0,0,0,0,0,0,0,0,0,0,0
WG_METRICS 284,16,12288,5.1086,0.0080,0.0074,5.0422,0.0218,0.0292,16,12288,196608,393216,38992.8125,77985.6250,0.0000,0,0.0000,0.0000,0,0.0000,0,0.0000,0.0000,0,0.0000,0.0000,0,0,0,0,0,0,0,0,0,0,0,0,0,0,0,0,0,0,0,0,0,0,0,0,0
WG_METRICS 285,16,12288,4.9714,0.0081,0.0073,4.9034,0.0215,0.0311,16,12288,196608,393216,40096.5859,80193.1719,0.0000,0,0.0000,0.0000,0,0.0000,0,0.0000,0.0000,0,0.0000,0.0000,0,0,0,0,0,0,0,0,0,0,0,0,0,0,0,0,0,0,0,0,0,0,0,0,0
WG_METRICS 286,16,12288,5.1706,0.0080,0.0075,5.1109,0.0146,0.0297,16,12288,196608,393216,38468.2227,76936.4453,0.0000,0,0.0000,0.0000,0,0.0000,0,0.0000,0.0000,0,0.0000,0.0000,0,0,0,0,0,0,0,0,0,0,0,0,0,0,0,0,0,0,0,0,0,0,0,0,0
WG_METRICS 287,16,12288,5.1372,0.0081,0.0073,5.0781,0.0140,0.0296,16,12288,196608,393216,38716.6875,77433.3750,0.0000,0,0.0000,0.0000,0,0.0000,0,0.0000,0.0000,0,0.0000,0.0000,0,0,0,0,0,0,0,0,0,0,0,0,0,0,0,0,0,0,0,0,0,0,0,0,0
WG_METRICS 288,16,12288,5.1092,0.0080,0.0074,5.0428,0.0218,0.0291,16,12288,196608,393216,38987.5547,77975.1094,0.0000,0,0.0000,0.0000,0,0.0000,0,0.0000,0.0000,0,0.0000,0.0000,0,0,0,0,0,0,0,0,0,0,0,0,0,0,0,0,0,0,0,0,0,0,0,0,0
WG_METRICS 289,16,12288,5.1154,0.0080,0.0074,5.0559,0.0138,0.0303,16,12288,196608,393216,38886.6914,77773.3828,0.0000,0,0.0000,0.0000,0,0.0000,0,0.0000,0.0000,0,0.0000,0.0000,0,0,0,0,0,0,0,0,0,0,0,0,0,0,0,0,0,0,0,0,0,0,0,0,0
WG_METRICS 290,16,12288,5.0798,0.0080,0.0074,5.0130,0.0216,0.0298,16,12288,196608,393216,39219.6289,78439.2578,0.0000,0,0.0000,0.0000,0,0.0000,0,0.0000,0.0000,0,0.0000,0.0000,0,0,0,0,0,0,0,0,0,0,0,0,0,0,0,0,0,0,0,0,0,0,0,0,0
WG_METRICS 291,16,12288,5.1307,0.0080,0.0074,5.0622,0.0226,0.0306,16,12288,196608,393216,38838.7578,77677.5156,0.0000,0,0.0000,0.0000,0,0.0000,0,0.0000,0.0000,0,0.0000,0.0000,0,0,0,0,0,0,0,0,0,0,0,0,0,0,0,0,0,0,0,0,0,0,0,0,0
WG_METRICS 292,16,12288,5.0021,0.0081,0.0074,4.9353,0.0226,0.0288,16,12288,196608,393216,39837.2539,79674.5078,0.0000,0,0.0000,0.0000,0,0.0000,0,0.0000,0.0000,0,0.0000,0.0000,0,0,0,0,0,0,0,0,0,0,0,0,0,0,0,0,0,0,0,0,0,0,0,0,0
WG_METRICS 293,16,12288,5.0932,0.0080,0.0074,5.0364,0.0126,0.0288,16,12288,196608,393216,39037.7188,78075.4375,0.0000,0,0.0000,0.0000,0,0.0000,0,0.0000,0.0000,0,0.0000,0.0000,0,0,0,0,0,0,0,0,0,0,0,0,0,0,0,0,0,0,0,0,0,0,0,0,0
WG_METRICS 294,16,12288,5.0429,0.0080,0.0074,4.9764,0.0227,0.0284,16,12288,196608,393216,39508.0781,79016.1562,0.0000,0,0.0000,0.0000,0,0.0000,0,0.0000,0.0000,0,0.0000,0.0000,0,0,0,0,0,0,0,0,0,0,0,0,0,0,0,0,0,0,0,0,0,0,0,0,0
WG_METRICS 295,16,12288,5.1318,0.0081,0.0074,5.0642,0.0231,0.0290,16,12288,196608,393216,38823.1133,77646.2266,0.0000,0,0.0000,0.0000,0,0.0000,0,0.0000,0.0000,0,0.0000,0.0000,0,0,0,0,0,0,0,0,0,0,0,0,0,0,0,0,0,0,0,0,0,0,0,0,0
WG_METRICS 296,16,12288,4.9781,0.0080,0.0074,4.9210,0.0134,0.0282,16,12288,196608,393216,39952.5312,79905.0625,0.0000,0,0.0000,0.0000,0,0.0000,0,0.0000,0.0000,0,0.0000,0.0000,0,0,0,0,0,0,0,0,0,0,0,0,0,0,0,0,0,0,0,0,0,0,0,0,0
WG_METRICS 297,16,12288,5.1617,0.0081,0.0073,5.0932,0.0227,0.0305,16,12288,196608,393216,38602.3594,77204.7188,0.0000,0,0.0000,0.0000,0,0.0000,0,0.0000,0.0000,0,0.0000,0.0000,0,0,0,0,0,0,0,0,0,0,0,0,0,0,0,0,0,0,0,0,0,0,0,0,0
WG_METRICS 298,16,12288,5.1206,0.0081,0.0073,5.0548,0.0214,0.0290,16,12288,196608,393216,38895.0000,77790.0000,0.0000,0,0.0000,0.0000,0,0.0000,0,0.0000,0.0000,0,0.0000,0.0000,0,0,0,0,0,0,0,0,0,0,0,0,0,0,0,0,0,0,0,0,0,0,0,0,0
WG_METRICS 299,16,12288,5.0406,0.0080,0.0074,4.9830,0.0131,0.0292,16,12288,196608,393216,39455.7500,78911.5000,0.0000,0,0.0000,0.0000,0,0.0000,0,0.0000,0.0000,0,0.0000,0.0000,0,0,0,0,0,0,0,0,0,0,0,0,0,0,0,0,0,0,0,0,0,0,0,0,0
WG_METRICS 300,16,12288,5.1451,0.0080,0.0074,5.0786,0.0222,0.0290,16,12288,196608,393216,38713.3359,77426.6719,0.0000,0,0.0000,0.0000,0,0.0000,0,0.0000,0.0000,0,0.0000,0.0000,0,0,0,0,0,0,0,0,0,0,0,0,0,0,0,0,0,0,0,0,0,0,0,0,0
WG_METRICS 301,16,12288,5.1207,0.0081,0.0073,5.0560,0.0211,0.0281,16,12288,196608,393216,38885.7695,77771.5391,0.0000,0,0.0000,0.0000,0,0.0000,0,0.0000,0.0000,0,0.0000,0.0000,0,0,0,0,0,0,0,0,0,0,0,0,0,0,0,0,0,0,0,0,0,0,0,0,0
WG_METRICS 302,16,12288,5.2348,0.0080,0.0074,5.1659,0.0220,0.0314,16,12288,196608,393216,38058.6641,76117.3281,0.0000,0,0.0000,0.0000,0,0.0000,0,0.0000,0.0000,0,0.0000,0.0000,0,0,0,0,0,0,0,0,0,0,0,0,0,0,0,0,0,0,0,0,0,0,0,0,0
WG_METRICS 303,16,12288,5.1017,0.0080,0.0074,5.0351,0.0223,0.0289,16,12288,196608,393216,39047.3320,78094.6641,0.0000,0,0.0000,0.0000,0,0.0000,0,0.0000,0.0000,0,0.0000,0.0000,0,0,0,0,0,0,0,0,0,0,0,0,0,0,0,0,0,0,0,0,0,0,0,0,0
WG_METRICS 304,16,12288,5.0905,0.0081,0.0073,5.0211,0.0242,0.0297,16,12288,196608,393216,39156.2031,78312.4062,0.0000,0,0.0000,0.0000,0,0.0000,0,0.0000,0.0000,0,0.0000,0.0000,0,0,0,0,0,0,0,0,0,0,0,0,0,0,0,0,0,0,0,0,0,0,0,0,0
WG_METRICS 305,16,12288,5.0869,0.0080,0.0074,5.0244,0.0184,0.0287,16,12288,196608,393216,39130.9531,78261.9062,0.0000,0,0.0000,0.0000,0,0.0000,0,0.0000,0.0000,0,0.0000,0.0000,0,0,0,0,0,0,0,0,0,0,0,0,0,0,0,0,0,0,0,0,0,0,0,0,0
WG_METRICS 306,16,12288,5.2229,0.0081,0.0074,5.1540,0.0228,0.0307,16,12288,196608,393216,38146.9766,76293.9531,0.0000,0,0.0000,0.0000,0,0.0000,0,0.0000,0.0000,0,0.0000,0.0000,0,0,0,0,0,0,0,0,0,0,0,0,0,0,0,0,0,0,0,0,0,0,0,0,0
WG_METRICS 307,16,12288,5.4445,0.0080,0.0074,5.3828,0.0182,0.0281,16,12288,196608,393216,36525.5000,73051.0000,0.0000,0,0.0000,0.0000,0,0.0000,0,0.0000,0.0000,0,0.0000,0.0000,0,0,0,0,0,0,0,0,0,0,0,0,0,0,0,0,0,0,0,0,0,0,0,0,0
WG_METRICS 308,16,12288,5.1459,0.0081,0.0073,5.0788,0.0221,0.0296,16,12288,196608,393216,38711.5039,77423.0078,0.0000,0,0.0000,0.0000,0,0.0000,0,0.0000,0.0000,0,0.0000,0.0000,0,0,0,0,0,0,0,0,0,0,0,0,0,0,0,0,0,0,0,0,0,0,0,0,0
WG_METRICS 309,16,12288,5.0060,0.0080,0.0074,4.9484,0.0133,0.0288,16,12288,196608,393216,39731.6289,79463.2578,0.0000,0,0.0000,0.0000,0,0.0000,0,0.0000,0.0000,0,0.0000,0.0000,0,0,0,0,0,0,0,0,0,0,0,0,0,0,0,0,0,0,0,0,0,0,0,0,0
WG_METRICS 310,16,12288,5.0852,0.0080,0.0074,5.0283,0.0130,0.0285,16,12288,196608,393216,39100.1367,78200.2734,0.0000,0,0.0000,0.0000,0,0.0000,0,0.0000,0.0000,0,0.0000,0.0000,0,0,0,0,0,0,0,0,0,0,0,0,0,0,0,0,0,0,0,0,0,0,0,0,0
WG_METRICS 311,16,12288,5.1599,0.0080,0.0074,5.1167,0.0128,0.0151,16,12288,196608,393216,38424.9141,76849.8281,0.0000,0,0.0000,0.0000,0,0.0000,0,0.0000,0.0000,0,0.0000,0.0000,0,0,0,0,0,0,0,0,0,0,0,0,0,0,0,0,0,0,0,0,0,0,0,0,0
WG_METRICS 312,16,12288,5.1651,0.0075,0.0068,5.0986,0.0221,0.0302,16,12288,196608,393216,38561.4766,77122.9531,0.0000,0,0.0000,0.0000,0,0.0000,0,0.0000,0.0000,0,0.0000,0.0000,0,0,0,0,0,0,0,0,0,0,0,0,0,0,0,0,0,0,0,0,0,0,0,0,0
WG_METRICS 313,16,12288,5.1470,0.0080,0.0074,5.0882,0.0147,0.0287,16,12288,196608,393216,38639.9883,77279.9766,0.0000,0,0.0000,0.0000,0,0.0000,0,0.0000,0.0000,0,0.0000,0.0000,0,0,0,0,0,0,0,0,0,0,0,0,0,0,0,0,0,0,0,0,0,0,0,0,0
WG_METRICS 314,16,12288,5.1178,0.0080,0.0074,5.0527,0.0214,0.0283,16,12288,196608,393216,38911.6289,77823.2578,0.0000,0,0.0000,0.0000,0,0.0000,0,0.0000,0.0000,0,0.0000,0.0000,0,0,0,0,0,0,0,0,0,0,0,0,0,0,0,0,0,0,0,0,0,0,0,0,0
WG_METRICS 315,16,12288,5.0920,0.0080,0.0074,5.0268,0.0225,0.0274,16,12288,196608,393216,39112.2695,78224.5391,0.0000,0,0.0000,0.0000,0,0.0000,0,0.0000,0.0000,0,0.0000,0.0000,0,0,0,0,0,0,0,0,0,0,0,0,0,0,0,0,0,0,0,0,0,0,0,0,0
WG_METRICS 316,16,12288,5.0608,0.0080,0.0073,5.0032,0.0134,0.0289,16,12288,196608,393216,39296.1367,78592.2734,0.0000,0,0.0000,0.0000,0,0.0000,0,0.0000,0.0000,0,0.0000,0.0000,0,0,0,0,0,0,0,0,0,0,0,0,0,0,0,0,0,0,0,0,0,0,0,0,0
WG_METRICS 317,16,12288,5.1756,0.0099,0.0074,5.1066,0.0224,0.0293,16,12288,196608,393216,38501.0625,77002.1250,0.0000,0,0.0000,0.0000,0,0.0000,0,0.0000,0.0000,0,0.0000,0.0000,0,0,0,0,0,0,0,0,0,0,0,0,0,0,0,0,0,0,0,0,0,0,0,0,0
WG_METRICS 318,16,12288,5.2048,0.0080,0.0074,5.1387,0.0223,0.0284,16,12288,196608,393216,38260.4102,76520.8203,0.0000,0,0.0000,0.0000,0,0.0000,0,0.0000,0.0000,0,0.0000,0.0000,0,0,0,0,0,0,0,0,0,0,0,0,0,0,0,0,0,0,0,0,0,0,0,0,0
WG_METRICS 319,16,12288,5.2341,0.0080,0.0074,5.1739,0.0134,0.0314,16,12288,196608,393216,38000.1094,76000.2188,0.0000,0,0.0000,0.0000,0,0.0000,0,0.0000,0.0000,0,0.0000,0.0000,0,0,0,0,0,0,0,0,0,0,0,0,0,0,0,0,0,0,0,0,0,0,0,0,0
WG_METRICS 320,16,12288,5.0702,0.0080,0.0074,5.0121,0.0130,0.0296,16,12288,196608,393216,39226.5156,78453.0312,0.0000,0,0.0000,0.0000,0,0.0000,0,0.0000,0.0000,0,0.0000,0.0000,0,0,0,0,0,0,0,0,0,0,0,0,0,0,0,0,0,0,0,0,0,0,0,0,0
WG_METRICS 321,16,12288,5.1174,0.0080,0.0075,5.0506,0.0229,0.0284,16,12288,196608,393216,38927.6523,77855.3047,0.0000,0,0.0000,0.0000,0,0.0000,0,0.0000,0.0000,0,0.0000,0.0000,0,0,0,0,0,0,0,0,0,0,0,0,0,0,0,0,0,0,0,0,0,0,0,0,0
WG_METRICS 322,16,12288,5.0880,0.0080,0.0074,5.0281,0.0151,0.0293,16,12288,196608,393216,39101.6914,78203.3828,0.0000,0,0.0000,0.0000,0,0.0000,0,0.0000,0.0000,0,0.0000,0.0000,0,0,0,0,0,0,0,0,0,0,0,0,0,0,0,0,0,0,0,0,0,0,0,0,0
WG_METRICS 323,16,12288,5.2604,0.0081,0.0074,5.2108,0.0087,0.0254,16,12288,196608,393216,37731.1562,75462.3125,0.0000,0,0.0000,0.0000,0,0.0000,0,0.0000,0.0000,0,0.0000,0.0000,0,0,0,0,0,0,0,0,0,0,0,0,0,0,0,0,0,0,0,0,0,0,0,0,0
WG_METRICS 324,16,12288,5.0381,0.0080,0.0074,4.9698,0.0229,0.0299,16,12288,196608,393216,39560.2266,79120.4531,0.0000,0,0.0000,0.0000,0,0.0000,0,0.0000,0.0000,0,0.0000,0.0000,0,0,0,0,0,0,0,0,0,0,0,0,0,0,0,0,0,0,0,0,0,0,0,0,0
WG_METRICS 325,16,12288,5.1902,0.0080,0.0072,5.1236,0.0217,0.0296,16,12288,196608,393216,38373.0195,76746.0391,0.0000,0,0.0000,0.0000,0,0.0000,0,0.0000,0.0000,0,0.0000,0.0000,0,0,0,0,0,0,0,0,0,0,0,0,0,0,0,0,0,0,0,0,0,0,0,0,0
WG_METRICS 326,16,12288,5.0784,0.0080,0.0074,5.0220,0.0134,0.0276,16,12288,196608,393216,39149.3438,78298.6875,0.0000,0,0.0000,0.0000,0,0.0000,0,0.0000,0.0000,0,0.0000,0.0000,0,0,0,0,0,0,0,0,0,0,0,0,0,0,0,0,0,0,0,0,0,0,0,0,0
WG_METRICS 327,16,12288,5.2189,0.0080,0.0073,5.1516,0.0219,0.0302,16,12288,196608,393216,38164.7500,76329.5000,0.0000,0,0.0000,0.0000,0,0.0000,0,0.0000,0.0000,0,0.0000,0.0000,0,0,0,0,0,0,0,0,0,0,0,0,0,0,0,0,0,0,0,0,0,0,0,0,0
WG_METRICS 328,16,12288,5.0256,0.0080,0.0074,4.9681,0.0128,0.0292,16,12288,196608,393216,39573.9219,79147.8438,0.0000,0,0.0000,0.0000,0,0.0000,0,0.0000,0.0000,0,0.0000,0.0000,0,0,0,0,0,0,0,0,0,0,0,0,0,0,0,0,0,0,0,0,0,0,0,0,0
WG_METRICS 329,16,12288,4.9840,0.0081,0.0074,4.9263,0.0140,0.0283,16,12288,196608,393216,39909.7070,79819.4141,0.0000,0,0.0000,0.0000,0,0.0000,0,0.0000,0.0000,0,0.0000,0.0000,0,0,0,0,0,0,0,0,0,0,0,0,0,0,0,0,0,0,0,0,0,0,0,0,0
WG_METRICS 330,16,12288,5.0576,0.0080,0.0074,4.9918,0.0221,0.0283,16,12288,196608,393216,39386.5117,78773.0234,0.0000,0,0.0000,0.0000,0,0.0000,0,0.0000,0.0000,0,0.0000,0.0000,0,0,0,0,0,0,0,0,0,0,0,0,0,0,0,0,0,0,0,0,0,0,0,0,0
WG_METRICS 331,16,12288,5.0280,0.0080,0.0074,4.9642,0.0214,0.0270,16,12288,196608,393216,39605.1719,79210.3438,0.0000,0,0.0000,0.0000,0,0.0000,0,0.0000,0.0000,0,0.0000,0.0000,0,0,0,0,0,0,0,0,0,0,0,0,0,0,0,0,0,0,0,0,0,0,0,0,0
WG_METRICS 332,16,12288,5.1675,0.0080,0.0074,5.0966,0.0233,0.0322,16,12288,196608,393216,38576.3047,77152.6094,0.0000,0,0.0000,0.0000,0,0.0000,0,0.0000,0.0000,0,0.0000,0.0000,0,0,0,0,0,0,0,0,0,0,0,0,0,0,0,0,0,0,0,0,0,0,0,0,0
WG_METRICS 333,16,12288,5.0606,0.0081,0.0148,4.9850,0.0221,0.0307,16,12288,196608,393216,39440.2344,78880.4688,0.0000,0,0.0000,0.0000,0,0.0000,0,0.0000,0.0000,0,0.0000,0.0000,0,0,0,0,0,0,0,0,0,0,0,0,0,0,0,0,0,0,0,0,0,0,0,0,0
WG_METRICS 334,16,12288,5.1179,0.0080,0.0074,5.0597,0.0136,0.0291,16,12288,196608,393216,38857.7930,77715.5859,0.0000,0,0.0000,0.0000,0,0.0000,0,0.0000,0.0000,0,0.0000,0.0000,0,0,0,0,0,0,0,0,0,0,0,0,0,0,0,0,0,0,0,0,0,0,0,0,0
WG_METRICS 335,16,12288,5.1262,0.0082,0.0073,5.0662,0.0139,0.0306,16,12288,196608,393216,38807.4805,77614.9609,0.0000,0,0.0000,0.0000,0,0.0000,0,0.0000,0.0000,0,0.0000,0.0000,0,0,0,0,0,0,0,0,0,0,0,0,0,0,0,0,0,0,0,0,0,0,0,0,0
WG_METRICS 336,16,12288,4.9791,0.0080,0.0074,4.9224,0.0132,0.0281,16,12288,196608,393216,39941.8164,79883.6328,0.0000,0,0.0000,0.0000,0,0.0000,0,0.0000,0.0000,0,0.0000,0.0000,0,0,0,0,0,0,0,0,0,0,0,0,0,0,0,0,0,0,0,0,0,0,0,0,0
WG_METRICS 337,16,12288,5.1773,0.0080,0.0074,5.1162,0.0134,0.0322,16,12288,196608,393216,38428.5195,76857.0391,0.0000,0,0.0000,0.0000,0,0.0000,0,0.0000,0.0000,0,0.0000,0.0000,0,0,0,0,0,0,0,0,0,0,0,0,0,0,0,0,0,0,0,0,0,0,0,0,0
WG_METRICS 338,16,12288,5.1269,0.0080,0.0074,5.0588,0.0228,0.0298,16,12288,196608,393216,38864.5508,77729.1016,0.0000,0,0.0000,0.0000,0,0.0000,0,0.0000,0.0000,0,0.0000,0.0000,0,0,0,0,0,0,0,0,0,0,0,0,0,0,0,0,0,0,0,0,0,0,0,0,0
WG_METRICS 339,16,12288,5.2076,0.0080,0.0074,5.1408,0.0232,0.0281,16,12288,196608,393216,38244.6328,76489.2656,0.0000,0,0.0000,0.0000,0,0.0000,0,0.0000,0.0000,0,0.0000,0.0000,0,0,0,0,0,0,0,0,0,0,0,0,0,0,0,0,0,0,0,0,0,0,0,0,0
WG_METRICS 340,16,12288,5.1238,0.0081,0.0074,5.0572,0.0216,0.0295,16,12288,196608,393216,38876.8477,77753.6953,0.0000,0,0.0000,0.0000,0,0.0000,0,0.0000,0.0000,0,0.0000,0.0000,0,0,0,0,0,0,0,0,0,0,0,0,0,0,0,0,0,0,0,0,0,0,0,0,0
WG_METRICS 341,16,12288,5.0728,0.0081,0.0074,5.0151,0.0137,0.0285,16,12288,196608,393216,39203.0508,78406.1016,0.0000,0,0.0000,0.0000,0,0.0000,0,0.0000,0.0000,0,0.0000,0.0000,0,0,0,0,0,0,0,0,0,0,0,0,0,0,0,0,0,0,0,0,0,0,0,0,0
WG_METRICS 342,16,12288,5.3094,0.0080,0.0074,5.2497,0.0175,0.0268,16,12288,196608,393216,37451.1406,74902.2812,0.0000,0,0.0000,0.0000,0,0.0000,0,0.0000,0.0000,0,0.0000,0.0000,0,0,0,0,0,0,0,0,0,0,0,0,0,0,0,0,0,0,0,0,0,0,0,0,0
WG_METRICS 343,16,12288,5.0842,0.0080,0.0074,5.0170,0.0220,0.0298,16,12288,196608,393216,39188.0508,78376.1016,0.0000,0,0.0000,0.0000,0,0.0000,0,0.0000,0.0000,0,0.0000,0.0000,0,0,0,0,0,0,0,0,0,0,0,0,0,0,0,0,0,0,0,0,0,0,0,0,0
WG_METRICS 344,16,12288,5.1055,0.0081,0.0074,5.0376,0.0228,0.0296,16,12288,196608,393216,39027.7969,78055.5938,0.0000,0,0.0000,0.0000,0,0.0000,0,0.0000,0.0000,0,0.0000,0.0000,0,0,0,0,0,0,0,0,0,0,0,0,0,0,0,0,0,0,0,0,0,0,0,0,0
WG_METRICS 345,16,12288,5.1321,0.0081,0.0073,5.0620,0.0218,0.0329,16,12288,196608,393216,38839.9844,77679.9688,0.0000,0,0.0000,0.0000,0,0.0000,0,0.0000,0.0000,0,0.0000,0.0000,0,0,0,0,0,0,0,0,0,0,0,0,0,0,0,0,0,0,0,0,0,0,0,0,0
WG_METRICS 346,16,12288,5.3125,0.0080,0.0074,5.2449,0.0213,0.0309,16,12288,196608,393216,37485.6992,74971.3984,0.0000,0,0.0000,0.0000,0,0.0000,0,0.0000,0.0000,0,0.0000,0.0000,0,0,0,0,0,0,0,0,0,0,0,0,0,0,0,0,0,0,0,0,0,0,0,0,0
WG_METRICS 347,16,12288,5.1565,0.0080,0.0074,5.0898,0.0232,0.0280,16,12288,196608,393216,38627.5391,77255.0781,0.0000,0,0.0000,0.0000,0,0.0000,0,0.0000,0.0000,0,0.0000,0.0000,0,0,0,0,0,0,0,0,0,0,0,0,0,0,0,0,0,0,0,0,0,0,0,0,0
WG_METRICS 348,16,12288,5.0499,0.0080,0.0074,4.9845,0.0221,0.0279,16,12288,196608,393216,39444.0352,78888.0703,0.0000,0,0.0000,0.0000,0,0.0000,0,0.0000,0.0000,0,0.0000,0.0000,0,0,0,0,0,0,0,0,0,0,0,0,0,0,0,0,0,0,0,0,0,0,0,0,0
WG_METRICS 349,16,12288,5.1287,0.0081,0.0073,5.0618,0.0216,0.0298,16,12288,196608,393216,38841.2109,77682.4219,0.0000,0,0.0000,0.0000,0,0.0000,0,0.0000,0.0000,0,0.0000,0.0000,0,0,0,0,0,0,0,0,0,0,0,0,0,0,0,0,0,0,0,0,0,0,0,0,0
WG_METRICS 350,16,12288,5.3468,0.0080,0.0074,5.2844,0.0182,0.0288,16,12288,196608,393216,37205.0781,74410.1562,0.0000,0,0.0000,0.0000,0,0.0000,0,0.0000,0.0000,0,0.0000,0.0000,0,0,0,0,0,0,0,0,0,0,0,0,0,0,0,0,0,0,0,0,0,0,0,0,0
WG_METRICS 351,16,12288,5.1126,0.0081,0.0073,5.0510,0.0177,0.0284,16,12288,196608,393216,38924.2617,77848.5234,0.0000,0,0.0000,0.0000,0,0.0000,0,0.0000,0.0000,0,0.0000,0.0000,0,0,0,0,0,0,0,0,0,0,0,0,0,0,0,0,0,0,0,0,0,0,0,0,0
WG_METRICS 352,16,12288,5.0954,0.0081,0.0074,5.0358,0.0151,0.0290,16,12288,196608,393216,39042.0586,78084.1172,0.0000,0,0.0000,0.0000,0,0.0000,0,0.0000,0.0000,0,0.0000,0.0000,0,0,0,0,0,0,0,0,0,0,0,0,0,0,0,0,0,0,0,0,0,0,0,0,0
WG_METRICS 353,16,12288,5.1382,0.0080,0.0074,5.0795,0.0142,0.0290,16,12288,196608,393216,38706.0195,77412.0391,0.0000,0,0.0000,0.0000,0,0.0000,0,0.0000,0.0000,0,0.0000,0.0000,0,0,0,0,0,0,0,0,0,0,0,0,0,0,0,0,0,0,0,0,0,0,0,0,0
WG_METRICS 354,16,12288,5.0570,0.0080,0.0072,4.9916,0.0214,0.0288,16,12288,196608,393216,39387.4570,78774.9141,0.0000,0,0.0000,0.0000,0,0.0000,0,0.0000,0.0000,0,0.0000,0.0000,0,0,0,0,0,0,0,0,0,0,0,0,0,0,0,0,0,0,0,0,0,0,0,0,0
WG_METRICS 355,16,12288,5.1164,0.0080,0.0074,5.0458,0.0222,0.0330,16,12288,196608,393216,38964.3750,77928.7500,0.0000,0,0.0000,0.0000,0,0.0000,0,0.0000,0.0000,0,0.0000,0.0000,0,0,0,0,0,0,0,0,0,0,0,0,0,0,0,0,0,0,0,0,0,0,0,0,0
WG_METRICS 356,16,12288,5.1739,0.0081,0.0073,5.1073,0.0221,0.0291,16,12288,196608,393216,38495.6406,76991.2812,0.0000,0,0.0000,0.0000,0,0.0000,0,0.0000,0.0000,0,0.0000,0.0000,0,0,0,0,0,0,0,0,0,0,0,0,0,0,0,0,0,0,0,0,0,0,0,0,0
WG_METRICS 357,16,12288,5.1374,0.0080,0.0073,5.0688,0.0234,0.0298,16,12288,196608,393216,38787.8789,77575.7578,0.0000,0,0.0000,0.0000,0,0.0000,0,0.0000,0.0000,0,0.0000,0.0000,0,0,0,0,0,0,0,0,0,0,0,0,0,0,0,0,0,0,0,0,0,0,0,0,0
WG_METRICS 358,16,12288,5.3623,0.0081,0.0073,5.2980,0.0188,0.0301,16,12288,196608,393216,37109.5742,74219.1484,0.0000,0,0.0000,0.0000,0,0.0000,0,0.0000,0.0000,0,0.0000,0.0000,0,0,0,0,0,0,0,0,0,0,0,0,0,0,0,0,0,0,0,0,0,0,0,0,0
WG_METRICS 359,16,12288,5.1768,0.0080,0.0073,5.1178,0.0132,0.0305,16,12288,196608,393216,38416.5039,76833.0078,0.0000,0,0.0000,0.0000,0,0.0000,0,0.0000,0.0000,0,0.0000,0.0000,0,0,0,0,0,0,0,0,0,0,0,0,0,0,0,0,0,0,0,0,0,0,0,0,0
WG_METRICS 360,16,12288,5.1317,0.0081,0.0074,5.0800,0.0077,0.0286,16,12288,196608,393216,38702.6680,77405.3359,0.0000,0,0.0000,0.0000,0,0.0000,0,0.0000,0.0000,0,0.0000,0.0000,0,0,0,0,0,0,0,0,0,0,0,0,0,0,0,0,0,0,0,0,0,0,0,0,0
WG_METRICS 361,16,12288,5.0655,0.0080,0.0074,4.9974,0.0224,0.0302,16,12288,196608,393216,39342.0586,78684.1172,0.0000,0,0.0000,0.0000,0,0.0000,0,0.0000,0.0000,0,0.0000,0.0000,0,0,0,0,0,0,0,0,0,0,0,0,0,0,0,0,0,0,0,0,0,0,0,0,0
WG_METRICS 362,16,12288,5.0398,0.0080,0.0074,4.9828,0.0134,0.0283,16,12288,196608,393216,39457.3320,78914.6641,0.0000,0,0.0000,0.0000,0,0.0000,0,0.0000,0.0000,0,0.0000,0.0000,0,0,0,0,0,0,0,0,0,0,0,0,0,0,0,0,0,0,0,0,0,0,0,0,0
WG_METRICS 363,16,12288,5.0975,0.0080,0.0074,5.0306,0.0215,0.0301,16,12288,196608,393216,39082.7266,78165.4531,0.0000,0,0.0000,0.0000,0,0.0000,0,0.0000,0.0000,0,0.0000,0.0000,0,0,0,0,0,0,0,0,0,0,0,0,0,0,0,0,0,0,0,0,0,0,0,0,0
WG_METRICS 364,16,12288,5.1143,0.0080,0.0074,5.0546,0.0144,0.0298,16,12288,196608,393216,38896.5391,77793.0781,0.0000,0,0.0000,0.0000,0,0.0000,0,0.0000,0.0000,0,0.0000,0.0000,0,0,0,0,0,0,0,0,0,0,0,0,0,0,0,0,0,0,0,0,0,0,0,0,0
WG_METRICS 365,16,12288,4.9317,0.0080,0.0074,4.8657,0.0228,0.0278,16,12288,196608,393216,40406.7656,80813.5312,0.0000,0,0.0000,0.0000,0,0.0000,0,0.0000,0.0000,0,0.0000,0.0000,0,0,0,0,0,0,0,0,0,0,0,0,0,0,0,0,0,0,0,0,0,0,0,0,0
WG_METRICS 366,16,12288,5.0360,0.0080,0.0074,4.9770,0.0136,0.0300,16,12288,196608,393216,39503.3125,79006.6250,0.0000,0,0.0000,0.0000,0,0.0000,0,0.0000,0.0000,0,0.0000,0.0000,0,0,0,0,0,0,0,0,0,0,0,0,0,0,0,0,0,0,0,0,0,0,0,0,0
WG_METRICS 367,16,12288,5.0863,0.0080,0.0074,5.0338,0.0214,0.0156,16,12288,196608,393216,39057.8789,78115.7578,0.0000,0,0.0000,0.0000,0,0.0000,0,0.0000,0.0000,0,0.0000,0.0000,0,0,0,0,0,0,0,0,0,0,0,0,0,0,0,0,0,0,0,0,0,0,0,0,0
WG_METRICS 368,16,12288,5.0869,0.0074,0.0068,5.0360,0.0216,0.0151,16,12288,196608,393216,39040.5117,78081.0234,0.0000,0,0.0000,0.0000,0,0.0000,0,0.0000,0.0000,0,0.0000,0.0000,0,0,0,0,0,0,0,0,0,0,0,0,0,0,0,0,0,0,0,0,0,0,0,0,0
WG_METRICS 369,16,12288,5.0775,0.0075,0.0067,5.0388,0.0091,0.0154,16,12288,196608,393216,39018.8164,78037.6328,0.0000,0,0.0000,0.0000,0,0.0000,0,0.0000,0.0000,0,0.0000,0.0000,0,0,0,0,0,0,0,0,0,0,0,0,0,0,0,0,0,0,0,0,0,0,0,0,0
WG_METRICS 370,16,12288,5.0844,0.0075,0.0064,5.0465,0.0084,0.0156,16,12288,196608,393216,38959.4336,77918.8672,0.0000,0,0.0000,0.0000,0,0.0000,0,0.0000,0.0000,0,0.0000,0.0000,0,0,0,0,0,0,0,0,0,0,0,0,0,0,0,0,0,0,0,0,0,0,0,0,0
WG_METRICS 371,16,12288,4.9519,0.0074,0.0068,4.9004,0.0220,0.0153,16,12288,196608,393216,40121.1328,80242.2656,0.0000,0,0.0000,0.0000,0,0.0000,0,0.0000,0.0000,0,0.0000,0.0000,0,0,0,0,0,0,0,0,0,0,0,0,0,0,0,0,0,0,0,0,0,0,0,0,0
WG_METRICS 372,16,12288,5.0441,0.0075,0.0068,4.9940,0.0207,0.0151,16,12288,196608,393216,39368.5273,78737.0547,0.0000,0,0.0000,0.0000,0,0.0000,0,0.0000,0.0000,0,0.0000,0.0000,0,0,0,0,0,0,0,0,0,0,0,0,0,0,0,0,0,0,0,0,0,0,0,0,0
WG_METRICS 373,16,12288,5.1661,0.0075,0.0068,5.1156,0.0212,0.0150,16,12288,196608,393216,38433.0273,76866.0547,0.0000,0,0.0000,0.0000,0,0.0000,0,0.0000,0.0000,0,0.0000,0.0000,0,0,0,0,0,0,0,0,0,0,0,0,0,0,0,0,0,0,0,0,0,0,0,0,0
WG_METRICS 374,16,12288,5.0038,0.0075,0.0068,4.9522,0.0211,0.0162,16,12288,196608,393216,39700.8242,79401.6484,0.0000,0,0.0000,0.0000,0,0.0000,0,0.0000,0.0000,0,0.0000,0.0000,0,0,0,0,0,0,0,0,0,0,0,0,0,0,0,0,0,0,0,0,0,0,0,0,0
WG_METRICS 375,16,12288,5.0948,0.0074,0.0068,5.0436,0.0215,0.0154,16,12288,196608,393216,38981.6797,77963.3594,0.0000,0,0.0000,0.0000,0,0.0000,0,0.0000,0.0000,0,0.0000,0.0000,0,0,0,0,0,0,0,0,0,0,0,0,0,0,0,0,0,0,0,0,0,0,0,0,0
WG_METRICS 376,16,12288,5.0348,0.0075,0.0068,4.9842,0.0214,0.0150,16,12288,196608,393216,39446.5664,78893.1328,0.0000,0,0.0000,0.0000,0,0.0000,0,0.0000,0.0000,0,0.0000,0.0000,0,0,0,0,0,0,0,0,0,0,0,0,0,0,0,0,0,0,0,0,0,0,0,0,0
WG_METRICS 377,16,12288,5.2408,0.0075,0.0068,5.1976,0.0137,0.0152,16,12288,196608,393216,37826.6914,75653.3828,0.0000,0,0.0000,0.0000,0,0.0000,0,0.0000,0.0000,0,0.0000,0.0000,0,0,0,0,0,0,0,0,0,0,0,0,0,0,0,0,0,0,0,0,0,0,0,0,0
WG_METRICS 378,16,12288,5.2096,0.0074,0.0068,5.1588,0.0215,0.0150,16,12288,196608,393216,38111.4844,76222.9688,0.0000,0,0.0000,0.0000,0,0.0000,0,0.0000,0.0000,0,0.0000,0.0000,0,0,0,0,0,0,0,0,0,0,0,0,0,0,0,0,0,0,0,0,0,0,0,0,0
WG_METRICS 379,16,12288,5.1330,0.0080,0.0075,5.0756,0.0136,0.0283,16,12288,196608,393216,38735.6055,77471.2109,0.0000,0,0.0000,0.0000,0,0.0000,0,0.0000,0.0000,0,0.0000,0.0000,0,0,0,0,0,0,0,0,0,0,0,0,0,0,0,0,0,0,0,0,0,0,0,0,0
WG_METRICS 380,16,12288,5.0776,0.0080,0.0074,5.0184,0.0136,0.0301,16,12288,196608,393216,39177.1172,78354.2344,0.0000,0,0.0000,0.0000,0,0.0000,0,0.0000,0.0000,0,0.0000,0.0000,0,0,0,0,0,0,0,0,0,0,0,0,0,0,0,0,0,0,0,0,0,0,0,0,0
WG_METRICS 381,16,12288,5.1402,0.0080,0.0074,5.0828,0.0126,0.0294,16,12288,196608,393216,38681.3477,77362.6953,0.0000,0,0.0000,0.0000,0,0.0000,0,0.0000,0.0000,0,0.0000,0.0000,0,0,0,0,0,0,0,0,0,0,0,0,0,0,0,0,0,0,0,0,0,0,0,0,0
WG_METRICS 382,16,12288,5.0703,0.0080,0.0074,5.0031,0.0226,0.0292,16,12288,196608,393216,39297.3945,78594.7891,0.0000,0,0.0000,0.0000,0,0.0000,0,0.0000,0.0000,0,0.0000,0.0000,0,0,0,0,0,0,0,0,0,0,0,0,0,0,0,0,0,0,0,0,0,0,0,0,0
WG_METRICS 383,16,12288,5.1396,0.0081,0.0073,5.0731,0.0221,0.0290,16,12288,196608,393216,38755.1523,77510.3047,0.0000,0,0.0000,0.0000,0,0.0000,0,0.0000,0.0000,0,0.0000,0.0000,0,0,0,0,0,0,0,0,0,0,0,0,0,0,0,0,0,0,0,0,0,0,0,0,0
WG_METRICS 384,16,12288,5.1278,0.0080,0.0074,5.0596,0.0234,0.0294,16,12288,196608,393216,38858.4102,77716.8203,0.0000,0,0.0000,0.0000,0,0.0000,0,0.0000,0.0000,0,0.0000,0.0000,0,0,0,0,0,0,0,0,0,0,0,0,0,0,0,0,0,0,0,0,0,0,0,0,0
WG_METRICS 385,16,12288,5.1274,0.0080,0.0074,5.0605,0.0227,0.0287,16,12288,196608,393216,38851.3438,77702.6875,0.0000,0,0.0000,0.0000,0,0.0000,0,0.0000,0.0000,0,0.0000,0.0000,0,0,0,0,0,0,0,0,0,0,0,0,0,0,0,0,0,0,0,0,0,0,0,0,0
WG_METRICS 386,16,12288,5.1402,0.0081,0.0074,5.0747,0.0219,0.0282,16,12288,196608,393216,38742.9375,77485.8750,0.0000,0,0.0000,0.0000,0,0.0000,0,0.0000,0.0000,0,0.0000,0.0000,0,0,0,0,0,0,0,0,0,0,0,0,0,0,0,0,0,0,0,0,0,0,0,0,0
WG_METRICS 387,16,12288,5.1596,0.0095,0.0069,5.0905,0.0226,0.0301,16,12288,196608,393216,38622.3828,77244.7656,0.0000,0,0.0000,0.0000,0,0.0000,0,0.0000,0.0000,0,0.0000,0.0000,0,0,0,0,0,0,0,0,0,0,0,0,0,0,0,0,0,0,0,0,0,0,0,0,0
WG_METRICS 388,16,12288,5.1858,0.0081,0.0074,5.1175,0.0216,0.0312,16,12288,196608,393216,38418.6094,76837.2188,0.0000,0,0.0000,0.0000,0,0.0000,0,0.0000,0.0000,0,0.0000,0.0000,0,0,0,0,0,0,0,0,0,0,0,0,0,0,0,0,0,0,0,0,0,0,0,0,0
WG_METRICS 389,16,12288,5.1275,0.0080,0.0075,5.0686,0.0135,0.0300,16,12288,196608,393216,38789.7148,77579.4297,0.0000,0,0.0000,0.0000,0,0.0000,0,0.0000,0.0000,0,0.0000,0.0000,0,0,0,0,0,0,0,0,0,0,0,0,0,0,0,0,0,0,0,0,0,0,0,0,0
WG_METRICS 390,16,12288,5.0880,0.0080,0.0073,5.0222,0.0227,0.0278,16,12288,196608,393216,39148.0938,78296.1875,0.0000,0,0.0000,0.0000,0,0.0000,0,0.0000,0.0000,0,0.0000,0.0000,0,0,0,0,0,0,0,0,0,0,0,0,0,0,0,0,0,0,0,0,0,0,0,0,0
WG_METRICS 391,16,12288,5.0421,0.0080,0.0073,4.9855,0.0126,0.0286,16,12288,196608,393216,39436.1250,78872.2500,0.0000,0,0.0000,0.0000,0,0.0000,0,0.0000,0.0000,0,0.0000,0.0000,0,0,0,0,0,0,0,0,0,0,0,0,0,0,0,0,0,0,0,0,0,0,0,0,0
WG_METRICS 392,16,12288,5.5012,0.0081,0.0074,5.4392,0.0186,0.0280,16,12288,196608,393216,36146.7578,72293.5156,0.0000,0,0.0000,0.0000,0,0.0000,0,0.0000,0.0000,0,0.0000,0.0000,0,0,0,0,0,0,0,0,0,0,0,0,0,0,0,0,0,0,0,0,0,0,0,0,0
WG_METRICS 393,16,12288,5.1031,0.0080,0.0074,5.0451,0.0141,0.0285,16,12288,196608,393216,38970.2422,77940.4844,0.0000,0,0.0000,0.0000,0,0.0000,0,0.0000,0.0000,0,0.0000,0.0000,0,0,0,0,0,0,0,0,0,0,0,0,0,0,0,0,0,0,0,0,0,0,0,0,0
WG_METRICS 394,16,12288,5.1075,0.0081,0.0073,5.0479,0.0152,0.0290,16,12288,196608,393216,38948.6250,77897.2500,0.0000,0,0.0000,0.0000,0,0.0000,0,0.0000,0.0000,0,0.0000,0.0000,0,0,0,0,0,0,0,0,0,0,0,0,0,0,0,0,0,0,0,0,0,0,0,0,0
WG_METRICS 395,16,12288,5.2630,0.0081,0.0074,5.2116,0.0069,0.0290,16,12288,196608,393216,37725.3672,75450.7344,0.0000,0,0.0000,0.0000,0,0.0000,0,0.0000,0.0000,0,0.0000,0.0000,0,0,0,0,0,0,0,0,0,0,0,0,0,0,0,0,0,0,0,0,0,0,0,0,0
WG_METRICS 396,16,12288,5.3265,0.0080,0.0074,5.2748,0.0084,0.0280,16,12288,196608,393216,37273.0742,74546.1484,0.0000,0,0.0000,0.0000,0,0.0000,0,0.0000,0.0000,0,0.0000,0.0000,0,0,0,0,0,0,0,0,0,0,0,0,0,0,0,0,0,0,0,0,0,0,0,0,0
WG_METRICS 397,16,12288,5.1390,0.0081,0.0074,5.0694,0.0242,0.0300,16,12288,196608,393216,38783.2891,77566.5781,0.0000,0,0.0000,0.0000,0,0.0000,0,0.0000,0.0000,0,0.0000,0.0000,0,0,0,0,0,0,0,0,0,0,0,0,0,0,0,0,0,0,0,0,0,0,0,0,0
WG_METRICS 398,16,12288,5.0538,0.0080,0.0075,4.9872,0.0213,0.0298,16,12288,196608,393216,39422.5234,78845.0469,0.0000,0,0.0000,0.0000,0,0.0000,0,0.0000,0.0000,0,0.0000,0.0000,0,0,0,0,0,0,0,0,0,0,0,0,0,0,0,0,0,0,0,0,0,0,0,0,0
WG_METRICS 399,16,12288,5.1721,0.0080,0.0074,5.1053,0.0227,0.0287,16,12288,196608,393216,38510.7188,77021.4375,0.0000,0,0.0000,0.0000,0,0.0000,0,0.0000,0.0000,0,0.0000,0.0000,0,0,0,0,0,0,0,0,0,0,0,0,0,0,0,0,0,0,0,0,0,0,0,0,0
WG_METRICS 400,16,12288,4.8947,0.0080,0.0074,4.8302,0.0214,0.0277,16,12288,196608,393216,40703.5703,81407.1406,0.0000,0,0.0000,0.0000,0,0.0000,0,0.0000,0.0000,0,0.0000,0.0000,0,0,0,0,0,0,0,0,0,0,0,0,0,0,0,0,0,0,0,0,0,0,0,0,0
WG_METRICS 401,16,12288,5.1150,0.0080,0.0074,5.0574,0.0139,0.0283,16,12288,196608,393216,38875.6172,77751.2344,0.0000,0,0.0000,0.0000,0,0.0000,0,0.0000,0.0000,0,0.0000,0.0000,0,0,0,0,0,0,0,0,0,0,0,0,0,0,0,0,0,0,0,0,0,0,0,0,0
WG_METRICS 402,16,12288,5.0740,0.0080,0.0074,5.0040,0.0227,0.0319,16,12288,196608,393216,39290.1680,78580.3359,0.0000,0,0.0000,0.0000,0,0.0000,0,0.0000,0.0000,0,0.0000,0.0000,0,0,0,0,0,0,0,0,0,0,0,0,0,0,0,0,0,0,0,0,0,0,0,0,0
WG_METRICS 403,16,12288,5.1680,0.0080,0.0074,5.1037,0.0217,0.0272,16,12288,196608,393216,38522.4883,77044.9766,0.0000,0,0.0000,0.0000,0,0.0000,0,0.0000,0.0000,0,0.0000,0.0000,0,0,0,0,0,0,0,0,0,0,0,0,0,0,0,0,0,0,0,0,0,0,0,0,0
WG_METRICS 404,16,12288,5.1690,0.0080,0.0074,5.0999,0.0222,0.0314,16,12288,196608,393216,38551.1953,77102.3906,0.0000,0,0.0000,0.0000,0,0.0000,0,0.0000,0.0000,0,0.0000,0.0000,0,0,0,0,0,0,0,0,0,0,0,0,0,0,0,0,0,0,0,0,0,0,0,0,0
WG_METRICS 405,16,12288,5.1106,0.0080,0.0074,5.0424,0.0226,0.0303,16,12288,196608,393216,38991.2656,77982.5312,0.0000,0,0.0000,0.0000,0,0.0000,0,0.0000,0.0000,0,0.0000,0.0000,0,0,0,0,0,0,0,0,0,0,0,0,0,0,0,0,0,0,0,0,0,0,0,0,0
WG_METRICS 406,16,12288,5.1135,0.0080,0.0074,5.0444,0.0233,0.0304,16,12288,196608,393216,38975.4961,77950.9922,0.0000,0,0.0000,0.0000,0,0.0000,0,0.0000,0.0000,0,0.0000,0.0000,0,0,0,0,0,0,0,0,0,0,0,0,0,0,0,0,0,0,0,0,0,0,0,0,0
WG_METRICS 407,16,12288,5.1440,0.0081,0.0074,5.0766,0.0228,0.0291,16,12288,196608,393216,38728.5859,77457.1719,0.0000,0,0.0000,0.0000,0,0.0000,0,0.0000,0.0000,0,0.0000,0.0000,0,0,0,0,0,0,0,0,0,0,0,0,0,0,0,0,0,0,0,0,0,0,0,0,0
WG_METRICS 408,16,12288,5.1261,0.0081,0.0072,5.0683,0.0140,0.0284,16,12288,196608,393216,38791.8555,77583.7109,0.0000,0,0.0000,0.0000,0,0.0000,0,0.0000,0.0000,0,0.0000,0.0000,0,0,0,0,0,0,0,0,0,0,0,0,0,0,0,0,0,0,0,0,0,0,0,0,0
WG_METRICS 409,16,12288,5.1421,0.0080,0.0074,5.0762,0.0217,0.0288,16,12288,196608,393216,38731.3359,77462.6719,0.0000,0,0.0000,0.0000,0,0.0000,0,0.0000,0.0000,0,0.0000,0.0000,0,0,0,0,0,0,0,0,0,0,0,0,0,0,0,0,0,0,0,0,0,0,0,0,0
WG_METRICS 410,16,12288,5.0968,0.0080,0.0074,5.0310,0.0216,0.0287,16,12288,196608,393216,39078.9961,78157.9922,0.0000,0,0.0000,0.0000,0,0.0000,0,0.0000,0.0000,0,0.0000,0.0000,0,0,0,0,0,0,0,0,0,0,0,0,0,0,0,0,0,0,0,0,0,0,0,0,0
WG_METRICS 411,16,12288,5.1914,0.0081,0.0073,5.1228,0.0226,0.0306,16,12288,196608,393216,38379.3125,76758.6250,0.0000,0,0.0000,0.0000,0,0.0000,0,0.0000,0.0000,0,0.0000,0.0000,0,0,0,0,0,0,0,0,0,0,0,0,0,0,0,0,0,0,0,0,0,0,0,0,0
WG_METRICS 412,16,12288,5.0605,0.0081,0.0074,4.9926,0.0221,0.0303,16,12288,196608,393216,39379.5664,78759.1328,0.0000,0,0.0000,0.0000,0,0.0000,0,0.0000,0.0000,0,0.0000,0.0000,0,0,0,0,0,0,0,0,0,0,0,0,0,0,0,0,0,0,0,0,0,0,0,0,0
WG_METRICS 413,16,12288,5.1228,0.0081,0.0074,5.0520,0.0241,0.0312,16,12288,196608,393216,38916.8633,77833.7266,0.0000,0,0.0000,0.0000,0,0.0000,0,0.0000,0.0000,0,0.0000,0.0000,0,0,0,0,0,0,0,0,0,0,0,0,0,0,0,0,0,0,0,0,0,0,0,0,0
WG_METRICS 414,16,12288,5.0052,0.0080,0.0075,4.9473,0.0138,0.0286,16,12288,196608,393216,39740.6250,79481.2500,0.0000,0,0.0000,0.0000,0,0.0000,0,0.0000,0.0000,0,0.0000,0.0000,0,0,0,0,0,0,0,0,0,0,0,0,0,0,0,0,0,0,0,0,0,0,0,0,0
WG_METRICS 415,16,12288,5.0114,0.0080,0.0075,4.9445,0.0221,0.0293,16,12288,196608,393216,39763.1289,79526.2578,0.0000,0,0.0000,0.0000,0,0.0000,0,0.0000,0.0000,0,0.0000,0.0000,0,0,0,0,0,0,0,0,0,0,0,0,0,0,0,0,0,0,0,0,0,0,0,0,0
WG_METRICS 416,16,12288,5.0595,0.0080,0.0074,5.0026,0.0126,0.0289,16,12288,196608,393216,39301.4766,78602.9531,0.0000,0,0.0000,0.0000,0,0.0000,0,0.0000,0.0000,0,0.0000,0.0000,0,0,0,0,0,0,0,0,0,0,0,0,0,0,0,0,0,0,0,0,0,0,0,0,0
WG_METRICS 417,16,12288,5.1531,0.0080,0.0074,5.0877,0.0227,0.0272,16,12288,196608,393216,38643.6367,77287.2734,0.0000,0,0.0000,0.0000,0,0.0000,0,0.0000,0.0000,0,0.0000,0.0000,0,0,0,0,0,0,0,0,0,0,0,0,0,0,0,0,0,0,0,0,0,0,0,0,0
WG_METRICS 418,16,12288,5.1064,0.0081,0.0073,5.0462,0.0145,0.0304,16,12288,196608,393216,38961.5977,77923.1953,0.0000,0,0.0000,0.0000,0,0.0000,0,0.0000,0.0000,0,0.0000,0.0000,0,0,0,0,0,0,0,0,0,0,0,0,0,0,0,0,0,0,0,0,0,0,0,0,0
WG_METRICS 419,16,12288,5.1072,0.0080,0.0074,5.0392,0.0220,0.0305,16,12288,196608,393216,39015.4062,78030.8125,0.0000,0,0.0000,0.0000,0,0.0000,0,0.0000,0.0000,0,0.0000,0.0000,0,0,0,0,0,0,0,0,0,0,0,0,0,0,0,0,0,0,0,0,0,0,0,0,0
WG_METRICS 420,16,12288,5.0898,0.0081,0.0073,5.0230,0.0220,0.0295,16,12288,196608,393216,39141.5508,78283.1016,0.0000,0,0.0000,0.0000,0,0.0000,0,0.0000,0.0000,0,0.0000,0.0000,0,0,0,0,0,0,0,0,0,0,0,0,0,0,0,0,0,0,0,0,0,0,0,0,0
WG_METRICS 421,16,12288,5.1854,0.0080,0.0074,5.1162,0.0217,0.0321,16,12288,196608,393216,38428.8203,76857.6406,0.0000,0,0.0000,0.0000,0,0.0000,0,0.0000,0.0000,0,0.0000,0.0000,0,0,0,0,0,0,0,0,0,0,0,0,0,0,0,0,0,0,0,0,0,0,0,0,0
WG_METRICS 422,16,12288,5.0791,0.0102,0.0072,5.0089,0.0225,0.0303,16,12288,196608,393216,39251.8867,78503.7734,0.0000,0,0.0000,0.0000,0,0.0000,0,0.0000,0.0000,0,0.0000,0.0000,0,0,0,0,0,0,0,0,0,0,0,0,0,0,0,0,0,0,0,0,0,0,0,0,0
WG_METRICS 423,16,12288,5.0865,0.0082,0.0117,5.0129,0.0242,0.0296,16,12288,196608,393216,39220.2539,78440.5078,0.0000,0,0.0000,0.0000,0,0.0000,0,0.0000,0.0000,0,0.0000,0.0000,0,0,0,0,0,0,0,0,0,0,0,0,0,0,0,0,0,0,0,0,0,0,0,0,0
WG_METRICS 424,16,12288,5.1982,0.0080,0.0072,5.1323,0.0217,0.0290,16,12288,196608,393216,38307.8242,76615.6484,0.0000,0,0.0000,0.0000,0,0.0000,0,0.0000,0.0000,0,0.0000,0.0000,0,0,0,0,0,0,0,0,0,0,0,0,0,0,0,0,0,0,0,0,0,0,0,0,0
WG_METRICS 425,16,12288,5.1839,0.0080,0.0073,5.1142,0.0220,0.0324,16,12288,196608,393216,38443.8477,76887.6953,0.0000,0,0.0000,0.0000,0,0.0000,0,0.0000,0.0000,0,0.0000,0.0000,0,0,0,0,0,0,0,0,0,0,0,0,0,0,0,0,0,0,0,0,0,0,0,0,0
WG_METRICS 426,16,12288,5.3660,0.0081,0.0073,5.3060,0.0182,0.0264,16,12288,196608,393216,37053.8984,74107.7969,0.0000,0,0.0000,0.0000,0,0.0000,0,0.0000,0.0000,0,0.0000,0.0000,0,0,0,0,0,0,0,0,0,0,0,0,0,0,0,0,0,0,0,0,0,0,0,0,0
WG_METRICS 427,16,12288,5.0514,0.0081,0.0073,4.9854,0.0221,0.0286,16,12288,196608,393216,39437.0703,78874.1406,0.0000,0,0.0000,0.0000,0,0.0000,0,0.0000,0.0000,0,0.0000,0.0000,0,0,0,0,0,0,0,0,0,0,0,0,0,0,0,0,0,0,0,0,0,0,0,0,0
WG_METRICS 428,16,12288,5.0351,0.0081,0.0074,4.9764,0.0138,0.0294,16,12288,196608,393216,39508.0781,79016.1562,0.0000,0,0.0000,0.0000,0,0.0000,0,0.0000,0.0000,0,0.0000,0.0000,0,0,0,0,0,0,0,0,0,0,0,0,0,0,0,0,0,0,0,0,0,0,0,0,0
WG_METRICS 429,16,12288,5.1514,0.0080,0.0074,5.1000,0.0069,0.0291,16,12288,196608,393216,38550.5898,77101.1797,0.0000,0,0.0000,0.0000,0,0.0000,0,0.0000,0.0000,0,0.0000,0.0000,0,0,0,0,0,0,0,0,0,0,0,0,0,0,0,0,0,0,0,0,0,0,0,0,0
WG_METRICS 430,16,12288,5.1956,0.0080,0.0073,5.1422,0.0087,0.0294,16,12288,196608,393216,38233.9219,76467.8438,0.0000,0,0.0000,0.0000,0,0.0000,0,0.0000,0.0000,0,0.0000,0.0000,0,0,0,0,0,0,0,0,0,0,0,0,0,0,0,0,0,0,0,0,0,0,0,0,0
WG_METRICS 431,16,12288,5.0657,0.0080,0.0074,4.9990,0.0225,0.0288,16,12288,196608,393216,39329.7812,78659.5625,0.0000,0,0.0000,0.0000,0,0.0000,0,0.0000,0.0000,0,0.0000,0.0000,0,0,0,0,0,0,0,0,0,0,0,0,0,0,0,0,0,0,0,0,0,0,0,0,0
WG_METRICS 432,16,12288,5.2279,0.0080,0.0073,5.1622,0.0211,0.0293,16,12288,196608,393216,38086.3828,76172.7656,0.0000,0,0.0000,0.0000,0,0.0000,0,0.0000,0.0000,0,0.0000,0.0000,0,0,0,0,0,0,0,0,0,0,0,0,0,0,0,0,0,0,0,0,0,0,0,0,0
WG_METRICS 433,16,12288,5.1221,0.0080,0.0075,5.0643,0.0128,0.0296,16,12288,196608,393216,38822.4961,77644.9922,0.0000,0,0.0000,0.0000,0,0.0000,0,0.0000,0.0000,0,0.0000,0.0000,0,0,0,0,0,0,0,0,0,0,0,0,0,0,0,0,0,0,0,0,0,0,0,0,0
WG_METRICS 434,16,12288,4.9202,0.0080,0.0074,4.8526,0.0220,0.0302,16,12288,196608,393216,40516.3438,81032.6875,0.0000,0,0.0000,0.0000,0,0.0000,0,0.0000,0.0000,0,0.0000,0.0000,0,0,0,0,0,0,0,0,0,0,0,0,0,0,0,0,0,0,0,0,0,0,0,0,0
WG_METRICS 435,16,12288,5.1052,0.0080,0.0074,5.0385,0.0220,0.0293,16,12288,196608,393216,39020.9844,78041.9688,0.0000,0,0.0000,0.0000,0,0.0000,0,0.0000,0.0000,0,0.0000,0.0000,0,0,0,0,0,0,0,0,0,0,0,0,0,0,0,0,0,0,0,0,0,0,0,0,0
WG_METRICS 436,16,12288,5.5694,0.0081,0.0073,5.5031,0.0196,0.0314,16,12288,196608,393216,35726.9023,71453.8047,0.0000,0,0.0000,0.0000,0,0.0000,0,0.0000,0.0000,0,0.0000,0.0000,0,0,0,0,0,0,0,0,0,0,0,0,0,0,0,0,0,0,0,0,0,0,0,0,0
WG_METRICS 437,16,12288,5.1586,0.0081,0.0072,5.1063,0.0216,0.0153,16,12288,196608,393216,38503.1758,77006.3516,0.0000,0,0.0000,0.0000,0,0.0000,0,0.0000,0.0000,0,0.0000,0.0000,0,0,0,0,0,0,0,0,0,0,0,0,0,0,0,0,0,0,0,0,0,0,0,0,0
WG_METRICS 438,16,12288,5.1211,0.0075,0.0068,5.0701,0.0215,0.0152,16,12288,196608,393216,38777.7812,77555.5625,0.0000,0,0.0000,0.0000,0,0.0000,0,0.0000,0.0000,0,0.0000,0.0000,0,0,0,0,0,0,0,0,0,0,0,0,0,0,0,0,0,0,0,0,0,0,0,0,0
WG_METRICS 439,16,12288,5.2886,0.0075,0.0067,5.2305,0.0169,0.0269,16,12288,196608,393216,37588.6172,75177.2344,0.0000,0,0.0000,0.0000,0,0.0000,0,0.0000,0.0000,0,0.0000,0.0000,0,0,0,0,0,0,0,0,0,0,0,0,0,0,0,0,0,0,0,0,0,0,0,0,0
WG_METRICS 440,16,12288,5.0596,0.0080,0.0052,4.9955,0.0231,0.0278,16,12288,196608,393216,39356.8633,78713.7266,0.0000,0,0.0000,0.0000,0,0.0000,0,0.0000,0.0000,0,0.0000,0.0000,0,0,0,0,0,0,0,0,0,0,0,0,0,0,0,0,0,0,0,0,0,0,0,0,0
WG_METRICS 441,16,12288,5.1649,0.0081,0.0074,5.0959,0.0230,0.0304,16,12288,196608,393216,38581.4531,77162.9062,0.0000,0,0.0000,0.0000,0,0.0000,0,0.0000,0.0000,0,0.0000,0.0000,0,0,0,0,0,0,0,0,0,0,0,0,0,0,0,0,0,0,0,0,0,0,0,0,0
WG_METRICS 442,16,12288,5.1594,0.0080,0.0074,5.0929,0.0211,0.0300,16,12288,196608,393216,38604.1797,77208.3594,0.0000,0,0.0000,0.0000,0,0.0000,0,0.0000,0.0000,0,0.0000,0.0000,0,0,0,0,0,0,0,0,0,0,0,0,0,0,0,0,0,0,0,0,0,0,0,0,0
WG_METRICS 443,16,12288,5.0178,0.0081,0.0073,4.9528,0.0223,0.0273,16,12288,196608,393216,39696.3359,79392.6719,0.0000,0,0.0000,0.0000,0,0.0000,0,0.0000,0.0000,0,0.0000,0.0000,0,0,0,0,0,0,0,0,0,0,0,0,0,0,0,0,0,0,0,0,0,0,0,0,0
WG_METRICS 444,16,12288,5.3953,0.0081,0.0074,5.3321,0.0185,0.0292,16,12288,196608,393216,36872.3906,73744.7812,0.0000,0,0.0000,0.0000,0,0.0000,0,0.0000,0.0000,0,0.0000,0.0000,0,0,0,0,0,0,0,0,0,0,0,0,0,0,0,0,0,0,0,0,0,0,0,0,0
WG_METRICS 445,16,12288,5.0480,0.0080,0.0074,4.9789,0.0244,0.0294,16,12288,196608,393216,39488.3984,78976.7969,0.0000,0,0.0000,0.0000,0,0.0000,0,0.0000,0.0000,0,0.0000,0.0000,0,0,0,0,0,0,0,0,0,0,0,0,0,0,0,0,0,0,0,0,0,0,0,0,0
WG_METRICS 446,16,12288,5.0654,0.0080,0.0074,5.0055,0.0142,0.0304,16,12288,196608,393216,39278.5508,78557.1016,0.0000,0,0.0000,0.0000,0,0.0000,0,0.0000,0.0000,0,0.0000,0.0000,0,0,0,0,0,0,0,0,0,0,0,0,0,0,0,0,0,0,0,0,0,0,0,0,0
WG_METRICS 447,16,12288,5.1164,0.0081,0.0074,5.0588,0.0134,0.0286,16,12288,196608,393216,38864.5508,77729.1016,0.0000,0,0.0000,0.0000,0,0.0000,0,0.0000,0.0000,0,0.0000,0.0000,0,0,0,0,0,0,0,0,0,0,0,0,0,0,0,0,0,0,0,0,0,0,0,0,0
WG_METRICS 448,16,12288,5.1348,0.0080,0.0074,5.0690,0.0220,0.0284,16,12288,196608,393216,38786.3516,77572.7031,0.0000,0,0.0000,0.0000,0,0.0000,0,0.0000,0.0000,0,0.0000,0.0000,0,0,0,0,0,0,0,0,0,0,0,0,0,0,0,0,0,0,0,0,0,0,0,0,0
WG_METRICS 449,16,12288,5.1202,0.0080,0.0074,5.0517,0.0234,0.0298,16,12288,196608,393216,38919.0195,77838.0391,0.0000,0,0.0000,0.0000,0,0.0000,0,0.0000,0.0000,0,0.0000,0.0000,0,0,0,0,0,0,0,0,0,0,0,0,0,0,0,0,0,0,0,0,0,0,0,0,0
WG_METRICS 450,16,12288,5.1357,0.0080,0.0074,5.0700,0.0219,0.0284,16,12288,196608,393216,38778.6953,77557.3906,0.0000,0,0.0000,0.0000,0,0.0000,0,0.0000,0.0000,0,0.0000,0.0000,0,0,0,0,0,0,0,0,0,0,0,0,0,0,0,0,0,0,0,0,0,0,0,0,0
