WG_METRICS_HEADER frame,q1_shards,q1_shard_capacity,gpu_frame_ms,reset_ms,reset_barrier_ms,compute_ms,metrics_copy_ms,render_ms,q2_shards,q2_shard_capacity,edges,vertices,edges_per_ms,vertices_per_ms,q1_deq_attempt_mean,q1_deq_attempt_max,q1_deq_attempt_imbalance,q1_deq_cas_fail_mean,q1_deq_cas_fail_max,q1_deq_probe_mean,q1_deq_probe_max,q1_deq_probe_imbalance,q1_enq_attempt_mean,q1_enq_attempt_max,q1_enq_attempt_imbalance,q1_high_water_mean,q1_high_water_max,q1_enq_ok,q1_enq_cas_fail,q1_enq_full,q1_deq_ok,q1_deq_cas_fail,q1_deq_empty,q1_ready_cas_fail,q1_ready_max_spin,q1_high_water,q2_enq_ok,q2_enq_cas_fail,q2_enq_full,q2_deq_ok,q2_deq_cas_fail,q2_deq_empty,q2_ready_cas_fail,q2_ready_max_spin,q2_high_water,node_a_seed,node_b_tasks,node_b_subdivide,node_b_final,node_c_output,stop_writes
WG_METRICS 1,16,12288,7.2782,0.0151,0.0077,7.1956,0.0158,0.0441,16,12288,196608,393216,27323.5156,54647.0312,0.0000,0,0.0000,0.0000,0,0.0000,0,0.0000,0.0000,0,0.0000,0.0000,0,0,0,0,0,0,0,0,0,0,0,0,0,0,0,0,0,0,0,0,0,0,0,0,0
WG_METRICS 2,16,12288,7.3144,0.0093,0.0076,7.2551,0.0085,0.0340,16,12288,196608,393216,27099.3555,54198.7109,0.0000,0,0.0000,0.0000,0,0.0000,0,0.0000,0.0000,0,0.0000,0.0000,0,0,0,0,0,0,0,0,0,0,0,0,0,0,0,0,0,0,0,0,0,0,0,0,0
WG_METRICS 3,16,12288,3.8567,0.0157,0.0114,3.8031,0.0109,0.0156,16,12288,196608,393216,51697.0430,103394.0859,0.0000,0,0.0000,0.0000,0,0.0000,0,0.0000,0.0000,0,0.0000,0.0000,0,0,0,0,0,0,0,0,0,0,0,0,0,0,0,0,0,0,0,0,0,0,0,0,0
WG_METRICS 4,16,12288,3.8788,0.0076,0.0068,3.8350,0.0138,0.0158,16,12288,196608,393216,51267.2891,102534.5781,0.0000,0,0.0000,0.0000,0,0.0000,0,0.0000,0.0000,0,0.0000,0.0000,0,0,0,0,0,0,0,0,0,0,0,0,0,0,0,0,0,0,0,0,0,0,0,0,0
WG_METRICS 5,16,12288,3.9165,0.0075,0.0068,3.8651,0.0214,0.0157,16,12288,196608,393216,50867.7695,101735.5391,0.0000,0,0.0000,0.0000,0,0.0000,0,0.0000,0.0000,0,0.0000,0.0000,0,0,0,0,0,0,0,0,0,0,0,0,0,0,0,0,0,0,0,0,0,0,0,0,0
WG_METRICS 6,16,12288,3.8633,0.0076,0.0068,3.8119,0.0208,0.0162,16,12288,196608,393216,51577.1602,103154.3203,0.0000,0,0.0000,0.0000,0,0.0000,0,0.0000,0.0000,0,0.0000,0.0000,0,0,0,0,0,0,0,0,0,0,0,0,0,0,0,0,0,0,0,0,0,0,0,0,0
WG_METRICS 7,16,12288,3.8819,0.0075,0.0068,3.8310,0.0211,0.0154,16,12288,196608,393216,51319.7461,102639.4922,0.0000,0,0.0000,0.0000,0,0.0000,0,0.0000,0.0000,0,0.0000,0.0000,0,0,0,0,0,0,0,0,0,0,0,0,0,0,0,0,0,0,0,0,0,0,0,0,0
WG_METRICS 8,16,12288,3.8907,0.0076,0.0068,3.8388,0.0212,0.0165,16,12288,196608,393216,51216.5391,102433.0781,0.0000,0,0.0000,0.0000,0,0.0000,0,0.0000,0.0000,0,0.0000,0.0000,0,0,0,0,0,0,0,0,0,0,0,0,0,0,0,0,0,0,0,0,0,0,0,0,0
WG_METRICS 9,16,12288,3.8950,0.0074,0.0068,3.8540,0.0118,0.0150,16,12288,196608,393216,51014.0117,102028.0234,0.0000,0,0.0000,0.0000,0,0.0000,0,0.0000,0.0000,0,0.0000,0.0000,0,0,0,0,0,0,0,0,0,0,0,0,0,0,0,0,0,0,0,0,0,0,0,0,0
WG_METRICS 10,16,12288,3.8497,0.0075,0.0068,3.7984,0.0212,0.0158,16,12288,196608,393216,51760.7422,103521.4844,0.0000,0,0.0000,0.0000,0,0.0000,0,0.0000,0.0000,0,0.0000,0.0000,0,0,0,0,0,0,0,0,0,0,0,0,0,0,0,0,0,0,0,0,0,0,0,0,0
WG_METRICS 11,16,12288,3.8788,0.0076,0.0067,3.8271,0.0221,0.0153,16,12288,196608,393216,51372.8477,102745.6953,0.0000,0,0.0000,0.0000,0,0.0000,0,0.0000,0.0000,0,0.0000,0.0000,0,0,0,0,0,0,0,0,0,0,0,0,0,0,0,0,0,0,0,0,0,0,0,0,0
WG_METRICS 12,16,12288,3.8837,0.0075,0.0068,3.8316,0.0210,0.0168,16,12288,196608,393216,51312.2461,102624.4922,0.0000,0,0.0000,0.0000,0,0.0000,0,0.0000,0.0000,0,0.0000,0.0000,0,0,0,0,0,0,0,0,0,0,0,0,0,0,0,0,0,0,0,0,0,0,0,0,0
WG_METRICS 13,16,12288,3.8600,0.0074,0.0068,3.8182,0.0127,0.0149,16,12288,196608,393216,51492.3242,102984.6484,0.0000,0,0.0000,0.0000,0,0.0000,0,0.0000,0.0000,0,0.0000,0.0000,0,0,0,0,0,0,0,0,0,0,0,0,0,0,0,0,0,0,0,0,0,0,0,0,0
WG_METRICS 14,16,12288,3.8534,0.0075,0.0068,3.8030,0.0214,0.0147,16,12288,196608,393216,51698.1328,103396.2656,0.0000,0,0.0000,0.0000,0,0.0000,0,0.0000,0.0000,0,0.0000,0.0000,0,0,0,0,0,0,0,0,0,0,0,0,0,0,0,0,0,0,0,0,0,0,0,0,0
WG_METRICS 15,16,12288,3.8919,0.0075,0.0068,3.8412,0.0210,0.0154,16,12288,196608,393216,51184.5391,102369.0781,0.0000,0,0.0000,0.0000,0,0.0000,0,0.0000,0.0000,0,0.0000,0.0000,0,0,0,0,0,0,0,0,0,0,0,0,0,0,0,0,0,0,0,0,0,0,0,0,0
WG_METRICS 16,16,12288,3.9155,0.0075,0.0066,3.8640,0.0216,0.0158,16,12288,196608,393216,50881.9883,101763.9766,0.0000,0,0.0000,0.0000,0,0.0000,0,0.0000,0.0000,0,0.0000,0.0000,0,0,0,0,0,0,0,0,0,0,0,0,0,0,0,0,0,0,0,0,0,0,0,0,0
WG_METRICS 17,16,12288,3.8328,0.0074,0.0068,3.7871,0.0151,0.0163,16,12288,196608,393216,51915.4609,103830.9219,0.0000,0,0.0000,0.0000,0,0.0000,0,0.0000,0.0000,0,0.0000,0.0000,0,0,0,0,0,0,0,0,0,0,0,0,0,0,0,0,0,0,0,0,0,0,0,0,0
WG_METRICS 18,16,12288,3.8136,0.0074,0.0066,3.7627,0.0213,0.0155,16,12288,196608,393216,52251.5625,104503.1250,0.0000,0,0.0000,0.0000,0,0.0000,0,0.0000,0.0000,0,0.0000,0.0000,0,0,0,0,0,0,0,0,0,0,0,0,0,0,0,0,0,0,0,0,0,0,0,0,0
WG_METRICS 19,16,12288,3.8914,0.0075,0.0068,3.8410,0.0210,0.0150,16,12288,196608,393216,51186.1367,102372.2734,0.0000,0,0.0000,0.0000,0,0.0000,0,0.0000,0.0000,0,0.0000,0.0000,0,0,0,0,0,0,0,0,0,0,0,0,0,0,0,0,0,0,0,0,0,0,0,0,0
WG_METRICS 20,16,12288,3.8766,0.0075,0.0068,3.8389,0.0077,0.0157,16,12288,196608,393216,51214.9375,102429.8750,0.0000,0,0.0000,0.0000,0,0.0000,0,0.0000,0.0000,0,0.0000,0.0000,0,0,0,0,0,0,0,0,0,0,0,0,0,0,0,0,0,0,0,0,0,0,0,0,0
WG_METRICS 21,16,12288,3.8642,0.0075,0.0067,3.8123,0.0212,0.0164,16,12288,196608,393216,51571.7461,103143.4922,0.0000,0,0.0000,0.0000,0,0.0000,0,0.0000,0.0000,0,0.0000,0.0000,0,0,0,0,0,0,0,0,0,0,0,0,0,0,0,0,0,0,0,0,0,0,0,0,0
WG_METRICS 22,16,12288,3.9262,0.0076,0.0067,3.8746,0.0216,0.0157,16,12288,196608,393216,50743.3086,101486.6172,0.0000,0,0.0000,0.0000,0,0.0000,0,0.0000,0.0000,0,0.0000,0.0000,0,0,0,0,0,0,0,0,0,0,0,0,0,0,0,0,0,0,0,0,0,0,0,0,0
WG_METRICS 23,16,12288,3.9026,0.0075,0.0068,3.8510,0.0216,0.0158,16,12288,196608,393216,51053.2227,102106.4453,0.0000,0,0.0000,0.0000,0,0.0000,0,0.0000,0.0000,0,0.0000,0.0000,0,0,0,0,0,0,0,0,0,0,0,0,0,0,0,0,0,0,0,0,0,0,0,0,0
WG_METRICS 24,16,12288,3.8836,0.0075,0.0068,3.8408,0.0128,0.0158,16,12288,196608,393216,51189.8672,102379.7344,0.0000,0,0.0000,0.0000,0,0.0000,0,0.0000,0.0000,0,0.0000,0.0000,0,0,0,0,0,0,0,0,0,0,0,0,0,0,0,0,0,0,0,0,0,0,0,0,0
WG_METRICS 25,16,12288,3.8705,0.0075,0.0068,3.8242,0.0164,0.0155,16,12288,196608,393216,51411.5391,102823.0781,0.0000,0,0.0000,0.0000,0,0.0000,0,0.0000,0.0000,0,0.0000,0.0000,0,0,0,0,0,0,0,0,0,0,0,0,0,0,0,0,0,0,0,0,0,0,0,0,0
WG_METRICS 26,16,12288,3.8938,0.0074,0.0062,3.8439,0.0214,0.0150,16,12288,196608,393216,51148.3203,102296.6406,0.0000,0,0.0000,0.0000,0,0.0000,0,0.0000,0.0000,0,0.0000,0.0000,0,0,0,0,0,0,0,0,0,0,0,0,0,0,0,0,0,0,0,0,0,0,0,0,0
WG_METRICS 27,16,12288,3.8741,0.0075,0.0068,3.8300,0.0145,0.0153,16,12288,196608,393216,51334.2148,102668.4297,0.0000,0,0.0000,0.0000,0,0.0000,0,0.0000,0.0000,0,0.0000,0.0000,0,0,0,0,0,0,0,0,0,0,0,0,0,0,0,0,0,0,0,0,0,0,0,0,0
WG_METRICS 28,16,12288,3.8592,0.0075,0.0067,3.8171,0.0128,0.0150,16,12288,196608,393216,51506.8945,103013.7891,0.0000,0,0.0000,0.0000,0,0.0000,0,0.0000,0.0000,0,0.0000,0.0000,0,0,0,0,0,0,0,0,0,0,0,0,0,0,0,0,0,0,0,0,0,0,0,0,0
WG_METRICS 29,16,12288,3.8767,0.0075,0.0066,3.8272,0.0203,0.0152,16,12288,196608,393216,51371.7773,102743.5547,0.0000,0,0.0000,0.0000,0,0.0000,0,0.0000,0.0000,0,0.0000,0.0000,0,0,0,0,0,0,0,0,0,0,0,0,0,0,0,0,0,0,0,0,0,0,0,0,0
WG_METRICS 30,16,12288,3.9409,0.0075,0.0068,3.8980,0.0128,0.0158,16,12288,196608,393216,50438.1719,100876.3438,0.0000,0,0.0000,0.0000,0,0.0000,0,0.0000,0.0000,0,0.0000,0.0000,0,0,0,0,0,0,0,0,0,0,0,0,0,0,0,0,0,0,0,0,0,0,0,0,0
WG_METRICS 31,16,12288,3.8705,0.0074,0.0068,3.8334,0.0072,0.0157,16,12288,196608,393216,51287.6172,102575.2344,0.0000,0,0.0000,0.0000,0,0.0000,0,0.0000,0.0000,0,0.0000,0.0000,0,0,0,0,0,0,0,0,0,0,0,0,0,0,0,0,0,0,0,0,0,0,0,0,0
WG_METRICS 32,16,12288,3.8706,0.0075,0.0068,3.8198,0.0211,0.0154,16,12288,196608,393216,51470.2188,102940.4375,0.0000,0,0.0000,0.0000,0,0.0000,0,0.0000,0.0000,0,0.0000,0.0000,0,0,0,0,0,0,0,0,0,0,0,0,0,0,0,0,0,0,0,0,0,0,0,0,0
WG_METRICS 33,16,12288,3.9104,0.0075,0.0068,3.8602,0.0210,0.0150,16,12288,196608,393216,50932.6016,101865.2031,0.0000,0,0.0000,0.0000,0,0.0000,0,0.0000,0.0000,0,0.0000,0.0000,0,0,0,0,0,0,0,0,0,0,0,0,0,0,0,0,0,0,0,0,0,0,0,0,0
WG_METRICS 34,16,12288,3.9064,0.0074,0.0068,3.8556,0.0214,0.0152,16,12288,196608,393216,50993.3711,101986.7422,0.0000,0,0.0000,0.0000,0,0.0000,0,0.0000,0.0000,0,0.0000,0.0000,0,0,0,0,0,0,0,0,0,0,0,0,0,0,0,0,0,0,0,0,0,0,0,0,0
WG_METRICS 35,16,12288,3.8328,0.0075,0.0068,3.7815,0.0213,0.0158,16,12288,196608,393216,51991.7930,103983.5859,0.0000,0,0.0000,0.0000,0,0.0000,0,0.0000,0.0000,0,0.0000,0.0000,0,0,0,0,0,0,0,0,0,0,0,0,0,0,0,0,0,0,0,0,0,0,0,0,0
WG_METRICS 36,16,12288,3.8880,0.0075,0.0068,3.8410,0.0172,0.0154,16,12288,196608,393216,51186.1367,102372.2734,0.0000,0,0.0000,0.0000,0,0.0000,0,0.0000,0.0000,0,0.0000,0.0000,0,0,0,0,0,0,0,0,0,0,0,0,0,0,0,0,0,0,0,0,0,0,0,0,0
WG_METRICS 37,16,12288,3.8955,0.0074,0.0068,3.8443,0.0214,0.0156,16,12288,196608,393216,51142.4648,102284.9297,0.0000,0,0.0000,0.0000,0,0.0000,0,0.0000,0.0000,0,0.0000,0.0000,0,0,0,0,0,0,0,0,0,0,0,0,0,0,0,0,0,0,0,0,0,0,0,0,0
WG_METRICS 38,16,12288,3.9084,0.0075,0.0068,3.8584,0.0206,0.0152,16,12288,196608,393216,50955.8359,101911.6719,0.0000,0,0.0000,0.0000,0,0.0000,0,0.0000,0.0000,0,0.0000,0.0000,0,0,0,0,0,0,0,0,0,0,0,0,0,0,0,0,0,0,0,0,0,0,0,0,0
WG_METRICS 39,16,12288,3.8766,0.0075,0.0068,3.8391,0.0073,0.0159,16,12288,196608,393216,51212.2695,102424.5391,0.0000,0,0.0000,0.0000,0,0.0000,0,0.0000,0.0000,0,0.0000,0.0000,0,0,0,0,0,0,0,0,0,0,0,0,0,0,0,0,0,0,0,0,0,0,0,0,0
WG_METRICS 40,16,12288,3.9091,0.0076,0.0067,3.8573,0.0222,0.0153,16,12288,196608,393216,50970.1016,101940.2031,0.0000,0,0.0000,0.0000,0,0.0000,0,0.0000,0.0000,0,0.0000,0.0000,0,0,0,0,0,0,0,0,0,0,0,0,0,0,0,0,0,0,0,0,0,0,0,0,0
WG_METRICS 41,16,12288,3.9139,0.0097,0.0070,3.8688,0.0131,0.0153,16,12288,196608,393216,50818.3320,101636.6641,0.0000,0,0.0000,0.0000,0,0.0000,0,0.0000,0.0000,0,0.0000,0.0000,0,0,0,0,0,0,0,0,0,0,0,0,0,0,0,0,0,0,0,0,0,0,0,0,0
WG_METRICS 42,16,12288,3.9032,0.0075,0.0068,3.8514,0.0218,0.0157,16,12288,196608,393216,51048.4531,102096.9062,0.0000,0,0.0000,0.0000,0,0.0000,0,0.0000,0.0000,0,0.0000,0.0000,0,0,0,0,0,0,0,0,0,0,0,0,0,0,0,0,0,0,0,0,0,0,0,0,0
WG_METRICS 43,16,12288,3.8440,0.0075,0.0068,3.8024,0.0123,0.0150,16,12288,196608,393216,51706.2891,103412.5781,0.0000,0,0.0000,0.0000,0,0.0000,0,0.0000,0.0000,0,0.0000,0.0000,0,0,0,0,0,0,0,0,0,0,0,0,0,0,0,0,0,0,0,0,0,0,0,0,0
WG_METRICS 44,16,12288,3.8786,0.0075,0.0067,3.8342,0.0146,0.0154,16,12288,196608,393216,51276.9141,102553.8281,0.0000,0,0.0000,0.0000,0,0.0000,0,0.0000,0.0000,0,0.0000,0.0000,0,0,0,0,0,0,0,0,0,0,0,0,0,0,0,0,0,0,0,0,0,0,0,0,0
WG_METRICS 45,16,12288,3.8554,0.0075,0.0068,3.8132,0.0130,0.0150,16,12288,196608,393216,51559.8438,103119.6875,0.0000,0,0.0000,0.0000,0,0.0000,0,0.0000,0.0000,0,0.0000,0.0000,0,0,0,0,0,0,0,0,0,0,0,0,0,0,0,0,0,0,0,0,0,0,0,0,0
WG_METRICS 46,16,12288,3.8841,0.0075,0.0067,3.8450,0.0099,0.0150,16,12288,196608,393216,51133.4180,102266.8359,0.0000,0,0.0000,0.0000,0,0.0000,0,0.0000,0.0000,0,0.0000,0.0000,0,0,0,0,0,0,0,0,0,0,0,0,0,0,0,0,0,0,0,0,0,0,0,0,0
WG_METRICS 47,16,12288,3.8589,0.0075,0.0068,3.8121,0.0172,0.0154,16,12288,196608,393216,51574.9961,103149.9922,0.0000,0,0.0000,0.0000,0,0.0000,0,0.0000,0.0000,0,0.0000,0.0000,0,0,0,0,0,0,0,0,0,0,0,0,0,0,0,0,0,0,0,0,0,0,0,0,0
WG_METRICS 48,16,12288,3.8835,0.0075,0.0068,3.8478,0.0063,0.0152,16,12288,196608,393216,51096.2109,102192.4219,0.0000,0,0.0000,0.0000,0,0.0000,0,0.0000,0.0000,0,0.0000,0.0000,0,0,0,0,0,0,0,0,0,0,0,0,0,0,0,0,0,0,0,0,0,0,0,0,0
WG_METRICS 49,16,12288,3.9188,0.0075,0.0067,3.8680,0.0216,0.0150,16,12288,196608,393216,50829.3672,101658.7344,0.0000,0,0.0000,0.0000,0,0.0000,0,0.0000,0.0000,0,0.0000,0.0000,0,0,0,0,0,0,0,0,0,0,0,0,0,0,0,0,0,0,0,0,0,0,0,0,0
WG_METRICS 50,16,12288,3.8730,0.0074,0.0068,3.8308,0.0126,0.0154,16,12288,196608,393216,51323.4961,102646.9922,0.0000,0,0.0000,0.0000,0,0.0000,0,0.0000,0.0000,0,0.0000,0.0000,0,0,0,0,0,0,0,0,0,0,0,0,0,0,0,0,0,0,0,0,0,0,0,0,0
WG_METRICS 51,16,12288,3.9084,0.0079,0.0067,3.8562,0.0216,0.0160,16,12288,196608,393216,50984.9062,101969.8125,0.0000,0,0.0000,0.0000,0,0.0000,0,0.0000,0.0000,0,0.0000,0.0000,0,0,0,0,0,0,0,0,0,0,0,0,0,0,0,0,0,0,0,0,0,0,0,0,0
WG_METRICS 52,16,12288,3.9348,0.0076,0.0068,3.8924,0.0130,0.0150,16,12288,196608,393216,50510.7383,101021.4766,0.0000,0,0.0000,0.0000,0,0.0000,0,0.0000,0.0000,0,0.0000,0.0000,0,0,0,0,0,0,0,0,0,0,0,0,0,0,0,0,0,0,0,0,0,0,0,0,0
WG_METRICS 53,16,12288,3.8690,0.0075,0.0068,3.8249,0.0145,0.0153,16,12288,196608,393216,51402.3984,102804.7969,0.0000,0,0.0000,0.0000,0,0.0000,0,0.0000,0.0000,0,0.0000,0.0000,0,0,0,0,0,0,0,0,0,0,0,0,0,0,0,0,0,0,0,0,0,0,0,0,0
WG_METRICS 54,16,12288,3.8013,0.0080,0.0074,3.7459,0.0138,0.0261,16,12288,196608,393216,52485.9062,104971.8125,0.0000,0,0.0000,0.0000,0,0.0000,0,0.0000,0.0000,0,0.0000,0.0000,0,0,0,0,0,0,0,0,0,0,0,0,0,0,0,0,0,0,0,0,0,0,0,0,0
WG_METRICS 55,16,12288,3.8446,0.0080,0.0074,3.7884,0.0134,0.0274,16,12288,196608,393216,51897.9180,103795.8359,0.0000,0,0.0000,0.0000,0,0.0000,0,0.0000,0.0000,0,0.0000,0.0000,0,0,0,0,0,0,0,0,0,0,0,0,0,0,0,0,0,0,0,0,0,0,0,0,0
WG_METRICS 56,16,12288,3.8984,0.0080,0.0074,3.8346,0.0215,0.0269,16,12288,196608,393216,51272.1016,102544.2031,0.0000,0,0.0000,0.0000,0,0.0000,0,0.0000,0.0000,0,0.0000,0.0000,0,0,0,0,0,0,0,0,0,0,0,0,0,0,0,0,0,0,0,0,0,0,0,0,0
WG_METRICS 57,16,12288,3.8662,0.0080,0.0074,3.8006,0.0222,0.0280,16,12288,196608,393216,51730.2344,103460.4688,0.0000,0,0.0000,0.0000,0,0.0000,0,0.0000,0.0000,0,0.0000,0.0000,0,0,0,0,0,0,0,0,0,0,0,0,0,0,0,0,0,0,0,0,0,0,0,0,0
WG_METRICS 58,16,12288,4.0022,0.0080,0.0075,3.9357,0.0220,0.0290,16,12288,196608,393216,49954.7734,99909.5469,0.0000,0,0.0000,0.0000,0,0.0000,0,0.0000,0.0000,0,0.0000,0.0000,0,0,0,0,0,0,0,0,0,0,0,0,0,0,0,0,0,0,0,0,0,0,0,0,0
WG_METRICS 59,16,12288,3.9052,0.0080,0.0074,3.8401,0.0223,0.0274,16,12288,196608,393216,51198.9336,102397.8672,0.0000,0,0.0000,0.0000,0,0.0000,0,0.0000,0.0000,0,0.0000,0.0000,0,0,0,0,0,0,0,0,0,0,0,0,0,0,0,0,0,0,0,0,0,0,0,0,0
WG_METRICS 60,16,12288,3.9025,0.0080,0.0073,3.8489,0.0131,0.0251,16,12288,196608,393216,51081.3398,102162.6797,0.0000,0,0.0000,0.0000,0,0.0000,0,0.0000,0.0000,0,0.0000,0.0000,0,0,0,0,0,0,0,0,0,0,0,0,0,0,0,0,0,0,0,0,0,0,0,0,0
WG_METRICS 61,16,12288,3.8798,0.0080,0.0074,3.8310,0.0070,0.0265,16,12288,196608,393216,51320.8164,102641.6328,0.0000,0,0.0000,0.0000,0,0.0000,0,0.0000,0.0000,0,0.0000,0.0000,0,0,0,0,0,0,0,0,0,0,0,0,0,0,0,0,0,0,0,0,0,0,0,0,0
WG_METRICS 62,16,12288,3.9319,0.0080,0.0072,3.8680,0.0215,0.0272,16,12288,196608,393216,50829.8945,101659.7891,0.0000,0,0.0000,0.0000,0,0.0000,0,0.0000,0.0000,0,0.0000,0.0000,0,0,0,0,0,0,0,0,0,0,0,0,0,0,0,0,0,0,0,0,0,0,0,0,0
WG_METRICS 63,16,12288,3.8368,0.0080,0.0073,3.7806,0.0139,0.0270,16,12288,196608,393216,52003.8945,104007.7891,0.0000,0,0.0000,0.0000,0,0.0000,0,0.0000,0.0000,0,0.0000,0.0000,0,0,0,0,0,0,0,0,0,0,0,0,0,0,0,0,0,0,0,0,0,0,0,0,0
WG_METRICS 64,16,12288,3.9310,0.0080,0.0074,3.8750,0.0128,0.0278,16,12288,196608,393216,50738.0742,101476.1484,0.0000,0,0.0000,0.0000,0,0.0000,0,0.0000,0.0000,0,0.0000,0.0000,0,0,0,0,0,0,0,0,0,0,0,0,0,0,0,0,0,0,0,0,0,0,0,0,0
WG_METRICS 65,16,12288,3.8826,0.0081,0.0074,3.8332,0.0078,0.0260,16,12288,196608,393216,51290.8281,102581.6562,0.0000,0,0.0000,0.0000,0,0.0000,0,0.0000,0.0000,0,0.0000,0.0000,0,0,0,0,0,0,0,0,0,0,0,0,0,0,0,0,0,0,0,0,0,0,0,0,0
WG_METRICS 66,16,12288,3.8482,0.0080,0.0074,3.7939,0.0124,0.0266,16,12288,196608,393216,51822.4102,103644.8203,0.0000,0,0.0000,0.0000,0,0.0000,0,0.0000,0.0000,0,0.0000,0.0000,0,0,0,0,0,0,0,0,0,0,0,0,0,0,0,0,0,0,0,0,0,0,0,0,0
WG_METRICS 67,16,12288,3.9366,0.0080,0.0073,3.8824,0.0127,0.0260,16,12288,196608,393216,50640.3164,101280.6328,0.0000,0,0.0000,0.0000,0,0.0000,0,0.0000,0.0000,0,0.0000,0.0000,0,0,0,0,0,0,0,0,0,0,0,0,0,0,0,0,0,0,0,0,0,0,0,0,0
WG_METRICS 68,16,12288,3.9098,0.0081,0.0073,3.8536,0.0137,0.0270,16,12288,196608,393216,51018.7773,102037.5547,0.0000,0,0.0000,0.0000,0,0.0000,0,0.0000,0.0000,0,0.0000,0.0000,0,0,0,0,0,0,0,0,0,0,0,0,0,0,0,0,0,0,0,0,0,0,0,0,0
WG_METRICS 69,16,12288,3.8860,0.0081,0.0073,3.8304,0.0134,0.0268,16,12288,196608,393216,51327.7852,102655.5703,0.0000,0,0.0000,0.0000,0,0.0000,0,0.0000,0.0000,0,0.0000,0.0000,0,0,0,0,0,0,0,0,0,0,0,0,0,0,0,0,0,0,0,0,0,0,0,0,0
WG_METRICS 70,16,12288,3.7619,0.0081,0.0073,3.7049,0.0164,0.0253,16,12288,196608,393216,53067.3047,106134.6094,0.0000,0,0.0000,0.0000,0,0.0000,0,0.0000,0.0000,0,0.0000,0.0000,0,0,0,0,0,0,0,0,0,0,0,0,0,0,0,0,0,0,0,0,0,0,0,0,0
WG_METRICS 71,16,12288,3.9206,0.0080,0.0073,3.8651,0.0136,0.0266,16,12288,196608,393216,50867.2461,101734.4922,0.0000,0,0.0000,0.0000,0,0.0000,0,0.0000,0.0000,0,0.0000,0.0000,0,0,0,0,0,0,0,0,0,0,0,0,0,0,0,0,0,0,0,0,0,0,0,0,0
WG_METRICS 72,16,12288,3.8884,0.0080,0.0073,3.8267,0.0177,0.0287,16,12288,196608,393216,51378.2188,102756.4375,0.0000,0,0.0000,0.0000,0,0.0000,0,0.0000,0.0000,0,0.0000,0.0000,0,0,0,0,0,0,0,0,0,0,0,0,0,0,0,0,0,0,0,0,0,0,0,0,0
WG_METRICS 73,16,12288,3.8678,0.0080,0.0074,3.8035,0.0224,0.0265,16,12288,196608,393216,51691.6094,103383.2188,0.0000,0,0.0000,0.0000,0,0.0000,0,0.0000,0.0000,0,0.0000,0.0000,0,0,0,0,0,0,0,0,0,0,0,0,0,0,0,0,0,0,0,0,0,0,0,0,0
WG_METRICS 74,16,12288,3.9176,0.0080,0.0074,3.8554,0.0220,0.0247,16,12288,196608,393216,50995.4844,101990.9688,0.0000,0,0.0000,0.0000,0,0.0000,0,0.0000,0.0000,0,0.0000,0.0000,0,0,0,0,0,0,0,0,0,0,0,0,0,0,0,0,0,0,0,0,0,0,0,0,0
WG_METRICS 75,16,12288,3.9505,0.0080,0.0074,3.8831,0.0222,0.0298,16,12288,196608,393216,50631.9727,101263.9453,0.0000,0,0.0000,0.0000,0,0.0000,0,0.0000,0.0000,0,0.0000,0.0000,0,0,0,0,0,0,0,0,0,0,0,0,0,0,0,0,0,0,0,0,0,0,0,0,0
WG_METRICS 76,16,12288,3.9047,0.0080,0.0074,3.8450,0.0134,0.0308,16,12288,196608,393216,51133.4180,102266.8359,0.0000,0,0.0000,0.0000,0,0.0000,0,0.0000,0.0000,0,0.0000,0.0000,0,0,0,0,0,0,0,0,0,0,0,0,0,0,0,0,0,0,0,0,0,0,0,0,0
WG_METRICS 77,16,12288,3.9512,0.0082,0.0147,3.8774,0.0227,0.0282,16,12288,196608,393216,50706.6641,101413.3281,0.0000,0,0.0000,0.0000,0,0.0000,0,0.0000,0.0000,0,0.0000,0.0000,0,0,0,0,0,0,0,0,0,0,0,0,0,0,0,0,0,0,0,0,0,0,0,0,0
WG_METRICS 78,16,12288,3.9243,0.0080,0.0074,3.8608,0.0218,0.0263,16,12288,196608,393216,50924.6875,101849.3750,0.0000,0,0.0000,0.0000,0,0.0000,0,0.0000,0.0000,0,0.0000,0.0000,0,0,0,0,0,0,0,0,0,0,0,0,0,0,0,0,0,0,0,0,0,0,0,0,0
WG_METRICS 79,16,12288,3.8625,0.0080,0.0074,3.7987,0.0220,0.0264,16,12288,196608,393216,51756.9258,103513.8516,0.0000,0,0.0000,0.0000,0,0.0000,0,0.0000,0.0000,0,0.0000,0.0000,0,0,0,0,0,0,0,0,0,0,0,0,0,0,0,0,0,0,0,0,0,0,0,0,0
WG_METRICS 80,16,12288,3.9438,0.0081,0.0074,3.8879,0.0131,0.0274,16,12288,196608,393216,50569.4609,101138.9219,0.0000,0,0.0000,0.0000,0,0.0000,0,0.0000,0.0000,0,0.0000,0.0000,0,0,0,0,0,0,0,0,0,0,0,0,0,0,0,0,0,0,0,0,0,0,0,0,0
WG_METRICS 81,16,12288,3.9260,0.0080,0.0073,3.8609,0.0222,0.0274,16,12288,196608,393216,50922.5781,101845.1562,0.0000,0,0.0000,0.0000,0,0.0000,0,0.0000,0.0000,0,0.0000,0.0000,0,0,0,0,0,0,0,0,0,0,0,0,0,0,0,0,0,0,0,0,0,0,0,0,0
WG_METRICS 82,16,12288,3.8639,0.0076,0.0068,3.8116,0.0212,0.0167,16,12288,196608,393216,51580.9453,103161.8906,0.0000,0,0.0000,0.0000,0,0.0000,0,0.0000,0.0000,0,0.0000,0.0000,0,0,0,0,0,0,0,0,0,0,0,0,0,0,0,0,0,0,0,0,0,0,0,0,0
WG_METRICS 83,16,12288,3.9097,0.0075,0.0067,3.8582,0.0215,0.0158,16,12288,196608,393216,50959.0078,101918.0156,0.0000,0,0.0000,0.0000,0,0.0000,0,0.0000,0.0000,0,0.0000,0.0000,0,0,0,0,0,0,0,0,0,0,0,0,0,0,0,0,0,0,0,0,0,0,0,0,0
WG_METRICS 84,16,12288,3.8678,0.0075,0.0068,3.8258,0.0126,0.0151,16,12288,196608,393216,51389.5000,102779.0000,0.0000,0,0.0000,0.0000,0,0.0000,0,0.0000,0.0000,0,0.0000,0.0000,0,0,0,0,0,0,0,0,0,0,0,0,0,0,0,0,0,0,0,0,0,0,0,0,0
WG_METRICS 85,16,12288,3.9273,0.0075,0.0068,3.8849,0.0129,0.0152,16,12288,196608,393216,50608.5117,101217.0234,0.0000,0,0.0000,0.0000,0,0.0000,0,0.0000,0.0000,0,0.0000,0.0000,0,0,0,0,0,0,0,0,0,0,0,0,0,0,0,0,0,0,0,0,0,0,0,0,0
WG_METRICS 86,16,12288,3.8760,0.0074,0.0068,3.8328,0.0127,0.0162,16,12288,196608,393216,51296.7148,102593.4297,0.0000,0,0.0000,0.0000,0,0.0000,0,0.0000,0.0000,0,0.0000,0.0000,0,0,0,0,0,0,0,0,0,0,0,0,0,0,0,0,0,0,0,0,0,0,0,0,0
WG_METRICS 87,16,12288,3.9004,0.0075,0.0068,3.8584,0.0122,0.0156,16,12288,196608,393216,50956.3633,101912.7266,0.0000,0,0.0000,0.0000,0,0.0000,0,0.0000,0.0000,0,0.0000,0.0000,0,0,0,0,0,0,0,0,0,0,0,0,0,0,0,0,0,0,0,0,0,0,0,0,0
WG_METRICS 88,16,12288,3.8884,0.0075,0.0058,3.8473,0.0128,0.0152,16,12288,196608,393216,51103.1172,102206.2344,0.0000,0,0.0000,0.0000,0,0.0000,0,0.0000,0.0000,0,0.0000,0.0000,0,0,0,0,0,0,0,0,0,0,0,0,0,0,0,0,0,0,0,0,0,0,0,0,0
WG_METRICS 89,16,12288,3.9221,0.0075,0.0068,3.8778,0.0150,0.0151,16,12288,196608,393216,50700.9141,101401.8281,0.0000,0,0.0000,0.0000,0,0.0000,0,0.0000,0.0000,0,0.0000,0.0000,0,0,0,0,0,0,0,0,0,0,0,0,0,0,0,0,0,0,0,0,0,0,0,0,0
WG_METRICS 90,16,12288,3.9087,0.0075,0.0068,3.8581,0.0211,0.0152,16,12288,196608,393216,50960.0625,101920.1250,0.0000,0,0.0000,0.0000,0,0.0000,0,0.0000,0.0000,0,0.0000,0.0000,0,0,0,0,0,0,0,0,0,0,0,0,0,0,0,0,0,0,0,0,0,0,0,0,0
WG_METRICS 91,16,12288,3.9110,0.0075,0.0068,3.8677,0.0131,0.0158,16,12288,196608,393216,50833.0508,101666.1016,0.0000,0,0.0000,0.0000,0,0.0000,0,0.0000,0.0000,0,0.0000,0.0000,0,0,0,0,0,0,0,0,0,0,0,0,0,0,0,0,0,0,0,0,0,0,0,0,0
WG_METRICS 92,16,12288,3.8272,0.0075,0.0066,3.7760,0.0214,0.0157,16,12288,196608,393216,52067.7969,104135.5938,0.0000,0,0.0000,0.0000,0,0.0000,0,0.0000,0.0000,0,0.0000,0.0000,0,0,0,0,0,0,0,0,0,0,0,0,0,0,0,0,0,0,0,0,0,0,0,0,0
WG_METRICS 93,16,12288,3.8930,0.0074,0.0064,3.8428,0.0212,0.0151,16,12288,196608,393216,51163.2266,102326.4531,0.0000,0,0.0000,0.0000,0,0.0000,0,0.0000,0.0000,0,0.0000,0.0000,0,0,0,0,0,0,0,0,0,0,0,0,0,0,0,0,0,0,0,0,0,0,0,0,0
WG_METRICS 94,16,12288,3.9458,0.0081,0.0073,3.8787,0.0222,0.0295,16,12288,196608,393216,50689.4102,101378.8203,0.0000,0,0.0000,0.0000,0,0.0000,0,0.0000,0.0000,0,0.0000,0.0000,0,0,0,0,0,0,0,0,0,0,0,0,0,0,0,0,0,0,0,0,0,0,0,0,0
WG_METRICS 95,16,12288,3.8370,0.0080,0.0074,3.7682,0.0229,0.0306,16,12288,196608,393216,52176.1250,104352.2500,0.0000,0,0.0000,0.0000,0,0.0000,0,0.0000,0.0000,0,0.0000,0.0000,0,0,0,0,0,0,0,0,0,0,0,0,0,0,0,0,0,0,0,0,0,0,0,0,0
WG_METRICS 96,16,12288,3.9181,0.0080,0.0074,3.8528,0.0220,0.0278,16,12288,196608,393216,51029.3711,102058.7422,0.0000,0,0.0000,0.0000,0,0.0000,0,0.0000,0.0000,0,0.0000,0.0000,0,0,0,0,0,0,0,0,0,0,0,0,0,0,0,0,0,0,0,0,0,0,0,0,0
WG_METRICS 97,16,12288,3.9282,0.0080,0.0073,3.8729,0.0131,0.0268,16,12288,196608,393216,50764.7969,101529.5938,0.0000,0,0.0000,0.0000,0,0.0000,0,0.0000,0.0000,0,0.0000,0.0000,0,0,0,0,0,0,0,0,0,0,0,0,0,0,0,0,0,0,0,0,0,0,0,0,0
WG_METRICS 98,16,12288,3.9277,0.0080,0.0073,3.8727,0.0132,0.0265,16,12288,196608,393216,50767.4180,101534.8359,0.0000,0,0.0000,0.0000,0,0.0000,0,0.0000,0.0000,0,0.0000,0.0000,0,0,0,0,0,0,0,0,0,0,0,0,0,0,0,0,0,0,0,0,0,0,0,0,0
WG_METRICS 99,16,12288,3.8986,0.0080,0.0074,3.8348,0.0220,0.0263,16,12288,196608,393216,51269.4258,102538.8516,0.0000,0,0.0000,0.0000,0,0.0000,0,0.0000,0.0000,0,0.0000,0.0000,0,0,0,0,0,0,0,0,0,0,0,0,0,0,0,0,0,0,0,0,0,0,0,0,0
WG_METRICS 100,16,12288,3.9032,0.0080,0.0074,3.8454,0.0140,0.0284,16,12288,196608,393216,51128.6328,102257.2656,0.0000,0,0.0000,0.0000,0,0.0000,0,0.0000,0.0000,0,0.0000,0.0000,0,0,0,0,0,0,0,0,0,0,0,0,0,0,0,0,0,0,0,0,0,0,0,0,0
WG_METRICS 101,16,12288,3.8604,0.0081,0.0074,3.7974,0.0220,0.0255,16,12288,196608,393216,51774.3711,103548.7422,0.0000,0,0.0000,0.0000,0,0.0000,0,0.0000,0.0000,0,0.0000,0.0000,0,0,0,0,0,0,0,0,0,0,0,0,0,0,0,0,0,0,0,0,0,0,0,0,0
WG_METRICS 102,16,12288,3.9191,0.0080,0.0068,3.8642,0.0134,0.0268,16,12288,196608,393216,50879.8789,101759.7578,0.0000,0,0.0000,0.0000,0,0.0000,0,0.0000,0.0000,0,0.0000,0.0000,0,0,0,0,0,0,0,0,0,0,0,0,0,0,0,0,0,0,0,0,0,0,0,0,0
WG_METRICS 103,16,12288,3.9474,0.0080,0.0073,3.8814,0.0225,0.0282,16,12288,196608,393216,50654.4102,101308.8203,0.0000,0,0.0000,0.0000,0,0.0000,0,0.0000,0.0000,0,0.0000,0.0000,0,0,0,0,0,0,0,0,0,0,0,0,0,0,0,0,0,0,0,0,0,0,0,0,0
WG_METRICS 104,16,12288,3.8862,0.0080,0.0074,3.8311,0.0132,0.0265,16,12288,196608,393216,51319.2109,102638.4219,0.0000,0,0.0000,0.0000,0,0.0000,0,0.0000,0.0000,0,0.0000,0.0000,0,0,0,0,0,0,0,0,0,0,0,0,0,0,0,0,0,0,0,0,0,0,0,0,0
WG_METRICS 105,16,12288,3.8886,0.0082,0.0072,3.8223,0.0236,0.0273,16,12288,196608,393216,51436.8242,102873.6484,0.0000,0,0.0000,0.0000,0,0.0000,0,0.0000,0.0000,0,0.0000,0.0000,0,0,0,0,0,0,0,0,0,0,0,0,0,0,0,0,0,0,0,0,0,0,0,0,0
WG_METRICS 106,16,12288,3.8971,0.0080,0.0074,3.8400,0.0140,0.0278,16,12288,196608,393216,51200.5312,102401.0625,0.0000,0,0.0000,0.0000,0,0.0000,0,0.0000,0.0000,0,0.0000,0.0000,0,0,0,0,0,0,0,0,0,0,0,0,0,0,0,0,0,0,0,0,0,0,0,0,0
WG_METRICS 107,16,12288,3.9230,0.0081,0.0073,3.8590,0.0220,0.0266,16,12288,196608,393216,50947.9141,101895.8281,0.0000,0,0.0000,0.0000,0,0.0000,0,0.0000,0.0000,0,0.0000,0.0000,0,0,0,0,0,0,0,0,0,0,0,0,0,0,0,0,0,0,0,0,0,0,0,0,0
WG_METRICS 108,16,12288,3.9147,0.0076,0.0068,3.8634,0.0212,0.0157,16,12288,196608,393216,50890.4180,101780.8359,0.0000,0,0.0000,0.0000,0,0.0000,0,0.0000,0.0000,0,0.0000,0.0000,0,0,0,0,0,0,0,0,0,0,0,0,0,0,0,0,0,0,0,0,0,0,0,0,0
WG_METRICS 109,16,12288,3.8688,0.0075,0.0067,3.8180,0.0212,0.0153,16,12288,196608,393216,51495.5625,102991.1250,0.0000,0,0.0000,0.0000,0,0.0000,0,0.0000,0.0000,0,0.0000,0.0000,0,0,0,0,0,0,0,0,0,0,0,0,0,0,0,0,0,0,0,0,0,0,0,0,0
WG_METRICS 110,16,12288,3.8935,0.0075,0.0060,3.8437,0.0212,0.0150,16,12288,196608,393216,51150.4492,102300.8984,0.0000,0,0.0000,0.0000,0,0.0000,0,0.0000,0.0000,0,0.0000,0.0000,0,0,0,0,0,0,0,0,0,0,0,0,0,0,0,0,0,0,0,0,0,0,0,0,0
WG_METRICS 111,16,12288,3.9045,0.0075,0.0068,3.8620,0.0126,0.0157,16,12288,196608,393216,50907.8086,101815.6172,0.0000,0,0.0000,0.0000,0,0.0000,0,0.0000,0.0000,0,0.0000,0.0000,0,0,0,0,0,0,0,0,0,0,0,0,0,0,0,0,0,0,0,0,0,0,0,0,0
WG_METRICS 112,16,12288,3.8823,0.0074,0.0069,3.8308,0.0212,0.0160,16,12288,196608,393216,51322.4258,102644.8516,0.0000,0,0.0000,0.0000,0,0.0000,0,0.0000,0.0000,0,0.0000,0.0000,0,0,0,0,0,0,0,0,0,0,0,0,0,0,0,0,0,0,0,0,0,0,0,0,0
WG_METRICS 113,16,12288,3.8737,0.0075,0.0068,3.8312,0.0127,0.0154,16,12288,196608,393216,51317.0664,102634.1328,0.0000,0,0.0000,0.0000,0,0.0000,0,0.0000,0.0000,0,0.0000,0.0000,0,0,0,0,0,0,0,0,0,0,0,0,0,0,0,0,0,0,0,0,0,0,0,0,0
WG_METRICS 114,16,12288,3.8977,0.0075,0.0068,3.8558,0.0125,0.0150,16,12288,196608,393216,50989.6680,101979.3359,0.0000,0,0.0000,0.0000,0,0.0000,0,0.0000,0.0000,0,0.0000,0.0000,0,0,0,0,0,0,0,0,0,0,0,0,0,0,0,0,0,0,0,0,0,0,0,0,0
WG_METRICS 115,16,12288,3.8904,0.0075,0.0068,3.8404,0.0206,0.0151,16,12288,196608,393216,51194.1328,102388.2656,0.0000,0,0.0000,0.0000,0,0.0000,0,0.0000,0.0000,0,0.0000,0.0000,0,0,0,0,0,0,0,0,0,0,0,0,0,0,0,0,0,0,0,0,0,0,0,0,0
WG_METRICS 116,16,12288,3.8828,0.0075,0.0068,3.8410,0.0125,0.0150,16,12288,196608,393216,51186.6680,102373.3359,0.0000,0,0.0000,0.0000,0,0.0000,0,0.0000,0.0000,0,0.0000,0.0000,0,0,0,0,0,0,0,0,0,0,0,0,0,0,0,0,0,0,0,0,0,0,0,0,0
WG_METRICS 117,16,12288,3.9356,0.0075,0.0066,3.8844,0.0214,0.0158,16,12288,196608,393216,50614.7695,101229.5391,0.0000,0,0.0000,0.0000,0,0.0000,0,0.0000,0.0000,0,0.0000,0.0000,0,0,0,0,0,0,0,0,0,0,0,0,0,0,0,0,0,0,0,0,0,0,0,0,0
WG_METRICS 118,16,12288,3.9148,0.0075,0.0067,3.8632,0.0216,0.0158,16,12288,196608,393216,50893.0508,101786.1016,0.0000,0,0.0000,0.0000,0,0.0000,0,0.0000,0.0000,0,0.0000,0.0000,0,0,0,0,0,0,0,0,0,0,0,0,0,0,0,0,0,0,0,0,0,0,0,0,0
WG_METRICS 119,16,12288,3.8996,0.0075,0.0067,3.8490,0.0210,0.0154,16,12288,196608,393216,51079.7500,102159.5000,0.0000,0,0.0000,0.0000,0,0.0000,0,0.0000,0.0000,0,0.0000,0.0000,0,0,0,0,0,0,0,0,0,0,0,0,0,0,0,0,0,0,0,0,0,0,0,0,0
WG_METRICS 120,16,12288,3.8780,0.0074,0.0068,3.8272,0.0214,0.0152,16,12288,196608,393216,51371.7773,102743.5547,0.0000,0,0.0000,0.0000,0,0.0000,0,0.0000,0.0000,0,0.0000,0.0000,0,0,0,0,0,0,0,0,0,0,0,0,0,0,0,0,0,0,0,0,0,0,0,0,0
WG_METRICS 121,16,12288,3.9300,0.0076,0.0068,3.8778,0.0220,0.0158,16,12288,196608,393216,50700.3906,101400.7812,0.0000,0,0.0000,0.0000,0,0.0000,0,0.0000,0.0000,0,0.0000,0.0000,0,0,0,0,0,0,0,0,0,0,0,0,0,0,0,0,0,0,0,0,0,0,0,0,0
WG_METRICS 122,16,12288,3.8804,0.0075,0.0067,3.8380,0.0130,0.0151,16,12288,196608,393216,51226.6797,102453.3594,0.0000,0,0.0000,0.0000,0,0.0000,0,0.0000,0.0000,0,0.0000,0.0000,0,0,0,0,0,0,0,0,0,0,0,0,0,0,0,0,0,0,0,0,0,0,0,0,0
WG_METRICS 123,16,12288,3.8721,0.0075,0.0068,3.8295,0.0126,0.0157,16,12288,196608,393216,51340.6523,102681.3047,0.0000,0,0.0000,0.0000,0,0.0000,0,0.0000,0.0000,0,0.0000,0.0000,0,0,0,0,0,0,0,0,0,0,0,0,0,0,0,0,0,0,0,0,0,0,0,0,0
WG_METRICS 124,16,12288,3.9107,0.0075,0.0068,3.8597,0.0216,0.0151,16,12288,196608,393216,50938.4102,101876.8203,0.0000,0,0.0000,0.0000,0,0.0000,0,0.0000,0.0000,0,0.0000,0.0000,0,0,0,0,0,0,0,0,0,0,0,0,0,0,0,0,0,0,0,0,0,0,0,0,0
WG_METRICS 125,16,12288,3.8782,0.0075,0.0067,3.8274,0.0215,0.0151,16,12288,196608,393216,51368.5547,102737.1094,0.0000,0,0.0000,0.0000,0,0.0000,0,0.0000,0.0000,0,0.0000,0.0000,0,0,0,0,0,0,0,0,0,0,0,0,0,0,0,0,0,0,0,0,0,0,0,0,0
WG_METRICS 126,16,12288,3.9058,0.0076,0.0068,3.8400,0.0224,0.0290,16,12288,196608,393216,51199.4688,102398.9375,0.0000,0,0.0000,0.0000,0,0.0000,0,0.0000,0.0000,0,0.0000,0.0000,0,0,0,0,0,0,0,0,0,0,0,0,0,0,0,0,0,0,0,0,0,0,0,0,0
WG_METRICS 127,16,12288,3.8849,0.0080,0.0075,3.8137,0.0220,0.0338,16,12288,196608,393216,51553.3555,103106.7109,0.0000,0,0.0000,0.0000,0,0.0000,0,0.0000,0.0000,0,0.0000,0.0000,0,0,0,0,0,0,0,0,0,0,0,0,0,0,0,0,0,0,0,0,0,0,0,0,0
WG_METRICS 128,16,12288,3.8973,0.0082,0.0073,3.8428,0.0129,0.0260,16,12288,196608,393216,51162.1602,102324.3203,0.0000,0,0.0000,0.0000,0,0.0000,0,0.0000,0.0000,0,0.0000,0.0000,0,0,0,0,0,0,0,0,0,0,0,0,0,0,0,0,0,0,0,0,0,0,0,0,0
WG_METRICS 129,16,12288,3.8518,0.0080,0.0074,3.7915,0.0144,0.0305,16,12288,196608,393216,51855.2109,103710.4219,0.0000,0,0.0000,0.0000,0,0.0000,0,0.0000,0.0000,0,0.0000,0.0000,0,0,0,0,0,0,0,0,0,0,0,0,0,0,0,0,0,0,0,0,0,0,0,0,0
WG_METRICS 130,16,12288,3.8578,0.0080,0.0074,3.7932,0.0221,0.0272,16,12288,196608,393216,51831.6992,103663.3984,0.0000,0,0.0000,0.0000,0,0.0000,0,0.0000,0.0000,0,0.0000,0.0000,0,0,0,0,0,0,0,0,0,0,0,0,0,0,0,0,0,0,0,0,0,0,0,0,0
WG_METRICS 131,16,12288,3.8472,0.0129,0.0030,3.7822,0.0227,0.0264,16,12288,196608,393216,51981.8945,103963.7891,0.0000,0,0.0000,0.0000,0,0.0000,0,0.0000,0.0000,0,0.0000,0.0000,0,0,0,0,0,0,0,0,0,0,0,0,0,0,0,0,0,0,0,0,0,0,0,0,0
WG_METRICS 132,16,12288,3.8929,0.0080,0.0074,3.8299,0.0224,0.0252,16,12288,196608,393216,51335.2891,102670.5781,0.0000,0,0.0000,0.0000,0,0.0000,0,0.0000,0.0000,0,0.0000,0.0000,0,0,0,0,0,0,0,0,0,0,0,0,0,0,0,0,0,0,0,0,0,0,0,0,0
WG_METRICS 133,16,12288,3.8804,0.0080,0.0074,3.8249,0.0133,0.0268,16,12288,196608,393216,51402.3984,102804.7969,0.0000,0,0.0000,0.0000,0,0.0000,0,0.0000,0.0000,0,0.0000,0.0000,0,0,0,0,0,0,0,0,0,0,0,0,0,0,0,0,0,0,0,0,0,0,0,0,0
WG_METRICS 134,16,12288,3.8736,0.0080,0.0074,3.8097,0.0219,0.0266,16,12288,196608,393216,51607.4844,103214.9688,0.0000,0,0.0000,0.0000,0,0.0000,0,0.0000,0.0000,0,0.0000,0.0000,0,0,0,0,0,0,0,0,0,0,0,0,0,0,0,0,0,0,0,0,0,0,0,0,0
WG_METRICS 135,16,12288,3.9407,0.0080,0.0073,3.8739,0.0220,0.0296,16,12288,196608,393216,50752.2188,101504.4375,0.0000,0,0.0000,0.0000,0,0.0000,0,0.0000,0.0000,0,0.0000,0.0000,0,0,0,0,0,0,0,0,0,0,0,0,0,0,0,0,0,0,0,0,0,0,0,0,0
WG_METRICS 136,16,12288,3.9180,0.0080,0.0074,3.8484,0.0221,0.0320,16,12288,196608,393216,51087.7148,102175.4297,0.0000,0,0.0000,0.0000,0,0.0000,0,0.0000,0.0000,0,0.0000,0.0000,0,0,0,0,0,0,0,0,0,0,0,0,0,0,0,0,0,0,0,0,0,0,0,0,0
WG_METRICS 137,16,12288,3.9160,0.0080,0.0074,3.8494,0.0232,0.0280,16,12288,196608,393216,51075.5039,102151.0078,0.0000,0,0.0000,0.0000,0,0.0000,0,0.0000,0.0000,0,0.0000,0.0000,0,0,0,0,0,0,0,0,0,0,0,0,0,0,0,0,0,0,0,0,0,0,0,0,0
WG_METRICS 138,16,12288,3.8638,0.0080,0.0074,3.7995,0.0229,0.0260,16,12288,196608,393216,51745.4844,103490.9688,0.0000,0,0.0000,0.0000,0,0.0000,0,0.0000,0.0000,0,0.0000,0.0000,0,0,0,0,0,0,0,0,0,0,0,0,0,0,0,0,0,0,0,0,0,0,0,0,0
WG_METRICS 139,16,12288,3.9608,0.0081,0.0074,3.8964,0.0222,0.0267,16,12288,196608,393216,50458.8867,100917.7734,0.0000,0,0.0000,0.0000,0,0.0000,0,0.0000,0.0000,0,0.0000,0.0000,0,0,0,0,0,0,0,0,0,0,0,0,0,0,0,0,0,0,0,0,0,0,0,0,0
WG_METRICS 140,16,12288,3.8583,0.0081,0.0073,3.8083,0.0077,0.0269,16,12288,196608,393216,51625.9141,103251.8281,0.0000,0,0.0000,0.0000,0,0.0000,0,0.0000,0.0000,0,0.0000,0.0000,0,0,0,0,0,0,0,0,0,0,0,0,0,0,0,0,0,0,0,0,0,0,0,0,0
WG_METRICS 141,16,12288,3.8052,0.0081,0.0074,3.7516,0.0136,0.0246,16,12288,196608,393216,52406.4414,104812.8828,0.0000,0,0.0000,0.0000,0,0.0000,0,0.0000,0.0000,0,0.0000,0.0000,0,0,0,0,0,0,0,0,0,0,0,0,0,0,0,0,0,0,0,0,0,0,0,0,0
WG_METRICS 142,16,12288,3.9492,0.0079,0.0074,3.8911,0.0140,0.0288,16,12288,196608,393216,50527.8750,101055.7500,0.0000,0,0.0000,0.0000,0,0.0000,0,0.0000,0.0000,0,0.0000,0.0000,0,0,0,0,0,0,0,0,0,0,0,0,0,0,0,0,0,0,0,0,0,0,0,0,0
WG_METRICS 143,16,12288,3.9187,0.0080,0.0074,3.8586,0.0134,0.0313,16,12288,196608,393216,50953.1953,101906.3906,0.0000,0,0.0000,0.0000,0,0.0000,0,0.0000,0.0000,0,0.0000,0.0000,0,0,0,0,0,0,0,0,0,0,0,0,0,0,0,0,0,0,0,0,0,0,0,0,0
WG_METRICS 144,16,12288,3.8754,0.0076,0.0067,3.8330,0.0128,0.0153,16,12288,196608,393216,51292.9688,102585.9375,0.0000,0,0.0000,0.0000,0,0.0000,0,0.0000,0.0000,0,0.0000,0.0000,0,0,0,0,0,0,0,0,0,0,0,0,0,0,0,0,0,0,0,0,0,0,0,0,0
WG_METRICS 145,16,12288,3.8928,0.0075,0.0068,3.8494,0.0135,0.0156,16,12288,196608,393216,51075.5039,102151.0078,0.0000,0,0.0000,0.0000,0,0.0000,0,0.0000,0.0000,0,0.0000,0.0000,0,0,0,0,0,0,0,0,0,0,0,0,0,0,0,0,0,0,0,0,0,0,0,0,0
WG_METRICS 146,16,12288,3.8670,0.0075,0.0068,3.8160,0.0211,0.0156,16,12288,196608,393216,51522.0117,103044.0234,0.0000,0,0.0000,0.0000,0,0.0000,0,0.0000,0.0000,0,0.0000,0.0000,0,0,0,0,0,0,0,0,0,0,0,0,0,0,0,0,0,0,0,0,0,0,0,0,0
WG_METRICS 147,16,12288,3.8836,0.0075,0.0064,3.8334,0.0211,0.0152,16,12288,196608,393216,51288.6875,102577.3750,0.0000,0,0.0000,0.0000,0,0.0000,0,0.0000,0.0000,0,0.0000,0.0000,0,0,0,0,0,0,0,0,0,0,0,0,0,0,0,0,0,0,0,0,0,0,0,0,0
WG_METRICS 148,16,12288,3.9116,0.0075,0.0066,3.8607,0.0214,0.0154,16,12288,196608,393216,50925.2188,101850.4375,0.0000,0,0.0000,0.0000,0,0.0000,0,0.0000,0.0000,0,0.0000,0.0000,0,0,0,0,0,0,0,0,0,0,0,0,0,0,0,0,0,0,0,0,0,0,0,0,0
WG_METRICS 149,16,12288,3.8724,0.0075,0.0068,3.8320,0.0105,0.0156,16,12288,196608,393216,51306.8906,102613.7812,0.0000,0,0.0000,0.0000,0,0.0000,0,0.0000,0.0000,0,0.0000,0.0000,0,0,0,0,0,0,0,0,0,0,0,0,0,0,0,0,0,0,0,0,0,0,0,0,0
WG_METRICS 150,16,12288,3.8575,0.0075,0.0067,3.8148,0.0129,0.0156,16,12288,196608,393216,51537.6797,103075.3594,0.0000,0,0.0000,0.0000,0,0.0000,0,0.0000,0.0000,0,0.0000,0.0000,0,0,0,0,0,0,0,0,0,0,0,0,0,0,0,0,0,0,0,0,0,0,0,0,0
WG_METRICS 151,16,12288,3.9301,0.0075,0.0068,3.8792,0.0212,0.0155,16,12288,196608,393216,50683.1367,101366.2734,0.0000,0,0.0000,0.0000,0,0.0000,0,0.0000,0.0000,0,0.0000,0.0000,0,0,0,0,0,0,0,0,0,0,0,0,0,0,0,0,0,0,0,0,0,0,0,0,0
WG_METRICS 152,16,12288,3.8839,0.0076,0.0068,3.8421,0.0124,0.0150,16,12288,196608,393216,51172.2812,102344.5625,0.0000,0,0.0000,0.0000,0,0.0000,0,0.0000,0.0000,0,0.0000,0.0000,0,0,0,0,0,0,0,0,0,0,0,0,0,0,0,0,0,0,0,0,0,0,0,0,0
WG_METRICS 153,16,12288,3.8818,0.0076,0.0068,3.8389,0.0134,0.0152,16,12288,196608,393216,51214.9375,102429.8750,0.0000,0,0.0000,0.0000,0,0.0000,0,0.0000,0.0000,0,0.0000,0.0000,0,0,0,0,0,0,0,0,0,0,0,0,0,0,0,0,0,0,0,0,0,0,0,0,0
WG_METRICS 154,16,12288,3.9382,0.0080,0.0073,3.8755,0.0215,0.0258,16,12288,196608,393216,50730.7422,101461.4844,0.0000,0,0.0000,0.0000,0,0.0000,0,0.0000,0.0000,0,0.0000,0.0000,0,0,0,0,0,0,0,0,0,0,0,0,0,0,0,0,0,0,0,0,0,0,0,0,0
WG_METRICS 155,16,12288,3.8634,0.0080,0.0074,3.8068,0.0135,0.0277,16,12288,196608,393216,51646.5273,103293.0547,0.0000,0,0.0000,0.0000,0,0.0000,0,0.0000,0.0000,0,0.0000,0.0000,0,0,0,0,0,0,0,0,0,0,0,0,0,0,0,0,0,0,0,0,0,0,0,0,0
WG_METRICS 156,16,12288,3.8952,0.0101,0.0072,3.8218,0.0167,0.0393,16,12288,196608,393216,51443.2852,102886.5703,0.0000,0,0.0000,0.0000,0,0.0000,0,0.0000,0.0000,0,0.0000,0.0000,0,0,0,0,0,0,0,0,0,0,0,0,0,0,0,0,0,0,0,0,0,0,0,0,0
WG_METRICS 157,16,12288,3.8696,0.0076,0.0067,3.8272,0.0120,0.0160,16,12288,196608,393216,51371.2383,102742.4766,0.0000,0,0.0000,0.0000,0,0.0000,0,0.0000,0.0000,0,0.0000,0.0000,0,0,0,0,0,0,0,0,0,0,0,0,0,0,0,0,0,0,0,0,0,0,0,0,0
WG_METRICS 158,16,12288,3.9117,0.0074,0.0065,3.8676,0.0146,0.0156,16,12288,196608,393216,50835.1523,101670.3047,0.0000,0,0.0000,0.0000,0,0.0000,0,0.0000,0.0000,0,0.0000,0.0000,0,0,0,0,0,0,0,0,0,0,0,0,0,0,0,0,0,0,0,0,0,0,0,0,0
WG_METRICS 159,16,12288,3.8425,0.0075,0.0068,3.7915,0.0217,0.0150,16,12288,196608,393216,51855.2109,103710.4219,0.0000,0,0.0000,0.0000,0,0.0000,0,0.0000,0.0000,0,0.0000,0.0000,0,0,0,0,0,0,0,0,0,0,0,0,0,0,0,0,0,0,0,0,0,0,0,0,0
WG_METRICS 160,16,12288,3.9194,0.0074,0.0068,3.8547,0.0220,0.0285,16,12288,196608,393216,51005.0117,102010.0234,0.0000,0,0.0000,0.0000,0,0.0000,0,0.0000,0.0000,0,0.0000,0.0000,0,0,0,0,0,0,0,0,0,0,0,0,0,0,0,0,0,0,0,0,0,0,0,0,0
WG_METRICS 161,16,12288,3.9107,0.0080,0.0074,3.8464,0.0220,0.0268,16,12288,196608,393216,51115.3398,102230.6797,0.0000,0,0.0000,0.0000,0,0.0000,0,0.0000,0.0000,0,0.0000,0.0000,0,0,0,0,0,0,0,0,0,0,0,0,0,0,0,0,0,0,0,0,0,0,0,0,0
WG_METRICS 162,16,12288,3.8997,0.0080,0.0074,3.8450,0.0134,0.0259,16,12288,196608,393216,51133.9531,102267.9062,0.0000,0,0.0000,0.0000,0,0.0000,0,0.0000,0.0000,0,0.0000,0.0000,0,0,0,0,0,0,0,0,0,0,0,0,0,0,0,0,0,0,0,0,0,0,0,0,0
WG_METRICS 163,16,12288,3.9298,0.0081,0.0072,3.8659,0.0219,0.0268,16,12288,196608,393216,50856.7148,101713.4297,0.0000,0,0.0000,0.0000,0,0.0000,0,0.0000,0.0000,0,0.0000,0.0000,0,0,0,0,0,0,0,0,0,0,0,0,0,0,0,0,0,0,0,0,0,0,0,0,0
WG_METRICS 164,16,12288,3.8702,0.0080,0.0074,3.8156,0.0137,0.0255,16,12288,196608,393216,51527.4141,103054.8281,0.0000,0,0.0000,0.0000,0,0.0000,0,0.0000,0.0000,0,0.0000,0.0000,0,0,0,0,0,0,0,0,0,0,0,0,0,0,0,0,0,0,0,0,0,0,0,0,0
WG_METRICS 165,16,12288,3.9092,0.0080,0.0074,3.8438,0.0218,0.0281,16,12288,196608,393216,51149.9141,102299.8281,0.0000,0,0.0000,0.0000,0,0.0000,0,0.0000,0.0000,0,0.0000,0.0000,0,0,0,0,0,0,0,0,0,0,0,0,0,0,0,0,0,0,0,0,0,0,0,0,0
WG_METRICS 166,16,12288,3.8914,0.0080,0.0074,3.8268,0.0220,0.0272,16,12288,196608,393216,51376.0703,102752.1406,0.0000,0,0.0000,0.0000,0,0.0000,0,0.0000,0.0000,0,0.0000,0.0000,0,0,0,0,0,0,0,0,0,0,0,0,0,0,0,0,0,0,0,0,0,0,0,0,0
WG_METRICS 167,16,12288,3.9352,0.0082,0.0072,3.8784,0.0147,0.0266,16,12288,196608,393216,50692.5469,101385.0938,0.0000,0,0.0000,0.0000,0,0.0000,0,0.0000,0.0000,0,0.0000,0.0000,0,0,0,0,0,0,0,0,0,0,0,0,0,0,0,0,0,0,0,0,0,0,0,0,0
WG_METRICS 168,16,12288,3.8176,0.0080,0.0074,3.7623,0.0134,0.0265,16,12288,196608,393216,52257.1172,104514.2344,0.0000,0,0.0000,0.0000,0,0.0000,0,0.0000,0.0000,0,0.0000,0.0000,0,0,0,0,0,0,0,0,0,0,0,0,0,0,0,0,0,0,0,0,0,0,0,0,0
WG_METRICS 169,16,12288,3.9400,0.0080,0.0074,3.8727,0.0221,0.0298,16,12288,196608,393216,50767.9453,101535.8906,0.0000,0,0.0000,0.0000,0,0.0000,0,0.0000,0.0000,0,0.0000,0.0000,0,0,0,0,0,0,0,0,0,0,0,0,0,0,0,0,0,0,0,0,0,0,0,0,0
WG_METRICS 170,16,12288,3.9020,0.0080,0.0074,3.8450,0.0140,0.0276,16,12288,196608,393216,51133.9531,102267.9062,0.0000,0,0.0000,0.0000,0,0.0000,0,0.0000,0.0000,0,0.0000,0.0000,0,0,0,0,0,0,0,0,0,0,0,0,0,0,0,0,0,0,0,0,0,0,0,0,0
WG_METRICS 171,16,12288,3.9126,0.0081,0.0123,3.8434,0.0219,0.0269,16,12288,196608,393216,51154.7070,102309.4141,0.0000,0,0.0000,0.0000,0,0.0000,0,0.0000,0.0000,0,0.0000,0.0000,0,0,0,0,0,0,0,0,0,0,0,0,0,0,0,0,0,0,0,0,0,0,0,0,0
WG_METRICS 172,16,12288,3.8609,0.0080,0.0074,3.8024,0.0168,0.0264,16,12288,196608,393216,51706.2891,103412.5781,0.0000,0,0.0000,0.0000,0,0.0000,0,0.0000,0.0000,0,0.0000,0.0000,0,0,0,0,0,0,0,0,0,0,0,0,0,0,0,0,0,0,0,0,0,0,0,0,0
WG_METRICS 173,16,12288,3.9159,0.0081,0.0074,3.8663,0.0083,0.0258,16,12288,196608,393216,50851.4570,101702.9141,0.0000,0,0.0000,0.0000,0,0.0000,0,0.0000,0.0000,0,0.0000,0.0000,0,0,0,0,0,0,0,0,0,0,0,0,0,0,0,0,0,0,0,0,0,0,0,0,0
WG_METRICS 174,16,12288,3.9108,0.0080,0.0074,3.8467,0.0219,0.0269,16,12288,196608,393216,51111.0898,102222.1797,0.0000,0,0.0000,0.0000,0,0.0000,0,0.0000,0.0000,0,0.0000,0.0000,0,0,0,0,0,0,0,0,0,0,0,0,0,0,0,0,0,0,0,0,0,0,0,0,0
WG_METRICS 175,16,12288,3.9054,0.0080,0.0073,3.8570,0.0076,0.0256,16,12288,196608,393216,50974.8594,101949.7188,0.0000,0,0.0000,0.0000,0,0.0000,0,0.0000,0.0000,0,0.0000,0.0000,0,0,0,0,0,0,0,0,0,0,0,0,0,0,0,0,0,0,0,0,0,0,0,0,0
WG_METRICS 176,16,12288,3.9309,0.0080,0.0074,3.8714,0.0134,0.0307,16,12288,196608,393216,50785.2539,101570.5078,0.0000,0,0.0000,0.0000,0,0.0000,0,0.0000,0.0000,0,0.0000,0.0000,0,0,0,0,0,0,0,0,0,0,0,0,0,0,0,0,0,0,0,0,0,0,0,0,0
WG_METRICS 177,16,12288,3.8557,0.0080,0.0074,3.8045,0.0100,0.0258,16,12288,196608,393216,51678.0195,103356.0391,0.0000,0,0.0000,0.0000,0,0.0000,0,0.0000,0.0000,0,0.0000,0.0000,0,0,0,0,0,0,0,0,0,0,0,0,0,0,0,0,0,0,0,0,0,0,0,0,0
WG_METRICS 178,16,12288,3.9128,0.0080,0.0074,3.8480,0.0220,0.0273,16,12288,196608,393216,51093.5547,102187.1094,0.0000,0,0.0000,0.0000,0,0.0000,0,0.0000,0.0000,0,0.0000,0.0000,0,0,0,0,0,0,0,0,0,0,0,0,0,0,0,0,0,0,0,0,0,0,0,0,0
WG_METRICS 179,16,12288,3.7967,0.0080,0.0074,3.7405,0.0132,0.0276,16,12288,196608,393216,52562.2383,105124.4766,0.0000,0,0.0000,0.0000,0,0.0000,0,0.0000,0.0000,0,0.0000,0.0000,0,0,0,0,0,0,0,0,0,0,0,0,0,0,0,0,0,0,0,0,0,0,0,0,0
WG_METRICS 180,16,12288,3.9418,0.0081,0.0073,3.8777,0.0220,0.0266,16,12288,196608,393216,50702.4805,101404.9609,0.0000,0,0.0000,0.0000,0,0.0000,0,0.0000,0.0000,0,0.0000,0.0000,0,0,0,0,0,0,0,0,0,0,0,0,0,0,0,0,0,0,0,0,0,0,0,0,0
WG_METRICS 181,16,12288,3.8789,0.0081,0.0074,3.8248,0.0133,0.0254,16,12288,196608,393216,51404.0117,102808.0234,0.0000,0,0.0000,0.0000,0,0.0000,0,0.0000,0.0000,0,0.0000,0.0000,0,0,0,0,0,0,0,0,0,0,0,0,0,0,0,0,0,0,0,0,0,0,0,0,0
WG_METRICS 182,16,12288,3.8472,0.0080,0.0074,3.7824,0.0231,0.0264,16,12288,196608,393216,51979.6953,103959.3906,0.0000,0,0.0000,0.0000,0,0.0000,0,0.0000,0.0000,0,0.0000,0.0000,0,0,0,0,0,0,0,0,0,0,0,0,0,0,0,0,0,0,0,0,0,0,0,0,0
WG_METRICS 183,16,12288,3.9406,0.0081,0.0073,3.8850,0.0126,0.0276,16,12288,196608,393216,50606.4297,101212.8594,0.0000,0,0.0000,0.0000,0,0.0000,0,0.0000,0.0000,0,0.0000,0.0000,0,0,0,0,0,0,0,0,0,0,0,0,0,0,0,0,0,0,0,0,0,0,0,0,0
WG_METRICS 184,16,12288,3.9368,0.0080,0.0074,3.8826,0.0124,0.0264,16,12288,196608,393216,50638.2305,101276.4609,0.0000,0,0.0000,0.0000,0,0.0000,0,0.0000,0.0000,0,0.0000,0.0000,0,0,0,0,0,0,0,0,0,0,0,0,0,0,0,0,0,0,0,0,0,0,0,0,0
WG_METRICS 185,16,12288,3.8470,0.0080,0.0074,3.7925,0.0096,0.0295,16,12288,196608,393216,51841.5391,103683.0781,0.0000,0,0.0000,0.0000,0,0.0000,0,0.0000,0.0000,0,0.0000,0.0000,0,0,0,0,0,0,0,0,0,0,0,0,0,0,0,0,0,0,0,0,0,0,0,0,0
WG_METRICS 186,16,12288,3.8896,0.0080,0.0074,3.8270,0.0215,0.0258,16,12288,196608,393216,51374.4570,102748.9141,0.0000,0,0.0000,0.0000,0,0.0000,0,0.0000,0.0000,0,0.0000,0.0000,0,0,0,0,0,0,0,0,0,0,0,0,0,0,0,0,0,0,0,0,0,0,0,0,0
WG_METRICS 187,16,12288,3.8997,0.0080,0.0074,3.8455,0.0124,0.0264,16,12288,196608,393216,51127.0391,102254.0781,0.0000,0,0.0000,0.0000,0,0.0000,0,0.0000,0.0000,0,0.0000,0.0000,0,0,0,0,0,0,0,0,0,0,0,0,0,0,0,0,0,0,0,0,0,0,0,0,0
WG_METRICS 188,16,12288,3.9306,0.0080,0.0074,3.8624,0.0227,0.0300,16,12288,196608,393216,50902.5352,101805.0703,0.0000,0,0.0000,0.0000,0,0.0000,0,0.0000,0.0000,0,0.0000,0.0000,0,0,0,0,0,0,0,0,0,0,0,0,0,0,0,0,0,0,0,0,0,0,0,0,0
WG_METRICS 189,16,12288,3.8831,0.0080,0.0075,3.8270,0.0142,0.0264,16,12288,196608,393216,51373.3867,102746.7734,0.0000,0,0.0000,0.0000,0,0.0000,0,0.0000,0.0000,0,0.0000,0.0000,0,0,0,0,0,0,0,0,0,0,0,0,0,0,0,0,0,0,0,0,0,0,0,0,0
WG_METRICS 190,16,12288,3.8759,0.0080,0.0074,3.8116,0.0211,0.0278,16,12288,196608,393216,51581.4883,103162.9766,0.0000,0,0.0000,0.0000,0,0.0000,0,0.0000,0.0000,0,0.0000,0.0000,0,0,0,0,0,0,0,0,0,0,0,0,0,0,0,0,0,0,0,0,0,0,0,0,0
WG_METRICS 191,16,12288,3.9378,0.0080,0.0074,3.8750,0.0218,0.0256,16,12288,196608,393216,50737.5469,101475.0938,0.0000,0,0.0000,0.0000,0,0.0000,0,0.0000,0.0000,0,0.0000,0.0000,0,0,0,0,0,0,0,0,0,0,0,0,0,0,0,0,0,0,0,0,0,0,0,0,0
WG_METRICS 192,16,12288,3.8556,0.0081,0.0073,3.7924,0.0215,0.0262,16,12288,196608,393216,51842.0859,103684.1719,0.0000,0,0.0000,0.0000,0,0.0000,0,0.0000,0.0000,0,0.0000,0.0000,0,0,0,0,0,0,0,0,0,0,0,0,0,0,0,0,0,0,0,0,0,0,0,0,0
WG_METRICS 193,16,12288,3.9122,0.0079,0.0075,3.8581,0.0125,0.0262,16,12288,196608,393216,50960.0625,101920.1250,0.0000,0,0.0000,0.0000,0,0.0000,0,0.0000,0.0000,0,0.0000,0.0000,0,0,0,0,0,0,0,0,0,0,0,0,0,0,0,0,0,0,0,0,0,0,0,0,0
WG_METRICS 194,16,12288,3.9121,0.0080,0.0074,3.8576,0.0127,0.0264,16,12288,196608,393216,50966.4062,101932.8125,0.0000,0,0.0000,0.0000,0,0.0000,0,0.0000,0.0000,0,0.0000,0.0000,0,0,0,0,0,0,0,0,0,0,0,0,0,0,0,0,0,0,0,0,0,0,0,0,0
WG_METRICS 195,16,12288,3.8805,0.0080,0.0074,3.8150,0.0220,0.0281,16,12288,196608,393216,51534.9766,103069.9531,0.0000,0,0.0000,0.0000,0,0.0000,0,0.0000,0.0000,0,0.0000,0.0000,0,0,0,0,0,0,0,0,0,0,0,0,0,0,0,0,0,0,0,0,0,0,0,0,0
WG_METRICS 196,16,12288,3.8958,0.0081,0.0074,3.8403,0.0139,0.0260,16,12288,196608,393216,51195.7305,102391.4609,0.0000,0,0.0000,0.0000,0,0.0000,0,0.0000,0.0000,0,0.0000,0.0000,0,0,0,0,0,0,0,0,0,0,0,0,0,0,0,0,0,0,0,0,0,0,0,0,0
WG_METRICS 197,16,12288,3.9288,0.0080,0.0074,3.8740,0.0133,0.0262,16,12288,196608,393216,50750.6445,101501.2891,0.0000,0,0.0000,0.0000,0,0.0000,0,0.0000,0.0000,0,0.0000,0.0000,0,0,0,0,0,0,0,0,0,0,0,0,0,0,0,0,0,0,0,0,0,0,0,0,0
WG_METRICS 198,16,12288,3.9130,0.0080,0.0073,3.8538,0.0150,0.0289,16,12288,196608,393216,51017.1875,102034.3750,0.0000,0,0.0000,0.0000,0,0.0000,0,0.0000,0.0000,0,0.0000,0.0000,0,0,0,0,0,0,0,0,0,0,0,0,0,0,0,0,0,0,0,0,0,0,0,0,0
WG_METRICS 199,16,12288,3.8869,0.0080,0.0074,3.8295,0.0134,0.0286,16,12288,196608,393216,51340.1172,102680.2344,0.0000,0,0.0000,0.0000,0,0.0000,0,0.0000,0.0000,0,0.0000,0.0000,0,0,0,0,0,0,0,0,0,0,0,0,0,0,0,0,0,0,0,0,0,0,0,0,0
WG_METRICS 200,16,12288,3.9335,0.0081,0.0074,3.8711,0.0212,0.0257,16,12288,196608,393216,50788.9297,101577.8594,0.0000,0,0.0000,0.0000,0,0.0000,0,0.0000,0.0000,0,0.0000,0.0000,0,0,0,0,0,0,0,0,0,0,0,0,0,0,0,0,0,0,0,0,0,0,0,0,0
WG_METRICS 201,16,12288,3.8408,0.0081,0.0073,3.7861,0.0132,0.0261,16,12288,196608,393216,51928.6250,103857.2500,0.0000,0,0.0000,0.0000,0,0.0000,0,0.0000,0.0000,0,0.0000,0.0000,0,0,0,0,0,0,0,0,0,0,0,0,0,0,0,0,0,0,0,0,0,0,0,0,0
WG_METRICS 202,16,12288,3.9432,0.0081,0.0073,3.8787,0.0225,0.0266,16,12288,196608,393216,50688.8867,101377.7734,0.0000,0,0.0000,0.0000,0,0.0000,0,0.0000,0.0000,0,0.0000,0.0000,0,0,0,0,0,0,0,0,0,0,0,0,0,0,0,0,0,0,0,0,0,0,0,0,0
WG_METRICS 203,16,12288,3.9248,0.0080,0.0072,3.8612,0.0214,0.0270,16,12288,196608,393216,50918.8828,101837.7656,0.0000,0,0.0000,0.0000,0,0.0000,0,0.0000,0.0000,0,0.0000,0.0000,0,0,0,0,0,0,0,0,0,0,0,0,0,0,0,0,0,0,0,0,0,0,0,0,0
WG_METRICS 204,16,12288,3.9029,0.0081,0.0074,3.8423,0.0177,0.0274,16,12288,196608,393216,51169.0859,102338.1719,0.0000,0,0.0000,0.0000,0,0.0000,0,0.0000,0.0000,0,0.0000,0.0000,0,0,0,0,0,0,0,0,0,0,0,0,0,0,0,0,0,0,0,0,0,0,0,0,0
WG_METRICS 205,16,12288,3.8974,0.0080,0.0074,3.8386,0.0132,0.0301,16,12288,196608,393216,51218.1406,102436.2812,0.0000,0,0.0000,0.0000,0,0.0000,0,0.0000,0.0000,0,0.0000,0.0000,0,0,0,0,0,0,0,0,0,0,0,0,0,0,0,0,0,0,0,0,0,0,0,0,0
WG_METRICS 206,16,12288,3.8905,0.0080,0.0074,3.8509,0.0084,0.0158,16,12288,196608,393216,51054.8125,102109.6250,0.0000,0,0.0000,0.0000,0,0.0000,0,0.0000,0.0000,0,0.0000,0.0000,0,0,0,0,0,0,0,0,0,0,0,0,0,0,0,0,0,0,0,0,0,0,0,0,0
WG_METRICS 207,16,12288,3.8931,0.0077,0.0066,3.8417,0.0220,0.0151,16,12288,196608,393216,51177.0742,102354.1484,0.0000,0,0.0000,0.0000,0,0.0000,0,0.0000,0.0000,0,0.0000,0.0000,0,0,0,0,0,0,0,0,0,0,0,0,0,0,0,0,0,0,0,0,0,0,0,0,0
WG_METRICS 208,16,12288,3.8779,0.0076,0.0064,3.8277,0.0212,0.0150,16,12288,196608,393216,51364.7930,102729.5859,0.0000,0,0.0000,0.0000,0,0.0000,0,0.0000,0.0000,0,0.0000,0.0000,0,0,0,0,0,0,0,0,0,0,0,0,0,0,0,0,0,0,0,0,0,0,0,0,0
WG_METRICS 209,16,12288,3.9467,0.0075,0.0067,3.8964,0.0211,0.0150,16,12288,196608,393216,50458.8867,100917.7734,0.0000,0,0.0000,0.0000,0,0.0000,0,0.0000,0.0000,0,0.0000,0.0000,0,0,0,0,0,0,0,0,0,0,0,0,0,0,0,0,0,0,0,0,0,0,0,0,0
WG_METRICS 210,16,12288,3.8905,0.0075,0.0068,3.8486,0.0128,0.0149,16,12288,196608,393216,51086.1211,102172.2422,0.0000,0,0.0000,0.0000,0,0.0000,0,0.0000,0.0000,0,0.0000,0.0000,0,0,0,0,0,0,0,0,0,0,0,0,0,0,0,0,0,0,0,0,0,0,0,0,0
WG_METRICS 211,16,12288,3.8960,0.0075,0.0066,3.8452,0.0215,0.0151,16,12288,196608,393216,51130.2266,102260.4531,0.0000,0,0.0000,0.0000,0,0.0000,0,0.0000,0.0000,0,0.0000,0.0000,0,0,0,0,0,0,0,0,0,0,0,0,0,0,0,0,0,0,0,0,0,0,0,0,0
WG_METRICS 212,16,12288,3.8707,0.0075,0.0068,3.8191,0.0210,0.0162,16,12288,196608,393216,51479.9219,102959.8438,0.0000,0,0.0000,0.0000,0,0.0000,0,0.0000,0.0000,0,0.0000,0.0000,0,0,0,0,0,0,0,0,0,0,0,0,0,0,0,0,0,0,0,0,0,0,0,0,0
WG_METRICS 213,16,12288,3.8739,0.0074,0.0068,3.8232,0.0214,0.0150,16,12288,196608,393216,51424.9844,102849.9688,0.0000,0,0.0000,0.0000,0,0.0000,0,0.0000,0.0000,0,0.0000,0.0000,0,0,0,0,0,0,0,0,0,0,0,0,0,0,0,0,0,0,0,0,0,0,0,0,0
WG_METRICS 214,16,12288,3.9026,0.0074,0.0068,3.8522,0.0212,0.0150,16,12288,196608,393216,51037.3164,102074.6328,0.0000,0,0.0000,0.0000,0,0.0000,0,0.0000,0.0000,0,0.0000,0.0000,0,0,0,0,0,0,0,0,0,0,0,0,0,0,0,0,0,0,0,0,0,0,0,0,0
WG_METRICS 215,16,12288,3.9347,0.0075,0.0068,3.8838,0.0215,0.0151,16,12288,196608,393216,50622.5859,101245.1719,0.0000,0,0.0000,0.0000,0,0.0000,0,0.0000,0.0000,0,0.0000,0.0000,0,0,0,0,0,0,0,0,0,0,0,0,0,0,0,0,0,0,0,0,0,0,0,0,0
WG_METRICS 216,16,12288,3.8176,0.0075,0.0068,3.7658,0.0215,0.0160,16,12288,196608,393216,52208.8281,104417.6562,0.0000,0,0.0000,0.0000,0,0.0000,0,0.0000,0.0000,0,0.0000,0.0000,0,0,0,0,0,0,0,0,0,0,0,0,0,0,0,0,0,0,0,0,0,0,0,0,0
WG_METRICS 217,16,12288,3.8621,0.0075,0.0068,3.8107,0.0219,0.0151,16,12288,196608,393216,51593.3984,103186.7969,0.0000,0,0.0000,0.0000,0,0.0000,0,0.0000,0.0000,0,0.0000,0.0000,0,0,0,0,0,0,0,0,0,0,0,0,0,0,0,0,0,0,0,0,0,0,0,0,0
WG_METRICS 218,16,12288,3.8821,0.0075,0.0067,3.8401,0.0127,0.0150,16,12288,196608,393216,51198.9336,102397.8672,0.0000,0,0.0000,0.0000,0,0.0000,0,0.0000,0.0000,0,0.0000,0.0000,0,0,0,0,0,0,0,0,0,0,0,0,0,0,0,0,0,0,0,0,0,0,0,0,0
WG_METRICS 219,16,12288,3.8979,0.0074,0.0068,3.8431,0.0126,0.0279,16,12288,196608,393216,51158.4336,102316.8672,0.0000,0,0.0000,0.0000,0,0.0000,0,0.0000,0.0000,0,0.0000,0.0000,0,0,0,0,0,0,0,0,0,0,0,0,0,0,0,0,0,0,0,0,0,0,0,0,0
WG_METRICS 220,16,12288,3.8796,0.0080,0.0074,3.8224,0.0138,0.0280,16,12288,196608,393216,51435.7461,102871.4922,0.0000,0,0.0000,0.0000,0,0.0000,0,0.0000,0.0000,0,0.0000,0.0000,0,0,0,0,0,0,0,0,0,0,0,0,0,0,0,0,0,0,0,0,0,0,0,0,0
WG_METRICS 221,16,12288,3.9006,0.0080,0.0074,3.8487,0.0212,0.0152,16,12288,196608,393216,51083.9961,102167.9922,0.0000,0,0.0000,0.0000,0,0.0000,0,0.0000,0.0000,0,0.0000,0.0000,0,0,0,0,0,0,0,0,0,0,0,0,0,0,0,0,0,0,0,0,0,0,0,0,0
WG_METRICS 222,16,12288,3.8782,0.0075,0.0068,3.8264,0.0224,0.0151,16,12288,196608,393216,51381.4375,102762.8750,0.0000,0,0.0000,0.0000,0,0.0000,0,0.0000,0.0000,0,0.0000,0.0000,0,0,0,0,0,0,0,0,0,0,0,0,0,0,0,0,0,0,0,0,0,0,0,0,0
WG_METRICS 223,16,12288,3.9406,0.0075,0.0122,3.8827,0.0213,0.0169,16,12288,196608,393216,50636.6680,101273.3359,0.0000,0,0.0000,0.0000,0,0.0000,0,0.0000,0.0000,0,0.0000,0.0000,0,0,0,0,0,0,0,0,0,0,0,0,0,0,0,0,0,0,0,0,0,0,0,0,0
WG_METRICS 224,16,12288,3.9487,0.0075,0.0068,3.9056,0.0132,0.0156,16,12288,196608,393216,50339.5117,100679.0234,0.0000,0,0.0000,0.0000,0,0.0000,0,0.0000,0.0000,0,0.0000,0.0000,0,0,0,0,0,0,0,0,0,0,0,0,0,0,0,0,0,0,0,0,0,0,0,0,0
WG_METRICS 225,16,12288,3.9078,0.0080,0.0062,3.8490,0.0183,0.0264,16,12288,196608,393216,51080.2812,102160.5625,0.0000,0,0.0000,0.0000,0,0.0000,0,0.0000,0.0000,0,0.0000,0.0000,0,0,0,0,0,0,0,0,0,0,0,0,0,0,0,0,0,0,0,0,0,0,0,0,0
WG_METRICS 226,16,12288,3.8506,0.0080,0.0073,3.7866,0.0213,0.0274,16,12288,196608,393216,51922.0391,103844.0781,0.0000,0,0.0000,0.0000,0,0.0000,0,0.0000,0.0000,0,0.0000,0.0000,0,0,0,0,0,0,0,0,0,0,0,0,0,0,0,0,0,0,0,0,0,0,0,0,0
WG_METRICS 227,16,12288,3.8421,0.0080,0.0074,3.7781,0.0212,0.0275,16,12288,196608,393216,52039.1328,104078.2656,0.0000,0,0.0000,0.0000,0,0.0000,0,0.0000,0.0000,0,0.0000,0.0000,0,0,0,0,0,0,0,0,0,0,0,0,0,0,0,0,0,0,0,0,0,0,0,0,0
WG_METRICS 228,16,12288,3.9563,0.0080,0.0074,3.9000,0.0140,0.0268,16,12288,196608,393216,50411.7930,100823.5859,0.0000,0,0.0000,0.0000,0,0.0000,0,0.0000,0.0000,0,0.0000,0.0000,0,0,0,0,0,0,0,0,0,0,0,0,0,0,0,0,0,0,0,0,0,0,0,0,0
WG_METRICS 229,16,12288,3.9168,0.0076,0.0068,3.8744,0.0128,0.0153,16,12288,196608,393216,50744.8828,101489.7656,0.0000,0,0.0000,0.0000,0,0.0000,0,0.0000,0.0000,0,0.0000,0.0000,0,0,0,0,0,0,0,0,0,0,0,0,0,0,0,0,0,0,0,0,0,0,0,0,0
WG_METRICS 230,16,12288,3.8674,0.0074,0.0068,3.8162,0.0215,0.0156,16,12288,196608,393216,51519.3125,103038.6250,0.0000,0,0.0000,0.0000,0,0.0000,0,0.0000,0.0000,0,0.0000,0.0000,0,0,0,0,0,0,0,0,0,0,0,0,0,0,0,0,0,0,0,0,0,0,0,0,0
WG_METRICS 231,16,12288,3.8582,0.0075,0.0068,3.8153,0.0127,0.0160,16,12288,196608,393216,51531.7344,103063.4688,0.0000,0,0.0000,0.0000,0,0.0000,0,0.0000,0.0000,0,0.0000,0.0000,0,0,0,0,0,0,0,0,0,0,0,0,0,0,0,0,0,0,0,0,0,0,0,0,0
WG_METRICS 232,16,12288,3.8376,0.0075,0.0067,3.7956,0.0128,0.0150,16,12288,196608,393216,51799.4727,103598.9453,0.0000,0,0.0000,0.0000,0,0.0000,0,0.0000,0.0000,0,0.0000,0.0000,0,0,0,0,0,0,0,0,0,0,0,0,0,0,0,0,0,0,0,0,0,0,0,0,0
WG_METRICS 233,16,12288,3.9235,0.0075,0.0067,3.8812,0.0130,0.0151,16,12288,196608,393216,50656.4961,101312.9922,0.0000,0,0.0000,0.0000,0,0.0000,0,0.0000,0.0000,0,0.0000,0.0000,0,0,0,0,0,0,0,0,0,0,0,0,0,0,0,0,0,0,0,0,0,0,0,0,0
WG_METRICS 234,16,12288,3.8759,0.0075,0.0068,3.8329,0.0133,0.0154,16,12288,196608,393216,51295.1094,102590.2188,0.0000,0,0.0000,0.0000,0,0.0000,0,0.0000,0.0000,0,0.0000,0.0000,0,0,0,0,0,0,0,0,0,0,0,0,0,0,0,0,0,0,0,0,0,0,0,0,0
WG_METRICS 235,16,12288,3.8843,0.0075,0.0067,3.8381,0.0170,0.0150,16,12288,196608,393216,51225.0781,102450.1562,0.0000,0,0.0000,0.0000,0,0.0000,0,0.0000,0.0000,0,0.0000,0.0000,0,0,0,0,0,0,0,0,0,0,0,0,0,0,0,0,0,0,0,0,0,0,0,0,0
WG_METRICS 236,16,12288,3.8818,0.0074,0.0068,3.8311,0.0213,0.0151,16,12288,196608,393216,51319.2109,102638.4219,0.0000,0,0.0000,0.0000,0,0.0000,0,0.0000,0.0000,0,0.0000,0.0000,0,0,0,0,0,0,0,0,0,0,0,0,0,0,0,0,0,0,0,0,0,0,0,0,0
WG_METRICS 237,16,12288,3.9084,0.0076,0.0068,3.8576,0.0214,0.0150,16,12288,196608,393216,50966.4062,101932.8125,0.0000,0,0.0000,0.0000,0,0.0000,0,0.0000,0.0000,0,0.0000,0.0000,0,0,0,0,0,0,0,0,0,0,0,0,0,0,0,0,0,0,0,0,0,0,0,0,0
WG_METRICS 238,16,12288,3.8720,0.0075,0.0069,3.8250,0.0164,0.0162,16,12288,196608,393216,51401.3203,102802.6406,0.0000,0,0.0000,0.0000,0,0.0000,0,0.0000,0.0000,0,0.0000,0.0000,0,0,0,0,0,0,0,0,0,0,0,0,0,0,0,0,0,0,0,0,0,0,0,0,0
WG_METRICS 239,16,12288,3.9007,0.0075,0.0068,3.8579,0.0132,0.0154,16,12288,196608,393216,50962.1758,101924.3516,0.0000,0,0.0000,0.0000,0,0.0000,0,0.0000,0.0000,0,0.0000,0.0000,0,0,0,0,0,0,0,0,0,0,0,0,0,0,0,0,0,0,0,0,0,0,0,0,0
WG_METRICS 240,16,12288,3.8682,0.0075,0.0068,3.8260,0.0126,0.0153,16,12288,196608,393216,51387.8867,102775.7734,0.0000,0,0.0000,0.0000,0,0.0000,0,0.0000,0.0000,0,0.0000,0.0000,0,0,0,0,0,0,0,0,0,0,0,0,0,0,0,0,0,0,0,0,0,0,0,0,0
WG_METRICS 241,16,12288,3.8444,0.0075,0.0068,3.8013,0.0128,0.0159,16,12288,196608,393216,51721.5234,103443.0469,0.0000,0,0.0000,0.0000,0,0.0000,0,0.0000,0.0000,0,0.0000,0.0000,0,0,0,0,0,0,0,0,0,0,0,0,0,0,0,0,0,0,0,0,0,0,0,0,0
WG_METRICS 242,16,12288,3.9060,0.0075,0.0068,3.8640,0.0125,0.0152,16,12288,196608,393216,50881.4609,101762.9219,0.0000,0,0.0000,0.0000,0,0.0000,0,0.0000,0.0000,0,0.0000,0.0000,0,0,0,0,0,0,0,0,0,0,0,0,0,0,0,0,0,0,0,0,0,0,0,0,0
WG_METRICS 243,16,12288,3.9134,0.0076,0.0068,3.8625,0.0215,0.0151,16,12288,196608,393216,50902.0117,101804.0234,0.0000,0,0.0000,0.0000,0,0.0000,0,0.0000,0.0000,0,0.0000,0.0000,0,0,0,0,0,0,0,0,0,0,0,0,0,0,0,0,0,0,0,0,0,0,0,0,0
WG_METRICS 244,16,12288,3.8963,0.0076,0.0067,3.8455,0.0214,0.0151,16,12288,196608,393216,51126.5039,102253.0078,0.0000,0,0.0000,0.0000,0,0.0000,0,0.0000,0.0000,0,0.0000,0.0000,0,0,0,0,0,0,0,0,0,0,0,0,0,0,0,0,0,0,0,0,0,0,0,0,0
WG_METRICS 245,16,12288,3.8787,0.0075,0.0068,3.8336,0.0152,0.0156,16,12288,196608,393216,51284.9375,102569.8750,0.0000,0,0.0000,0.0000,0,0.0000,0,0.0000,0.0000,0,0.0000,0.0000,0,0,0,0,0,0,0,0,0,0,0,0,0,0,0,0,0,0,0,0,0,0,0,0,0
WG_METRICS 246,16,12288,3.9597,0.0075,0.0063,3.9094,0.0214,0.0151,16,12288,196608,393216,50290.5781,100581.1562,0.0000,0,0.0000,0.0000,0,0.0000,0,0.0000,0.0000,0,0.0000,0.0000,0,0,0,0,0,0,0,0,0,0,0,0,0,0,0,0,0,0,0,0,0,0,0,0,0
WG_METRICS 247,16,12288,3.9381,0.0074,0.0066,3.9000,0.0091,0.0151,16,12288,196608,393216,50412.8242,100825.6484,0.0000,0,0.0000,0.0000,0,0.0000,0,0.0000,0.0000,0,0.0000,0.0000,0,0,0,0,0,0,0,0,0,0,0,0,0,0,0,0,0,0,0,0,0,0,0,0,0
WG_METRICS 248,16,12288,3.9676,0.0124,0.0024,3.9157,0.0214,0.0157,16,12288,196608,393216,50210.4375,100420.8750,0.0000,0,0.0000,0.0000,0,0.0000,0,0.0000,0.0000,0,0.0000,0.0000,0,0,0,0,0,0,0,0,0,0,0,0,0,0,0,0,0,0,0,0,0,0,0,0,0
WG_METRICS 249,16,12288,3.9209,0.0075,0.0064,3.8855,0.0063,0.0152,16,12288,196608,393216,50600.1758,101200.3516,0.0000,0,0.0000,0.0000,0,0.0000,0,0.0000,0.0000,0,0.0000,0.0000,0,0,0,0,0,0,0,0,0,0,0,0,0,0,0,0,0,0,0,0,0,0,0,0,0
WG_METRICS 250,16,12288,3.8722,0.0075,0.0068,3.8297,0.0128,0.0154,16,12288,196608,393216,51337.9727,102675.9453,0.0000,0,0.0000,0.0000,0,0.0000,0,0.0000,0.0000,0,0.0000,0.0000,0,0,0,0,0,0,0,0,0,0,0,0,0,0,0,0,0,0,0,0,0,0,0,0,0
WG_METRICS 251,16,12288,3.9162,0.0074,0.0065,3.8648,0.0212,0.0162,16,12288,196608,393216,50870.9297,101741.8594,0.0000,0,0.0000,0.0000,0,0.0000,0,0.0000,0.0000,0,0.0000,0.0000,0,0,0,0,0,0,0,0,0,0,0,0,0,0,0,0,0,0,0,0,0,0,0,0,0
WG_METRICS 252,16,12288,3.9289,0.0075,0.0068,3.8775,0.0214,0.0158,16,12288,196608,393216,50705.0977,101410.1953,0.0000,0,0.0000,0.0000,0,0.0000,0,0.0000,0.0000,0,0.0000,0.0000,0,0,0,0,0,0,0,0,0,0,0,0,0,0,0,0,0,0,0,0,0,0,0,0,0
WG_METRICS 253,16,12288,3.8971,0.0074,0.0068,3.8542,0.0132,0.0154,16,12288,196608,393216,51011.3672,102022.7344,0.0000,0,0.0000,0.0000,0,0.0000,0,0.0000,0.0000,0,0.0000,0.0000,0,0,0,0,0,0,0,0,0,0,0,0,0,0,0,0,0,0,0,0,0,0,0,0,0
WG_METRICS 254,16,12288,3.9068,0.0074,0.0067,3.8626,0.0146,0.0154,16,12288,196608,393216,50899.9023,101799.8047,0.0000,0,0.0000,0.0000,0,0.0000,0,0.0000,0.0000,0,0.0000,0.0000,0,0,0,0,0,0,0,0,0,0,0,0,0,0,0,0,0,0,0,0,0,0,0,0,0
WG_METRICS 255,16,12288,3.8835,0.0077,0.0068,3.8410,0.0129,0.0152,16,12288,196608,393216,51187.2031,102374.4062,0.0000,0,0.0000,0.0000,0,0.0000,0,0.0000,0.0000,0,0.0000,0.0000,0,0,0,0,0,0,0,0,0,0,0,0,0,0,0,0,0,0,0,0,0,0,0,0,0
WG_METRICS 256,16,12288,3.8593,0.0075,0.0066,3.8117,0.0170,0.0165,16,12288,196608,393216,51580.4062,103160.8125,0.0000,0,0.0000,0.0000,0,0.0000,0,0.0000,0.0000,0,0.0000,0.0000,0,0,0,0,0,0,0,0,0,0,0,0,0,0,0,0,0,0,0,0,0,0,0,0,0
WG_METRICS 257,16,12288,3.8858,0.0075,0.0066,3.8429,0.0136,0.0152,16,12288,196608,393216,51161.0938,102322.1875,0.0000,0,0.0000,0.0000,0,0.0000,0,0.0000,0.0000,0,0.0000,0.0000,0,0,0,0,0,0,0,0,0,0,0,0,0,0,0,0,0,0,0,0,0,0,0,0,0
WG_METRICS 258,16,12288,3.9126,0.0075,0.0068,3.8606,0.0213,0.0165,16,12288,196608,393216,50926.2695,101852.5391,0.0000,0,0.0000,0.0000,0,0.0000,0,0.0000,0.0000,0,0.0000,0.0000,0,0,0,0,0,0,0,0,0,0,0,0,0,0,0,0,0,0,0,0,0,0,0,0,0
WG_METRICS 259,16,12288,3.8996,0.0075,0.0068,3.8486,0.0214,0.0153,16,12288,196608,393216,51085.0586,102170.1172,0.0000,0,0.0000,0.0000,0,0.0000,0,0.0000,0.0000,0,0.0000,0.0000,0,0,0,0,0,0,0,0,0,0,0,0,0,0,0,0,0,0,0,0,0,0,0,0,0
WG_METRICS 260,16,12288,3.7976,0.0075,0.0068,3.7470,0.0208,0.0154,16,12288,196608,393216,52471.3359,104942.6719,0.0000,0,0.0000,0.0000,0,0.0000,0,0.0000,0.0000,0,0.0000,0.0000,0,0,0,0,0,0,0,0,0,0,0,0,0,0,0,0,0,0,0,0,0,0,0,0,0
WG_METRICS 261,16,12288,3.8572,0.0076,0.0068,3.8064,0.0213,0.0151,16,12288,196608,393216,51651.4102,103302.8203,0.0000,0,0.0000,0.0000,0,0.0000,0,0.0000,0.0000,0,0.0000,0.0000,0,0,0,0,0,0,0,0,0,0,0,0,0,0,0,0,0,0,0,0,0,0,0,0,0
WG_METRICS 262,16,12288,3.9274,0.0075,0.0068,3.8626,0.0222,0.0283,16,12288,196608,393216,50899.9023,101799.8047,0.0000,0,0.0000,0.0000,0,0.0000,0,0.0000,0.0000,0,0.0000,0.0000,0,0,0,0,0,0,0,0,0,0,0,0,0,0,0,0,0,0,0,0,0,0,0,0,0
WG_METRICS 263,16,12288,3.9231,0.0080,0.0074,3.8724,0.0083,0.0270,16,12288,196608,393216,50771.6133,101543.2266,0.0000,0,0.0000,0.0000,0,0.0000,0,0.0000,0.0000,0,0.0000,0.0000,0,0,0,0,0,0,0,0,0,0,0,0,0,0,0,0,0,0,0,0,0,0,0,0,0
WG_METRICS 264,16,12288,3.9121,0.0080,0.0074,3.8553,0.0133,0.0280,16,12288,196608,393216,50996.5469,101993.0938,0.0000,0,0.0000,0.0000,0,0.0000,0,0.0000,0.0000,0,0.0000,0.0000,0,0,0,0,0,0,0,0,0,0,0,0,0,0,0,0,0,0,0,0,0,0,0,0,0
WG_METRICS 265,16,12288,3.9542,0.0081,0.0073,3.8994,0.0145,0.0249,16,12288,196608,393216,50420.0664,100840.1328,0.0000,0,0.0000,0.0000,0,0.0000,0,0.0000,0.0000,0,0.0000,0.0000,0,0,0,0,0,0,0,0,0,0,0,0,0,0,0,0,0,0,0,0,0,0,0,0,0
WG_METRICS 266,16,12288,3.9086,0.0080,0.0073,3.8447,0.0227,0.0259,16,12288,196608,393216,51137.6758,102275.3516,0.0000,0,0.0000,0.0000,0,0.0000,0,0.0000,0.0000,0,0.0000,0.0000,0,0,0,0,0,0,0,0,0,0,0,0,0,0,0,0,0,0,0,0,0,0,0,0,0
WG_METRICS 267,16,12288,3.9526,0.0081,0.0073,3.8876,0.0218,0.0277,16,12288,196608,393216,50573.1055,101146.2109,0.0000,0,0.0000,0.0000,0,0.0000,0,0.0000,0.0000,0,0.0000,0.0000,0,0,0,0,0,0,0,0,0,0,0,0,0,0,0,0,0,0,0,0,0,0,0,0,0
WG_METRICS 268,16,12288,3.9664,0.0080,0.0074,3.9010,0.0226,0.0274,16,12288,196608,393216,50399.9023,100799.8047,0.0000,0,0.0000,0.0000,0,0.0000,0,0.0000,0.0000,0,0.0000,0.0000,0,0,0,0,0,0,0,0,0,0,0,0,0,0,0,0,0,0,0,0,0,0,0,0,0
WG_METRICS 269,16,12288,3.9195,0.0080,0.0074,3.8549,0.0234,0.0258,16,12288,196608,393216,51001.8359,102003.6719,0.0000,0,0.0000,0.0000,0,0.0000,0,0.0000,0.0000,0,0.0000,0.0000,0,0,0,0,0,0,0,0,0,0,0,0,0,0,0,0,0,0,0,0,0,0,0,0,0
WG_METRICS 270,16,12288,3.8587,0.0081,0.0072,3.8024,0.0146,0.0264,16,12288,196608,393216,51706.8320,103413.6641,0.0000,0,0.0000,0.0000,0,0.0000,0,0.0000,0.0000,0,0.0000,0.0000,0,0,0,0,0,0,0,0,0,0,0,0,0,0,0,0,0,0,0,0,0,0,0,0,0
WG_METRICS 271,16,12288,3.9020,0.0080,0.0074,3.8471,0.0134,0.0260,16,12288,196608,393216,51105.2422,102210.4844,0.0000,0,0.0000,0.0000,0,0.0000,0,0.0000,0.0000,0,0.0000,0.0000,0,0,0,0,0,0,0,0,0,0,0,0,0,0,0,0,0,0,0,0,0,0,0,0,0
WG_METRICS 272,16,12288,3.8619,0.0080,0.0073,3.7979,0.0201,0.0285,16,12288,196608,393216,51767.2852,103534.5703,0.0000,0,0.0000,0.0000,0,0.0000,0,0.0000,0.0000,0,0.0000,0.0000,0,0,0,0,0,0,0,0,0,0,0,0,0,0,0,0,0,0,0,0,0,0,0,0,0
WG_METRICS 273,16,12288,3.9211,0.0080,0.0074,3.8658,0.0139,0.0260,16,12288,196608,393216,50857.7695,101715.5391,0.0000,0,0.0000,0.0000,0,0.0000,0,0.0000,0.0000,0,0.0000,0.0000,0,0,0,0,0,0,0,0,0,0,0,0,0,0,0,0,0,0,0,0,0,0,0,0,0
WG_METRICS 274,16,12288,3.8777,0.0080,0.0073,3.8286,0.0082,0.0256,16,12288,196608,393216,51352.4531,102704.9062,0.0000,0,0.0000,0.0000,0,0.0000,0,0.0000,0.0000,0,0.0000,0.0000,0,0,0,0,0,0,0,0,0,0,0,0,0,0,0,0,0,0,0,0,0,0,0,0,0
WG_METRICS 275,16,12288,3.9456,0.0080,0.0074,3.8814,0.0223,0.0266,16,12288,196608,393216,50654.4102,101308.8203,0.0000,0,0.0000,0.0000,0,0.0000,0,0.0000,0.0000,0,0.0000,0.0000,0,0,0,0,0,0,0,0,0,0,0,0,0,0,0,0,0,0,0,0,0,0,0,0,0
WG_METRICS 276,16,12288,3.8922,0.0075,0.0065,3.8417,0.0215,0.0150,16,12288,196608,393216,51177.0742,102354.1484,0.0000,0,0.0000,0.0000,0,0.0000,0,0.0000,0.0000,0,0.0000,0.0000,0,0,0,0,0,0,0,0,0,0,0,0,0,0,0,0,0,0,0,0,0,0,0,0,0
WG_METRICS 277,16,12288,3.8667,0.0075,0.0068,3.8146,0.0211,0.0168,16,12288,196608,393216,51540.9219,103081.8438,0.0000,0,0.0000,0.0000,0,0.0000,0,0.0000,0.0000,0,0.0000,0.0000,0,0,0,0,0,0,0,0,0,0,0,0,0,0,0,0,0,0,0,0,0,0,0,0,0
WG_METRICS 278,16,12288,3.8850,0.0076,0.0068,3.8429,0.0127,0.0151,16,12288,196608,393216,51161.6289,102323.2578,0.0000,0,0.0000,0.0000,0,0.0000,0,0.0000,0.0000,0,0.0000,0.0000,0,0,0,0,0,0,0,0,0,0,0,0,0,0,0,0,0,0,0,0,0,0,0,0,0
WG_METRICS 279,16,12288,3.8813,0.0075,0.0067,3.8297,0.0214,0.0159,16,12288,196608,393216,51337.4336,102674.8672,0.0000,0,0.0000,0.0000,0,0.0000,0,0.0000,0.0000,0,0.0000,0.0000,0,0,0,0,0,0,0,0,0,0,0,0,0,0,0,0,0,0,0,0,0,0,0,0,0
WG_METRICS 280,16,12288,3.8900,0.0075,0.0067,3.8395,0.0208,0.0155,16,12288,196608,393216,51206.4023,102412.8047,0.0000,0,0.0000,0.0000,0,0.0000,0,0.0000,0.0000,0,0.0000,0.0000,0,0,0,0,0,0,0,0,0,0,0,0,0,0,0,0,0,0,0,0,0,0,0,0,0
WG_METRICS 281,16,12288,3.8851,0.0075,0.0068,3.8456,0.0100,0.0153,16,12288,196608,393216,51125.4453,102250.8906,0.0000,0,0.0000,0.0000,0,0.0000,0,0.0000,0.0000,0,0.0000,0.0000,0,0,0,0,0,0,0,0,0,0,0,0,0,0,0,0,0,0,0,0,0,0,0,0,0
WG_METRICS 282,16,12288,3.9127,0.0076,0.0067,3.8700,0.0128,0.0156,16,12288,196608,393216,50802.5781,101605.1562,0.0000,0,0.0000,0.0000,0,0.0000,0,0.0000,0.0000,0,0.0000,0.0000,0,0,0,0,0,0,0,0,0,0,0,0,0,0,0,0,0,0,0,0,0,0,0,0,0
WG_METRICS 283,16,12288,3.8956,0.0075,0.0068,3.8513,0.0147,0.0152,16,12288,196608,393216,51049.5117,102099.0234,0.0000,0,0.0000,0.0000,0,0.0000,0,0.0000,0.0000,0,0.0000,0.0000,0,0,0,0,0,0,0,0,0,0,0,0,0,0,0,0,0,0,0,0,0,0,0,0,0
WG_METRICS 284,16,12288,3.8134,0.0075,0.0066,3.7712,0.0128,0.0154,16,12288,196608,393216,52134.0703,104268.1406,0.0000,0,0.0000,0.0000,0,0.0000,0,0.0000,0.0000,0,0.0000,0.0000,0,0,0,0,0,0,0,0,0,0,0,0,0,0,0,0,0,0,0,0,0,0,0,0,0
WG_METRICS 285,16,12288,3.9696,0.0075,0.0068,3.9378,0.0024,0.0151,16,12288,196608,393216,49927.8789,99855.7578,0.0000,0,0.0000,0.0000,0,0.0000,0,0.0000,0.0000,0,0.0000,0.0000,0,0,0,0,0,0,0,0,0,0,0,0,0,0,0,0,0,0,0,0,0,0,0,0,0
WG_METRICS 286,16,12288,3.8558,0.0075,0.0068,3.8043,0.0213,0.0159,16,12288,196608,393216,51680.7383,103361.4766,0.0000,0,0.0000,0.0000,0,0.0000,0,0.0000,0.0000,0,0.0000,0.0000,0,0,0,0,0,0,0,0,0,0,0,0,0,0,0,0,0,0,0,0,0,0,0,0,0
WG_METRICS 287,16,12288,3.8762,0.0076,0.0067,3.8243,0.0212,0.0163,16,12288,196608,393216,51409.9219,102819.8438,0.0000,0,0.0000,0.0000,0,0.0000,0,0.0000,0.0000,0,0.0000,0.0000,0,0,0,0,0,0,0,0,0,0,0,0,0,0,0,0,0,0,0,0,0,0,0,0,0
WG_METRICS 288,16,12288,3.8891,0.0075,0.0068,3.8459,0.0128,0.0160,16,12288,196608,393216,51121.7188,102243.4375,0.0000,0,0.0000,0.0000,0,0.0000,0,0.0000,0.0000,0,0.0000,0.0000,0,0,0,0,0,0,0,0,0,0,0,0,0,0,0,0,0,0,0,0,0,0,0,0,0
WG_METRICS 289,16,12288,3.8778,0.0076,0.0067,3.8402,0.0075,0.0158,16,12288,196608,393216,51196.8008,102393.6016,0.0000,0,0.0000,0.0000,0,0.0000,0,0.0000,0.0000,0,0.0000,0.0000,0,0,0,0,0,0,0,0,0,0,0,0,0,0,0,0,0,0,0,0,0,0,0,0,0
WG_METRICS 290,16,12288,3.9014,0.0076,0.0067,3.8506,0.0212,0.0154,16,12288,196608,393216,51059.5859,102119.1719,0.0000,0,0.0000,0.0000,0,0.0000,0,0.0000,0.0000,0,0.0000,0.0000,0,0,0,0,0,0,0,0,0,0,0,0,0,0,0,0,0,0,0,0,0,0,0,0,0
WG_METRICS 291,16,12288,3.8920,0.0075,0.0068,3.8428,0.0132,0.0217,16,12288,196608,393216,51162.6953,102325.3906,0.0000,0,0.0000,0.0000,0,0.0000,0,0.0000,0.0000,0,0.0000,0.0000,0,0,0,0,0,0,0,0,0,0,0,0,0,0,0,0,0,0,0,0,0,0,0,0,0
WG_METRICS 292,16,12288,3.8959,0.0074,0.0068,3.8528,0.0129,0.0160,16,12288,196608,393216,51030.4297,102060.8594,0.0000,0,0.0000,0.0000,0,0.0000,0,0.0000,0.0000,0,0.0000,0.0000,0,0,0,0,0,0,0,0,0,0,0,0,0,0,0,0,0,0,0,0,0,0,0,0,0
WG_METRICS 293,16,12288,3.8918,0.0075,0.0068,3.8498,0.0125,0.0152,16,12288,196608,393216,51069.1367,102138.2734,0.0000,0,0.0000,0.0000,0,0.0000,0,0.0000,0.0000,0,0.0000,0.0000,0,0,0,0,0,0,0,0,0,0,0,0,0,0,0,0,0,0,0,0,0,0,0,0,0
WG_METRICS 294,16,12288,3.9158,0.0076,0.0068,3.8712,0.0146,0.0158,16,12288,196608,393216,50787.8789,101575.7578,0.0000,0,0.0000,0.0000,0,0.0000,0,0.0000,0.0000,0,0.0000,0.0000,0,0,0,0,0,0,0,0,0,0,0,0,0,0,0,0,0,0,0,0,0,0,0,0,0
WG_METRICS 295,16,12288,3.8910,0.0076,0.0065,3.8398,0.0212,0.0160,16,12288,196608,393216,51203.1992,102406.3984,0.0000,0,0.0000,0.0000,0,0.0000,0,0.0000,0.0000,0,0.0000,0.0000,0,0,0,0,0,0,0,0,0,0,0,0,0,0,0,0,0,0,0,0,0,0,0,0,0
WG_METRICS 296,16,12288,3.9213,0.0074,0.0065,3.8704,0.0215,0.0155,16,12288,196608,393216,50797.3242,101594.6484,0.0000,0,0.0000,0.0000,0,0.0000,0,0.0000,0.0000,0,0.0000,0.0000,0,0,0,0,0,0,0,0,0,0,0,0,0,0,0,0,0,0,0,0,0,0,0,0,0
WG_METRICS 297,16,12288,3.9059,0.0077,0.0067,3.8542,0.0217,0.0156,16,12288,196608,393216,51010.8359,102021.6719,0.0000,0,0.0000,0.0000,0,0.0000,0,0.0000,0.0000,0,0.0000,0.0000,0,0,0,0,0,0,0,0,0,0,0,0,0,0,0,0,0,0,0,0,0,0,0,0,0
WG_METRICS 298,16,12288,3.9166,0.0075,0.0068,3.8731,0.0130,0.0163,16,12288,196608,393216,50762.6992,101525.3984,0.0000,0,0.0000,0.0000,0,0.0000,0,0.0000,0.0000,0,0.0000,0.0000,0,0,0,0,0,0,0,0,0,0,0,0,0,0,0,0,0,0,0,0,0,0,0,0,0
WG_METRICS 299,16,12288,3.8709,0.0076,0.0064,3.8348,0.0068,0.0153,16,12288,196608,393216,51269.4258,102538.8516,0.0000,0,0.0000,0.0000,0,0.0000,0,0.0000,0.0000,0,0.0000,0.0000,0,0,0,0,0,0,0,0,0,0,0,0,0,0,0,0,0,0,0,0,0,0,0,0,0
WG_METRICS 300,16,12288,3.8993,0.0075,0.0066,3.8490,0.0213,0.0149,16,12288,196608,393216,51079.7500,102159.5000,0.0000,0,0.0000,0.0000,0,0.0000,0,0.0000,0.0000,0,0.0000,0.0000,0,0,0,0,0,0,0,0,0,0,0,0,0,0,0,0,0,0,0,0,0,0,0,0,0
WG_METRICS 301,16,12288,3.8876,0.0076,0.0068,3.8449,0.0128,0.0156,16,12288,196608,393216,51134.4844,102268.9688,0.0000,0,0.0000,0.0000,0,0.0000,0,0.0000,0.0000,0,0.0000,0.0000,0,0,0,0,0,0,0,0,0,0,0,0,0,0,0,0,0,0,0,0,0,0,0,0,0
WG_METRICS 302,16,12288,3.8755,0.0075,0.0067,3.8329,0.0125,0.0159,16,12288,196608,393216,51295.1094,102590.2188,0.0000,0,0.0000,0.0000,0,0.0000,0,0.0000,0.0000,0,0.0000,0.0000,0,0,0,0,0,0,0,0,0,0,0,0,0,0,0,0,0,0,0,0,0,0,0,0,0
WG_METRICS 303,16,12288,3.9246,0.0075,0.0066,3.8737,0.0217,0.0152,16,12288,196608,393216,50754.8359,101509.6719,0.0000,0,0.0000,0.0000,0,0.0000,0,0.0000,0.0000,0,0.0000,0.0000,0,0,0,0,0,0,0,0,0,0,0,0,0,0,0,0,0,0,0,0,0,0,0,0,0
WG_METRICS 304,16,12288,3.8717,0.0075,0.0065,3.8213,0.0215,0.0149,16,12288,196608,393216,51450.8242,102901.6484,0.0000,0,0.0000,0.0000,0,0.0000,0,0.0000,0.0000,0,0.0000,0.0000,0,0,0,0,0,0,0,0,0,0,0,0,0,0,0,0,0,0,0,0,0,0,0,0,0
WG_METRICS 305,16,12288,3.9096,0.0075,0.0068,3.8589,0.0211,0.0153,16,12288,196608,393216,50948.9688,101897.9375,0.0000,0,0.0000,0.0000,0,0.0000,0,0.0000,0.0000,0,0.0000,0.0000,0,0,0,0,0,0,0,0,0,0,0,0,0,0,0,0,0,0,0,0,0,0,0,0,0
WG_METRICS 306,16,12288,3.9127,0.0075,0.0068,3.8732,0.0100,0.0152,16,12288,196608,393216,50760.6055,101521.2109,0.0000,0,0.0000,0.0000,0,0.0000,0,0.0000,0.0000,0,0.0000,0.0000,0,0,0,0,0,0,0,0,0,0,0,0,0,0,0,0,0,0,0,0,0,0,0,0,0
WG_METRICS 307,16,12288,3.9140,0.0075,0.0068,3.8622,0.0212,0.0162,16,12288,196608,393216,50905.6992,101811.3984,0.0000,0,0.0000,0.0000,0,0.0000,0,0.0000,0.0000,0,0.0000,0.0000,0,0,0,0,0,0,0,0,0,0,0,0,0,0,0,0,0,0,0,0,0,0,0,0,0
WG_METRICS 308,16,12288,3.8887,0.0075,0.0067,3.8380,0.0211,0.0153,16,12288,196608,393216,51226.1445,102452.2891,0.0000,0,0.0000,0.0000,0,0.0000,0,0.0000,0.0000,0,0.0000,0.0000,0,0,0,0,0,0,0,0,0,0,0,0,0,0,0,0,0,0,0,0,0,0,0,0,0
WG_METRICS 309,16,12288,3.8854,0.0075,0.0068,3.8348,0.0213,0.0150,16,12288,196608,393216,51268.8906,102537.7812,0.0000,0,0.0000,0.0000,0,0.0000,0,0.0000,0.0000,0,0.0000,0.0000,0,0,0,0,0,0,0,0,0,0,0,0,0,0,0,0,0,0,0,0,0,0,0,0,0
WG_METRICS 310,16,12288,3.8468,0.0074,0.0068,3.7943,0.0222,0.0160,16,12288,196608,393216,51816.9453,103633.8906,0.0000,0,0.0000,0.0000,0,0.0000,0,0.0000,0.0000,0,0.0000,0.0000,0,0,0,0,0,0,0,0,0,0,0,0,0,0,0,0,0,0,0,0,0,0,0,0,0
WG_METRICS 311,16,12288,3.9199,0.0074,0.0066,3.8694,0.0215,0.0151,16,12288,196608,393216,50811.5039,101623.0078,0.0000,0,0.0000,0.0000,0,0.0000,0,0.0000,0.0000,0,0.0000,0.0000,0,0,0,0,0,0,0,0,0,0,0,0,0,0,0,0,0,0,0,0,0,0,0,0,0
WG_METRICS 312,16,12288,3.8800,0.0075,0.0068,3.8358,0.0146,0.0152,16,12288,196608,393216,51256.5938,102513.1875,0.0000,0,0.0000,0.0000,0,0.0000,0,0.0000,0.0000,0,0.0000,0.0000,0,0,0,0,0,0,0,0,0,0,0,0,0,0,0,0,0,0,0,0,0,0,0,0,0
WG_METRICS 313,16,12288,3.8913,0.0076,0.0066,3.8536,0.0083,0.0152,16,12288,196608,393216,51018.7773,102037.5547,0.0000,0,0.0000,0.0000,0,0.0000,0,0.0000,0.0000,0,0.0000,0.0000,0,0,0,0,0,0,0,0,0,0,0,0,0,0,0,0,0,0,0,0,0,0,0,0,0
WG_METRICS 314,16,12288,3.8724,0.0074,0.0068,3.8237,0.0178,0.0166,16,12288,196608,393216,51417.9922,102835.9844,0.0000,0,0.0000,0.0000,0,0.0000,0,0.0000,0.0000,0,0.0000,0.0000,0,0,0,0,0,0,0,0,0,0,0,0,0,0,0,0,0,0,0,0,0,0,0,0,0
WG_METRICS 315,16,12288,3.9103,0.0075,0.0067,3.8686,0.0124,0.0151,16,12288,196608,393216,50822.0117,101644.0234,0.0000,0,0.0000,0.0000,0,0.0000,0,0.0000,0.0000,0,0.0000,0.0000,0,0,0,0,0,0,0,0,0,0,0,0,0,0,0,0,0,0,0,0,0,0,0,0,0
WG_METRICS 316,16,12288,3.8649,0.0075,0.0068,3.8143,0.0207,0.0157,16,12288,196608,393216,51545.2461,103090.4922,0.0000,0,0.0000,0.0000,0,0.0000,0,0.0000,0.0000,0,0.0000,0.0000,0,0,0,0,0,0,0,0,0,0,0,0,0,0,0,0,0,0,0,0,0,0,0,0,0
WG_METRICS 317,16,12288,3.9363,0.0075,0.0068,3.8936,0.0128,0.0157,16,12288,196608,393216,50495.1719,100990.3438,0.0000,0,0.0000,0.0000,0,0.0000,0,0.0000,0.0000,0,0.0000,0.0000,0,0,0,0,0,0,0,0,0,0,0,0,0,0,0,0,0,0,0,0,0,0,0,0,0
WG_METRICS 318,16,12288,3.9132,0.0075,0.0068,3.8619,0.0214,0.0157,16,12288,196608,393216,50909.9180,101819.8359,0.0000,0,0.0000,0.0000,0,0.0000,0,0.0000,0.0000,0,0.0000,0.0000,0,0,0,0,0,0,0,0,0,0,0,0,0,0,0,0,0,0,0,0,0,0,0,0,0
WG_METRICS 319,16,12288,3.8972,0.0075,0.0068,3.8555,0.0124,0.0150,16,12288,196608,393216,50994.4297,101988.8594,0.0000,0,0.0000,0.0000,0,0.0000,0,0.0000,0.0000,0,0.0000,0.0000,0,0,0,0,0,0,0,0,0,0,0,0,0,0,0,0,0,0,0,0,0,0,0,0,0
WG_METRICS 320,16,12288,3.8524,0.0075,0.0068,3.8103,0.0128,0.0151,16,12288,196608,393216,51599.3555,103198.7109,0.0000,0,0.0000,0.0000,0,0.0000,0,0.0000,0.0000,0,0.0000,0.0000,0,0,0,0,0,0,0,0,0,0,0,0,0,0,0,0,0,0,0,0,0,0,0,0,0
WG_METRICS 321,16,12288,3.9023,0.0075,0.0066,3.8510,0.0216,0.0156,16,12288,196608,393216,51054.2812,102108.5625,0.0000,0,0.0000,0.0000,0,0.0000,0,0.0000,0.0000,0,0.0000,0.0000,0,0,0,0,0,0,0,0,0,0,0,0,0,0,0,0,0,0,0,0,0,0,0,0,0
WG_METRICS 322,16,12288,3.8822,0.0076,0.0067,3.8397,0.0122,0.0160,16,12288,196608,393216,51204.2695,102408.5391,0.0000,0,0.0000,0.0000,0,0.0000,0,0.0000,0.0000,0,0.0000,0.0000,0,0,0,0,0,0,0,0,0,0,0,0,0,0,0,0,0,0,0,0,0,0,0,0,0
WG_METRICS 323,16,12288,3.9223,0.0074,0.0066,3.8582,0.0220,0.0280,16,12288,196608,393216,50957.9531,101915.9062,0.0000,0,0.0000,0.0000,0,0.0000,0,0.0000,0.0000,0,0.0000,0.0000,0,0,0,0,0,0,0,0,0,0,0,0,0,0,0,0,0,0,0,0,0,0,0,0,0
WG_METRICS 324,16,12288,3.8674,0.0080,0.0070,3.8140,0.0134,0.0249,16,12288,196608,393216,51549.5703,103099.1406,0.0000,0,0.0000,0.0000,0,0.0000,0,0.0000,0.0000,0,0.0000,0.0000,0,0,0,0,0,0,0,0,0,0,0,0,0,0,0,0,0,0,0,0,0,0,0,0,0
WG_METRICS 325,16,12288,3.9104,0.0080,0.0074,3.8453,0.0220,0.0276,16,12288,196608,393216,51129.1641,102258.3281,0.0000,0,0.0000,0.0000,0,0.0000,0,0.0000,0.0000,0,0.0000,0.0000,0,0,0,0,0,0,0,0,0,0,0,0,0,0,0,0,0,0,0,0,0,0,0,0,0
WG_METRICS 326,16,12288,3.8787,0.0081,0.0073,3.8228,0.0132,0.0272,16,12288,196608,393216,51430.3672,102860.7344,0.0000,0,0.0000,0.0000,0,0.0000,0,0.0000,0.0000,0,0.0000,0.0000,0,0,0,0,0,0,0,0,0,0,0,0,0,0,0,0,0,0,0,0,0,0,0,0,0
WG_METRICS 327,16,12288,3.9156,0.0081,0.0074,3.8491,0.0228,0.0283,16,12288,196608,393216,51079.2188,102158.4375,0.0000,0,0.0000,0.0000,0,0.0000,0,0.0000,0.0000,0,0.0000,0.0000,0,0,0,0,0,0,0,0,0,0,0,0,0,0,0,0,0,0,0,0,0,0,0,0,0
WG_METRICS 328,16,12288,3.8980,0.0081,0.0072,3.8426,0.0132,0.0267,16,12288,196608,393216,51164.8242,102329.6484,0.0000,0,0.0000,0.0000,0,0.0000,0,0.0000,0.0000,0,0.0000,0.0000,0,0,0,0,0,0,0,0,0,0,0,0,0,0,0,0,0,0,0,0,0,0,0,0,0
WG_METRICS 329,16,12288,3.9677,0.0080,0.0074,3.9042,0.0211,0.0269,16,12288,196608,393216,50357.5625,100715.1250,0.0000,0,0.0000,0.0000,0,0.0000,0,0.0000,0.0000,0,0.0000,0.0000,0,0,0,0,0,0,0,0,0,0,0,0,0,0,0,0,0,0,0,0,0,0,0,0,0
WG_METRICS 330,16,12288,3.9472,0.0080,0.0074,3.8890,0.0140,0.0288,16,12288,196608,393216,50554.3789,101108.7578,0.0000,0,0.0000,0.0000,0,0.0000,0,0.0000,0.0000,0,0.0000,0.0000,0,0,0,0,0,0,0,0,0,0,0,0,0,0,0,0,0,0,0,0,0,0,0,0,0
WG_METRICS 331,16,12288,3.9671,0.0081,0.0074,3.9140,0.0074,0.0302,16,12288,196608,393216,50231.4727,100462.9453,0.0000,0,0.0000,0.0000,0,0.0000,0,0.0000,0.0000,0,0.0000,0.0000,0,0,0,0,0,0,0,0,0,0,0,0,0,0,0,0,0,0,0,0,0,0,0,0,0
WG_METRICS 332,16,12288,3.9260,0.0080,0.0074,3.8583,0.0221,0.0302,16,12288,196608,393216,50957.4219,101914.8438,0.0000,0,0.0000,0.0000,0,0.0000,0,0.0000,0.0000,0,0.0000,0.0000,0,0,0,0,0,0,0,0,0,0,0,0,0,0,0,0,0,0,0,0,0,0,0,0,0
WG_METRICS 333,16,12288,3.9352,0.0079,0.0075,3.8708,0.0225,0.0266,16,12288,196608,393216,50793.1250,101586.2500,0.0000,0,0.0000,0.0000,0,0.0000,0,0.0000,0.0000,0,0.0000,0.0000,0,0,0,0,0,0,0,0,0,0,0,0,0,0,0,0,0,0,0,0,0,0,0,0,0
WG_METRICS 334,16,12288,3.9759,0.0104,0.0061,3.9078,0.0234,0.0283,16,12288,196608,393216,50312.1992,100624.3984,0.0000,0,0.0000,0.0000,0,0.0000,0,0.0000,0.0000,0,0.0000,0.0000,0,0,0,0,0,0,0,0,0,0,0,0,0,0,0,0,0,0,0,0,0,0,0,0,0
WG_METRICS 335,16,12288,3.8864,0.0081,0.0068,3.8321,0.0134,0.0261,16,12288,196608,393216,51305.2852,102610.5703,0.0000,0,0.0000,0.0000,0,0.0000,0,0.0000,0.0000,0,0.0000,0.0000,0,0,0,0,0,0,0,0,0,0,0,0,0,0,0,0,0,0,0,0,0,0,0,0,0
WG_METRICS 336,16,12288,3.9184,0.0081,0.0074,3.8543,0.0225,0.0262,16,12288,196608,393216,51010.3047,102020.6094,0.0000,0,0.0000,0.0000,0,0.0000,0,0.0000,0.0000,0,0.0000,0.0000,0,0,0,0,0,0,0,0,0,0,0,0,0,0,0,0,0,0,0,0,0,0,0,0,0
WG_METRICS 337,16,12288,3.9012,0.0080,0.0073,3.8449,0.0134,0.0276,16,12288,196608,393216,51135.0156,102270.0312,0.0000,0,0.0000,0.0000,0,0.0000,0,0.0000,0.0000,0,0.0000,0.0000,0,0,0,0,0,0,0,0,0,0,0,0,0,0,0,0,0,0,0,0,0,0,0,0,0
WG_METRICS 338,16,12288,3.9206,0.0080,0.0074,3.8655,0.0134,0.0263,16,12288,196608,393216,50861.9805,101723.9609,0.0000,0,0.0000,0.0000,0,0.0000,0,0.0000,0.0000,0,0.0000,0.0000,0,0,0,0,0,0,0,0,0,0,0,0,0,0,0,0,0,0,0,0,0,0,0,0,0
WG_METRICS 339,16,12288,3.8889,0.0076,0.0068,3.8466,0.0126,0.0154,16,12288,196608,393216,51112.6836,102225.3672,0.0000,0,0.0000,0.0000,0,0.0000,0,0.0000,0.0000,0,0.0000,0.0000,0,0,0,0,0,0,0,0,0,0,0,0,0,0,0,0,0,0,0,0,0,0,0,0,0
WG_METRICS 340,16,12288,3.9004,0.0075,0.0068,3.8640,0.0071,0.0150,16,12288,196608,393216,50882.5156,101765.0312,0.0000,0,0.0000,0.0000,0,0.0000,0,0.0000,0.0000,0,0.0000,0.0000,0,0,0,0,0,0,0,0,0,0,0,0,0,0,0,0,0,0,0,0,0,0,0,0,0
WG_METRICS 341,16,12288,3.9080,0.0076,0.0067,3.8575,0.0212,0.0150,16,12288,196608,393216,50967.4609,101934.9219,0.0000,0,0.0000,0.0000,0,0.0000,0,0.0000,0.0000,0,0.0000,0.0000,0,0,0,0,0,0,0,0,0,0,0,0,0,0,0,0,0,0,0,0,0,0,0,0,0
WG_METRICS 342,16,12288,3.8684,0.0075,0.0068,3.8258,0.0126,0.0157,16,12288,196608,393216,51389.5000,102779.0000,0.0000,0,0.0000,0.0000,0,0.0000,0,0.0000,0.0000,0,0.0000,0.0000,0,0,0,0,0,0,0,0,0,0,0,0,0,0,0,0,0,0,0,0,0,0,0,0,0
WG_METRICS 343,16,12288,3.9465,0.0075,0.0068,3.8954,0.0214,0.0155,16,12288,196608,393216,50471.8398,100943.6797,0.0000,0,0.0000,0.0000,0,0.0000,0,0.0000,0.0000,0,0.0000,0.0000,0,0,0,0,0,0,0,0,0,0,0,0,0,0,0,0,0,0,0,0,0,0,0,0,0
WG_METRICS 344,16,12288,3.8487,0.0075,0.0068,3.7978,0.0214,0.0152,16,12288,196608,393216,51768.3711,103536.7422,0.0000,0,0.0000,0.0000,0,0.0000,0,0.0000,0.0000,0,0.0000,0.0000,0,0,0,0,0,0,0,0,0,0,0,0,0,0,0,0,0,0,0,0,0,0,0,0,0
WG_METRICS 345,16,12288,3.9526,0.0075,0.0068,3.9079,0.0153,0.0152,16,12288,196608,393216,50310.1406,100620.2812,0.0000,0,0.0000,0.0000,0,0.0000,0,0.0000,0.0000,0,0.0000,0.0000,0,0,0,0,0,0,0,0,0,0,0,0,0,0,0,0,0,0,0,0,0,0,0,0,0
WG_METRICS 346,16,12288,3.9214,0.0075,0.0068,3.8790,0.0126,0.0156,16,12288,196608,393216,50684.7070,101369.4141,0.0000,0,0.0000,0.0000,0,0.0000,0,0.0000,0.0000,0,0.0000,0.0000,0,0,0,0,0,0,0,0,0,0,0,0,0,0,0,0,0,0,0,0,0,0,0,0,0
WG_METRICS 347,16,12288,3.8710,0.0075,0.0068,3.8191,0.0218,0.0158,16,12288,196608,393216,51479.9219,102959.8438,0.0000,0,0.0000,0.0000,0,0.0000,0,0.0000,0.0000,0,0.0000,0.0000,0,0,0,0,0,0,0,0,0,0,0,0,0,0,0,0,0,0,0,0,0,0,0,0,0
WG_METRICS 348,16,12288,3.8797,0.0074,0.0068,3.8289,0.0214,0.0152,16,12288,196608,393216,51348.1641,102696.3281,0.0000,0,0.0000,0.0000,0,0.0000,0,0.0000,0.0000,0,0.0000,0.0000,0,0,0,0,0,0,0,0,0,0,0,0,0,0,0,0,0,0,0,0,0,0,0,0,0
WG_METRICS 349,16,12288,3.9310,0.0076,0.0068,3.8802,0.0214,0.0150,16,12288,196608,393216,50669.5547,101339.1094,0.0000,0,0.0000,0.0000,0,0.0000,0,0.0000,0.0000,0,0.0000,0.0000,0,0,0,0,0,0,0,0,0,0,0,0,0,0,0,0,0,0,0,0,0,0,0,0,0
WG_METRICS 350,16,12288,3.8465,0.0075,0.0068,3.7948,0.0215,0.0159,16,12288,196608,393216,51809.8438,103619.6875,0.0000,0,0.0000,0.0000,0,0.0000,0,0.0000,0.0000,0,0.0000,0.0000,0,0,0,0,0,0,0,0,0,0,0,0,0,0,0,0,0,0,0,0,0,0,0,0,0
WG_METRICS 351,16,12288,3.9158,0.0073,0.0066,3.8645,0.0212,0.0162,16,12288,196608,393216,50875.1406,101750.2812,0.0000,0,0.0000,0.0000,0,0.0000,0,0.0000,0.0000,0,0.0000,0.0000,0,0,0,0,0,0,0,0,0,0,0,0,0,0,0,0,0,0,0,0,0,0,0,0,0
WG_METRICS 352,16,12288,3.8690,0.0076,0.0066,3.8261,0.0126,0.0160,16,12288,196608,393216,51386.2734,102772.5469,0.0000,0,0.0000,0.0000,0,0.0000,0,0.0000,0.0000,0,0.0000,0.0000,0,0,0,0,0,0,0,0,0,0,0,0,0,0,0,0,0,0,0,0,0,0,0,0,0
WG_METRICS 353,16,12288,3.9073,0.0075,0.0068,3.8434,0.0216,0.0280,16,12288,196608,393216,51154.1719,102308.3438,0.0000,0,0.0000,0.0000,0,0.0000,0,0.0000,0.0000,0,0.0000,0.0000,0,0,0,0,0,0,0,0,0,0,0,0,0,0,0,0,0,0,0,0,0,0,0,0,0
WG_METRICS 354,16,12288,3.8602,0.0081,0.0073,3.8061,0.0128,0.0260,16,12288,196608,393216,51656.2969,103312.5938,0.0000,0,0.0000,0.0000,0,0.0000,0,0.0000,0.0000,0,0.0000,0.0000,0,0,0,0,0,0,0,0,0,0,0,0,0,0,0,0,0,0,0,0,0,0,0,0,0
WG_METRICS 355,16,12288,3.9445,0.0080,0.0073,3.8799,0.0219,0.0273,16,12288,196608,393216,50673.2109,101346.4219,0.0000,0,0.0000,0.0000,0,0.0000,0,0.0000,0.0000,0,0.0000,0.0000,0,0,0,0,0,0,0,0,0,0,0,0,0,0,0,0,0,0,0,0,0,0,0,0,0
WG_METRICS 356,16,12288,3.9397,0.0080,0.0074,3.8786,0.0184,0.0273,16,12288,196608,393216,50690.9766,101381.9531,0.0000,0,0.0000,0.0000,0,0.0000,0,0.0000,0.0000,0,0.0000,0.0000,0,0,0,0,0,0,0,0,0,0,0,0,0,0,0,0,0,0,0,0,0,0,0,0,0
WG_METRICS 357,16,12288,3.9010,0.0080,0.0073,3.8379,0.0216,0.0262,16,12288,196608,393216,51228.2852,102456.5703,0.0000,0,0.0000,0.0000,0,0.0000,0,0.0000,0.0000,0,0.0000,0.0000,0,0,0,0,0,0,0,0,0,0,0,0,0,0,0,0,0,0,0,0,0,0,0,0,0
WG_METRICS 358,16,12288,3.9558,0.0080,0.0074,3.8922,0.0220,0.0262,16,12288,196608,393216,50513.8555,101027.7109,0.0000,0,0.0000,0.0000,0,0.0000,0,0.0000,0.0000,0,0.0000,0.0000,0,0,0,0,0,0,0,0,0,0,0,0,0,0,0,0,0,0,0,0,0,0,0,0,0
WG_METRICS 359,16,12288,3.9816,0.0080,0.0074,3.9219,0.0152,0.0291,16,12288,196608,393216,50130.5469,100261.0938,0.0000,0,0.0000,0.0000,0,0.0000,0,0.0000,0.0000,0,0.0000,0.0000,0,0,0,0,0,0,0,0,0,0,0,0,0,0,0,0,0,0,0,0,0,0,0,0,0
WG_METRICS 360,16,12288,3.9079,0.0080,0.0074,3.8485,0.0171,0.0268,16,12288,196608,393216,51086.6523,102173.3047,0.0000,0,0.0000,0.0000,0,0.0000,0,0.0000,0.0000,0,0.0000,0.0000,0,0,0,0,0,0,0,0,0,0,0,0,0,0,0,0,0,0,0,0,0,0,0,0,0
WG_METRICS 361,16,12288,3.8733,0.0080,0.0074,3.8178,0.0130,0.0272,16,12288,196608,393216,51498.2617,102996.5234,0.0000,0,0.0000,0.0000,0,0.0000,0,0.0000,0.0000,0,0.0000,0.0000,0,0,0,0,0,0,0,0,0,0,0,0,0,0,0,0,0,0,0,0,0,0,0,0,0
WG_METRICS 362,16,12288,3.8762,0.0080,0.0074,3.8185,0.0140,0.0282,16,12288,196608,393216,51488.0117,102976.0234,0.0000,0,0.0000,0.0000,0,0.0000,0,0.0000,0.0000,0,0.0000,0.0000,0,0,0,0,0,0,0,0,0,0,0,0,0,0,0,0,0,0,0,0,0,0,0,0,0
WG_METRICS 363,16,12288,3.9135,0.0080,0.0074,3.8482,0.0218,0.0281,16,12288,196608,393216,51091.4297,102182.8594,0.0000,0,0.0000,0.0000,0,0.0000,0,0.0000,0.0000,0,0.0000,0.0000,0,0,0,0,0,0,0,0,0,0,0,0,0,0,0,0,0,0,0,0,0,0,0,0,0
WG_METRICS 364,16,12288,3.9118,0.0081,0.0073,3.8475,0.0220,0.0268,16,12288,196608,393216,51099.9297,102199.8594,0.0000,0,0.0000,0.0000,0,0.0000,0,0.0000,0.0000,0,0.0000,0.0000,0,0,0,0,0,0,0,0,0,0,0,0,0,0,0,0,0,0,0,0,0,0,0,0,0
WG_METRICS 365,16,12288,3.9476,0.0080,0.0074,3.8841,0.0223,0.0258,16,12288,196608,393216,50618.4141,101236.8281,0.0000,0,0.0000,0.0000,0,0.0000,0,0.0000,0.0000,0,0.0000,0.0000,0,0,0,0,0,0,0,0,0,0,0,0,0,0,0,0,0,0,0,0,0,0,0,0,0
WG_METRICS 366,16,12288,3.8613,0.0080,0.0074,3.8067,0.0127,0.0265,16,12288,196608,393216,51648.1562,103296.3125,0.0000,0,0.0000,0.0000,0,0.0000,0,0.0000,0.0000,0,0.0000,0.0000,0,0,0,0,0,0,0,0,0,0,0,0,0,0,0,0,0,0,0,0,0,0,0,0,0
WG_METRICS 367,16,12288,3.8958,0.0080,0.0073,3.8274,0.0221,0.0309,16,12288,196608,393216,51368.0156,102736.0312,0.0000,0,0.0000,0.0000,0,0.0000,0,0.0000,0.0000,0,0.0000,0.0000,0,0,0,0,0,0,0,0,0,0,0,0,0,0,0,0,0,0,0,0,0,0,0,0,0
WG_METRICS 368,16,12288,3.8883,0.0098,0.0079,3.8425,0.0125,0.0157,16,12288,196608,393216,51166.9570,102333.9141,0.0000,0,0.0000,0.0000,0,0.0000,0,0.0000,0.0000,0,0.0000,0.0000,0,0,0,0,0,0,0,0,0,0,0,0,0,0,0,0,0,0,0,0,0,0,0,0,0
WG_METRICS 369,16,12288,3.8753,0.0076,0.0068,3.8242,0.0214,0.0153,16,12288,196608,393216,51411.5391,102823.0781,0.0000,0,0.0000,0.0000,0,0.0000,0,0.0000,0.0000,0,0.0000,0.0000,0,0,0,0,0,0,0,0,0,0,0,0,0,0,0,0,0,0,0,0,0,0,0,0,0
WG_METRICS 370,16,12288,3.8924,0.0075,0.0068,3.8416,0.0212,0.0153,16,12288,196608,393216,51178.6758,102357.3516,0.0000,0,0.0000,0.0000,0,0.0000,0,0.0000,0.0000,0,0.0000,0.0000,0,0,0,0,0,0,0,0,0,0,0,0,0,0,0,0,0,0,0,0,0,0,0,0,0
WG_METRICS 371,16,12288,3.8887,0.0076,0.0067,3.8380,0.0212,0.0151,16,12288,196608,393216,51226.1445,102452.2891,0.0000,0,0.0000,0.0000,0,0.0000,0,0.0000,0.0000,0,0.0000,0.0000,0,0,0,0,0,0,0,0,0,0,0,0,0,0,0,0,0,0,0,0,0,0,0,0,0
WG_METRICS 372,16,12288,3.8823,0.0075,0.0068,3.8403,0.0126,0.0152,16,12288,196608,393216,51196.2656,102392.5312,0.0000,0,0.0000,0.0000,0,0.0000,0,0.0000,0.0000,0,0.0000,0.0000,0,0,0,0,0,0,0,0,0,0,0,0,0,0,0,0,0,0,0,0,0,0,0,0,0
WG_METRICS 373,16,12288,3.9154,0.0075,0.0066,3.8650,0.0211,0.0152,16,12288,196608,393216,50868.2969,101736.5938,0.0000,0,0.0000,0.0000,0,0.0000,0,0.0000,0.0000,0,0.0000,0.0000,0,0,0,0,0,0,0,0,0,0,0,0,0,0,0,0,0,0,0,0,0,0,0,0,0
WG_METRICS 374,16,12288,3.8520,0.0075,0.0068,3.7995,0.0220,0.0162,16,12288,196608,393216,51746.0273,103492.0547,0.0000,0,0.0000,0.0000,0,0.0000,0,0.0000,0.0000,0,0.0000,0.0000,0,0,0,0,0,0,0,0,0,0,0,0,0,0,0,0,0,0,0,0,0,0,0,0,0
WG_METRICS 375,16,12288,3.9080,0.0074,0.0068,3.8640,0.0147,0.0150,16,12288,196608,393216,50881.9883,101763.9766,0.0000,0,0.0000,0.0000,0,0.0000,0,0.0000,0.0000,0,0.0000,0.0000,0,0,0,0,0,0,0,0,0,0,0,0,0,0,0,0,0,0,0,0,0,0,0,0,0
WG_METRICS 376,16,12288,3.8772,0.0074,0.0066,3.8128,0.0220,0.0284,16,12288,196608,393216,51565.7930,103131.5859,0.0000,0,0.0000,0.0000,0,0.0000,0,0.0000,0.0000,0,0.0000,0.0000,0,0,0,0,0,0,0,0,0,0,0,0,0,0,0,0,0,0,0,0,0,0,0,0,0
WG_METRICS 377,16,12288,3.8958,0.0080,0.0074,3.8322,0.0220,0.0262,16,12288,196608,393216,51304.7461,102609.4922,0.0000,0,0.0000,0.0000,0,0.0000,0,0.0000,0.0000,0,0.0000,0.0000,0,0,0,0,0,0,0,0,0,0,0,0,0,0,0,0,0,0,0,0,0,0,0,0,0
WG_METRICS 378,16,12288,3.9383,0.0080,0.0074,3.8734,0.0220,0.0274,16,12288,196608,393216,50758.5078,101517.0156,0.0000,0,0.0000,0.0000,0,0.0000,0,0.0000,0.0000,0,0.0000,0.0000,0,0,0,0,0,0,0,0,0,0,0,0,0,0,0,0,0,0,0,0,0,0,0,0,0
WG_METRICS 379,16,12288,3.9220,0.0081,0.0074,3.8662,0.0134,0.0269,16,12288,196608,393216,50853.0352,101706.0703,0.0000,0,0.0000,0.0000,0,0.0000,0,0.0000,0.0000,0,0.0000,0.0000,0,0,0,0,0,0,0,0,0,0,0,0,0,0,0,0,0,0,0,0,0,0,0,0,0
WG_METRICS 380,16,12288,3.8564,0.0080,0.0073,3.7950,0.0190,0.0270,16,12288,196608,393216,51806.5703,103613.1406,0.0000,0,0.0000,0.0000,0,0.0000,0,0.0000,0.0000,0,0.0000,0.0000,0,0,0,0,0,0,0,0,0,0,0,0,0,0,0,0,0,0,0,0,0,0,0,0,0
WG_METRICS 381,16,12288,3.8182,0.0081,0.0073,3.7544,0.0219,0.0264,16,12288,196608,393216,52366.7969,104733.5938,0.0000,0,0.0000,0.0000,0,0.0000,0,0.0000,0.0000,0,0.0000,0.0000,0,0,0,0,0,0,0,0,0,0,0,0,0,0,0,0,0,0,0,0,0,0,0,0,0
WG_METRICS 382,16,12288,3.9195,0.0080,0.0074,3.8655,0.0129,0.0256,16,12288,196608,393216,50861.9805,101723.9609,0.0000,0,0.0000,0.0000,0,0.0000,0,0.0000,0.0000,0,0.0000,0.0000,0,0,0,0,0,0,0,0,0,0,0,0,0,0,0,0,0,0,0,0,0,0,0,0,0
WG_METRICS 383,16,12288,3.9343,0.0080,0.0074,3.8693,0.0234,0.0262,16,12288,196608,393216,50812.0312,101624.0625,0.0000,0,0.0000,0.0000,0,0.0000,0,0.0000,0.0000,0,0.0000,0.0000,0,0,0,0,0,0,0,0,0,0,0,0,0,0,0,0,0,0,0,0,0,0,0,0,0
WG_METRICS 384,16,12288,3.8974,0.0080,0.0074,3.8327,0.0221,0.0272,16,12288,196608,393216,51297.2500,102594.5000,0.0000,0,0.0000,0.0000,0,0.0000,0,0.0000,0.0000,0,0.0000,0.0000,0,0,0,0,0,0,0,0,0,0,0,0,0,0,0,0,0,0,0,0,0,0,0,0,0
WG_METRICS 385,16,12288,3.8518,0.0080,0.0075,3.7877,0.0214,0.0273,16,12288,196608,393216,51907.2383,103814.4766,0.0000,0,0.0000,0.0000,0,0.0000,0,0.0000,0.0000,0,0.0000,0.0000,0,0,0,0,0,0,0,0,0,0,0,0,0,0,0,0,0,0,0,0,0,0,0,0,0
WG_METRICS 386,16,12288,3.8498,0.0082,0.0073,3.7860,0.0215,0.0268,16,12288,196608,393216,51930.2695,103860.5391,0.0000,0,0.0000,0.0000,0,0.0000,0,0.0000,0.0000,0,0.0000,0.0000,0,0,0,0,0,0,0,0,0,0,0,0,0,0,0,0,0,0,0,0,0,0,0,0,0
WG_METRICS 387,16,12288,3.8729,0.0080,0.0074,3.8092,0.0219,0.0264,16,12288,196608,393216,51614.5273,103229.0547,0.0000,0,0.0000,0.0000,0,0.0000,0,0.0000,0.0000,0,0.0000,0.0000,0,0,0,0,0,0,0,0,0,0,0,0,0,0,0,0,0,0,0,0,0,0,0,0,0
WG_METRICS 388,16,12288,3.9355,0.0080,0.0074,3.8698,0.0228,0.0275,16,12288,196608,393216,50805.7266,101611.4531,0.0000,0,0.0000,0.0000,0,0.0000,0,0.0000,0.0000,0,0.0000,0.0000,0,0,0,0,0,0,0,0,0,0,0,0,0,0,0,0,0,0,0,0,0,0,0,0,0
WG_METRICS 389,16,12288,3.8710,0.0081,0.0073,3.8094,0.0216,0.0245,16,12288,196608,393216,51611.2773,103222.5547,0.0000,0,0.0000,0.0000,0,0.0000,0,0.0000,0.0000,0,0.0000,0.0000,0,0,0,0,0,0,0,0,0,0,0,0,0,0,0,0,0,0,0,0,0,0,0,0,0
WG_METRICS 390,16,12288,3.9124,0.0080,0.0074,3.8583,0.0128,0.0259,16,12288,196608,393216,50957.4219,101914.8438,0.0000,0,0.0000,0.0000,0,0.0000,0,0.0000,0.0000,0,0.0000,0.0000,0,0,0,0,0,0,0,0,0,0,0,0,0,0,0,0,0,0,0,0,0,0,0,0,0
WG_METRICS 391,16,12288,3.8657,0.0080,0.0074,3.8093,0.0139,0.0272,16,12288,196608,393216,51612.3633,103224.7266,0.0000,0,0.0000,0.0000,0,0.0000,0,0.0000,0.0000,0,0.0000,0.0000,0,0,0,0,0,0,0,0,0,0,0,0,0,0,0,0,0,0,0,0,0,0,0,0,0
WG_METRICS 392,16,12288,3.8409,0.0080,0.0075,3.7810,0.0175,0.0270,16,12288,196608,393216,51998.3945,103996.7891,0.0000,0,0.0000,0.0000,0,0.0000,0,0.0000,0.0000,0,0.0000,0.0000,0,0,0,0,0,0,0,0,0,0,0,0,0,0,0,0,0,0,0,0,0,0,0,0,0
WG_METRICS 393,16,12288,3.9308,0.0080,0.0074,3.8751,0.0145,0.0258,16,12288,196608,393216,50735.9766,101471.9531,0.0000,0,0.0000,0.0000,0,0.0000,0,0.0000,0.0000,0,0.0000,0.0000,0,0,0,0,0,0,0,0,0,0,0,0,0,0,0,0,0,0,0,0,0,0,0,0,0
WG_METRICS 394,16,12288,3.9002,0.0080,0.0073,3.8371,0.0225,0.0253,16,12288,196608,393216,51238.9648,102477.9297,0.0000,0,0.0000,0.0000,0,0.0000,0,0.0000,0.0000,0,0.0000,0.0000,0,0,0,0,0,0,0,0,0,0,0,0,0,0,0,0,0,0,0,0,0,0,0,0,0
WG_METRICS 395,16,12288,3.9176,0.0080,0.0074,3.8526,0.0240,0.0255,16,12288,196608,393216,51032.0195,102064.0391,0.0000,0,0.0000,0.0000,0,0.0000,0,0.0000,0.0000,0,0.0000,0.0000,0,0,0,0,0,0,0,0,0,0,0,0,0,0,0,0,0,0,0,0,0,0,0,0,0
WG_METRICS 396,16,12288,3.9244,0.0080,0.0074,3.8710,0.0124,0.0256,16,12288,196608,393216,50789.4492,101578.8984,0.0000,0,0.0000,0.0000,0,0.0000,0,0.0000,0.0000,0,0.0000,0.0000,0,0,0,0,0,0,0,0,0,0,0,0,0,0,0,0,0,0,0,0,0,0,0,0,0
WG_METRICS 397,16,12288,3.8659,0.0080,0.0074,3.8012,0.0226,0.0267,16,12288,196608,393216,51722.0703,103444.1406,0.0000,0,0.0000,0.0000,0,0.0000,0,0.0000,0.0000,0,0.0000,0.0000,0,0,0,0,0,0,0,0,0,0,0,0,0,0,0,0,0,0,0,0,0,0,0,0,0
WG_METRICS 398,16,12288,3.9243,0.0081,0.0073,3.8610,0.0221,0.0258,16,12288,196608,393216,50922.0508,101844.1016,0.0000,0,0.0000,0.0000,0,0.0000,0,0.0000,0.0000,0,0.0000,0.0000,0,0,0,0,0,0,0,0,0,0,0,0,0,0,0,0,0,0,0,0,0,0,0,0,0
WG_METRICS 399,16,12288,3.8806,0.0080,0.0074,3.8239,0.0130,0.0284,16,12288,196608,393216,51415.8398,102831.6797,0.0000,0,0.0000,0.0000,0,0.0000,0,0.0000,0.0000,0,0.0000,0.0000,0,0,0,0,0,0,0,0,0,0,0,0,0,0,0,0,0,0,0,0,0,0,0,0,0
WG_METRICS 400,16,12288,3.8850,0.0080,0.0074,3.8285,0.0140,0.0271,16,12288,196608,393216,51353.5234,102707.0469,0.0000,0,0.0000,0.0000,0,0.0000,0,0.0000,0.0000,0,0.0000,0.0000,0,0,0,0,0,0,0,0,0,0,0,0,0,0,0,0,0,0,0,0,0,0,0,0,0
WG_METRICS 401,16,12288,3.9155,0.0081,0.0073,3.8517,0.0225,0.0259,16,12288,196608,393216,51044.2070,102088.4141,0.0000,0,0.0000,0.0000,0,0.0000,0,0.0000,0.0000,0,0.0000,0.0000,0,0,0,0,0,0,0,0,0,0,0,0,0,0,0,0,0,0,0,0,0,0,0,0,0
WG_METRICS 402,16,12288,3.9168,0.0080,0.0074,3.8600,0.0134,0.0280,16,12288,196608,393216,50935.2422,101870.4844,0.0000,0,0.0000,0.0000,0,0.0000,0,0.0000,0.0000,0,0.0000,0.0000,0,0,0,0,0,0,0,0,0,0,0,0,0,0,0,0,0,0,0,0,0,0,0,0,0
WG_METRICS 403,16,12288,3.9499,0.0081,0.0073,3.8819,0.0227,0.0299,16,12288,196608,393216,50647.1016,101294.2031,0.0000,0,0.0000,0.0000,0,0.0000,0,0.0000,0.0000,0,0.0000,0.0000,0,0,0,0,0,0,0,0,0,0,0,0,0,0,0,0,0,0,0,0,0,0,0,0,0
WG_METRICS 404,16,12288,3.8978,0.0080,0.0074,3.8319,0.0216,0.0289,16,12288,196608,393216,51308.4961,102616.9922,0.0000,0,0.0000,0.0000,0,0.0000,0,0.0000,0.0000,0,0.0000,0.0000,0,0,0,0,0,0,0,0,0,0,0,0,0,0,0,0,0,0,0,0,0,0,0,0,0
WG_METRICS 405,16,12288,3.9096,0.0080,0.0074,3.8514,0.0154,0.0274,16,12288,196608,393216,51048.9805,102097.9609,0.0000,0,0.0000,0.0000,0,0.0000,0,0.0000,0.0000,0,0.0000,0.0000,0,0,0,0,0,0,0,0,0,0,0,0,0,0,0,0,0,0,0,0,0,0,0,0,0
WG_METRICS 406,16,12288,3.8912,0.0080,0.0074,3.8263,0.0228,0.0266,16,12288,196608,393216,51383.0547,102766.1094,0.0000,0,0.0000,0.0000,0,0.0000,0,0.0000,0.0000,0,0.0000,0.0000,0,0,0,0,0,0,0,0,0,0,0,0,0,0,0,0,0,0,0,0,0,0,0,0,0
WG_METRICS 407,16,12288,3.8658,0.0080,0.0074,3.8108,0.0133,0.0262,16,12288,196608,393216,51591.7773,103183.5547,0.0000,0,0.0000,0.0000,0,0.0000,0,0.0000,0.0000,0,0.0000,0.0000,0,0,0,0,0,0,0,0,0,0,0,0,0,0,0,0,0,0,0,0,0,0,0,0,0
WG_METRICS 408,16,12288,3.8778,0.0081,0.0073,3.8134,0.0217,0.0272,16,12288,196608,393216,51556.5977,103113.1953,0.0000,0,0.0000,0.0000,0,0.0000,0,0.0000,0.0000,0,0.0000,0.0000,0,0,0,0,0,0,0,0,0,0,0,0,0,0,0,0,0,0,0,0,0,0,0,0,0
WG_METRICS 409,16,12288,3.8940,0.0080,0.0074,3.8365,0.0138,0.0282,16,12288,196608,393216,51246.4414,102492.8828,0.0000,0,0.0000,0.0000,0,0.0000,0,0.0000,0.0000,0,0.0000,0.0000,0,0,0,0,0,0,0,0,0,0,0,0,0,0,0,0,0,0,0,0,0,0,0,0,0
WG_METRICS 410,16,12288,3.8741,0.0081,0.0073,3.8192,0.0132,0.0263,16,12288,196608,393216,51479.3828,102958.7656,0.0000,0,0.0000,0.0000,0,0.0000,0,0.0000,0.0000,0,0.0000,0.0000,0,0,0,0,0,0,0,0,0,0,0,0,0,0,0,0,0,0,0,0,0,0,0,0,0
WG_METRICS 411,16,12288,3.9227,0.0081,0.0074,3.8573,0.0222,0.0278,16,12288,196608,393216,50970.6328,101941.2656,0.0000,0,0.0000,0.0000,0,0.0000,0,0.0000,0.0000,0,0.0000,0.0000,0,0,0,0,0,0,0,0,0,0,0,0,0,0,0,0,0,0,0,0,0,0,0,0,0
WG_METRICS 412,16,12288,3.8778,0.0080,0.0073,3.8226,0.0136,0.0263,16,12288,196608,393216,51433.0586,102866.1172,0.0000,0,0.0000,0.0000,0,0.0000,0,0.0000,0.0000,0,0.0000,0.0000,0,0,0,0,0,0,0,0,0,0,0,0,0,0,0,0,0,0,0,0,0,0,0,0,0
WG_METRICS 413,16,12288,3.9658,0.0080,0.0074,3.9020,0.0212,0.0271,16,12288,196608,393216,50385.9531,100771.9062,0.0000,0,0.0000,0.0000,0,0.0000,0,0.0000,0.0000,0,0.0000,0.0000,0,0,0,0,0,0,0,0,0,0,0,0,0,0,0,0,0,0,0,0,0,0,0,0,0
WG_METRICS 414,16,12288,3.9334,0.0080,0.0074,3.8684,0.0215,0.0280,16,12288,196608,393216,50824.1133,101648.2266,0.0000,0,0.0000,0.0000,0,0.0000,0,0.0000,0.0000,0,0.0000,0.0000,0,0,0,0,0,0,0,0,0,0,0,0,0,0,0,0,0,0,0,0,0,0,0,0,0
WG_METRICS 415,16,12288,3.9438,0.0080,0.0073,3.8780,0.0208,0.0296,16,12288,196608,393216,50697.7734,101395.5469,0.0000,0,0.0000,0.0000,0,0.0000,0,0.0000,0.0000,0,0.0000,0.0000,0,0,0,0,0,0,0,0,0,0,0,0,0,0,0,0,0,0,0,0,0,0,0,0,0
WG_METRICS 416,16,12288,3.9449,0.0080,0.0074,3.8783,0.0219,0.0293,16,12288,196608,393216,50694.1172,101388.2344,0.0000,0,0.0000,0.0000,0,0.0000,0,0.0000,0.0000,0,0.0000,0.0000,0,0,0,0,0,0,0,0,0,0,0,0,0,0,0,0,0,0,0,0,0,0,0,0,0
WG_METRICS 417,16,12288,3.8768,0.0080,0.0074,3.8127,0.0228,0.0260,16,12288,196608,393216,51566.8750,103133.7500,0.0000,0,0.0000,0.0000,0,0.0000,0,0.0000,0.0000,0,0.0000,0.0000,0,0,0,0,0,0,0,0,0,0,0,0,0,0,0,0,0,0,0,0,0,0,0,0,0
WG_METRICS 418,16,12288,3.8607,0.0080,0.0074,3.7947,0.0212,0.0294,16,12288,196608,393216,51810.9375,103621.8750,0.0000,0,0.0000,0.0000,0,0.0000,0,0.0000,0.0000,0,0.0000,0.0000,0,0,0,0,0,0,0,0,0,0,0,0,0,0,0,0,0,0,0,0,0,0,0,0,0
WG_METRICS 419,16,12288,3.9018,0.0080,0.0074,3.8586,0.0125,0.0152,16,12288,196608,393216,50952.6680,101905.3359,0.0000,0,0.0000,0.0000,0,0.0000,0,0.0000,0.0000,0,0.0000,0.0000,0,0,0,0,0,0,0,0,0,0,0,0,0,0,0,0,0,0,0,0,0,0,0,0,0
WG_METRICS 420,16,12288,3.8820,0.0075,0.0068,3.8303,0.0216,0.0158,16,12288,196608,393216,51329.9297,102659.8594,0.0000,0,0.0000,0.0000,0,0.0000,0,0.0000,0.0000,0,0.0000,0.0000,0,0,0,0,0,0,0,0,0,0,0,0,0,0,0,0,0,0,0,0,0,0,0,0,0
WG_METRICS 421,16,12288,3.8860,0.0075,0.0068,3.8354,0.0212,0.0151,16,12288,196608,393216,51260.8750,102521.7500,0.0000,0,0.0000,0.0000,0,0.0000,0,0.0000,0.0000,0,0.0000,0.0000,0,0,0,0,0,0,0,0,0,0,0,0,0,0,0,0,0,0,0,0,0,0,0,0,0
WG_METRICS 422,16,12288,3.8881,0.0074,0.0068,3.8441,0.0146,0.0151,16,12288,196608,393216,51145.6562,102291.3125,0.0000,0,0.0000,0.0000,0,0.0000,0,0.0000,0.0000,0,0.0000,0.0000,0,0,0,0,0,0,0,0,0,0,0,0,0,0,0,0,0,0,0,0,0,0,0,0,0
WG_METRICS 423,16,12288,3.9227,0.0075,0.0067,3.8903,0.0025,0.0158,16,12288,196608,393216,50538.2656,101076.5312,0.0000,0,0.0000,0.0000,0,0.0000,0,0.0000,0.0000,0,0.0000,0.0000,0,0,0,0,0,0,0,0,0,0,0,0,0,0,0,0,0,0,0,0,0,0,0,0,0
WG_METRICS 424,16,12288,3.8926,0.0076,0.0067,3.8498,0.0128,0.0156,16,12288,196608,393216,51069.1367,102138.2734,0.0000,0,0.0000,0.0000,0,0.0000,0,0.0000,0.0000,0,0.0000,0.0000,0,0,0,0,0,0,0,0,0,0,0,0,0,0,0,0,0,0,0,0,0,0,0,0,0
WG_METRICS 425,16,12288,3.8854,0.0075,0.0064,3.8494,0.0068,0.0152,16,12288,196608,393216,51074.4414,102148.8828,0.0000,0,0.0000,0.0000,0,0.0000,0,0.0000,0.0000,0,0.0000,0.0000,0,0,0,0,0,0,0,0,0,0,0,0,0,0,0,0,0,0,0,0,0,0,0,0,0
WG_METRICS 426,16,12288,3.8926,0.0076,0.0070,3.8500,0.0128,0.0152,16,12288,196608,393216,51066.4844,102132.9688,0.0000,0,0.0000,0.0000,0,0.0000,0,0.0000,0.0000,0,0.0000,0.0000,0,0,0,0,0,0,0,0,0,0,0,0,0,0,0,0,0,0,0,0,0,0,0,0,0
WG_METRICS 427,16,12288,3.8985,0.0075,0.0065,3.8562,0.0126,0.0157,16,12288,196608,393216,50984.3789,101968.7578,0.0000,0,0.0000,0.0000,0,0.0000,0,0.0000,0.0000,0,0.0000,0.0000,0,0,0,0,0,0,0,0,0,0,0,0,0,0,0,0,0,0,0,0,0,0,0,0,0
WG_METRICS 428,16,12288,3.8999,0.0075,0.0068,3.8569,0.0130,0.0158,16,12288,196608,393216,50975.3906,101950.7812,0.0000,0,0.0000,0.0000,0,0.0000,0,0.0000,0.0000,0,0.0000,0.0000,0,0,0,0,0,0,0,0,0,0,0,0,0,0,0,0,0,0,0,0,0,0,0,0,0
WG_METRICS 429,16,12288,3.8716,0.0075,0.0068,3.8285,0.0130,0.0158,16,12288,196608,393216,51353.5234,102707.0469,0.0000,0,0.0000,0.0000,0,0.0000,0,0.0000,0.0000,0,0.0000,0.0000,0,0,0,0,0,0,0,0,0,0,0,0,0,0,0,0,0,0,0,0,0,0,0,0,0
WG_METRICS 430,16,12288,3.8473,0.0075,0.0067,3.8108,0.0069,0.0154,16,12288,196608,393216,51591.7773,103183.5547,0.0000,0,0.0000,0.0000,0,0.0000,0,0.0000,0.0000,0,0.0000,0.0000,0,0,0,0,0,0,0,0,0,0,0,0,0,0,0,0,0,0,0,0,0,0,0,0,0
WG_METRICS 431,16,12288,3.8568,0.0075,0.0068,3.8060,0.0214,0.0151,16,12288,196608,393216,51656.8398,103313.6797,0.0000,0,0.0000,0.0000,0,0.0000,0,0.0000,0.0000,0,0.0000,0.0000,0,0,0,0,0,0,0,0,0,0,0,0,0,0,0,0,0,0,0,0,0,0,0,0,0
WG_METRICS 432,16,12288,3.8921,0.0074,0.0065,3.8607,0.0024,0.0150,16,12288,196608,393216,50925.2188,101850.4375,0.0000,0,0.0000,0.0000,0,0.0000,0,0.0000,0.0000,0,0.0000,0.0000,0,0,0,0,0,0,0,0,0,0,0,0,0,0,0,0,0,0,0,0,0,0,0,0,0
WG_METRICS 433,16,12288,3.8914,0.0075,0.0068,3.8450,0.0170,0.0151,16,12288,196608,393216,51132.8867,102265.7734,0.0000,0,0.0000,0.0000,0,0.0000,0,0.0000,0.0000,0,0.0000,0.0000,0,0,0,0,0,0,0,0,0,0,0,0,0,0,0,0,0,0,0,0,0,0,0,0,0
WG_METRICS 434,16,12288,3.8131,0.0074,0.0068,3.7767,0.0070,0.0151,16,12288,196608,393216,52058.4219,104116.8438,0.0000,0,0.0000,0.0000,0,0.0000,0,0.0000,0.0000,0,0.0000,0.0000,0,0,0,0,0,0,0,0,0,0,0,0,0,0,0,0,0,0,0,0,0,0,0,0,0
WG_METRICS 435,16,12288,3.8706,0.0075,0.0068,3.8200,0.0213,0.0151,16,12288,196608,393216,51468.0625,102936.1250,0.0000,0,0.0000,0.0000,0,0.0000,0,0.0000,0.0000,0,0.0000,0.0000,0,0,0,0,0,0,0,0,0,0,0,0,0,0,0,0,0,0,0,0,0,0,0,0,0
WG_METRICS 436,16,12288,3.9412,0.0075,0.0068,3.8986,0.0126,0.0158,16,12288,196608,393216,50430.9258,100861.8516,0.0000,0,0.0000,0.0000,0,0.0000,0,0.0000,0.0000,0,0.0000,0.0000,0,0,0,0,0,0,0,0,0,0,0,0,0,0,0,0,0,0,0,0,0,0,0,0,0
WG_METRICS 437,16,12288,3.8775,0.0076,0.0066,3.8354,0.0125,0.0155,16,12288,196608,393216,51261.9414,102523.8828,0.0000,0,0.0000,0.0000,0,0.0000,0,0.0000,0.0000,0,0.0000,0.0000,0,0,0,0,0,0,0,0,0,0,0,0,0,0,0,0,0,0,0,0,0,0,0,0,0
WG_METRICS 438,16,12288,3.9236,0.0075,0.0067,3.8856,0.0086,0.0152,16,12288,196608,393216,50598.6172,101197.2344,0.0000,0,0.0000,0.0000,0,0.0000,0,0.0000,0.0000,0,0.0000,0.0000,0,0,0,0,0,0,0,0,0,0,0,0,0,0,0,0,0,0,0,0,0,0,0,0,0
WG_METRICS 439,16,12288,3.9147,0.0075,0.0068,3.8765,0.0078,0.0161,16,12288,196608,393216,50717.6562,101435.3125,0.0000,0,0.0000,0.0000,0,0.0000,0,0.0000,0.0000,0,0.0000,0.0000,0,0,0,0,0,0,0,0,0,0,0,0,0,0,0,0,0,0,0,0,0,0,0,0,0
WG_METRICS 440,16,12288,3.8563,0.0075,0.0068,3.8097,0.0167,0.0156,16,12288,196608,393216,51606.9414,103213.8828,0.0000,0,0.0000,0.0000,0,0.0000,0,0.0000,0.0000,0,0.0000,0.0000,0,0,0,0,0,0,0,0,0,0,0,0,0,0,0,0,0,0,0,0,0,0,0,0,0
WG_METRICS 441,16,12288,3.9068,0.0076,0.0067,3.8626,0.0150,0.0150,16,12288,196608,393216,50900.4297,101800.8594,0.0000,0,0.0000,0.0000,0,0.0000,0,0.0000,0.0000,0,0.0000,0.0000,0,0,0,0,0,0,0,0,0,0,0,0,0,0,0,0,0,0,0,0,0,0,0,0,0
WG_METRICS 442,16,12288,3.8976,0.0075,0.0067,3.8468,0.0215,0.0151,16,12288,196608,393216,51110.0234,102220.0469,0.0000,0,0.0000,0.0000,0,0.0000,0,0.0000,0.0000,0,0.0000,0.0000,0,0,0,0,0,0,0,0,0,0,0,0,0,0,0,0,0,0,0,0,0,0,0,0,0
WG_METRICS 443,16,12288,3.9059,0.0075,0.0068,3.8642,0.0124,0.0150,16,12288,196608,393216,50878.8281,101757.6562,0.0000,0,0.0000,0.0000,0,0.0000,0,0.0000,0.0000,0,0.0000,0.0000,0,0,0,0,0,0,0,0,0,0,0,0,0,0,0,0,0,0,0,0,0,0,0,0,0
WG_METRICS 444,16,12288,3.8962,0.0075,0.0068,3.8318,0.0219,0.0282,16,12288,196608,393216,51309.5664,102619.1328,0.0000,0,0.0000,0.0000,0,0.0000,0,0.0000,0.0000,0,0.0000,0.0000,0,0,0,0,0,0,0,0,0,0,0,0,0,0,0,0,0,0,0,0,0,0,0,0,0
WG_METRICS 445,16,12288,3.8296,0.0080,0.0074,3.7738,0.0140,0.0263,16,12288,196608,393216,52098.1523,104196.3047,0.0000,0,0.0000,0.0000,0,0.0000,0,0.0000,0.0000,0,0.0000,0.0000,0,0,0,0,0,0,0,0,0,0,0,0,0,0,0,0,0,0,0,0,0,0,0,0,0
WG_METRICS 446,16,12288,3.8591,0.0080,0.0074,3.7956,0.0220,0.0261,16,12288,196608,393216,51799.4727,103598.9453,0.0000,0,0.0000,0.0000,0,0.0000,0,0.0000,0.0000,0,0.0000,0.0000,0,0,0,0,0,0,0,0,0,0,0,0,0,0,0,0,0,0,0,0,0,0,0,0,0
WG_METRICS 447,16,12288,3.9203,0.0080,0.0074,3.8546,0.0226,0.0276,16,12288,196608,393216,51006.6016,102013.2031,0.0000,0,0.0000,0.0000,0,0.0000,0,0.0000,0.0000,0,0.0000,0.0000,0,0,0,0,0,0,0,0,0,0,0,0,0,0,0,0,0,0,0,0,0,0,0,0,0
WG_METRICS 448,16,12288,3.8975,0.0080,0.0074,3.8420,0.0134,0.0266,16,12288,196608,393216,51173.3477,102346.6953,0.0000,0,0.0000,0.0000,0,0.0000,0,0.0000,0.0000,0,0.0000,0.0000,0,0,0,0,0,0,0,0,0,0,0,0,0,0,0,0,0,0,0,0,0,0,0,0,0
WG_METRICS 449,16,12288,3.8730,0.0081,0.0074,3.8168,0.0140,0.0266,16,12288,196608,393216,51510.6758,103021.3516,0.0000,0,0.0000,0.0000,0,0.0000,0,0.0000,0.0000,0,0.0000,0.0000,0,0,0,0,0,0,0,0,0,0,0,0,0,0,0,0,0,0,0,0,0,0,0,0,0
WG_METRICS 450,16,12288,3.8738,0.0080,0.0074,3.8174,0.0146,0.0264,16,12288,196608,393216,51503.6562,103007.3125,0.0000,0,0.0000,0.0000,0,0.0000,0,0.0000,0.0000,0,0.0000,0.0000,0,0,0,0,0,0,0,0,0,0,0,0,0,0,0,0,0,0,0,0,0,0,0,0,0
WG_METRICS 451,16,12288,3.8960,0.0080,0.0074,3.8324,0.0221,0.0260,16,12288,196608,393216,51301.0000,102602.0000,0.0000,0,0.0000,0.0000,0,0.0000,0,0.0000,0.0000,0,0.0000,0.0000,0,0,0,0,0,0,0,0,0,0,0,0,0,0,0,0,0,0,0,0,0,0,0,0,0
WG_METRICS 452,16,12288,3.9217,0.0080,0.0074,3.8537,0.0221,0.0305,16,12288,196608,393216,51018.2500,102036.5000,0.0000,0,0.0000,0.0000,0,0.0000,0,0.0000,0.0000,0,0.0000,0.0000,0,0,0,0,0,0,0,0,0,0,0,0,0,0,0,0,0,0,0,0,0,0,0,0,0
WG_METRICS 453,16,12288,3.9248,0.0080,0.0074,3.8610,0.0219,0.0265,16,12288,196608,393216,50920.9922,101841.9844,0.0000,0,0.0000,0.0000,0,0.0000,0,0.0000,0.0000,0,0.0000,0.0000,0,0,0,0,0,0,0,0,0,0,0,0,0,0,0,0,0,0,0,0,0,0,0,0,0
WG_METRICS 454,16,12288,3.8894,0.0080,0.0074,3.8262,0.0221,0.0258,16,12288,196608,393216,51384.6641,102769.3281,0.0000,0,0.0000,0.0000,0,0.0000,0,0.0000,0.0000,0,0.0000,0.0000,0,0,0,0,0,0,0,0,0,0,0,0,0,0,0,0,0,0,0,0,0,0,0,0,0
WG_METRICS 455,16,12288,3.8728,0.0080,0.0074,3.8228,0.0132,0.0214,16,12288,196608,393216,51429.8281,102859.6562,0.0000,0,0.0000,0.0000,0,0.0000,0,0.0000,0.0000,0,0.0000,0.0000,0,0,0,0,0,0,0,0,0,0,0,0,0,0,0,0,0,0,0,0,0,0,0,0,0
WG_METRICS 456,16,12288,3.9215,0.0081,0.0073,3.8578,0.0219,0.0264,16,12288,196608,393216,50964.2891,101928.5781,0.0000,0,0.0000,0.0000,0,0.0000,0,0.0000,0.0000,0,0.0000,0.0000,0,0,0,0,0,0,0,0,0,0,0,0,0,0,0,0,0,0,0,0,0,0,0,0,0
WG_METRICS 457,16,12288,3.8874,0.0080,0.0074,3.8294,0.0150,0.0276,16,12288,196608,393216,51342.2617,102684.5234,0.0000,0,0.0000,0.0000,0,0.0000,0,0.0000,0.0000,0,0.0000,0.0000,0,0,0,0,0,0,0,0,0,0,0,0,0,0,0,0,0,0,0,0,0,0,0,0,0
WG_METRICS 458,16,12288,3.8675,0.0080,0.0075,3.8169,0.0086,0.0266,16,12288,196608,393216,51510.1328,103020.2656,0.0000,0,0.0000,0.0000,0,0.0000,0,0.0000,0.0000,0,0.0000,0.0000,0,0,0,0,0,0,0,0,0,0,0,0,0,0,0,0,0,0,0,0,0,0,0,0,0
WG_METRICS 459,16,12288,3.9704,0.0080,0.0075,3.9260,0.0026,0.0262,16,12288,196608,393216,50078.4492,100156.8984,0.0000,0,0.0000,0.0000,0,0.0000,0,0.0000,0.0000,0,0.0000,0.0000,0,0,0,0,0,0,0,0,0,0,0,0,0,0,0,0,0,0,0,0,0,0,0,0,0
WG_METRICS 460,16,12288,3.9058,0.0081,0.0080,3.8451,0.0146,0.0301,16,12288,196608,393216,51131.8242,102263.6484,0.0000,0,0.0000,0.0000,0,0.0000,0,0.0000,0.0000,0,0.0000,0.0000,0,0,0,0,0,0,0,0,0,0,0,0,0,0,0,0,0,0,0,0,0,0,0,0,0
WG_METRICS 461,16,12288,3.8631,0.0081,0.0073,3.8047,0.0144,0.0286,16,12288,196608,393216,51675.3047,103350.6094,0.0000,0,0.0000,0.0000,0,0.0000,0,0.0000,0.0000,0,0.0000,0.0000,0,0,0,0,0,0,0,0,0,0,0,0,0,0,0,0,0,0,0,0,0,0,0,0,0
WG_METRICS 462,16,12288,3.9338,0.0080,0.0073,3.8681,0.0219,0.0284,16,12288,196608,393216,50827.7930,101655.5859,0.0000,0,0.0000,0.0000,0,0.0000,0,0.0000,0.0000,0,0.0000,0.0000,0,0,0,0,0,0,0,0,0,0,0,0,0,0,0,0,0,0,0,0,0,0,0,0,0
WG_METRICS 463,16,12288,3.8923,0.0080,0.0074,3.8263,0.0219,0.0286,16,12288,196608,393216,51383.0547,102766.1094,0.0000,0,0.0000,0.0000,0,0.0000,0,0.0000,0.0000,0,0.0000,0.0000,0,0,0,0,0,0,0,0,0,0,0,0,0,0,0,0,0,0,0,0,0,0,0,0,0
WG_METRICS 464,16,12288,3.9031,0.0080,0.0074,3.8476,0.0138,0.0263,16,12288,196608,393216,51098.3359,102196.6719,0.0000,0,0.0000,0.0000,0,0.0000,0,0.0000,0.0000,0,0.0000,0.0000,0,0,0,0,0,0,0,0,0,0,0,0,0,0,0,0,0,0,0,0,0,0,0,0,0
WG_METRICS 465,16,12288,3.9374,0.0080,0.0074,3.8736,0.0219,0.0265,16,12288,196608,393216,50755.3594,101510.7188,0.0000,0,0.0000,0.0000,0,0.0000,0,0.0000,0.0000,0,0.0000,0.0000,0,0,0,0,0,0,0,0,0,0,0,0,0,0,0,0,0,0,0,0,0,0,0,0,0
WG_METRICS 466,16,12288,3.9237,0.0081,0.0074,3.8580,0.0227,0.0276,16,12288,196608,393216,50961.6484,101923.2969,0.0000,0,0.0000,0.0000,0,0.0000,0,0.0000,0.0000,0,0.0000,0.0000,0,0,0,0,0,0,0,0,0,0,0,0,0,0,0,0,0,0,0,0,0,0,0,0,0
WG_METRICS 467,16,12288,3.9382,0.0080,0.0074,3.8809,0.0137,0.0281,16,12288,196608,393216,50660.1523,101320.3047,0.0000,0,0.0000,0.0000,0,0.0000,0,0.0000,0.0000,0,0.0000,0.0000,0,0,0,0,0,0,0,0,0,0,0,0,0,0,0,0,0,0,0,0,0,0,0,0,0
WG_METRICS 468,16,12288,3.9006,0.0080,0.0072,3.8368,0.0221,0.0265,16,12288,196608,393216,51243.2344,102486.4688,0.0000,0,0.0000,0.0000,0,0.0000,0,0.0000,0.0000,0,0.0000,0.0000,0,0,0,0,0,0,0,0,0,0,0,0,0,0,0,0,0,0,0,0,0,0,0,0,0
WG_METRICS 469,16,12288,3.9266,0.0080,0.0074,3.8685,0.0127,0.0300,16,12288,196608,393216,50822.5352,101645.0703,0.0000,0,0.0000,0.0000,0,0.0000,0,0.0000,0.0000,0,0.0000,0.0000,0,0,0,0,0,0,0,0,0,0,0,0,0,0,0,0,0,0,0,0,0,0,0,0,0
WG_METRICS 470,16,12288,3.9247,0.0080,0.0074,3.8656,0.0133,0.0303,16,12288,196608,393216,50860.4023,101720.8047,0.0000,0,0.0000,0.0000,0,0.0000,0,0.0000,0.0000,0,0.0000,0.0000,0,0,0,0,0,0,0,0,0,0,0,0,0,0,0,0,0,0,0,0,0,0,0,0,0
WG_METRICS 471,16,12288,3.8931,0.0081,0.0074,3.8302,0.0210,0.0266,16,12288,196608,393216,51331.5391,102663.0781,0.0000,0,0.0000,0.0000,0,0.0000,0,0.0000,0.0000,0,0.0000,0.0000,0,0,0,0,0,0,0,0,0,0,0,0,0,0,0,0,0,0,0,0,0,0,0,0,0
WG_METRICS 472,16,12288,3.8639,0.0080,0.0074,3.8011,0.0214,0.0260,16,12288,196608,393216,51723.7031,103447.4062,0.0000,0,0.0000,0.0000,0,0.0000,0,0.0000,0.0000,0,0.0000,0.0000,0,0,0,0,0,0,0,0,0,0,0,0,0,0,0,0,0,0,0,0,0,0,0,0,0
WG_METRICS 473,16,12288,3.8718,0.0080,0.0074,3.8073,0.0226,0.0266,16,12288,196608,393216,51640.0156,103280.0312,0.0000,0,0.0000,0.0000,0,0.0000,0,0.0000,0.0000,0,0.0000,0.0000,0,0,0,0,0,0,0,0,0,0,0,0,0,0,0,0,0,0,0,0,0,0,0,0,0
WG_METRICS 474,16,12288,3.8989,0.0080,0.0072,3.8376,0.0211,0.0250,16,12288,196608,393216,51232.0195,102464.0391,0.0000,0,0.0000,0.0000,0,0.0000,0,0.0000,0.0000,0,0.0000,0.0000,0,0,0,0,0,0,0,0,0,0,0,0,0,0,0,0,0,0,0,0,0,0,0,0,0
WG_METRICS 475,16,12288,3.8142,0.0080,0.0075,3.7495,0.0215,0.0277,16,12288,196608,393216,52435.5117,104871.0234,0.0000,0,0.0000,0.0000,0,0.0000,0,0.0000,0.0000,0,0.0000,0.0000,0,0,0,0,0,0,0,0,0,0,0,0,0,0,0,0,0,0,0,0,0,0,0,0,0
WG_METRICS 476,16,12288,3.8675,0.0081,0.0074,3.8046,0.0220,0.0256,16,12288,196608,393216,51676.9375,103353.8750,0.0000,0,0.0000,0.0000,0,0.0000,0,0.0000,0.0000,0,0.0000,0.0000,0,0,0,0,0,0,0,0,0,0,0,0,0,0,0,0,0,0,0,0,0,0,0,0,0
WG_METRICS 477,16,12288,3.9418,0.0081,0.0074,3.8754,0.0233,0.0276,16,12288,196608,393216,50731.7891,101463.5781,0.0000,0,0.0000,0.0000,0,0.0000,0,0.0000,0.0000,0,0.0000,0.0000,0,0,0,0,0,0,0,0,0,0,0,0,0,0,0,0,0,0,0,0,0,0,0,0,0
WG_METRICS 478,16,12288,3.9252,0.0081,0.0073,3.8678,0.0141,0.0279,16,12288,196608,393216,50832.5234,101665.0469,0.0000,0,0.0000,0.0000,0,0.0000,0,0.0000,0.0000,0,0.0000,0.0000,0,0,0,0,0,0,0,0,0,0,0,0,0,0,0,0,0,0,0,0,0,0,0,0,0
WG_METRICS 479,16,12288,3.9168,0.0080,0.0074,3.8498,0.0226,0.0290,16,12288,196608,393216,51070.1953,102140.3906,0.0000,0,0.0000,0.0000,0,0.0000,0,0.0000,0.0000,0,0.0000,0.0000,0,0,0,0,0,0,0,0,0,0,0,0,0,0,0,0,0,0,0,0,0,0,0,0,0
WG_METRICS 480,16,12288,3.8973,0.0075,0.0068,3.8546,0.0123,0.0161,16,12288,196608,393216,51006.0703,102012.1406,0.0000,0,0.0000,0.0000,0,0.0000,0,0.0000,0.0000,0,0.0000,0.0000,0,0,0,0,0,0,0,0,0,0,0,0,0,0,0,0,0,0,0,0,0,0,0,0,0
WG_METRICS 481,16,12288,3.9474,0.0075,0.0068,3.8969,0.0212,0.0150,16,12288,196608,393216,50452.6719,100905.3438,0.0000,0,0.0000,0.0000,0,0.0000,0,0.0000,0.0000,0,0.0000,0.0000,0,0,0,0,0,0,0,0,0,0,0,0,0,0,0,0,0,0,0,0,0,0,0,0,0
WG_METRICS 482,16,12288,3.8728,0.0080,0.0074,3.8176,0.0131,0.0268,16,12288,196608,393216,51500.9609,103001.9219,0.0000,0,0.0000,0.0000,0,0.0000,0,0.0000,0.0000,0,0.0000,0.0000,0,0,0,0,0,0,0,0,0,0,0,0,0,0,0,0,0,0,0,0,0,0,0,0,0
WG_METRICS 483,16,12288,3.8875,0.0080,0.0074,3.8247,0.0213,0.0261,16,12288,196608,393216,51405.0820,102810.1641,0.0000,0,0.0000,0.0000,0,0.0000,0,0.0000,0.0000,0,0.0000,0.0000,0,0,0,0,0,0,0,0,0,0,0,0,0,0,0,0,0,0,0,0,0,0,0,0,0
WG_METRICS 484,16,12288,3.9550,0.0079,0.0076,3.9004,0.0039,0.0353,16,12288,196608,393216,50407.1406,100814.2812,0.0000,0,0.0000,0.0000,0,0.0000,0,0.0000,0.0000,0,0.0000,0.0000,0,0,0,0,0,0,0,0,0,0,0,0,0,0,0,0,0,0,0,0,0,0,0,0,0
WG_METRICS 485,16,12288,3.9114,0.0082,0.0073,3.8562,0.0140,0.0256,16,12288,196608,393216,50984.3789,101968.7578,0.0000,0,0.0000,0.0000,0,0.0000,0,0.0000,0.0000,0,0.0000,0.0000,0,0,0,0,0,0,0,0,0,0,0,0,0,0,0,0,0,0,0,0,0,0,0,0,0
WG_METRICS 486,16,12288,4.0042,0.0081,0.0148,3.9203,0.0224,0.0386,16,12288,196608,393216,50151.5195,100303.0391,0.0000,0,0.0000,0.0000,0,0.0000,0,0.0000,0.0000,0,0.0000,0.0000,0,0,0,0,0,0,0,0,0,0,0,0,0,0,0,0,0,0,0,0,0,0,0,0,0
