WG_METRICS_HEADER frame,q1_shards,q1_shard_capacity,gpu_frame_ms,reset_ms,reset_barrier_ms,compute_ms,metrics_copy_ms,render_ms,q2_shards,q2_shard_capacity,edges,vertices,edges_per_ms,vertices_per_ms,q1_deq_attempt_mean,q1_deq_attempt_max,q1_deq_attempt_imbalance,q1_deq_cas_fail_mean,q1_deq_cas_fail_max,q1_deq_probe_mean,q1_deq_probe_max,q1_deq_probe_imbalance,q1_enq_attempt_mean,q1_enq_attempt_max,q1_enq_attempt_imbalance,q1_high_water_mean,q1_high_water_max,q1_enq_ok,q1_enq_cas_fail,q1_enq_full,q1_deq_ok,q1_deq_cas_fail,q1_deq_empty,q1_ready_cas_fail,q1_ready_max_spin,q1_high_water,q2_enq_ok,q2_enq_cas_fail,q2_enq_full,q2_deq_ok,q2_deq_cas_fail,q2_deq_empty,q2_ready_cas_fail,q2_ready_max_spin,q2_high_water,node_a_seed,node_b_tasks,node_b_subdivide,node_b_final,node_c_output,stop_writes
WG_METRICS 1,384,512,1.1050,0.0083,0.0069,1.0586,0.0155,0.0157,384,512,196608,393216,185731.5625,371463.1250,0.0000,0,0.0000,0.0000,0,0.0000,0,0.0000,0.0000,0,0.0000,0.0000,0,0,0,0,0,0,0,0,0,0,0,0,0,0,0,0,0,0,0,0,0,0,0,0,0
WG_METRICS 2,384,512,1.1123,0.0076,0.0068,1.0734,0.0096,0.0150,384,512,196608,393216,183170.6094,366341.2188,0.0000,0,0.0000,0.0000,0,0.0000,0,0.0000,0.0000,0,0.0000,0.0000,0,0,0,0,0,0,0,0,0,0,0,0,0,0,0,0,0,0,0,0,0,0,0,0,0
WG_METRICS 3,384,512,1.0786,0.0076,0.0068,1.0340,0.0152,0.0150,384,512,196608,393216,190150.4844,380300.9688,0.0000,0,0.0000,0.0000,0,0.0000,0,0.0000,0.0000,0,0.0000,0.0000,0,0,0,0,0,0,0,0,0,0,0,0,0,0,0,0,0,0,0,0,0,0,0,0,0
WG_METRICS 4,384,512,2.0239,0.0089,0.0069,1.9571,0.0228,0.0283,384,512,196608,393216,100459.8672,200919.7344,0.0000,0,0.0000,0.0000,0,0.0000,0,0.0000,0.0000,0,0.0000,0.0000,0,0,0,0,0,0,0,0,0,0,0,0,0,0,0,0,0,0,0,0,0,0,0,0,0
WG_METRICS 5,384,512,1.4126,0.0082,0.0068,1.3697,0.0084,0.0194,384,512,196608,393216,143543.0156,287086.0312,0.0000,0,0.0000,0.0000,0,0.0000,0,0.0000,0.0000,0,0.0000,0.0000,0,0,0,0,0,0,0,0,0,0,0,0,0,0,0,0,0,0,0,0,0,0,0,0,0
WG_METRICS 6,384,512,1.1042,0.0076,0.0066,1.0580,0.0162,0.0158,384,512,196608,393216,185829.8750,371659.7500,0.0000,0,0.0000,0.0000,0,0.0000,0,0.0000,0.0000,0,0.0000,0.0000,0,0,0,0,0,0,0,0,0,0,0,0,0,0,0,0,0,0,0,0,0,0,0,0,0
WG_METRICS 7,384,512,1.0982,0.0076,0.0068,1.0520,0.0158,0.0159,384,512,196608,393216,186882.6250,373765.2500,0.0000,0,0.0000,0.0000,0,0.0000,0,0.0000,0.0000,0,0.0000,0.0000,0,0,0,0,0,0,0,0,0,0,0,0,0,0,0,0,0,0,0,0,0,0,0,0,0
WG_METRICS 8,384,512,1.0938,0.0076,0.0068,1.0399,0.0240,0.0156,384,512,196608,393216,189067.9688,378135.9375,0.0000,0,0.0000,0.0000,0,0.0000,0,0.0000,0.0000,0,0.0000,0.0000,0,0,0,0,0,0,0,0,0,0,0,0,0,0,0,0,0,0,0,0,0,0,0,0,0
WG_METRICS 9,384,512,1.0966,0.0076,0.0068,1.0518,0.0150,0.0154,384,512,196608,393216,186918.1719,373836.3438,0.0000,0,0.0000,0.0000,0,0.0000,0,0.0000,0.0000,0,0.0000,0.0000,0,0,0,0,0,0,0,0,0,0,0,0,0,0,0,0,0,0,0,0,0,0,0,0,0
WG_METRICS 10,384,512,1.0952,0.0076,0.0068,1.0406,0.0245,0.0158,384,512,196608,393216,188937.1562,377874.3125,0.0000,0,0.0000,0.0000,0,0.0000,0,0.0000,0.0000,0,0.0000,0.0000,0,0,0,0,0,0,0,0,0,0,0,0,0,0,0,0,0,0,0,0,0,0,0,0,0
WG_METRICS 11,384,512,1.1206,0.0076,0.0069,1.0756,0.0149,0.0157,384,512,196608,393216,182795.9375,365591.8750,0.0000,0,0.0000,0.0000,0,0.0000,0,0.0000,0.0000,0,0.0000,0.0000,0,0,0,0,0,0,0,0,0,0,0,0,0,0,0,0,0,0,0,0,0,0,0,0,0
WG_METRICS 12,384,512,1.0864,0.0077,0.0068,1.0402,0.0162,0.0155,384,512,196608,393216,189017.0781,378034.1562,0.0000,0,0.0000,0.0000,0,0.0000,0,0.0000,0.0000,0,0.0000,0.0000,0,0,0,0,0,0,0,0,0,0,0,0,0,0,0,0,0,0,0,0,0,0,0,0,0
WG_METRICS 13,384,512,1.0697,0.0075,0.0068,1.0248,0.0156,0.0150,384,512,196608,393216,191850.1250,383700.2500,0.0000,0,0.0000,0.0000,0,0.0000,0,0.0000,0.0000,0,0.0000,0.0000,0,0,0,0,0,0,0,0,0,0,0,0,0,0,0,0,0,0,0,0,0,0,0,0,0
WG_METRICS 14,384,512,1.1008,0.0076,0.0068,1.0645,0.0063,0.0156,384,512,196608,393216,184698.6406,369397.2812,0.0000,0,0.0000,0.0000,0,0.0000,0,0.0000,0.0000,0,0.0000,0.0000,0,0,0,0,0,0,0,0,0,0,0,0,0,0,0,0,0,0,0,0,0,0,0,0,0
WG_METRICS 15,384,512,1.1016,0.0076,0.0068,1.0468,0.0247,0.0157,384,512,196608,393216,187825.2969,375650.5938,0.0000,0,0.0000,0.0000,0,0.0000,0,0.0000,0.0000,0,0.0000,0.0000,0,0,0,0,0,0,0,0,0,0,0,0,0,0,0,0,0,0,0,0,0,0,0,0,0
WG_METRICS 16,384,512,1.0852,0.0075,0.0068,1.0312,0.0245,0.0152,384,512,196608,393216,190659.4219,381318.8438,0.0000,0,0.0000,0.0000,0,0.0000,0,0.0000,0.0000,0,0.0000,0.0000,0,0,0,0,0,0,0,0,0,0,0,0,0,0,0,0,0,0,0,0,0,0,0,0,0
WG_METRICS 17,384,512,1.0983,0.0076,0.0067,1.0452,0.0235,0.0154,384,512,196608,393216,188112.8125,376225.6250,0.0000,0,0.0000,0.0000,0,0.0000,0,0.0000,0.0000,0,0.0000,0.0000,0,0,0,0,0,0,0,0,0,0,0,0,0,0,0,0,0,0,0,0,0,0,0,0,0
WG_METRICS 18,384,512,1.1081,0.0077,0.0069,1.0620,0.0161,0.0155,384,512,196608,393216,185136.9219,370273.8438,0.0000,0,0.0000,0.0000,0,0.0000,0,0.0000,0.0000,0,0.0000,0.0000,0,0,0,0,0,0,0,0,0,0,0,0,0,0,0,0,0,0,0,0,0,0,0,0,0
WG_METRICS 19,384,512,1.1022,0.0077,0.0067,1.0475,0.0241,0.0162,384,512,196608,393216,187696.1875,375392.3750,0.0000,0,0.0000,0.0000,0,0.0000,0,0.0000,0.0000,0,0.0000,0.0000,0,0,0,0,0,0,0,0,0,0,0,0,0,0,0,0,0,0,0,0,0,0,0,0,0
WG_METRICS 20,384,512,1.0897,0.0076,0.0068,1.0492,0.0110,0.0152,384,512,196608,393216,187388.4688,374776.9375,0.0000,0,0.0000,0.0000,0,0.0000,0,0.0000,0.0000,0,0.0000,0.0000,0,0,0,0,0,0,0,0,0,0,0,0,0,0,0,0,0,0,0,0,0,0,0,0,0
WG_METRICS 21,384,512,1.1034,0.0076,0.0068,1.0586,0.0150,0.0154,384,512,196608,393216,185717.5312,371435.0625,0.0000,0,0.0000,0.0000,0,0.0000,0,0.0000,0.0000,0,0.0000,0.0000,0,0,0,0,0,0,0,0,0,0,0,0,0,0,0,0,0,0,0,0,0,0,0,0,0
WG_METRICS 22,384,512,1.1100,0.0077,0.0068,1.0546,0.0250,0.0158,384,512,196608,393216,186428.9844,372857.9688,0.0000,0,0.0000,0.0000,0,0.0000,0,0.0000,0.0000,0,0.0000,0.0000,0,0,0,0,0,0,0,0,0,0,0,0,0,0,0,0,0,0,0,0,0,0,0,0,0
WG_METRICS 23,384,512,1.0856,0.0075,0.0068,1.0408,0.0153,0.0152,384,512,196608,393216,188908.0938,377816.1875,0.0000,0,0.0000,0.0000,0,0.0000,0,0.0000,0.0000,0,0.0000,0.0000,0,0,0,0,0,0,0,0,0,0,0,0,0,0,0,0,0,0,0,0,0,0,0,0,0
WG_METRICS 24,384,512,1.1295,0.0076,0.0068,1.0843,0.0153,0.0156,384,512,196608,393216,181325.8594,362651.7188,0.0000,0,0.0000,0.0000,0,0.0000,0,0.0000,0.0000,0,0.0000,0.0000,0,0,0,0,0,0,0,0,0,0,0,0,0,0,0,0,0,0,0,0,0,0,0,0,0
WG_METRICS 25,384,512,1.0894,0.0077,0.0068,1.0432,0.0158,0.0160,384,512,196608,393216,188466.2500,376932.5000,0.0000,0,0.0000,0.0000,0,0.0000,0,0.0000,0.0000,0,0.0000,0.0000,0,0,0,0,0,0,0,0,0,0,0,0,0,0,0,0,0,0,0,0,0,0,0,0,0
WG_METRICS 26,384,512,1.0886,0.0076,0.0068,1.0466,0.0120,0.0156,384,512,196608,393216,187854.0000,375708.0000,0.0000,0,0.0000,0.0000,0,0.0000,0,0.0000,0.0000,0,0.0000,0.0000,0,0,0,0,0,0,0,0,0,0,0,0,0,0,0,0,0,0,0,0,0,0,0,0,0
WG_METRICS 27,384,512,1.1040,0.0076,0.0066,1.0504,0.0242,0.0153,384,512,196608,393216,187181.5469,374363.0938,0.0000,0,0.0000,0.0000,0,0.0000,0,0.0000,0.0000,0,0.0000,0.0000,0,0,0,0,0,0,0,0,0,0,0,0,0,0,0,0,0,0,0,0,0,0,0,0,0
WG_METRICS 28,384,512,1.1070,0.0077,0.0068,1.0516,0.0250,0.0158,384,512,196608,393216,186953.7031,373907.4062,0.0000,0,0.0000,0.0000,0,0.0000,0,0.0000,0.0000,0,0.0000,0.0000,0,0,0,0,0,0,0,0,0,0,0,0,0,0,0,0,0,0,0,0,0,0,0,0,0
WG_METRICS 29,384,512,1.1002,0.0077,0.0066,1.0556,0.0152,0.0151,384,512,196608,393216,186245.3125,372490.6250,0.0000,0,0.0000,0.0000,0,0.0000,0,0.0000,0.0000,0,0.0000,0.0000,0,0,0,0,0,0,0,0,0,0,0,0,0,0,0,0,0,0,0,0,0,0,0,0,0
WG_METRICS 30,384,512,1.0759,0.0076,0.0068,1.0362,0.0063,0.0190,384,512,196608,393216,189732.1094,379464.2188,0.0000,0,0.0000,0.0000,0,0.0000,0,0.0000,0.0000,0,0.0000,0.0000,0,0,0,0,0,0,0,0,0,0,0,0,0,0,0,0,0,0,0,0,0,0,0,0,0
WG_METRICS 31,384,512,1.0980,0.0075,0.0067,1.0434,0.0248,0.0156,384,512,196608,393216,188430.1250,376860.2500,0.0000,0,0.0000,0.0000,0,0.0000,0,0.0000,0.0000,0,0.0000,0.0000,0,0,0,0,0,0,0,0,0,0,0,0,0,0,0,0,0,0,0,0,0,0,0,0,0
WG_METRICS 32,384,512,1.1189,0.0076,0.0067,1.0688,0.0202,0.0157,384,512,196608,393216,183958.9688,367917.9375,0.0000,0,0.0000,0.0000,0,0.0000,0,0.0000,0.0000,0,0.0000,0.0000,0,0,0,0,0,0,0,0,0,0,0,0,0,0,0,0,0,0,0,0,0,0,0,0,0
WG_METRICS 33,384,512,1.1300,0.0075,0.0066,1.0770,0.0238,0.0151,384,512,196608,393216,182544.7656,365089.5312,0.0000,0,0.0000,0.0000,0,0.0000,0,0.0000,0.0000,0,0.0000,0.0000,0,0,0,0,0,0,0,0,0,0,0,0,0,0,0,0,0,0,0,0,0,0,0,0,0
WG_METRICS 34,384,512,1.0872,0.0076,0.0067,1.0338,0.0237,0.0154,384,512,196608,393216,190179.9219,380359.8438,0.0000,0,0.0000,0.0000,0,0.0000,0,0.0000,0.0000,0,0.0000,0.0000,0,0,0,0,0,0,0,0,0,0,0,0,0,0,0,0,0,0,0,0,0,0,0,0,0
WG_METRICS 35,384,512,1.0916,0.0076,0.0068,1.0370,0.0245,0.0157,384,512,196608,393216,189600.3750,379200.7500,0.0000,0,0.0000,0.0000,0,0.0000,0,0.0000,0.0000,0,0.0000,0.0000,0,0,0,0,0,0,0,0,0,0,0,0,0,0,0,0,0,0,0,0,0,0,0,0,0
WG_METRICS 36,384,512,1.0972,0.0075,0.0066,1.0437,0.0238,0.0156,384,512,196608,393216,188372.3594,376744.7188,0.0000,0,0.0000,0.0000,0,0.0000,0,0.0000,0.0000,0,0.0000,0.0000,0,0,0,0,0,0,0,0,0,0,0,0,0,0,0,0,0,0,0,0,0,0,0,0,0
WG_METRICS 37,384,512,1.1013,0.0076,0.0068,1.0470,0.0242,0.0158,384,512,196608,393216,187789.4062,375578.8125,0.0000,0,0.0000,0.0000,0,0.0000,0,0.0000,0.0000,0,0.0000,0.0000,0,0,0,0,0,0,0,0,0,0,0,0,0,0,0,0,0,0,0,0,0,0,0,0,0
WG_METRICS 38,384,512,1.0956,0.0076,0.0068,1.0541,0.0117,0.0154,384,512,196608,393216,186520.9531,373041.9062,0.0000,0,0.0000,0.0000,0,0.0000,0,0.0000,0.0000,0,0.0000,0.0000,0,0,0,0,0,0,0,0,0,0,0,0,0,0,0,0,0,0,0,0,0,0,0,0,0
WG_METRICS 39,384,512,1.0879,0.0075,0.0068,1.0472,0.0108,0.0155,384,512,196608,393216,187739.2031,375478.4062,0.0000,0,0.0000,0.0000,0,0.0000,0,0.0000,0.0000,0,0.0000,0.0000,0,0,0,0,0,0,0,0,0,0,0,0,0,0,0,0,0,0,0,0,0,0,0,0,0
WG_METRICS 40,384,512,1.0982,0.0075,0.0068,1.0532,0.0157,0.0151,384,512,196608,393216,186683.8906,373367.7812,0.0000,0,0.0000,0.0000,0,0.0000,0,0.0000,0.0000,0,0.0000,0.0000,0,0,0,0,0,0,0,0,0,0,0,0,0,0,0,0,0,0,0,0,0,0,0,0,0
WG_METRICS 41,384,512,1.1128,0.0074,0.0069,1.0668,0.0165,0.0152,384,512,196608,393216,184303.8906,368607.7812,0.0000,0,0.0000,0.0000,0,0.0000,0,0.0000,0.0000,0,0.0000,0.0000,0,0,0,0,0,0,0,0,0,0,0,0,0,0,0,0,0,0,0,0,0,0,0,0,0
WG_METRICS 42,384,512,1.0889,0.0076,0.0068,1.0424,0.0167,0.0155,384,512,196608,393216,188618.1406,377236.2812,0.0000,0,0.0000,0.0000,0,0.0000,0,0.0000,0.0000,0,0.0000,0.0000,0,0,0,0,0,0,0,0,0,0,0,0,0,0,0,0,0,0,0,0,0,0,0,0,0
WG_METRICS 43,384,512,1.1005,0.0076,0.0067,1.0470,0.0237,0.0155,384,512,196608,393216,187775.0625,375550.1250,0.0000,0,0.0000,0.0000,0,0.0000,0,0.0000,0.0000,0,0.0000,0.0000,0,0,0,0,0,0,0,0,0,0,0,0,0,0,0,0,0,0,0,0,0,0,0,0,0
WG_METRICS 44,384,512,1.0958,0.0076,0.0068,1.0508,0.0151,0.0156,384,512,196608,393216,187103.1719,374206.3438,0.0000,0,0.0000,0.0000,0,0.0000,0,0.0000,0.0000,0,0.0000,0.0000,0,0,0,0,0,0,0,0,0,0,0,0,0,0,0,0,0,0,0,0,0,0,0,0,0
WG_METRICS 45,384,512,1.0806,0.0076,0.0068,1.0354,0.0152,0.0156,384,512,196608,393216,189878.7031,379757.4062,0.0000,0,0.0000,0.0000,0,0.0000,0,0.0000,0.0000,0,0.0000,0.0000,0,0,0,0,0,0,0,0,0,0,0,0,0,0,0,0,0,0,0,0,0,0,0,0,0
WG_METRICS 46,384,512,1.0856,0.0077,0.0068,1.0438,0.0119,0.0154,384,512,196608,393216,188365.1562,376730.3125,0.0000,0,0.0000,0.0000,0,0.0000,0,0.0000,0.0000,0,0.0000,0.0000,0,0,0,0,0,0,0,0,0,0,0,0,0,0,0,0,0,0,0,0,0,0,0,0,0
WG_METRICS 47,384,512,1.1080,0.0076,0.0068,1.0532,0.0244,0.0160,384,512,196608,393216,186669.7188,373339.4375,0.0000,0,0.0000,0.0000,0,0.0000,0,0.0000,0.0000,0,0.0000,0.0000,0,0,0,0,0,0,0,0,0,0,0,0,0,0,0,0,0,0,0,0,0,0,0,0,0
WG_METRICS 48,384,512,1.1123,0.0076,0.0068,1.0581,0.0242,0.0156,384,512,196608,393216,185808.7969,371617.5938,0.0000,0,0.0000,0.0000,0,0.0000,0,0.0000,0.0000,0,0.0000,0.0000,0,0,0,0,0,0,0,0,0,0,0,0,0,0,0,0,0,0,0,0,0,0,0,0,0
WG_METRICS 49,384,512,1.0820,0.0076,0.0068,1.0367,0.0155,0.0154,384,512,196608,393216,189651.5781,379303.1562,0.0000,0,0.0000,0.0000,0,0.0000,0,0.0000,0.0000,0,0.0000,0.0000,0,0,0,0,0,0,0,0,0,0,0,0,0,0,0,0,0,0,0,0,0,0,0,0,0
WG_METRICS 50,384,512,1.1045,0.0076,0.0066,1.0496,0.0252,0.0154,384,512,196608,393216,187317.0781,374634.1562,0.0000,0,0.0000,0.0000,0,0.0000,0,0.0000,0.0000,0,0.0000,0.0000,0,0,0,0,0,0,0,0,0,0,0,0,0,0,0,0,0,0,0,0,0,0,0,0,0
WG_METRICS 51,384,512,1.0932,0.0076,0.0067,1.0486,0.0148,0.0154,384,512,196608,393216,187495.7188,374991.4375,0.0000,0,0.0000,0.0000,0,0.0000,0,0.0000,0.0000,0,0.0000,0.0000,0,0,0,0,0,0,0,0,0,0,0,0,0,0,0,0,0,0,0,0,0,0,0,0,0
WG_METRICS 52,384,512,1.0896,0.0076,0.0068,1.0443,0.0150,0.0160,384,512,196608,393216,188264.1406,376528.2812,0.0000,0,0.0000,0.0000,0,0.0000,0,0.0000,0.0000,0,0.0000,0.0000,0,0,0,0,0,0,0,0,0,0,0,0,0,0,0,0,0,0,0,0,0,0,0,0,0
WG_METRICS 53,384,512,1.0917,0.0076,0.0068,1.0463,0.0153,0.0157,384,512,196608,393216,187904.2812,375808.5625,0.0000,0,0.0000,0.0000,0,0.0000,0,0.0000,0.0000,0,0.0000,0.0000,0,0,0,0,0,0,0,0,0,0,0,0,0,0,0,0,0,0,0,0,0,0,0,0,0
WG_METRICS 54,384,512,1.1140,0.0076,0.0068,1.0686,0.0157,0.0153,384,512,196608,393216,183986.5156,367973.0312,0.0000,0,0.0000,0.0000,0,0.0000,0,0.0000,0.0000,0,0.0000,0.0000,0,0,0,0,0,0,0,0,0,0,0,0,0,0,0,0,0,0,0,0,0,0,0,0,0
WG_METRICS 55,384,512,1.0971,0.0076,0.0068,1.0424,0.0248,0.0155,384,512,196608,393216,188603.6562,377207.3125,0.0000,0,0.0000,0.0000,0,0.0000,0,0.0000,0.0000,0,0.0000,0.0000,0,0,0,0,0,0,0,0,0,0,0,0,0,0,0,0,0,0,0,0,0,0,0,0,0
WG_METRICS 56,384,512,1.1001,0.0077,0.0066,1.0513,0.0191,0.0154,384,512,196608,393216,187010.6250,374021.2500,0.0000,0,0.0000,0.0000,0,0.0000,0,0.0000,0.0000,0,0.0000,0.0000,0,0,0,0,0,0,0,0,0,0,0,0,0,0,0,0,0,0,0,0,0,0,0,0,0
WG_METRICS 57,384,512,1.0875,0.0076,0.0068,1.0470,0.0105,0.0156,384,512,196608,393216,187789.4062,375578.8125,0.0000,0,0.0000,0.0000,0,0.0000,0,0.0000,0.0000,0,0.0000,0.0000,0,0,0,0,0,0,0,0,0,0,0,0,0,0,0,0,0,0,0,0,0,0,0,0,0
WG_METRICS 58,384,512,1.0925,0.0076,0.0070,1.0387,0.0238,0.0154,384,512,196608,393216,189286.4062,378572.8125,0.0000,0,0.0000,0.0000,0,0.0000,0,0.0000,0.0000,0,0.0000,0.0000,0,0,0,0,0,0,0,0,0,0,0,0,0,0,0,0,0,0,0,0,0,0,0,0,0
WG_METRICS 59,384,512,1.0942,0.0076,0.0068,1.0468,0.0163,0.0166,384,512,196608,393216,187810.9375,375621.8750,0.0000,0,0.0000,0.0000,0,0.0000,0,0.0000,0.0000,0,0.0000,0.0000,0,0,0,0,0,0,0,0,0,0,0,0,0,0,0,0,0,0,0,0,0,0,0,0,0
WG_METRICS 60,384,512,1.0930,0.0076,0.0063,1.0401,0.0237,0.0154,384,512,196608,393216,189031.6250,378063.2500,0.0000,0,0.0000,0.0000,0,0.0000,0,0.0000,0.0000,0,0.0000,0.0000,0,0,0,0,0,0,0,0,0,0,0,0,0,0,0,0,0,0,0,0,0,0,0,0,0
WG_METRICS 61,384,512,1.0995,0.0076,0.0068,1.0458,0.0239,0.0154,384,512,196608,393216,187990.5156,375981.0312,0.0000,0,0.0000,0.0000,0,0.0000,0,0.0000,0.0000,0,0.0000,0.0000,0,0,0,0,0,0,0,0,0,0,0,0,0,0,0,0,0,0,0,0,0,0,0,0,0
WG_METRICS 62,384,512,1.1109,0.0076,0.0068,1.0564,0.0248,0.0153,384,512,196608,393216,186104.2812,372208.5625,0.0000,0,0.0000,0.0000,0,0.0000,0,0.0000,0.0000,0,0.0000,0.0000,0,0,0,0,0,0,0,0,0,0,0,0,0,0,0,0,0,0,0,0,0,0,0,0,0
WG_METRICS 63,384,512,1.1268,0.0077,0.0060,1.0813,0.0159,0.0159,384,512,196608,393216,181828.9375,363657.8750,0.0000,0,0.0000,0.0000,0,0.0000,0,0.0000,0.0000,0,0.0000,0.0000,0,0,0,0,0,0,0,0,0,0,0,0,0,0,0,0,0,0,0,0,0,0,0,0,0
WG_METRICS 64,384,512,1.0912,0.0076,0.0068,1.0460,0.0157,0.0151,384,512,196608,393216,187954.5625,375909.1250,0.0000,0,0.0000,0.0000,0,0.0000,0,0.0000,0.0000,0,0.0000,0.0000,0,0,0,0,0,0,0,0,0,0,0,0,0,0,0,0,0,0,0,0,0,0,0,0,0
WG_METRICS 65,384,512,1.1009,0.0076,0.0066,1.0479,0.0237,0.0152,384,512,196608,393216,187617.3750,375234.7500,0.0000,0,0.0000,0.0000,0,0.0000,0,0.0000,0.0000,0,0.0000,0.0000,0,0,0,0,0,0,0,0,0,0,0,0,0,0,0,0,0,0,0,0,0,0,0,0,0
WG_METRICS 66,384,512,1.0934,0.0076,0.0068,1.0398,0.0238,0.0154,384,512,196608,393216,189075.2500,378150.5000,0.0000,0,0.0000,0.0000,0,0.0000,0,0.0000,0.0000,0,0.0000,0.0000,0,0,0,0,0,0,0,0,0,0,0,0,0,0,0,0,0,0,0,0,0,0,0,0,0
WG_METRICS 67,384,512,1.1106,0.0076,0.0063,1.0646,0.0163,0.0159,384,512,196608,393216,184684.7500,369369.5000,0.0000,0,0.0000,0.0000,0,0.0000,0,0.0000,0.0000,0,0.0000,0.0000,0,0,0,0,0,0,0,0,0,0,0,0,0,0,0,0,0,0,0,0,0,0,0,0,0
WG_METRICS 68,384,512,1.0837,0.0076,0.0068,1.0390,0.0154,0.0150,384,512,196608,393216,189235.3906,378470.7812,0.0000,0,0.0000,0.0000,0,0.0000,0,0.0000,0.0000,0,0.0000,0.0000,0,0,0,0,0,0,0,0,0,0,0,0,0,0,0,0,0,0,0,0,0,0,0,0,0
WG_METRICS 69,384,512,1.0940,0.0076,0.0068,1.0471,0.0156,0.0168,384,512,196608,393216,187760.7188,375521.4375,0.0000,0,0.0000,0.0000,0,0.0000,0,0.0000,0.0000,0,0.0000,0.0000,0,0,0,0,0,0,0,0,0,0,0,0,0,0,0,0,0,0,0,0,0,0,0,0,0
WG_METRICS 70,384,512,1.1144,0.0076,0.0066,1.0599,0.0248,0.0155,384,512,196608,393216,185493.2500,370986.5000,0.0000,0,0.0000,0.0000,0,0.0000,0,0.0000,0.0000,0,0.0000,0.0000,0,0,0,0,0,0,0,0,0,0,0,0,0,0,0,0,0,0,0,0,0,0,0,0,0
WG_METRICS 71,384,512,1.0965,0.0076,0.0068,1.0416,0.0248,0.0157,384,512,196608,393216,188755.7656,377511.5312,0.0000,0,0.0000,0.0000,0,0.0000,0,0.0000,0.0000,0,0.0000,0.0000,0,0,0,0,0,0,0,0,0,0,0,0,0,0,0,0,0,0,0,0,0,0,0,0,0
WG_METRICS 72,384,512,1.0834,0.0076,0.0066,1.0374,0.0156,0.0162,384,512,196608,393216,189512.6562,379025.3125,0.0000,0,0.0000,0.0000,0,0.0000,0,0.0000,0.0000,0,0.0000,0.0000,0,0,0,0,0,0,0,0,0,0,0,0,0,0,0,0,0,0,0,0,0,0,0,0,0
WG_METRICS 73,384,512,1.1138,0.0079,0.0069,1.0688,0.0150,0.0152,384,512,196608,393216,183945.2031,367890.4062,0.0000,0,0.0000,0.0000,0,0.0000,0,0.0000,0.0000,0,0.0000,0.0000,0,0,0,0,0,0,0,0,0,0,0,0,0,0,0,0,0,0,0,0,0,0,0,0,0
WG_METRICS 74,384,512,1.1133,0.0076,0.0069,1.0674,0.0157,0.0156,384,512,196608,393216,184186.4531,368372.9062,0.0000,0,0.0000,0.0000,0,0.0000,0,0.0000,0.0000,0,0.0000,0.0000,0,0,0,0,0,0,0,0,0,0,0,0,0,0,0,0,0,0,0,0,0,0,0,0,0
WG_METRICS 75,384,512,1.1038,0.0077,0.0067,1.0593,0.0149,0.0152,384,512,196608,393216,185598.3125,371196.6250,0.0000,0,0.0000,0.0000,0,0.0000,0,0.0000,0.0000,0,0.0000,0.0000,0,0,0,0,0,0,0,0,0,0,0,0,0,0,0,0,0,0,0,0,0,0,0,0,0
WG_METRICS 76,384,512,1.0828,0.0076,0.0068,1.0375,0.0152,0.0157,384,512,196608,393216,189505.3438,379010.6875,0.0000,0,0.0000,0.0000,0,0.0000,0,0.0000,0.0000,0,0.0000,0.0000,0,0,0,0,0,0,0,0,0,0,0,0,0,0,0,0,0,0,0,0,0,0,0,0,0
WG_METRICS 77,384,512,1.1074,0.0076,0.0068,1.0531,0.0241,0.0158,384,512,196608,393216,186698.0781,373396.1562,0.0000,0,0.0000,0.0000,0,0.0000,0,0.0000,0.0000,0,0.0000,0.0000,0,0,0,0,0,0,0,0,0,0,0,0,0,0,0,0,0,0,0,0,0,0,0,0,0
WG_METRICS 78,384,512,1.0938,0.0076,0.0068,1.0394,0.0247,0.0153,384,512,196608,393216,189162.5469,378325.0938,0.0000,0,0.0000,0.0000,0,0.0000,0,0.0000,0.0000,0,0.0000,0.0000,0,0,0,0,0,0,0,0,0,0,0,0,0,0,0,0,0,0,0,0,0,0,0,0,0
WG_METRICS 79,384,512,1.0940,0.0077,0.0067,1.0408,0.0237,0.0150,384,512,196608,393216,188893.5781,377787.1562,0.0000,0,0.0000,0.0000,0,0.0000,0,0.0000,0.0000,0,0.0000,0.0000,0,0,0,0,0,0,0,0,0,0,0,0,0,0,0,0,0,0,0,0,0,0,0,0,0
WG_METRICS 80,384,512,1.0776,0.0076,0.0068,1.0368,0.0106,0.0158,384,512,196608,393216,189629.6250,379259.2500,0.0000,0,0.0000,0.0000,0,0.0000,0,0.0000,0.0000,0,0.0000,0.0000,0,0,0,0,0,0,0,0,0,0,0,0,0,0,0,0,0,0,0,0,0,0,0,0,0
WG_METRICS 81,384,512,1.0942,0.0079,0.0064,1.0401,0.0240,0.0158,384,512,196608,393216,189031.6250,378063.2500,0.0000,0,0.0000,0.0000,0,0.0000,0,0.0000,0.0000,0,0.0000,0.0000,0,0,0,0,0,0,0,0,0,0,0,0,0,0,0,0,0,0,0,0,0,0,0,0,0
WG_METRICS 82,384,512,1.0834,0.0076,0.0068,1.0372,0.0161,0.0157,384,512,196608,393216,189563.7969,379127.5938,0.0000,0,0.0000,0.0000,0,0.0000,0,0.0000,0.0000,0,0.0000,0.0000,0,0,0,0,0,0,0,0,0,0,0,0,0,0,0,0,0,0,0,0,0,0,0,0,0
WG_METRICS 83,384,512,1.0825,0.0076,0.0068,1.0378,0.0153,0.0150,384,512,196608,393216,189446.9219,378893.8438,0.0000,0,0.0000,0.0000,0,0.0000,0,0.0000,0.0000,0,0.0000,0.0000,0,0,0,0,0,0,0,0,0,0,0,0,0,0,0,0,0,0,0,0,0,0,0,0,0
WG_METRICS 84,384,512,1.0909,0.0075,0.0066,1.0464,0.0152,0.0152,384,512,196608,393216,187889.9219,375779.8438,0.0000,0,0.0000,0.0000,0,0.0000,0,0.0000,0.0000,0,0.0000,0.0000,0,0,0,0,0,0,0,0,0,0,0,0,0,0,0,0,0,0,0,0,0,0,0,0,0
WG_METRICS 85,384,512,1.0839,0.0076,0.0067,1.0476,0.0064,0.0156,384,512,196608,393216,187667.5312,375335.0625,0.0000,0,0.0000,0.0000,0,0.0000,0,0.0000,0.0000,0,0.0000,0.0000,0,0,0,0,0,0,0,0,0,0,0,0,0,0,0,0,0,0,0,0,0,0,0,0,0
WG_METRICS 86,384,512,1.0841,0.0077,0.0068,1.0371,0.0164,0.0162,384,512,196608,393216,189578.4219,379156.8438,0.0000,0,0.0000,0.0000,0,0.0000,0,0.0000,0.0000,0,0.0000,0.0000,0,0,0,0,0,0,0,0,0,0,0,0,0,0,0,0,0,0,0,0,0,0,0,0,0
WG_METRICS 87,384,512,1.1040,0.0076,0.0068,1.0549,0.0194,0.0153,384,512,196608,393216,186379.4844,372758.9688,0.0000,0,0.0000,0.0000,0,0.0000,0,0.0000,0.0000,0,0.0000,0.0000,0,0,0,0,0,0,0,0,0,0,0,0,0,0,0,0,0,0,0,0,0,0,0,0,0
WG_METRICS 88,384,512,1.1129,0.0077,0.0067,1.0591,0.0239,0.0155,384,512,196608,393216,185640.3594,371280.7188,0.0000,0,0.0000,0.0000,0,0.0000,0,0.0000,0.0000,0,0.0000,0.0000,0,0,0,0,0,0,0,0,0,0,0,0,0,0,0,0,0,0,0,0,0,0,0,0,0
WG_METRICS 89,384,512,1.0939,0.0077,0.0068,1.0400,0.0241,0.0154,384,512,196608,393216,189046.1562,378092.3125,0.0000,0,0.0000,0.0000,0,0.0000,0,0.0000,0.0000,0,0.0000,0.0000,0,0,0,0,0,0,0,0,0,0,0,0,0,0,0,0,0,0,0,0,0,0,0,0,0
WG_METRICS 90,384,512,1.0798,0.0076,0.0061,1.0348,0.0156,0.0157,384,512,196608,393216,189988.7969,379977.5938,0.0000,0,0.0000,0.0000,0,0.0000,0,0.0000,0.0000,0,0.0000,0.0000,0,0,0,0,0,0,0,0,0,0,0,0,0,0,0,0,0,0,0,0,0,0,0,0,0
WG_METRICS 91,384,512,1.0925,0.0076,0.0066,1.0473,0.0154,0.0156,384,512,196608,393216,187724.8594,375449.7188,0.0000,0,0.0000,0.0000,0,0.0000,0,0.0000,0.0000,0,0.0000,0.0000,0,0,0,0,0,0,0,0,0,0,0,0,0,0,0,0,0,0,0,0,0,0,0,0,0
WG_METRICS 92,384,512,1.1073,0.0077,0.0068,1.0531,0.0244,0.0152,384,512,196608,393216,186690.9688,373381.9375,0.0000,0,0.0000,0.0000,0,0.0000,0,0.0000,0.0000,0,0.0000,0.0000,0,0,0,0,0,0,0,0,0,0,0,0,0,0,0,0,0,0,0,0,0,0,0,0,0
WG_METRICS 93,384,512,1.0910,0.0076,0.0068,1.0458,0.0157,0.0151,384,512,196608,393216,187990.5156,375981.0312,0.0000,0,0.0000,0.0000,0,0.0000,0,0.0000,0.0000,0,0.0000,0.0000,0,0,0,0,0,0,0,0,0,0,0,0,0,0,0,0,0,0,0,0,0,0,0,0,0
WG_METRICS 94,384,512,1.0898,0.0076,0.0068,1.0440,0.0160,0.0154,384,512,196608,393216,188314.6250,376629.2500,0.0000,0,0.0000,0.0000,0,0.0000,0,0.0000,0.0000,0,0.0000,0.0000,0,0,0,0,0,0,0,0,0,0,0,0,0,0,0,0,0,0,0,0,0,0,0,0,0
WG_METRICS 95,384,512,1.0903,0.0076,0.0068,1.0446,0.0154,0.0160,384,512,196608,393216,188220.8906,376441.7812,0.0000,0,0.0000,0.0000,0,0.0000,0,0.0000,0.0000,0,0.0000,0.0000,0,0,0,0,0,0,0,0,0,0,0,0,0,0,0,0,0,0,0,0,0,0,0,0,0
WG_METRICS 96,384,512,1.0962,0.0076,0.0068,1.0419,0.0244,0.0155,384,512,196608,393216,188697.7969,377395.5938,0.0000,0,0.0000,0.0000,0,0.0000,0,0.0000,0.0000,0,0.0000,0.0000,0,0,0,0,0,0,0,0,0,0,0,0,0,0,0,0,0,0,0,0,0,0,0,0,0
WG_METRICS 97,384,512,1.1006,0.0076,0.0068,1.0526,0.0180,0.0156,384,512,196608,393216,186776.1094,373552.2188,0.0000,0,0.0000,0.0000,0,0.0000,0,0.0000,0.0000,0,0.0000,0.0000,0,0,0,0,0,0,0,0,0,0,0,0,0,0,0,0,0,0,0,0,0,0,0,0,0
WG_METRICS 98,384,512,1.1131,0.0076,0.0068,1.0595,0.0238,0.0155,384,512,196608,393216,185570.2812,371140.5625,0.0000,0,0.0000,0.0000,0,0.0000,0,0.0000,0.0000,0,0.0000,0.0000,0,0,0,0,0,0,0,0,0,0,0,0,0,0,0,0,0,0,0,0,0,0,0,0,0
WG_METRICS 99,384,512,1.1091,0.0075,0.0068,1.0553,0.0239,0.0156,384,512,196608,393216,186301.7812,372603.5625,0.0000,0,0.0000,0.0000,0,0.0000,0,0.0000,0.0000,0,0.0000,0.0000,0,0,0,0,0,0,0,0,0,0,0,0,0,0,0,0,0,0,0,0,0,0,0,0,0
WG_METRICS 100,384,512,1.1181,0.0076,0.0068,1.0732,0.0149,0.0156,384,512,196608,393216,183204.7344,366409.4688,0.0000,0,0.0000,0.0000,0,0.0000,0,0.0000,0.0000,0,0.0000,0.0000,0,0,0,0,0,0,0,0,0,0,0,0,0,0,0,0,0,0,0,0,0,0,0,0,0
WG_METRICS 101,384,512,1.1080,0.0077,0.0069,1.0531,0.0249,0.0155,384,512,196608,393216,186698.0781,373396.1562,0.0000,0,0.0000,0.0000,0,0.0000,0,0.0000,0.0000,0,0.0000,0.0000,0,0,0,0,0,0,0,0,0,0,0,0,0,0,0,0,0,0,0,0,0,0,0,0,0
WG_METRICS 102,384,512,1.0944,0.0076,0.0066,1.0406,0.0242,0.0154,384,512,196608,393216,188929.8906,377859.7812,0.0000,0,0.0000,0.0000,0,0.0000,0,0.0000,0.0000,0,0.0000,0.0000,0,0,0,0,0,0,0,0,0,0,0,0,0,0,0,0,0,0,0,0,0,0,0,0,0
WG_METRICS 103,384,512,1.0902,0.0076,0.0068,1.0451,0.0151,0.0157,384,512,196608,393216,188127.2344,376254.4688,0.0000,0,0.0000,0.0000,0,0.0000,0,0.0000,0.0000,0,0.0000,0.0000,0,0,0,0,0,0,0,0,0,0,0,0,0,0,0,0,0,0,0,0,0,0,0,0,0
WG_METRICS 104,384,512,1.0939,0.0077,0.0066,1.0487,0.0153,0.0156,384,512,196608,393216,187481.4219,374962.8438,0.0000,0,0.0000,0.0000,0,0.0000,0,0.0000,0.0000,0,0.0000,0.0000,0,0,0,0,0,0,0,0,0,0,0,0,0,0,0,0,0,0,0,0,0,0,0,0,0
WG_METRICS 105,384,512,1.1013,0.0077,0.0068,1.0454,0.0254,0.0160,384,512,196608,393216,188062.4531,376124.9062,0.0000,0,0.0000,0.0000,0,0.0000,0,0.0000,0.0000,0,0.0000,0.0000,0,0,0,0,0,0,0,0,0,0,0,0,0,0,0,0,0,0,0,0,0,0,0,0,0
WG_METRICS 106,384,512,1.1071,0.0076,0.0065,1.0625,0.0153,0.0152,384,512,196608,393216,185046.3125,370092.6250,0.0000,0,0.0000,0.0000,0,0.0000,0,0.0000,0.0000,0,0.0000,0.0000,0,0,0,0,0,0,0,0,0,0,0,0,0,0,0,0,0,0,0,0,0,0,0,0,0
WG_METRICS 107,384,512,1.1058,0.0076,0.0165,1.0513,0.0154,0.0150,384,512,196608,393216,187010.6250,374021.2500,0.0000,0,0.0000,0.0000,0,0.0000,0,0.0000,0.0000,0,0.0000,0.0000,0,0,0,0,0,0,0,0,0,0,0,0,0,0,0,0,0,0,0,0,0,0,0,0,0
WG_METRICS 108,384,512,1.0851,0.0076,0.0068,1.0391,0.0158,0.0158,384,512,196608,393216,189213.5312,378427.0625,0.0000,0,0.0000,0.0000,0,0.0000,0,0.0000,0.0000,0,0.0000,0.0000,0,0,0,0,0,0,0,0,0,0,0,0,0,0,0,0,0,0,0,0,0,0,0,0,0
WG_METRICS 109,384,512,1.0982,0.0076,0.0068,1.0436,0.0243,0.0158,384,512,196608,393216,188386.7969,376773.5938,0.0000,0,0.0000,0.0000,0,0.0000,0,0.0000,0.0000,0,0.0000,0.0000,0,0,0,0,0,0,0,0,0,0,0,0,0,0,0,0,0,0,0,0,0,0,0,0,0
WG_METRICS 110,384,512,1.0959,0.0075,0.0068,1.0423,0.0238,0.0154,384,512,196608,393216,188625.3750,377250.7500,0.0000,0,0.0000,0.0000,0,0.0000,0,0.0000,0.0000,0,0.0000,0.0000,0,0,0,0,0,0,0,0,0,0,0,0,0,0,0,0,0,0,0,0,0,0,0,0,0
WG_METRICS 111,384,512,1.0862,0.0076,0.0068,1.0323,0.0235,0.0159,384,512,196608,393216,190452.5625,380905.1250,0.0000,0,0.0000,0.0000,0,0.0000,0,0.0000,0.0000,0,0.0000,0.0000,0,0,0,0,0,0,0,0,0,0,0,0,0,0,0,0,0,0,0,0,0,0,0,0,0
WG_METRICS 112,384,512,1.1510,0.0076,0.0068,1.0959,0.0250,0.0157,384,512,196608,393216,179406.5000,358813.0000,0.0000,0,0.0000,0.0000,0,0.0000,0,0.0000,0.0000,0,0.0000,0.0000,0,0,0,0,0,0,0,0,0,0,0,0,0,0,0,0,0,0,0,0,0,0,0,0,0
WG_METRICS 113,384,512,1.0878,0.0075,0.0068,1.0431,0.0152,0.0152,384,512,196608,393216,188487.9375,376975.8750,0.0000,0,0.0000,0.0000,0,0.0000,0,0.0000,0.0000,0,0.0000,0.0000,0,0,0,0,0,0,0,0,0,0,0,0,0,0,0,0,0,0,0,0,0,0,0,0,0
WG_METRICS 114,384,512,1.0930,0.0077,0.0066,1.0397,0.0237,0.0152,384,512,196608,393216,189104.3438,378208.6875,0.0000,0,0.0000,0.0000,0,0.0000,0,0.0000,0.0000,0,0.0000,0.0000,0,0,0,0,0,0,0,0,0,0,0,0,0,0,0,0,0,0,0,0,0,0,0,0,0
WG_METRICS 115,384,512,1.0958,0.0076,0.0068,1.0510,0.0153,0.0151,384,512,196608,393216,187067.5625,374135.1250,0.0000,0,0.0000,0.0000,0,0.0000,0,0.0000,0.0000,0,0.0000,0.0000,0,0,0,0,0,0,0,0,0,0,0,0,0,0,0,0,0,0,0,0,0,0,0,0,0
WG_METRICS 116,384,512,1.0873,0.0076,0.0068,1.0424,0.0150,0.0156,384,512,196608,393216,188610.8906,377221.7812,0.0000,0,0.0000,0.0000,0,0.0000,0,0.0000,0.0000,0,0.0000,0.0000,0,0,0,0,0,0,0,0,0,0,0,0,0,0,0,0,0,0,0,0,0,0,0,0,0
WG_METRICS 117,384,512,1.0965,0.0075,0.0066,1.0503,0.0158,0.0162,384,512,196608,393216,187195.7969,374391.5938,0.0000,0,0.0000,0.0000,0,0.0000,0,0.0000,0.0000,0,0.0000,0.0000,0,0,0,0,0,0,0,0,0,0,0,0,0,0,0,0,0,0,0,0,0,0,0,0,0
WG_METRICS 118,384,512,1.0838,0.0075,0.0066,1.0340,0.0206,0.0152,384,512,196608,393216,190150.4844,380300.9688,0.0000,0,0.0000,0.0000,0,0.0000,0,0.0000,0.0000,0,0.0000,0.0000,0,0,0,0,0,0,0,0,0,0,0,0,0,0,0,0,0,0,0,0,0,0,0,0,0
WG_METRICS 119,384,512,1.1107,0.0076,0.0066,1.0578,0.0237,0.0151,384,512,196608,393216,185872.0312,371744.0625,0.0000,0,0.0000,0.0000,0,0.0000,0,0.0000,0.0000,0,0.0000,0.0000,0,0,0,0,0,0,0,0,0,0,0,0,0,0,0,0,0,0,0,0,0,0,0,0,0
WG_METRICS 120,384,512,1.0820,0.0076,0.0067,1.0377,0.0148,0.0152,384,512,196608,393216,189468.8125,378937.6250,0.0000,0,0.0000,0.0000,0,0.0000,0,0.0000,0.0000,0,0.0000,0.0000,0,0,0,0,0,0,0,0,0,0,0,0,0,0,0,0,0,0,0,0,0,0,0,0,0
WG_METRICS 121,384,512,1.1010,0.0076,0.0068,1.0472,0.0242,0.0153,384,512,196608,393216,187753.5312,375507.0625,0.0000,0,0.0000,0.0000,0,0.0000,0,0.0000,0.0000,0,0.0000,0.0000,0,0,0,0,0,0,0,0,0,0,0,0,0,0,0,0,0,0,0,0,0,0,0,0,0
WG_METRICS 122,384,512,1.1075,0.0076,0.0069,1.0608,0.0163,0.0159,384,512,196608,393216,185332.3750,370664.7500,0.0000,0,0.0000,0.0000,0,0.0000,0,0.0000,0.0000,0,0.0000,0.0000,0,0,0,0,0,0,0,0,0,0,0,0,0,0,0,0,0,0,0,0,0,0,0,0,0
WG_METRICS 123,384,512,1.0983,0.0102,0.0066,1.0500,0.0156,0.0158,384,512,196608,393216,187238.5781,374477.1562,0.0000,0,0.0000,0.0000,0,0.0000,0,0.0000,0.0000,0,0.0000,0.0000,0,0,0,0,0,0,0,0,0,0,0,0,0,0,0,0,0,0,0,0,0,0,0,0,0
WG_METRICS 124,384,512,1.0893,0.0076,0.0068,1.0439,0.0156,0.0155,384,512,196608,393216,188343.4844,376686.9688,0.0000,0,0.0000,0.0000,0,0.0000,0,0.0000,0.0000,0,0.0000,0.0000,0,0,0,0,0,0,0,0,0,0,0,0,0,0,0,0,0,0,0,0,0,0,0,0,0
WG_METRICS 125,384,512,1.0852,0.0076,0.0067,1.0451,0.0108,0.0151,384,512,196608,393216,188127.2344,376254.4688,0.0000,0,0.0000,0.0000,0,0.0000,0,0.0000,0.0000,0,0.0000,0.0000,0,0,0,0,0,0,0,0,0,0,0,0,0,0,0,0,0,0,0,0,0,0,0,0,0
WG_METRICS 126,384,512,1.0834,0.0080,0.0068,1.0380,0.0155,0.0152,384,512,196608,393216,189417.6875,378835.3750,0.0000,0,0.0000,0.0000,0,0.0000,0,0.0000,0.0000,0,0.0000,0.0000,0,0,0,0,0,0,0,0,0,0,0,0,0,0,0,0,0,0,0,0,0,0,0,0,0
WG_METRICS 127,384,512,1.1102,0.0076,0.0067,1.0553,0.0248,0.0158,384,512,196608,393216,186301.7812,372603.5625,0.0000,0,0.0000,0.0000,0,0.0000,0,0.0000,0.0000,0,0.0000,0.0000,0,0,0,0,0,0,0,0,0,0,0,0,0,0,0,0,0,0,0,0,0,0,0,0,0
WG_METRICS 128,384,512,1.0842,0.0076,0.0068,1.0393,0.0150,0.0155,384,512,196608,393216,189169.8438,378339.6875,0.0000,0,0.0000,0.0000,0,0.0000,0,0.0000,0.0000,0,0.0000,0.0000,0,0,0,0,0,0,0,0,0,0,0,0,0,0,0,0,0,0,0,0,0,0,0,0,0
WG_METRICS 129,384,512,1.0855,0.0076,0.0064,1.0404,0.0152,0.0160,384,512,196608,393216,188966.2188,377932.4375,0.0000,0,0.0000,0.0000,0,0.0000,0,0.0000,0.0000,0,0.0000,0.0000,0,0,0,0,0,0,0,0,0,0,0,0,0,0,0,0,0,0,0,0,0,0,0,0,0
WG_METRICS 130,384,512,1.1016,0.0076,0.0068,1.0482,0.0237,0.0154,384,512,196608,393216,187567.2500,375134.5000,0.0000,0,0.0000,0.0000,0,0.0000,0,0.0000,0.0000,0,0.0000,0.0000,0,0,0,0,0,0,0,0,0,0,0,0,0,0,0,0,0,0,0,0,0,0,0,0,0
WG_METRICS 131,384,512,1.0809,0.0076,0.0068,1.0359,0.0154,0.0152,384,512,196608,393216,189790.7188,379581.4375,0.0000,0,0.0000,0.0000,0,0.0000,0,0.0000,0.0000,0,0.0000,0.0000,0,0,0,0,0,0,0,0,0,0,0,0,0,0,0,0,0,0,0,0,0,0,0,0,0
WG_METRICS 132,384,512,1.0955,0.0080,0.0068,1.0499,0.0154,0.0154,384,512,196608,393216,187267.1094,374534.2188,0.0000,0,0.0000,0.0000,0,0.0000,0,0.0000,0.0000,0,0.0000,0.0000,0,0,0,0,0,0,0,0,0,0,0,0,0,0,0,0,0,0,0,0,0,0,0,0,0
WG_METRICS 133,384,512,1.0968,0.0077,0.0067,1.0516,0.0156,0.0152,384,512,196608,393216,186967.9219,373935.8438,0.0000,0,0.0000,0.0000,0,0.0000,0,0.0000,0.0000,0,0.0000,0.0000,0,0,0,0,0,0,0,0,0,0,0,0,0,0,0,0,0,0,0,0,0,0,0,0,0
WG_METRICS 134,384,512,1.1030,0.0076,0.0068,1.0492,0.0238,0.0155,384,512,196608,393216,187381.3438,374762.6875,0.0000,0,0.0000,0.0000,0,0.0000,0,0.0000,0.0000,0,0.0000,0.0000,0,0,0,0,0,0,0,0,0,0,0,0,0,0,0,0,0,0,0,0,0,0,0,0,0
WG_METRICS 135,384,512,1.0848,0.0080,0.0068,1.0443,0.0107,0.0150,384,512,196608,393216,188264.1406,376528.2812,0.0000,0,0.0000,0.0000,0,0.0000,0,0.0000,0.0000,0,0.0000,0.0000,0,0,0,0,0,0,0,0,0,0,0,0,0,0,0,0,0,0,0,0,0,0,0,0,0
WG_METRICS 136,384,512,1.0872,0.0076,0.0066,1.0426,0.0152,0.0151,384,512,196608,393216,188567.4844,377134.9688,0.0000,0,0.0000,0.0000,0,0.0000,0,0.0000,0.0000,0,0.0000,0.0000,0,0,0,0,0,0,0,0,0,0,0,0,0,0,0,0,0,0,0,0,0,0,0,0,0
WG_METRICS 137,384,512,1.0895,0.0077,0.0069,1.0425,0.0164,0.0160,384,512,196608,393216,188589.1719,377178.3438,0.0000,0,0.0000,0.0000,0,0.0000,0,0.0000,0.0000,0,0.0000,0.0000,0,0,0,0,0,0,0,0,0,0,0,0,0,0,0,0,0,0,0,0,0,0,0,0,0
WG_METRICS 138,384,512,1.0684,0.0080,0.0068,1.0232,0.0154,0.0150,384,512,196608,393216,192157.6406,384315.2812,0.0000,0,0.0000,0.0000,0,0.0000,0,0.0000,0.0000,0,0.0000,0.0000,0,0,0,0,0,0,0,0,0,0,0,0,0,0,0,0,0,0,0,0,0,0,0,0,0
WG_METRICS 139,384,512,1.1028,0.0076,0.0068,1.0571,0.0155,0.0157,384,512,196608,393216,185984.5625,371969.1250,0.0000,0,0.0000,0.0000,0,0.0000,0,0.0000,0.0000,0,0.0000,0.0000,0,0,0,0,0,0,0,0,0,0,0,0,0,0,0,0,0,0,0,0,0,0,0,0,0
WG_METRICS 140,384,512,1.0970,0.0076,0.0068,1.0425,0.0245,0.0156,384,512,196608,393216,188596.4219,377192.8438,0.0000,0,0.0000,0.0000,0,0.0000,0,0.0000,0.0000,0,0.0000,0.0000,0,0,0,0,0,0,0,0,0,0,0,0,0,0,0,0,0,0,0,0,0,0,0,0,0
WG_METRICS 141,384,512,1.1038,0.0077,0.0064,1.0498,0.0240,0.0158,384,512,196608,393216,187281.3750,374562.7500,0.0000,0,0.0000,0.0000,0,0.0000,0,0.0000,0.0000,0,0.0000,0.0000,0,0,0,0,0,0,0,0,0,0,0,0,0,0,0,0,0,0,0,0,0,0,0,0,0
WG_METRICS 142,384,512,1.0984,0.0076,0.0071,1.0519,0.0156,0.0161,384,512,196608,393216,186911.0469,373822.0938,0.0000,0,0.0000,0.0000,0,0.0000,0,0.0000,0.0000,0,0.0000,0.0000,0,0,0,0,0,0,0,0,0,0,0,0,0,0,0,0,0,0,0,0,0,0,0,0,0
WG_METRICS 143,384,512,1.0868,0.0075,0.0068,1.0421,0.0151,0.0153,384,512,196608,393216,188661.5781,377323.1562,0.0000,0,0.0000,0.0000,0,0.0000,0,0.0000,0.0000,0,0.0000,0.0000,0,0,0,0,0,0,0,0,0,0,0,0,0,0,0,0,0,0,0,0,0,0,0,0,0
WG_METRICS 144,384,512,1.1009,0.0076,0.0069,1.0542,0.0164,0.0158,384,512,196608,393216,186492.6406,372985.2812,0.0000,0,0.0000,0.0000,0,0.0000,0,0.0000,0.0000,0,0.0000,0.0000,0,0,0,0,0,0,0,0,0,0,0,0,0,0,0,0,0,0,0,0,0,0,0,0,0
WG_METRICS 145,384,512,1.1314,0.0075,0.0061,1.0844,0.0170,0.0164,384,512,196608,393216,181312.4844,362624.9688,0.0000,0,0.0000,0.0000,0,0.0000,0,0.0000,0.0000,0,0.0000,0.0000,0,0,0,0,0,0,0,0,0,0,0,0,0,0,0,0,0,0,0,0,0,0,0,0,0
WG_METRICS 146,384,512,1.0974,0.0076,0.0066,1.0428,0.0250,0.0154,384,512,196608,393216,188538.5625,377077.1250,0.0000,0,0.0000,0.0000,0,0.0000,0,0.0000,0.0000,0,0.0000,0.0000,0,0,0,0,0,0,0,0,0,0,0,0,0,0,0,0,0,0,0,0,0,0,0,0,0
WG_METRICS 147,384,512,1.0982,0.0076,0.0066,1.0536,0.0152,0.0151,384,512,196608,393216,186598.8438,373197.6875,0.0000,0,0.0000,0.0000,0,0.0000,0,0.0000,0.0000,0,0.0000,0.0000,0,0,0,0,0,0,0,0,0,0,0,0,0,0,0,0,0,0,0,0,0,0,0,0,0
WG_METRICS 148,384,512,1.1328,0.0074,0.0066,1.0783,0.0244,0.0162,384,512,196608,393216,182334.8281,364669.6562,0.0000,0,0.0000,0.0000,0,0.0000,0,0.0000,0.0000,0,0.0000,0.0000,0,0,0,0,0,0,0,0,0,0,0,0,0,0,0,0,0,0,0,0,0,0,0,0,0
WG_METRICS 149,384,512,1.1167,0.0079,0.0068,1.0628,0.0239,0.0153,384,512,196608,393216,184983.6250,369967.2500,0.0000,0,0.0000,0.0000,0,0.0000,0,0.0000,0.0000,0,0.0000,0.0000,0,0,0,0,0,0,0,0,0,0,0,0,0,0,0,0,0,0,0,0,0,0,0,0,0
WG_METRICS 150,384,512,1.0972,0.0077,0.0069,1.0505,0.0163,0.0158,384,512,196608,393216,187160.1562,374320.3125,0.0000,0,0.0000,0.0000,0,0.0000,0,0.0000,0.0000,0,0.0000,0.0000,0,0,0,0,0,0,0,0,0,0,0,0,0,0,0,0,0,0,0,0,0,0,0,0,0
WG_METRICS 151,384,512,1.0949,0.0076,0.0068,1.0505,0.0150,0.0150,384,512,196608,393216,187153.0469,374306.0938,0.0000,0,0.0000,0.0000,0,0.0000,0,0.0000,0.0000,0,0.0000,0.0000,0,0,0,0,0,0,0,0,0,0,0,0,0,0,0,0,0,0,0,0,0,0,0,0,0
WG_METRICS 152,384,512,1.0938,0.0076,0.0068,1.0402,0.0238,0.0153,384,512,196608,393216,189002.5312,378005.0625,0.0000,0,0.0000,0.0000,0,0.0000,0,0.0000,0.0000,0,0.0000,0.0000,0,0,0,0,0,0,0,0,0,0,0,0,0,0,0,0,0,0,0,0,0,0,0,0,0
WG_METRICS 153,384,512,1.1036,0.0076,0.0068,1.0486,0.0248,0.0158,384,512,196608,393216,187488.5469,374977.0938,0.0000,0,0.0000,0.0000,0,0.0000,0,0.0000,0.0000,0,0.0000,0.0000,0,0,0,0,0,0,0,0,0,0,0,0,0,0,0,0,0,0,0,0,0,0,0,0,0
WG_METRICS 154,384,512,1.1035,0.0076,0.0068,1.0492,0.0244,0.0155,384,512,196608,393216,187388.4688,374776.9375,0.0000,0,0.0000,0.0000,0,0.0000,0,0.0000,0.0000,0,0.0000,0.0000,0,0,0,0,0,0,0,0,0,0,0,0,0,0,0,0,0,0,0,0,0,0,0,0,0
WG_METRICS 155,384,512,1.0972,0.0079,0.0067,1.0523,0.0151,0.0152,384,512,196608,393216,186840.0156,373680.0312,0.0000,0,0.0000,0.0000,0,0.0000,0,0.0000,0.0000,0,0.0000,0.0000,0,0,0,0,0,0,0,0,0,0,0,0,0,0,0,0,0,0,0,0,0,0,0,0,0
WG_METRICS 156,384,512,1.0918,0.0079,0.0068,1.0466,0.0150,0.0155,384,512,196608,393216,187854.0000,375708.0000,0.0000,0,0.0000,0.0000,0,0.0000,0,0.0000,0.0000,0,0.0000,0.0000,0,0,0,0,0,0,0,0,0,0,0,0,0,0,0,0,0,0,0,0,0,0,0,0,0
WG_METRICS 157,384,512,1.1058,0.0077,0.0068,1.0590,0.0167,0.0157,384,512,196608,393216,185654.3906,371308.7812,0.0000,0,0.0000,0.0000,0,0.0000,0,0.0000,0.0000,0,0.0000,0.0000,0,0,0,0,0,0,0,0,0,0,0,0,0,0,0,0,0,0,0,0,0,0,0,0,0
WG_METRICS 158,384,512,1.1128,0.0076,0.0069,1.0576,0.0250,0.0156,384,512,196608,393216,185900.1406,371800.2812,0.0000,0,0.0000,0.0000,0,0.0000,0,0.0000,0.0000,0,0.0000,0.0000,0,0,0,0,0,0,0,0,0,0,0,0,0,0,0,0,0,0,0,0,0,0,0,0,0
WG_METRICS 159,384,512,1.1114,0.0075,0.0069,1.0655,0.0161,0.0155,384,512,196608,393216,184518.3438,369036.6875,0.0000,0,0.0000,0.0000,0,0.0000,0,0.0000,0.0000,0,0.0000,0.0000,0,0,0,0,0,0,0,0,0,0,0,0,0,0,0,0,0,0,0,0,0,0,0,0,0
WG_METRICS 160,384,512,1.0832,0.0076,0.0068,1.0375,0.0158,0.0156,384,512,196608,393216,189505.3438,379010.6875,0.0000,0,0.0000,0.0000,0,0.0000,0,0.0000,0.0000,0,0.0000,0.0000,0,0,0,0,0,0,0,0,0,0,0,0,0,0,0,0,0,0,0,0,0,0,0,0,0
WG_METRICS 161,384,512,1.1228,0.0077,0.0065,1.0683,0.0242,0.0161,384,512,196608,393216,184041.6406,368083.2812,0.0000,0,0.0000,0.0000,0,0.0000,0,0.0000,0.0000,0,0.0000,0.0000,0,0,0,0,0,0,0,0,0,0,0,0,0,0,0,0,0,0,0,0,0,0,0,0,0
WG_METRICS 162,384,512,1.0970,0.0077,0.0067,1.0517,0.0151,0.0157,384,512,196608,393216,186946.6094,373893.2188,0.0000,0,0.0000,0.0000,0,0.0000,0,0.0000,0.0000,0,0.0000,0.0000,0,0,0,0,0,0,0,0,0,0,0,0,0,0,0,0,0,0,0,0,0,0,0,0,0
WG_METRICS 163,384,512,1.0981,0.0078,0.0066,1.0431,0.0239,0.0166,384,512,196608,393216,188480.7031,376961.4062,0.0000,0,0.0000,0.0000,0,0.0000,0,0.0000,0.0000,0,0.0000,0.0000,0,0,0,0,0,0,0,0,0,0,0,0,0,0,0,0,0,0,0,0,0,0,0,0,0
WG_METRICS 164,384,512,1.1073,0.0077,0.0068,1.0527,0.0244,0.0158,384,512,196608,393216,186769.0000,373538.0000,0.0000,0,0.0000,0.0000,0,0.0000,0,0.0000,0.0000,0,0.0000,0.0000,0,0,0,0,0,0,0,0,0,0,0,0,0,0,0,0,0,0,0,0,0,0,0,0,0
WG_METRICS 165,384,512,1.0816,0.0075,0.0068,1.0368,0.0151,0.0154,384,512,196608,393216,189629.6250,379259.2500,0.0000,0,0.0000,0.0000,0,0.0000,0,0.0000,0.0000,0,0.0000,0.0000,0,0,0,0,0,0,0,0,0,0,0,0,0,0,0,0,0,0,0,0,0,0,0,0,0
WG_METRICS 166,384,512,1.0988,0.0075,0.0068,1.0448,0.0245,0.0152,384,512,196608,393216,188170.4375,376340.8750,0.0000,0,0.0000,0.0000,0,0.0000,0,0.0000,0.0000,0,0.0000,0.0000,0,0,0,0,0,0,0,0,0,0,0,0,0,0,0,0,0,0,0,0,0,0,0,0,0
WG_METRICS 167,384,512,1.0835,0.0076,0.0068,1.0377,0.0158,0.0156,384,512,196608,393216,189468.8125,378937.6250,0.0000,0,0.0000,0.0000,0,0.0000,0,0.0000,0.0000,0,0.0000,0.0000,0,0,0,0,0,0,0,0,0,0,0,0,0,0,0,0,0,0,0,0,0,0,0,0,0
WG_METRICS 168,384,512,1.0925,0.0076,0.0066,1.0394,0.0239,0.0150,384,512,196608,393216,189155.2812,378310.5625,0.0000,0,0.0000,0.0000,0,0.0000,0,0.0000,0.0000,0,0.0000,0.0000,0,0,0,0,0,0,0,0,0,0,0,0,0,0,0,0,0,0,0,0,0,0,0,0,0
WG_METRICS 169,384,512,1.0928,0.0076,0.0073,1.0479,0.0148,0.0152,384,512,196608,393216,187617.3750,375234.7500,0.0000,0,0.0000,0.0000,0,0.0000,0,0.0000,0.0000,0,0.0000,0.0000,0,0,0,0,0,0,0,0,0,0,0,0,0,0,0,0,0,0,0,0,0,0,0,0,0
WG_METRICS 170,384,512,1.0781,0.0076,0.0068,1.0329,0.0151,0.0157,384,512,196608,393216,190341.9375,380683.8750,0.0000,0,0.0000,0.0000,0,0.0000,0,0.0000,0.0000,0,0.0000,0.0000,0,0,0,0,0,0,0,0,0,0,0,0,0,0,0,0,0,0,0,0,0,0,0,0,0
WG_METRICS 171,384,512,1.1026,0.0076,0.0066,1.0516,0.0203,0.0165,384,512,196608,393216,186953.7031,373907.4062,0.0000,0,0.0000,0.0000,0,0.0000,0,0.0000,0.0000,0,0.0000,0.0000,0,0,0,0,0,0,0,0,0,0,0,0,0,0,0,0,0,0,0,0,0,0,0,0,0
WG_METRICS 172,384,512,1.0943,0.0076,0.0068,1.0490,0.0157,0.0152,384,512,196608,393216,187424.2031,374848.4062,0.0000,0,0.0000,0.0000,0,0.0000,0,0.0000,0.0000,0,0.0000,0.0000,0,0,0,0,0,0,0,0,0,0,0,0,0,0,0,0,0,0,0,0,0,0,0,0,0
WG_METRICS 173,384,512,1.1002,0.0076,0.0066,1.0560,0.0151,0.0150,384,512,196608,393216,186188.8594,372377.7188,0.0000,0,0.0000,0.0000,0,0.0000,0,0.0000,0.0000,0,0.0000,0.0000,0,0,0,0,0,0,0,0,0,0,0,0,0,0,0,0,0,0,0,0,0,0,0,0,0
WG_METRICS 174,384,512,1.0977,0.0098,0.0068,1.0492,0.0162,0.0158,384,512,196608,393216,187381.3438,374762.6875,0.0000,0,0.0000,0.0000,0,0.0000,0,0.0000,0.0000,0,0.0000,0.0000,0,0,0,0,0,0,0,0,0,0,0,0,0,0,0,0,0,0,0,0,0,0,0,0,0
WG_METRICS 175,384,512,1.0825,0.0076,0.0068,1.0376,0.0150,0.0154,384,512,196608,393216,189476.1250,378952.2500,0.0000,0,0.0000,0.0000,0,0.0000,0,0.0000,0.0000,0,0.0000,0.0000,0,0,0,0,0,0,0,0,0,0,0,0,0,0,0,0,0,0,0,0,0,0,0,0,0
WG_METRICS 176,384,512,1.0902,0.0076,0.0069,1.0367,0.0236,0.0154,384,512,196608,393216,189651.5781,379303.1562,0.0000,0,0.0000,0.0000,0,0.0000,0,0.0000,0.0000,0,0.0000,0.0000,0,0,0,0,0,0,0,0,0,0,0,0,0,0,0,0,0,0,0,0,0,0,0,0,0
WG_METRICS 177,384,512,1.0883,0.0076,0.0063,1.0434,0.0153,0.0157,384,512,196608,393216,188422.9062,376845.8125,0.0000,0,0.0000,0.0000,0,0.0000,0,0.0000,0.0000,0,0.0000,0.0000,0,0,0,0,0,0,0,0,0,0,0,0,0,0,0,0,0,0,0,0,0,0,0,0,0
WG_METRICS 178,384,512,1.0916,0.0076,0.0068,1.0408,0.0206,0.0157,384,512,196608,393216,188900.8438,377801.6875,0.0000,0,0.0000,0.0000,0,0.0000,0,0.0000,0.0000,0,0.0000,0.0000,0,0,0,0,0,0,0,0,0,0,0,0,0,0,0,0,0,0,0,0,0,0,0,0,0
WG_METRICS 179,384,512,1.1073,0.0075,0.0058,1.0544,0.0240,0.0155,384,512,196608,393216,186457.2656,372914.5312,0.0000,0,0.0000,0.0000,0,0.0000,0,0.0000,0.0000,0,0.0000,0.0000,0,0,0,0,0,0,0,0,0,0,0,0,0,0,0,0,0,0,0,0,0,0,0,0,0
WG_METRICS 180,384,512,1.0882,0.0076,0.0069,1.0432,0.0152,0.0154,384,512,196608,393216,188466.2500,376932.5000,0.0000,0,0.0000,0.0000,0,0.0000,0,0.0000,0.0000,0,0.0000,0.0000,0,0,0,0,0,0,0,0,0,0,0,0,0,0,0,0,0,0,0,0,0,0,0,0,0
WG_METRICS 181,384,512,1.0913,0.0076,0.0068,1.0454,0.0159,0.0156,384,512,196608,393216,188062.4531,376124.9062,0.0000,0,0.0000,0.0000,0,0.0000,0,0.0000,0.0000,0,0.0000,0.0000,0,0,0,0,0,0,0,0,0,0,0,0,0,0,0,0,0,0,0,0,0,0,0,0,0
WG_METRICS 182,384,512,1.0970,0.0076,0.0066,1.0426,0.0249,0.0154,384,512,196608,393216,188574.7031,377149.4062,0.0000,0,0.0000,0.0000,0,0.0000,0,0.0000,0.0000,0,0.0000,0.0000,0,0,0,0,0,0,0,0,0,0,0,0,0,0,0,0,0,0,0,0,0,0,0,0,0
WG_METRICS 183,384,512,1.1312,0.0076,0.0068,1.0772,0.0239,0.0157,384,512,196608,393216,182510.8594,365021.7188,0.0000,0,0.0000,0.0000,0,0.0000,0,0.0000,0.0000,0,0.0000,0.0000,0,0,0,0,0,0,0,0,0,0,0,0,0,0,0,0,0,0,0,0,0,0,0,0,0
WG_METRICS 184,384,512,1.1120,0.0076,0.0068,1.0583,0.0237,0.0155,384,512,196608,393216,185773.6719,371547.3438,0.0000,0,0.0000,0.0000,0,0.0000,0,0.0000,0.0000,0,0.0000,0.0000,0,0,0,0,0,0,0,0,0,0,0,0,0,0,0,0,0,0,0,0,0,0,0,0,0
WG_METRICS 185,384,512,1.0930,0.0076,0.0068,1.0383,0.0249,0.0153,384,512,196608,393216,189352.0469,378704.0938,0.0000,0,0.0000,0.0000,0,0.0000,0,0.0000,0.0000,0,0.0000,0.0000,0,0,0,0,0,0,0,0,0,0,0,0,0,0,0,0,0,0,0,0,0,0,0,0,0
WG_METRICS 186,384,512,1.0890,0.0102,0.0069,1.0414,0.0149,0.0156,384,512,196608,393216,188784.7500,377569.5000,0.0000,0,0.0000,0.0000,0,0.0000,0,0.0000,0.0000,0,0.0000,0.0000,0,0,0,0,0,0,0,0,0,0,0,0,0,0,0,0,0,0,0,0,0,0,0,0,0
WG_METRICS 187,384,512,1.0820,0.0076,0.0068,1.0280,0.0242,0.0154,384,512,196608,393216,191260.3750,382520.7500,0.0000,0,0.0000,0.0000,0,0.0000,0,0.0000,0.0000,0,0.0000,0.0000,0,0,0,0,0,0,0,0,0,0,0,0,0,0,0,0,0,0,0,0,0,0,0,0,0
WG_METRICS 188,384,512,1.0813,0.0080,0.0068,1.0357,0.0156,0.0152,384,512,196608,393216,189827.3750,379654.7500,0.0000,0,0.0000,0.0000,0,0.0000,0,0.0000,0.0000,0,0.0000,0.0000,0,0,0,0,0,0,0,0,0,0,0,0,0,0,0,0,0,0,0,0,0,0,0,0,0
WG_METRICS 189,384,512,1.1002,0.0076,0.0068,1.0466,0.0238,0.0153,384,512,196608,393216,187846.8125,375693.6250,0.0000,0,0.0000,0.0000,0,0.0000,0,0.0000,0.0000,0,0.0000,0.0000,0,0,0,0,0,0,0,0,0,0,0,0,0,0,0,0,0,0,0,0,0,0,0,0,0
WG_METRICS 190,384,512,1.1176,0.0075,0.0068,1.0654,0.0224,0.0156,384,512,196608,393216,184539.1406,369078.2812,0.0000,0,0.0000,0.0000,0,0.0000,0,0.0000,0.0000,0,0.0000,0.0000,0,0,0,0,0,0,0,0,0,0,0,0,0,0,0,0,0,0,0,0,0,0,0,0,0
WG_METRICS 191,384,512,1.0871,0.0076,0.0067,1.0423,0.0150,0.0154,384,512,196608,393216,188625.3750,377250.7500,0.0000,0,0.0000,0.0000,0,0.0000,0,0.0000,0.0000,0,0.0000,0.0000,0,0,0,0,0,0,0,0,0,0,0,0,0,0,0,0,0,0,0,0,0,0,0,0,0
WG_METRICS 192,384,512,1.1323,0.0076,0.0068,1.0817,0.0206,0.0155,384,512,196608,393216,181761.6875,363523.3750,0.0000,0,0.0000,0.0000,0,0.0000,0,0.0000,0.0000,0,0.0000,0.0000,0,0,0,0,0,0,0,0,0,0,0,0,0,0,0,0,0,0,0,0,0,0,0,0,0
WG_METRICS 193,384,512,1.1104,0.0076,0.0068,1.0560,0.0242,0.0158,384,512,196608,393216,186181.8125,372363.6250,0.0000,0,0.0000,0.0000,0,0.0000,0,0.0000,0.0000,0,0.0000,0.0000,0,0,0,0,0,0,0,0,0,0,0,0,0,0,0,0,0,0,0,0,0,0,0,0,0
WG_METRICS 194,384,512,1.0849,0.0076,0.0066,1.0401,0.0151,0.0155,384,512,196608,393216,189024.3438,378048.6875,0.0000,0,0.0000,0.0000,0,0.0000,0,0.0000,0.0000,0,0.0000,0.0000,0,0,0,0,0,0,0,0,0,0,0,0,0,0,0,0,0,0,0,0,0,0,0,0,0
WG_METRICS 195,384,512,1.1136,0.0077,0.0067,1.0688,0.0150,0.0154,384,512,196608,393216,183958.9688,367917.9375,0.0000,0,0.0000,0.0000,0,0.0000,0,0.0000,0.0000,0,0.0000,0.0000,0,0,0,0,0,0,0,0,0,0,0,0,0,0,0,0,0,0,0,0,0,0,0,0,0
WG_METRICS 196,384,512,1.0829,0.0076,0.0067,1.0371,0.0158,0.0158,384,512,196608,393216,189578.4219,379156.8438,0.0000,0,0.0000,0.0000,0,0.0000,0,0.0000,0.0000,0,0.0000,0.0000,0,0,0,0,0,0,0,0,0,0,0,0,0,0,0,0,0,0,0,0,0,0,0,0,0
WG_METRICS 197,384,512,1.1009,0.0084,0.0069,1.0554,0.0153,0.0149,384,512,196608,393216,186280.6094,372561.2188,0.0000,0,0.0000,0.0000,0,0.0000,0,0.0000,0.0000,0,0.0000,0.0000,0,0,0,0,0,0,0,0,0,0,0,0,0,0,0,0,0,0,0,0,0,0,0,0,0
WG_METRICS 198,384,512,1.1017,0.0084,0.0069,1.0469,0.0241,0.0154,384,512,196608,393216,187796.5938,375593.1875,0.0000,0,0.0000,0.0000,0,0.0000,0,0.0000,0.0000,0,0.0000,0.0000,0,0,0,0,0,0,0,0,0,0,0,0,0,0,0,0,0,0,0,0,0,0,0,0,0
WG_METRICS 199,384,512,1.0958,0.0076,0.0064,1.0462,0.0199,0.0157,384,512,196608,393216,187925.8125,375851.6250,0.0000,0,0.0000,0.0000,0,0.0000,0,0.0000,0.0000,0,0.0000,0.0000,0,0,0,0,0,0,0,0,0,0,0,0,0,0,0,0,0,0,0,0,0,0,0,0,0
WG_METRICS 200,384,512,1.0779,0.0076,0.0068,1.0323,0.0156,0.0157,384,512,196608,393216,190459.9531,380919.9062,0.0000,0,0.0000,0.0000,0,0.0000,0,0.0000,0.0000,0,0.0000,0.0000,0,0,0,0,0,0,0,0,0,0,0,0,0,0,0,0,0,0,0,0,0,0,0,0,0
WG_METRICS 201,384,512,1.1278,0.0077,0.0068,1.0817,0.0155,0.0162,384,512,196608,393216,181761.6875,363523.3750,0.0000,0,0.0000,0.0000,0,0.0000,0,0.0000,0.0000,0,0.0000,0.0000,0,0,0,0,0,0,0,0,0,0,0,0,0,0,0,0,0,0,0,0,0,0,0,0,0
WG_METRICS 202,384,512,1.0917,0.0078,0.0068,1.0452,0.0164,0.0156,384,512,196608,393216,188112.8125,376225.6250,0.0000,0,0.0000,0.0000,0,0.0000,0,0.0000,0.0000,0,0.0000,0.0000,0,0,0,0,0,0,0,0,0,0,0,0,0,0,0,0,0,0,0,0,0,0,0,0,0
WG_METRICS 203,384,512,1.1117,0.0076,0.0066,1.0584,0.0241,0.0151,384,512,196608,393216,185766.6562,371533.3125,0.0000,0,0.0000,0.0000,0,0.0000,0,0.0000,0.0000,0,0.0000,0.0000,0,0,0,0,0,0,0,0,0,0,0,0,0,0,0,0,0,0,0,0,0,0,0,0,0
WG_METRICS 204,384,512,1.0900,0.0075,0.0067,1.0449,0.0154,0.0154,384,512,196608,393216,188156.0312,376312.0625,0.0000,0,0.0000,0.0000,0,0.0000,0,0.0000,0.0000,0,0.0000,0.0000,0,0,0,0,0,0,0,0,0,0,0,0,0,0,0,0,0,0,0,0,0,0,0,0,0
WG_METRICS 205,384,512,1.0996,0.0077,0.0065,1.0450,0.0248,0.0157,384,512,196608,393216,188148.8281,376297.6562,0.0000,0,0.0000,0.0000,0,0.0000,0,0.0000,0.0000,0,0.0000,0.0000,0,0,0,0,0,0,0,0,0,0,0,0,0,0,0,0,0,0,0,0,0,0,0,0,0
WG_METRICS 206,384,512,1.0858,0.0075,0.0068,1.0406,0.0157,0.0151,384,512,196608,393216,188929.8906,377859.7812,0.0000,0,0.0000,0.0000,0,0.0000,0,0.0000,0.0000,0,0.0000,0.0000,0,0,0,0,0,0,0,0,0,0,0,0,0,0,0,0,0,0,0,0,0,0,0,0,0
WG_METRICS 207,384,512,1.0890,0.0076,0.0068,1.0429,0.0158,0.0159,384,512,196608,393216,188524.0781,377048.1562,0.0000,0,0.0000,0.0000,0,0.0000,0,0.0000,0.0000,0,0.0000,0.0000,0,0,0,0,0,0,0,0,0,0,0,0,0,0,0,0,0,0,0,0,0,0,0,0,0
WG_METRICS 208,384,512,1.1020,0.0077,0.0068,1.0473,0.0243,0.0159,384,512,196608,393216,187732.0312,375464.0625,0.0000,0,0.0000,0.0000,0,0.0000,0,0.0000,0.0000,0,0.0000,0.0000,0,0,0,0,0,0,0,0,0,0,0,0,0,0,0,0,0,0,0,0,0,0,0,0,0
WG_METRICS 209,384,512,1.0902,0.0077,0.0067,1.0442,0.0158,0.0159,384,512,196608,393216,188292.9844,376585.9688,0.0000,0,0.0000,0.0000,0,0.0000,0,0.0000,0.0000,0,0.0000,0.0000,0,0,0,0,0,0,0,0,0,0,0,0,0,0,0,0,0,0,0,0,0,0,0,0,0
WG_METRICS 210,384,512,1.0977,0.0076,0.0069,1.0440,0.0242,0.0150,384,512,196608,393216,188329.0625,376658.1250,0.0000,0,0.0000,0.0000,0,0.0000,0,0.0000,0.0000,0,0.0000,0.0000,0,0,0,0,0,0,0,0,0,0,0,0,0,0,0,0,0,0,0,0,0,0,0,0,0
WG_METRICS 211,384,512,1.0904,0.0075,0.0068,1.0370,0.0238,0.0153,384,512,196608,393216,189593.0625,379186.1250,0.0000,0,0.0000,0.0000,0,0.0000,0,0.0000,0.0000,0,0.0000,0.0000,0,0,0,0,0,0,0,0,0,0,0,0,0,0,0,0,0,0,0,0,0,0,0,0,0
WG_METRICS 212,384,512,1.1048,0.0075,0.0069,1.0577,0.0166,0.0162,384,512,196608,393216,185879.0625,371758.1250,0.0000,0,0.0000,0.0000,0,0.0000,0,0.0000,0.0000,0,0.0000,0.0000,0,0,0,0,0,0,0,0,0,0,0,0,0,0,0,0,0,0,0,0,0,0,0,0,0
WG_METRICS 213,384,512,1.0836,0.0076,0.0068,1.0380,0.0155,0.0158,384,512,196608,393216,189410.4062,378820.8125,0.0000,0,0.0000,0.0000,0,0.0000,0,0.0000,0.0000,0,0.0000,0.0000,0,0,0,0,0,0,0,0,0,0,0,0,0,0,0,0,0,0,0,0,0,0,0,0,0
WG_METRICS 214,384,512,1.1052,0.0082,0.0066,1.0594,0.0157,0.0152,384,512,196608,393216,185577.2812,371154.5625,0.0000,0,0.0000,0.0000,0,0.0000,0,0.0000,0.0000,0,0.0000,0.0000,0,0,0,0,0,0,0,0,0,0,0,0,0,0,0,0,0,0,0,0,0,0,0,0,0
WG_METRICS 215,384,512,1.1025,0.0076,0.0068,1.0479,0.0243,0.0158,384,512,196608,393216,187617.3750,375234.7500,0.0000,0,0.0000,0.0000,0,0.0000,0,0.0000,0.0000,0,0.0000,0.0000,0,0,0,0,0,0,0,0,0,0,0,0,0,0,0,0,0,0,0,0,0,0,0,0,0
WG_METRICS 216,384,512,1.1097,0.0076,0.0069,1.0556,0.0238,0.0158,384,512,196608,393216,186245.3125,372490.6250,0.0000,0,0.0000,0.0000,0,0.0000,0,0.0000,0.0000,0,0.0000,0.0000,0,0,0,0,0,0,0,0,0,0,0,0,0,0,0,0,0,0,0,0,0,0,0,0,0
WG_METRICS 217,384,512,1.1183,0.0075,0.0068,1.0651,0.0237,0.0151,384,512,196608,393216,184587.6562,369175.3125,0.0000,0,0.0000,0.0000,0,0.0000,0,0.0000,0.0000,0,0.0000,0.0000,0,0,0,0,0,0,0,0,0,0,0,0,0,0,0,0,0,0,0,0,0,0,0,0,0
WG_METRICS 218,384,512,1.1014,0.0076,0.0068,1.0565,0.0152,0.0154,384,512,196608,393216,186097.2188,372194.4375,0.0000,0,0.0000,0.0000,0,0.0000,0,0.0000,0.0000,0,0.0000,0.0000,0,0,0,0,0,0,0,0,0,0,0,0,0,0,0,0,0,0,0,0,0,0,0,0,0
WG_METRICS 219,384,512,1.0917,0.0076,0.0069,1.0452,0.0156,0.0164,384,512,196608,393216,188098.4219,376196.8438,0.0000,0,0.0000,0.0000,0,0.0000,0,0.0000,0.0000,0,0.0000,0.0000,0,0,0,0,0,0,0,0,0,0,0,0,0,0,0,0,0,0,0,0,0,0,0,0,0
WG_METRICS 220,384,512,1.0882,0.0076,0.0068,1.0469,0.0108,0.0161,384,512,196608,393216,187796.5938,375593.1875,0.0000,0,0.0000,0.0000,0,0.0000,0,0.0000,0.0000,0,0.0000,0.0000,0,0,0,0,0,0,0,0,0,0,0,0,0,0,0,0,0,0,0,0,0,0,0,0,0
WG_METRICS 221,384,512,1.0931,0.0100,0.0066,1.0363,0.0243,0.0160,384,512,196608,393216,189724.7812,379449.5625,0.0000,0,0.0000,0.0000,0,0.0000,0,0.0000,0.0000,0,0.0000,0.0000,0,0,0,0,0,0,0,0,0,0,0,0,0,0,0,0,0,0,0,0,0,0,0,0,0
WG_METRICS 222,384,512,1.1159,0.0076,0.0068,1.0621,0.0244,0.0150,384,512,196608,393216,185109.0312,370218.0625,0.0000,0,0.0000,0.0000,0,0.0000,0,0.0000,0.0000,0,0.0000,0.0000,0,0,0,0,0,0,0,0,0,0,0,0,0,0,0,0,0,0,0,0,0,0,0,0,0
WG_METRICS 223,384,512,1.1012,0.0076,0.0068,1.0465,0.0244,0.0159,384,512,196608,393216,187875.5625,375751.1250,0.0000,0,0.0000,0.0000,0,0.0000,0,0.0000,0.0000,0,0.0000,0.0000,0,0,0,0,0,0,0,0,0,0,0,0,0,0,0,0,0,0,0,0,0,0,0,0,0
WG_METRICS 224,384,512,1.0839,0.0075,0.0068,1.0389,0.0155,0.0152,384,512,196608,393216,189249.9688,378499.9375,0.0000,0,0.0000,0.0000,0,0.0000,0,0.0000,0.0000,0,0.0000,0.0000,0,0,0,0,0,0,0,0,0,0,0,0,0,0,0,0,0,0,0,0,0,0,0,0,0
WG_METRICS 225,384,512,1.0789,0.0078,0.0066,1.0381,0.0109,0.0154,384,512,196608,393216,189388.5000,378777.0000,0.0000,0,0.0000,0.0000,0,0.0000,0,0.0000,0.0000,0,0.0000,0.0000,0,0,0,0,0,0,0,0,0,0,0,0,0,0,0,0,0,0,0,0,0,0,0,0,0
WG_METRICS 226,384,512,1.0869,0.0076,0.0068,1.0422,0.0152,0.0151,384,512,196608,393216,188654.3281,377308.6562,0.0000,0,0.0000,0.0000,0,0.0000,0,0.0000,0.0000,0,0.0000,0.0000,0,0,0,0,0,0,0,0,0,0,0,0,0,0,0,0,0,0,0,0,0,0,0,0,0
WG_METRICS 227,384,512,1.0788,0.0077,0.0068,1.0280,0.0204,0.0159,384,512,196608,393216,191260.3750,382520.7500,0.0000,0,0.0000,0.0000,0,0.0000,0,0.0000,0.0000,0,0.0000,0.0000,0,0,0,0,0,0,0,0,0,0,0,0,0,0,0,0,0,0,0,0,0,0,0,0,0
WG_METRICS 228,384,512,1.0879,0.0076,0.0064,1.0336,0.0243,0.0159,384,512,196608,393216,190209.3594,380418.7188,0.0000,0,0.0000,0.0000,0,0.0000,0,0.0000,0.0000,0,0.0000,0.0000,0,0,0,0,0,0,0,0,0,0,0,0,0,0,0,0,0,0,0,0,0,0,0,0,0
WG_METRICS 229,384,512,1.0937,0.0076,0.0159,1.0398,0.0154,0.0150,384,512,196608,393216,189082.5000,378165.0000,0.0000,0,0.0000,0.0000,0,0.0000,0,0.0000,0.0000,0,0.0000,0.0000,0,0,0,0,0,0,0,0,0,0,0,0,0,0,0,0,0,0,0,0,0,0,0,0,0
WG_METRICS 230,384,512,1.0832,0.0076,0.0068,1.0374,0.0161,0.0153,384,512,196608,393216,189512.6562,379025.3125,0.0000,0,0.0000,0.0000,0,0.0000,0,0.0000,0.0000,0,0.0000,0.0000,0,0,0,0,0,0,0,0,0,0,0,0,0,0,0,0,0,0,0,0,0,0,0,0,0
WG_METRICS 231,384,512,1.0871,0.0076,0.0068,1.0327,0.0244,0.0156,384,512,196608,393216,190386.1719,380772.3438,0.0000,0,0.0000,0.0000,0,0.0000,0,0.0000,0.0000,0,0.0000,0.0000,0,0,0,0,0,0,0,0,0,0,0,0,0,0,0,0,0,0,0,0,0,0,0,0,0
WG_METRICS 232,384,512,1.1001,0.0102,0.0067,1.0438,0.0242,0.0152,384,512,196608,393216,188357.9219,376715.8438,0.0000,0,0.0000,0.0000,0,0.0000,0,0.0000,0.0000,0,0.0000,0.0000,0,0,0,0,0,0,0,0,0,0,0,0,0,0,0,0,0,0,0,0,0,0,0,0,0
WG_METRICS 233,384,512,1.1008,0.0076,0.0068,1.0560,0.0151,0.0152,384,512,196608,393216,186181.8125,372363.6250,0.0000,0,0.0000,0.0000,0,0.0000,0,0.0000,0.0000,0,0.0000,0.0000,0,0,0,0,0,0,0,0,0,0,0,0,0,0,0,0,0,0,0,0,0,0,0,0,0
WG_METRICS 234,384,512,1.0853,0.0076,0.0062,1.0394,0.0165,0.0154,384,512,196608,393216,189148.0000,378296.0000,0.0000,0,0.0000,0.0000,0,0.0000,0,0.0000,0.0000,0,0.0000,0.0000,0,0,0,0,0,0,0,0,0,0,0,0,0,0,0,0,0,0,0,0,0,0,0,0,0
WG_METRICS 235,384,512,1.1014,0.0076,0.0068,1.0568,0.0149,0.0153,384,512,196608,393216,186033.8438,372067.6875,0.0000,0,0.0000,0.0000,0,0.0000,0,0.0000,0.0000,0,0.0000,0.0000,0,0,0,0,0,0,0,0,0,0,0,0,0,0,0,0,0,0,0,0,0,0,0,0,0
WG_METRICS 236,384,512,1.0887,0.0076,0.0068,1.0349,0.0236,0.0158,384,512,196608,393216,189974.1094,379948.2188,0.0000,0,0.0000,0.0000,0,0.0000,0,0.0000,0.0000,0,0.0000,0.0000,0,0,0,0,0,0,0,0,0,0,0,0,0,0,0,0,0,0,0,0,0,0,0,0,0
WG_METRICS 237,384,512,1.1044,0.0077,0.0068,1.0508,0.0237,0.0154,384,512,196608,393216,187103.1719,374206.3438,0.0000,0,0.0000,0.0000,0,0.0000,0,0.0000,0.0000,0,0.0000,0.0000,0,0,0,0,0,0,0,0,0,0,0,0,0,0,0,0,0,0,0,0,0,0,0,0,0
WG_METRICS 238,384,512,1.1152,0.0076,0.0143,1.0530,0.0246,0.0156,384,512,196608,393216,186705.1562,373410.3125,0.0000,0,0.0000,0.0000,0,0.0000,0,0.0000,0.0000,0,0.0000,0.0000,0,0,0,0,0,0,0,0,0,0,0,0,0,0,0,0,0,0,0,0,0,0,0,0,0
WG_METRICS 239,384,512,1.0894,0.0076,0.0068,1.0475,0.0112,0.0162,384,512,196608,393216,187689.0156,375378.0312,0.0000,0,0.0000,0.0000,0,0.0000,0,0.0000,0.0000,0,0.0000,0.0000,0,0,0,0,0,0,0,0,0,0,0,0,0,0,0,0,0,0,0,0,0,0,0,0,0
WG_METRICS 240,384,512,1.0802,0.0076,0.0069,1.0336,0.0156,0.0165,384,512,196608,393216,190209.3594,380418.7188,0.0000,0,0.0000,0.0000,0,0.0000,0,0.0000,0.0000,0,0.0000,0.0000,0,0,0,0,0,0,0,0,0,0,0,0,0,0,0,0,0,0,0,0,0,0,0,0,0
WG_METRICS 241,384,512,1.0995,0.0075,0.0068,1.0460,0.0240,0.0153,384,512,196608,393216,187968.9531,375937.9062,0.0000,0,0.0000,0.0000,0,0.0000,0,0.0000,0.0000,0,0.0000,0.0000,0,0,0,0,0,0,0,0,0,0,0,0,0,0,0,0,0,0,0,0,0,0,0,0,0
WG_METRICS 242,384,512,1.1372,0.0076,0.0068,1.0851,0.0113,0.0265,384,512,196608,393216,181192.1719,362384.3438,0.0000,0,0.0000,0.0000,0,0.0000,0,0.0000,0.0000,0,0.0000,0.0000,0,0,0,0,0,0,0,0,0,0,0,0,0,0,0,0,0,0,0,0,0,0,0,0,0
WG_METRICS 243,384,512,1.0900,0.0076,0.0068,1.0362,0.0245,0.0150,384,512,196608,393216,189739.4219,379478.8438,0.0000,0,0.0000,0.0000,0,0.0000,0,0.0000,0.0000,0,0.0000,0.0000,0,0,0,0,0,0,0,0,0,0,0,0,0,0,0,0,0,0,0,0,0,0,0,0,0
WG_METRICS 244,384,512,1.0838,0.0076,0.0068,1.0390,0.0152,0.0153,384,512,196608,393216,189235.3906,378470.7812,0.0000,0,0.0000,0.0000,0,0.0000,0,0.0000,0.0000,0,0.0000,0.0000,0,0,0,0,0,0,0,0,0,0,0,0,0,0,0,0,0,0,0,0,0,0,0,0,0
WG_METRICS 245,384,512,1.1015,0.0076,0.0068,1.0570,0.0150,0.0150,384,512,196608,393216,185998.6406,371997.2812,0.0000,0,0.0000,0.0000,0,0.0000,0,0.0000,0.0000,0,0.0000,0.0000,0,0,0,0,0,0,0,0,0,0,0,0,0,0,0,0,0,0,0,0,0,0,0,0,0
WG_METRICS 246,384,512,1.0884,0.0076,0.0066,1.0433,0.0155,0.0154,384,512,196608,393216,188451.8125,376903.6250,0.0000,0,0.0000,0.0000,0,0.0000,0,0.0000,0.0000,0,0.0000,0.0000,0,0,0,0,0,0,0,0,0,0,0,0,0,0,0,0,0,0,0,0,0,0,0,0,0
WG_METRICS 247,384,512,1.1222,0.0076,0.0065,1.0668,0.0258,0.0155,384,512,196608,393216,184296.9688,368593.9375,0.0000,0,0.0000,0.0000,0,0.0000,0,0.0000,0.0000,0,0.0000,0.0000,0,0,0,0,0,0,0,0,0,0,0,0,0,0,0,0,0,0,0,0,0,0,0,0,0
WG_METRICS 248,384,512,1.1058,0.0077,0.0067,1.0518,0.0243,0.0152,384,512,196608,393216,186918.1719,373836.3438,0.0000,0,0.0000,0.0000,0,0.0000,0,0.0000,0.0000,0,0.0000,0.0000,0,0,0,0,0,0,0,0,0,0,0,0,0,0,0,0,0,0,0,0,0,0,0,0,0
WG_METRICS 249,384,512,1.1010,0.0082,0.0068,1.0461,0.0240,0.0158,384,512,196608,393216,187940.1875,375880.3750,0.0000,0,0.0000,0.0000,0,0.0000,0,0.0000,0.0000,0,0.0000,0.0000,0,0,0,0,0,0,0,0,0,0,0,0,0,0,0,0,0,0,0,0,0,0,0,0,0
WG_METRICS 250,384,512,1.0886,0.0075,0.0068,1.0436,0.0154,0.0153,384,512,196608,393216,188394.0312,376788.0625,0.0000,0,0.0000,0.0000,0,0.0000,0,0.0000,0.0000,0,0.0000,0.0000,0,0,0,0,0,0,0,0,0,0,0,0,0,0,0,0,0,0,0,0,0,0,0,0,0
WG_METRICS 251,384,512,1.0964,0.0077,0.0066,1.0514,0.0156,0.0150,384,512,196608,393216,186989.2656,373978.5312,0.0000,0,0.0000,0.0000,0,0.0000,0,0.0000,0.0000,0,0.0000,0.0000,0,0,0,0,0,0,0,0,0,0,0,0,0,0,0,0,0,0,0,0,0,0,0,0,0
WG_METRICS 252,384,512,1.0845,0.0081,0.0068,1.0376,0.0164,0.0156,384,512,196608,393216,189476.1250,378952.2500,0.0000,0,0.0000,0.0000,0,0.0000,0,0.0000,0.0000,0,0.0000,0.0000,0,0,0,0,0,0,0,0,0,0,0,0,0,0,0,0,0,0,0,0,0,0,0,0,0
WG_METRICS 253,384,512,1.0852,0.0076,0.0066,1.0404,0.0155,0.0152,384,512,196608,393216,188980.7344,377961.4688,0.0000,0,0.0000,0.0000,0,0.0000,0,0.0000,0.0000,0,0.0000,0.0000,0,0,0,0,0,0,0,0,0,0,0,0,0,0,0,0,0,0,0,0,0,0,0,0,0
WG_METRICS 254,384,512,1.1145,0.0077,0.0066,1.0773,0.0071,0.0158,384,512,196608,393216,182504.0781,365008.1562,0.0000,0,0.0000,0.0000,0,0.0000,0,0.0000,0.0000,0,0.0000,0.0000,0,0,0,0,0,0,0,0,0,0,0,0,0,0,0,0,0,0,0,0,0,0,0,0,0
WG_METRICS 255,384,512,1.0957,0.0076,0.0068,1.0414,0.0242,0.0157,384,512,196608,393216,188799.2656,377598.5312,0.0000,0,0.0000,0.0000,0,0.0000,0,0.0000,0.0000,0,0.0000,0.0000,0,0,0,0,0,0,0,0,0,0,0,0,0,0,0,0,0,0,0,0,0,0,0,0,0
WG_METRICS 256,384,512,1.0895,0.0079,0.0066,1.0355,0.0241,0.0154,384,512,196608,393216,189864.0312,379728.0625,0.0000,0,0.0000,0.0000,0,0.0000,0,0.0000,0.0000,0,0.0000,0.0000,0,0,0,0,0,0,0,0,0,0,0,0,0,0,0,0,0,0,0,0,0,0,0,0,0
WG_METRICS 257,384,512,1.0872,0.0071,0.0066,1.0429,0.0152,0.0154,384,512,196608,393216,188524.0781,377048.1562,0.0000,0,0.0000,0.0000,0,0.0000,0,0.0000,0.0000,0,0.0000,0.0000,0,0,0,0,0,0,0,0,0,0,0,0,0,0,0,0,0,0,0,0,0,0,0,0,0
WG_METRICS 258,384,512,1.0872,0.0076,0.0068,1.0431,0.0142,0.0156,384,512,196608,393216,188480.7031,376961.4062,0.0000,0,0.0000,0.0000,0,0.0000,0,0.0000,0.0000,0,0.0000,0.0000,0,0,0,0,0,0,0,0,0,0,0,0,0,0,0,0,0,0,0,0,0,0,0,0,0
WG_METRICS 259,384,512,1.0955,0.0076,0.0068,1.0486,0.0160,0.0166,384,512,196608,393216,187502.8594,375005.7188,0.0000,0,0.0000,0.0000,0,0.0000,0,0.0000,0.0000,0,0.0000,0.0000,0,0,0,0,0,0,0,0,0,0,0,0,0,0,0,0,0,0,0,0,0,0,0,0,0
WG_METRICS 260,384,512,1.0959,0.0082,0.0068,1.0410,0.0245,0.0154,384,512,196608,393216,188864.5469,377729.0938,0.0000,0,0.0000,0.0000,0,0.0000,0,0.0000,0.0000,0,0.0000,0.0000,0,0,0,0,0,0,0,0,0,0,0,0,0,0,0,0,0,0,0,0,0,0,0,0,0
WG_METRICS 261,384,512,1.0982,0.0076,0.0068,1.0528,0.0156,0.0154,384,512,196608,393216,186754.8125,373509.6250,0.0000,0,0.0000,0.0000,0,0.0000,0,0.0000,0.0000,0,0.0000,0.0000,0,0,0,0,0,0,0,0,0,0,0,0,0,0,0,0,0,0,0,0,0,0,0,0,0
WG_METRICS 262,384,512,1.0932,0.0076,0.0067,1.0478,0.0156,0.0155,384,512,196608,393216,187638.8750,375277.7500,0.0000,0,0.0000,0.0000,0,0.0000,0,0.0000,0.0000,0,0.0000,0.0000,0,0,0,0,0,0,0,0,0,0,0,0,0,0,0,0,0,0,0,0,0,0,0,0,0
WG_METRICS 263,384,512,1.1071,0.0077,0.0067,1.0531,0.0241,0.0155,384,512,196608,393216,186698.0781,373396.1562,0.0000,0,0.0000,0.0000,0,0.0000,0,0.0000,0.0000,0,0.0000,0.0000,0,0,0,0,0,0,0,0,0,0,0,0,0,0,0,0,0,0,0,0,0,0,0,0,0
WG_METRICS 264,384,512,1.0904,0.0076,0.0068,1.0368,0.0237,0.0156,384,512,196608,393216,189636.9531,379273.9062,0.0000,0,0.0000,0.0000,0,0.0000,0,0.0000,0.0000,0,0.0000,0.0000,0,0,0,0,0,0,0,0,0,0,0,0,0,0,0,0,0,0,0,0,0,0,0,0,0
WG_METRICS 265,384,512,1.1028,0.0077,0.0066,1.0480,0.0251,0.0155,384,512,196608,393216,187603.0625,375206.1250,0.0000,0,0.0000,0.0000,0,0.0000,0,0.0000,0.0000,0,0.0000,0.0000,0,0,0,0,0,0,0,0,0,0,0,0,0,0,0,0,0,0,0,0,0,0,0,0,0
WG_METRICS 266,384,512,1.1051,0.0075,0.0068,1.0599,0.0160,0.0150,384,512,196608,393216,185500.2344,371000.4688,0.0000,0,0.0000,0.0000,0,0.0000,0,0.0000,0.0000,0,0.0000,0.0000,0,0,0,0,0,0,0,0,0,0,0,0,0,0,0,0,0,0,0,0,0,0,0,0,0
WG_METRICS 267,384,512,1.1027,0.0076,0.0068,1.0482,0.0244,0.0157,384,512,196608,393216,187560.1094,375120.2188,0.0000,0,0.0000,0.0000,0,0.0000,0,0.0000,0.0000,0,0.0000,0.0000,0,0,0,0,0,0,0,0,0,0,0,0,0,0,0,0,0,0,0,0,0,0,0,0,0
WG_METRICS 268,384,512,1.0985,0.0076,0.0068,1.0452,0.0237,0.0153,384,512,196608,393216,188112.8125,376225.6250,0.0000,0,0.0000,0.0000,0,0.0000,0,0.0000,0.0000,0,0.0000,0.0000,0,0,0,0,0,0,0,0,0,0,0,0,0,0,0,0,0,0,0,0,0,0,0,0,0
WG_METRICS 269,384,512,1.0932,0.0076,0.0068,1.0478,0.0153,0.0157,384,512,196608,393216,187646.0312,375292.0625,0.0000,0,0.0000,0.0000,0,0.0000,0,0.0000,0.0000,0,0.0000,0.0000,0,0,0,0,0,0,0,0,0,0,0,0,0,0,0,0,0,0,0,0,0,0,0,0,0
WG_METRICS 270,384,512,1.0934,0.0076,0.0078,1.0381,0.0238,0.0160,384,512,196608,393216,189395.8125,378791.6250,0.0000,0,0.0000,0.0000,0,0.0000,0,0.0000,0.0000,0,0.0000,0.0000,0,0,0,0,0,0,0,0,0,0,0,0,0,0,0,0,0,0,0,0,0,0,0,0,0
WG_METRICS 271,384,512,1.1070,0.0076,0.0066,1.0528,0.0245,0.0156,384,512,196608,393216,186747.7031,373495.4062,0.0000,0,0.0000,0.0000,0,0.0000,0,0.0000,0.0000,0,0.0000,0.0000,0,0,0,0,0,0,0,0,0,0,0,0,0,0,0,0,0,0,0,0,0,0,0,0,0
WG_METRICS 272,384,512,1.0936,0.0076,0.0066,1.0391,0.0244,0.0160,384,512,196608,393216,189206.2656,378412.5312,0.0000,0,0.0000,0.0000,0,0.0000,0,0.0000,0.0000,0,0.0000,0.0000,0,0,0,0,0,0,0,0,0,0,0,0,0,0,0,0,0,0,0,0,0,0,0,0,0
WG_METRICS 273,384,512,1.1016,0.0076,0.0068,1.0570,0.0151,0.0152,384,512,196608,393216,186005.6719,372011.3438,0.0000,0,0.0000,0.0000,0,0.0000,0,0.0000,0.0000,0,0.0000,0.0000,0,0,0,0,0,0,0,0,0,0,0,0,0,0,0,0,0,0,0,0,0,0,0,0,0
WG_METRICS 274,384,512,1.0859,0.0075,0.0068,1.0304,0.0243,0.0168,384,512,196608,393216,190800.0469,381600.0938,0.0000,0,0.0000,0.0000,0,0.0000,0,0.0000,0.0000,0,0.0000,0.0000,0,0,0,0,0,0,0,0,0,0,0,0,0,0,0,0,0,0,0,0,0,0,0,0,0
WG_METRICS 275,384,512,1.1018,0.0076,0.0069,1.0487,0.0236,0.0151,384,512,196608,393216,187481.4219,374962.8438,0.0000,0,0.0000,0.0000,0,0.0000,0,0.0000,0.0000,0,0.0000,0.0000,0,0,0,0,0,0,0,0,0,0,0,0,0,0,0,0,0,0,0,0,0,0,0,0,0
WG_METRICS 276,384,512,1.0928,0.0077,0.0068,1.0380,0.0242,0.0161,384,512,196608,393216,189417.6875,378835.3750,0.0000,0,0.0000,0.0000,0,0.0000,0,0.0000,0.0000,0,0.0000,0.0000,0,0,0,0,0,0,0,0,0,0,0,0,0,0,0,0,0,0,0,0,0,0,0,0,0
WG_METRICS 277,384,512,1.1138,0.0077,0.0068,1.0594,0.0244,0.0155,384,512,196608,393216,185584.2969,371168.5938,0.0000,0,0.0000,0.0000,0,0.0000,0,0.0000,0.0000,0,0.0000,0.0000,0,0,0,0,0,0,0,0,0,0,0,0,0,0,0,0,0,0,0,0,0,0,0,0,0
WG_METRICS 278,384,512,1.1437,0.0076,0.0068,1.0977,0.0164,0.0152,384,512,196608,393216,179112.3125,358224.6250,0.0000,0,0.0000,0.0000,0,0.0000,0,0.0000,0.0000,0,0.0000,0.0000,0,0,0,0,0,0,0,0,0,0,0,0,0,0,0,0,0,0,0,0,0,0,0,0,0
WG_METRICS 279,384,512,1.0974,0.0076,0.0068,1.0522,0.0156,0.0152,384,512,196608,393216,186847.1094,373694.2188,0.0000,0,0.0000,0.0000,0,0.0000,0,0.0000,0.0000,0,0.0000,0.0000,0,0,0,0,0,0,0,0,0,0,0,0,0,0,0,0,0,0,0,0,0,0,0,0,0
WG_METRICS 280,384,512,1.1114,0.0077,0.0096,1.0538,0.0244,0.0160,384,512,196608,393216,186577.5781,373155.1562,0.0000,0,0.0000,0.0000,0,0.0000,0,0.0000,0.0000,0,0.0000,0.0000,0,0,0,0,0,0,0,0,0,0,0,0,0,0,0,0,0,0,0,0,0,0,0,0,0
WG_METRICS 281,384,512,1.0985,0.0076,0.0069,1.0523,0.0160,0.0158,384,512,196608,393216,186832.9062,373665.8125,0.0000,0,0.0000,0.0000,0,0.0000,0,0.0000,0.0000,0,0.0000,0.0000,0,0,0,0,0,0,0,0,0,0,0,0,0,0,0,0,0,0,0,0,0,0,0,0,0
WG_METRICS 282,384,512,1.0887,0.0077,0.0068,1.0423,0.0162,0.0156,384,512,196608,393216,188625.3750,377250.7500,0.0000,0,0.0000,0.0000,0,0.0000,0,0.0000,0.0000,0,0.0000,0.0000,0,0,0,0,0,0,0,0,0,0,0,0,0,0,0,0,0,0,0,0,0,0,0,0,0
WG_METRICS 283,384,512,1.0970,0.0076,0.0068,1.0507,0.0158,0.0160,384,512,196608,393216,187117.4062,374234.8125,0.0000,0,0.0000,0.0000,0,0.0000,0,0.0000,0.0000,0,0.0000,0.0000,0,0,0,0,0,0,0,0,0,0,0,0,0,0,0,0,0,0,0,0,0,0,0,0,0
WG_METRICS 284,384,512,1.0903,0.0076,0.0068,1.0444,0.0159,0.0155,384,512,196608,393216,188249.7188,376499.4375,0.0000,0,0.0000,0.0000,0,0.0000,0,0.0000,0.0000,0,0.0000,0.0000,0,0,0,0,0,0,0,0,0,0,0,0,0,0,0,0,0,0,0,0,0,0,0,0,0
WG_METRICS 285,384,512,1.1078,0.0076,0.0068,1.0619,0.0155,0.0160,384,512,196608,393216,185150.8594,370301.7188,0.0000,0,0.0000,0.0000,0,0.0000,0,0.0000,0.0000,0,0.0000,0.0000,0,0,0,0,0,0,0,0,0,0,0,0,0,0,0,0,0,0,0,0,0,0,0,0,0
WG_METRICS 286,384,512,1.0911,0.0078,0.0096,1.0340,0.0243,0.0153,384,512,196608,393216,190135.7812,380271.5625,0.0000,0,0.0000,0.0000,0,0.0000,0,0.0000,0.0000,0,0.0000,0.0000,0,0,0,0,0,0,0,0,0,0,0,0,0,0,0,0,0,0,0,0,0,0,0,0,0
WG_METRICS 287,384,512,1.0836,0.0076,0.0069,1.0369,0.0166,0.0157,384,512,196608,393216,189615.0000,379230.0000,0.0000,0,0.0000,0.0000,0,0.0000,0,0.0000,0.0000,0,0.0000,0.0000,0,0,0,0,0,0,0,0,0,0,0,0,0,0,0,0,0,0,0,0,0,0,0,0,0
WG_METRICS 288,384,512,1.0869,0.0101,0.0068,1.0390,0.0158,0.0152,384,512,196608,393216,189235.3906,378470.7812,0.0000,0,0.0000,0.0000,0,0.0000,0,0.0000,0.0000,0,0.0000,0.0000,0,0,0,0,0,0,0,0,0,0,0,0,0,0,0,0,0,0,0,0,0,0,0,0,0
WG_METRICS 289,384,512,1.0948,0.0076,0.0068,1.0401,0.0243,0.0160,384,512,196608,393216,189031.6250,378063.2500,0.0000,0,0.0000,0.0000,0,0.0000,0,0.0000,0.0000,0,0.0000,0.0000,0,0,0,0,0,0,0,0,0,0,0,0,0,0,0,0,0,0,0,0,0,0,0,0,0
WG_METRICS 290,384,512,1.0983,0.0075,0.0068,1.0435,0.0248,0.0156,384,512,196608,393216,188408.4688,376816.9375,0.0000,0,0.0000,0.0000,0,0.0000,0,0.0000,0.0000,0,0.0000,0.0000,0,0,0,0,0,0,0,0,0,0,0,0,0,0,0,0,0,0,0,0,0,0,0,0,0
WG_METRICS 291,384,512,1.0954,0.0077,0.0068,1.0498,0.0149,0.0161,384,512,196608,393216,187274.2500,374548.5000,0.0000,0,0.0000,0.0000,0,0.0000,0,0.0000,0.0000,0,0.0000,0.0000,0,0,0,0,0,0,0,0,0,0,0,0,0,0,0,0,0,0,0,0,0,0,0,0,0
WG_METRICS 292,384,512,1.1083,0.0076,0.0068,1.0633,0.0151,0.0155,384,512,196608,393216,184900.1094,369800.2188,0.0000,0,0.0000,0.0000,0,0.0000,0,0.0000,0.0000,0,0.0000,0.0000,0,0,0,0,0,0,0,0,0,0,0,0,0,0,0,0,0,0,0,0,0,0,0,0,0
WG_METRICS 293,384,512,1.0932,0.0077,0.0065,1.0377,0.0256,0.0157,384,512,196608,393216,189461.5156,378923.0312,0.0000,0,0.0000,0.0000,0,0.0000,0,0.0000,0.0000,0,0.0000,0.0000,0,0,0,0,0,0,0,0,0,0,0,0,0,0,0,0,0,0,0,0,0,0,0,0,0
WG_METRICS 294,384,512,1.1150,0.0076,0.0068,1.0614,0.0240,0.0153,384,512,196608,393216,185227.6094,370455.2188,0.0000,0,0.0000,0.0000,0,0.0000,0,0.0000,0.0000,0,0.0000,0.0000,0,0,0,0,0,0,0,0,0,0,0,0,0,0,0,0,0,0,0,0,0,0,0,0,0
WG_METRICS 295,384,512,1.1416,0.0100,0.0068,1.0841,0.0250,0.0156,384,512,196608,393216,181352.6094,362705.2188,0.0000,0,0.0000,0.0000,0,0.0000,0,0.0000,0.0000,0,0.0000,0.0000,0,0,0,0,0,0,0,0,0,0,0,0,0,0,0,0,0,0,0,0,0,0,0,0,0
WG_METRICS 296,384,512,1.0938,0.0076,0.0068,1.0402,0.0238,0.0154,384,512,196608,393216,189009.8125,378019.6250,0.0000,0,0.0000,0.0000,0,0.0000,0,0.0000,0.0000,0,0.0000,0.0000,0,0,0,0,0,0,0,0,0,0,0,0,0,0,0,0,0,0,0,0,0,0,0,0,0
WG_METRICS 297,384,512,1.0976,0.0076,0.0065,1.0446,0.0240,0.0150,384,512,196608,393216,188220.8906,376441.7812,0.0000,0,0.0000,0.0000,0,0.0000,0,0.0000,0.0000,0,0.0000,0.0000,0,0,0,0,0,0,0,0,0,0,0,0,0,0,0,0,0,0,0,0,0,0,0,0,0
WG_METRICS 298,384,512,1.0845,0.0076,0.0068,1.0394,0.0151,0.0156,384,512,196608,393216,189148.0000,378296.0000,0.0000,0,0.0000,0.0000,0,0.0000,0,0.0000,0.0000,0,0.0000,0.0000,0,0,0,0,0,0,0,0,0,0,0,0,0,0,0,0,0,0,0,0,0,0,0,0,0
WG_METRICS 299,384,512,1.0986,0.0073,0.0066,1.0522,0.0163,0.0162,384,512,196608,393216,186854.2188,373708.4375,0.0000,0,0.0000,0.0000,0,0.0000,0,0.0000,0.0000,0,0.0000,0.0000,0,0,0,0,0,0,0,0,0,0,0,0,0,0,0,0,0,0,0,0,0,0,0,0,0
WG_METRICS 300,384,512,1.1131,0.0075,0.0067,1.0599,0.0238,0.0151,384,512,196608,393216,185500.2344,371000.4688,0.0000,0,0.0000,0.0000,0,0.0000,0,0.0000,0.0000,0,0.0000,0.0000,0,0,0,0,0,0,0,0,0,0,0,0,0,0,0,0,0,0,0,0,0,0,0,0,0
WG_METRICS 301,384,512,1.0956,0.0076,0.0068,1.0497,0.0158,0.0156,384,512,196608,393216,187295.6562,374591.3125,0.0000,0,0.0000,0.0000,0,0.0000,0,0.0000,0.0000,0,0.0000,0.0000,0,0,0,0,0,0,0,0,0,0,0,0,0,0,0,0,0,0,0,0,0,0,0,0,0
WG_METRICS 302,384,512,1.0909,0.0076,0.0068,1.0442,0.0164,0.0159,384,512,196608,393216,188292.9844,376585.9688,0.0000,0,0.0000,0.0000,0,0.0000,0,0.0000,0.0000,0,0.0000,0.0000,0,0,0,0,0,0,0,0,0,0,0,0,0,0,0,0,0,0,0,0,0,0,0,0,0
WG_METRICS 303,384,512,1.1099,0.0076,0.0068,1.0563,0.0239,0.0153,384,512,196608,393216,186125.4219,372250.8438,0.0000,0,0.0000,0.0000,0,0.0000,0,0.0000,0.0000,0,0.0000,0.0000,0,0,0,0,0,0,0,0,0,0,0,0,0,0,0,0,0,0,0,0,0,0,0,0,0
WG_METRICS 304,384,512,1.1027,0.0075,0.0068,1.0494,0.0236,0.0154,384,512,196608,393216,187359.9062,374719.8125,0.0000,0,0.0000,0.0000,0,0.0000,0,0.0000,0.0000,0,0.0000,0.0000,0,0,0,0,0,0,0,0,0,0,0,0,0,0,0,0,0,0,0,0,0,0,0,0,0
WG_METRICS 305,384,512,1.0950,0.0078,0.0066,1.0496,0.0154,0.0156,384,512,196608,393216,187309.9219,374619.8438,0.0000,0,0.0000,0.0000,0,0.0000,0,0.0000,0.0000,0,0.0000,0.0000,0,0,0,0,0,0,0,0,0,0,0,0,0,0,0,0,0,0,0,0,0,0,0,0,0
WG_METRICS 306,384,512,1.0875,0.0077,0.0068,1.0413,0.0162,0.0155,384,512,196608,393216,188806.5156,377613.0312,0.0000,0,0.0000,0.0000,0,0.0000,0,0.0000,0.0000,0,0.0000,0.0000,0,0,0,0,0,0,0,0,0,0,0,0,0,0,0,0,0,0,0,0,0,0,0,0,0
WG_METRICS 307,384,512,1.0945,0.0076,0.0067,1.0496,0.0153,0.0152,384,512,196608,393216,187317.0781,374634.1562,0.0000,0,0.0000,0.0000,0,0.0000,0,0.0000,0.0000,0,0.0000,0.0000,0,0,0,0,0,0,0,0,0,0,0,0,0,0,0,0,0,0,0,0,0,0,0,0,0
WG_METRICS 308,384,512,1.0891,0.0077,0.0068,1.0352,0.0241,0.0153,384,512,196608,393216,189915.3750,379830.7500,0.0000,0,0.0000,0.0000,0,0.0000,0,0.0000,0.0000,0,0.0000,0.0000,0,0,0,0,0,0,0,0,0,0,0,0,0,0,0,0,0,0,0,0,0,0,0,0,0
WG_METRICS 309,384,512,1.0771,0.0076,0.0065,1.0316,0.0153,0.0162,384,512,196608,393216,190578.0938,381156.1875,0.0000,0,0.0000,0.0000,0,0.0000,0,0.0000,0.0000,0,0.0000,0.0000,0,0,0,0,0,0,0,0,0,0,0,0,0,0,0,0,0,0,0,0,0,0,0,0,0
WG_METRICS 310,384,512,1.0847,0.0077,0.0068,1.0394,0.0157,0.0152,384,512,196608,393216,189162.5469,378325.0938,0.0000,0,0.0000,0.0000,0,0.0000,0,0.0000,0.0000,0,0.0000,0.0000,0,0,0,0,0,0,0,0,0,0,0,0,0,0,0,0,0,0,0,0,0,0,0,0,0
WG_METRICS 311,384,512,1.0969,0.0076,0.0062,1.0433,0.0240,0.0157,384,512,196608,393216,188444.5938,376889.1875,0.0000,0,0.0000,0.0000,0,0.0000,0,0.0000,0.0000,0,0.0000,0.0000,0,0,0,0,0,0,0,0,0,0,0,0,0,0,0,0,0,0,0,0,0,0,0,0,0
WG_METRICS 312,384,512,1.0940,0.0076,0.0068,1.0492,0.0148,0.0155,384,512,196608,393216,187381.3438,374762.6875,0.0000,0,0.0000,0.0000,0,0.0000,0,0.0000,0.0000,0,0.0000,0.0000,0,0,0,0,0,0,0,0,0,0,0,0,0,0,0,0,0,0,0,0,0,0,0,0,0
WG_METRICS 313,384,512,1.0932,0.0076,0.0068,1.0403,0.0235,0.0150,384,512,196608,393216,188995.2656,377990.5312,0.0000,0,0.0000,0.0000,0,0.0000,0,0.0000,0.0000,0,0.0000,0.0000,0,0,0,0,0,0,0,0,0,0,0,0,0,0,0,0,0,0,0,0,0,0,0,0,0
WG_METRICS 314,384,512,1.1143,0.0077,0.0062,1.0609,0.0236,0.0159,384,512,196608,393216,185318.4062,370636.8125,0.0000,0,0.0000,0.0000,0,0.0000,0,0.0000,0.0000,0,0.0000,0.0000,0,0,0,0,0,0,0,0,0,0,0,0,0,0,0,0,0,0,0,0,0,0,0,0,0
WG_METRICS 315,384,512,1.0862,0.0076,0.0064,1.0317,0.0245,0.0160,384,512,196608,393216,190570.7188,381141.4375,0.0000,0,0.0000,0.0000,0,0.0000,0,0.0000,0.0000,0,0.0000,0.0000,0,0,0,0,0,0,0,0,0,0,0,0,0,0,0,0,0,0,0,0,0,0,0,0,0
WG_METRICS 316,384,512,1.1022,0.0075,0.0068,1.0486,0.0242,0.0151,384,512,196608,393216,187502.8594,375005.7188,0.0000,0,0.0000,0.0000,0,0.0000,0,0.0000,0.0000,0,0.0000,0.0000,0,0,0,0,0,0,0,0,0,0,0,0,0,0,0,0,0,0,0,0,0,0,0,0,0
WG_METRICS 317,384,512,1.1043,0.0077,0.0068,1.0497,0.0244,0.0158,384,512,196608,393216,187302.7969,374605.5938,0.0000,0,0.0000,0.0000,0,0.0000,0,0.0000,0.0000,0,0.0000,0.0000,0,0,0,0,0,0,0,0,0,0,0,0,0,0,0,0,0,0,0,0,0,0,0,0,0
WG_METRICS 318,384,512,1.0992,0.0076,0.0068,1.0537,0.0162,0.0149,384,512,196608,393216,186584.6719,373169.3438,0.0000,0,0.0000,0.0000,0,0.0000,0,0.0000,0.0000,0,0.0000,0.0000,0,0,0,0,0,0,0,0,0,0,0,0,0,0,0,0,0,0,0,0,0,0,0,0,0
WG_METRICS 319,384,512,1.0934,0.0076,0.0068,1.0487,0.0150,0.0152,384,512,196608,393216,187474.2500,374948.5000,0.0000,0,0.0000,0.0000,0,0.0000,0,0.0000,0.0000,0,0.0000,0.0000,0,0,0,0,0,0,0,0,0,0,0,0,0,0,0,0,0,0,0,0,0,0,0,0,0
WG_METRICS 320,384,512,1.0831,0.0076,0.0068,1.0377,0.0153,0.0156,384,512,196608,393216,189461.5156,378923.0312,0.0000,0,0.0000,0.0000,0,0.0000,0,0.0000,0.0000,0,0.0000,0.0000,0,0,0,0,0,0,0,0,0,0,0,0,0,0,0,0,0,0,0,0,0,0,0,0,0
WG_METRICS 321,384,512,1.0840,0.0076,0.0068,1.0374,0.0164,0.0158,384,512,196608,393216,189527.2656,379054.5312,0.0000,0,0.0000,0.0000,0,0.0000,0,0.0000,0.0000,0,0.0000,0.0000,0,0,0,0,0,0,0,0,0,0,0,0,0,0,0,0,0,0,0,0,0,0,0,0,0
WG_METRICS 322,384,512,1.1208,0.0077,0.0068,1.0662,0.0245,0.0156,384,512,196608,393216,184393.7656,368787.5312,0.0000,0,0.0000,0.0000,0,0.0000,0,0.0000,0.0000,0,0.0000,0.0000,0,0,0,0,0,0,0,0,0,0,0,0,0,0,0,0,0,0,0,0,0,0,0,0,0
WG_METRICS 323,384,512,1.1049,0.0076,0.0068,1.0520,0.0234,0.0151,384,512,196608,393216,186896.8438,373793.6875,0.0000,0,0.0000,0.0000,0,0.0000,0,0.0000,0.0000,0,0.0000,0.0000,0,0,0,0,0,0,0,0,0,0,0,0,0,0,0,0,0,0,0,0,0,0,0,0,0
WG_METRICS 324,384,512,1.0995,0.0076,0.0069,1.0538,0.0158,0.0155,384,512,196608,393216,186577.5781,373155.1562,0.0000,0,0.0000,0.0000,0,0.0000,0,0.0000,0.0000,0,0.0000,0.0000,0,0,0,0,0,0,0,0,0,0,0,0,0,0,0,0,0,0,0,0,0,0,0,0,0
WG_METRICS 325,384,512,1.0959,0.0076,0.0068,1.0500,0.0156,0.0159,384,512,196608,393216,187245.7188,374491.4375,0.0000,0,0.0000,0.0000,0,0.0000,0,0.0000,0.0000,0,0.0000,0.0000,0,0,0,0,0,0,0,0,0,0,0,0,0,0,0,0,0,0,0,0,0,0,0,0,0
WG_METRICS 326,384,512,1.0984,0.0075,0.0068,1.0535,0.0154,0.0151,384,512,196608,393216,186620.0938,373240.1875,0.0000,0,0.0000,0.0000,0,0.0000,0,0.0000,0.0000,0,0.0000,0.0000,0,0,0,0,0,0,0,0,0,0,0,0,0,0,0,0,0,0,0,0,0,0,0,0,0
WG_METRICS 327,384,512,1.0977,0.0076,0.0068,1.0507,0.0177,0.0150,384,512,196608,393216,187124.5156,374249.0312,0.0000,0,0.0000,0.0000,0,0.0000,0,0.0000,0.0000,0,0.0000,0.0000,0,0,0,0,0,0,0,0,0,0,0,0,0,0,0,0,0,0,0,0,0,0,0,0,0
WG_METRICS 328,384,512,1.0975,0.0076,0.0061,1.0563,0.0119,0.0156,384,512,196608,393216,186132.4688,372264.9375,0.0000,0,0.0000,0.0000,0,0.0000,0,0.0000,0.0000,0,0.0000,0.0000,0,0,0,0,0,0,0,0,0,0,0,0,0,0,0,0,0,0,0,0,0,0,0,0,0
WG_METRICS 329,384,512,1.1050,0.0076,0.0068,1.0508,0.0243,0.0155,384,512,196608,393216,187110.2812,374220.5625,0.0000,0,0.0000,0.0000,0,0.0000,0,0.0000,0.0000,0,0.0000,0.0000,0,0,0,0,0,0,0,0,0,0,0,0,0,0,0,0,0,0,0,0,0,0,0,0,0
WG_METRICS 330,384,512,1.1070,0.0075,0.0068,1.0534,0.0238,0.0154,384,512,196608,393216,186641.3438,373282.6875,0.0000,0,0.0000,0.0000,0,0.0000,0,0.0000,0.0000,0,0.0000,0.0000,0,0,0,0,0,0,0,0,0,0,0,0,0,0,0,0,0,0,0,0,0,0,0,0,0
WG_METRICS 331,384,512,1.1029,0.0076,0.0068,1.0579,0.0152,0.0153,384,512,196608,393216,185850.9375,371701.8750,0.0000,0,0.0000,0.0000,0,0.0000,0,0.0000,0.0000,0,0.0000,0.0000,0,0,0,0,0,0,0,0,0,0,0,0,0,0,0,0,0,0,0,0,0,0,0,0,0
WG_METRICS 332,384,512,1.0922,0.0077,0.0068,1.0462,0.0158,0.0157,384,512,196608,393216,187918.6406,375837.2812,0.0000,0,0.0000,0.0000,0,0.0000,0,0.0000,0.0000,0,0.0000,0.0000,0,0,0,0,0,0,0,0,0,0,0,0,0,0,0,0,0,0,0,0,0,0,0,0,0
WG_METRICS 333,384,512,1.0913,0.0078,0.0068,1.0364,0.0245,0.0157,384,512,196608,393216,189695.5000,379391.0000,0.0000,0,0.0000,0.0000,0,0.0000,0,0.0000,0.0000,0,0.0000,0.0000,0,0,0,0,0,0,0,0,0,0,0,0,0,0,0,0,0,0,0,0,0,0,0,0,0
WG_METRICS 334,384,512,1.1097,0.0076,0.0068,1.0640,0.0162,0.0152,384,512,196608,393216,184788.9062,369577.8125,0.0000,0,0.0000,0.0000,0,0.0000,0,0.0000,0.0000,0,0.0000,0.0000,0,0,0,0,0,0,0,0,0,0,0,0,0,0,0,0,0,0,0,0,0,0,0,0,0
WG_METRICS 335,384,512,1.0919,0.0075,0.0067,1.0476,0.0152,0.0149,384,512,196608,393216,187681.8594,375363.7188,0.0000,0,0.0000,0.0000,0,0.0000,0,0.0000,0.0000,0,0.0000,0.0000,0,0,0,0,0,0,0,0,0,0,0,0,0,0,0,0,0,0,0,0,0,0,0,0,0
WG_METRICS 336,384,512,1.1091,0.0076,0.0068,1.0624,0.0168,0.0155,384,512,196608,393216,185067.2031,370134.4062,0.0000,0,0.0000,0.0000,0,0.0000,0,0.0000,0.0000,0,0.0000,0.0000,0,0,0,0,0,0,0,0,0,0,0,0,0,0,0,0,0,0,0,0,0,0,0,0,0
WG_METRICS 337,384,512,1.1001,0.0076,0.0064,1.0591,0.0114,0.0156,384,512,196608,393216,185633.3438,371266.6875,0.0000,0,0.0000,0.0000,0,0.0000,0,0.0000,0.0000,0,0.0000,0.0000,0,0,0,0,0,0,0,0,0,0,0,0,0,0,0,0,0,0,0,0,0,0,0,0,0
WG_METRICS 338,384,512,1.0921,0.0076,0.0068,1.0468,0.0154,0.0154,384,512,196608,393216,187810.9375,375621.8750,0.0000,0,0.0000,0.0000,0,0.0000,0,0.0000,0.0000,0,0.0000,0.0000,0,0,0,0,0,0,0,0,0,0,0,0,0,0,0,0,0,0,0,0,0,0,0,0,0
WG_METRICS 339,384,512,1.0989,0.0076,0.0068,1.0453,0.0240,0.0152,384,512,196608,393216,188084.0312,376168.0625,0.0000,0,0.0000,0.0000,0,0.0000,0,0.0000,0.0000,0,0.0000,0.0000,0,0,0,0,0,0,0,0,0,0,0,0,0,0,0,0,0,0,0,0,0,0,0,0,0
WG_METRICS 340,384,512,1.0897,0.0076,0.0068,1.0435,0.0155,0.0163,384,512,196608,393216,188415.6719,376831.3438,0.0000,0,0.0000,0.0000,0,0.0000,0,0.0000,0.0000,0,0.0000,0.0000,0,0,0,0,0,0,0,0,0,0,0,0,0,0,0,0,0,0,0,0,0,0,0,0,0
WG_METRICS 341,384,512,1.0888,0.0076,0.0066,1.0442,0.0154,0.0151,384,512,196608,393216,188285.7812,376571.5625,0.0000,0,0.0000,0.0000,0,0.0000,0,0.0000,0.0000,0,0.0000,0.0000,0,0,0,0,0,0,0,0,0,0,0,0,0,0,0,0,0,0,0,0,0,0,0,0,0
WG_METRICS 342,384,512,1.1007,0.0080,0.0068,1.0555,0.0150,0.0155,384,512,196608,393216,186266.4688,372532.9375,0.0000,0,0.0000,0.0000,0,0.0000,0,0.0000,0.0000,0,0.0000,0.0000,0,0,0,0,0,0,0,0,0,0,0,0,0,0,0,0,0,0,0,0,0,0,0,0,0
WG_METRICS 343,384,512,1.1235,0.0076,0.0068,1.0686,0.0247,0.0159,384,512,196608,393216,183993.4062,367986.8125,0.0000,0,0.0000,0.0000,0,0.0000,0,0.0000,0.0000,0,0.0000,0.0000,0,0,0,0,0,0,0,0,0,0,0,0,0,0,0,0,0,0,0,0,0,0,0,0,0
WG_METRICS 344,384,512,1.1050,0.0076,0.0068,1.0518,0.0236,0.0153,384,512,196608,393216,186925.2656,373850.5312,0.0000,0,0.0000,0.0000,0,0.0000,0,0.0000,0.0000,0,0.0000,0.0000,0,0,0,0,0,0,0,0,0,0,0,0,0,0,0,0,0,0,0,0,0,0,0,0,0
WG_METRICS 345,384,512,1.0930,0.0076,0.0066,1.0474,0.0156,0.0158,384,512,196608,393216,187710.5156,375421.0312,0.0000,0,0.0000,0.0000,0,0.0000,0,0.0000,0.0000,0,0.0000,0.0000,0,0,0,0,0,0,0,0,0,0,0,0,0,0,0,0,0,0,0,0,0,0,0,0,0
WG_METRICS 346,384,512,1.1190,0.0074,0.0065,1.0766,0.0130,0.0155,384,512,196608,393216,182626.1406,365252.2812,0.0000,0,0.0000,0.0000,0,0.0000,0,0.0000,0.0000,0,0.0000,0.0000,0,0,0,0,0,0,0,0,0,0,0,0,0,0,0,0,0,0,0,0,0,0,0,0,0
WG_METRICS 347,384,512,1.1125,0.0076,0.0066,1.0637,0.0196,0.0151,384,512,196608,393216,184830.5938,369661.1875,0.0000,0,0.0000,0.0000,0,0.0000,0,0.0000,0.0000,0,0.0000,0.0000,0,0,0,0,0,0,0,0,0,0,0,0,0,0,0,0,0,0,0,0,0,0,0,0,0
WG_METRICS 348,384,512,1.0860,0.0076,0.0067,1.0413,0.0152,0.0152,384,512,196608,393216,188813.7656,377627.5312,0.0000,0,0.0000,0.0000,0,0.0000,0,0.0000,0.0000,0,0.0000,0.0000,0,0,0,0,0,0,0,0,0,0,0,0,0,0,0,0,0,0,0,0,0,0,0,0,0
WG_METRICS 349,384,512,1.0988,0.0076,0.0067,1.0455,0.0238,0.0151,384,512,196608,393216,188048.0625,376096.1250,0.0000,0,0.0000,0.0000,0,0.0000,0,0.0000,0.0000,0,0.0000,0.0000,0,0,0,0,0,0,0,0,0,0,0,0,0,0,0,0,0,0,0,0,0,0,0,0,0
WG_METRICS 350,384,512,1.1000,0.0072,0.0066,1.0458,0.0248,0.0157,384,512,196608,393216,188004.8906,376009.7812,0.0000,0,0.0000,0.0000,0,0.0000,0,0.0000,0.0000,0,0.0000,0.0000,0,0,0,0,0,0,0,0,0,0,0,0,0,0,0,0,0,0,0,0,0,0,0,0,0
WG_METRICS 351,384,512,1.0842,0.0075,0.0068,1.0394,0.0152,0.0152,384,512,196608,393216,189148.0000,378296.0000,0.0000,0,0.0000,0.0000,0,0.0000,0,0.0000,0.0000,0,0.0000,0.0000,0,0,0,0,0,0,0,0,0,0,0,0,0,0,0,0,0,0,0,0,0,0,0,0,0
WG_METRICS 352,384,512,1.1050,0.0076,0.0068,1.0505,0.0246,0.0154,384,512,196608,393216,187153.0469,374306.0938,0.0000,0,0.0000,0.0000,0,0.0000,0,0.0000,0.0000,0,0.0000,0.0000,0,0,0,0,0,0,0,0,0,0,0,0,0,0,0,0,0,0,0,0,0,0,0,0,0
WG_METRICS 353,384,512,1.1380,0.0075,0.0066,1.0932,0.0154,0.0152,384,512,196608,393216,179839.7344,359679.4688,0.0000,0,0.0000,0.0000,0,0.0000,0,0.0000,0.0000,0,0.0000,0.0000,0,0,0,0,0,0,0,0,0,0,0,0,0,0,0,0,0,0,0,0,0,0,0,0,0
WG_METRICS 354,384,512,1.0936,0.0076,0.0066,1.0488,0.0155,0.0152,384,512,196608,393216,187452.7969,374905.5938,0.0000,0,0.0000,0.0000,0,0.0000,0,0.0000,0.0000,0,0.0000,0.0000,0,0,0,0,0,0,0,0,0,0,0,0,0,0,0,0,0,0,0,0,0,0,0,0,0
WG_METRICS 355,384,512,1.0876,0.0075,0.0059,1.0442,0.0149,0.0151,384,512,196608,393216,188292.9844,376585.9688,0.0000,0,0.0000,0.0000,0,0.0000,0,0.0000,0.0000,0,0.0000,0.0000,0,0,0,0,0,0,0,0,0,0,0,0,0,0,0,0,0,0,0,0,0,0,0,0,0
WG_METRICS 356,384,512,1.1312,0.0075,0.0066,1.0856,0.0158,0.0158,384,512,196608,393216,181105.3750,362210.7500,0.0000,0,0.0000,0.0000,0,0.0000,0,0.0000,0.0000,0,0.0000,0.0000,0,0,0,0,0,0,0,0,0,0,0,0,0,0,0,0,0,0,0,0,0,0,0,0,0
WG_METRICS 357,384,512,1.1104,0.0075,0.0068,1.0556,0.0246,0.0159,384,512,196608,393216,186252.3594,372504.7188,0.0000,0,0.0000,0.0000,0,0.0000,0,0.0000,0.0000,0,0.0000,0.0000,0,0,0,0,0,0,0,0,0,0,0,0,0,0,0,0,0,0,0,0,0,0,0,0,0
WG_METRICS 358,384,512,1.1068,0.0076,0.0066,1.0518,0.0250,0.0159,384,512,196608,393216,186925.2656,373850.5312,0.0000,0,0.0000,0.0000,0,0.0000,0,0.0000,0.0000,0,0.0000,0.0000,0,0,0,0,0,0,0,0,0,0,0,0,0,0,0,0,0,0,0,0,0,0,0,0,0
WG_METRICS 359,384,512,1.0974,0.0076,0.0069,1.0426,0.0245,0.0159,384,512,196608,393216,188581.9531,377163.9062,0.0000,0,0.0000,0.0000,0,0.0000,0,0.0000,0.0000,0,0.0000,0.0000,0,0,0,0,0,0,0,0,0,0,0,0,0,0,0,0,0,0,0,0,0,0,0,0,0
WG_METRICS 360,384,512,1.1413,0.0076,0.0068,1.0873,0.0239,0.0157,384,512,196608,393216,180818.9062,361637.8125,0.0000,0,0.0000,0.0000,0,0.0000,0,0.0000,0.0000,0,0.0000,0.0000,0,0,0,0,0,0,0,0,0,0,0,0,0,0,0,0,0,0,0,0,0,0,0,0,0
WG_METRICS 361,384,512,1.0713,0.0076,0.0067,1.0268,0.0152,0.0150,384,512,196608,393216,191483.8906,382967.7812,0.0000,0,0.0000,0.0000,0,0.0000,0,0.0000,0.0000,0,0.0000,0.0000,0,0,0,0,0,0,0,0,0,0,0,0,0,0,0,0,0,0,0,0,0,0,0,0,0
WG_METRICS 362,384,512,1.1038,0.0076,0.0068,1.0578,0.0152,0.0165,384,512,196608,393216,185872.0312,371744.0625,0.0000,0,0.0000,0.0000,0,0.0000,0,0.0000,0.0000,0,0.0000,0.0000,0,0,0,0,0,0,0,0,0,0,0,0,0,0,0,0,0,0,0,0,0,0,0,0,0
WG_METRICS 363,384,512,1.0924,0.0080,0.0067,1.0461,0.0162,0.0154,384,512,196608,393216,187940.1875,375880.3750,0.0000,0,0.0000,0.0000,0,0.0000,0,0.0000,0.0000,0,0.0000,0.0000,0,0,0,0,0,0,0,0,0,0,0,0,0,0,0,0,0,0,0,0,0,0,0,0,0
WG_METRICS 364,384,512,1.0880,0.0076,0.0066,1.0430,0.0158,0.0150,384,512,196608,393216,188502.4062,377004.8125,0.0000,0,0.0000,0.0000,0,0.0000,0,0.0000,0.0000,0,0.0000,0.0000,0,0,0,0,0,0,0,0,0,0,0,0,0,0,0,0,0,0,0,0,0,0,0,0,0
WG_METRICS 365,384,512,1.1026,0.0076,0.0067,1.0482,0.0243,0.0158,384,512,196608,393216,187560.1094,375120.2188,0.0000,0,0.0000,0.0000,0,0.0000,0,0.0000,0.0000,0,0.0000,0.0000,0,0,0,0,0,0,0,0,0,0,0,0,0,0,0,0,0,0,0,0,0,0,0,0,0
WG_METRICS 366,384,512,1.1099,0.0076,0.0067,1.0557,0.0244,0.0156,384,512,196608,393216,186238.2500,372476.5000,0.0000,0,0.0000,0.0000,0,0.0000,0,0.0000,0.0000,0,0.0000,0.0000,0,0,0,0,0,0,0,0,0,0,0,0,0,0,0,0,0,0,0,0,0,0,0,0,0
WG_METRICS 367,384,512,1.0811,0.0075,0.0068,1.0353,0.0158,0.0158,384,512,196608,393216,189900.7031,379801.4062,0.0000,0,0.0000,0.0000,0,0.0000,0,0.0000,0.0000,0,0.0000,0.0000,0,0,0,0,0,0,0,0,0,0,0,0,0,0,0,0,0,0,0,0,0,0,0,0,0
WG_METRICS 368,384,512,1.1363,0.0076,0.0068,1.0955,0.0108,0.0156,384,512,196608,393216,179472.0156,358944.0312,0.0000,0,0.0000,0.0000,0,0.0000,0,0.0000,0.0000,0,0.0000,0.0000,0,0,0,0,0,0,0,0,0,0,0,0,0,0,0,0,0,0,0,0,0,0,0,0,0
WG_METRICS 369,384,512,1.0899,0.0076,0.0064,1.0445,0.0155,0.0158,384,512,196608,393216,188228.0781,376456.1562,0.0000,0,0.0000,0.0000,0,0.0000,0,0.0000,0.0000,0,0.0000,0.0000,0,0,0,0,0,0,0,0,0,0,0,0,0,0,0,0,0,0,0,0,0,0,0,0,0
WG_METRICS 370,384,512,1.0825,0.0076,0.0066,1.0383,0.0150,0.0150,384,512,196608,393216,189352.0469,378704.0938,0.0000,0,0.0000,0.0000,0,0.0000,0,0.0000,0.0000,0,0.0000,0.0000,0,0,0,0,0,0,0,0,0,0,0,0,0,0,0,0,0,0,0,0,0,0,0,0,0
WG_METRICS 371,384,512,1.0912,0.0076,0.0068,1.0462,0.0153,0.0153,384,512,196608,393216,187918.6406,375837.2812,0.0000,0,0.0000,0.0000,0,0.0000,0,0.0000,0.0000,0,0.0000,0.0000,0,0,0,0,0,0,0,0,0,0,0,0,0,0,0,0,0,0,0,0,0,0,0,0,0
WG_METRICS 372,384,512,1.1060,0.0075,0.0069,1.0522,0.0236,0.0158,384,512,196608,393216,186847.1094,373694.2188,0.0000,0,0.0000,0.0000,0,0.0000,0,0.0000,0.0000,0,0.0000,0.0000,0,0,0,0,0,0,0,0,0,0,0,0,0,0,0,0,0,0,0,0,0,0,0,0,0
WG_METRICS 373,384,512,1.1078,0.0076,0.0068,1.0528,0.0248,0.0158,384,512,196608,393216,186740.6250,373481.2500,0.0000,0,0.0000,0.0000,0,0.0000,0,0.0000,0.0000,0,0.0000,0.0000,0,0,0,0,0,0,0,0,0,0,0,0,0,0,0,0,0,0,0,0,0,0,0,0,0
WG_METRICS 374,384,512,1.0941,0.0076,0.0068,1.0487,0.0155,0.0155,384,512,196608,393216,187481.4219,374962.8438,0.0000,0,0.0000,0.0000,0,0.0000,0,0.0000,0.0000,0,0.0000,0.0000,0,0,0,0,0,0,0,0,0,0,0,0,0,0,0,0,0,0,0,0,0,0,0,0,0
WG_METRICS 375,384,512,1.1241,0.0076,0.0068,1.0828,0.0112,0.0157,384,512,196608,393216,181573.6875,363147.3750,0.0000,0,0.0000,0.0000,0,0.0000,0,0.0000,0.0000,0,0.0000,0.0000,0,0,0,0,0,0,0,0,0,0,0,0,0,0,0,0,0,0,0,0,0,0,0,0,0
WG_METRICS 376,384,512,1.0907,0.0077,0.0067,1.0363,0.0246,0.0154,384,512,196608,393216,189717.4688,379434.9375,0.0000,0,0.0000,0.0000,0,0.0000,0,0.0000,0.0000,0,0.0000,0.0000,0,0,0,0,0,0,0,0,0,0,0,0,0,0,0,0,0,0,0,0,0,0,0,0,0
WG_METRICS 377,384,512,1.0939,0.0076,0.0068,1.0480,0.0157,0.0157,384,512,196608,393216,187595.8906,375191.7812,0.0000,0,0.0000,0.0000,0,0.0000,0,0.0000,0.0000,0,0.0000,0.0000,0,0,0,0,0,0,0,0,0,0,0,0,0,0,0,0,0,0,0,0,0,0,0,0,0
WG_METRICS 378,384,512,1.0933,0.0076,0.0068,1.0488,0.0151,0.0150,384,512,196608,393216,187467.0938,374934.1875,0.0000,0,0.0000,0.0000,0,0.0000,0,0.0000,0.0000,0,0.0000,0.0000,0,0,0,0,0,0,0,0,0,0,0,0,0,0,0,0,0,0,0,0,0,0,0,0,0
WG_METRICS 379,384,512,1.1160,0.0077,0.0066,1.0625,0.0237,0.0154,384,512,196608,393216,185039.3281,370078.6562,0.0000,0,0.0000,0.0000,0,0.0000,0,0.0000,0.0000,0,0.0000,0.0000,0,0,0,0,0,0,0,0,0,0,0,0,0,0,0,0,0,0,0,0,0,0,0,0,0
WG_METRICS 380,384,512,1.1105,0.0073,0.0065,1.0550,0.0252,0.0166,384,512,196608,393216,186351.2344,372702.4688,0.0000,0,0.0000,0.0000,0,0.0000,0,0.0000,0.0000,0,0.0000,0.0000,0,0,0,0,0,0,0,0,0,0,0,0,0,0,0,0,0,0,0,0,0,0,0,0,0
WG_METRICS 381,384,512,1.0894,0.0075,0.0068,1.0440,0.0155,0.0156,384,512,196608,393216,188321.8281,376643.6562,0.0000,0,0.0000,0.0000,0,0.0000,0,0.0000,0.0000,0,0.0000,0.0000,0,0,0,0,0,0,0,0,0,0,0,0,0,0,0,0,0,0,0,0,0,0,0,0,0
WG_METRICS 382,384,512,1.1174,0.0077,0.0066,1.0805,0.0071,0.0155,384,512,196608,393216,181956.8281,363913.6562,0.0000,0,0.0000,0.0000,0,0.0000,0,0.0000,0.0000,0,0.0000,0.0000,0,0,0,0,0,0,0,0,0,0,0,0,0,0,0,0,0,0,0,0,0,0,0,0,0
WG_METRICS 383,384,512,1.0899,0.0076,0.0068,1.0525,0.0062,0.0167,384,512,196608,393216,186797.3906,373594.7812,0.0000,0,0.0000,0.0000,0,0.0000,0,0.0000,0.0000,0,0.0000,0.0000,0,0,0,0,0,0,0,0,0,0,0,0,0,0,0,0,0,0,0,0,0,0,0,0,0
WG_METRICS 384,384,512,1.1123,0.0076,0.0067,1.0587,0.0238,0.0155,384,512,196608,393216,185703.5000,371407.0000,0.0000,0,0.0000,0.0000,0,0.0000,0,0.0000,0.0000,0,0.0000,0.0000,0,0,0,0,0,0,0,0,0,0,0,0,0,0,0,0,0,0,0,0,0,0,0,0,0
WG_METRICS 385,384,512,1.0966,0.0076,0.0067,1.0518,0.0150,0.0154,384,512,196608,393216,186918.1719,373836.3438,0.0000,0,0.0000,0.0000,0,0.0000,0,0.0000,0.0000,0,0.0000,0.0000,0,0,0,0,0,0,0,0,0,0,0,0,0,0,0,0,0,0,0,0,0,0,0,0,0
WG_METRICS 386,384,512,1.1255,0.0076,0.0067,1.0804,0.0154,0.0153,384,512,196608,393216,181977.0469,363954.0938,0.0000,0,0.0000,0.0000,0,0.0000,0,0.0000,0.0000,0,0.0000,0.0000,0,0,0,0,0,0,0,0,0,0,0,0,0,0,0,0,0,0,0,0,0,0,0,0,0
WG_METRICS 387,384,512,1.0929,0.0077,0.0068,1.0468,0.0158,0.0160,384,512,196608,393216,187825.2969,375650.5938,0.0000,0,0.0000,0.0000,0,0.0000,0,0.0000,0.0000,0,0.0000,0.0000,0,0,0,0,0,0,0,0,0,0,0,0,0,0,0,0,0,0,0,0,0,0,0,0,0
WG_METRICS 388,384,512,1.0927,0.0076,0.0068,1.0384,0.0243,0.0156,384,512,196608,393216,189344.7344,378689.4688,0.0000,0,0.0000,0.0000,0,0.0000,0,0.0000,0.0000,0,0.0000,0.0000,0,0,0,0,0,0,0,0,0,0,0,0,0,0,0,0,0,0,0,0,0,0,0,0,0
WG_METRICS 389,384,512,1.1126,0.0077,0.0069,1.0663,0.0157,0.0159,384,512,196608,393216,184379.9375,368759.8750,0.0000,0,0.0000,0.0000,0,0.0000,0,0.0000,0.0000,0,0.0000,0.0000,0,0,0,0,0,0,0,0,0,0,0,0,0,0,0,0,0,0,0,0,0,0,0,0,0
WG_METRICS 390,384,512,1.0884,0.0075,0.0068,1.0416,0.0160,0.0164,384,512,196608,393216,188748.5000,377497.0000,0.0000,0,0.0000,0.0000,0,0.0000,0,0.0000,0.0000,0,0.0000,0.0000,0,0,0,0,0,0,0,0,0,0,0,0,0,0,0,0,0,0,0,0,0,0,0,0,0
WG_METRICS 391,384,512,1.0838,0.0076,0.0068,1.0392,0.0151,0.0152,384,512,196608,393216,189198.9688,378397.9375,0.0000,0,0.0000,0.0000,0,0.0000,0,0.0000,0.0000,0,0.0000,0.0000,0,0,0,0,0,0,0,0,0,0,0,0,0,0,0,0,0,0,0,0,0,0,0,0,0
WG_METRICS 392,384,512,1.1077,0.0076,0.0068,1.0716,0.0061,0.0156,384,512,196608,393216,183471.4531,366942.9062,0.0000,0,0.0000,0.0000,0,0.0000,0,0.0000,0.0000,0,0.0000,0.0000,0,0,0,0,0,0,0,0,0,0,0,0,0,0,0,0,0,0,0,0,0,0,0,0,0
WG_METRICS 393,384,512,1.0968,0.0076,0.0068,1.0422,0.0243,0.0158,384,512,196608,393216,188639.8438,377279.6875,0.0000,0,0.0000,0.0000,0,0.0000,0,0.0000,0.0000,0,0.0000,0.0000,0,0,0,0,0,0,0,0,0,0,0,0,0,0,0,0,0,0,0,0,0,0,0,0,0
WG_METRICS 394,384,512,1.0826,0.0076,0.0066,1.0370,0.0156,0.0158,384,512,196608,393216,189585.7500,379171.5000,0.0000,0,0.0000,0.0000,0,0.0000,0,0.0000,0.0000,0,0.0000,0.0000,0,0,0,0,0,0,0,0,0,0,0,0,0,0,0,0,0,0,0,0,0,0,0,0,0
WG_METRICS 395,384,512,1.1369,0.0076,0.0067,1.0912,0.0156,0.0158,384,512,196608,393216,180175.9531,360351.9062,0.0000,0,0.0000,0.0000,0,0.0000,0,0.0000,0.0000,0,0.0000,0.0000,0,0,0,0,0,0,0,0,0,0,0,0,0,0,0,0,0,0,0,0,0,0,0,0,0
WG_METRICS 396,384,512,1.0932,0.0076,0.0068,1.0485,0.0152,0.0151,384,512,196608,393216,187510.0156,375020.0312,0.0000,0,0.0000,0.0000,0,0.0000,0,0.0000,0.0000,0,0.0000,0.0000,0,0,0,0,0,0,0,0,0,0,0,0,0,0,0,0,0,0,0,0,0,0,0,0,0
WG_METRICS 397,384,512,1.0836,0.0075,0.0068,1.0386,0.0150,0.0157,384,512,196608,393216,189308.2656,378616.5312,0.0000,0,0.0000,0.0000,0,0.0000,0,0.0000,0.0000,0,0.0000,0.0000,0,0,0,0,0,0,0,0,0,0,0,0,0,0,0,0,0,0,0,0,0,0,0,0,0
WG_METRICS 398,384,512,1.0958,0.0075,0.0066,1.0427,0.0238,0.0152,384,512,196608,393216,188560.2500,377120.5000,0.0000,0,0.0000,0.0000,0,0.0000,0,0.0000,0.0000,0,0.0000,0.0000,0,0,0,0,0,0,0,0,0,0,0,0,0,0,0,0,0,0,0,0,0,0,0,0,0
WG_METRICS 399,384,512,1.0988,0.0076,0.0066,1.0539,0.0152,0.0155,384,512,196608,393216,186549.2656,373098.5312,0.0000,0,0.0000,0.0000,0,0.0000,0,0.0000,0.0000,0,0.0000,0.0000,0,0,0,0,0,0,0,0,0,0,0,0,0,0,0,0,0,0,0,0,0,0,0,0,0
WG_METRICS 400,384,512,1.0894,0.0076,0.0068,1.0416,0.0165,0.0168,384,512,196608,393216,188748.5000,377497.0000,0.0000,0,0.0000,0.0000,0,0.0000,0,0.0000,0.0000,0,0.0000,0.0000,0,0,0,0,0,0,0,0,0,0,0,0,0,0,0,0,0,0,0,0,0,0,0,0,0
WG_METRICS 401,384,512,1.1224,0.0076,0.0069,1.0766,0.0161,0.0153,384,512,196608,393216,182626.1406,365252.2812,0.0000,0,0.0000,0.0000,0,0.0000,0,0.0000,0.0000,0,0.0000,0.0000,0,0,0,0,0,0,0,0,0,0,0,0,0,0,0,0,0,0,0,0,0,0,0,0,0
WG_METRICS 402,384,512,1.0714,0.0075,0.0068,1.0298,0.0118,0.0154,384,512,196608,393216,190911.2031,381822.4062,0.0000,0,0.0000,0.0000,0,0.0000,0,0.0000,0.0000,0,0.0000,0.0000,0,0,0,0,0,0,0,0,0,0,0,0,0,0,0,0,0,0,0,0,0,0,0,0,0
WG_METRICS 403,384,512,1.0887,0.0076,0.0068,1.0424,0.0154,0.0166,384,512,196608,393216,188618.1406,377236.2812,0.0000,0,0.0000,0.0000,0,0.0000,0,0.0000,0.0000,0,0.0000,0.0000,0,0,0,0,0,0,0,0,0,0,0,0,0,0,0,0,0,0,0,0,0,0,0,0,0
WG_METRICS 404,384,512,1.0938,0.0076,0.0068,1.0407,0.0236,0.0151,384,512,196608,393216,188922.6250,377845.2500,0.0000,0,0.0000,0.0000,0,0.0000,0,0.0000,0.0000,0,0.0000,0.0000,0,0,0,0,0,0,0,0,0,0,0,0,0,0,0,0,0,0,0,0,0,0,0,0,0
WG_METRICS 405,384,512,1.0992,0.0077,0.0068,1.0542,0.0150,0.0155,384,512,196608,393216,186492.6406,372985.2812,0.0000,0,0.0000,0.0000,0,0.0000,0,0.0000,0.0000,0,0.0000,0.0000,0,0,0,0,0,0,0,0,0,0,0,0,0,0,0,0,0,0,0,0,0,0,0,0,0
WG_METRICS 406,384,512,1.0886,0.0077,0.0068,1.0373,0.0206,0.0162,384,512,196608,393216,189534.5625,379069.1250,0.0000,0,0.0000,0.0000,0,0.0000,0,0.0000,0.0000,0,0.0000,0.0000,0,0,0,0,0,0,0,0,0,0,0,0,0,0,0,0,0,0,0,0,0,0,0,0,0
WG_METRICS 407,384,512,1.1139,0.0076,0.0068,1.0606,0.0238,0.0150,384,512,196608,393216,185367.3281,370734.6562,0.0000,0,0.0000,0.0000,0,0.0000,0,0.0000,0.0000,0,0.0000,0.0000,0,0,0,0,0,0,0,0,0,0,0,0,0,0,0,0,0,0,0,0,0,0,0,0,0
WG_METRICS 408,384,512,1.1199,0.0076,0.0066,1.0742,0.0159,0.0157,384,512,196608,393216,183034.1875,366068.3750,0.0000,0,0.0000,0.0000,0,0.0000,0,0.0000,0.0000,0,0.0000,0.0000,0,0,0,0,0,0,0,0,0,0,0,0,0,0,0,0,0,0,0,0,0,0,0,0,0
WG_METRICS 409,384,512,1.0894,0.0076,0.0068,1.0439,0.0158,0.0152,384,512,196608,393216,188336.2656,376672.5312,0.0000,0,0.0000,0.0000,0,0.0000,0,0.0000,0.0000,0,0.0000,0.0000,0,0,0,0,0,0,0,0,0,0,0,0,0,0,0,0,0,0,0,0,0,0,0,0,0
WG_METRICS 410,384,512,1.0880,0.0076,0.0068,1.0420,0.0164,0.0152,384,512,196608,393216,188676.0625,377352.1250,0.0000,0,0.0000,0.0000,0,0.0000,0,0.0000,0.0000,0,0.0000,0.0000,0,0,0,0,0,0,0,0,0,0,0,0,0,0,0,0,0,0,0,0,0,0,0,0,0
WG_METRICS 411,384,512,1.0959,0.0076,0.0068,1.0424,0.0239,0.0153,384,512,196608,393216,188603.6562,377207.3125,0.0000,0,0.0000,0.0000,0,0.0000,0,0.0000,0.0000,0,0.0000,0.0000,0,0,0,0,0,0,0,0,0,0,0,0,0,0,0,0,0,0,0,0,0,0,0,0,0
WG_METRICS 412,384,512,1.0885,0.0076,0.0068,1.0431,0.0151,0.0160,384,512,196608,393216,188487.9375,376975.8750,0.0000,0,0.0000,0.0000,0,0.0000,0,0.0000,0.0000,0,0.0000,0.0000,0,0,0,0,0,0,0,0,0,0,0,0,0,0,0,0,0,0,0,0,0,0,0,0,0
WG_METRICS 413,384,512,1.0882,0.0076,0.0056,1.0432,0.0161,0.0156,384,512,196608,393216,188459.0469,376918.0938,0.0000,0,0.0000,0.0000,0,0.0000,0,0.0000,0.0000,0,0.0000,0.0000,0,0,0,0,0,0,0,0,0,0,0,0,0,0,0,0,0,0,0,0,0,0,0,0,0
WG_METRICS 414,384,512,1.0940,0.0076,0.0068,1.0487,0.0156,0.0152,384,512,196608,393216,187474.2500,374948.5000,0.0000,0,0.0000,0.0000,0,0.0000,0,0.0000,0.0000,0,0.0000,0.0000,0,0,0,0,0,0,0,0,0,0,0,0,0,0,0,0,0,0,0,0,0,0,0,0,0
WG_METRICS 415,384,512,1.1161,0.0077,0.0068,1.0716,0.0146,0.0154,384,512,196608,393216,183471.4531,366942.9062,0.0000,0,0.0000,0.0000,0,0.0000,0,0.0000,0.0000,0,0.0000,0.0000,0,0,0,0,0,0,0,0,0,0,0,0,0,0,0,0,0,0,0,0,0,0,0,0,0
WG_METRICS 416,384,512,1.0774,0.0076,0.0068,1.0323,0.0156,0.0150,384,512,196608,393216,190452.5625,380905.1250,0.0000,0,0.0000,0.0000,0,0.0000,0,0.0000,0.0000,0,0.0000,0.0000,0,0,0,0,0,0,0,0,0,0,0,0,0,0,0,0,0,0,0,0,0,0,0,0,0
WG_METRICS 417,384,512,1.1013,0.0077,0.0065,1.0476,0.0238,0.0157,384,512,196608,393216,187667.5312,375335.0625,0.0000,0,0.0000,0.0000,0,0.0000,0,0.0000,0.0000,0,0.0000,0.0000,0,0,0,0,0,0,0,0,0,0,0,0,0,0,0,0,0,0,0,0,0,0,0,0,0
WG_METRICS 418,384,512,1.1034,0.0076,0.0068,1.0582,0.0154,0.0154,384,512,196608,393216,185787.7188,371575.4375,0.0000,0,0.0000,0.0000,0,0.0000,0,0.0000,0.0000,0,0.0000,0.0000,0,0,0,0,0,0,0,0,0,0,0,0,0,0,0,0,0,0,0,0,0,0,0,0,0
WG_METRICS 419,384,512,1.1166,0.0076,0.0067,1.0736,0.0134,0.0153,384,512,196608,393216,183122.8438,366245.6875,0.0000,0,0.0000,0.0000,0,0.0000,0,0.0000,0.0000,0,0.0000,0.0000,0,0,0,0,0,0,0,0,0,0,0,0,0,0,0,0,0,0,0,0,0,0,0,0,0
WG_METRICS 420,384,512,1.0864,0.0076,0.0066,1.0402,0.0163,0.0157,384,512,196608,393216,189017.0781,378034.1562,0.0000,0,0.0000,0.0000,0,0.0000,0,0.0000,0.0000,0,0.0000,0.0000,0,0,0,0,0,0,0,0,0,0,0,0,0,0,0,0,0,0,0,0,0,0,0,0,0
WG_METRICS 421,384,512,1.1010,0.0076,0.0066,1.0564,0.0152,0.0152,384,512,196608,393216,186111.3281,372222.6562,0.0000,0,0.0000,0.0000,0,0.0000,0,0.0000,0.0000,0,0.0000,0.0000,0,0,0,0,0,0,0,0,0,0,0,0,0,0,0,0,0,0,0,0,0,0,0,0,0
WG_METRICS 422,384,512,1.1653,0.0076,0.0066,1.1209,0.0146,0.0156,384,512,196608,393216,175398.7812,350797.5625,0.0000,0,0.0000,0.0000,0,0.0000,0,0.0000,0.0000,0,0.0000,0.0000,0,0,0,0,0,0,0,0,0,0,0,0,0,0,0,0,0,0,0,0,0,0,0,0,0
WG_METRICS 423,384,512,1.1063,0.0076,0.0068,1.0608,0.0158,0.0154,384,512,196608,393216,185346.3594,370692.7188,0.0000,0,0.0000,0.0000,0,0.0000,0,0.0000,0.0000,0,0.0000,0.0000,0,0,0,0,0,0,0,0,0,0,0,0,0,0,0,0,0,0,0,0,0,0,0,0,0
WG_METRICS 424,384,512,1.0905,0.0075,0.0068,1.0454,0.0155,0.0152,384,512,196608,393216,188069.6406,376139.2812,0.0000,0,0.0000,0.0000,0,0.0000,0,0.0000,0.0000,0,0.0000,0.0000,0,0,0,0,0,0,0,0,0,0,0,0,0,0,0,0,0,0,0,0,0,0,0,0,0
WG_METRICS 425,384,512,1.0899,0.0076,0.0056,1.0454,0.0156,0.0156,384,512,196608,393216,188062.4531,376124.9062,0.0000,0,0.0000,0.0000,0,0.0000,0,0.0000,0.0000,0,0.0000,0.0000,0,0,0,0,0,0,0,0,0,0,0,0,0,0,0,0,0,0,0,0,0,0,0,0,0
WG_METRICS 426,384,512,1.0915,0.0076,0.0068,1.0516,0.0103,0.0152,384,512,196608,393216,186953.7031,373907.4062,0.0000,0,0.0000,0.0000,0,0.0000,0,0.0000,0.0000,0,0.0000,0.0000,0,0,0,0,0,0,0,0,0,0,0,0,0,0,0,0,0,0,0,0,0,0,0,0,0
WG_METRICS 427,384,512,1.0890,0.0077,0.0066,1.0428,0.0163,0.0157,384,512,196608,393216,188545.7812,377091.5625,0.0000,0,0.0000,0.0000,0,0.0000,0,0.0000,0.0000,0,0.0000,0.0000,0,0,0,0,0,0,0,0,0,0,0,0,0,0,0,0,0,0,0,0,0,0,0,0,0
WG_METRICS 428,384,512,1.0876,0.0077,0.0067,1.0432,0.0150,0.0150,384,512,196608,393216,188459.0469,376918.0938,0.0000,0,0.0000,0.0000,0,0.0000,0,0.0000,0.0000,0,0.0000,0.0000,0,0,0,0,0,0,0,0,0,0,0,0,0,0,0,0,0,0,0,0,0,0,0,0,0
WG_METRICS 429,384,512,1.1230,0.0076,0.0068,1.0772,0.0161,0.0155,384,512,196608,393216,182524.4219,365048.8438,0.0000,0,0.0000,0.0000,0,0.0000,0,0.0000,0.0000,0,0.0000,0.0000,0,0,0,0,0,0,0,0,0,0,0,0,0,0,0,0,0,0,0,0,0,0,0,0,0
WG_METRICS 430,384,512,1.0942,0.0075,0.0066,1.0528,0.0120,0.0152,384,512,196608,393216,186747.7031,373495.4062,0.0000,0,0.0000,0.0000,0,0.0000,0,0.0000,0.0000,0,0.0000,0.0000,0,0,0,0,0,0,0,0,0,0,0,0,0,0,0,0,0,0,0,0,0,0,0,0,0
WG_METRICS 431,384,512,1.1025,0.0076,0.0067,1.0480,0.0242,0.0159,384,512,196608,393216,187595.8906,375191.7812,0.0000,0,0.0000,0.0000,0,0.0000,0,0.0000,0.0000,0,0.0000,0.0000,0,0,0,0,0,0,0,0,0,0,0,0,0,0,0,0,0,0,0,0,0,0,0,0,0
WG_METRICS 432,384,512,1.0902,0.0076,0.0068,1.0454,0.0151,0.0154,384,512,196608,393216,188076.8438,376153.6875,0.0000,0,0.0000,0.0000,0,0.0000,0,0.0000,0.0000,0,0.0000,0.0000,0,0,0,0,0,0,0,0,0,0,0,0,0,0,0,0,0,0,0,0,0,0,0,0,0
WG_METRICS 433,384,512,1.0876,0.0076,0.0066,1.0421,0.0153,0.0160,384,512,196608,393216,188668.8125,377337.6250,0.0000,0,0.0000,0.0000,0,0.0000,0,0.0000,0.0000,0,0.0000,0.0000,0,0,0,0,0,0,0,0,0,0,0,0,0,0,0,0,0,0,0,0,0,0,0,0,0
WG_METRICS 434,384,512,1.1004,0.0076,0.0069,1.0541,0.0160,0.0159,384,512,196608,393216,186513.8750,373027.7500,0.0000,0,0.0000,0.0000,0,0.0000,0,0.0000,0.0000,0,0.0000,0.0000,0,0,0,0,0,0,0,0,0,0,0,0,0,0,0,0,0,0,0,0,0,0,0,0,0
WG_METRICS 435,384,512,1.0910,0.0076,0.0065,1.0462,0.0152,0.0154,384,512,196608,393216,187925.8125,375851.6250,0.0000,0,0.0000,0.0000,0,0.0000,0,0.0000,0.0000,0,0.0000,0.0000,0,0,0,0,0,0,0,0,0,0,0,0,0,0,0,0,0,0,0,0,0,0,0,0,0
WG_METRICS 436,384,512,1.1006,0.0076,0.0067,1.0549,0.0162,0.0152,384,512,196608,393216,186379.4844,372758.9688,0.0000,0,0.0000,0.0000,0,0.0000,0,0.0000,0.0000,0,0.0000,0.0000,0,0,0,0,0,0,0,0,0,0,0,0,0,0,0,0,0,0,0,0,0,0,0,0,0
WG_METRICS 437,384,512,1.0865,0.0076,0.0068,1.0412,0.0156,0.0152,384,512,196608,393216,188828.2656,377656.5312,0.0000,0,0.0000,0.0000,0,0.0000,0,0.0000,0.0000,0,0.0000,0.0000,0,0,0,0,0,0,0,0,0,0,0,0,0,0,0,0,0,0,0,0,0,0,0,0,0
WG_METRICS 438,384,512,1.0949,0.0075,0.0068,1.0401,0.0249,0.0156,384,512,196608,393216,189031.6250,378063.2500,0.0000,0,0.0000,0.0000,0,0.0000,0,0.0000,0.0000,0,0.0000,0.0000,0,0,0,0,0,0,0,0,0,0,0,0,0,0,0,0,0,0,0,0,0,0,0,0,0
WG_METRICS 439,384,512,1.0762,0.0077,0.0068,1.0314,0.0150,0.0153,384,512,196608,393216,190615.0625,381230.1250,0.0000,0,0.0000,0.0000,0,0.0000,0,0.0000,0.0000,0,0.0000,0.0000,0,0,0,0,0,0,0,0,0,0,0,0,0,0,0,0,0,0,0,0,0,0,0,0,0
WG_METRICS 440,384,512,1.1131,0.0075,0.0068,1.0596,0.0235,0.0156,384,512,196608,393216,185556.2812,371112.5625,0.0000,0,0.0000,0.0000,0,0.0000,0,0.0000,0.0000,0,0.0000,0.0000,0,0,0,0,0,0,0,0,0,0,0,0,0,0,0,0,0,0,0,0,0,0,0,0,0
WG_METRICS 441,384,512,1.0917,0.0075,0.0062,1.0461,0.0162,0.0157,384,512,196608,393216,187947.3906,375894.7812,0.0000,0,0.0000,0.0000,0,0.0000,0,0.0000,0.0000,0,0.0000,0.0000,0,0,0,0,0,0,0,0,0,0,0,0,0,0,0,0,0,0,0,0,0,0,0,0,0
WG_METRICS 442,384,512,1.1015,0.0075,0.0068,1.0563,0.0158,0.0152,384,512,196608,393216,186132.4688,372264.9375,0.0000,0,0.0000,0.0000,0,0.0000,0,0.0000,0.0000,0,0.0000,0.0000,0,0,0,0,0,0,0,0,0,0,0,0,0,0,0,0,0,0,0,0,0,0,0,0,0
WG_METRICS 443,384,512,1.0867,0.0076,0.0067,1.0421,0.0152,0.0151,384,512,196608,393216,188668.8125,377337.6250,0.0000,0,0.0000,0.0000,0,0.0000,0,0.0000,0.0000,0,0.0000,0.0000,0,0,0,0,0,0,0,0,0,0,0,0,0,0,0,0,0,0,0,0,0,0,0,0,0
WG_METRICS 444,384,512,1.0858,0.0076,0.0068,1.0412,0.0152,0.0151,384,512,196608,393216,188835.5312,377671.0625,0.0000,0,0.0000,0.0000,0,0.0000,0,0.0000,0.0000,0,0.0000,0.0000,0,0,0,0,0,0,0,0,0,0,0,0,0,0,0,0,0,0,0,0,0,0,0,0,0
WG_METRICS 445,384,512,1.1222,0.0076,0.0068,1.0824,0.0104,0.0151,384,512,196608,393216,181647.5000,363295.0000,0.0000,0,0.0000,0.0000,0,0.0000,0,0.0000,0.0000,0,0.0000,0.0000,0,0,0,0,0,0,0,0,0,0,0,0,0,0,0,0,0,0,0,0,0,0,0,0,0
WG_METRICS 446,384,512,1.0812,0.0078,0.0068,1.0392,0.0120,0.0155,384,512,196608,393216,189198.9688,378397.9375,0.0000,0,0.0000,0.0000,0,0.0000,0,0.0000,0.0000,0,0.0000,0.0000,0,0,0,0,0,0,0,0,0,0,0,0,0,0,0,0,0,0,0,0,0,0,0,0,0
WG_METRICS 447,384,512,1.0938,0.0076,0.0068,1.0481,0.0156,0.0156,384,512,196608,393216,187581.5781,375163.1562,0.0000,0,0.0000,0.0000,0,0.0000,0,0.0000,0.0000,0,0.0000,0.0000,0,0,0,0,0,0,0,0,0,0,0,0,0,0,0,0,0,0,0,0,0,0,0,0,0
WG_METRICS 448,384,512,1.1011,0.0076,0.0069,1.0563,0.0153,0.0150,384,512,196608,393216,186125.4219,372250.8438,0.0000,0,0.0000,0.0000,0,0.0000,0,0.0000,0.0000,0,0.0000,0.0000,0,0,0,0,0,0,0,0,0,0,0,0,0,0,0,0,0,0,0,0,0,0,0,0,0
WG_METRICS 449,384,512,1.0880,0.0076,0.0068,1.0432,0.0153,0.0151,384,512,196608,393216,188459.0469,376918.0938,0.0000,0,0.0000,0.0000,0,0.0000,0,0.0000,0.0000,0,0.0000,0.0000,0,0,0,0,0,0,0,0,0,0,0,0,0,0,0,0,0,0,0,0,0,0,0,0,0
WG_METRICS 450,384,512,1.1185,0.0076,0.0068,1.0630,0.0251,0.0160,384,512,196608,393216,184962.7344,369925.4688,0.0000,0,0.0000,0.0000,0,0.0000,0,0.0000,0.0000,0,0.0000,0.0000,0,0,0,0,0,0,0,0,0,0,0,0,0,0,0,0,0,0,0,0,0,0,0,0,0
WG_METRICS 451,384,512,1.1065,0.0076,0.0068,1.0531,0.0239,0.0151,384,512,196608,393216,186690.9688,373381.9375,0.0000,0,0.0000,0.0000,0,0.0000,0,0.0000,0.0000,0,0.0000,0.0000,0,0,0,0,0,0,0,0,0,0,0,0,0,0,0,0,0,0,0,0,0,0,0,0,0
WG_METRICS 452,384,512,1.0881,0.0077,0.0067,1.0431,0.0151,0.0155,384,512,196608,393216,188487.9375,376975.8750,0.0000,0,0.0000,0.0000,0,0.0000,0,0.0000,0.0000,0,0.0000,0.0000,0,0,0,0,0,0,0,0,0,0,0,0,0,0,0,0,0,0,0,0,0,0,0,0,0
WG_METRICS 453,384,512,1.1005,0.0076,0.0068,1.0540,0.0160,0.0160,384,512,196608,393216,186528.0312,373056.0625,0.0000,0,0.0000,0.0000,0,0.0000,0,0.0000,0.0000,0,0.0000,0.0000,0,0,0,0,0,0,0,0,0,0,0,0,0,0,0,0,0,0,0,0,0,0,0,0,0
WG_METRICS 454,384,512,1.1062,0.0076,0.0068,1.0521,0.0244,0.0152,384,512,196608,393216,186868.4219,373736.8438,0.0000,0,0.0000,0.0000,0,0.0000,0,0.0000,0.0000,0,0.0000,0.0000,0,0,0,0,0,0,0,0,0,0,0,0,0,0,0,0,0,0,0,0,0,0,0,0,0
WG_METRICS 455,384,512,1.1089,0.0076,0.0068,1.0541,0.0241,0.0163,384,512,196608,393216,186520.9531,373041.9062,0.0000,0,0.0000,0.0000,0,0.0000,0,0.0000,0.0000,0,0.0000,0.0000,0,0,0,0,0,0,0,0,0,0,0,0,0,0,0,0,0,0,0,0,0,0,0,0,0
WG_METRICS 456,384,512,1.1019,0.0076,0.0068,1.0569,0.0152,0.0154,384,512,196608,393216,186026.7969,372053.5938,0.0000,0,0.0000,0.0000,0,0.0000,0,0.0000,0.0000,0,0.0000,0.0000,0,0,0,0,0,0,0,0,0,0,0,0,0,0,0,0,0,0,0,0,0,0,0,0,0
WG_METRICS 457,384,512,1.0985,0.0076,0.0068,1.0430,0.0252,0.0158,384,512,196608,393216,188502.4062,377004.8125,0.0000,0,0.0000,0.0000,0,0.0000,0,0.0000,0.0000,0,0.0000,0.0000,0,0,0,0,0,0,0,0,0,0,0,0,0,0,0,0,0,0,0,0,0,0,0,0,0
WG_METRICS 458,384,512,1.1024,0.0076,0.0067,1.0481,0.0245,0.0154,384,512,196608,393216,187581.5781,375163.1562,0.0000,0,0.0000,0.0000,0,0.0000,0,0.0000,0.0000,0,0.0000,0.0000,0,0,0,0,0,0,0,0,0,0,0,0,0,0,0,0,0,0,0,0,0,0,0,0,0
WG_METRICS 459,384,512,1.1187,0.0076,0.0067,1.0737,0.0156,0.0151,384,512,196608,393216,183116.0000,366232.0000,0.0000,0,0.0000,0.0000,0,0.0000,0,0.0000,0.0000,0,0.0000,0.0000,0,0,0,0,0,0,0,0,0,0,0,0,0,0,0,0,0,0,0,0,0,0,0,0,0
WG_METRICS 460,384,512,1.1061,0.0076,0.0069,1.0596,0.0158,0.0162,384,512,196608,393216,185549.2656,371098.5312,0.0000,0,0.0000,0.0000,0,0.0000,0,0.0000,0.0000,0,0.0000,0.0000,0,0,0,0,0,0,0,0,0,0,0,0,0,0,0,0,0,0,0,0,0,0,0,0,0
WG_METRICS 461,384,512,1.1162,0.0076,0.0068,1.0610,0.0245,0.0164,384,512,196608,393216,185311.4062,370622.8125,0.0000,0,0.0000,0.0000,0,0.0000,0,0.0000,0.0000,0,0.0000,0.0000,0,0,0,0,0,0,0,0,0,0,0,0,0,0,0,0,0,0,0,0,0,0,0,0,0
WG_METRICS 462,384,512,1.1230,0.0076,0.0068,1.0782,0.0154,0.0151,384,512,196608,393216,182348.3594,364696.7188,0.0000,0,0.0000,0.0000,0,0.0000,0,0.0000,0.0000,0,0.0000,0.0000,0,0,0,0,0,0,0,0,0,0,0,0,0,0,0,0,0,0,0,0,0,0,0,0,0
WG_METRICS 463,384,512,1.0833,0.0075,0.0067,1.0376,0.0153,0.0162,384,512,196608,393216,189476.1250,378952.2500,0.0000,0,0.0000,0.0000,0,0.0000,0,0.0000,0.0000,0,0.0000,0.0000,0,0,0,0,0,0,0,0,0,0,0,0,0,0,0,0,0,0,0,0,0,0,0,0,0
WG_METRICS 464,384,512,1.0981,0.0076,0.0068,1.0534,0.0151,0.0152,384,512,196608,393216,186634.2656,373268.5312,0.0000,0,0.0000,0.0000,0,0.0000,0,0.0000,0.0000,0,0.0000,0.0000,0,0,0,0,0,0,0,0,0,0,0,0,0,0,0,0,0,0,0,0,0,0,0,0,0
WG_METRICS 465,384,512,1.0921,0.0076,0.0068,1.0453,0.0164,0.0160,384,512,196608,393216,188084.0312,376168.0625,0.0000,0,0.0000,0.0000,0,0.0000,0,0.0000,0.0000,0,0.0000,0.0000,0,0,0,0,0,0,0,0,0,0,0,0,0,0,0,0,0,0,0,0,0,0,0,0,0
WG_METRICS 466,384,512,1.1211,0.0076,0.0066,1.0778,0.0134,0.0156,384,512,196608,393216,182422.8125,364845.6250,0.0000,0,0.0000,0.0000,0,0.0000,0,0.0000,0.0000,0,0.0000,0.0000,0,0,0,0,0,0,0,0,0,0,0,0,0,0,0,0,0,0,0,0,0,0,0,0,0
WG_METRICS 467,384,512,1.0982,0.0077,0.0069,1.0527,0.0151,0.0158,384,512,196608,393216,186761.9219,373523.8438,0.0000,0,0.0000,0.0000,0,0.0000,0,0.0000,0.0000,0,0.0000,0.0000,0,0,0,0,0,0,0,0,0,0,0,0,0,0,0,0,0,0,0,0,0,0,0,0,0
WG_METRICS 468,384,512,1.0990,0.0075,0.0068,1.0442,0.0240,0.0166,384,512,196608,393216,188292.9844,376585.9688,0.0000,0,0.0000,0.0000,0,0.0000,0,0.0000,0.0000,0,0.0000,0.0000,0,0,0,0,0,0,0,0,0,0,0,0,0,0,0,0,0,0,0,0,0,0,0,0,0
WG_METRICS 469,384,512,1.0823,0.0076,0.0068,1.0366,0.0162,0.0152,384,512,196608,393216,189666.2188,379332.4375,0.0000,0,0.0000,0.0000,0,0.0000,0,0.0000,0.0000,0,0.0000,0.0000,0,0,0,0,0,0,0,0,0,0,0,0,0,0,0,0,0,0,0,0,0,0,0,0,0
WG_METRICS 470,384,512,1.1264,0.0076,0.0068,1.0706,0.0249,0.0166,384,512,196608,393216,183649.6875,367299.3750,0.0000,0,0.0000,0.0000,0,0.0000,0,0.0000,0.0000,0,0.0000,0.0000,0,0,0,0,0,0,0,0,0,0,0,0,0,0,0,0,0,0,0,0,0,0,0,0,0
WG_METRICS 471,384,512,1.1384,0.0077,0.0067,1.0920,0.0159,0.0160,384,512,196608,393216,180037.3750,360074.7500,0.0000,0,0.0000,0.0000,0,0.0000,0,0.0000,0.0000,0,0.0000,0.0000,0,0,0,0,0,0,0,0,0,0,0,0,0,0,0,0,0,0,0,0,0,0,0,0,0
WG_METRICS 472,384,512,1.1004,0.0076,0.0068,1.0551,0.0153,0.0156,384,512,196608,393216,186337.0938,372674.1875,0.0000,0,0.0000,0.0000,0,0.0000,0,0.0000,0.0000,0,0.0000,0.0000,0,0,0,0,0,0,0,0,0,0,0,0,0,0,0,0,0,0,0,0,0,0,0,0,0
WG_METRICS 473,384,512,1.0895,0.0076,0.0072,1.0345,0.0242,0.0161,384,512,196608,393216,190047.5469,380095.0938,0.0000,0,0.0000,0.0000,0,0.0000,0,0.0000,0.0000,0,0.0000,0.0000,0,0,0,0,0,0,0,0,0,0,0,0,0,0,0,0,0,0,0,0,0,0,0,0,0
WG_METRICS 474,384,512,1.0907,0.0076,0.0068,1.0362,0.0250,0.0152,384,512,196608,393216,189732.1094,379464.2188,0.0000,0,0.0000,0.0000,0,0.0000,0,0.0000,0.0000,0,0.0000,0.0000,0,0,0,0,0,0,0,0,0,0,0,0,0,0,0,0,0,0,0,0,0,0,0,0,0
WG_METRICS 475,384,512,1.0831,0.0076,0.0067,1.0378,0.0156,0.0154,384,512,196608,393216,189446.9219,378893.8438,0.0000,0,0.0000,0.0000,0,0.0000,0,0.0000,0.0000,0,0.0000,0.0000,0,0,0,0,0,0,0,0,0,0,0,0,0,0,0,0,0,0,0,0,0,0,0,0,0
WG_METRICS 476,384,512,1.0950,0.0077,0.0067,1.0497,0.0155,0.0153,384,512,196608,393216,187295.6562,374591.3125,0.0000,0,0.0000,0.0000,0,0.0000,0,0.0000,0.0000,0,0.0000,0.0000,0,0,0,0,0,0,0,0,0,0,0,0,0,0,0,0,0,0,0,0,0,0,0,0,0
WG_METRICS 477,384,512,1.1037,0.0078,0.0067,1.0568,0.0170,0.0155,384,512,196608,393216,186047.9219,372095.8438,0.0000,0,0.0000,0.0000,0,0.0000,0,0.0000,0.0000,0,0.0000,0.0000,0,0,0,0,0,0,0,0,0,0,0,0,0,0,0,0,0,0,0,0,0,0,0,0,0
WG_METRICS 478,384,512,1.0918,0.0079,0.0066,1.0460,0.0156,0.0156,384,512,196608,393216,187954.5625,375909.1250,0.0000,0,0.0000,0.0000,0,0.0000,0,0.0000,0.0000,0,0.0000,0.0000,0,0,0,0,0,0,0,0,0,0,0,0,0,0,0,0,0,0,0,0,0,0,0,0,0
WG_METRICS 479,384,512,1.0890,0.0078,0.0066,1.0433,0.0157,0.0157,384,512,196608,393216,188451.8125,376903.6250,0.0000,0,0.0000,0.0000,0,0.0000,0,0.0000,0.0000,0,0.0000,0.0000,0,0,0,0,0,0,0,0,0,0,0,0,0,0,0,0,0,0,0,0,0,0,0,0,0
WG_METRICS 480,384,512,1.1472,0.0076,0.0068,1.1056,0.0117,0.0155,384,512,196608,393216,177829.2344,355658.4688,0.0000,0,0.0000,0.0000,0,0.0000,0,0.0000,0.0000,0,0.0000,0.0000,0,0,0,0,0,0,0,0,0,0,0,0,0,0,0,0,0,0,0,0,0,0,0,0,0
WG_METRICS 481,384,512,1.0903,0.0076,0.0068,1.0398,0.0201,0.0160,384,512,196608,393216,189082.5000,378165.0000,0.0000,0,0.0000,0.0000,0,0.0000,0,0.0000,0.0000,0,0.0000,0.0000,0,0,0,0,0,0,0,0,0,0,0,0,0,0,0,0,0,0,0,0,0,0,0,0,0
WG_METRICS 482,384,512,1.0965,0.0075,0.0069,1.0516,0.0154,0.0151,384,512,196608,393216,186953.7031,373907.4062,0.0000,0,0.0000,0.0000,0,0.0000,0,0.0000,0.0000,0,0.0000,0.0000,0,0,0,0,0,0,0,0,0,0,0,0,0,0,0,0,0,0,0,0,0,0,0,0,0
WG_METRICS 483,384,512,1.0868,0.0076,0.0067,1.0466,0.0110,0.0150,384,512,196608,393216,187861.1719,375722.3438,0.0000,0,0.0000,0.0000,0,0.0000,0,0.0000,0.0000,0,0.0000,0.0000,0,0,0,0,0,0,0,0,0,0,0,0,0,0,0,0,0,0,0,0,0,0,0,0,0
WG_METRICS 484,384,512,1.1090,0.0076,0.0068,1.0636,0.0154,0.0156,384,512,196608,393216,184844.5000,369689.0000,0.0000,0,0.0000,0.0000,0,0.0000,0,0.0000,0.0000,0,0.0000,0.0000,0,0,0,0,0,0,0,0,0,0,0,0,0,0,0,0,0,0,0,0,0,0,0,0,0
WG_METRICS 485,384,512,1.0922,0.0076,0.0068,1.0370,0.0249,0.0159,384,512,196608,393216,189600.3750,379200.7500,0.0000,0,0.0000,0.0000,0,0.0000,0,0.0000,0.0000,0,0.0000,0.0000,0,0,0,0,0,0,0,0,0,0,0,0,0,0,0,0,0,0,0,0,0,0,0,0,0
WG_METRICS 486,384,512,1.1021,0.0076,0.0068,1.0477,0.0248,0.0152,384,512,196608,393216,187660.3438,375320.6875,0.0000,0,0.0000,0.0000,0,0.0000,0,0.0000,0.0000,0,0.0000,0.0000,0,0,0,0,0,0,0,0,0,0,0,0,0,0,0,0,0,0,0,0,0,0,0,0,0
WG_METRICS 487,384,512,1.1101,0.0076,0.0066,1.0737,0.0064,0.0158,384,512,196608,393216,183116.0000,366232.0000,0.0000,0,0.0000,0.0000,0,0.0000,0,0.0000,0.0000,0,0.0000,0.0000,0,0,0,0,0,0,0,0,0,0,0,0,0,0,0,0,0,0,0,0,0,0,0,0,0
WG_METRICS 488,384,512,1.0924,0.0076,0.0068,1.0426,0.0200,0.0154,384,512,196608,393216,188581.9531,377163.9062,0.0000,0,0.0000,0.0000,0,0.0000,0,0.0000,0.0000,0,0.0000,0.0000,0,0,0,0,0,0,0,0,0,0,0,0,0,0,0,0,0,0,0,0,0,0,0,0,0
WG_METRICS 489,384,512,1.0807,0.0076,0.0067,1.0276,0.0237,0.0151,384,512,196608,393216,191327.3594,382654.7188,0.0000,0,0.0000,0.0000,0,0.0000,0,0.0000,0.0000,0,0.0000,0.0000,0,0,0,0,0,0,0,0,0,0,0,0,0,0,0,0,0,0,0,0,0,0,0,0,0
WG_METRICS 490,384,512,1.0897,0.0075,0.0069,1.0446,0.0152,0.0155,384,512,196608,393216,188213.6719,376427.3438,0.0000,0,0.0000,0.0000,0,0.0000,0,0.0000,0.0000,0,0.0000,0.0000,0,0,0,0,0,0,0,0,0,0,0,0,0,0,0,0,0,0,0,0,0,0,0,0,0
WG_METRICS 491,384,512,1.0988,0.0080,0.0068,1.0538,0.0150,0.0152,384,512,196608,393216,186570.5156,373141.0312,0.0000,0,0.0000,0.0000,0,0.0000,0,0.0000,0.0000,0,0.0000,0.0000,0,0,0,0,0,0,0,0,0,0,0,0,0,0,0,0,0,0,0,0,0,0,0,0,0
WG_METRICS 492,384,512,1.0930,0.0076,0.0066,1.0384,0.0247,0.0158,384,512,196608,393216,189337.4375,378674.8750,0.0000,0,0.0000,0.0000,0,0.0000,0,0.0000,0.0000,0,0.0000,0.0000,0,0,0,0,0,0,0,0,0,0,0,0,0,0,0,0,0,0,0,0,0,0,0,0,0
WG_METRICS 493,384,512,1.0910,0.0076,0.0067,1.0364,0.0246,0.0156,384,512,196608,393216,189695.5000,379391.0000,0.0000,0,0.0000,0.0000,0,0.0000,0,0.0000,0.0000,0,0.0000,0.0000,0,0,0,0,0,0,0,0,0,0,0,0,0,0,0,0,0,0,0,0,0,0,0,0,0
WG_METRICS 494,384,512,1.1014,0.0076,0.0067,1.0554,0.0163,0.0154,384,512,196608,393216,186294.7344,372589.4688,0.0000,0,0.0000,0.0000,0,0.0000,0,0.0000,0.0000,0,0.0000,0.0000,0,0,0,0,0,0,0,0,0,0,0,0,0,0,0,0,0,0,0,0,0,0,0,0,0
WG_METRICS 495,384,512,1.0981,0.0076,0.0066,1.0529,0.0156,0.0154,384,512,196608,393216,186733.5156,373467.0312,0.0000,0,0.0000,0.0000,0,0.0000,0,0.0000,0.0000,0,0.0000,0.0000,0,0,0,0,0,0,0,0,0,0,0,0,0,0,0,0,0,0,0,0,0,0,0,0,0
WG_METRICS 496,384,512,1.0889,0.0095,0.0066,1.0411,0.0156,0.0160,384,512,196608,393216,188842.7812,377685.5625,0.0000,0,0.0000,0.0000,0,0.0000,0,0.0000,0.0000,0,0.0000,0.0000,0,0,0,0,0,0,0,0,0,0,0,0,0,0,0,0,0,0,0,0,0,0,0,0,0
WG_METRICS 497,384,512,1.1089,0.0075,0.0069,1.0590,0.0198,0.0156,384,512,196608,393216,185647.3906,371294.7812,0.0000,0,0.0000,0.0000,0,0.0000,0,0.0000,0.0000,0,0.0000,0.0000,0,0,0,0,0,0,0,0,0,0,0,0,0,0,0,0,0,0,0,0,0,0,0,0,0
WG_METRICS 498,384,512,1.1052,0.0075,0.0069,1.0517,0.0240,0.0152,384,512,196608,393216,186946.6094,373893.2188,0.0000,0,0.0000,0.0000,0,0.0000,0,0.0000,0.0000,0,0.0000,0.0000,0,0,0,0,0,0,0,0,0,0,0,0,0,0,0,0,0,0,0,0,0,0,0,0,0
WG_METRICS 499,384,512,1.1003,0.0076,0.0067,1.0554,0.0151,0.0154,384,512,196608,393216,186287.6562,372575.3125,0.0000,0,0.0000,0.0000,0,0.0000,0,0.0000,0.0000,0,0.0000,0.0000,0,0,0,0,0,0,0,0,0,0,0,0,0,0,0,0,0,0,0,0,0,0,0,0,0
WG_METRICS 500,384,512,1.0836,0.0076,0.0069,1.0370,0.0164,0.0156,384,512,196608,393216,189585.7500,379171.5000,0.0000,0,0.0000,0.0000,0,0.0000,0,0.0000,0.0000,0,0.0000,0.0000,0,0,0,0,0,0,0,0,0,0,0,0,0,0,0,0,0,0,0,0,0,0,0,0,0
WG_METRICS 501,384,512,1.0953,0.0076,0.0068,1.0550,0.0108,0.0152,384,512,196608,393216,186365.3594,372730.7188,0.0000,0,0.0000,0.0000,0,0.0000,0,0.0000,0.0000,0,0.0000,0.0000,0,0,0,0,0,0,0,0,0,0,0,0,0,0,0,0,0,0,0,0,0,0,0,0,0
WG_METRICS 502,384,512,1.1111,0.0076,0.0068,1.0564,0.0245,0.0158,384,512,196608,393216,186118.3750,372236.7500,0.0000,0,0.0000,0.0000,0,0.0000,0,0.0000,0.0000,0,0.0000,0.0000,0,0,0,0,0,0,0,0,0,0,0,0,0,0,0,0,0,0,0,0,0,0,0,0,0
WG_METRICS 503,384,512,1.0812,0.0076,0.0067,1.0364,0.0155,0.0150,384,512,196608,393216,189710.1406,379420.2812,0.0000,0,0.0000,0.0000,0,0.0000,0,0.0000,0.0000,0,0.0000,0.0000,0,0,0,0,0,0,0,0,0,0,0,0,0,0,0,0,0,0,0,0,0,0,0,0,0
WG_METRICS 504,384,512,1.0930,0.0077,0.0068,1.0482,0.0150,0.0154,384,512,196608,393216,187567.2500,375134.5000,0.0000,0,0.0000,0.0000,0,0.0000,0,0.0000,0.0000,0,0.0000,0.0000,0,0,0,0,0,0,0,0,0,0,0,0,0,0,0,0,0,0,0,0,0,0,0,0,0
WG_METRICS 505,384,512,1.0985,0.0076,0.0068,1.0438,0.0247,0.0156,384,512,196608,393216,188357.9219,376715.8438,0.0000,0,0.0000,0.0000,0,0.0000,0,0.0000,0.0000,0,0.0000,0.0000,0,0,0,0,0,0,0,0,0,0,0,0,0,0,0,0,0,0,0,0,0,0,0,0,0
WG_METRICS 506,384,512,1.0946,0.0076,0.0068,1.0408,0.0243,0.0151,384,512,196608,393216,188893.5781,377787.1562,0.0000,0,0.0000,0.0000,0,0.0000,0,0.0000,0.0000,0,0.0000,0.0000,0,0,0,0,0,0,0,0,0,0,0,0,0,0,0,0,0,0,0,0,0,0,0,0,0
WG_METRICS 507,384,512,1.0936,0.0076,0.0066,1.0490,0.0150,0.0155,384,512,196608,393216,187431.3594,374862.7188,0.0000,0,0.0000,0.0000,0,0.0000,0,0.0000,0.0000,0,0.0000,0.0000,0,0,0,0,0,0,0,0,0,0,0,0,0,0,0,0,0,0,0,0,0,0,0,0,0
WG_METRICS 508,384,512,1.1001,0.0076,0.0066,1.0539,0.0058,0.0263,384,512,196608,393216,186549.2656,373098.5312,0.0000,0,0.0000,0.0000,0,0.0000,0,0.0000,0.0000,0,0.0000,0.0000,0,0,0,0,0,0,0,0,0,0,0,0,0,0,0,0,0,0,0,0,0,0,0,0,0
WG_METRICS 509,384,512,1.0959,0.0076,0.0068,1.0493,0.0166,0.0156,384,512,196608,393216,187367.0625,374734.1250,0.0000,0,0.0000,0.0000,0,0.0000,0,0.0000,0.0000,0,0.0000,0.0000,0,0,0,0,0,0,0,0,0,0,0,0,0,0,0,0,0,0,0,0,0,0,0,0,0
WG_METRICS 510,384,512,1.1109,0.0076,0.0068,1.0569,0.0244,0.0151,384,512,196608,393216,186019.7500,372039.5000,0.0000,0,0.0000,0.0000,0,0.0000,0,0.0000,0.0000,0,0.0000,0.0000,0,0,0,0,0,0,0,0,0,0,0,0,0,0,0,0,0,0,0,0,0,0,0,0,0
WG_METRICS 511,384,512,1.1162,0.0078,0.0060,1.0716,0.0149,0.0158,384,512,196608,393216,183471.4531,366942.9062,0.0000,0,0.0000,0.0000,0,0.0000,0,0.0000,0.0000,0,0.0000,0.0000,0,0,0,0,0,0,0,0,0,0,0,0,0,0,0,0,0,0,0,0,0,0,0,0,0
WG_METRICS 512,384,512,1.1165,0.0098,0.0070,1.0600,0.0246,0.0152,384,512,196608,393216,185479.2500,370958.5000,0.0000,0,0.0000,0.0000,0,0.0000,0,0.0000,0.0000,0,0.0000,0.0000,0,0,0,0,0,0,0,0,0,0,0,0,0,0,0,0,0,0,0,0,0,0,0,0,0
WG_METRICS 513,384,512,1.0906,0.0076,0.0067,1.0452,0.0150,0.0160,384,512,196608,393216,188098.4219,376196.8438,0.0000,0,0.0000,0.0000,0,0.0000,0,0.0000,0.0000,0,0.0000,0.0000,0,0,0,0,0,0,0,0,0,0,0,0,0,0,0,0,0,0,0,0,0,0,0,0,0
WG_METRICS 514,384,512,1.0948,0.0076,0.0068,1.0409,0.0239,0.0156,384,512,196608,393216,188879.0625,377758.1250,0.0000,0,0.0000,0.0000,0,0.0000,0,0.0000,0.0000,0,0.0000,0.0000,0,0,0,0,0,0,0,0,0,0,0,0,0,0,0,0,0,0,0,0,0,0,0,0,0
WG_METRICS 515,384,512,1.0962,0.0075,0.0068,1.0516,0.0151,0.0152,384,512,196608,393216,186960.8281,373921.6562,0.0000,0,0.0000,0.0000,0,0.0000,0,0.0000,0.0000,0,0.0000,0.0000,0,0,0,0,0,0,0,0,0,0,0,0,0,0,0,0,0,0,0,0,0,0,0,0,0
WG_METRICS 516,384,512,1.0884,0.0064,0.0055,1.0485,0.0123,0.0157,384,512,196608,393216,187517.1562,375034.3125,0.0000,0,0.0000,0.0000,0,0.0000,0,0.0000,0.0000,0,0.0000,0.0000,0,0,0,0,0,0,0,0,0,0,0,0,0,0,0,0,0,0,0,0,0,0,0,0,0
WG_METRICS 517,384,512,1.1183,0.0076,0.0069,1.0723,0.0159,0.0156,384,512,196608,393216,183348.2500,366696.5000,0.0000,0,0.0000,0.0000,0,0.0000,0,0.0000,0.0000,0,0.0000,0.0000,0,0,0,0,0,0,0,0,0,0,0,0,0,0,0,0,0,0,0,0,0,0,0,0,0
WG_METRICS 518,384,512,1.0989,0.0076,0.0068,1.0526,0.0164,0.0154,384,512,196608,393216,186776.1094,373552.2188,0.0000,0,0.0000,0.0000,0,0.0000,0,0.0000,0.0000,0,0.0000,0.0000,0,0,0,0,0,0,0,0,0,0,0,0,0,0,0,0,0,0,0,0,0,0,0,0,0
WG_METRICS 519,384,512,1.0988,0.0075,0.0068,1.0452,0.0236,0.0156,384,512,196608,393216,188105.6250,376211.2500,0.0000,0,0.0000,0.0000,0,0.0000,0,0.0000,0.0000,0,0.0000,0.0000,0,0,0,0,0,0,0,0,0,0,0,0,0,0,0,0,0,0,0,0,0,0,0,0,0
WG_METRICS 520,384,512,1.0863,0.0076,0.0066,1.0408,0.0158,0.0155,384,512,196608,393216,188893.5781,377787.1562,0.0000,0,0.0000,0.0000,0,0.0000,0,0.0000,0.0000,0,0.0000,0.0000,0,0,0,0,0,0,0,0,0,0,0,0,0,0,0,0,0,0,0,0,0,0,0,0,0
WG_METRICS 521,384,512,1.0998,0.0076,0.0068,1.0551,0.0151,0.0152,384,512,196608,393216,186344.1562,372688.3125,0.0000,0,0.0000,0.0000,0,0.0000,0,0.0000,0.0000,0,0.0000,0.0000,0,0,0,0,0,0,0,0,0,0,0,0,0,0,0,0,0,0,0,0,0,0,0,0,0
WG_METRICS 522,384,512,1.0988,0.0078,0.0068,1.0440,0.0230,0.0172,384,512,196608,393216,188314.6250,376629.2500,0.0000,0,0.0000,0.0000,0,0.0000,0,0.0000,0.0000,0,0.0000,0.0000,0,0,0,0,0,0,0,0,0,0,0,0,0,0,0,0,0,0,0,0,0,0,0,0,0
WG_METRICS 523,384,512,1.0869,0.0075,0.0066,1.0421,0.0151,0.0156,384,512,196608,393216,188668.8125,377337.6250,0.0000,0,0.0000,0.0000,0,0.0000,0,0.0000,0.0000,0,0.0000,0.0000,0,0,0,0,0,0,0,0,0,0,0,0,0,0,0,0,0,0,0,0,0,0,0,0,0
WG_METRICS 524,384,512,1.0964,0.0076,0.0069,1.0504,0.0159,0.0156,384,512,196608,393216,187174.4062,374348.8125,0.0000,0,0.0000,0.0000,0,0.0000,0,0.0000,0.0000,0,0.0000,0.0000,0,0,0,0,0,0,0,0,0,0,0,0,0,0,0,0,0,0,0,0,0,0,0,0,0
WG_METRICS 525,384,512,1.0991,0.0076,0.0067,1.0450,0.0244,0.0154,384,512,196608,393216,188148.8281,376297.6562,0.0000,0,0.0000,0.0000,0,0.0000,0,0.0000,0.0000,0,0.0000,0.0000,0,0,0,0,0,0,0,0,0,0,0,0,0,0,0,0,0,0,0,0,0,0,0,0,0
WG_METRICS 526,384,512,1.1064,0.0076,0.0066,1.0528,0.0242,0.0152,384,512,196608,393216,186747.7031,373495.4062,0.0000,0,0.0000,0.0000,0,0.0000,0,0.0000,0.0000,0,0.0000,0.0000,0,0,0,0,0,0,0,0,0,0,0,0,0,0,0,0,0,0,0,0,0,0,0,0,0
WG_METRICS 527,384,512,1.1117,0.0076,0.0069,1.0561,0.0252,0.0159,384,512,196608,393216,186160.6562,372321.3125,0.0000,0,0.0000,0.0000,0,0.0000,0,0.0000,0.0000,0,0.0000,0.0000,0,0,0,0,0,0,0,0,0,0,0,0,0,0,0,0,0,0,0,0,0,0,0,0,0
WG_METRICS 528,384,512,1.0918,0.0076,0.0068,1.0464,0.0158,0.0152,384,512,196608,393216,187882.7188,375765.4375,0.0000,0,0.0000,0.0000,0,0.0000,0,0.0000,0.0000,0,0.0000,0.0000,0,0,0,0,0,0,0,0,0,0,0,0,0,0,0,0,0,0,0,0,0,0,0,0,0
WG_METRICS 529,384,512,1.1151,0.0076,0.0068,1.0744,0.0108,0.0155,384,512,196608,393216,182986.4844,365972.9688,0.0000,0,0.0000,0.0000,0,0.0000,0,0.0000,0.0000,0,0.0000,0.0000,0,0,0,0,0,0,0,0,0,0,0,0,0,0,0,0,0,0,0,0,0,0,0,0,0
WG_METRICS 530,384,512,1.0998,0.0077,0.0067,1.0453,0.0248,0.0153,384,512,196608,393216,188091.2344,376182.4688,0.0000,0,0.0000,0.0000,0,0.0000,0,0.0000,0.0000,0,0.0000,0.0000,0,0,0,0,0,0,0,0,0,0,0,0,0,0,0,0,0,0,0,0,0,0,0,0,0
WG_METRICS 531,384,512,1.0967,0.0077,0.0068,1.0432,0.0239,0.0152,384,512,196608,393216,188473.4844,376946.9688,0.0000,0,0.0000,0.0000,0,0.0000,0,0.0000,0.0000,0,0.0000,0.0000,0,0,0,0,0,0,0,0,0,0,0,0,0,0,0,0,0,0,0,0,0,0,0,0,0
WG_METRICS 532,384,512,1.0962,0.0076,0.0068,1.0513,0.0151,0.0154,384,512,196608,393216,187017.7344,374035.4688,0.0000,0,0.0000,0.0000,0,0.0000,0,0.0000,0.0000,0,0.0000,0.0000,0,0,0,0,0,0,0,0,0,0,0,0,0,0,0,0,0,0,0,0,0,0,0,0,0
WG_METRICS 533,384,512,1.1065,0.0076,0.0068,1.0500,0.0253,0.0168,384,512,196608,393216,187245.7188,374491.4375,0.0000,0,0.0000,0.0000,0,0.0000,0,0.0000,0.0000,0,0.0000,0.0000,0,0,0,0,0,0,0,0,0,0,0,0,0,0,0,0,0,0,0,0,0,0,0,0,0
WG_METRICS 534,384,512,1.0837,0.0076,0.0065,1.0383,0.0160,0.0152,384,512,196608,393216,189352.0469,378704.0938,0.0000,0,0.0000,0.0000,0,0.0000,0,0.0000,0.0000,0,0.0000,0.0000,0,0,0,0,0,0,0,0,0,0,0,0,0,0,0,0,0,0,0,0,0,0,0,0,0
WG_METRICS 535,384,512,1.1358,0.0077,0.0067,1.0902,0.0160,0.0153,384,512,196608,393216,180347.8438,360695.6875,0.0000,0,0.0000,0.0000,0,0.0000,0,0.0000,0.0000,0,0.0000,0.0000,0,0,0,0,0,0,0,0,0,0,0,0,0,0,0,0,0,0,0,0,0,0,0,0,0
WG_METRICS 536,384,512,1.0920,0.0076,0.0069,1.0473,0.0151,0.0151,384,512,196608,393216,187724.8594,375449.7188,0.0000,0,0.0000,0.0000,0,0.0000,0,0.0000,0.0000,0,0.0000,0.0000,0,0,0,0,0,0,0,0,0,0,0,0,0,0,0,0,0,0,0,0,0,0,0,0,0
WG_METRICS 537,384,512,1.1010,0.0076,0.0068,1.0467,0.0237,0.0162,384,512,196608,393216,187839.6562,375679.3125,0.0000,0,0.0000,0.0000,0,0.0000,0,0.0000,0.0000,0,0.0000,0.0000,0,0,0,0,0,0,0,0,0,0,0,0,0,0,0,0,0,0,0,0,0,0,0,0,0
WG_METRICS 538,384,512,1.1120,0.0076,0.0068,1.0580,0.0240,0.0156,384,512,196608,393216,185829.8750,371659.7500,0.0000,0,0.0000,0.0000,0,0.0000,0,0.0000,0.0000,0,0.0000,0.0000,0,0,0,0,0,0,0,0,0,0,0,0,0,0,0,0,0,0,0,0,0,0,0,0,0
WG_METRICS 539,384,512,1.0884,0.0076,0.0068,1.0438,0.0150,0.0152,384,512,196608,393216,188357.9219,376715.8438,0.0000,0,0.0000,0.0000,0,0.0000,0,0.0000,0.0000,0,0.0000,0.0000,0,0,0,0,0,0,0,0,0,0,0,0,0,0,0,0,0,0,0,0,0,0,0,0,0
WG_METRICS 540,384,512,1.1277,0.0076,0.0068,1.0772,0.0198,0.0162,384,512,196608,393216,182517.6250,365035.2500,0.0000,0,0.0000,0.0000,0,0.0000,0,0.0000,0.0000,0,0.0000,0.0000,0,0,0,0,0,0,0,0,0,0,0,0,0,0,0,0,0,0,0,0,0,0,0,0,0
WG_METRICS 541,384,512,1.0932,0.0068,0.0047,1.0508,0.0159,0.0150,384,512,196608,393216,187110.2812,374220.5625,0.0000,0,0.0000,0.0000,0,0.0000,0,0.0000,0.0000,0,0.0000,0.0000,0,0,0,0,0,0,0,0,0,0,0,0,0,0,0,0,0,0,0,0,0,0,0,0,0
WG_METRICS 542,384,512,1.0947,0.0076,0.0068,1.0492,0.0160,0.0151,384,512,196608,393216,187381.3438,374762.6875,0.0000,0,0.0000,0.0000,0,0.0000,0,0.0000,0.0000,0,0.0000,0.0000,0,0,0,0,0,0,0,0,0,0,0,0,0,0,0,0,0,0,0,0,0,0,0,0,0
WG_METRICS 543,384,512,1.0911,0.0076,0.0069,1.0366,0.0246,0.0155,384,512,196608,393216,189666.2188,379332.4375,0.0000,0,0.0000,0.0000,0,0.0000,0,0.0000,0.0000,0,0.0000,0.0000,0,0,0,0,0,0,0,0,0,0,0,0,0,0,0,0,0,0,0,0,0,0,0,0,0
WG_METRICS 544,384,512,1.1115,0.0076,0.0068,1.0576,0.0242,0.0153,384,512,196608,393216,185900.1406,371800.2812,0.0000,0,0.0000,0.0000,0,0.0000,0,0.0000,0.0000,0,0.0000,0.0000,0,0,0,0,0,0,0,0,0,0,0,0,0,0,0,0,0,0,0,0,0,0,0,0,0
WG_METRICS 545,384,512,1.0952,0.0076,0.0068,1.0492,0.0154,0.0162,384,512,196608,393216,187381.3438,374762.6875,0.0000,0,0.0000,0.0000,0,0.0000,0,0.0000,0.0000,0,0.0000,0.0000,0,0,0,0,0,0,0,0,0,0,0,0,0,0,0,0,0,0,0,0,0,0,0,0,0
WG_METRICS 546,384,512,1.1145,0.0077,0.0068,1.0681,0.0164,0.0155,384,512,196608,393216,184076.1094,368152.2188,0.0000,0,0.0000,0.0000,0,0.0000,0,0.0000,0.0000,0,0.0000,0.0000,0,0,0,0,0,0,0,0,0,0,0,0,0,0,0,0,0,0,0,0,0,0,0,0,0
WG_METRICS 547,384,512,1.0903,0.0076,0.0068,1.0453,0.0152,0.0154,384,512,196608,393216,188084.0312,376168.0625,0.0000,0,0.0000,0.0000,0,0.0000,0,0.0000,0.0000,0,0.0000,0.0000,0,0,0,0,0,0,0,0,0,0,0,0,0,0,0,0,0,0,0,0,0,0,0,0,0
WG_METRICS 548,384,512,1.1223,0.0076,0.0068,1.0861,0.0064,0.0155,384,512,196608,393216,181025.3438,362050.6875,0.0000,0,0.0000,0.0000,0,0.0000,0,0.0000,0.0000,0,0.0000,0.0000,0,0,0,0,0,0,0,0,0,0,0,0,0,0,0,0,0,0,0,0,0,0,0,0,0
WG_METRICS 549,384,512,1.0948,0.0075,0.0068,1.0535,0.0112,0.0158,384,512,196608,393216,186620.0938,373240.1875,0.0000,0,0.0000,0.0000,0,0.0000,0,0.0000,0.0000,0,0.0000,0.0000,0,0,0,0,0,0,0,0,0,0,0,0,0,0,0,0,0,0,0,0,0,0,0,0,0
WG_METRICS 550,384,512,1.0869,0.0075,0.0068,1.0458,0.0116,0.0151,384,512,196608,393216,187997.7031,375995.4062,0.0000,0,0.0000,0.0000,0,0.0000,0,0.0000,0.0000,0,0.0000,0.0000,0,0,0,0,0,0,0,0,0,0,0,0,0,0,0,0,0,0,0,0,0,0,0,0,0
WG_METRICS 551,384,512,1.0915,0.0077,0.0067,1.0468,0.0149,0.0154,384,512,196608,393216,187818.1094,375636.2188,0.0000,0,0.0000,0.0000,0,0.0000,0,0.0000,0.0000,0,0.0000,0.0000,0,0,0,0,0,0,0,0,0,0,0,0,0,0,0,0,0,0,0,0,0,0,0,0,0
WG_METRICS 552,384,512,1.0718,0.0077,0.0065,1.0270,0.0151,0.0155,384,512,196608,393216,191431.6875,382863.3750,0.0000,0,0.0000,0.0000,0,0.0000,0,0.0000,0.0000,0,0.0000,0.0000,0,0,0,0,0,0,0,0,0,0,0,0,0,0,0,0,0,0,0,0,0,0,0,0,0
WG_METRICS 553,384,512,1.0937,0.0076,0.0068,1.0472,0.0164,0.0156,384,512,196608,393216,187739.2031,375478.4062,0.0000,0,0.0000,0.0000,0,0.0000,0,0.0000,0.0000,0,0.0000,0.0000,0,0,0,0,0,0,0,0,0,0,0,0,0,0,0,0,0,0,0,0,0,0,0,0,0
WG_METRICS 554,384,512,1.0965,0.0076,0.0067,1.0515,0.0155,0.0152,384,512,196608,393216,186982.1562,373964.3125,0.0000,0,0.0000,0.0000,0,0.0000,0,0.0000,0.0000,0,0.0000,0.0000,0,0,0,0,0,0,0,0,0,0,0,0,0,0,0,0,0,0,0,0,0,0,0,0,0
WG_METRICS 555,384,512,1.0952,0.0076,0.0068,1.0419,0.0237,0.0153,384,512,196608,393216,188705.0312,377410.0625,0.0000,0,0.0000,0.0000,0,0.0000,0,0.0000,0.0000,0,0.0000,0.0000,0,0,0,0,0,0,0,0,0,0,0,0,0,0,0,0,0,0,0,0,0,0,0,0,0
WG_METRICS 556,384,512,1.0975,0.0076,0.0068,1.0441,0.0236,0.0155,384,512,196608,393216,188300.2031,376600.4062,0.0000,0,0.0000,0.0000,0,0.0000,0,0.0000,0.0000,0,0.0000,0.0000,0,0,0,0,0,0,0,0,0,0,0,0,0,0,0,0,0,0,0,0,0,0,0,0,0
WG_METRICS 557,384,512,1.0980,0.0077,0.0067,1.0434,0.0244,0.0158,384,512,196608,393216,188430.1250,376860.2500,0.0000,0,0.0000,0.0000,0,0.0000,0,0.0000,0.0000,0,0.0000,0.0000,0,0,0,0,0,0,0,0,0,0,0,0,0,0,0,0,0,0,0,0,0,0,0,0,0
WG_METRICS 558,384,512,1.0830,0.0078,0.0066,1.0380,0.0154,0.0152,384,512,196608,393216,189403.0938,378806.1875,0.0000,0,0.0000,0.0000,0,0.0000,0,0.0000,0.0000,0,0.0000,0.0000,0,0,0,0,0,0,0,0,0,0,0,0,0,0,0,0,0,0,0,0,0,0,0,0,0
WG_METRICS 559,384,512,1.1215,0.0076,0.0068,1.0673,0.0242,0.0156,384,512,196608,393216,184214.0625,368428.1250,0.0000,0,0.0000,0.0000,0,0.0000,0,0.0000,0.0000,0,0.0000,0.0000,0,0,0,0,0,0,0,0,0,0,0,0,0,0,0,0,0,0,0,0,0,0,0,0,0
WG_METRICS 560,384,512,1.0922,0.0078,0.0068,1.0383,0.0236,0.0156,384,512,196608,393216,189352.0469,378704.0938,0.0000,0,0.0000,0.0000,0,0.0000,0,0.0000,0.0000,0,0.0000,0.0000,0,0,0,0,0,0,0,0,0,0,0,0,0,0,0,0,0,0,0,0,0,0,0,0,0
WG_METRICS 561,384,512,1.1032,0.0075,0.0066,1.0530,0.0206,0.0154,384,512,196608,393216,186705.1562,373410.3125,0.0000,0,0.0000,0.0000,0,0.0000,0,0.0000,0.0000,0,0.0000,0.0000,0,0,0,0,0,0,0,0,0,0,0,0,0,0,0,0,0,0,0,0,0,0,0,0,0
WG_METRICS 562,384,512,1.1360,0.0076,0.0068,1.0824,0.0239,0.0153,384,512,196608,393216,181634.0781,363268.1562,0.0000,0,0.0000,0.0000,0,0.0000,0,0.0000,0.0000,0,0.0000,0.0000,0,0,0,0,0,0,0,0,0,0,0,0,0,0,0,0,0,0,0,0,0,0,0,0,0
WG_METRICS 563,384,512,1.1227,0.0076,0.0069,1.0741,0.0172,0.0169,384,512,196608,393216,183041.0000,366082.0000,0.0000,0,0.0000,0.0000,0,0.0000,0,0.0000,0.0000,0,0.0000,0.0000,0,0,0,0,0,0,0,0,0,0,0,0,0,0,0,0,0,0,0,0,0,0,0,0,0
WG_METRICS 564,384,512,1.1094,0.0076,0.0068,1.0552,0.0246,0.0152,384,512,196608,393216,186315.9062,372631.8125,0.0000,0,0.0000,0.0000,0,0.0000,0,0.0000,0.0000,0,0.0000,0.0000,0,0,0,0,0,0,0,0,0,0,0,0,0,0,0,0,0,0,0,0,0,0,0,0,0
WG_METRICS 565,384,512,1.0882,0.0075,0.0068,1.0480,0.0109,0.0150,384,512,196608,393216,187610.2031,375220.4062,0.0000,0,0.0000,0.0000,0,0.0000,0,0.0000,0.0000,0,0.0000,0.0000,0,0,0,0,0,0,0,0,0,0,0,0,0,0,0,0,0,0,0,0,0,0,0,0,0
WG_METRICS 566,384,512,1.1005,0.0093,0.0066,1.0540,0.0153,0.0153,384,512,196608,393216,186535.0938,373070.1875,0.0000,0,0.0000,0.0000,0,0.0000,0,0.0000,0.0000,0,0.0000,0.0000,0,0,0,0,0,0,0,0,0,0,0,0,0,0,0,0,0,0,0,0,0,0,0,0,0
WG_METRICS 567,384,512,1.1067,0.0075,0.0068,1.0522,0.0240,0.0162,384,512,196608,393216,186847.1094,373694.2188,0.0000,0,0.0000,0.0000,0,0.0000,0,0.0000,0.0000,0,0.0000,0.0000,0,0,0,0,0,0,0,0,0,0,0,0,0,0,0,0,0,0,0,0,0,0,0,0,0
WG_METRICS 568,384,512,1.0889,0.0076,0.0067,1.0436,0.0158,0.0152,384,512,196608,393216,188401.2344,376802.4688,0.0000,0,0.0000,0.0000,0,0.0000,0,0.0000,0.0000,0,0.0000,0.0000,0,0,0,0,0,0,0,0,0,0,0,0,0,0,0,0,0,0,0,0,0,0,0,0,0
WG_METRICS 569,384,512,1.0928,0.0076,0.0068,1.0457,0.0163,0.0164,384,512,196608,393216,188012.0938,376024.1875,0.0000,0,0.0000,0.0000,0,0.0000,0,0.0000,0.0000,0,0.0000,0.0000,0,0,0,0,0,0,0,0,0,0,0,0,0,0,0,0,0,0,0,0,0,0,0,0,0
WG_METRICS 570,384,512,1.1002,0.0075,0.0068,1.0543,0.0162,0.0155,384,512,196608,393216,186478.5000,372957.0000,0.0000,0,0.0000,0.0000,0,0.0000,0,0.0000,0.0000,0,0.0000,0.0000,0,0,0,0,0,0,0,0,0,0,0,0,0,0,0,0,0,0,0,0,0,0,0,0,0
WG_METRICS 571,384,512,1.1242,0.0075,0.0068,1.0831,0.0110,0.0158,384,512,196608,393216,181526.7500,363053.5000,0.0000,0,0.0000,0.0000,0,0.0000,0,0.0000,0.0000,0,0.0000,0.0000,0,0,0,0,0,0,0,0,0,0,0,0,0,0,0,0,0,0,0,0,0,0,0,0,0
WG_METRICS 572,384,512,1.1340,0.0069,0.0052,1.0957,0.0108,0.0154,384,512,196608,393216,179439.2500,358878.5000,0.0000,0,0.0000,0.0000,0,0.0000,0,0.0000,0.0000,0,0.0000,0.0000,0,0,0,0,0,0,0,0,0,0,0,0,0,0,0,0,0,0,0,0,0,0,0,0,0
WG_METRICS 573,384,512,1.1466,0.0078,0.0068,1.0855,0.0310,0.0153,384,512,196608,393216,181118.7188,362237.4375,0.0000,0,0.0000,0.0000,0,0.0000,0,0.0000,0.0000,0,0.0000,0.0000,0,0,0,0,0,0,0,0,0,0,0,0,0,0,0,0,0,0,0,0,0,0,0,0,0
WG_METRICS 574,384,512,1.1387,0.0104,0.0056,1.0928,0.0139,0.0159,384,512,196608,393216,179905.5781,359811.1562,0.0000,0,0.0000,0.0000,0,0.0000,0,0.0000,0.0000,0,0.0000,0.0000,0,0,0,0,0,0,0,0,0,0,0,0,0,0,0,0,0,0,0,0,0,0,0,0,0
WG_METRICS 575,384,512,1.1356,0.0077,0.0068,1.0952,0.0106,0.0152,384,512,196608,393216,179524.4531,359048.9062,0.0000,0,0.0000,0.0000,0,0.0000,0,0.0000,0.0000,0,0.0000,0.0000,0,0,0,0,0,0,0,0,0,0,0,0,0,0,0,0,0,0,0,0,0,0,0,0,0
WG_METRICS 576,384,512,1.1726,0.0082,0.0154,1.1265,0.0070,0.0156,384,512,196608,393216,174533.0625,349066.1250,0.0000,0,0.0000,0.0000,0,0.0000,0,0.0000,0.0000,0,0.0000,0.0000,0,0,0,0,0,0,0,0,0,0,0,0,0,0,0,0,0,0,0,0,0,0,0,0,0
WG_METRICS 577,384,512,1.1034,0.0078,0.0068,1.0622,0.0115,0.0151,384,512,196608,393216,185095.0938,370190.1875,0.0000,0,0.0000,0.0000,0,0.0000,0,0.0000,0.0000,0,0.0000,0.0000,0,0,0,0,0,0,0,0,0,0,0,0,0,0,0,0,0,0,0,0,0,0,0,0,0
WG_METRICS 578,384,512,1.2660,0.0126,0.0024,1.2232,0.0112,0.0166,384,512,196608,393216,160727.2500,321454.5000,0.0000,0,0.0000,0.0000,0,0.0000,0,0.0000,0.0000,0,0.0000,0.0000,0,0,0,0,0,0,0,0,0,0,0,0,0,0,0,0,0,0,0,0,0,0,0,0,0
WG_METRICS 579,384,512,1.1206,0.0076,0.0067,1.0759,0.0150,0.0154,384,512,196608,393216,182734.7812,365469.5625,0.0000,0,0.0000,0.0000,0,0.0000,0,0.0000,0.0000,0,0.0000,0.0000,0,0,0,0,0,0,0,0,0,0,0,0,0,0,0,0,0,0,0,0,0,0,0,0,0
WG_METRICS 580,384,512,1.0829,0.0076,0.0068,1.0434,0.0102,0.0150,384,512,196608,393216,188430.1250,376860.2500,0.0000,0,0.0000,0.0000,0,0.0000,0,0.0000,0.0000,0,0.0000,0.0000,0,0,0,0,0,0,0,0,0,0,0,0,0,0,0,0,0,0,0,0,0,0,0,0,0
WG_METRICS 581,384,512,1.1234,0.0076,0.0068,1.0829,0.0108,0.0154,384,512,196608,393216,181560.2812,363120.5625,0.0000,0,0.0000,0.0000,0,0.0000,0,0.0000,0.0000,0,0.0000,0.0000,0,0,0,0,0,0,0,0,0,0,0,0,0,0,0,0,0,0,0,0,0,0,0,0,0
