WG_METRICS_HEADER frame,q1_shards,q1_shard_capacity,gpu_frame_ms,reset_ms,reset_barrier_ms,compute_ms,metrics_copy_ms,render_ms,q2_shards,q2_shard_capacity,edges,vertices,edges_per_ms,vertices_per_ms,q1_deq_attempt_mean,q1_deq_attempt_max,q1_deq_attempt_imbalance,q1_deq_cas_fail_mean,q1_deq_cas_fail_max,q1_deq_probe_mean,q1_deq_probe_max,q1_deq_probe_imbalance,q1_enq_attempt_mean,q1_enq_attempt_max,q1_enq_attempt_imbalance,q1_high_water_mean,q1_high_water_max,q1_enq_ok,q1_enq_cas_fail,q1_enq_full,q1_deq_ok,q1_deq_cas_fail,q1_deq_empty,q1_ready_cas_fail,q1_ready_max_spin,q1_high_water,q2_enq_ok,q2_enq_cas_fail,q2_enq_full,q2_deq_ok,q2_deq_cas_fail,q2_deq_empty,q2_ready_cas_fail,q2_ready_max_spin,q2_high_water,node_a_seed,node_b_tasks,node_b_subdivide,node_b_final,node_c_output,stop_writes
WG_METRICS 1,384,512,1.1494,0.0083,0.0068,1.1059,0.0099,0.0186,384,512,196608,393216,177777.7812,355555.5625,0.0000,0,0.0000,0.0000,0,0.0000,0,0.0000,0.0000,0,0.0000,0.0000,0,0,0,0,0,0,0,0,0,0,0,0,0,0,0,0,0,0,0,0,0,0,0,0,0
WG_METRICS 2,384,512,1.1209,0.0076,0.0067,1.0746,0.0165,0.0156,384,512,196608,393216,182959.2500,365918.5000,0.0000,0,0.0000,0.0000,0,0.0000,0,0.0000,0.0000,0,0.0000,0.0000,0,0,0,0,0,0,0,0,0,0,0,0,0,0,0,0,0,0,0,0,0,0,0,0,0
WG_METRICS 3,384,512,1.1560,0.0076,0.0068,1.1017,0.0246,0.0153,384,512,196608,393216,178455.5156,356911.0312,0.0000,0,0.0000,0.0000,0,0.0000,0,0.0000,0.0000,0,0.0000,0.0000,0,0,0,0,0,0,0,0,0,0,0,0,0,0,0,0,0,0,0,0,0,0,0,0,0
WG_METRICS 4,384,512,1.1633,0.0076,0.0068,1.0894,0.0444,0.0151,384,512,196608,393216,180473.6406,360947.2812,0.0000,0,0.0000,0.0000,0,0.0000,0,0.0000,0.0000,0,0.0000,0.0000,0,0,0,0,0,0,0,0,0,0,0,0,0,0,0,0,0,0,0,0,0,0,0,0,0
WG_METRICS 5,384,512,1.1403,0.0076,0.0066,1.0867,0.0239,0.0155,384,512,196608,393216,180918.7344,361837.4688,0.0000,0,0.0000,0.0000,0,0.0000,0,0.0000,0.0000,0,0.0000,0.0000,0,0,0,0,0,0,0,0,0,0,0,0,0,0,0,0,0,0,0,0,0,0,0,0,0
WG_METRICS 6,384,512,1.1647,0.0064,0.0054,1.1237,0.0135,0.0156,384,512,196608,393216,174967.9688,349935.9375,0.0000,0,0.0000,0.0000,0,0.0000,0,0.0000,0.0000,0,0.0000,0.0000,0,0,0,0,0,0,0,0,0,0,0,0,0,0,0,0,0,0,0,0,0,0,0,0,0
WG_METRICS 7,384,512,1.1355,0.0076,0.0068,1.0900,0.0160,0.0150,384,512,196608,393216,180367.7031,360735.4062,0.0000,0,0.0000,0.0000,0,0.0000,0,0.0000,0.0000,0,0.0000,0.0000,0,0,0,0,0,0,0,0,0,0,0,0,0,0,0,0,0,0,0,0,0,0,0,0,0
WG_METRICS 8,384,512,1.1530,0.0076,0.0068,1.0997,0.0237,0.0152,384,512,196608,393216,178780.0469,357560.0938,0.0000,0,0.0000,0.0000,0,0.0000,0,0.0000,0.0000,0,0.0000,0.0000,0,0,0,0,0,0,0,0,0,0,0,0,0,0,0,0,0,0,0,0,0,0,0,0,0
WG_METRICS 9,384,512,1.1503,0.0076,0.0068,1.0958,0.0243,0.0157,384,512,196608,393216,179413.0625,358826.1250,0.0000,0,0.0000,0.0000,0,0.0000,0,0.0000,0.0000,0,0.0000,0.0000,0,0,0,0,0,0,0,0,0,0,0,0,0,0,0,0,0,0,0,0,0,0,0,0,0
WG_METRICS 10,384,512,1.1458,0.0076,0.0068,1.0910,0.0248,0.0156,384,512,196608,393216,180202.3750,360404.7500,0.0000,0,0.0000,0.0000,0,0.0000,0,0.0000,0.0000,0,0.0000,0.0000,0,0,0,0,0,0,0,0,0,0,0,0,0,0,0,0,0,0,0,0,0,0,0,0,0
WG_METRICS 11,384,512,1.1545,0.0076,0.0068,1.1088,0.0161,0.0152,384,512,196608,393216,177309.6250,354619.2500,0.0000,0,0.0000,0.0000,0,0.0000,0,0.0000,0.0000,0,0.0000,0.0000,0,0,0,0,0,0,0,0,0,0,0,0,0,0,0,0,0,0,0,0,0,0,0,0,0
WG_METRICS 12,384,512,1.1821,0.0076,0.0069,1.1390,0.0132,0.0155,384,512,196608,393216,172620.6406,345241.2812,0.0000,0,0.0000,0.0000,0,0.0000,0,0.0000,0.0000,0,0.0000,0.0000,0,0,0,0,0,0,0,0,0,0,0,0,0,0,0,0,0,0,0,0,0,0,0,0,0
WG_METRICS 13,384,512,1.1390,0.0075,0.0068,1.0932,0.0158,0.0156,384,512,196608,393216,179846.3281,359692.6562,0.0000,0,0.0000,0.0000,0,0.0000,0,0.0000,0.0000,0,0.0000,0.0000,0,0,0,0,0,0,0,0,0,0,0,0,0,0,0,0,0,0,0,0,0,0,0,0,0
WG_METRICS 14,384,512,1.1442,0.0076,0.0068,1.0990,0.0154,0.0154,384,512,196608,393216,178897.1875,357794.3750,0.0000,0,0.0000,0.0000,0,0.0000,0,0.0000,0.0000,0,0.0000,0.0000,0,0,0,0,0,0,0,0,0,0,0,0,0,0,0,0,0,0,0,0,0,0,0,0,0
WG_METRICS 15,384,512,1.1468,0.0079,0.0070,1.1012,0.0154,0.0152,384,512,196608,393216,178533.2812,357066.5625,0.0000,0,0.0000,0.0000,0,0.0000,0,0.0000,0.0000,0,0.0000,0.0000,0,0,0,0,0,0,0,0,0,0,0,0,0,0,0,0,0,0,0,0,0,0,0,0,0
WG_METRICS 16,384,512,1.1589,0.0076,0.0067,1.1145,0.0151,0.0151,384,512,196608,393216,176412.3125,352824.6250,0.0000,0,0.0000,0.0000,0,0.0000,0,0.0000,0.0000,0,0.0000,0.0000,0,0,0,0,0,0,0,0,0,0,0,0,0,0,0,0,0,0,0,0,0,0,0,0,0
WG_METRICS 17,384,512,1.1857,0.0070,0.0066,1.1399,0.0164,0.0157,384,512,196608,393216,172481.3281,344962.6562,0.0000,0,0.0000,0.0000,0,0.0000,0,0.0000,0.0000,0,0.0000,0.0000,0,0,0,0,0,0,0,0,0,0,0,0,0,0,0,0,0,0,0,0,0,0,0,0,0
WG_METRICS 18,384,512,1.1629,0.0076,0.0068,1.1176,0.0157,0.0152,384,512,196608,393216,175919.8281,351839.6562,0.0000,0,0.0000,0.0000,0,0.0000,0,0.0000,0.0000,0,0.0000,0.0000,0,0,0,0,0,0,0,0,0,0,0,0,0,0,0,0,0,0,0,0,0,0,0,0,0
WG_METRICS 19,384,512,1.1997,0.0076,0.0068,1.1542,0.0156,0.0156,384,512,196608,393216,170341.3750,340682.7500,0.0000,0,0.0000,0.0000,0,0.0000,0,0.0000,0.0000,0,0.0000,0.0000,0,0,0,0,0,0,0,0,0,0,0,0,0,0,0,0,0,0,0,0,0,0,0,0,0
WG_METRICS 20,384,512,1.1564,0.0076,0.0062,1.1033,0.0239,0.0154,384,512,196608,393216,178196.7188,356393.4375,0.0000,0,0.0000,0.0000,0,0.0000,0,0.0000,0.0000,0,0.0000,0.0000,0,0,0,0,0,0,0,0,0,0,0,0,0,0,0,0,0,0,0,0,0,0,0,0,0
WG_METRICS 21,384,512,1.1398,0.0076,0.0068,1.0950,0.0153,0.0151,384,512,196608,393216,179557.2500,359114.5000,0.0000,0,0.0000,0.0000,0,0.0000,0,0.0000,0.0000,0,0.0000,0.0000,0,0,0,0,0,0,0,0,0,0,0,0,0,0,0,0,0,0,0,0,0,0,0,0,0
WG_METRICS 22,384,512,1.1684,0.0074,0.0067,1.1240,0.0151,0.0151,384,512,196608,393216,174918.1562,349836.3125,0.0000,0,0.0000,0.0000,0,0.0000,0,0.0000,0.0000,0,0.0000,0.0000,0,0,0,0,0,0,0,0,0,0,0,0,0,0,0,0,0,0,0,0,0,0,0,0,0
WG_METRICS 23,384,512,1.1727,0.0076,0.0068,1.1260,0.0164,0.0159,384,512,196608,393216,174607.4531,349214.9062,0.0000,0,0.0000,0.0000,0,0.0000,0,0.0000,0.0000,0,0.0000,0.0000,0,0,0,0,0,0,0,0,0,0,0,0,0,0,0,0,0,0,0,0,0,0,0,0,0
WG_METRICS 24,384,512,1.1629,0.0075,0.0062,1.1186,0.0154,0.0152,384,512,196608,393216,175756.2812,351512.5625,0.0000,0,0.0000,0.0000,0,0.0000,0,0.0000,0.0000,0,0.0000,0.0000,0,0,0,0,0,0,0,0,0,0,0,0,0,0,0,0,0,0,0,0,0,0,0,0,0
WG_METRICS 25,384,512,1.1452,0.0076,0.0066,1.1006,0.0152,0.0152,384,512,196608,393216,178637.1094,357274.2188,0.0000,0,0.0000,0.0000,0,0.0000,0,0.0000,0.0000,0,0.0000,0.0000,0,0,0,0,0,0,0,0,0,0,0,0,0,0,0,0,0,0,0,0,0,0,0,0,0
WG_METRICS 26,384,512,1.1449,0.0076,0.0068,1.0989,0.0158,0.0158,384,512,196608,393216,178910.2031,357820.4062,0.0000,0,0.0000,0.0000,0,0.0000,0,0.0000,0.0000,0,0.0000,0.0000,0,0,0,0,0,0,0,0,0,0,0,0,0,0,0,0,0,0,0,0,0,0,0,0,0
WG_METRICS 27,384,512,1.1469,0.0076,0.0068,1.0926,0.0248,0.0152,384,512,196608,393216,179951.6719,359903.3438,0.0000,0,0.0000,0.0000,0,0.0000,0,0.0000,0.0000,0,0.0000,0.0000,0,0,0,0,0,0,0,0,0,0,0,0,0,0,0,0,0,0,0,0,0,0,0,0,0
WG_METRICS 28,384,512,1.1454,0.0076,0.0068,1.1000,0.0158,0.0153,384,512,196608,393216,178741.0469,357482.0938,0.0000,0,0.0000,0.0000,0,0.0000,0,0.0000,0.0000,0,0.0000,0.0000,0,0,0,0,0,0,0,0,0,0,0,0,0,0,0,0,0,0,0,0,0,0,0,0,0
WG_METRICS 29,384,512,1.1652,0.0076,0.0067,1.1102,0.0251,0.0156,384,512,196608,393216,177086.0312,354172.0625,0.0000,0,0.0000,0.0000,0,0.0000,0,0.0000,0.0000,0,0.0000,0.0000,0,0,0,0,0,0,0,0,0,0,0,0,0,0,0,0,0,0,0,0,0,0,0,0,0
WG_METRICS 30,384,512,1.1373,0.0076,0.0068,1.0921,0.0158,0.0150,384,512,196608,393216,180024.1719,360048.3438,0.0000,0,0.0000,0.0000,0,0.0000,0,0.0000,0.0000,0,0.0000,0.0000,0,0,0,0,0,0,0,0,0,0,0,0,0,0,0,0,0,0,0,0,0,0,0,0,0
WG_METRICS 31,384,512,1.1933,0.0075,0.0069,1.1392,0.0244,0.0154,384,512,196608,393216,172590.3281,345180.6562,0.0000,0,0.0000,0.0000,0,0.0000,0,0.0000,0.0000,0,0.0000,0.0000,0,0,0,0,0,0,0,0,0,0,0,0,0,0,0,0,0,0,0,0,0,0,0,0,0
WG_METRICS 32,384,512,1.1386,0.0075,0.0070,1.0916,0.0160,0.0164,384,512,196608,393216,180103.3281,360206.6562,0.0000,0,0.0000,0.0000,0,0.0000,0,0.0000,0.0000,0,0.0000,0.0000,0,0,0,0,0,0,0,0,0,0,0,0,0,0,0,0,0,0,0,0,0,0,0,0,0
WG_METRICS 33,384,512,1.1706,0.0076,0.0060,1.1173,0.0244,0.0154,384,512,196608,393216,175970.2188,351940.4375,0.0000,0,0.0000,0.0000,0,0.0000,0,0.0000,0.0000,0,0.0000,0.0000,0,0,0,0,0,0,0,0,0,0,0,0,0,0,0,0,0,0,0,0,0,0,0,0,0
WG_METRICS 34,384,512,1.1854,0.0076,0.0068,1.1400,0.0157,0.0152,384,512,196608,393216,172457.0938,344914.1875,0.0000,0,0.0000,0.0000,0,0.0000,0,0.0000,0.0000,0,0.0000,0.0000,0,0,0,0,0,0,0,0,0,0,0,0,0,0,0,0,0,0,0,0,0,0,0,0,0
WG_METRICS 35,384,512,1.1453,0.0075,0.0066,1.1006,0.0153,0.0153,384,512,196608,393216,178637.1094,357274.2188,0.0000,0,0.0000,0.0000,0,0.0000,0,0.0000,0.0000,0,0.0000,0.0000,0,0,0,0,0,0,0,0,0,0,0,0,0,0,0,0,0,0,0,0,0,0,0,0,0
WG_METRICS 36,384,512,1.1284,0.0077,0.0066,1.0822,0.0162,0.0157,384,512,196608,393216,181674.3594,363348.7188,0.0000,0,0.0000,0.0000,0,0.0000,0,0.0000,0.0000,0,0.0000,0.0000,0,0,0,0,0,0,0,0,0,0,0,0,0,0,0,0,0,0,0,0,0,0,0,0,0
WG_METRICS 37,384,512,1.1461,0.0076,0.0066,1.0999,0.0166,0.0154,384,512,196608,393216,178747.5469,357495.0938,0.0000,0,0.0000,0.0000,0,0.0000,0,0.0000,0.0000,0,0.0000,0.0000,0,0,0,0,0,0,0,0,0,0,0,0,0,0,0,0,0,0,0,0,0,0,0,0,0
WG_METRICS 38,384,512,1.1466,0.0080,0.0070,1.0914,0.0241,0.0160,384,512,196608,393216,180136.3438,360272.6875,0.0000,0,0.0000,0.0000,0,0.0000,0,0.0000,0.0000,0,0.0000,0.0000,0,0,0,0,0,0,0,0,0,0,0,0,0,0,0,0,0,0,0,0,0,0,0,0,0
WG_METRICS 39,384,512,1.1590,0.0076,0.0067,1.1056,0.0239,0.0153,384,512,196608,393216,177829.2344,355658.4688,0.0000,0,0.0000,0.0000,0,0.0000,0,0.0000,0.0000,0,0.0000,0.0000,0,0,0,0,0,0,0,0,0,0,0,0,0,0,0,0,0,0,0,0,0,0,0,0,0
WG_METRICS 40,384,512,1.1419,0.0077,0.0068,1.0965,0.0157,0.0153,384,512,196608,393216,179301.7969,358603.5938,0.0000,0,0.0000,0.0000,0,0.0000,0,0.0000,0.0000,0,0.0000,0.0000,0,0,0,0,0,0,0,0,0,0,0,0,0,0,0,0,0,0,0,0,0,0,0,0,0
WG_METRICS 41,384,512,1.1506,0.0076,0.0068,1.1045,0.0158,0.0159,384,512,196608,393216,178003.1250,356006.2500,0.0000,0,0.0000,0.0000,0,0.0000,0,0.0000,0.0000,0,0.0000,0.0000,0,0,0,0,0,0,0,0,0,0,0,0,0,0,0,0,0,0,0,0,0,0,0,0,0
WG_METRICS 42,384,512,1.1450,0.0075,0.0068,1.1000,0.0158,0.0150,384,512,196608,393216,178741.0469,357482.0938,0.0000,0,0.0000,0.0000,0,0.0000,0,0.0000,0.0000,0,0.0000,0.0000,0,0,0,0,0,0,0,0,0,0,0,0,0,0,0,0,0,0,0,0,0,0,0,0,0
WG_METRICS 43,384,512,1.1546,0.0077,0.0067,1.1007,0.0239,0.0156,384,512,196608,393216,178617.6250,357235.2500,0.0000,0,0.0000,0.0000,0,0.0000,0,0.0000,0.0000,0,0.0000,0.0000,0,0,0,0,0,0,0,0,0,0,0,0,0,0,0,0,0,0,0,0,0,0,0,0,0
WG_METRICS 44,384,512,1.1368,0.0077,0.0067,1.0902,0.0163,0.0158,384,512,196608,393216,180334.6094,360669.2188,0.0000,0,0.0000,0.0000,0,0.0000,0,0.0000,0.0000,0,0.0000,0.0000,0,0,0,0,0,0,0,0,0,0,0,0,0,0,0,0,0,0,0,0,0,0,0,0,0
WG_METRICS 45,384,512,1.1402,0.0076,0.0068,1.0950,0.0156,0.0152,384,512,196608,393216,179557.2500,359114.5000,0.0000,0,0.0000,0.0000,0,0.0000,0,0.0000,0.0000,0,0.0000,0.0000,0,0,0,0,0,0,0,0,0,0,0,0,0,0,0,0,0,0,0,0,0,0,0,0,0
WG_METRICS 46,384,512,1.1328,0.0076,0.0068,1.0874,0.0158,0.0152,384,512,196608,393216,180812.2344,361624.4688,0.0000,0,0.0000,0.0000,0,0.0000,0,0.0000,0.0000,0,0.0000,0.0000,0,0,0,0,0,0,0,0,0,0,0,0,0,0,0,0,0,0,0,0,0,0,0,0,0
WG_METRICS 47,384,512,1.1624,0.0076,0.0067,1.1086,0.0238,0.0157,384,512,196608,393216,177354.4062,354708.8125,0.0000,0,0.0000,0.0000,0,0.0000,0,0.0000,0.0000,0,0.0000,0.0000,0,0,0,0,0,0,0,0,0,0,0,0,0,0,0,0,0,0,0,0,0,0,0,0,0
WG_METRICS 48,384,512,1.1548,0.0077,0.0069,1.0998,0.0249,0.0155,384,512,196608,393216,178767.0469,357534.0938,0.0000,0,0.0000,0.0000,0,0.0000,0,0.0000,0.0000,0,0.0000,0.0000,0,0,0,0,0,0,0,0,0,0,0,0,0,0,0,0,0,0,0,0,0,0,0,0,0
WG_METRICS 49,384,512,1.1589,0.0076,0.0068,1.1042,0.0246,0.0156,384,512,196608,393216,178048.2656,356096.5312,0.0000,0,0.0000,0.0000,0,0.0000,0,0.0000,0.0000,0,0.0000,0.0000,0,0,0,0,0,0,0,0,0,0,0,0,0,0,0,0,0,0,0,0,0,0,0,0,0
WG_METRICS 50,384,512,1.1751,0.0076,0.0068,1.1212,0.0243,0.0152,384,512,196608,393216,175354.9844,350709.9688,0.0000,0,0.0000,0.0000,0,0.0000,0,0.0000,0.0000,0,0.0000,0.0000,0,0,0,0,0,0,0,0,0,0,0,0,0,0,0,0,0,0,0,0,0,0,0,0,0
WG_METRICS 51,384,512,1.1198,0.0076,0.0065,1.0752,0.0155,0.0150,384,512,196608,393216,182850.3438,365700.6875,0.0000,0,0.0000,0.0000,0,0.0000,0,0.0000,0.0000,0,0.0000,0.0000,0,0,0,0,0,0,0,0,0,0,0,0,0,0,0,0,0,0,0,0,0,0,0,0,0
WG_METRICS 52,384,512,1.1991,0.0076,0.0067,1.1438,0.0253,0.0158,384,512,196608,393216,171896.2031,343792.4062,0.0000,0,0.0000,0.0000,0,0.0000,0,0.0000,0.0000,0,0.0000,0.0000,0,0,0,0,0,0,0,0,0,0,0,0,0,0,0,0,0,0,0,0,0,0,0,0,0
WG_METRICS 53,384,512,1.1526,0.0076,0.0068,1.1104,0.0128,0.0151,384,512,196608,393216,177060.5312,354121.0625,0.0000,0,0.0000,0.0000,0,0.0000,0,0.0000,0.0000,0,0.0000,0.0000,0,0,0,0,0,0,0,0,0,0,0,0,0,0,0,0,0,0,0,0,0,0,0,0,0
WG_METRICS 54,384,512,1.1390,0.0100,0.0069,1.0910,0.0158,0.0152,384,512,196608,393216,180202.3750,360404.7500,0.0000,0,0.0000,0.0000,0,0.0000,0,0.0000,0.0000,0,0.0000,0.0000,0,0,0,0,0,0,0,0,0,0,0,0,0,0,0,0,0,0,0,0,0,0,0,0,0
WG_METRICS 55,384,512,1.1365,0.0076,0.0068,1.0917,0.0153,0.0151,384,512,196608,393216,180096.7188,360193.4375,0.0000,0,0.0000,0.0000,0,0.0000,0,0.0000,0.0000,0,0.0000,0.0000,0,0,0,0,0,0,0,0,0,0,0,0,0,0,0,0,0,0,0,0,0,0,0,0,0
WG_METRICS 56,384,512,1.1319,0.0076,0.0068,1.0868,0.0153,0.0154,384,512,196608,393216,180898.7500,361797.5000,0.0000,0,0.0000,0.0000,0,0.0000,0,0.0000,0.0000,0,0.0000,0.0000,0,0,0,0,0,0,0,0,0,0,0,0,0,0,0,0,0,0,0,0,0,0,0,0,0
WG_METRICS 57,384,512,1.1494,0.0076,0.0066,1.1126,0.0073,0.0152,384,512,196608,393216,176704.0469,353408.0938,0.0000,0,0.0000,0.0000,0,0.0000,0,0.0000,0.0000,0,0.0000,0.0000,0,0,0,0,0,0,0,0,0,0,0,0,0,0,0,0,0,0,0,0,0,0,0,0,0
WG_METRICS 58,384,512,1.1851,0.0077,0.0068,1.1377,0.0169,0.0160,384,512,196608,393216,172808.7812,345617.5625,0.0000,0,0.0000,0.0000,0,0.0000,0,0.0000,0.0000,0,0.0000,0.0000,0,0,0,0,0,0,0,0,0,0,0,0,0,0,0,0,0,0,0,0,0,0,0,0,0
WG_METRICS 59,384,512,1.1534,0.0076,0.0068,1.1000,0.0240,0.0151,384,512,196608,393216,178741.0469,357482.0938,0.0000,0,0.0000,0.0000,0,0.0000,0,0.0000,0.0000,0,0.0000,0.0000,0,0,0,0,0,0,0,0,0,0,0,0,0,0,0,0,0,0,0,0,0,0,0,0,0
WG_METRICS 60,384,512,1.1534,0.0076,0.0068,1.1128,0.0112,0.0150,384,512,196608,393216,176672.2812,353344.5625,0.0000,0,0.0000,0.0000,0,0.0000,0,0.0000,0.0000,0,0.0000,0.0000,0,0,0,0,0,0,0,0,0,0,0,0,0,0,0,0,0,0,0,0,0,0,0,0,0
WG_METRICS 61,384,512,1.1428,0.0076,0.0062,1.0962,0.0167,0.0160,384,512,196608,393216,179360.6719,358721.3438,0.0000,0,0.0000,0.0000,0,0.0000,0,0.0000,0.0000,0,0.0000,0.0000,0,0,0,0,0,0,0,0,0,0,0,0,0,0,0,0,0,0,0,0,0,0,0,0,0
WG_METRICS 62,384,512,1.1299,0.0075,0.0068,1.0889,0.0116,0.0151,384,512,196608,393216,180559.8438,361119.6875,0.0000,0,0.0000,0.0000,0,0.0000,0,0.0000,0.0000,0,0.0000,0.0000,0,0,0,0,0,0,0,0,0,0,0,0,0,0,0,0,0,0,0,0,0,0,0,0,0
WG_METRICS 63,384,512,1.1438,0.0077,0.0067,1.0889,0.0250,0.0156,384,512,196608,393216,180553.2031,361106.4062,0.0000,0,0.0000,0.0000,0,0.0000,0,0.0000,0.0000,0,0.0000,0.0000,0,0,0,0,0,0,0,0,0,0,0,0,0,0,0,0,0,0,0,0,0,0,0,0,0
WG_METRICS 64,384,512,1.1636,0.0078,0.0070,1.1174,0.0164,0.0151,384,512,196608,393216,175945.0156,351890.0312,0.0000,0,0.0000,0.0000,0,0.0000,0,0.0000,0.0000,0,0.0000,0.0000,0,0,0,0,0,0,0,0,0,0,0,0,0,0,0,0,0,0,0,0,0,0,0,0,0
WG_METRICS 65,384,512,1.1200,0.0075,0.0068,1.0741,0.0160,0.0154,384,512,196608,393216,183041.0000,366082.0000,0.0000,0,0.0000,0.0000,0,0.0000,0,0.0000,0.0000,0,0.0000,0.0000,0,0,0,0,0,0,0,0,0,0,0,0,0,0,0,0,0,0,0,0,0,0,0,0,0
WG_METRICS 66,384,512,1.1524,0.0077,0.0068,1.1070,0.0157,0.0152,384,512,196608,393216,177604.3438,355208.6875,0.0000,0,0.0000,0.0000,0,0.0000,0,0.0000,0.0000,0,0.0000,0.0000,0,0,0,0,0,0,0,0,0,0,0,0,0,0,0,0,0,0,0,0,0,0,0,0,0
WG_METRICS 67,384,512,1.1414,0.0077,0.0066,1.1061,0.0056,0.0154,384,512,196608,393216,177745.6406,355491.2812,0.0000,0,0.0000,0.0000,0,0.0000,0,0.0000,0.0000,0,0.0000,0.0000,0,0,0,0,0,0,0,0,0,0,0,0,0,0,0,0,0,0,0,0,0,0,0,0,0
WG_METRICS 68,384,512,1.1634,0.0077,0.0067,1.1130,0.0201,0.0159,384,512,196608,393216,176646.8906,353293.7812,0.0000,0,0.0000,0.0000,0,0.0000,0,0.0000,0.0000,0,0.0000,0.0000,0,0,0,0,0,0,0,0,0,0,0,0,0,0,0,0,0,0,0,0,0,0,0,0,0
WG_METRICS 69,384,512,1.1379,0.0076,0.0067,1.0925,0.0156,0.0154,384,512,196608,393216,179958.2656,359916.5312,0.0000,0,0.0000,0.0000,0,0.0000,0,0.0000,0.0000,0,0.0000,0.0000,0,0,0,0,0,0,0,0,0,0,0,0,0,0,0,0,0,0,0,0,0,0,0,0,0
WG_METRICS 70,384,512,1.1392,0.0077,0.0066,1.0940,0.0156,0.0153,384,512,196608,393216,179708.2344,359416.4688,0.0000,0,0.0000,0.0000,0,0.0000,0,0.0000,0.0000,0,0.0000,0.0000,0,0,0,0,0,0,0,0,0,0,0,0,0,0,0,0,0,0,0,0,0,0,0,0,0
WG_METRICS 71,384,512,1.1677,0.0076,0.0068,1.1221,0.0157,0.0155,384,512,196608,393216,175211.2031,350422.4062,0.0000,0,0.0000,0.0000,0,0.0000,0,0.0000,0.0000,0,0.0000,0.0000,0,0,0,0,0,0,0,0,0,0,0,0,0,0,0,0,0,0,0,0,0,0,0,0,0
WG_METRICS 72,384,512,1.1546,0.0076,0.0068,1.1094,0.0154,0.0154,384,512,196608,393216,177213.7344,354427.4688,0.0000,0,0.0000,0.0000,0,0.0000,0,0.0000,0.0000,0,0.0000,0.0000,0,0,0,0,0,0,0,0,0,0,0,0,0,0,0,0,0,0,0,0,0,0,0,0,0
WG_METRICS 73,384,512,1.1477,0.0076,0.0068,1.1074,0.0108,0.0152,384,512,196608,393216,177546.5938,355093.1875,0.0000,0,0.0000,0.0000,0,0.0000,0,0.0000,0.0000,0,0.0000,0.0000,0,0,0,0,0,0,0,0,0,0,0,0,0,0,0,0,0,0,0,0,0,0,0,0,0
WG_METRICS 74,384,512,1.1490,0.0076,0.0068,1.1034,0.0155,0.0156,384,512,196608,393216,178177.3281,356354.6562,0.0000,0,0.0000,0.0000,0,0.0000,0,0.0000,0.0000,0,0.0000,0.0000,0,0,0,0,0,0,0,0,0,0,0,0,0,0,0,0,0,0,0,0,0,0,0,0,0
WG_METRICS 75,384,512,1.1556,0.0077,0.0068,1.1095,0.0160,0.0156,384,512,196608,393216,177207.3438,354414.6875,0.0000,0,0.0000,0.0000,0,0.0000,0,0.0000,0.0000,0,0.0000,0.0000,0,0,0,0,0,0,0,0,0,0,0,0,0,0,0,0,0,0,0,0,0,0,0,0,0
WG_METRICS 76,384,512,1.1442,0.0076,0.0068,1.0902,0.0244,0.0152,384,512,196608,393216,180334.6094,360669.2188,0.0000,0,0.0000,0.0000,0,0.0000,0,0.0000,0.0000,0,0.0000,0.0000,0,0,0,0,0,0,0,0,0,0,0,0,0,0,0,0,0,0,0,0,0,0,0,0,0
WG_METRICS 77,384,512,1.1263,0.0077,0.0066,1.0810,0.0153,0.0157,384,512,196608,393216,181869.3125,363738.6250,0.0000,0,0.0000,0.0000,0,0.0000,0,0.0000,0.0000,0,0.0000,0.0000,0,0,0,0,0,0,0,0,0,0,0,0,0,0,0,0,0,0,0,0,0,0,0,0,0
WG_METRICS 78,384,512,1.1690,0.0076,0.0068,1.1149,0.0243,0.0154,384,512,196608,393216,176349.0312,352698.0625,0.0000,0,0.0000,0.0000,0,0.0000,0,0.0000,0.0000,0,0.0000,0.0000,0,0,0,0,0,0,0,0,0,0,0,0,0,0,0,0,0,0,0,0,0,0,0,0,0
WG_METRICS 79,384,512,1.1755,0.0077,0.0062,1.1317,0.0144,0.0154,384,512,196608,393216,173724.9531,347449.9062,0.0000,0,0.0000,0.0000,0,0.0000,0,0.0000,0.0000,0,0.0000,0.0000,0,0,0,0,0,0,0,0,0,0,0,0,0,0,0,0,0,0,0,0,0,0,0,0,0
WG_METRICS 80,384,512,1.1748,0.0076,0.0068,1.1293,0.0161,0.0151,384,512,196608,393216,174100.3125,348200.6250,0.0000,0,0.0000,0.0000,0,0.0000,0,0.0000,0.0000,0,0.0000,0.0000,0,0,0,0,0,0,0,0,0,0,0,0,0,0,0,0,0,0,0,0,0,0,0,0,0
WG_METRICS 81,384,512,1.1682,0.0076,0.0068,1.1190,0.0194,0.0153,384,512,196608,393216,175693.4531,351386.9062,0.0000,0,0.0000,0.0000,0,0.0000,0,0.0000,0.0000,0,0.0000,0.0000,0,0,0,0,0,0,0,0,0,0,0,0,0,0,0,0,0,0,0,0,0,0,0,0,0
WG_METRICS 82,384,512,1.1470,0.0078,0.0068,1.0998,0.0174,0.0153,384,512,196608,393216,178773.5469,357547.0938,0.0000,0,0.0000,0.0000,0,0.0000,0,0.0000,0.0000,0,0.0000,0.0000,0,0,0,0,0,0,0,0,0,0,0,0,0,0,0,0,0,0,0,0,0,0,0,0,0
WG_METRICS 83,384,512,1.1518,0.0076,0.0068,1.0976,0.0238,0.0160,384,512,196608,393216,179118.8281,358237.6562,0.0000,0,0.0000,0.0000,0,0.0000,0,0.0000,0.0000,0,0.0000,0.0000,0,0,0,0,0,0,0,0,0,0,0,0,0,0,0,0,0,0,0,0,0,0,0,0,0
WG_METRICS 84,384,512,1.1454,0.0076,0.0068,1.0993,0.0160,0.0157,384,512,196608,393216,178851.6094,357703.2188,0.0000,0,0.0000,0.0000,0,0.0000,0,0.0000,0.0000,0,0.0000,0.0000,0,0,0,0,0,0,0,0,0,0,0,0,0,0,0,0,0,0,0,0,0,0,0,0,0
WG_METRICS 85,384,512,1.1620,0.0076,0.0138,1.1010,0.0247,0.0150,384,512,196608,393216,178572.2188,357144.4375,0.0000,0,0.0000,0.0000,0,0.0000,0,0.0000,0.0000,0,0.0000,0.0000,0,0,0,0,0,0,0,0,0,0,0,0,0,0,0,0,0,0,0,0,0,0,0,0,0
WG_METRICS 86,384,512,1.1792,0.0077,0.0068,1.1370,0.0118,0.0159,384,512,196608,393216,172918.2188,345836.4375,0.0000,0,0.0000,0.0000,0,0.0000,0,0.0000,0.0000,0,0.0000,0.0000,0,0,0,0,0,0,0,0,0,0,0,0,0,0,0,0,0,0,0,0,0,0,0,0,0
WG_METRICS 87,384,512,1.1371,0.0076,0.0069,1.0913,0.0152,0.0162,384,512,196608,393216,180156.1406,360312.2812,0.0000,0,0.0000,0.0000,0,0.0000,0,0.0000,0.0000,0,0.0000,0.0000,0,0,0,0,0,0,0,0,0,0,0,0,0,0,0,0,0,0,0,0,0,0,0,0,0
WG_METRICS 88,384,512,1.1488,0.0078,0.0069,1.0948,0.0241,0.0152,384,512,196608,393216,179576.9219,359153.8438,0.0000,0,0.0000,0.0000,0,0.0000,0,0.0000,0.0000,0,0.0000,0.0000,0,0,0,0,0,0,0,0,0,0,0,0,0,0,0,0,0,0,0,0,0,0,0,0,0
WG_METRICS 89,384,512,1.1540,0.0075,0.0066,1.0959,0.0286,0.0153,384,512,196608,393216,179399.9688,358799.9375,0.0000,0,0.0000,0.0000,0,0.0000,0,0.0000,0.0000,0,0.0000,0.0000,0,0,0,0,0,0,0,0,0,0,0,0,0,0,0,0,0,0,0,0,0,0,0,0,0
WG_METRICS 90,384,512,1.1395,0.0077,0.0068,1.0926,0.0164,0.0160,384,512,196608,393216,179938.4844,359876.9688,0.0000,0,0.0000,0.0000,0,0.0000,0,0.0000,0.0000,0,0.0000,0.0000,0,0,0,0,0,0,0,0,0,0,0,0,0,0,0,0,0,0,0,0,0,0,0,0,0
WG_METRICS 91,384,512,1.1461,0.0076,0.0068,1.0993,0.0162,0.0163,384,512,196608,393216,178851.6094,357703.2188,0.0000,0,0.0000,0.0000,0,0.0000,0,0.0000,0.0000,0,0.0000,0.0000,0,0,0,0,0,0,0,0,0,0,0,0,0,0,0,0,0,0,0,0,0,0,0,0,0
WG_METRICS 92,384,512,1.1470,0.0075,0.0065,1.1022,0.0155,0.0152,384,512,196608,393216,178371.3281,356742.6562,0.0000,0,0.0000,0.0000,0,0.0000,0,0.0000,0.0000,0,0.0000,0.0000,0,0,0,0,0,0,0,0,0,0,0,0,0,0,0,0,0,0,0,0,0,0,0,0,0
WG_METRICS 93,384,512,1.1501,0.0076,0.0068,1.1093,0.0108,0.0156,384,512,196608,393216,177232.8906,354465.7812,0.0000,0,0.0000,0.0000,0,0.0000,0,0.0000,0.0000,0,0.0000,0.0000,0,0,0,0,0,0,0,0,0,0,0,0,0,0,0,0,0,0,0,0,0,0,0,0,0
WG_METRICS 94,384,512,1.1586,0.0076,0.0068,1.1130,0.0158,0.0153,384,512,196608,393216,176640.5625,353281.1250,0.0000,0,0.0000,0.0000,0,0.0000,0,0.0000,0.0000,0,0.0000,0.0000,0,0,0,0,0,0,0,0,0,0,0,0,0,0,0,0,0,0,0,0,0,0,0,0,0
WG_METRICS 95,384,512,1.1534,0.0093,0.0070,1.1042,0.0174,0.0156,384,512,196608,393216,178054.7031,356109.4062,0.0000,0,0.0000,0.0000,0,0.0000,0,0.0000,0.0000,0,0.0000,0.0000,0,0,0,0,0,0,0,0,0,0,0,0,0,0,0,0,0,0,0,0,0,0,0,0,0
WG_METRICS 96,384,512,1.1555,0.0076,0.0068,1.1057,0.0202,0.0151,384,512,196608,393216,177809.9219,355619.8438,0.0000,0,0.0000,0.0000,0,0.0000,0,0.0000,0.0000,0,0.0000,0.0000,0,0,0,0,0,0,0,0,0,0,0,0,0,0,0,0,0,0,0,0,0,0,0,0,0
WG_METRICS 97,384,512,1.1549,0.0076,0.0068,1.1017,0.0238,0.0151,384,512,196608,393216,178455.5156,356911.0312,0.0000,0,0.0000,0.0000,0,0.0000,0,0.0000,0.0000,0,0.0000,0.0000,0,0,0,0,0,0,0,0,0,0,0,0,0,0,0,0,0,0,0,0,0,0,0,0,0
WG_METRICS 98,384,512,1.1503,0.0076,0.0068,1.1048,0.0161,0.0150,384,512,196608,393216,177951.5469,355903.0938,0.0000,0,0.0000,0.0000,0,0.0000,0,0.0000,0.0000,0,0.0000,0.0000,0,0,0,0,0,0,0,0,0,0,0,0,0,0,0,0,0,0,0,0,0,0,0,0,0
WG_METRICS 99,384,512,1.1485,0.0077,0.0060,1.0951,0.0239,0.0159,384,512,196608,393216,179537.5625,359075.1250,0.0000,0,0.0000,0.0000,0,0.0000,0,0.0000,0.0000,0,0.0000,0.0000,0,0,0,0,0,0,0,0,0,0,0,0,0,0,0,0,0,0,0,0,0,0,0,0,0
WG_METRICS 100,384,512,1.1559,0.0076,0.0068,1.1109,0.0154,0.0152,384,512,196608,393216,176977.6406,353955.2812,0.0000,0,0.0000,0.0000,0,0.0000,0,0.0000,0.0000,0,0.0000,0.0000,0,0,0,0,0,0,0,0,0,0,0,0,0,0,0,0,0,0,0,0,0,0,0,0,0
WG_METRICS 101,384,512,1.1292,0.0075,0.0066,1.0844,0.0153,0.0153,384,512,196608,393216,181299.1094,362598.2188,0.0000,0,0.0000,0.0000,0,0.0000,0,0.0000,0.0000,0,0.0000,0.0000,0,0,0,0,0,0,0,0,0,0,0,0,0,0,0,0,0,0,0,0,0,0,0,0,0
WG_METRICS 102,384,512,1.1424,0.0076,0.0068,1.0864,0.0251,0.0165,384,512,196608,393216,180972.0156,361944.0312,0.0000,0,0.0000,0.0000,0,0.0000,0,0.0000,0.0000,0,0.0000,0.0000,0,0,0,0,0,0,0,0,0,0,0,0,0,0,0,0,0,0,0,0,0,0,0,0,0
WG_METRICS 103,384,512,1.1364,0.0076,0.0067,1.0896,0.0162,0.0162,384,512,196608,393216,180433.9062,360867.8125,0.0000,0,0.0000,0.0000,0,0.0000,0,0.0000,0.0000,0,0.0000,0.0000,0,0,0,0,0,0,0,0,0,0,0,0,0,0,0,0,0,0,0,0,0,0,0,0,0
WG_METRICS 104,384,512,1.1406,0.0076,0.0067,1.0964,0.0149,0.0151,384,512,196608,393216,179327.9688,358655.9375,0.0000,0,0.0000,0.0000,0,0.0000,0,0.0000,0.0000,0,0.0000,0.0000,0,0,0,0,0,0,0,0,0,0,0,0,0,0,0,0,0,0,0,0,0,0,0,0,0
WG_METRICS 105,384,512,1.1415,0.0075,0.0069,1.0968,0.0153,0.0151,384,512,196608,393216,179262.5469,358525.0938,0.0000,0,0.0000,0.0000,0,0.0000,0,0.0000,0.0000,0,0.0000,0.0000,0,0,0,0,0,0,0,0,0,0,0,0,0,0,0,0,0,0,0,0,0,0,0,0,0
WG_METRICS 106,384,512,1.1745,0.0075,0.0069,1.1207,0.0240,0.0154,384,512,196608,393216,175430.0781,350860.1562,0.0000,0,0.0000,0.0000,0,0.0000,0,0.0000,0.0000,0,0.0000,0.0000,0,0,0,0,0,0,0,0,0,0,0,0,0,0,0,0,0,0,0,0,0,0,0,0,0
WG_METRICS 107,384,512,1.1276,0.0076,0.0068,1.0777,0.0197,0.0157,384,512,196608,393216,182429.5625,364859.1250,0.0000,0,0.0000,0.0000,0,0.0000,0,0.0000,0.0000,0,0.0000,0.0000,0,0,0,0,0,0,0,0,0,0,0,0,0,0,0,0,0,0,0,0,0,0,0,0,0
WG_METRICS 108,384,512,1.1524,0.0076,0.0067,1.1076,0.0154,0.0151,384,512,196608,393216,177514.5312,355029.0625,0.0000,0,0.0000,0.0000,0,0.0000,0,0.0000,0.0000,0,0.0000,0.0000,0,0,0,0,0,0,0,0,0,0,0,0,0,0,0,0,0,0,0,0,0,0,0,0,0
WG_METRICS 109,384,512,1.1388,0.0075,0.0066,1.0852,0.0242,0.0153,384,512,196608,393216,181165.4531,362330.9062,0.0000,0,0.0000,0.0000,0,0.0000,0,0.0000,0.0000,0,0.0000,0.0000,0,0,0,0,0,0,0,0,0,0,0,0,0,0,0,0,0,0,0,0,0,0,0,0,0
WG_METRICS 110,384,512,1.1582,0.0070,0.0067,1.1041,0.0250,0.0154,384,512,196608,393216,178074.0625,356148.1250,0.0000,0,0.0000,0.0000,0,0.0000,0,0.0000,0.0000,0,0.0000,0.0000,0,0,0,0,0,0,0,0,0,0,0,0,0,0,0,0,0,0,0,0,0,0,0,0,0
WG_METRICS 111,384,512,1.1440,0.0075,0.0068,1.0899,0.0246,0.0151,384,512,196608,393216,180394.1719,360788.3438,0.0000,0,0.0000,0.0000,0,0.0000,0,0.0000,0.0000,0,0.0000,0.0000,0,0,0,0,0,0,0,0,0,0,0,0,0,0,0,0,0,0,0,0,0,0,0,0,0
WG_METRICS 112,384,512,1.1599,0.0076,0.0068,1.1063,0.0240,0.0152,384,512,196608,393216,177713.5000,355427.0000,0.0000,0,0.0000,0.0000,0,0.0000,0,0.0000,0.0000,0,0.0000,0.0000,0,0,0,0,0,0,0,0,0,0,0,0,0,0,0,0,0,0,0,0,0,0,0,0,0
WG_METRICS 113,384,512,1.1399,0.0076,0.0069,1.0953,0.0151,0.0150,384,512,196608,393216,179504.7812,359009.5625,0.0000,0,0.0000,0.0000,0,0.0000,0,0.0000,0.0000,0,0.0000,0.0000,0,0,0,0,0,0,0,0,0,0,0,0,0,0,0,0,0,0,0,0,0,0,0,0,0
WG_METRICS 114,384,512,1.1506,0.0077,0.0067,1.1083,0.0127,0.0152,384,512,196608,393216,177392.8125,354785.6250,0.0000,0,0.0000,0.0000,0,0.0000,0,0.0000,0.0000,0,0.0000,0.0000,0,0,0,0,0,0,0,0,0,0,0,0,0,0,0,0,0,0,0,0,0,0,0,0,0
WG_METRICS 115,384,512,1.1418,0.0078,0.0066,1.0952,0.0161,0.0160,384,512,196608,393216,179511.3438,359022.6875,0.0000,0,0.0000,0.0000,0,0.0000,0,0.0000,0.0000,0,0.0000,0.0000,0,0,0,0,0,0,0,0,0,0,0,0,0,0,0,0,0,0,0,0,0,0,0,0,0
WG_METRICS 116,384,512,1.1330,0.0076,0.0066,1.0792,0.0243,0.0153,384,512,196608,393216,182179.3906,364358.7812,0.0000,0,0.0000,0.0000,0,0.0000,0,0.0000,0.0000,0,0.0000,0.0000,0,0,0,0,0,0,0,0,0,0,0,0,0,0,0,0,0,0,0,0,0,0,0,0,0
WG_METRICS 117,384,512,1.1374,0.0077,0.0067,1.1014,0.0062,0.0153,384,512,196608,393216,178507.3438,357014.6875,0.0000,0,0.0000,0.0000,0,0.0000,0,0.0000,0.0000,0,0.0000,0.0000,0,0,0,0,0,0,0,0,0,0,0,0,0,0,0,0,0,0,0,0,0,0,0,0,0
WG_METRICS 118,384,512,1.2070,0.0077,0.0068,1.1524,0.0245,0.0156,384,512,196608,393216,170613.3594,341226.7188,0.0000,0,0.0000,0.0000,0,0.0000,0,0.0000,0.0000,0,0.0000,0.0000,0,0,0,0,0,0,0,0,0,0,0,0,0,0,0,0,0,0,0,0,0,0,0,0,0
WG_METRICS 119,384,512,1.1361,0.0075,0.0069,1.0912,0.0154,0.0151,384,512,196608,393216,180175.9531,360351.9062,0.0000,0,0.0000,0.0000,0,0.0000,0,0.0000,0.0000,0,0.0000,0.0000,0,0,0,0,0,0,0,0,0,0,0,0,0,0,0,0,0,0,0,0,0,0,0,0,0
WG_METRICS 120,384,512,1.1463,0.0076,0.0067,1.1018,0.0151,0.0151,384,512,196608,393216,178442.5469,356885.0938,0.0000,0,0.0000,0.0000,0,0.0000,0,0.0000,0.0000,0,0.0000,0.0000,0,0,0,0,0,0,0,0,0,0,0,0,0,0,0,0,0,0,0,0,0,0,0,0,0
WG_METRICS 121,384,512,1.1415,0.0076,0.0068,1.1062,0.0056,0.0153,384,512,196608,393216,177732.7812,355465.5625,0.0000,0,0.0000,0.0000,0,0.0000,0,0.0000,0.0000,0,0.0000,0.0000,0,0,0,0,0,0,0,0,0,0,0,0,0,0,0,0,0,0,0,0,0,0,0,0,0
WG_METRICS 122,384,512,1.1481,0.0076,0.0068,1.0974,0.0206,0.0156,384,512,196608,393216,179158.0156,358316.0312,0.0000,0,0.0000,0.0000,0,0.0000,0,0.0000,0.0000,0,0.0000,0.0000,0,0,0,0,0,0,0,0,0,0,0,0,0,0,0,0,0,0,0,0,0,0,0,0,0
WG_METRICS 123,384,512,1.1702,0.0076,0.0068,1.1171,0.0238,0.0150,384,512,196608,393216,176001.7188,352003.4375,0.0000,0,0.0000,0.0000,0,0.0000,0,0.0000,0.0000,0,0.0000,0.0000,0,0,0,0,0,0,0,0,0,0,0,0,0,0,0,0,0,0,0,0,0,0,0,0,0
WG_METRICS 124,384,512,1.1320,0.0076,0.0067,1.0860,0.0159,0.0158,384,512,196608,393216,181045.3438,362090.6875,0.0000,0,0.0000,0.0000,0,0.0000,0,0.0000,0.0000,0,0.0000,0.0000,0,0,0,0,0,0,0,0,0,0,0,0,0,0,0,0,0,0,0,0,0,0,0,0,0
WG_METRICS 125,384,512,1.1369,0.0076,0.0068,1.0917,0.0156,0.0152,384,512,196608,393216,180090.1406,360180.2812,0.0000,0,0.0000,0.0000,0,0.0000,0,0.0000,0.0000,0,0.0000,0.0000,0,0,0,0,0,0,0,0,0,0,0,0,0,0,0,0,0,0,0,0,0,0,0,0,0
WG_METRICS 126,384,512,1.1537,0.0076,0.0069,1.1104,0.0136,0.0153,384,512,196608,393216,177066.8906,354133.7812,0.0000,0,0.0000,0.0000,0,0.0000,0,0.0000,0.0000,0,0.0000,0.0000,0,0,0,0,0,0,0,0,0,0,0,0,0,0,0,0,0,0,0,0,0,0,0,0,0
WG_METRICS 127,384,512,1.1455,0.0078,0.0068,1.0991,0.0158,0.0161,384,512,196608,393216,178884.1562,357768.3125,0.0000,0,0.0000,0.0000,0,0.0000,0,0.0000,0.0000,0,0.0000,0.0000,0,0,0,0,0,0,0,0,0,0,0,0,0,0,0,0,0,0,0,0,0,0,0,0,0
WG_METRICS 128,384,512,1.1542,0.0075,0.0077,1.1084,0.0154,0.0151,384,512,196608,393216,177373.5938,354747.1875,0.0000,0,0.0000,0.0000,0,0.0000,0,0.0000,0.0000,0,0.0000,0.0000,0,0,0,0,0,0,0,0,0,0,0,0,0,0,0,0,0,0,0,0,0,0,0,0,0
WG_METRICS 129,384,512,1.1446,0.0077,0.0069,1.1000,0.0150,0.0150,384,512,196608,393216,178741.0469,357482.0938,0.0000,0,0.0000,0.0000,0,0.0000,0,0.0000,0.0000,0,0.0000,0.0000,0,0,0,0,0,0,0,0,0,0,0,0,0,0,0,0,0,0,0,0,0,0,0,0,0
WG_METRICS 130,384,512,1.1495,0.0074,0.0066,1.1028,0.0175,0.0152,384,512,196608,393216,178287.2188,356574.4375,0.0000,0,0.0000,0.0000,0,0.0000,0,0.0000,0.0000,0,0.0000,0.0000,0,0,0,0,0,0,0,0,0,0,0,0,0,0,0,0,0,0,0,0,0,0,0,0,0
WG_METRICS 131,384,512,1.1491,0.0077,0.0062,1.1041,0.0150,0.0161,384,512,196608,393216,178074.0625,356148.1250,0.0000,0,0.0000,0.0000,0,0.0000,0,0.0000,0.0000,0,0.0000,0.0000,0,0,0,0,0,0,0,0,0,0,0,0,0,0,0,0,0,0,0,0,0,0,0,0,0
WG_METRICS 132,384,512,1.1542,0.0075,0.0065,1.1087,0.0162,0.0153,384,512,196608,393216,177328.8281,354657.6562,0.0000,0,0.0000,0.0000,0,0.0000,0,0.0000,0.0000,0,0.0000,0.0000,0,0,0,0,0,0,0,0,0,0,0,0,0,0,0,0,0,0,0,0,0,0,0,0,0
WG_METRICS 133,384,512,1.1592,0.0076,0.0068,1.1146,0.0152,0.0150,384,512,196608,393216,176393.3281,352786.6562,0.0000,0,0.0000,0.0000,0,0.0000,0,0.0000,0.0000,0,0.0000,0.0000,0,0,0,0,0,0,0,0,0,0,0,0,0,0,0,0,0,0,0,0,0,0,0,0,0
WG_METRICS 134,384,512,1.1437,0.0075,0.0066,1.0974,0.0167,0.0155,384,512,196608,393216,179164.5312,358329.0625,0.0000,0,0.0000,0.0000,0,0.0000,0,0.0000,0.0000,0,0.0000,0.0000,0,0,0,0,0,0,0,0,0,0,0,0,0,0,0,0,0,0,0,0,0,0,0,0,0
WG_METRICS 135,384,512,1.1491,0.0076,0.0064,1.0962,0.0239,0.0150,384,512,196608,393216,179360.6719,358721.3438,0.0000,0,0.0000,0.0000,0,0.0000,0,0.0000,0.0000,0,0.0000,0.0000,0,0,0,0,0,0,0,0,0,0,0,0,0,0,0,0,0,0,0,0,0,0,0,0,0
WG_METRICS 136,384,512,1.1579,0.0076,0.0070,1.1042,0.0242,0.0149,384,512,196608,393216,178061.1562,356122.3125,0.0000,0,0.0000,0.0000,0,0.0000,0,0.0000,0.0000,0,0.0000,0.0000,0,0,0,0,0,0,0,0,0,0,0,0,0,0,0,0,0,0,0,0,0,0,0,0,0
WG_METRICS 137,384,512,1.1426,0.0076,0.0068,1.0974,0.0154,0.0154,384,512,196608,393216,179164.5312,358329.0625,0.0000,0,0.0000,0.0000,0,0.0000,0,0.0000,0.0000,0,0.0000,0.0000,0,0,0,0,0,0,0,0,0,0,0,0,0,0,0,0,0,0,0,0,0,0,0,0,0
WG_METRICS 138,384,512,1.1573,0.0076,0.0068,1.1066,0.0206,0.0156,384,512,196608,393216,177668.5312,355337.0625,0.0000,0,0.0000,0.0000,0,0.0000,0,0.0000,0.0000,0,0.0000,0.0000,0,0,0,0,0,0,0,0,0,0,0,0,0,0,0,0,0,0,0,0,0,0,0,0,0
WG_METRICS 139,384,512,1.1306,0.0075,0.0062,1.0863,0.0157,0.0149,384,512,196608,393216,180992.0156,361984.0312,0.0000,0,0.0000,0.0000,0,0.0000,0,0.0000,0.0000,0,0.0000,0.0000,0,0,0,0,0,0,0,0,0,0,0,0,0,0,0,0,0,0,0,0,0,0,0,0,0
WG_METRICS 140,384,512,1.1357,0.0076,0.0068,1.0911,0.0152,0.0150,384,512,196608,393216,180195.7812,360391.5625,0.0000,0,0.0000,0.0000,0,0.0000,0,0.0000,0.0000,0,0.0000,0.0000,0,0,0,0,0,0,0,0,0,0,0,0,0,0,0,0,0,0,0,0,0,0,0,0,0
WG_METRICS 141,384,512,1.1499,0.0077,0.0068,1.0948,0.0250,0.0156,384,512,196608,393216,179576.9219,359153.8438,0.0000,0,0.0000,0.0000,0,0.0000,0,0.0000,0.0000,0,0.0000,0.0000,0,0,0,0,0,0,0,0,0,0,0,0,0,0,0,0,0,0,0,0,0,0,0,0,0
WG_METRICS 142,384,512,1.1344,0.0075,0.0068,1.0798,0.0251,0.0151,384,512,196608,393216,182078.1562,364156.3125,0.0000,0,0.0000,0.0000,0,0.0000,0,0.0000,0.0000,0,0.0000,0.0000,0,0,0,0,0,0,0,0,0,0,0,0,0,0,0,0,0,0,0,0,0,0,0,0,0
WG_METRICS 143,384,512,1.1517,0.0076,0.0066,1.0983,0.0242,0.0150,384,512,196608,393216,179014.4688,358028.9375,0.0000,0,0.0000,0.0000,0,0.0000,0,0.0000,0.0000,0,0.0000,0.0000,0,0,0,0,0,0,0,0,0,0,0,0,0,0,0,0,0,0,0,0,0,0,0,0,0
WG_METRICS 144,384,512,1.1550,0.0076,0.0068,1.1015,0.0241,0.0151,384,512,196608,393216,178494.3906,356988.7812,0.0000,0,0.0000,0.0000,0,0.0000,0,0.0000,0.0000,0,0.0000,0.0000,0,0,0,0,0,0,0,0,0,0,0,0,0,0,0,0,0,0,0,0,0,0,0,0,0
WG_METRICS 145,384,512,1.1153,0.0076,0.0069,1.0594,0.0250,0.0164,384,512,196608,393216,185577.2812,371154.5625,0.0000,0,0.0000,0.0000,0,0.0000,0,0.0000,0.0000,0,0.0000,0.0000,0,0,0,0,0,0,0,0,0,0,0,0,0,0,0,0,0,0,0,0,0,0,0,0,0
WG_METRICS 146,384,512,1.1600,0.0079,0.0069,1.1142,0.0158,0.0151,384,512,196608,393216,176450.3125,352900.6250,0.0000,0,0.0000,0.0000,0,0.0000,0,0.0000,0.0000,0,0.0000,0.0000,0,0,0,0,0,0,0,0,0,0,0,0,0,0,0,0,0,0,0,0,0,0,0,0,0
WG_METRICS 147,384,512,1.1260,0.0076,0.0068,1.0811,0.0155,0.0150,384,512,196608,393216,181862.5938,363725.1875,0.0000,0,0.0000,0.0000,0,0.0000,0,0.0000,0.0000,0,0.0000,0.0000,0,0,0,0,0,0,0,0,0,0,0,0,0,0,0,0,0,0,0,0,0,0,0,0,0
WG_METRICS 148,384,512,1.1448,0.0076,0.0069,1.0906,0.0246,0.0152,384,512,196608,393216,180281.7031,360563.4062,0.0000,0,0.0000,0.0000,0,0.0000,0,0.0000,0.0000,0,0.0000,0.0000,0,0,0,0,0,0,0,0,0,0,0,0,0,0,0,0,0,0,0,0,0,0,0,0,0
WG_METRICS 149,384,512,1.1283,0.0076,0.0069,1.0746,0.0241,0.0152,384,512,196608,393216,182959.2500,365918.5000,0.0000,0,0.0000,0.0000,0,0.0000,0,0.0000,0.0000,0,0.0000,0.0000,0,0,0,0,0,0,0,0,0,0,0,0,0,0,0,0,0,0,0,0,0,0,0,0,0
WG_METRICS 150,384,512,1.1460,0.0076,0.0066,1.1014,0.0154,0.0150,384,512,196608,393216,178507.3438,357014.6875,0.0000,0,0.0000,0.0000,0,0.0000,0,0.0000,0.0000,0,0.0000,0.0000,0,0,0,0,0,0,0,0,0,0,0,0,0,0,0,0,0,0,0,0,0,0,0,0,0
WG_METRICS 151,384,512,1.1356,0.0075,0.0069,1.0898,0.0154,0.0159,384,512,196608,393216,180407.4219,360814.8438,0.0000,0,0.0000,0.0000,0,0.0000,0,0.0000,0.0000,0,0.0000,0.0000,0,0,0,0,0,0,0,0,0,0,0,0,0,0,0,0,0,0,0,0,0,0,0,0,0
WG_METRICS 152,384,512,1.1510,0.0077,0.0068,1.0968,0.0244,0.0152,384,512,196608,393216,179249.4688,358498.9375,0.0000,0,0.0000,0.0000,0,0.0000,0,0.0000,0.0000,0,0.0000,0.0000,0,0,0,0,0,0,0,0,0,0,0,0,0,0,0,0,0,0,0,0,0,0,0,0,0
WG_METRICS 153,384,512,1.1352,0.0075,0.0068,1.0904,0.0155,0.0150,384,512,196608,393216,180314.7500,360629.5000,0.0000,0,0.0000,0.0000,0,0.0000,0,0.0000,0.0000,0,0.0000,0.0000,0,0,0,0,0,0,0,0,0,0,0,0,0,0,0,0,0,0,0,0,0,0,0,0,0
WG_METRICS 154,384,512,1.1806,0.0071,0.0066,1.1344,0.0166,0.0158,384,512,196608,393216,173314.5312,346629.0625,0.0000,0,0.0000,0.0000,0,0.0000,0,0.0000,0.0000,0,0.0000,0.0000,0,0,0,0,0,0,0,0,0,0,0,0,0,0,0,0,0,0,0,0,0,0,0,0,0
WG_METRICS 155,384,512,1.1232,0.0076,0.0068,1.0779,0.0159,0.0150,384,512,196608,393216,182395.7344,364791.4688,0.0000,0,0.0000,0.0000,0,0.0000,0,0.0000,0.0000,0,0.0000,0.0000,0,0,0,0,0,0,0,0,0,0,0,0,0,0,0,0,0,0,0,0,0,0,0,0,0
WG_METRICS 156,384,512,1.1761,0.0076,0.0068,1.1310,0.0154,0.0153,384,512,196608,393216,173829.4062,347658.8125,0.0000,0,0.0000,0.0000,0,0.0000,0,0.0000,0.0000,0,0.0000,0.0000,0,0,0,0,0,0,0,0,0,0,0,0,0,0,0,0,0,0,0,0,0,0,0,0,0
WG_METRICS 157,384,512,1.1571,0.0078,0.0066,1.1120,0.0154,0.0153,384,512,196608,393216,176812.1094,353624.2188,0.0000,0,0.0000,0.0000,0,0.0000,0,0.0000,0.0000,0,0.0000,0.0000,0,0,0,0,0,0,0,0,0,0,0,0,0,0,0,0,0,0,0,0,0,0,0,0,0
WG_METRICS 158,384,512,1.1194,0.0076,0.0068,1.0731,0.0159,0.0159,384,512,196608,393216,183218.4062,366436.8125,0.0000,0,0.0000,0.0000,0,0.0000,0,0.0000,0.0000,0,0.0000,0.0000,0,0,0,0,0,0,0,0,0,0,0,0,0,0,0,0,0,0,0,0,0,0,0,0,0
WG_METRICS 159,384,512,1.1360,0.0079,0.0062,1.0960,0.0107,0.0151,384,512,196608,393216,179380.3125,358760.6250,0.0000,0,0.0000,0.0000,0,0.0000,0,0.0000,0.0000,0,0.0000,0.0000,0,0,0,0,0,0,0,0,0,0,0,0,0,0,0,0,0,0,0,0,0,0,0,0,0
WG_METRICS 160,384,512,1.1531,0.0077,0.0071,1.1080,0.0153,0.0150,384,512,196608,393216,177450.4531,354900.9062,0.0000,0,0.0000,0.0000,0,0.0000,0,0.0000,0.0000,0,0.0000,0.0000,0,0,0,0,0,0,0,0,0,0,0,0,0,0,0,0,0,0,0,0,0,0,0,0,0
WG_METRICS 161,384,512,1.1506,0.0076,0.0066,1.0959,0.0246,0.0159,384,512,196608,393216,179406.5000,358813.0000,0.0000,0,0.0000,0.0000,0,0.0000,0,0.0000,0.0000,0,0.0000,0.0000,0,0,0,0,0,0,0,0,0,0,0,0,0,0,0,0,0,0,0,0,0,0,0,0,0
WG_METRICS 162,384,512,1.1654,0.0076,0.0068,1.1151,0.0208,0.0151,384,512,196608,393216,176311.0625,352622.1250,0.0000,0,0.0000,0.0000,0,0.0000,0,0.0000,0.0000,0,0.0000,0.0000,0,0,0,0,0,0,0,0,0,0,0,0,0,0,0,0,0,0,0,0,0,0,0,0,0
WG_METRICS 163,384,512,1.1496,0.0076,0.0067,1.1050,0.0150,0.0153,384,512,196608,393216,177932.2344,355864.4688,0.0000,0,0.0000,0.0000,0,0.0000,0,0.0000,0.0000,0,0.0000,0.0000,0,0,0,0,0,0,0,0,0,0,0,0,0,0,0,0,0,0,0,0,0,0,0,0,0
WG_METRICS 164,384,512,1.1419,0.0079,0.0065,1.0970,0.0155,0.0150,384,512,196608,393216,179229.8750,358459.7500,0.0000,0,0.0000,0.0000,0,0.0000,0,0.0000,0.0000,0,0.0000,0.0000,0,0,0,0,0,0,0,0,0,0,0,0,0,0,0,0,0,0,0,0,0,0,0,0,0
WG_METRICS 165,384,512,1.1557,0.0077,0.0068,1.1002,0.0255,0.0156,384,512,196608,393216,178708.5469,357417.0938,0.0000,0,0.0000,0.0000,0,0.0000,0,0.0000,0.0000,0,0.0000,0.0000,0,0,0,0,0,0,0,0,0,0,0,0,0,0,0,0,0,0,0,0,0,0,0,0,0
WG_METRICS 166,384,512,1.1595,0.0076,0.0068,1.1141,0.0160,0.0151,384,512,196608,393216,176475.6719,352951.3438,0.0000,0,0.0000,0.0000,0,0.0000,0,0.0000,0.0000,0,0.0000,0.0000,0,0,0,0,0,0,0,0,0,0,0,0,0,0,0,0,0,0,0,0,0,0,0,0,0
WG_METRICS 167,384,512,1.1558,0.0076,0.0068,1.1020,0.0238,0.0156,384,512,196608,393216,178403.6719,356807.3438,0.0000,0,0.0000,0.0000,0,0.0000,0,0.0000,0.0000,0,0.0000,0.0000,0,0,0,0,0,0,0,0,0,0,0,0,0,0,0,0,0,0,0,0,0,0,0,0,0
WG_METRICS 168,384,512,1.1459,0.0076,0.0070,1.0913,0.0244,0.0156,384,512,196608,393216,180156.1406,360312.2812,0.0000,0,0.0000,0.0000,0,0.0000,0,0.0000,0.0000,0,0.0000,0.0000,0,0,0,0,0,0,0,0,0,0,0,0,0,0,0,0,0,0,0,0,0,0,0,0,0
WG_METRICS 169,384,512,1.1484,0.0076,0.0068,1.0935,0.0250,0.0155,384,512,196608,393216,179800.2656,359600.5312,0.0000,0,0.0000,0.0000,0,0.0000,0,0.0000,0.0000,0,0.0000,0.0000,0,0,0,0,0,0,0,0,0,0,0,0,0,0,0,0,0,0,0,0,0,0,0,0,0
WG_METRICS 170,384,512,1.1788,0.0076,0.0067,1.1336,0.0158,0.0151,384,512,196608,393216,173430.7188,346861.4375,0.0000,0,0.0000,0.0000,0,0.0000,0,0.0000,0.0000,0,0.0000,0.0000,0,0,0,0,0,0,0,0,0,0,0,0,0,0,0,0,0,0,0,0,0,0,0,0,0
WG_METRICS 171,384,512,1.1386,0.0076,0.0068,1.0940,0.0152,0.0151,384,512,196608,393216,179714.8125,359429.6250,0.0000,0,0.0000,0.0000,0,0.0000,0,0.0000,0.0000,0,0.0000,0.0000,0,0,0,0,0,0,0,0,0,0,0,0,0,0,0,0,0,0,0,0,0,0,0,0,0
WG_METRICS 172,384,512,1.1690,0.0077,0.0068,1.1229,0.0159,0.0158,384,512,196608,393216,175092.6250,350185.2500,0.0000,0,0.0000,0.0000,0,0.0000,0,0.0000,0.0000,0,0.0000,0.0000,0,0,0,0,0,0,0,0,0,0,0,0,0,0,0,0,0,0,0,0,0,0,0,0,0
WG_METRICS 173,384,512,1.1554,0.0077,0.0068,1.1099,0.0160,0.0150,384,512,196608,393216,177137.0938,354274.1875,0.0000,0,0.0000,0.0000,0,0.0000,0,0.0000,0.0000,0,0.0000,0.0000,0,0,0,0,0,0,0,0,0,0,0,0,0,0,0,0,0,0,0,0,0,0,0,0,0
WG_METRICS 174,384,512,1.1343,0.0076,0.0069,1.0802,0.0246,0.0151,384,512,196608,393216,182017.4688,364034.9375,0.0000,0,0.0000,0.0000,0,0.0000,0,0.0000,0.0000,0,0.0000,0.0000,0,0,0,0,0,0,0,0,0,0,0,0,0,0,0,0,0,0,0,0,0,0,0,0,0
WG_METRICS 175,384,512,1.1650,0.0076,0.0068,1.1106,0.0246,0.0154,384,512,196608,393216,177022.2500,354044.5000,0.0000,0,0.0000,0.0000,0,0.0000,0,0.0000,0.0000,0,0.0000,0.0000,0,0,0,0,0,0,0,0,0,0,0,0,0,0,0,0,0,0,0,0,0,0,0,0,0
WG_METRICS 176,384,512,1.1399,0.0075,0.0066,1.0866,0.0238,0.0154,384,512,196608,393216,180932.0469,361864.0938,0.0000,0,0.0000,0.0000,0,0.0000,0,0.0000,0.0000,0,0.0000,0.0000,0,0,0,0,0,0,0,0,0,0,0,0,0,0,0,0,0,0,0,0,0,0,0,0,0
WG_METRICS 177,384,512,1.1500,0.0076,0.0068,1.0957,0.0241,0.0157,384,512,196608,393216,179432.6875,358865.3750,0.0000,0,0.0000,0.0000,0,0.0000,0,0.0000,0.0000,0,0.0000,0.0000,0,0,0,0,0,0,0,0,0,0,0,0,0,0,0,0,0,0,0,0,0,0,0,0,0
WG_METRICS 178,384,512,1.1413,0.0077,0.0068,1.0962,0.0156,0.0150,384,512,196608,393216,179354.1406,358708.2812,0.0000,0,0.0000,0.0000,0,0.0000,0,0.0000,0.0000,0,0.0000,0.0000,0,0,0,0,0,0,0,0,0,0,0,0,0,0,0,0,0,0,0,0,0,0,0,0,0
WG_METRICS 179,384,512,1.1541,0.0076,0.0067,1.1000,0.0242,0.0156,384,512,196608,393216,178728.0469,357456.0938,0.0000,0,0.0000,0.0000,0,0.0000,0,0.0000,0.0000,0,0.0000,0.0000,0,0,0,0,0,0,0,0,0,0,0,0,0,0,0,0,0,0,0,0,0,0,0,0,0
WG_METRICS 180,384,512,1.1436,0.0077,0.0067,1.0970,0.0165,0.0158,384,512,196608,393216,179229.8750,358459.7500,0.0000,0,0.0000,0.0000,0,0.0000,0,0.0000,0.0000,0,0.0000,0.0000,0,0,0,0,0,0,0,0,0,0,0,0,0,0,0,0,0,0,0,0,0,0,0,0,0
WG_METRICS 181,384,512,1.1586,0.0076,0.0066,1.1041,0.0244,0.0159,384,512,196608,393216,178074.0625,356148.1250,0.0000,0,0.0000,0.0000,0,0.0000,0,0.0000,0.0000,0,0.0000,0.0000,0,0,0,0,0,0,0,0,0,0,0,0,0,0,0,0,0,0,0,0,0,0,0,0,0
WG_METRICS 182,384,512,1.1498,0.0075,0.0068,1.0956,0.0241,0.0158,384,512,196608,393216,179445.8125,358891.6250,0.0000,0,0.0000,0.0000,0,0.0000,0,0.0000,0.0000,0,0.0000,0.0000,0,0,0,0,0,0,0,0,0,0,0,0,0,0,0,0,0,0,0,0,0,0,0,0,0
WG_METRICS 183,384,512,1.1492,0.0078,0.0067,1.1044,0.0153,0.0150,384,512,196608,393216,178022.4531,356044.9062,0.0000,0,0.0000,0.0000,0,0.0000,0,0.0000,0.0000,0,0.0000,0.0000,0,0,0,0,0,0,0,0,0,0,0,0,0,0,0,0,0,0,0,0,0,0,0,0,0
WG_METRICS 184,384,512,1.1288,0.0076,0.0068,1.0835,0.0155,0.0154,384,512,196608,393216,181459.7344,362919.4688,0.0000,0,0.0000,0.0000,0,0.0000,0,0.0000,0.0000,0,0.0000,0.0000,0,0,0,0,0,0,0,0,0,0,0,0,0,0,0,0,0,0,0,0,0,0,0,0,0
WG_METRICS 185,384,512,1.1779,0.0077,0.0064,1.1305,0.0168,0.0164,384,512,196608,393216,173909.3594,347818.7188,0.0000,0,0.0000,0.0000,0,0.0000,0,0.0000,0.0000,0,0.0000,0.0000,0,0,0,0,0,0,0,0,0,0,0,0,0,0,0,0,0,0,0,0,0,0,0,0,0
WG_METRICS 186,384,512,1.1492,0.0076,0.0066,1.1085,0.0114,0.0151,384,512,196608,393216,177360.7969,354721.5938,0.0000,0,0.0000,0.0000,0,0.0000,0,0.0000,0.0000,0,0.0000,0.0000,0,0,0,0,0,0,0,0,0,0,0,0,0,0,0,0,0,0,0,0,0,0,0,0,0
WG_METRICS 187,384,512,1.1475,0.0078,0.0069,1.0932,0.0245,0.0151,384,512,196608,393216,179846.3281,359692.6562,0.0000,0,0.0000,0.0000,0,0.0000,0,0.0000,0.0000,0,0.0000,0.0000,0,0,0,0,0,0,0,0,0,0,0,0,0,0,0,0,0,0,0,0,0,0,0,0,0
WG_METRICS 188,384,512,1.1496,0.0076,0.0069,1.0956,0.0243,0.0152,384,512,196608,393216,179458.9219,358917.8438,0.0000,0,0.0000,0.0000,0,0.0000,0,0.0000,0.0000,0,0.0000,0.0000,0,0,0,0,0,0,0,0,0,0,0,0,0,0,0,0,0,0,0,0,0,0,0,0,0
WG_METRICS 189,384,512,1.1488,0.0076,0.0068,1.0942,0.0252,0.0150,384,512,196608,393216,179681.9531,359363.9062,0.0000,0,0.0000,0.0000,0,0.0000,0,0.0000,0.0000,0,0.0000,0.0000,0,0,0,0,0,0,0,0,0,0,0,0,0,0,0,0,0,0,0,0,0,0,0,0,0
WG_METRICS 190,384,512,1.1535,0.0076,0.0067,1.1001,0.0239,0.0151,384,512,196608,393216,178715.0625,357430.1250,0.0000,0,0.0000,0.0000,0,0.0000,0,0.0000,0.0000,0,0.0000,0.0000,0,0,0,0,0,0,0,0,0,0,0,0,0,0,0,0,0,0,0,0,0,0,0,0,0
WG_METRICS 191,384,512,1.1600,0.0076,0.0068,1.1064,0.0242,0.0150,384,512,196608,393216,177707.0781,355414.1562,0.0000,0,0.0000,0.0000,0,0.0000,0,0.0000,0.0000,0,0.0000,0.0000,0,0,0,0,0,0,0,0,0,0,0,0,0,0,0,0,0,0,0,0,0,0,0,0,0
WG_METRICS 192,384,512,1.1888,0.0077,0.0060,1.1313,0.0282,0.0156,384,512,196608,393216,173792.5312,347585.0625,0.0000,0,0.0000,0.0000,0,0.0000,0,0.0000,0.0000,0,0.0000,0.0000,0,0,0,0,0,0,0,0,0,0,0,0,0,0,0,0,0,0,0,0,0,0,0,0,0
WG_METRICS 193,384,512,1.1380,0.0076,0.0068,1.0926,0.0160,0.0150,384,512,196608,393216,179945.0938,359890.1875,0.0000,0,0.0000,0.0000,0,0.0000,0,0.0000,0.0000,0,0.0000,0.0000,0,0,0,0,0,0,0,0,0,0,0,0,0,0,0,0,0,0,0,0,0,0,0,0,0
WG_METRICS 194,384,512,1.1452,0.0076,0.0068,1.0912,0.0246,0.0150,384,512,196608,393216,180169.3438,360338.6875,0.0000,0,0.0000,0.0000,0,0.0000,0,0.0000,0.0000,0,0.0000,0.0000,0,0,0,0,0,0,0,0,0,0,0,0,0,0,0,0,0,0,0,0,0,0,0,0,0
WG_METRICS 195,384,512,1.1651,0.0076,0.0068,1.1101,0.0245,0.0160,384,512,196608,393216,177105.1719,354210.3438,0.0000,0,0.0000,0.0000,0,0.0000,0,0.0000,0.0000,0,0.0000,0.0000,0,0,0,0,0,0,0,0,0,0,0,0,0,0,0,0,0,0,0,0,0,0,0,0,0
WG_METRICS 196,384,512,1.1455,0.0076,0.0068,1.0954,0.0205,0.0152,384,512,196608,393216,179478.5625,358957.1250,0.0000,0,0.0000,0.0000,0,0.0000,0,0.0000,0.0000,0,0.0000,0.0000,0,0,0,0,0,0,0,0,0,0,0,0,0,0,0,0,0,0,0,0,0,0,0,0,0
WG_METRICS 197,384,512,1.1332,0.0078,0.0066,1.0794,0.0243,0.0151,384,512,196608,393216,182145.6406,364291.2812,0.0000,0,0.0000,0.0000,0,0.0000,0,0.0000,0.0000,0,0.0000,0.0000,0,0,0,0,0,0,0,0,0,0,0,0,0,0,0,0,0,0,0,0,0,0,0,0,0
WG_METRICS 198,384,512,1.1525,0.0096,0.0068,1.1042,0.0168,0.0152,384,512,196608,393216,178061.1562,356122.3125,0.0000,0,0.0000,0.0000,0,0.0000,0,0.0000,0.0000,0,0.0000,0.0000,0,0,0,0,0,0,0,0,0,0,0,0,0,0,0,0,0,0,0,0,0,0,0,0,0
WG_METRICS 199,384,512,1.1446,0.0076,0.0068,1.0898,0.0249,0.0155,384,512,196608,393216,180414.0469,360828.0938,0.0000,0,0.0000,0.0000,0,0.0000,0,0.0000,0.0000,0,0.0000,0.0000,0,0,0,0,0,0,0,0,0,0,0,0,0,0,0,0,0,0,0,0,0,0,0,0,0
WG_METRICS 200,384,512,1.1516,0.0076,0.0068,1.1043,0.0170,0.0159,384,512,196608,393216,178035.3438,356070.6875,0.0000,0,0.0000,0.0000,0,0.0000,0,0.0000,0.0000,0,0.0000,0.0000,0,0,0,0,0,0,0,0,0,0,0,0,0,0,0,0,0,0,0,0,0,0,0,0,0
WG_METRICS 201,384,512,1.1443,0.0077,0.0067,1.0983,0.0159,0.0156,384,512,196608,393216,179007.9375,358015.8750,0.0000,0,0.0000,0.0000,0,0.0000,0,0.0000,0.0000,0,0.0000,0.0000,0,0,0,0,0,0,0,0,0,0,0,0,0,0,0,0,0,0,0,0,0,0,0,0,0
WG_METRICS 202,384,512,1.1263,0.0076,0.0066,1.0805,0.0164,0.0153,384,512,196608,393216,181963.5781,363927.1562,0.0000,0,0.0000,0.0000,0,0.0000,0,0.0000,0.0000,0,0.0000,0.0000,0,0,0,0,0,0,0,0,0,0,0,0,0,0,0,0,0,0,0,0,0,0,0,0,0
WG_METRICS 203,384,512,1.1352,0.0077,0.0071,1.0814,0.0238,0.0153,384,512,196608,393216,181815.5000,363631.0000,0.0000,0,0.0000,0.0000,0,0.0000,0,0.0000,0.0000,0,0.0000,0.0000,0,0,0,0,0,0,0,0,0,0,0,0,0,0,0,0,0,0,0,0,0,0,0,0,0
WG_METRICS 204,384,512,1.1391,0.0075,0.0068,1.0938,0.0151,0.0158,384,512,196608,393216,179741.0938,359482.1875,0.0000,0,0.0000,0.0000,0,0.0000,0,0.0000,0.0000,0,0.0000,0.0000,0,0,0,0,0,0,0,0,0,0,0,0,0,0,0,0,0,0,0,0,0,0,0,0,0
WG_METRICS 205,384,512,1.1639,0.0102,0.0067,1.1241,0.0077,0.0152,384,512,196608,393216,174905.7031,349811.4062,0.0000,0,0.0000,0.0000,0,0.0000,0,0.0000,0.0000,0,0.0000,0.0000,0,0,0,0,0,0,0,0,0,0,0,0,0,0,0,0,0,0,0,0,0,0,0,0,0
WG_METRICS 206,384,512,1.1238,0.0077,0.0067,1.0767,0.0169,0.0157,384,512,196608,393216,182599.0000,365198.0000,0.0000,0,0.0000,0.0000,0,0.0000,0,0.0000,0.0000,0,0.0000,0.0000,0,0,0,0,0,0,0,0,0,0,0,0,0,0,0,0,0,0,0,0,0,0,0,0,0
WG_METRICS 207,384,512,1.1558,0.0075,0.0066,1.1023,0.0239,0.0156,384,512,196608,393216,178358.3750,356716.7500,0.0000,0,0.0000,0.0000,0,0.0000,0,0.0000,0.0000,0,0.0000,0.0000,0,0,0,0,0,0,0,0,0,0,0,0,0,0,0,0,0,0,0,0,0,0,0,0,0
WG_METRICS 208,384,512,1.1740,0.0076,0.0070,1.1196,0.0246,0.0153,384,512,196608,393216,175611.8438,351223.6875,0.0000,0,0.0000,0.0000,0,0.0000,0,0.0000,0.0000,0,0.0000,0.0000,0,0,0,0,0,0,0,0,0,0,0,0,0,0,0,0,0,0,0,0,0,0,0,0,0
WG_METRICS 209,384,512,1.1583,0.0075,0.0069,1.1039,0.0244,0.0156,384,512,196608,393216,178099.8594,356199.7188,0.0000,0,0.0000,0.0000,0,0.0000,0,0.0000,0.0000,0,0.0000,0.0000,0,0,0,0,0,0,0,0,0,0,0,0,0,0,0,0,0,0,0,0,0,0,0,0,0
WG_METRICS 210,384,512,1.1242,0.0075,0.0068,1.0789,0.0157,0.0152,384,512,196608,393216,182226.6719,364453.3438,0.0000,0,0.0000,0.0000,0,0.0000,0,0.0000,0.0000,0,0.0000,0.0000,0,0,0,0,0,0,0,0,0,0,0,0,0,0,0,0,0,0,0,0,0,0,0,0,0
WG_METRICS 211,384,512,1.1460,0.0076,0.0068,1.1057,0.0108,0.0150,384,512,196608,393216,177809.9219,355619.8438,0.0000,0,0.0000,0.0000,0,0.0000,0,0.0000,0.0000,0,0.0000,0.0000,0,0,0,0,0,0,0,0,0,0,0,0,0,0,0,0,0,0,0,0,0,0,0,0,0
WG_METRICS 212,384,512,1.1256,0.0075,0.0068,1.0805,0.0152,0.0156,384,512,196608,393216,181963.5781,363927.1562,0.0000,0,0.0000,0.0000,0,0.0000,0,0.0000,0.0000,0,0.0000,0.0000,0,0,0,0,0,0,0,0,0,0,0,0,0,0,0,0,0,0,0,0,0,0,0,0,0
WG_METRICS 213,384,512,1.1648,0.0077,0.0068,1.1174,0.0170,0.0159,384,512,196608,393216,175951.3125,351902.6250,0.0000,0,0.0000,0.0000,0,0.0000,0,0.0000,0.0000,0,0.0000,0.0000,0,0,0,0,0,0,0,0,0,0,0,0,0,0,0,0,0,0,0,0,0,0,0,0,0
WG_METRICS 214,384,512,1.1376,0.0075,0.0049,1.0925,0.0177,0.0150,384,512,196608,393216,179964.8594,359929.7188,0.0000,0,0.0000,0.0000,0,0.0000,0,0.0000,0.0000,0,0.0000,0.0000,0,0,0,0,0,0,0,0,0,0,0,0,0,0,0,0,0,0,0,0,0,0,0,0,0
WG_METRICS 215,384,512,1.1259,0.0077,0.0066,1.0799,0.0166,0.0151,384,512,196608,393216,182064.6719,364129.3438,0.0000,0,0.0000,0.0000,0,0.0000,0,0.0000,0.0000,0,0.0000,0.0000,0,0,0,0,0,0,0,0,0,0,0,0,0,0,0,0,0,0,0,0,0,0,0,0,0
WG_METRICS 216,384,512,1.1498,0.0077,0.0062,1.0962,0.0242,0.0156,384,512,196608,393216,179347.5781,358695.1562,0.0000,0,0.0000,0.0000,0,0.0000,0,0.0000,0.0000,0,0.0000,0.0000,0,0,0,0,0,0,0,0,0,0,0,0,0,0,0,0,0,0,0,0,0,0,0,0,0
WG_METRICS 217,384,512,1.1494,0.0076,0.0066,1.0953,0.0245,0.0155,384,512,196608,393216,179504.7812,359009.5625,0.0000,0,0.0000,0.0000,0,0.0000,0,0.0000,0.0000,0,0.0000,0.0000,0,0,0,0,0,0,0,0,0,0,0,0,0,0,0,0,0,0,0,0,0,0,0,0,0
WG_METRICS 218,384,512,1.1241,0.0076,0.0064,1.0793,0.0158,0.0150,384,512,196608,393216,182165.8906,364331.7812,0.0000,0,0.0000,0.0000,0,0.0000,0,0.0000,0.0000,0,0.0000,0.0000,0,0,0,0,0,0,0,0,0,0,0,0,0,0,0,0,0,0,0,0,0,0,0,0,0
WG_METRICS 219,384,512,1.1211,0.0076,0.0068,1.0763,0.0154,0.0150,384,512,196608,393216,182666.8594,365333.7188,0.0000,0,0.0000,0.0000,0,0.0000,0,0.0000,0.0000,0,0.0000,0.0000,0,0,0,0,0,0,0,0,0,0,0,0,0,0,0,0,0,0,0,0,0,0,0,0,0
WG_METRICS 220,384,512,1.1449,0.0076,0.0068,1.0984,0.0161,0.0159,384,512,196608,393216,178994.9062,357989.8125,0.0000,0,0.0000,0.0000,0,0.0000,0,0.0000,0.0000,0,0.0000,0.0000,0,0,0,0,0,0,0,0,0,0,0,0,0,0,0,0,0,0,0,0,0,0,0,0,0
WG_METRICS 221,384,512,1.1468,0.0076,0.0066,1.1016,0.0160,0.0150,384,512,196608,393216,178481.4219,356962.8438,0.0000,0,0.0000,0.0000,0,0.0000,0,0.0000,0.0000,0,0.0000,0.0000,0,0,0,0,0,0,0,0,0,0,0,0,0,0,0,0,0,0,0,0,0,0,0,0,0
WG_METRICS 222,384,512,1.1805,0.0076,0.0069,1.1376,0.0129,0.0155,384,512,196608,393216,172820.9219,345641.8438,0.0000,0,0.0000,0.0000,0,0.0000,0,0.0000,0.0000,0,0.0000,0.0000,0,0,0,0,0,0,0,0,0,0,0,0,0,0,0,0,0,0,0,0,0,0,0,0,0
WG_METRICS 223,384,512,1.1533,0.0076,0.0068,1.1075,0.0161,0.0152,384,512,196608,393216,177527.3438,355054.6875,0.0000,0,0.0000,0.0000,0,0.0000,0,0.0000,0.0000,0,0.0000,0.0000,0,0,0,0,0,0,0,0,0,0,0,0,0,0,0,0,0,0,0,0,0,0,0,0,0
WG_METRICS 224,384,512,1.1453,0.0075,0.0068,1.0914,0.0245,0.0150,384,512,196608,393216,180142.9375,360285.8750,0.0000,0,0.0000,0.0000,0,0.0000,0,0.0000,0.0000,0,0.0000,0.0000,0,0,0,0,0,0,0,0,0,0,0,0,0,0,0,0,0,0,0,0,0,0,0,0,0
WG_METRICS 225,384,512,1.1459,0.0076,0.0068,1.1007,0.0158,0.0150,384,512,196608,393216,178624.1250,357248.2500,0.0000,0,0.0000,0.0000,0,0.0000,0,0.0000,0.0000,0,0.0000,0.0000,0,0,0,0,0,0,0,0,0,0,0,0,0,0,0,0,0,0,0,0,0,0,0,0,0
WG_METRICS 226,384,512,1.1638,0.0076,0.0068,1.1165,0.0170,0.0159,384,512,196608,393216,176096.2969,352192.5938,0.0000,0,0.0000,0.0000,0,0.0000,0,0.0000,0.0000,0,0.0000,0.0000,0,0,0,0,0,0,0,0,0,0,0,0,0,0,0,0,0,0,0,0,0,0,0,0,0
WG_METRICS 227,384,512,1.1344,0.0076,0.0068,1.0939,0.0111,0.0150,384,512,196608,393216,179734.5156,359469.0312,0.0000,0,0.0000,0.0000,0,0.0000,0,0.0000,0.0000,0,0.0000,0.0000,0,0,0,0,0,0,0,0,0,0,0,0,0,0,0,0,0,0,0,0,0,0,0,0,0
WG_METRICS 228,384,512,1.1594,0.0076,0.0066,1.1060,0.0241,0.0152,384,512,196608,393216,177771.3438,355542.6875,0.0000,0,0.0000,0.0000,0,0.0000,0,0.0000,0.0000,0,0.0000,0.0000,0,0,0,0,0,0,0,0,0,0,0,0,0,0,0,0,0,0,0,0,0,0,0,0,0
WG_METRICS 229,384,512,1.1496,0.0076,0.0068,1.1046,0.0156,0.0150,384,512,196608,393216,177983.7812,355967.5625,0.0000,0,0.0000,0.0000,0,0.0000,0,0.0000,0.0000,0,0.0000,0.0000,0,0,0,0,0,0,0,0,0,0,0,0,0,0,0,0,0,0,0,0,0,0,0,0,0
WG_METRICS 230,384,512,1.1624,0.0076,0.0069,1.1158,0.0164,0.0157,384,512,196608,393216,176203.6094,352407.2188,0.0000,0,0.0000,0.0000,0,0.0000,0,0.0000,0.0000,0,0.0000,0.0000,0,0,0,0,0,0,0,0,0,0,0,0,0,0,0,0,0,0,0,0,0,0,0,0,0
WG_METRICS 231,384,512,1.1483,0.0076,0.0066,1.1027,0.0162,0.0152,384,512,196608,393216,178293.6719,356587.3438,0.0000,0,0.0000,0.0000,0,0.0000,0,0.0000,0.0000,0,0.0000,0.0000,0,0,0,0,0,0,0,0,0,0,0,0,0,0,0,0,0,0,0,0,0,0,0,0,0
WG_METRICS 232,384,512,1.1536,0.0073,0.0066,1.1005,0.0242,0.0150,384,512,196608,393216,178656.5938,357313.1875,0.0000,0,0.0000,0.0000,0,0.0000,0,0.0000,0.0000,0,0.0000,0.0000,0,0,0,0,0,0,0,0,0,0,0,0,0,0,0,0,0,0,0,0,0,0,0,0,0
WG_METRICS 233,384,512,1.1413,0.0076,0.0068,1.0957,0.0159,0.0152,384,512,196608,393216,179432.6875,358865.3750,0.0000,0,0.0000,0.0000,0,0.0000,0,0.0000,0.0000,0,0.0000,0.0000,0,0,0,0,0,0,0,0,0,0,0,0,0,0,0,0,0,0,0,0,0,0,0,0,0
WG_METRICS 234,384,512,1.1496,0.0076,0.0068,1.1046,0.0155,0.0151,384,512,196608,393216,177990.2344,355980.4688,0.0000,0,0.0000,0.0000,0,0.0000,0,0.0000,0.0000,0,0.0000,0.0000,0,0,0,0,0,0,0,0,0,0,0,0,0,0,0,0,0,0,0,0,0,0,0,0,0
WG_METRICS 235,384,512,1.1274,0.0076,0.0069,1.0814,0.0155,0.0159,384,512,196608,393216,181802.0469,363604.0938,0.0000,0,0.0000,0.0000,0,0.0000,0,0.0000,0.0000,0,0.0000,0.0000,0,0,0,0,0,0,0,0,0,0,0,0,0,0,0,0,0,0,0,0,0,0,0,0,0
WG_METRICS 236,384,512,1.1784,0.0076,0.0068,1.1248,0.0238,0.0152,384,512,196608,393216,174793.7500,349587.5000,0.0000,0,0.0000,0.0000,0,0.0000,0,0.0000,0.0000,0,0.0000,0.0000,0,0,0,0,0,0,0,0,0,0,0,0,0,0,0,0,0,0,0,0,0,0,0,0,0
WG_METRICS 237,384,512,1.1238,0.0075,0.0068,1.0790,0.0153,0.0151,384,512,196608,393216,182206.3906,364412.7812,0.0000,0,0.0000,0.0000,0,0.0000,0,0.0000,0.0000,0,0.0000,0.0000,0,0,0,0,0,0,0,0,0,0,0,0,0,0,0,0,0,0,0,0,0,0,0,0,0
WG_METRICS 238,384,512,1.1760,0.0076,0.0068,1.1210,0.0248,0.0159,384,512,196608,393216,175392.5156,350785.0312,0.0000,0,0.0000,0.0000,0,0.0000,0,0.0000,0.0000,0,0.0000,0.0000,0,0,0,0,0,0,0,0,0,0,0,0,0,0,0,0,0,0,0,0,0,0,0,0,0
WG_METRICS 239,384,512,1.1535,0.0078,0.0069,1.0986,0.0245,0.0156,384,512,196608,393216,178955.8125,357911.6250,0.0000,0,0.0000,0.0000,0,0.0000,0,0.0000,0.0000,0,0.0000,0.0000,0,0,0,0,0,0,0,0,0,0,0,0,0,0,0,0,0,0,0,0,0,0,0,0,0
WG_METRICS 240,384,512,1.1618,0.0076,0.0068,1.1154,0.0158,0.0164,384,512,196608,393216,176273.1250,352546.2500,0.0000,0,0.0000,0.0000,0,0.0000,0,0.0000,0.0000,0,0.0000,0.0000,0,0,0,0,0,0,0,0,0,0,0,0,0,0,0,0,0,0,0,0,0,0,0,0,0
WG_METRICS 241,384,512,1.1397,0.0076,0.0068,1.0950,0.0152,0.0151,384,512,196608,393216,179544.1250,359088.2500,0.0000,0,0.0000,0.0000,0,0.0000,0,0.0000,0.0000,0,0.0000,0.0000,0,0,0,0,0,0,0,0,0,0,0,0,0,0,0,0,0,0,0,0,0,0,0,0,0
WG_METRICS 242,384,512,1.1530,0.0080,0.0068,1.1075,0.0156,0.0152,384,512,196608,393216,177527.3438,355054.6875,0.0000,0,0.0000,0.0000,0,0.0000,0,0.0000,0.0000,0,0.0000,0.0000,0,0,0,0,0,0,0,0,0,0,0,0,0,0,0,0,0,0,0,0,0,0,0,0,0
WG_METRICS 243,384,512,1.1834,0.0076,0.0065,1.1382,0.0156,0.0154,384,512,196608,393216,172735.8906,345471.7812,0.0000,0,0.0000,0.0000,0,0.0000,0,0.0000,0.0000,0,0.0000,0.0000,0,0,0,0,0,0,0,0,0,0,0,0,0,0,0,0,0,0,0,0,0,0,0,0,0
WG_METRICS 244,384,512,1.1277,0.0076,0.0068,1.0826,0.0155,0.0152,384,512,196608,393216,181600.5156,363201.0312,0.0000,0,0.0000,0.0000,0,0.0000,0,0.0000,0.0000,0,0.0000,0.0000,0,0,0,0,0,0,0,0,0,0,0,0,0,0,0,0,0,0,0,0,0,0,0,0,0
WG_METRICS 245,384,512,1.1515,0.0075,0.0070,1.1059,0.0160,0.0151,384,512,196608,393216,177784.2031,355568.4062,0.0000,0,0.0000,0.0000,0,0.0000,0,0.0000,0.0000,0,0.0000,0.0000,0,0,0,0,0,0,0,0,0,0,0,0,0,0,0,0,0,0,0,0,0,0,0,0,0
WG_METRICS 246,384,512,1.1434,0.0076,0.0068,1.0969,0.0169,0.0152,384,512,196608,393216,179242.9531,358485.9062,0.0000,0,0.0000,0.0000,0,0.0000,0,0.0000,0.0000,0,0.0000,0.0000,0,0,0,0,0,0,0,0,0,0,0,0,0,0,0,0,0,0,0,0,0,0,0,0,0
WG_METRICS 247,384,512,1.1591,0.0076,0.0068,1.1046,0.0248,0.0153,384,512,196608,393216,177983.7812,355967.5625,0.0000,0,0.0000,0.0000,0,0.0000,0,0.0000,0.0000,0,0.0000,0.0000,0,0,0,0,0,0,0,0,0,0,0,0,0,0,0,0,0,0,0,0,0,0,0,0,0
WG_METRICS 248,384,512,1.1556,0.0076,0.0068,1.1024,0.0238,0.0150,384,512,196608,393216,178345.4375,356690.8750,0.0000,0,0.0000,0.0000,0,0.0000,0,0.0000,0.0000,0,0.0000,0.0000,0,0,0,0,0,0,0,0,0,0,0,0,0,0,0,0,0,0,0,0,0,0,0,0,0
WG_METRICS 249,384,512,1.1526,0.0076,0.0068,1.0993,0.0237,0.0151,384,512,196608,393216,178851.6094,357703.2188,0.0000,0,0.0000,0.0000,0,0.0000,0,0.0000,0.0000,0,0.0000,0.0000,0,0,0,0,0,0,0,0,0,0,0,0,0,0,0,0,0,0,0,0,0,0,0,0,0
WG_METRICS 250,384,512,1.1572,0.0076,0.0064,1.1023,0.0251,0.0157,384,512,196608,393216,178364.8438,356729.6875,0.0000,0,0.0000,0.0000,0,0.0000,0,0.0000,0.0000,0,0.0000,0.0000,0,0,0,0,0,0,0,0,0,0,0,0,0,0,0,0,0,0,0,0,0,0,0,0,0
WG_METRICS 251,384,512,1.1382,0.0076,0.0068,1.0932,0.0156,0.0150,384,512,196608,393216,179839.7344,359679.4688,0.0000,0,0.0000,0.0000,0,0.0000,0,0.0000,0.0000,0,0.0000,0.0000,0,0,0,0,0,0,0,0,0,0,0,0,0,0,0,0,0,0,0,0,0,0,0,0,0
WG_METRICS 252,384,512,1.1668,0.0077,0.0066,1.1129,0.0240,0.0156,384,512,196608,393216,176659.5938,353319.1875,0.0000,0,0.0000,0.0000,0,0.0000,0,0.0000,0.0000,0,0.0000,0.0000,0,0,0,0,0,0,0,0,0,0,0,0,0,0,0,0,0,0,0,0,0,0,0,0,0
WG_METRICS 253,384,512,1.1355,0.0077,0.0066,1.0902,0.0160,0.0150,384,512,196608,393216,180341.2344,360682.4688,0.0000,0,0.0000,0.0000,0,0.0000,0,0.0000,0.0000,0,0.0000,0.0000,0,0,0,0,0,0,0,0,0,0,0,0,0,0,0,0,0,0,0,0,0,0,0,0,0
WG_METRICS 254,384,512,1.1252,0.0076,0.0068,1.0797,0.0161,0.0150,384,512,196608,393216,182098.4062,364196.8125,0.0000,0,0.0000,0.0000,0,0.0000,0,0.0000,0.0000,0,0.0000,0.0000,0,0,0,0,0,0,0,0,0,0,0,0,0,0,0,0,0,0,0,0,0,0,0,0,0
WG_METRICS 255,384,512,1.1416,0.0077,0.0068,1.0962,0.0158,0.0152,384,512,196608,393216,179360.6719,358721.3438,0.0000,0,0.0000,0.0000,0,0.0000,0,0.0000,0.0000,0,0.0000,0.0000,0,0,0,0,0,0,0,0,0,0,0,0,0,0,0,0,0,0,0,0,0,0,0,0,0
WG_METRICS 256,384,512,1.1332,0.0076,0.0068,1.0797,0.0239,0.0152,384,512,196608,393216,182098.4062,364196.8125,0.0000,0,0.0000,0.0000,0,0.0000,0,0.0000,0.0000,0,0.0000,0.0000,0,0,0,0,0,0,0,0,0,0,0,0,0,0,0,0,0,0,0,0,0,0,0,0,0
WG_METRICS 257,384,512,1.1419,0.0076,0.0068,1.0946,0.0169,0.0160,384,512,196608,393216,179622.8594,359245.7188,0.0000,0,0.0000,0.0000,0,0.0000,0,0.0000,0.0000,0,0.0000,0.0000,0,0,0,0,0,0,0,0,0,0,0,0,0,0,0,0,0,0,0,0,0,0,0,0,0
WG_METRICS 258,384,512,1.1307,0.0078,0.0066,1.0854,0.0160,0.0150,384,512,196608,393216,181145.4219,362290.8438,0.0000,0,0.0000,0.0000,0,0.0000,0,0.0000,0.0000,0,0.0000,0.0000,0,0,0,0,0,0,0,0,0,0,0,0,0,0,0,0,0,0,0,0,0,0,0,0,0
WG_METRICS 259,384,512,1.1659,0.0077,0.0067,1.1208,0.0155,0.0152,384,512,196608,393216,175411.3125,350822.6250,0.0000,0,0.0000,0.0000,0,0.0000,0,0.0000,0.0000,0,0.0000,0.0000,0,0,0,0,0,0,0,0,0,0,0,0,0,0,0,0,0,0,0,0,0,0,0,0,0
WG_METRICS 260,384,512,1.1443,0.0076,0.0071,1.0990,0.0154,0.0153,384,512,196608,393216,178903.6875,357807.3750,0.0000,0,0.0000,0.0000,0,0.0000,0,0.0000,0.0000,0,0.0000,0.0000,0,0,0,0,0,0,0,0,0,0,0,0,0,0,0,0,0,0,0,0,0,0,0,0,0
WG_METRICS 261,384,512,1.1456,0.0078,0.0067,1.0995,0.0158,0.0158,384,512,196608,393216,178819.0781,357638.1562,0.0000,0,0.0000,0.0000,0,0.0000,0,0.0000,0.0000,0,0.0000,0.0000,0,0,0,0,0,0,0,0,0,0,0,0,0,0,0,0,0,0,0,0,0,0,0,0,0
WG_METRICS 262,384,512,1.1432,0.0076,0.0066,1.0981,0.0157,0.0152,384,512,196608,393216,179040.5469,358081.0938,0.0000,0,0.0000,0.0000,0,0.0000,0,0.0000,0.0000,0,0.0000,0.0000,0,0,0,0,0,0,0,0,0,0,0,0,0,0,0,0,0,0,0,0,0,0,0,0,0
WG_METRICS 263,384,512,1.1431,0.0080,0.0063,1.0978,0.0159,0.0152,384,512,196608,393216,179092.7344,358185.4688,0.0000,0,0.0000,0.0000,0,0.0000,0,0.0000,0.0000,0,0.0000,0.0000,0,0,0,0,0,0,0,0,0,0,0,0,0,0,0,0,0,0,0,0,0,0,0,0,0
WG_METRICS 264,384,512,1.1438,0.0076,0.0068,1.0901,0.0242,0.0152,384,512,196608,393216,180361.0781,360722.1562,0.0000,0,0.0000,0.0000,0,0.0000,0,0.0000,0.0000,0,0.0000,0.0000,0,0,0,0,0,0,0,0,0,0,0,0,0,0,0,0,0,0,0,0,0,0,0,0,0
WG_METRICS 265,384,512,1.1534,0.0077,0.0067,1.1012,0.0207,0.0171,384,512,196608,393216,178539.7812,357079.5625,0.0000,0,0.0000,0.0000,0,0.0000,0,0.0000,0.0000,0,0.0000,0.0000,0,0,0,0,0,0,0,0,0,0,0,0,0,0,0,0,0,0,0,0,0,0,0,0,0
WG_METRICS 266,384,512,1.1500,0.0076,0.0068,1.0963,0.0242,0.0152,384,512,196608,393216,179334.5000,358669.0000,0.0000,0,0.0000,0.0000,0,0.0000,0,0.0000,0.0000,0,0.0000,0.0000,0,0,0,0,0,0,0,0,0,0,0,0,0,0,0,0,0,0,0,0,0,0,0,0,0
WG_METRICS 267,384,512,1.1539,0.0075,0.0066,1.1088,0.0158,0.0153,384,512,196608,393216,177322.4219,354644.8438,0.0000,0,0.0000,0.0000,0,0.0000,0,0.0000,0.0000,0,0.0000,0.0000,0,0,0,0,0,0,0,0,0,0,0,0,0,0,0,0,0,0,0,0,0,0,0,0,0
WG_METRICS 268,384,512,1.1323,0.0077,0.0068,1.0865,0.0156,0.0157,384,512,196608,393216,180958.6875,361917.3750,0.0000,0,0.0000,0.0000,0,0.0000,0,0.0000,0.0000,0,0.0000,0.0000,0,0,0,0,0,0,0,0,0,0,0,0,0,0,0,0,0,0,0,0,0,0,0,0,0
WG_METRICS 269,384,512,1.1378,0.0076,0.0068,1.0927,0.0154,0.0153,384,512,196608,393216,179925.3125,359850.6250,0.0000,0,0.0000,0.0000,0,0.0000,0,0.0000,0.0000,0,0.0000,0.0000,0,0,0,0,0,0,0,0,0,0,0,0,0,0,0,0,0,0,0,0,0,0,0,0,0
WG_METRICS 270,384,512,1.1514,0.0078,0.0066,1.1065,0.0154,0.0152,384,512,196608,393216,177681.3750,355362.7500,0.0000,0,0.0000,0.0000,0,0.0000,0,0.0000,0.0000,0,0.0000,0.0000,0,0,0,0,0,0,0,0,0,0,0,0,0,0,0,0,0,0,0,0,0,0,0,0,0
WG_METRICS 271,384,512,1.1485,0.0076,0.0068,1.0941,0.0248,0.0152,384,512,196608,393216,179695.0938,359390.1875,0.0000,0,0.0000,0.0000,0,0.0000,0,0.0000,0.0000,0,0.0000,0.0000,0,0,0,0,0,0,0,0,0,0,0,0,0,0,0,0,0,0,0,0,0,0,0,0,0
WG_METRICS 272,384,512,1.1426,0.0077,0.0068,1.0955,0.0170,0.0157,384,512,196608,393216,179472.0156,358944.0312,0.0000,0,0.0000,0.0000,0,0.0000,0,0.0000,0.0000,0,0.0000,0.0000,0,0,0,0,0,0,0,0,0,0,0,0,0,0,0,0,0,0,0,0,0,0,0,0,0
WG_METRICS 273,384,512,1.1802,0.0076,0.0068,1.1350,0.0157,0.0151,384,512,196608,393216,173216.7969,346433.5938,0.0000,0,0.0000,0.0000,0,0.0000,0,0.0000,0.0000,0,0.0000,0.0000,0,0,0,0,0,0,0,0,0,0,0,0,0,0,0,0,0,0,0,0,0,0,0,0,0
WG_METRICS 274,384,512,1.1511,0.0076,0.0067,1.1062,0.0155,0.0150,384,512,196608,393216,177726.3438,355452.6875,0.0000,0,0.0000,0.0000,0,0.0000,0,0.0000,0.0000,0,0.0000,0.0000,0,0,0,0,0,0,0,0,0,0,0,0,0,0,0,0,0,0,0,0,0,0,0,0,0
WG_METRICS 275,384,512,1.1458,0.0076,0.0069,1.1006,0.0152,0.0155,384,512,196608,393216,178643.6094,357287.2188,0.0000,0,0.0000,0.0000,0,0.0000,0,0.0000,0.0000,0,0.0000,0.0000,0,0,0,0,0,0,0,0,0,0,0,0,0,0,0,0,0,0,0,0,0,0,0,0,0
WG_METRICS 276,384,512,1.1706,0.0076,0.0068,1.1252,0.0157,0.0152,384,512,196608,393216,174725.3906,349450.7812,0.0000,0,0.0000,0.0000,0,0.0000,0,0.0000,0.0000,0,0.0000,0.0000,0,0,0,0,0,0,0,0,0,0,0,0,0,0,0,0,0,0,0,0,0,0,0,0,0
WG_METRICS 277,384,512,1.1436,0.0075,0.0066,1.0984,0.0160,0.0150,384,512,196608,393216,178988.3750,357976.7500,0.0000,0,0.0000,0.0000,0,0.0000,0,0.0000,0.0000,0,0.0000,0.0000,0,0,0,0,0,0,0,0,0,0,0,0,0,0,0,0,0,0,0,0,0,0,0,0,0
WG_METRICS 278,384,512,1.1645,0.0076,0.0068,1.1190,0.0153,0.0158,384,512,196608,393216,175699.7344,351399.4688,0.0000,0,0.0000,0.0000,0,0.0000,0,0.0000,0.0000,0,0.0000,0.0000,0,0,0,0,0,0,0,0,0,0,0,0,0,0,0,0,0,0,0,0,0,0,0,0,0
WG_METRICS 279,384,512,1.1549,0.0092,0.0070,1.1025,0.0206,0.0156,384,512,196608,393216,178332.4844,356664.9688,0.0000,0,0.0000,0.0000,0,0.0000,0,0.0000,0.0000,0,0.0000,0.0000,0,0,0,0,0,0,0,0,0,0,0,0,0,0,0,0,0,0,0,0,0,0,0,0,0
WG_METRICS 280,384,512,1.1465,0.0075,0.0068,1.0927,0.0244,0.0150,384,512,196608,393216,179925.3125,359850.6250,0.0000,0,0.0000,0.0000,0,0.0000,0,0.0000,0.0000,0,0.0000,0.0000,0,0,0,0,0,0,0,0,0,0,0,0,0,0,0,0,0,0,0,0,0,0,0,0,0
WG_METRICS 281,384,512,1.1464,0.0076,0.0068,1.1105,0.0062,0.0152,384,512,196608,393216,177041.3906,354082.7812,0.0000,0,0.0000,0.0000,0,0.0000,0,0.0000,0.0000,0,0.0000,0.0000,0,0,0,0,0,0,0,0,0,0,0,0,0,0,0,0,0,0,0,0,0,0,0,0,0
WG_METRICS 282,384,512,1.1652,0.0077,0.0068,1.1180,0.0164,0.0163,384,512,196608,393216,175850.5938,351701.1875,0.0000,0,0.0000,0.0000,0,0.0000,0,0.0000,0.0000,0,0.0000,0.0000,0,0,0,0,0,0,0,0,0,0,0,0,0,0,0,0,0,0,0,0,0,0,0,0,0
WG_METRICS 283,384,512,1.1502,0.0075,0.0066,1.0966,0.0240,0.0156,384,512,196608,393216,179288.7031,358577.4062,0.0000,0,0.0000,0.0000,0,0.0000,0,0.0000,0.0000,0,0.0000,0.0000,0,0,0,0,0,0,0,0,0,0,0,0,0,0,0,0,0,0,0,0,0,0,0,0,0
WG_METRICS 284,384,512,1.1208,0.0076,0.0068,1.0793,0.0111,0.0160,384,512,196608,393216,182159.1406,364318.2812,0.0000,0,0.0000,0.0000,0,0.0000,0,0.0000,0.0000,0,0.0000,0.0000,0,0,0,0,0,0,0,0,0,0,0,0,0,0,0,0,0,0,0,0,0,0,0,0,0
WG_METRICS 285,384,512,1.1370,0.0076,0.0068,1.0922,0.0152,0.0151,384,512,196608,393216,180004.4062,360008.8125,0.0000,0,0.0000,0.0000,0,0.0000,0,0.0000,0.0000,0,0.0000,0.0000,0,0,0,0,0,0,0,0,0,0,0,0,0,0,0,0,0,0,0,0,0,0,0,0,0
WG_METRICS 286,384,512,1.1438,0.0076,0.0068,1.0928,0.0210,0.0156,384,512,196608,393216,179912.1562,359824.3125,0.0000,0,0.0000,0.0000,0,0.0000,0,0.0000,0.0000,0,0.0000,0.0000,0,0,0,0,0,0,0,0,0,0,0,0,0,0,0,0,0,0,0,0,0,0,0,0,0
WG_METRICS 287,384,512,1.1276,0.0075,0.0068,1.0828,0.0153,0.0152,384,512,196608,393216,181573.6875,363147.3750,0.0000,0,0.0000,0.0000,0,0.0000,0,0.0000,0.0000,0,0.0000,0.0000,0,0,0,0,0,0,0,0,0,0,0,0,0,0,0,0,0,0,0,0,0,0,0,0,0
WG_METRICS 288,384,512,1.1454,0.0076,0.0064,1.0924,0.0240,0.0150,384,512,196608,393216,179971.4375,359942.8750,0.0000,0,0.0000,0.0000,0,0.0000,0,0.0000,0.0000,0,0.0000,0.0000,0,0,0,0,0,0,0,0,0,0,0,0,0,0,0,0,0,0,0,0,0,0,0,0,0
WG_METRICS 289,384,512,1.1247,0.0076,0.0068,1.0702,0.0244,0.0156,384,512,196608,393216,183711.4688,367422.9375,0.0000,0,0.0000,0.0000,0,0.0000,0,0.0000,0.0000,0,0.0000,0.0000,0,0,0,0,0,0,0,0,0,0,0,0,0,0,0,0,0,0,0,0,0,0,0,0,0
WG_METRICS 290,384,512,1.1512,0.0076,0.0068,1.0964,0.0250,0.0154,384,512,196608,393216,179314.8750,358629.7500,0.0000,0,0.0000,0.0000,0,0.0000,0,0.0000,0.0000,0,0.0000,0.0000,0,0,0,0,0,0,0,0,0,0,0,0,0,0,0,0,0,0,0,0,0,0,0,0,0
WG_METRICS 291,384,512,1.1464,0.0075,0.0068,1.0930,0.0240,0.0152,384,512,196608,393216,179885.8125,359771.6250,0.0000,0,0.0000,0.0000,0,0.0000,0,0.0000,0.0000,0,0.0000,0.0000,0,0,0,0,0,0,0,0,0,0,0,0,0,0,0,0,0,0,0,0,0,0,0,0,0
WG_METRICS 292,384,512,1.1425,0.0076,0.0067,1.0976,0.0154,0.0151,384,512,196608,393216,179118.8281,358237.6562,0.0000,0,0.0000,0.0000,0,0.0000,0,0.0000,0.0000,0,0.0000,0.0000,0,0,0,0,0,0,0,0,0,0,0,0,0,0,0,0,0,0,0,0,0,0,0,0,0
WG_METRICS 293,384,512,1.1518,0.0078,0.0060,1.1059,0.0165,0.0156,384,512,196608,393216,177777.7812,355555.5625,0.0000,0,0.0000,0.0000,0,0.0000,0,0.0000,0.0000,0,0.0000,0.0000,0,0,0,0,0,0,0,0,0,0,0,0,0,0,0,0,0,0,0,0,0,0,0,0,0
WG_METRICS 294,384,512,1.1493,0.0076,0.0068,1.1034,0.0166,0.0150,384,512,196608,393216,178183.7969,356367.5938,0.0000,0,0.0000,0.0000,0,0.0000,0,0.0000,0.0000,0,0.0000,0.0000,0,0,0,0,0,0,0,0,0,0,0,0,0,0,0,0,0,0,0,0,0,0,0,0,0
WG_METRICS 295,384,512,1.1396,0.0076,0.0066,1.0853,0.0245,0.0156,384,512,196608,393216,181152.1094,362304.2188,0.0000,0,0.0000,0.0000,0,0.0000,0,0.0000,0.0000,0,0.0000,0.0000,0,0,0,0,0,0,0,0,0,0,0,0,0,0,0,0,0,0,0,0,0,0,0,0,0
WG_METRICS 296,384,512,1.1474,0.0076,0.0068,1.0927,0.0245,0.0159,384,512,196608,393216,179931.9219,359863.8438,0.0000,0,0.0000,0.0000,0,0.0000,0,0.0000,0.0000,0,0.0000,0.0000,0,0,0,0,0,0,0,0,0,0,0,0,0,0,0,0,0,0,0,0,0,0,0,0,0
WG_METRICS 297,384,512,1.1538,0.0077,0.0068,1.1084,0.0155,0.0154,384,512,196608,393216,177380.0156,354760.0312,0.0000,0,0.0000,0.0000,0,0.0000,0,0.0000,0.0000,0,0.0000,0.0000,0,0,0,0,0,0,0,0,0,0,0,0,0,0,0,0,0,0,0,0,0,0,0,0,0
WG_METRICS 298,384,512,1.1287,0.0076,0.0068,1.0836,0.0158,0.0149,384,512,196608,393216,181432.9531,362865.9062,0.0000,0,0.0000,0.0000,0,0.0000,0,0.0000,0.0000,0,0.0000,0.0000,0,0,0,0,0,0,0,0,0,0,0,0,0,0,0,0,0,0,0,0,0,0,0,0,0
WG_METRICS 299,384,512,1.1412,0.0076,0.0068,1.0879,0.0238,0.0152,384,512,196608,393216,180719.1719,361438.3438,0.0000,0,0.0000,0.0000,0,0.0000,0,0.0000,0.0000,0,0.0000,0.0000,0,0,0,0,0,0,0,0,0,0,0,0,0,0,0,0,0,0,0,0,0,0,0,0,0
WG_METRICS 300,384,512,1.1553,0.0076,0.0068,1.1072,0.0165,0.0172,384,512,196608,393216,177565.8438,355131.6875,0.0000,0,0.0000,0.0000,0,0.0000,0,0.0000,0.0000,0,0.0000,0.0000,0,0,0,0,0,0,0,0,0,0,0,0,0,0,0,0,0,0,0,0,0,0,0,0,0
WG_METRICS 301,384,512,1.1561,0.0076,0.0068,1.1028,0.0239,0.0150,384,512,196608,393216,178274.2812,356548.5625,0.0000,0,0.0000,0.0000,0,0.0000,0,0.0000,0.0000,0,0.0000,0.0000,0,0,0,0,0,0,0,0,0,0,0,0,0,0,0,0,0,0,0,0,0,0,0,0,0
WG_METRICS 302,384,512,1.1472,0.0076,0.0068,1.0934,0.0242,0.0152,384,512,196608,393216,179806.8438,359613.6875,0.0000,0,0.0000,0.0000,0,0.0000,0,0.0000,0.0000,0,0.0000,0.0000,0,0,0,0,0,0,0,0,0,0,0,0,0,0,0,0,0,0,0,0,0,0,0,0,0
WG_METRICS 303,384,512,1.1827,0.0076,0.0090,1.1261,0.0244,0.0157,384,512,196608,393216,174595.0469,349190.0938,0.0000,0,0.0000,0.0000,0,0.0000,0,0.0000,0.0000,0,0.0000,0.0000,0,0,0,0,0,0,0,0,0,0,0,0,0,0,0,0,0,0,0,0,0,0,0,0,0
WG_METRICS 304,384,512,1.1425,0.0076,0.0068,1.0886,0.0244,0.0151,384,512,196608,393216,180606.2812,361212.5625,0.0000,0,0.0000,0.0000,0,0.0000,0,0.0000,0.0000,0,0.0000,0.0000,0,0,0,0,0,0,0,0,0,0,0,0,0,0,0,0,0,0,0,0,0,0,0,0,0
WG_METRICS 305,384,512,1.1507,0.0076,0.0068,1.1059,0.0153,0.0151,384,512,196608,393216,177777.7812,355555.5625,0.0000,0,0.0000,0.0000,0,0.0000,0,0.0000,0.0000,0,0.0000,0.0000,0,0,0,0,0,0,0,0,0,0,0,0,0,0,0,0,0,0,0,0,0,0,0,0,0
WG_METRICS 306,384,512,1.1476,0.0076,0.0068,1.1024,0.0156,0.0152,384,512,196608,393216,178351.8906,356703.7812,0.0000,0,0.0000,0.0000,0,0.0000,0,0.0000,0.0000,0,0.0000,0.0000,0,0,0,0,0,0,0,0,0,0,0,0,0,0,0,0,0,0,0,0,0,0,0,0,0
WG_METRICS 307,384,512,1.1550,0.0076,0.0068,1.1100,0.0152,0.0154,384,512,196608,393216,177130.7188,354261.4375,0.0000,0,0.0000,0.0000,0,0.0000,0,0.0000,0.0000,0,0.0000,0.0000,0,0,0,0,0,0,0,0,0,0,0,0,0,0,0,0,0,0,0,0,0,0,0,0,0
WG_METRICS 308,384,512,1.1780,0.0077,0.0062,1.1231,0.0250,0.0160,384,512,196608,393216,175061.4375,350122.8750,0.0000,0,0.0000,0.0000,0,0.0000,0,0.0000,0.0000,0,0.0000,0.0000,0,0,0,0,0,0,0,0,0,0,0,0,0,0,0,0,0,0,0,0,0,0,0,0,0
WG_METRICS 309,384,512,1.1476,0.0076,0.0066,1.0946,0.0236,0.0151,384,512,196608,393216,179616.2969,359232.5938,0.0000,0,0.0000,0.0000,0,0.0000,0,0.0000,0.0000,0,0.0000,0.0000,0,0,0,0,0,0,0,0,0,0,0,0,0,0,0,0,0,0,0,0,0,0,0,0,0
WG_METRICS 310,384,512,1.1546,0.0077,0.0068,1.0992,0.0253,0.0156,384,512,196608,393216,178864.6250,357729.2500,0.0000,0,0.0000,0.0000,0,0.0000,0,0.0000,0.0000,0,0.0000,0.0000,0,0,0,0,0,0,0,0,0,0,0,0,0,0,0,0,0,0,0,0,0,0,0,0,0
WG_METRICS 311,384,512,1.1160,0.0067,0.0046,1.0736,0.0158,0.0152,384,512,196608,393216,183129.6406,366259.2812,0.0000,0,0.0000,0.0000,0,0.0000,0,0.0000,0.0000,0,0.0000,0.0000,0,0,0,0,0,0,0,0,0,0,0,0,0,0,0,0,0,0,0,0,0,0,0,0,0
WG_METRICS 312,384,512,1.1595,0.0075,0.0068,1.1062,0.0240,0.0150,384,512,196608,393216,177739.2031,355478.4062,0.0000,0,0.0000,0.0000,0,0.0000,0,0.0000,0.0000,0,0.0000,0.0000,0,0,0,0,0,0,0,0,0,0,0,0,0,0,0,0,0,0,0,0,0,0,0,0,0
WG_METRICS 313,384,512,1.1559,0.0077,0.0067,1.1023,0.0242,0.0150,384,512,196608,393216,178358.3750,356716.7500,0.0000,0,0.0000,0.0000,0,0.0000,0,0.0000,0.0000,0,0.0000,0.0000,0,0,0,0,0,0,0,0,0,0,0,0,0,0,0,0,0,0,0,0,0,0,0,0,0
WG_METRICS 314,384,512,1.1685,0.0076,0.0068,1.1317,0.0063,0.0162,384,512,196608,393216,173731.0938,347462.1875,0.0000,0,0.0000,0.0000,0,0.0000,0,0.0000,0.0000,0,0.0000,0.0000,0,0,0,0,0,0,0,0,0,0,0,0,0,0,0,0,0,0,0,0,0,0,0,0,0
WG_METRICS 315,384,512,1.1856,0.0077,0.0068,1.1311,0.0241,0.0159,384,512,196608,393216,173817.1094,347634.2188,0.0000,0,0.0000,0.0000,0,0.0000,0,0.0000,0.0000,0,0.0000,0.0000,0,0,0,0,0,0,0,0,0,0,0,0,0,0,0,0,0,0,0,0,0,0,0,0,0
WG_METRICS 316,384,512,1.1459,0.0076,0.0068,1.1008,0.0156,0.0151,384,512,196608,393216,178604.6406,357209.2812,0.0000,0,0.0000,0.0000,0,0.0000,0,0.0000,0.0000,0,0.0000,0.0000,0,0,0,0,0,0,0,0,0,0,0,0,0,0,0,0,0,0,0,0,0,0,0,0,0
WG_METRICS 317,384,512,1.1475,0.0077,0.0066,1.0935,0.0245,0.0152,384,512,196608,393216,179793.6875,359587.3750,0.0000,0,0.0000,0.0000,0,0.0000,0,0.0000,0.0000,0,0.0000,0.0000,0,0,0,0,0,0,0,0,0,0,0,0,0,0,0,0,0,0,0,0,0,0,0,0,0
WG_METRICS 318,384,512,1.1179,0.0099,0.0069,1.0698,0.0158,0.0155,384,512,196608,393216,183780.1406,367560.2812,0.0000,0,0.0000,0.0000,0,0.0000,0,0.0000,0.0000,0,0.0000,0.0000,0,0,0,0,0,0,0,0,0,0,0,0,0,0,0,0,0,0,0,0,0,0,0,0,0
WG_METRICS 319,384,512,1.1762,0.0076,0.0068,1.1228,0.0240,0.0150,384,512,196608,393216,175098.8438,350197.6875,0.0000,0,0.0000,0.0000,0,0.0000,0,0.0000,0.0000,0,0.0000,0.0000,0,0,0,0,0,0,0,0,0,0,0,0,0,0,0,0,0,0,0,0,0,0,0,0,0
WG_METRICS 320,384,512,1.1642,0.0075,0.0066,1.1113,0.0239,0.0150,384,512,196608,393216,176913.9375,353827.8750,0.0000,0,0.0000,0.0000,0,0.0000,0,0.0000,0.0000,0,0.0000,0.0000,0,0,0,0,0,0,0,0,0,0,0,0,0,0,0,0,0,0,0,0,0,0,0,0,0
WG_METRICS 321,384,512,1.1532,0.0080,0.0068,1.0991,0.0242,0.0152,384,512,196608,393216,178877.6406,357755.2812,0.0000,0,0.0000,0.0000,0,0.0000,0,0.0000,0.0000,0,0.0000,0.0000,0,0,0,0,0,0,0,0,0,0,0,0,0,0,0,0,0,0,0,0,0,0,0,0,0
WG_METRICS 322,384,512,1.1468,0.0076,0.0068,1.1007,0.0160,0.0157,384,512,196608,393216,178617.6250,357235.2500,0.0000,0,0.0000,0.0000,0,0.0000,0,0.0000,0.0000,0,0.0000,0.0000,0,0,0,0,0,0,0,0,0,0,0,0,0,0,0,0,0,0,0,0,0,0,0,0,0
WG_METRICS 323,384,512,1.1355,0.0076,0.0067,1.0902,0.0160,0.0150,384,512,196608,393216,180347.8438,360695.6875,0.0000,0,0.0000,0.0000,0,0.0000,0,0.0000,0.0000,0,0.0000,0.0000,0,0,0,0,0,0,0,0,0,0,0,0,0,0,0,0,0,0,0,0,0,0,0,0,0
WG_METRICS 324,384,512,1.1378,0.0076,0.0068,1.0928,0.0150,0.0156,384,512,196608,393216,179905.5781,359811.1562,0.0000,0,0.0000,0.0000,0,0.0000,0,0.0000,0.0000,0,0.0000,0.0000,0,0,0,0,0,0,0,0,0,0,0,0,0,0,0,0,0,0,0,0,0,0,0,0,0
WG_METRICS 325,384,512,1.1612,0.0099,0.0066,1.1054,0.0239,0.0154,384,512,196608,393216,177854.9688,355709.9375,0.0000,0,0.0000,0.0000,0,0.0000,0,0.0000,0.0000,0,0.0000,0.0000,0,0,0,0,0,0,0,0,0,0,0,0,0,0,0,0,0,0,0,0,0,0,0,0,0
WG_METRICS 326,384,512,1.1399,0.0076,0.0066,1.0936,0.0164,0.0157,384,512,196608,393216,179787.1250,359574.2500,0.0000,0,0.0000,0.0000,0,0.0000,0,0.0000,0.0000,0,0.0000,0.0000,0,0,0,0,0,0,0,0,0,0,0,0,0,0,0,0,0,0,0,0,0,0,0,0,0
WG_METRICS 327,384,512,1.1648,0.0076,0.0068,1.1096,0.0255,0.0152,384,512,196608,393216,177181.7812,354363.5625,0.0000,0,0.0000,0.0000,0,0.0000,0,0.0000,0.0000,0,0.0000,0.0000,0,0,0,0,0,0,0,0,0,0,0,0,0,0,0,0,0,0,0,0,0,0,0,0,0
WG_METRICS 328,384,512,1.1297,0.0075,0.0069,1.0852,0.0149,0.0152,384,512,196608,393216,181165.4531,362330.9062,0.0000,0,0.0000,0.0000,0,0.0000,0,0.0000,0.0000,0,0.0000,0.0000,0,0,0,0,0,0,0,0,0,0,0,0,0,0,0,0,0,0,0,0,0,0,0,0,0
WG_METRICS 329,384,512,1.1426,0.0077,0.0067,1.0968,0.0161,0.0152,384,512,196608,393216,179256.0156,358512.0312,0.0000,0,0.0000,0.0000,0,0.0000,0,0.0000,0.0000,0,0.0000,0.0000,0,0,0,0,0,0,0,0,0,0,0,0,0,0,0,0,0,0,0,0,0,0,0,0,0
WG_METRICS 330,384,512,1.1429,0.0076,0.0065,1.0882,0.0246,0.0159,384,512,196608,393216,180666.0312,361332.0625,0.0000,0,0.0000,0.0000,0,0.0000,0,0.0000,0.0000,0,0.0000,0.0000,0,0,0,0,0,0,0,0,0,0,0,0,0,0,0,0,0,0,0,0,0,0,0,0,0
WG_METRICS 331,384,512,1.1404,0.0075,0.0068,1.0959,0.0152,0.0150,384,512,196608,393216,179406.5000,358813.0000,0.0000,0,0.0000,0.0000,0,0.0000,0,0.0000,0.0000,0,0.0000,0.0000,0,0,0,0,0,0,0,0,0,0,0,0,0,0,0,0,0,0,0,0,0,0,0,0,0
WG_METRICS 332,384,512,1.1356,0.0076,0.0066,1.0952,0.0112,0.0150,384,512,196608,393216,179511.3438,359022.6875,0.0000,0,0.0000,0.0000,0,0.0000,0,0.0000,0.0000,0,0.0000,0.0000,0,0,0,0,0,0,0,0,0,0,0,0,0,0,0,0,0,0,0,0,0,0,0,0,0
WG_METRICS 333,384,512,1.1462,0.0075,0.0069,1.0919,0.0245,0.0154,384,512,196608,393216,180063.7500,360127.5000,0.0000,0,0.0000,0.0000,0,0.0000,0,0.0000,0.0000,0,0.0000,0.0000,0,0,0,0,0,0,0,0,0,0,0,0,0,0,0,0,0,0,0,0,0,0,0,0,0
WG_METRICS 334,384,512,1.1574,0.0076,0.0068,1.1033,0.0246,0.0151,384,512,196608,393216,178203.1875,356406.3750,0.0000,0,0.0000,0.0000,0,0.0000,0,0.0000,0.0000,0,0.0000,0.0000,0,0,0,0,0,0,0,0,0,0,0,0,0,0,0,0,0,0,0,0,0,0,0,0,0
WG_METRICS 335,384,512,1.1647,0.0076,0.0069,1.1110,0.0241,0.0152,384,512,196608,393216,176964.9062,353929.8125,0.0000,0,0.0000,0.0000,0,0.0000,0,0.0000,0.0000,0,0.0000,0.0000,0,0,0,0,0,0,0,0,0,0,0,0,0,0,0,0,0,0,0,0,0,0,0,0,0
WG_METRICS 336,384,512,1.1385,0.0074,0.0066,1.0940,0.0154,0.0152,384,512,196608,393216,179721.3750,359442.7500,0.0000,0,0.0000,0.0000,0,0.0000,0,0.0000,0.0000,0,0.0000,0.0000,0,0,0,0,0,0,0,0,0,0,0,0,0,0,0,0,0,0,0,0,0,0,0,0,0
WG_METRICS 337,384,512,1.1535,0.0075,0.0069,1.0984,0.0250,0.0156,384,512,196608,393216,178988.3750,357976.7500,0.0000,0,0.0000,0.0000,0,0.0000,0,0.0000,0.0000,0,0.0000,0.0000,0,0,0,0,0,0,0,0,0,0,0,0,0,0,0,0,0,0,0,0,0,0,0,0,0
WG_METRICS 338,384,512,1.1982,0.0075,0.0068,1.1530,0.0159,0.0150,384,512,196608,393216,170524.5781,341049.1562,0.0000,0,0.0000,0.0000,0,0.0000,0,0.0000,0.0000,0,0.0000,0.0000,0,0,0,0,0,0,0,0,0,0,0,0,0,0,0,0,0,0,0,0,0,0,0,0,0
WG_METRICS 339,384,512,1.1407,0.0076,0.0068,1.0866,0.0245,0.0152,384,512,196608,393216,180945.3594,361890.7188,0.0000,0,0.0000,0.0000,0,0.0000,0,0.0000,0.0000,0,0.0000,0.0000,0,0,0,0,0,0,0,0,0,0,0,0,0,0,0,0,0,0,0,0,0,0,0,0,0
WG_METRICS 340,384,512,1.1179,0.0076,0.0069,1.0721,0.0158,0.0155,384,512,196608,393216,183389.2969,366778.5938,0.0000,0,0.0000,0.0000,0,0.0000,0,0.0000,0.0000,0,0.0000,0.0000,0,0,0,0,0,0,0,0,0,0,0,0,0,0,0,0,0,0,0,0,0,0,0,0,0
WG_METRICS 341,384,512,1.1568,0.0076,0.0066,1.1036,0.0240,0.0151,384,512,196608,393216,178157.9688,356315.9375,0.0000,0,0.0000,0.0000,0,0.0000,0,0.0000,0.0000,0,0.0000,0.0000,0,0,0,0,0,0,0,0,0,0,0,0,0,0,0,0,0,0,0,0,0,0,0,0,0
WG_METRICS 342,384,512,1.1495,0.0076,0.0068,1.1075,0.0123,0.0154,384,512,196608,393216,177527.3438,355054.6875,0.0000,0,0.0000,0.0000,0,0.0000,0,0.0000,0.0000,0,0.0000,0.0000,0,0,0,0,0,0,0,0,0,0,0,0,0,0,0,0,0,0,0,0,0,0,0,0,0
WG_METRICS 343,384,512,1.1477,0.0076,0.0068,1.0937,0.0241,0.0155,384,512,196608,393216,179760.8281,359521.6562,0.0000,0,0.0000,0.0000,0,0.0000,0,0.0000,0.0000,0,0.0000,0.0000,0,0,0,0,0,0,0,0,0,0,0,0,0,0,0,0,0,0,0,0,0,0,0,0,0
WG_METRICS 344,384,512,1.1411,0.0076,0.0068,1.0860,0.0251,0.0156,384,512,196608,393216,181032.0000,362064.0000,0.0000,0,0.0000,0.0000,0,0.0000,0,0.0000,0.0000,0,0.0000,0.0000,0,0,0,0,0,0,0,0,0,0,0,0,0,0,0,0,0,0,0,0,0,0,0,0,0
WG_METRICS 345,384,512,1.1594,0.0076,0.0068,1.1057,0.0238,0.0156,384,512,196608,393216,177809.9219,355619.8438,0.0000,0,0.0000,0.0000,0,0.0000,0,0.0000,0.0000,0,0.0000,0.0000,0,0,0,0,0,0,0,0,0,0,0,0,0,0,0,0,0,0,0,0,0,0,0,0,0
WG_METRICS 346,384,512,1.1572,0.0077,0.0068,1.1101,0.0167,0.0160,384,512,196608,393216,177111.5625,354223.1250,0.0000,0,0.0000,0.0000,0,0.0000,0,0.0000,0.0000,0,0.0000,0.0000,0,0,0,0,0,0,0,0,0,0,0,0,0,0,0,0,0,0,0,0,0,0,0,0,0
WG_METRICS 347,384,512,1.1431,0.0075,0.0068,1.0985,0.0151,0.0152,384,512,196608,393216,178981.8750,357963.7500,0.0000,0,0.0000,0.0000,0,0.0000,0,0.0000,0.0000,0,0.0000,0.0000,0,0,0,0,0,0,0,0,0,0,0,0,0,0,0,0,0,0,0,0,0,0,0,0,0
WG_METRICS 348,384,512,1.1626,0.0076,0.0068,1.1088,0.0242,0.0151,384,512,196608,393216,177309.6250,354619.2500,0.0000,0,0.0000,0.0000,0,0.0000,0,0.0000,0.0000,0,0.0000,0.0000,0,0,0,0,0,0,0,0,0,0,0,0,0,0,0,0,0,0,0,0,0,0,0,0,0
WG_METRICS 349,384,512,1.1406,0.0075,0.0069,1.0864,0.0243,0.0154,384,512,196608,393216,180965.3594,361930.7188,0.0000,0,0.0000,0.0000,0,0.0000,0,0.0000,0.0000,0,0.0000,0.0000,0,0,0,0,0,0,0,0,0,0,0,0,0,0,0,0,0,0,0,0,0,0,0,0,0
WG_METRICS 350,384,512,1.1558,0.0076,0.0068,1.1008,0.0249,0.0156,384,512,196608,393216,178598.1719,357196.3438,0.0000,0,0.0000,0.0000,0,0.0000,0,0.0000,0.0000,0,0.0000,0.0000,0,0,0,0,0,0,0,0,0,0,0,0,0,0,0,0,0,0,0,0,0,0,0,0,0
WG_METRICS 351,384,512,1.1273,0.0075,0.0069,1.0868,0.0110,0.0150,384,512,196608,393216,180898.7500,361797.5000,0.0000,0,0.0000,0.0000,0,0.0000,0,0.0000,0.0000,0,0.0000,0.0000,0,0,0,0,0,0,0,0,0,0,0,0,0,0,0,0,0,0,0,0,0,0,0,0,0
WG_METRICS 352,384,512,1.1460,0.0077,0.0068,1.0969,0.0194,0.0153,384,512,196608,393216,179242.9531,358485.9062,0.0000,0,0.0000,0.0000,0,0.0000,0,0.0000,0.0000,0,0.0000,0.0000,0,0,0,0,0,0,0,0,0,0,0,0,0,0,0,0,0,0,0,0,0,0,0,0,0
WG_METRICS 353,384,512,1.1418,0.0077,0.0068,1.0963,0.0158,0.0152,384,512,196608,393216,179341.0469,358682.0938,0.0000,0,0.0000,0.0000,0,0.0000,0,0.0000,0.0000,0,0.0000,0.0000,0,0,0,0,0,0,0,0,0,0,0,0,0,0,0,0,0,0,0,0,0,0,0,0,0
WG_METRICS 354,384,512,1.1491,0.0076,0.0068,1.0944,0.0246,0.0158,384,512,196608,393216,179655.6875,359311.3750,0.0000,0,0.0000,0.0000,0,0.0000,0,0.0000,0.0000,0,0.0000,0.0000,0,0,0,0,0,0,0,0,0,0,0,0,0,0,0,0,0,0,0,0,0,0,0,0,0
WG_METRICS 355,384,512,1.1790,0.0076,0.0068,1.1256,0.0240,0.0150,384,512,196608,393216,174663.2969,349326.5938,0.0000,0,0.0000,0.0000,0,0.0000,0,0.0000,0.0000,0,0.0000,0.0000,0,0,0,0,0,0,0,0,0,0,0,0,0,0,0,0,0,0,0,0,0,0,0,0,0
WG_METRICS 356,384,512,1.1379,0.0075,0.0067,1.0926,0.0157,0.0153,384,512,196608,393216,179938.4844,359876.9688,0.0000,0,0.0000,0.0000,0,0.0000,0,0.0000,0.0000,0,0.0000,0.0000,0,0,0,0,0,0,0,0,0,0,0,0,0,0,0,0,0,0,0,0,0,0,0,0,0
WG_METRICS 357,384,512,1.1484,0.0077,0.0068,1.1021,0.0162,0.0156,384,512,196608,393216,178390.7344,356781.4688,0.0000,0,0.0000,0.0000,0,0.0000,0,0.0000,0.0000,0,0.0000,0.0000,0,0,0,0,0,0,0,0,0,0,0,0,0,0,0,0,0,0,0,0,0,0,0,0,0
WG_METRICS 358,384,512,1.1608,0.0076,0.0068,1.1067,0.0244,0.0153,384,512,196608,393216,177649.2812,355298.5625,0.0000,0,0.0000,0.0000,0,0.0000,0,0.0000,0.0000,0,0.0000,0.0000,0,0,0,0,0,0,0,0,0,0,0,0,0,0,0,0,0,0,0,0,0,0,0,0,0
WG_METRICS 359,384,512,1.1444,0.0076,0.0068,1.0990,0.0157,0.0152,384,512,196608,393216,178897.1875,357794.3750,0.0000,0,0.0000,0.0000,0,0.0000,0,0.0000,0.0000,0,0.0000,0.0000,0,0,0,0,0,0,0,0,0,0,0,0,0,0,0,0,0,0,0,0,0,0,0,0,0
WG_METRICS 360,384,512,1.1364,0.0076,0.0065,1.0920,0.0152,0.0151,384,512,196608,393216,180037.3750,360074.7500,0.0000,0,0.0000,0.0000,0,0.0000,0,0.0000,0.0000,0,0.0000,0.0000,0,0,0,0,0,0,0,0,0,0,0,0,0,0,0,0,0,0,0,0,0,0,0,0,0
WG_METRICS 361,384,512,1.1470,0.0080,0.0070,1.0921,0.0245,0.0155,384,512,196608,393216,180030.7656,360061.5312,0.0000,0,0.0000,0.0000,0,0.0000,0,0.0000,0.0000,0,0.0000,0.0000,0,0,0,0,0,0,0,0,0,0,0,0,0,0,0,0,0,0,0,0,0,0,0,0,0
WG_METRICS 362,384,512,1.1304,0.0076,0.0067,1.0845,0.0160,0.0157,384,512,196608,393216,181292.4062,362584.8125,0.0000,0,0.0000,0.0000,0,0.0000,0,0.0000,0.0000,0,0.0000,0.0000,0,0,0,0,0,0,0,0,0,0,0,0,0,0,0,0,0,0,0,0,0,0,0,0,0
WG_METRICS 363,384,512,1.1532,0.0076,0.0068,1.1078,0.0156,0.0153,384,512,196608,393216,177469.6875,354939.3750,0.0000,0,0.0000,0.0000,0,0.0000,0,0.0000,0.0000,0,0.0000,0.0000,0,0,0,0,0,0,0,0,0,0,0,0,0,0,0,0,0,0,0,0,0,0,0,0,0
WG_METRICS 364,384,512,1.1536,0.0077,0.0067,1.1088,0.0154,0.0149,384,512,196608,393216,177309.6250,354619.2500,0.0000,0,0.0000,0.0000,0,0.0000,0,0.0000,0.0000,0,0.0000,0.0000,0,0,0,0,0,0,0,0,0,0,0,0,0,0,0,0,0,0,0,0,0,0,0,0,0
WG_METRICS 365,384,512,1.1266,0.0075,0.0066,1.0821,0.0152,0.0153,384,512,196608,393216,181687.8125,363375.6250,0.0000,0,0.0000,0.0000,0,0.0000,0,0.0000,0.0000,0,0.0000,0.0000,0,0,0,0,0,0,0,0,0,0,0,0,0,0,0,0,0,0,0,0,0,0,0,0,0
WG_METRICS 366,384,512,1.1589,0.0076,0.0068,1.1131,0.0161,0.0153,384,512,196608,393216,176627.8594,353255.7188,0.0000,0,0.0000,0.0000,0,0.0000,0,0.0000,0.0000,0,0.0000,0.0000,0,0,0,0,0,0,0,0,0,0,0,0,0,0,0,0,0,0,0,0,0,0,0,0,0
WG_METRICS 367,384,512,1.1711,0.0077,0.0068,1.1253,0.0162,0.0152,384,512,196608,393216,174712.9844,349425.9688,0.0000,0,0.0000,0.0000,0,0.0000,0,0.0000,0.0000,0,0.0000,0.0000,0,0,0,0,0,0,0,0,0,0,0,0,0,0,0,0,0,0,0,0,0,0,0,0,0
WG_METRICS 368,384,512,1.1664,0.0078,0.0066,1.1211,0.0155,0.0154,384,512,196608,393216,175367.5000,350735.0000,0.0000,0,0.0000,0.0000,0,0.0000,0,0.0000,0.0000,0,0.0000,0.0000,0,0,0,0,0,0,0,0,0,0,0,0,0,0,0,0,0,0,0,0,0,0,0,0,0
WG_METRICS 369,384,512,1.1881,0.0076,0.0066,1.1424,0.0161,0.0155,384,512,196608,393216,172106.8750,344213.7500,0.0000,0,0.0000,0.0000,0,0.0000,0,0.0000,0.0000,0,0.0000,0.0000,0,0,0,0,0,0,0,0,0,0,0,0,0,0,0,0,0,0,0,0,0,0,0,0,0
WG_METRICS 370,384,512,1.1434,0.0075,0.0070,1.0980,0.0158,0.0152,384,512,196608,393216,179066.6406,358133.2812,0.0000,0,0.0000,0.0000,0,0.0000,0,0.0000,0.0000,0,0.0000,0.0000,0,0,0,0,0,0,0,0,0,0,0,0,0,0,0,0,0,0,0,0,0,0,0,0,0
WG_METRICS 371,384,512,1.1434,0.0076,0.0070,1.0984,0.0152,0.0152,384,512,196608,393216,178988.3750,357976.7500,0.0000,0,0.0000,0.0000,0,0.0000,0,0.0000,0.0000,0,0.0000,0.0000,0,0,0,0,0,0,0,0,0,0,0,0,0,0,0,0,0,0,0,0,0,0,0,0,0
WG_METRICS 372,384,512,1.1374,0.0076,0.0068,1.0840,0.0240,0.0150,384,512,196608,393216,181366.0000,362732.0000,0.0000,0,0.0000,0.0000,0,0.0000,0,0.0000,0.0000,0,0.0000,0.0000,0,0,0,0,0,0,0,0,0,0,0,0,0,0,0,0,0,0,0,0,0,0,0,0,0
WG_METRICS 373,384,512,1.1459,0.0076,0.0068,1.1010,0.0151,0.0154,384,512,196608,393216,178565.7188,357131.4375,0.0000,0,0.0000,0.0000,0,0.0000,0,0.0000,0.0000,0,0.0000,0.0000,0,0,0,0,0,0,0,0,0,0,0,0,0,0,0,0,0,0,0,0,0,0,0,0,0
WG_METRICS 374,384,512,1.1492,0.0077,0.0067,1.0948,0.0252,0.0149,384,512,196608,393216,179590.0625,359180.1250,0.0000,0,0.0000,0.0000,0,0.0000,0,0.0000,0.0000,0,0.0000,0.0000,0,0,0,0,0,0,0,0,0,0,0,0,0,0,0,0,0,0,0,0,0,0,0,0,0
WG_METRICS 375,384,512,1.1345,0.0075,0.0068,1.0895,0.0157,0.0150,384,512,196608,393216,180453.7812,360907.5625,0.0000,0,0.0000,0.0000,0,0.0000,0,0.0000,0.0000,0,0.0000,0.0000,0,0,0,0,0,0,0,0,0,0,0,0,0,0,0,0,0,0,0,0,0,0,0,0,0
WG_METRICS 376,384,512,1.1542,0.0076,0.0068,1.1088,0.0155,0.0154,384,512,196608,393216,177316.0156,354632.0312,0.0000,0,0.0000,0.0000,0,0.0000,0,0.0000,0.0000,0,0.0000,0.0000,0,0,0,0,0,0,0,0,0,0,0,0,0,0,0,0,0,0,0,0,0,0,0,0,0
WG_METRICS 377,384,512,1.1504,0.0076,0.0068,1.1050,0.0159,0.0151,384,512,196608,393216,177932.2344,355864.4688,0.0000,0,0.0000,0.0000,0,0.0000,0,0.0000,0.0000,0,0.0000,0.0000,0,0,0,0,0,0,0,0,0,0,0,0,0,0,0,0,0,0,0,0,0,0,0,0,0
WG_METRICS 378,384,512,1.1438,0.0076,0.0068,1.0987,0.0157,0.0150,384,512,196608,393216,178949.2812,357898.5625,0.0000,0,0.0000,0.0000,0,0.0000,0,0.0000,0.0000,0,0.0000,0.0000,0,0,0,0,0,0,0,0,0,0,0,0,0,0,0,0,0,0,0,0,0,0,0,0,0
WG_METRICS 379,384,512,1.1283,0.0076,0.0069,1.0834,0.0155,0.0150,384,512,196608,393216,181479.8438,362959.6875,0.0000,0,0.0000,0.0000,0,0.0000,0,0.0000,0.0000,0,0.0000,0.0000,0,0,0,0,0,0,0,0,0,0,0,0,0,0,0,0,0,0,0,0,0,0,0,0,0
WG_METRICS 380,384,512,1.1404,0.0076,0.0069,1.0940,0.0166,0.0154,384,512,196608,393216,179708.2344,359416.4688,0.0000,0,0.0000,0.0000,0,0.0000,0,0.0000,0.0000,0,0.0000,0.0000,0,0,0,0,0,0,0,0,0,0,0,0,0,0,0,0,0,0,0,0,0,0,0,0,0
WG_METRICS 381,384,512,1.1386,0.0075,0.0066,1.0934,0.0160,0.0151,384,512,196608,393216,179806.8438,359613.6875,0.0000,0,0.0000,0.0000,0,0.0000,0,0.0000,0.0000,0,0.0000,0.0000,0,0,0,0,0,0,0,0,0,0,0,0,0,0,0,0,0,0,0,0,0,0,0,0,0
WG_METRICS 382,384,512,1.1473,0.0076,0.0066,1.1022,0.0160,0.0149,384,512,196608,393216,178371.3281,356742.6562,0.0000,0,0.0000,0.0000,0,0.0000,0,0.0000,0.0000,0,0.0000,0.0000,0,0,0,0,0,0,0,0,0,0,0,0,0,0,0,0,0,0,0,0,0,0,0,0,0
WG_METRICS 383,384,512,1.1490,0.0076,0.0068,1.0944,0.0246,0.0156,384,512,196608,393216,179649.1094,359298.2188,0.0000,0,0.0000,0.0000,0,0.0000,0,0.0000,0.0000,0,0.0000,0.0000,0,0,0,0,0,0,0,0,0,0,0,0,0,0,0,0,0,0,0,0,0,0,0,0,0
WG_METRICS 384,384,512,1.1466,0.0076,0.0068,1.0925,0.0242,0.0154,384,512,196608,393216,179964.8594,359929.7188,0.0000,0,0.0000,0.0000,0,0.0000,0,0.0000,0.0000,0,0.0000,0.0000,0,0,0,0,0,0,0,0,0,0,0,0,0,0,0,0,0,0,0,0,0,0,0,0,0
WG_METRICS 385,384,512,1.1563,0.0100,0.0066,1.1093,0.0154,0.0150,384,512,196608,393216,177239.2969,354478.5938,0.0000,0,0.0000,0.0000,0,0.0000,0,0.0000,0.0000,0,0.0000,0.0000,0,0,0,0,0,0,0,0,0,0,0,0,0,0,0,0,0,0,0,0,0,0,0,0,0
WG_METRICS 386,384,512,1.1318,0.0100,0.0068,1.0834,0.0168,0.0150,384,512,196608,393216,181479.8438,362959.6875,0.0000,0,0.0000,0.0000,0,0.0000,0,0.0000,0.0000,0,0.0000,0.0000,0,0,0,0,0,0,0,0,0,0,0,0,0,0,0,0,0,0,0,0,0,0,0,0,0
WG_METRICS 387,384,512,1.1565,0.0076,0.0068,1.1062,0.0205,0.0154,384,512,196608,393216,177739.2031,355478.4062,0.0000,0,0.0000,0.0000,0,0.0000,0,0.0000,0.0000,0,0.0000,0.0000,0,0,0,0,0,0,0,0,0,0,0,0,0,0,0,0,0,0,0,0,0,0,0,0,0
WG_METRICS 388,384,512,1.1542,0.0075,0.0068,1.1092,0.0157,0.0150,384,512,196608,393216,177252.0781,354504.1562,0.0000,0,0.0000,0.0000,0,0.0000,0,0.0000,0.0000,0,0.0000,0.0000,0,0,0,0,0,0,0,0,0,0,0,0,0,0,0,0,0,0,0,0,0,0,0,0,0
WG_METRICS 389,384,512,1.1973,0.0076,0.0066,1.1547,0.0133,0.0152,384,512,196608,393216,170270.5469,340541.0938,0.0000,0,0.0000,0.0000,0,0.0000,0,0.0000,0.0000,0,0.0000,0.0000,0,0,0,0,0,0,0,0,0,0,0,0,0,0,0,0,0,0,0,0,0,0,0,0,0
WG_METRICS 390,384,512,1.1456,0.0076,0.0068,1.0910,0.0251,0.0152,384,512,196608,393216,180215.5781,360431.1562,0.0000,0,0.0000,0.0000,0,0.0000,0,0.0000,0.0000,0,0.0000,0.0000,0,0,0,0,0,0,0,0,0,0,0,0,0,0,0,0,0,0,0,0,0,0,0,0,0
WG_METRICS 391,384,512,1.1173,0.0076,0.0068,1.0639,0.0241,0.0150,384,512,196608,393216,184802.7969,369605.5938,0.0000,0,0.0000,0.0000,0,0.0000,0,0.0000,0.0000,0,0.0000,0.0000,0,0,0,0,0,0,0,0,0,0,0,0,0,0,0,0,0,0,0,0,0,0,0,0,0
WG_METRICS 392,384,512,1.1571,0.0076,0.0067,1.1119,0.0159,0.0150,384,512,196608,393216,176824.8438,353649.6875,0.0000,0,0.0000,0.0000,0,0.0000,0,0.0000,0.0000,0,0.0000,0.0000,0,0,0,0,0,0,0,0,0,0,0,0,0,0,0,0,0,0,0,0,0,0,0,0,0
WG_METRICS 393,384,512,1.1498,0.0076,0.0064,1.0968,0.0239,0.0151,384,512,196608,393216,179262.5469,358525.0938,0.0000,0,0.0000,0.0000,0,0.0000,0,0.0000,0.0000,0,0.0000,0.0000,0,0,0,0,0,0,0,0,0,0,0,0,0,0,0,0,0,0,0,0,0,0,0,0,0
WG_METRICS 394,384,512,1.1498,0.0076,0.0066,1.1044,0.0156,0.0157,384,512,196608,393216,178022.4531,356044.9062,0.0000,0,0.0000,0.0000,0,0.0000,0,0.0000,0.0000,0,0.0000,0.0000,0,0,0,0,0,0,0,0,0,0,0,0,0,0,0,0,0,0,0,0,0,0,0,0,0
WG_METRICS 395,384,512,1.1477,0.0076,0.0068,1.1026,0.0154,0.0153,384,512,196608,393216,178306.6094,356613.2188,0.0000,0,0.0000,0.0000,0,0.0000,0,0.0000,0.0000,0,0.0000,0.0000,0,0,0,0,0,0,0,0,0,0,0,0,0,0,0,0,0,0,0,0,0,0,0,0,0
WG_METRICS 396,384,512,1.1612,0.0076,0.0066,1.1176,0.0139,0.0154,384,512,196608,393216,175913.5312,351827.0625,0.0000,0,0.0000,0.0000,0,0.0000,0,0.0000,0.0000,0,0.0000,0.0000,0,0,0,0,0,0,0,0,0,0,0,0,0,0,0,0,0,0,0,0,0,0,0,0,0
WG_METRICS 397,384,512,1.1474,0.0074,0.0065,1.0982,0.0200,0.0152,384,512,196608,393216,179027.5000,358055.0000,0.0000,0,0.0000,0.0000,0,0.0000,0,0.0000,0.0000,0,0.0000,0.0000,0,0,0,0,0,0,0,0,0,0,0,0,0,0,0,0,0,0,0,0,0,0,0,0,0
WG_METRICS 398,384,512,1.1510,0.0076,0.0068,1.1056,0.0160,0.0151,384,512,196608,393216,177829.2344,355658.4688,0.0000,0,0.0000,0.0000,0,0.0000,0,0.0000,0.0000,0,0.0000,0.0000,0,0,0,0,0,0,0,0,0,0,0,0,0,0,0,0,0,0,0,0,0,0,0,0,0
WG_METRICS 399,384,512,1.1444,0.0076,0.0067,1.0994,0.0156,0.0151,384,512,196608,393216,178825.5938,357651.1875,0.0000,0,0.0000,0.0000,0,0.0000,0,0.0000,0.0000,0,0.0000,0.0000,0,0,0,0,0,0,0,0,0,0,0,0,0,0,0,0,0,0,0,0,0,0,0,0,0
WG_METRICS 400,384,512,1.1605,0.0076,0.0068,1.1152,0.0152,0.0157,384,512,196608,393216,176292.1094,352584.2188,0.0000,0,0.0000,0.0000,0,0.0000,0,0.0000,0.0000,0,0.0000,0.0000,0,0,0,0,0,0,0,0,0,0,0,0,0,0,0,0,0,0,0,0,0,0,0,0,0
WG_METRICS 401,384,512,1.1375,0.0076,0.0068,1.0824,0.0252,0.0156,384,512,196608,393216,181647.5000,363295.0000,0.0000,0,0.0000,0.0000,0,0.0000,0,0.0000,0.0000,0,0.0000,0.0000,0,0,0,0,0,0,0,0,0,0,0,0,0,0,0,0,0,0,0,0,0,0,0,0,0
WG_METRICS 402,384,512,1.1578,0.0076,0.0066,1.1125,0.0161,0.0150,384,512,196608,393216,176723.1250,353446.2500,0.0000,0,0.0000,0.0000,0,0.0000,0,0.0000,0.0000,0,0.0000,0.0000,0,0,0,0,0,0,0,0,0,0,0,0,0,0,0,0,0,0,0,0,0,0,0,0,0
WG_METRICS 403,384,512,1.1528,0.0077,0.0069,1.1093,0.0133,0.0156,384,512,196608,393216,177232.8906,354465.7812,0.0000,0,0.0000,0.0000,0,0.0000,0,0.0000,0.0000,0,0.0000,0.0000,0,0,0,0,0,0,0,0,0,0,0,0,0,0,0,0,0,0,0,0,0,0,0,0,0
WG_METRICS 404,384,512,1.1753,0.0076,0.0068,1.1390,0.0056,0.0163,384,512,196608,393216,172608.5156,345217.0312,0.0000,0,0.0000,0.0000,0,0.0000,0,0.0000,0.0000,0,0.0000,0.0000,0,0,0,0,0,0,0,0,0,0,0,0,0,0,0,0,0,0,0,0,0,0,0,0,0
WG_METRICS 405,384,512,1.1746,0.0076,0.0068,1.1204,0.0245,0.0153,384,512,196608,393216,175473.9219,350947.8438,0.0000,0,0.0000,0.0000,0,0.0000,0,0.0000,0.0000,0,0.0000,0.0000,0,0,0,0,0,0,0,0,0,0,0,0,0,0,0,0,0,0,0,0,0,0,0,0,0
WG_METRICS 406,384,512,1.1616,0.0076,0.0067,1.1170,0.0155,0.0149,384,512,196608,393216,176020.6250,352041.2500,0.0000,0,0.0000,0.0000,0,0.0000,0,0.0000,0.0000,0,0.0000,0.0000,0,0,0,0,0,0,0,0,0,0,0,0,0,0,0,0,0,0,0,0,0,0,0,0,0
WG_METRICS 407,384,512,1.1961,0.0076,0.0068,1.1555,0.0109,0.0153,384,512,196608,393216,170152.6562,340305.3125,0.0000,0,0.0000,0.0000,0,0.0000,0,0.0000,0.0000,0,0.0000,0.0000,0,0,0,0,0,0,0,0,0,0,0,0,0,0,0,0,0,0,0,0,0,0,0,0,0
WG_METRICS 408,384,512,1.1394,0.0076,0.0068,1.0926,0.0163,0.0160,384,512,196608,393216,179945.0938,359890.1875,0.0000,0,0.0000,0.0000,0,0.0000,0,0.0000,0.0000,0,0.0000,0.0000,0,0,0,0,0,0,0,0,0,0,0,0,0,0,0,0,0,0,0,0,0,0,0,0,0
WG_METRICS 409,384,512,1.1715,0.0075,0.0068,1.1180,0.0239,0.0152,384,512,196608,393216,175856.8750,351713.7500,0.0000,0,0.0000,0.0000,0,0.0000,0,0.0000,0.0000,0,0.0000,0.0000,0,0,0,0,0,0,0,0,0,0,0,0,0,0,0,0,0,0,0,0,0,0,0,0,0
WG_METRICS 410,384,512,1.1636,0.0076,0.0063,1.1088,0.0254,0.0156,384,512,196608,393216,177309.6250,354619.2500,0.0000,0,0.0000,0.0000,0,0.0000,0,0.0000,0.0000,0,0.0000,0.0000,0,0,0,0,0,0,0,0,0,0,0,0,0,0,0,0,0,0,0,0,0,0,0,0,0
WG_METRICS 411,384,512,1.1582,0.0076,0.0068,1.1094,0.0192,0.0152,384,512,196608,393216,177213.7344,354427.4688,0.0000,0,0.0000,0.0000,0,0.0000,0,0.0000,0.0000,0,0.0000,0.0000,0,0,0,0,0,0,0,0,0,0,0,0,0,0,0,0,0,0,0,0,0,0,0,0,0
WG_METRICS 412,384,512,1.1351,0.0076,0.0066,1.0890,0.0155,0.0164,384,512,196608,393216,180546.5625,361093.1250,0.0000,0,0.0000,0.0000,0,0.0000,0,0.0000,0.0000,0,0.0000,0.0000,0,0,0,0,0,0,0,0,0,0,0,0,0,0,0,0,0,0,0,0,0,0,0,0,0
WG_METRICS 413,384,512,1.1592,0.0076,0.0069,1.1137,0.0160,0.0151,384,512,196608,393216,176539.0469,353078.0938,0.0000,0,0.0000,0.0000,0,0.0000,0,0.0000,0.0000,0,0.0000,0.0000,0,0,0,0,0,0,0,0,0,0,0,0,0,0,0,0,0,0,0,0,0,0,0,0,0
WG_METRICS 414,384,512,1.1612,0.0076,0.0066,1.1141,0.0167,0.0162,384,512,196608,393216,176475.6719,352951.3438,0.0000,0,0.0000,0.0000,0,0.0000,0,0.0000,0.0000,0,0.0000,0.0000,0,0,0,0,0,0,0,0,0,0,0,0,0,0,0,0,0,0,0,0,0,0,0,0,0
WG_METRICS 415,384,512,1.1227,0.0076,0.0067,1.0773,0.0162,0.0150,384,512,196608,393216,182504.0781,365008.1562,0.0000,0,0.0000,0.0000,0,0.0000,0,0.0000,0.0000,0,0.0000,0.0000,0,0,0,0,0,0,0,0,0,0,0,0,0,0,0,0,0,0,0,0,0,0,0,0,0
WG_METRICS 416,384,512,1.1567,0.0075,0.0066,1.1029,0.0242,0.0155,384,512,196608,393216,178261.3281,356522.6562,0.0000,0,0.0000,0.0000,0,0.0000,0,0.0000,0.0000,0,0.0000,0.0000,0,0,0,0,0,0,0,0,0,0,0,0,0,0,0,0,0,0,0,0,0,0,0,0,0
WG_METRICS 417,384,512,1.1437,0.0076,0.0068,1.0949,0.0188,0.0155,384,512,196608,393216,179563.7969,359127.5938,0.0000,0,0.0000,0.0000,0,0.0000,0,0.0000,0.0000,0,0.0000,0.0000,0,0,0,0,0,0,0,0,0,0,0,0,0,0,0,0,0,0,0,0,0,0,0,0,0
WG_METRICS 418,384,512,1.1644,0.0077,0.0068,1.1178,0.0166,0.0156,384,512,196608,393216,175882.0469,351764.0938,0.0000,0,0.0000,0.0000,0,0.0000,0,0.0000,0.0000,0,0.0000,0.0000,0,0,0,0,0,0,0,0,0,0,0,0,0,0,0,0,0,0,0,0,0,0,0,0,0
WG_METRICS 419,384,512,1.1279,0.0076,0.0062,1.0832,0.0154,0.0156,384,512,196608,393216,181506.6562,363013.3125,0.0000,0,0.0000,0.0000,0,0.0000,0,0.0000,0.0000,0,0.0000,0.0000,0,0,0,0,0,0,0,0,0,0,0,0,0,0,0,0,0,0,0,0,0,0,0,0,0
WG_METRICS 420,384,512,1.1390,0.0076,0.0068,1.0942,0.0153,0.0150,384,512,196608,393216,179675.4062,359350.8125,0.0000,0,0.0000,0.0000,0,0.0000,0,0.0000,0.0000,0,0.0000,0.0000,0,0,0,0,0,0,0,0,0,0,0,0,0,0,0,0,0,0,0,0,0,0,0,0,0
WG_METRICS 421,384,512,1.1638,0.0075,0.0069,1.1186,0.0157,0.0151,384,512,196608,393216,175756.2812,351512.5625,0.0000,0,0.0000,0.0000,0,0.0000,0,0.0000,0.0000,0,0.0000,0.0000,0,0,0,0,0,0,0,0,0,0,0,0,0,0,0,0,0,0,0,0,0,0,0,0,0
WG_METRICS 422,384,512,1.1508,0.0076,0.0068,1.1045,0.0162,0.0156,384,512,196608,393216,178003.1250,356006.2500,0.0000,0,0.0000,0.0000,0,0.0000,0,0.0000,0.0000,0,0.0000,0.0000,0,0,0,0,0,0,0,0,0,0,0,0,0,0,0,0,0,0,0,0,0,0,0,0,0
WG_METRICS 423,384,512,1.1648,0.0076,0.0068,1.1131,0.0108,0.0266,384,512,196608,393216,176634.2031,353268.4062,0.0000,0,0.0000,0.0000,0,0.0000,0,0.0000,0.0000,0,0.0000,0.0000,0,0,0,0,0,0,0,0,0,0,0,0,0,0,0,0,0,0,0,0,0,0,0,0,0
WG_METRICS 424,384,512,1.1340,0.0077,0.0068,1.0877,0.0162,0.0156,384,512,196608,393216,180759.0469,361518.0938,0.0000,0,0.0000,0.0000,0,0.0000,0,0.0000,0.0000,0,0.0000,0.0000,0,0,0,0,0,0,0,0,0,0,0,0,0,0,0,0,0,0,0,0,0,0,0,0,0
WG_METRICS 425,384,512,1.1606,0.0077,0.0067,1.1067,0.0240,0.0155,384,512,196608,393216,177649.2812,355298.5625,0.0000,0,0.0000,0.0000,0,0.0000,0,0.0000,0.0000,0,0.0000,0.0000,0,0,0,0,0,0,0,0,0,0,0,0,0,0,0,0,0,0,0,0,0,0,0,0,0
WG_METRICS 426,384,512,1.1593,0.0076,0.0067,1.1135,0.0158,0.0156,384,512,196608,393216,176564.4062,353128.8125,0.0000,0,0.0000,0.0000,0,0.0000,0,0.0000,0.0000,0,0.0000,0.0000,0,0,0,0,0,0,0,0,0,0,0,0,0,0,0,0,0,0,0,0,0,0,0,0,0
WG_METRICS 427,384,512,1.1399,0.0077,0.0064,1.0942,0.0160,0.0156,384,512,196608,393216,179688.5312,359377.0625,0.0000,0,0.0000,0.0000,0,0.0000,0,0.0000,0.0000,0,0.0000,0.0000,0,0,0,0,0,0,0,0,0,0,0,0,0,0,0,0,0,0,0,0,0,0,0,0,0
WG_METRICS 428,384,512,1.1555,0.0076,0.0068,1.1003,0.0251,0.0156,384,512,196608,393216,178689.0469,357378.0938,0.0000,0,0.0000,0.0000,0,0.0000,0,0.0000,0.0000,0,0.0000,0.0000,0,0,0,0,0,0,0,0,0,0,0,0,0,0,0,0,0,0,0,0,0,0,0,0,0
WG_METRICS 429,384,512,1.1576,0.0077,0.0065,1.1042,0.0243,0.0150,384,512,196608,393216,178048.2656,356096.5312,0.0000,0,0.0000,0.0000,0,0.0000,0,0.0000,0.0000,0,0.0000,0.0000,0,0,0,0,0,0,0,0,0,0,0,0,0,0,0,0,0,0,0,0,0,0,0,0,0
WG_METRICS 430,384,512,1.1599,0.0076,0.0068,1.1178,0.0118,0.0159,384,512,196608,393216,175888.3594,351776.7188,0.0000,0,0.0000,0.0000,0,0.0000,0,0.0000,0.0000,0,0.0000,0.0000,0,0,0,0,0,0,0,0,0,0,0,0,0,0,0,0,0,0,0,0,0,0,0,0,0
WG_METRICS 431,384,512,1.1414,0.0076,0.0066,1.0960,0.0156,0.0156,384,512,196608,393216,179380.3125,358760.6250,0.0000,0,0.0000,0.0000,0,0.0000,0,0.0000,0.0000,0,0.0000,0.0000,0,0,0,0,0,0,0,0,0,0,0,0,0,0,0,0,0,0,0,0,0,0,0,0,0
WG_METRICS 432,384,512,1.1488,0.0078,0.0067,1.1038,0.0153,0.0152,384,512,196608,393216,178112.7656,356225.5312,0.0000,0,0.0000,0.0000,0,0.0000,0,0.0000,0.0000,0,0.0000,0.0000,0,0,0,0,0,0,0,0,0,0,0,0,0,0,0,0,0,0,0,0,0,0,0,0,0
WG_METRICS 433,384,512,1.1752,0.0076,0.0068,1.1216,0.0242,0.0150,384,512,196608,393216,175298.6875,350597.3750,0.0000,0,0.0000,0.0000,0,0.0000,0,0.0000,0.0000,0,0.0000,0.0000,0,0,0,0,0,0,0,0,0,0,0,0,0,0,0,0,0,0,0,0,0,0,0,0,0
WG_METRICS 434,384,512,1.1343,0.0076,0.0068,1.0983,0.0064,0.0151,384,512,196608,393216,179007.9375,358015.8750,0.0000,0,0.0000,0.0000,0,0.0000,0,0.0000,0.0000,0,0.0000,0.0000,0,0,0,0,0,0,0,0,0,0,0,0,0,0,0,0,0,0,0,0,0,0,0,0,0
WG_METRICS 435,384,512,1.1500,0.0076,0.0068,1.1044,0.0154,0.0157,384,512,196608,393216,178016.0156,356032.0312,0.0000,0,0.0000,0.0000,0,0.0000,0,0.0000,0.0000,0,0.0000,0.0000,0,0,0,0,0,0,0,0,0,0,0,0,0,0,0,0,0,0,0,0,0,0,0,0,0
WG_METRICS 436,384,512,1.1610,0.0076,0.0065,1.1160,0.0158,0.0151,384,512,196608,393216,176178.3594,352356.7188,0.0000,0,0.0000,0.0000,0,0.0000,0,0.0000,0.0000,0,0.0000,0.0000,0,0,0,0,0,0,0,0,0,0,0,0,0,0,0,0,0,0,0,0,0,0,0,0,0
WG_METRICS 437,384,512,1.1654,0.0076,0.0068,1.1202,0.0154,0.0153,384,512,196608,393216,175505.2500,351010.5000,0.0000,0,0.0000,0.0000,0,0.0000,0,0.0000,0.0000,0,0.0000,0.0000,0,0,0,0,0,0,0,0,0,0,0,0,0,0,0,0,0,0,0,0,0,0,0,0,0
WG_METRICS 438,384,512,1.1454,0.0076,0.0068,1.1004,0.0155,0.0152,384,512,196608,393216,178676.0625,357352.1250,0.0000,0,0.0000,0.0000,0,0.0000,0,0.0000,0.0000,0,0.0000,0.0000,0,0,0,0,0,0,0,0,0,0,0,0,0,0,0,0,0,0,0,0,0,0,0,0,0
WG_METRICS 439,384,512,1.1712,0.0076,0.0068,1.1252,0.0162,0.0154,384,512,196608,393216,174731.5938,349463.1875,0.0000,0,0.0000,0.0000,0,0.0000,0,0.0000,0.0000,0,0.0000,0.0000,0,0,0,0,0,0,0,0,0,0,0,0,0,0,0,0,0,0,0,0,0,0,0,0,0
WG_METRICS 440,384,512,1.1413,0.0076,0.0069,1.0958,0.0158,0.0152,384,512,196608,393216,179413.0625,358826.1250,0.0000,0,0.0000,0.0000,0,0.0000,0,0.0000,0.0000,0,0.0000,0.0000,0,0,0,0,0,0,0,0,0,0,0,0,0,0,0,0,0,0,0,0,0,0,0,0,0
WG_METRICS 441,384,512,1.1460,0.0079,0.0066,1.1003,0.0151,0.0162,384,512,196608,393216,178689.0469,357378.0938,0.0000,0,0.0000,0.0000,0,0.0000,0,0.0000,0.0000,0,0.0000,0.0000,0,0,0,0,0,0,0,0,0,0,0,0,0,0,0,0,0,0,0,0,0,0,0,0,0
WG_METRICS 442,384,512,1.1554,0.0075,0.0066,1.1106,0.0156,0.0152,384,512,196608,393216,177028.6406,354057.2812,0.0000,0,0.0000,0.0000,0,0.0000,0,0.0000,0.0000,0,0.0000,0.0000,0,0,0,0,0,0,0,0,0,0,0,0,0,0,0,0,0,0,0,0,0,0,0,0,0
WG_METRICS 443,384,512,1.1405,0.0076,0.0066,1.0864,0.0241,0.0157,384,512,196608,393216,180965.3594,361930.7188,0.0000,0,0.0000,0.0000,0,0.0000,0,0.0000,0.0000,0,0.0000,0.0000,0,0,0,0,0,0,0,0,0,0,0,0,0,0,0,0,0,0,0,0,0,0,0,0,0
WG_METRICS 444,384,512,1.1469,0.0075,0.0068,1.1066,0.0109,0.0150,384,512,196608,393216,177662.1094,355324.2188,0.0000,0,0.0000,0.0000,0,0.0000,0,0.0000,0.0000,0,0.0000,0.0000,0,0,0,0,0,0,0,0,0,0,0,0,0,0,0,0,0,0,0,0,0,0,0,0,0
WG_METRICS 445,384,512,1.1616,0.0074,0.0066,1.1072,0.0247,0.0156,384,512,196608,393216,177565.8438,355131.6875,0.0000,0,0.0000,0.0000,0,0.0000,0,0.0000,0.0000,0,0.0000,0.0000,0,0,0,0,0,0,0,0,0,0,0,0,0,0,0,0,0,0,0,0,0,0,0,0,0
WG_METRICS 446,384,512,1.1500,0.0076,0.0066,1.0956,0.0251,0.0151,384,512,196608,393216,179445.8125,358891.6250,0.0000,0,0.0000,0.0000,0,0.0000,0,0.0000,0.0000,0,0.0000,0.0000,0,0,0,0,0,0,0,0,0,0,0,0,0,0,0,0,0,0,0,0,0,0,0,0,0
WG_METRICS 447,384,512,1.1414,0.0076,0.0066,1.0873,0.0243,0.0156,384,512,196608,393216,180825.5469,361651.0938,0.0000,0,0.0000,0.0000,0,0.0000,0,0.0000,0.0000,0,0.0000,0.0000,0,0,0,0,0,0,0,0,0,0,0,0,0,0,0,0,0,0,0,0,0,0,0,0,0
WG_METRICS 448,384,512,1.1276,0.0076,0.0066,1.0832,0.0150,0.0152,384,512,196608,393216,181513.3438,363026.6875,0.0000,0,0.0000,0.0000,0,0.0000,0,0.0000,0.0000,0,0.0000,0.0000,0,0,0,0,0,0,0,0,0,0,0,0,0,0,0,0,0,0,0,0,0,0,0,0,0
WG_METRICS 449,384,512,1.1577,0.0076,0.0062,1.1033,0.0248,0.0158,384,512,196608,393216,178203.1875,356406.3750,0.0000,0,0.0000,0.0000,0,0.0000,0,0.0000,0.0000,0,0.0000,0.0000,0,0,0,0,0,0,0,0,0,0,0,0,0,0,0,0,0,0,0,0,0,0,0,0,0
WG_METRICS 450,384,512,1.1878,0.0076,0.0068,1.1328,0.0255,0.0150,384,512,196608,393216,173559.3281,347118.6562,0.0000,0,0.0000,0.0000,0,0.0000,0,0.0000,0.0000,0,0.0000,0.0000,0,0,0,0,0,0,0,0,0,0,0,0,0,0,0,0,0,0,0,0,0,0,0,0,0
WG_METRICS 451,384,512,1.1374,0.0076,0.0068,1.0927,0.0152,0.0152,384,512,196608,393216,179931.9219,359863.8438,0.0000,0,0.0000,0.0000,0,0.0000,0,0.0000,0.0000,0,0.0000,0.0000,0,0,0,0,0,0,0,0,0,0,0,0,0,0,0,0,0,0,0,0,0,0,0,0,0
WG_METRICS 452,384,512,1.1674,0.0076,0.0069,1.1130,0.0239,0.0159,384,512,196608,393216,176640.5625,353281.1250,0.0000,0,0.0000,0.0000,0,0.0000,0,0.0000,0.0000,0,0.0000,0.0000,0,0,0,0,0,0,0,0,0,0,0,0,0,0,0,0,0,0,0,0,0,0,0,0,0
WG_METRICS 453,384,512,1.1456,0.0077,0.0067,1.0922,0.0237,0.0152,384,512,196608,393216,180004.4062,360008.8125,0.0000,0,0.0000,0.0000,0,0.0000,0,0.0000,0.0000,0,0.0000,0.0000,0,0,0,0,0,0,0,0,0,0,0,0,0,0,0,0,0,0,0,0,0,0,0,0,0
WG_METRICS 454,384,512,1.1468,0.0076,0.0067,1.1023,0.0152,0.0150,384,512,196608,393216,178364.8438,356729.6875,0.0000,0,0.0000,0.0000,0,0.0000,0,0.0000,0.0000,0,0.0000,0.0000,0,0,0,0,0,0,0,0,0,0,0,0,0,0,0,0,0,0,0,0,0,0,0,0,0
WG_METRICS 455,384,512,1.1471,0.0076,0.0068,1.1016,0.0160,0.0152,384,512,196608,393216,178481.4219,356962.8438,0.0000,0,0.0000,0.0000,0,0.0000,0,0.0000,0.0000,0,0.0000,0.0000,0,0,0,0,0,0,0,0,0,0,0,0,0,0,0,0,0,0,0,0,0,0,0,0,0
WG_METRICS 456,384,512,1.1791,0.0076,0.0066,1.1237,0.0254,0.0158,384,512,196608,393216,174961.7188,349923.4375,0.0000,0,0.0000,0.0000,0,0.0000,0,0.0000,0.0000,0,0.0000,0.0000,0,0,0,0,0,0,0,0,0,0,0,0,0,0,0,0,0,0,0,0,0,0,0,0,0
WG_METRICS 457,384,512,1.1300,0.0076,0.0068,1.0850,0.0157,0.0150,384,512,196608,393216,181212.2188,362424.4375,0.0000,0,0.0000,0.0000,0,0.0000,0,0.0000,0.0000,0,0.0000,0.0000,0,0,0,0,0,0,0,0,0,0,0,0,0,0,0,0,0,0,0,0,0,0,0,0,0
WG_METRICS 458,384,512,1.1744,0.0076,0.0068,1.1203,0.0245,0.0152,384,512,196608,393216,175498.9844,350997.9688,0.0000,0,0.0000,0.0000,0,0.0000,0,0.0000,0.0000,0,0.0000,0.0000,0,0,0,0,0,0,0,0,0,0,0,0,0,0,0,0,0,0,0,0,0,0,0,0,0
WG_METRICS 459,384,512,1.2106,0.0076,0.0066,1.1562,0.0247,0.0155,384,512,196608,393216,170046.7031,340093.4062,0.0000,0,0.0000,0.0000,0,0.0000,0,0.0000,0.0000,0,0.0000,0.0000,0,0,0,0,0,0,0,0,0,0,0,0,0,0,0,0,0,0,0,0,0,0,0,0,0
WG_METRICS 460,384,512,1.1365,0.0076,0.0063,1.0919,0.0157,0.0150,384,512,196608,393216,180063.7500,360127.5000,0.0000,0,0.0000,0.0000,0,0.0000,0,0.0000,0.0000,0,0.0000,0.0000,0,0,0,0,0,0,0,0,0,0,0,0,0,0,0,0,0,0,0,0,0,0,0,0,0
WG_METRICS 461,384,512,1.1681,0.0076,0.0068,1.1235,0.0152,0.0151,384,512,196608,393216,174999.1094,349998.2188,0.0000,0,0.0000,0.0000,0,0.0000,0,0.0000,0.0000,0,0.0000,0.0000,0,0,0,0,0,0,0,0,0,0,0,0,0,0,0,0,0,0,0,0,0,0,0,0,0
WG_METRICS 462,384,512,1.1582,0.0077,0.0066,1.1137,0.0152,0.0150,384,512,196608,393216,176532.6875,353065.3750,0.0000,0,0.0000,0.0000,0,0.0000,0,0.0000,0.0000,0,0.0000,0.0000,0,0,0,0,0,0,0,0,0,0,0,0,0,0,0,0,0,0,0,0,0,0,0,0,0
WG_METRICS 463,384,512,1.1461,0.0080,0.0067,1.0996,0.0163,0.0155,384,512,196608,393216,178806.0625,357612.1250,0.0000,0,0.0000,0.0000,0,0.0000,0,0.0000,0.0000,0,0.0000,0.0000,0,0,0,0,0,0,0,0,0,0,0,0,0,0,0,0,0,0,0,0,0,0,0,0,0
WG_METRICS 464,384,512,1.1458,0.0076,0.0066,1.1003,0.0162,0.0152,384,512,196608,393216,178689.0469,357378.0938,0.0000,0,0.0000,0.0000,0,0.0000,0,0.0000,0.0000,0,0.0000,0.0000,0,0,0,0,0,0,0,0,0,0,0,0,0,0,0,0,0,0,0,0,0,0,0,0,0
WG_METRICS 465,384,512,1.1477,0.0076,0.0068,1.1024,0.0154,0.0156,384,512,196608,393216,178351.8906,356703.7812,0.0000,0,0.0000,0.0000,0,0.0000,0,0.0000,0.0000,0,0.0000,0.0000,0,0,0,0,0,0,0,0,0,0,0,0,0,0,0,0,0,0,0,0,0,0,0,0,0
WG_METRICS 466,384,512,1.1503,0.0075,0.0066,1.0958,0.0249,0.0154,384,512,196608,393216,179413.0625,358826.1250,0.0000,0,0.0000,0.0000,0,0.0000,0,0.0000,0.0000,0,0.0000,0.0000,0,0,0,0,0,0,0,0,0,0,0,0,0,0,0,0,0,0,0,0,0,0,0,0,0
WG_METRICS 467,384,512,1.1704,0.0077,0.0067,1.1171,0.0238,0.0151,384,512,196608,393216,175995.4062,351990.8125,0.0000,0,0.0000,0.0000,0,0.0000,0,0.0000,0.0000,0,0.0000,0.0000,0,0,0,0,0,0,0,0,0,0,0,0,0,0,0,0,0,0,0,0,0,0,0,0,0
WG_METRICS 468,384,512,1.1384,0.0076,0.0067,1.0940,0.0150,0.0150,384,512,196608,393216,179708.2344,359416.4688,0.0000,0,0.0000,0.0000,0,0.0000,0,0.0000,0.0000,0,0.0000,0.0000,0,0,0,0,0,0,0,0,0,0,0,0,0,0,0,0,0,0,0,0,0,0,0,0,0
WG_METRICS 469,384,512,1.1521,0.0077,0.0067,1.1070,0.0154,0.0153,384,512,196608,393216,177604.3438,355208.6875,0.0000,0,0.0000,0.0000,0,0.0000,0,0.0000,0.0000,0,0.0000,0.0000,0,0,0,0,0,0,0,0,0,0,0,0,0,0,0,0,0,0,0,0,0,0,0,0,0
WG_METRICS 470,384,512,1.1723,0.0077,0.0059,1.1180,0.0250,0.0157,384,512,196608,393216,175856.8750,351713.7500,0.0000,0,0.0000,0.0000,0,0.0000,0,0.0000,0.0000,0,0.0000,0.0000,0,0,0,0,0,0,0,0,0,0,0,0,0,0,0,0,0,0,0,0,0,0,0,0,0
WG_METRICS 471,384,512,1.1270,0.0076,0.0068,1.0805,0.0162,0.0159,384,512,196608,393216,181956.8281,363913.6562,0.0000,0,0.0000,0.0000,0,0.0000,0,0.0000,0.0000,0,0.0000,0.0000,0,0,0,0,0,0,0,0,0,0,0,0,0,0,0,0,0,0,0,0,0,0,0,0,0
WG_METRICS 472,384,512,1.1682,0.0075,0.0067,1.1146,0.0242,0.0152,384,512,196608,393216,176393.3281,352786.6562,0.0000,0,0.0000,0.0000,0,0.0000,0,0.0000,0.0000,0,0.0000,0.0000,0,0,0,0,0,0,0,0,0,0,0,0,0,0,0,0,0,0,0,0,0,0,0,0,0
WG_METRICS 473,384,512,1.1462,0.0076,0.0069,1.0917,0.0246,0.0155,384,512,196608,393216,180090.1406,360180.2812,0.0000,0,0.0000,0.0000,0,0.0000,0,0.0000,0.0000,0,0.0000,0.0000,0,0,0,0,0,0,0,0,0,0,0,0,0,0,0,0,0,0,0,0,0,0,0,0,0
WG_METRICS 474,384,512,1.1491,0.0076,0.0068,1.1030,0.0162,0.0153,384,512,196608,393216,178241.9531,356483.9062,0.0000,0,0.0000,0.0000,0,0.0000,0,0.0000,0.0000,0,0.0000,0.0000,0,0,0,0,0,0,0,0,0,0,0,0,0,0,0,0,0,0,0,0,0,0,0,0,0
WG_METRICS 475,384,512,1.1373,0.0076,0.0066,1.0841,0.0239,0.0151,384,512,196608,393216,181352.6094,362705.2188,0.0000,0,0.0000,0.0000,0,0.0000,0,0.0000,0.0000,0,0.0000,0.0000,0,0,0,0,0,0,0,0,0,0,0,0,0,0,0,0,0,0,0,0,0,0,0,0,0
WG_METRICS 476,384,512,1.1540,0.0076,0.0067,1.1004,0.0242,0.0151,384,512,196608,393216,178676.0625,357352.1250,0.0000,0,0.0000,0.0000,0,0.0000,0,0.0000,0.0000,0,0.0000,0.0000,0,0,0,0,0,0,0,0,0,0,0,0,0,0,0,0,0,0,0,0,0,0,0,0,0
WG_METRICS 477,384,512,1.1545,0.0076,0.0068,1.1079,0.0168,0.0153,384,512,196608,393216,177456.8438,354913.6875,0.0000,0,0.0000,0.0000,0,0.0000,0,0.0000,0.0000,0,0.0000,0.0000,0,0,0,0,0,0,0,0,0,0,0,0,0,0,0,0,0,0,0,0,0,0,0,0,0
WG_METRICS 478,384,512,1.1508,0.0075,0.0068,1.1054,0.0161,0.0150,384,512,196608,393216,177861.4062,355722.8125,0.0000,0,0.0000,0.0000,0,0.0000,0,0.0000,0.0000,0,0.0000,0.0000,0,0,0,0,0,0,0,0,0,0,0,0,0,0,0,0,0,0,0,0,0,0,0,0,0
WG_METRICS 479,384,512,1.1437,0.0077,0.0068,1.0982,0.0159,0.0151,384,512,196608,393216,179027.5000,358055.0000,0.0000,0,0.0000,0.0000,0,0.0000,0,0.0000,0.0000,0,0.0000,0.0000,0,0,0,0,0,0,0,0,0,0,0,0,0,0,0,0,0,0,0,0,0,0,0,0,0
WG_METRICS 480,384,512,1.1435,0.0075,0.0066,1.0892,0.0248,0.0154,384,512,196608,393216,180506.7969,361013.5938,0.0000,0,0.0000,0.0000,0,0.0000,0,0.0000,0.0000,0,0.0000,0.0000,0,0,0,0,0,0,0,0,0,0,0,0,0,0,0,0,0,0,0,0,0,0,0,0,0
WG_METRICS 481,384,512,1.1576,0.0076,0.0068,1.1078,0.0203,0.0150,384,512,196608,393216,177482.5000,354965.0000,0.0000,0,0.0000,0.0000,0,0.0000,0,0.0000,0.0000,0,0.0000,0.0000,0,0,0,0,0,0,0,0,0,0,0,0,0,0,0,0,0,0,0,0,0,0,0,0,0
WG_METRICS 482,384,512,1.1576,0.0076,0.0068,1.1124,0.0154,0.0155,384,512,196608,393216,176748.5312,353497.0625,0.0000,0,0.0000,0.0000,0,0.0000,0,0.0000,0.0000,0,0.0000,0.0000,0,0,0,0,0,0,0,0,0,0,0,0,0,0,0,0,0,0,0,0,0,0,0,0,0
WG_METRICS 483,384,512,1.1474,0.0076,0.0068,1.1026,0.0154,0.0152,384,512,196608,393216,178319.5469,356639.0938,0.0000,0,0.0000,0.0000,0,0.0000,0,0.0000,0.0000,0,0.0000,0.0000,0,0,0,0,0,0,0,0,0,0,0,0,0,0,0,0,0,0,0,0,0,0,0,0,0
WG_METRICS 484,384,512,1.1680,0.0077,0.0067,1.1214,0.0168,0.0154,384,512,196608,393216,175317.4375,350634.8750,0.0000,0,0.0000,0.0000,0,0.0000,0,0.0000,0.0000,0,0.0000,0.0000,0,0,0,0,0,0,0,0,0,0,0,0,0,0,0,0,0,0,0,0,0,0,0,0,0
WG_METRICS 485,384,512,1.1841,0.0075,0.0068,1.1388,0.0160,0.0150,384,512,196608,393216,172650.9531,345301.9062,0.0000,0,0.0000,0.0000,0,0.0000,0,0.0000,0.0000,0,0.0000,0.0000,0,0,0,0,0,0,0,0,0,0,0,0,0,0,0,0,0,0,0,0,0,0,0,0,0
WG_METRICS 486,384,512,1.1860,0.0076,0.0069,1.1315,0.0249,0.0151,384,512,196608,393216,173755.6562,347511.3125,0.0000,0,0.0000,0.0000,0,0.0000,0,0.0000,0.0000,0,0.0000,0.0000,0,0,0,0,0,0,0,0,0,0,0,0,0,0,0,0,0,0,0,0,0,0,0,0,0
WG_METRICS 487,384,512,1.1422,0.0075,0.0069,1.0966,0.0157,0.0156,384,512,196608,393216,179282.1719,358564.3438,0.0000,0,0.0000,0.0000,0,0.0000,0,0.0000,0.0000,0,0.0000,0.0000,0,0,0,0,0,0,0,0,0,0,0,0,0,0,0,0,0,0,0,0,0,0,0,0,0
WG_METRICS 488,384,512,1.1430,0.0076,0.0068,1.0972,0.0162,0.0152,384,512,196608,393216,179190.6562,358381.3125,0.0000,0,0.0000,0.0000,0,0.0000,0,0.0000,0.0000,0,0.0000,0.0000,0,0,0,0,0,0,0,0,0,0,0,0,0,0,0,0,0,0,0,0,0,0,0,0,0
WG_METRICS 489,384,512,1.1537,0.0075,0.0068,1.0993,0.0248,0.0153,384,512,196608,393216,178845.0938,357690.1875,0.0000,0,0.0000,0.0000,0,0.0000,0,0.0000,0.0000,0,0.0000,0.0000,0,0,0,0,0,0,0,0,0,0,0,0,0,0,0,0,0,0,0,0,0,0,0,0,0
WG_METRICS 490,384,512,1.1465,0.0076,0.0068,1.1011,0.0159,0.0151,384,512,196608,393216,178552.7500,357105.5000,0.0000,0,0.0000,0.0000,0,0.0000,0,0.0000,0.0000,0,0.0000,0.0000,0,0,0,0,0,0,0,0,0,0,0,0,0,0,0,0,0,0,0,0,0,0,0,0,0
WG_METRICS 491,384,512,1.1460,0.0079,0.0069,1.0908,0.0247,0.0156,384,512,196608,393216,180235.4219,360470.8438,0.0000,0,0.0000,0.0000,0,0.0000,0,0.0000,0.0000,0,0.0000,0.0000,0,0,0,0,0,0,0,0,0,0,0,0,0,0,0,0,0,0,0,0,0,0,0,0,0
WG_METRICS 492,384,512,1.1449,0.0076,0.0068,1.1002,0.0153,0.0150,384,512,196608,393216,178702.0469,357404.0938,0.0000,0,0.0000,0.0000,0,0.0000,0,0.0000,0.0000,0,0.0000,0.0000,0,0,0,0,0,0,0,0,0,0,0,0,0,0,0,0,0,0,0,0,0,0,0,0,0
WG_METRICS 493,384,512,1.1338,0.0099,0.0070,1.0780,0.0238,0.0152,384,512,196608,393216,182388.9531,364777.9062,0.0000,0,0.0000,0.0000,0,0.0000,0,0.0000,0.0000,0,0.0000,0.0000,0,0,0,0,0,0,0,0,0,0,0,0,0,0,0,0,0,0,0,0,0,0,0,0,0
WG_METRICS 494,384,512,1.1376,0.0075,0.0068,1.0914,0.0163,0.0156,384,512,196608,393216,180142.9375,360285.8750,0.0000,0,0.0000,0.0000,0,0.0000,0,0.0000,0.0000,0,0.0000,0.0000,0,0,0,0,0,0,0,0,0,0,0,0,0,0,0,0,0,0,0,0,0,0,0,0,0
WG_METRICS 495,384,512,1.1644,0.0076,0.0068,1.1103,0.0246,0.0150,384,512,196608,393216,177073.2812,354146.5625,0.0000,0,0.0000,0.0000,0,0.0000,0,0.0000,0.0000,0,0.0000,0.0000,0,0,0,0,0,0,0,0,0,0,0,0,0,0,0,0,0,0,0,0,0,0,0,0,0
WG_METRICS 496,384,512,1.1465,0.0076,0.0068,1.1016,0.0154,0.0151,384,512,196608,393216,178468.4688,356936.9375,0.0000,0,0.0000,0.0000,0,0.0000,0,0.0000,0.0000,0,0.0000,0.0000,0,0,0,0,0,0,0,0,0,0,0,0,0,0,0,0,0,0,0,0,0,0,0,0,0
WG_METRICS 497,384,512,1.1333,0.0079,0.0065,1.0873,0.0154,0.0162,384,512,196608,393216,180825.5469,361651.0938,0.0000,0,0.0000,0.0000,0,0.0000,0,0.0000,0.0000,0,0.0000,0.0000,0,0,0,0,0,0,0,0,0,0,0,0,0,0,0,0,0,0,0,0,0,0,0,0,0
WG_METRICS 498,384,512,1.1518,0.0077,0.0069,1.1052,0.0164,0.0156,384,512,196608,393216,177893.5781,355787.1562,0.0000,0,0.0000,0.0000,0,0.0000,0,0.0000,0.0000,0,0.0000,0.0000,0,0,0,0,0,0,0,0,0,0,0,0,0,0,0,0,0,0,0,0,0,0,0,0,0
WG_METRICS 499,384,512,1.1690,0.0076,0.0069,1.1146,0.0241,0.0160,384,512,196608,393216,176399.6562,352799.3125,0.0000,0,0.0000,0.0000,0,0.0000,0,0.0000,0.0000,0,0.0000,0.0000,0,0,0,0,0,0,0,0,0,0,0,0,0,0,0,0,0,0,0,0,0,0,0,0,0
WG_METRICS 500,384,512,1.1557,0.0078,0.0067,1.1024,0.0238,0.0151,384,512,196608,393216,178351.8906,356703.7812,0.0000,0,0.0000,0.0000,0,0.0000,0,0.0000,0.0000,0,0.0000,0.0000,0,0,0,0,0,0,0,0,0,0,0,0,0,0,0,0,0,0,0,0,0,0,0,0,0
WG_METRICS 501,384,512,1.1619,0.0076,0.0068,1.1170,0.0152,0.0154,384,512,196608,393216,176020.6250,352041.2500,0.0000,0,0.0000,0.0000,0,0.0000,0,0.0000,0.0000,0,0.0000,0.0000,0,0,0,0,0,0,0,0,0,0,0,0,0,0,0,0,0,0,0,0,0,0,0,0,0
WG_METRICS 502,384,512,1.1558,0.0077,0.0068,1.1088,0.0168,0.0158,384,512,196608,393216,177316.0156,354632.0312,0.0000,0,0.0000,0.0000,0,0.0000,0,0.0000,0.0000,0,0.0000,0.0000,0,0,0,0,0,0,0,0,0,0,0,0,0,0,0,0,0,0,0,0,0,0,0,0,0
WG_METRICS 503,384,512,1.1454,0.0076,0.0068,1.1004,0.0155,0.0151,384,512,196608,393216,178669.5781,357339.1562,0.0000,0,0.0000,0.0000,0,0.0000,0,0.0000,0.0000,0,0.0000,0.0000,0,0,0,0,0,0,0,0,0,0,0,0,0,0,0,0,0,0,0,0,0,0,0,0,0
WG_METRICS 504,384,512,1.1548,0.0076,0.0068,1.1100,0.0150,0.0154,384,512,196608,393216,177130.7188,354261.4375,0.0000,0,0.0000,0.0000,0,0.0000,0,0.0000,0.0000,0,0.0000,0.0000,0,0,0,0,0,0,0,0,0,0,0,0,0,0,0,0,0,0,0,0,0,0,0,0,0
WG_METRICS 505,384,512,1.1574,0.0078,0.0060,1.1033,0.0247,0.0156,384,512,196608,393216,178196.7188,356393.4375,0.0000,0,0.0000,0.0000,0,0.0000,0,0.0000,0.0000,0,0.0000,0.0000,0,0,0,0,0,0,0,0,0,0,0,0,0,0,0,0,0,0,0,0,0,0,0,0,0
WG_METRICS 506,384,512,1.1471,0.0076,0.0066,1.0933,0.0245,0.0152,384,512,196608,393216,179833.1719,359666.3438,0.0000,0,0.0000,0.0000,0,0.0000,0,0.0000,0.0000,0,0.0000,0.0000,0,0,0,0,0,0,0,0,0,0,0,0,0,0,0,0,0,0,0,0,0,0,0,0,0
WG_METRICS 507,384,512,1.1345,0.0076,0.0068,1.0896,0.0154,0.0150,384,512,196608,393216,180433.9062,360867.8125,0.0000,0,0.0000,0.0000,0,0.0000,0,0.0000,0.0000,0,0.0000,0.0000,0,0,0,0,0,0,0,0,0,0,0,0,0,0,0,0,0,0,0,0,0,0,0,0,0
WG_METRICS 508,384,512,1.1524,0.0100,0.0066,1.0970,0.0235,0.0152,384,512,196608,393216,179216.7969,358433.5938,0.0000,0,0.0000,0.0000,0,0.0000,0,0.0000,0.0000,0,0.0000,0.0000,0,0,0,0,0,0,0,0,0,0,0,0,0,0,0,0,0,0,0,0,0,0,0,0,0
WG_METRICS 509,384,512,1.1514,0.0076,0.0062,1.1047,0.0168,0.0161,384,512,196608,393216,177970.8906,355941.7812,0.0000,0,0.0000,0.0000,0,0.0000,0,0.0000,0.0000,0,0.0000,0.0000,0,0,0,0,0,0,0,0,0,0,0,0,0,0,0,0,0,0,0,0,0,0,0,0,0
WG_METRICS 510,384,512,1.1434,0.0077,0.0068,1.0975,0.0164,0.0151,384,512,196608,393216,179144.9375,358289.8750,0.0000,0,0.0000,0.0000,0,0.0000,0,0.0000,0.0000,0,0.0000,0.0000,0,0,0,0,0,0,0,0,0,0,0,0,0,0,0,0,0,0,0,0,0,0,0,0,0
WG_METRICS 511,384,512,1.1326,0.0074,0.0066,1.0871,0.0156,0.0159,384,512,196608,393216,180858.8125,361717.6250,0.0000,0,0.0000,0.0000,0,0.0000,0,0.0000,0.0000,0,0.0000,0.0000,0,0,0,0,0,0,0,0,0,0,0,0,0,0,0,0,0,0,0,0,0,0,0,0,0
WG_METRICS 512,384,512,1.1567,0.0076,0.0068,1.1109,0.0160,0.0154,384,512,196608,393216,176977.6406,353955.2812,0.0000,0,0.0000,0.0000,0,0.0000,0,0.0000,0.0000,0,0.0000,0.0000,0,0,0,0,0,0,0,0,0,0,0,0,0,0,0,0,0,0,0,0,0,0,0,0,0
WG_METRICS 513,384,512,1.1462,0.0076,0.0068,1.0980,0.0182,0.0156,384,512,196608,393216,179060.0938,358120.1875,0.0000,0,0.0000,0.0000,0,0.0000,0,0.0000,0.0000,0,0.0000,0.0000,0,0,0,0,0,0,0,0,0,0,0,0,0,0,0,0,0,0,0,0,0,0,0,0,0
WG_METRICS 514,384,512,1.1540,0.0077,0.0068,1.1070,0.0165,0.0160,384,512,196608,393216,177597.9062,355195.8125,0.0000,0,0.0000,0.0000,0,0.0000,0,0.0000,0.0000,0,0.0000,0.0000,0,0,0,0,0,0,0,0,0,0,0,0,0,0,0,0,0,0,0,0,0,0,0,0,0
WG_METRICS 515,384,512,1.1599,0.0077,0.0068,1.1144,0.0160,0.0150,384,512,196608,393216,176418.6562,352837.3125,0.0000,0,0.0000,0.0000,0,0.0000,0,0.0000,0.0000,0,0.0000,0.0000,0,0,0,0,0,0,0,0,0,0,0,0,0,0,0,0,0,0,0,0,0,0,0,0,0
WG_METRICS 516,384,512,1.1499,0.0076,0.0068,1.0949,0.0248,0.0157,384,512,196608,393216,179563.7969,359127.5938,0.0000,0,0.0000,0.0000,0,0.0000,0,0.0000,0.0000,0,0.0000,0.0000,0,0,0,0,0,0,0,0,0,0,0,0,0,0,0,0,0,0,0,0,0,0,0,0,0
WG_METRICS 517,384,512,1.1404,0.0076,0.0070,1.0943,0.0160,0.0155,384,512,196608,393216,179668.8281,359337.6562,0.0000,0,0.0000,0.0000,0,0.0000,0,0.0000,0.0000,0,0.0000,0.0000,0,0,0,0,0,0,0,0,0,0,0,0,0,0,0,0,0,0,0,0,0,0,0,0,0
WG_METRICS 518,384,512,1.1312,0.0076,0.0069,1.0764,0.0252,0.0152,384,512,196608,393216,182660.0781,365320.1562,0.0000,0,0.0000,0.0000,0,0.0000,0,0.0000,0.0000,0,0.0000,0.0000,0,0,0,0,0,0,0,0,0,0,0,0,0,0,0,0,0,0,0,0,0,0,0,0,0
WG_METRICS 519,384,512,1.1443,0.0076,0.0069,1.0989,0.0157,0.0153,384,512,196608,393216,178916.7031,357833.4062,0.0000,0,0.0000,0.0000,0,0.0000,0,0.0000,0.0000,0,0.0000,0.0000,0,0,0,0,0,0,0,0,0,0,0,0,0,0,0,0,0,0,0,0,0,0,0,0,0
WG_METRICS 520,384,512,1.1395,0.0076,0.0069,1.0848,0.0248,0.0154,384,512,196608,393216,181238.9375,362477.8750,0.0000,0,0.0000,0.0000,0,0.0000,0,0.0000,0.0000,0,0.0000,0.0000,0,0,0,0,0,0,0,0,0,0,0,0,0,0,0,0,0,0,0,0,0,0,0,0,0
WG_METRICS 521,384,512,1.1579,0.0076,0.0067,1.1034,0.0248,0.0155,384,512,196608,393216,178183.7969,356367.5938,0.0000,0,0.0000,0.0000,0,0.0000,0,0.0000,0.0000,0,0.0000,0.0000,0,0,0,0,0,0,0,0,0,0,0,0,0,0,0,0,0,0,0,0,0,0,0,0,0
WG_METRICS 522,384,512,1.1300,0.0077,0.0068,1.0833,0.0167,0.0154,384,512,196608,393216,181486.5312,362973.0625,0.0000,0,0.0000,0.0000,0,0.0000,0,0.0000,0.0000,0,0.0000,0.0000,0,0,0,0,0,0,0,0,0,0,0,0,0,0,0,0,0,0,0,0,0,0,0,0,0
WG_METRICS 523,384,512,1.1620,0.0076,0.0068,1.1075,0.0248,0.0152,384,512,196608,393216,177527.3438,355054.6875,0.0000,0,0.0000,0.0000,0,0.0000,0,0.0000,0.0000,0,0.0000,0.0000,0,0,0,0,0,0,0,0,0,0,0,0,0,0,0,0,0,0,0,0,0,0,0,0,0
WG_METRICS 524,384,512,1.1563,0.0075,0.0068,1.1029,0.0240,0.0151,384,512,196608,393216,178261.3281,356522.6562,0.0000,0,0.0000,0.0000,0,0.0000,0,0.0000,0.0000,0,0.0000,0.0000,0,0,0,0,0,0,0,0,0,0,0,0,0,0,0,0,0,0,0,0,0,0,0,0,0
WG_METRICS 525,384,512,1.1921,0.0076,0.0068,1.1384,0.0241,0.0152,384,512,196608,393216,172705.5625,345411.1250,0.0000,0,0.0000,0.0000,0,0.0000,0,0.0000,0.0000,0,0.0000,0.0000,0,0,0,0,0,0,0,0,0,0,0,0,0,0,0,0,0,0,0,0,0,0,0,0,0
WG_METRICS 526,384,512,1.1782,0.0076,0.0069,1.1316,0.0166,0.0156,384,512,196608,393216,173749.5156,347499.0312,0.0000,0,0.0000,0.0000,0,0.0000,0,0.0000,0.0000,0,0.0000,0.0000,0,0,0,0,0,0,0,0,0,0,0,0,0,0,0,0,0,0,0,0,0,0,0,0,0
WG_METRICS 527,384,512,1.1426,0.0076,0.0068,1.0979,0.0153,0.0151,384,512,196608,393216,179079.6875,358159.3750,0.0000,0,0.0000,0.0000,0,0.0000,0,0.0000,0.0000,0,0.0000,0.0000,0,0,0,0,0,0,0,0,0,0,0,0,0,0,0,0,0,0,0,0,0,0,0,0,0
WG_METRICS 528,384,512,1.1547,0.0075,0.0068,1.1064,0.0187,0.0152,384,512,196608,393216,177694.2344,355388.4688,0.0000,0,0.0000,0.0000,0,0.0000,0,0.0000,0.0000,0,0.0000,0.0000,0,0,0,0,0,0,0,0,0,0,0,0,0,0,0,0,0,0,0,0,0,0,0,0,0
WG_METRICS 529,384,512,1.1449,0.0076,0.0070,1.0902,0.0246,0.0156,384,512,196608,393216,180347.8438,360695.6875,0.0000,0,0.0000,0.0000,0,0.0000,0,0.0000,0.0000,0,0.0000,0.0000,0,0,0,0,0,0,0,0,0,0,0,0,0,0,0,0,0,0,0,0,0,0,0,0,0
WG_METRICS 530,384,512,1.1322,0.0075,0.0068,1.0865,0.0162,0.0152,384,512,196608,393216,180958.6875,361917.3750,0.0000,0,0.0000,0.0000,0,0.0000,0,0.0000,0.0000,0,0.0000,0.0000,0,0,0,0,0,0,0,0,0,0,0,0,0,0,0,0,0,0,0,0,0,0,0,0,0
WG_METRICS 531,384,512,1.1476,0.0076,0.0068,1.1026,0.0155,0.0152,384,512,196608,393216,178319.5469,356639.0938,0.0000,0,0.0000,0.0000,0,0.0000,0,0.0000,0.0000,0,0.0000,0.0000,0,0,0,0,0,0,0,0,0,0,0,0,0,0,0,0,0,0,0,0,0,0,0,0,0
WG_METRICS 532,384,512,1.1328,0.0076,0.0070,1.0923,0.0108,0.0152,384,512,196608,393216,179991.2188,359982.4375,0.0000,0,0.0000,0.0000,0,0.0000,0,0.0000,0.0000,0,0.0000,0.0000,0,0,0,0,0,0,0,0,0,0,0,0,0,0,0,0,0,0,0,0,0,0,0,0,0
WG_METRICS 533,384,512,1.1510,0.0076,0.0068,1.0953,0.0256,0.0157,384,512,196608,393216,179504.7812,359009.5625,0.0000,0,0.0000,0.0000,0,0.0000,0,0.0000,0.0000,0,0.0000,0.0000,0,0,0,0,0,0,0,0,0,0,0,0,0,0,0,0,0,0,0,0,0,0,0,0,0
WG_METRICS 534,384,512,1.1639,0.0076,0.0068,1.1100,0.0246,0.0150,384,512,196608,393216,177130.7188,354261.4375,0.0000,0,0.0000,0.0000,0,0.0000,0,0.0000,0.0000,0,0.0000,0.0000,0,0,0,0,0,0,0,0,0,0,0,0,0,0,0,0,0,0,0,0,0,0,0,0,0
WG_METRICS 535,384,512,1.1695,0.0077,0.0068,1.1227,0.0163,0.0160,384,512,196608,393216,175117.5781,350235.1562,0.0000,0,0.0000,0.0000,0,0.0000,0,0.0000,0.0000,0,0.0000,0.0000,0,0,0,0,0,0,0,0,0,0,0,0,0,0,0,0,0,0,0,0,0,0,0,0,0
WG_METRICS 536,384,512,1.1629,0.0076,0.0069,1.1088,0.0244,0.0152,384,512,196608,393216,177309.6250,354619.2500,0.0000,0,0.0000,0.0000,0,0.0000,0,0.0000,0.0000,0,0.0000,0.0000,0,0,0,0,0,0,0,0,0,0,0,0,0,0,0,0,0,0,0,0,0,0,0,0,0
WG_METRICS 537,384,512,1.1399,0.0076,0.0068,1.0859,0.0246,0.0150,384,512,196608,393216,181058.6719,362117.3438,0.0000,0,0.0000,0.0000,0,0.0000,0,0.0000,0.0000,0,0.0000,0.0000,0,0,0,0,0,0,0,0,0,0,0,0,0,0,0,0,0,0,0,0,0,0,0,0,0
WG_METRICS 538,384,512,1.1573,0.0075,0.0068,1.1037,0.0241,0.0152,384,512,196608,393216,178138.5938,356277.1875,0.0000,0,0.0000,0.0000,0,0.0000,0,0.0000,0.0000,0,0.0000,0.0000,0,0,0,0,0,0,0,0,0,0,0,0,0,0,0,0,0,0,0,0,0,0,0,0,0
WG_METRICS 539,384,512,1.2017,0.0076,0.0068,1.1592,0.0118,0.0162,384,512,196608,393216,169600.7656,339201.5312,0.0000,0,0.0000,0.0000,0,0.0000,0,0.0000,0.0000,0,0.0000,0.0000,0,0,0,0,0,0,0,0,0,0,0,0,0,0,0,0,0,0,0,0,0,0,0,0,0
WG_METRICS 540,384,512,1.1651,0.0076,0.0068,1.1246,0.0111,0.0150,384,512,196608,393216,174831.0469,349662.0938,0.0000,0,0.0000,0.0000,0,0.0000,0,0.0000,0.0000,0,0.0000,0.0000,0,0,0,0,0,0,0,0,0,0,0,0,0,0,0,0,0,0,0,0,0,0,0,0,0
WG_METRICS 541,384,512,1.1373,0.0077,0.0068,1.0923,0.0153,0.0152,384,512,196608,393216,179997.7969,359995.5938,0.0000,0,0.0000,0.0000,0,0.0000,0,0.0000,0.0000,0,0.0000,0.0000,0,0,0,0,0,0,0,0,0,0,0,0,0,0,0,0,0,0,0,0,0,0,0,0,0
WG_METRICS 542,384,512,1.1447,0.0076,0.0070,1.0978,0.0169,0.0155,384,512,196608,393216,179099.2656,358198.5312,0.0000,0,0.0000,0.0000,0,0.0000,0,0.0000,0.0000,0,0.0000,0.0000,0,0,0,0,0,0,0,0,0,0,0,0,0,0,0,0,0,0,0,0,0,0,0,0,0
WG_METRICS 543,384,512,1.1342,0.0076,0.0066,1.0894,0.0154,0.0153,384,512,196608,393216,180480.2812,360960.5625,0.0000,0,0.0000,0.0000,0,0.0000,0,0.0000,0.0000,0,0.0000,0.0000,0,0,0,0,0,0,0,0,0,0,0,0,0,0,0,0,0,0,0,0,0,0,0,0,0
WG_METRICS 544,384,512,1.1322,0.0075,0.0068,1.0873,0.0151,0.0154,384,512,196608,393216,180818.9062,361637.8125,0.0000,0,0.0000,0.0000,0,0.0000,0,0.0000,0.0000,0,0.0000,0.0000,0,0,0,0,0,0,0,0,0,0,0,0,0,0,0,0,0,0,0,0,0,0,0,0,0
WG_METRICS 545,384,512,1.1544,0.0094,0.0066,1.0989,0.0242,0.0152,384,512,196608,393216,178910.2031,357820.4062,0.0000,0,0.0000,0.0000,0,0.0000,0,0.0000,0.0000,0,0.0000,0.0000,0,0,0,0,0,0,0,0,0,0,0,0,0,0,0,0,0,0,0,0,0,0,0,0,0
WG_METRICS 546,384,512,1.1268,0.0076,0.0068,1.0756,0.0209,0.0158,384,512,196608,393216,182782.3438,365564.6875,0.0000,0,0.0000,0.0000,0,0.0000,0,0.0000,0.0000,0,0.0000,0.0000,0,0,0,0,0,0,0,0,0,0,0,0,0,0,0,0,0,0,0,0,0,0,0,0,0
WG_METRICS 547,384,512,1.1598,0.0076,0.0068,1.1061,0.0240,0.0153,384,512,196608,393216,177752.0469,355504.0938,0.0000,0,0.0000,0.0000,0,0.0000,0,0.0000,0.0000,0,0.0000,0.0000,0,0,0,0,0,0,0,0,0,0,0,0,0,0,0,0,0,0,0,0,0,0,0,0,0
WG_METRICS 548,384,512,1.1457,0.0076,0.0069,1.1050,0.0111,0.0152,384,512,196608,393216,177932.2344,355864.4688,0.0000,0,0.0000,0.0000,0,0.0000,0,0.0000,0.0000,0,0.0000,0.0000,0,0,0,0,0,0,0,0,0,0,0,0,0,0,0,0,0,0,0,0,0,0,0,0,0
WG_METRICS 549,384,512,1.1469,0.0075,0.0068,1.1059,0.0114,0.0154,384,512,196608,393216,177784.2031,355568.4062,0.0000,0,0.0000,0.0000,0,0.0000,0,0.0000,0.0000,0,0.0000,0.0000,0,0,0,0,0,0,0,0,0,0,0,0,0,0,0,0,0,0,0,0,0,0,0,0,0
WG_METRICS 550,384,512,1.1555,0.0093,0.0066,1.1074,0.0166,0.0156,384,512,196608,393216,177540.1875,355080.3750,0.0000,0,0.0000,0.0000,0,0.0000,0,0.0000,0.0000,0,0.0000,0.0000,0,0,0,0,0,0,0,0,0,0,0,0,0,0,0,0,0,0,0,0,0,0,0,0,0
WG_METRICS 551,384,512,1.1467,0.0076,0.0068,1.0929,0.0238,0.0156,384,512,196608,393216,179892.4062,359784.8125,0.0000,0,0.0000,0.0000,0,0.0000,0,0.0000,0.0000,0,0.0000,0.0000,0,0,0,0,0,0,0,0,0,0,0,0,0,0,0,0,0,0,0,0,0,0,0,0,0
WG_METRICS 552,384,512,1.1602,0.0098,0.0069,1.1043,0.0240,0.0152,384,512,196608,393216,178035.3438,356070.6875,0.0000,0,0.0000,0.0000,0,0.0000,0,0.0000,0.0000,0,0.0000,0.0000,0,0,0,0,0,0,0,0,0,0,0,0,0,0,0,0,0,0,0,0,0,0,0,0,0
WG_METRICS 553,384,512,1.1537,0.0079,0.0144,1.1052,0.0111,0.0151,384,512,196608,393216,177900.0312,355800.0625,0.0000,0,0.0000,0.0000,0,0.0000,0,0.0000,0.0000,0,0.0000,0.0000,0,0,0,0,0,0,0,0,0,0,0,0,0,0,0,0,0,0,0,0,0,0,0,0,0
WG_METRICS 554,384,512,1.1471,0.0076,0.0068,1.1002,0.0168,0.0157,384,512,196608,393216,178708.5469,357417.0938,0.0000,0,0.0000,0.0000,0,0.0000,0,0.0000,0.0000,0,0.0000,0.0000,0,0,0,0,0,0,0,0,0,0,0,0,0,0,0,0,0,0,0,0,0,0,0,0,0
WG_METRICS 555,384,512,1.1384,0.0076,0.0068,1.0851,0.0239,0.0150,384,512,196608,393216,181192.1719,362384.3438,0.0000,0,0.0000,0.0000,0,0.0000,0,0.0000,0.0000,0,0.0000,0.0000,0,0,0,0,0,0,0,0,0,0,0,0,0,0,0,0,0,0,0,0,0,0,0,0,0
WG_METRICS 556,384,512,1.1321,0.0076,0.0068,1.0861,0.0160,0.0155,384,512,196608,393216,181025.3438,362050.6875,0.0000,0,0.0000,0.0000,0,0.0000,0,0.0000,0.0000,0,0.0000,0.0000,0,0,0,0,0,0,0,0,0,0,0,0,0,0,0,0,0,0,0,0,0,0,0,0,0
WG_METRICS 557,384,512,1.1479,0.0076,0.0068,1.0927,0.0248,0.0160,384,512,196608,393216,179931.9219,359863.8438,0.0000,0,0.0000,0.0000,0,0.0000,0,0.0000,0.0000,0,0.0000,0.0000,0,0,0,0,0,0,0,0,0,0,0,0,0,0,0,0,0,0,0,0,0,0,0,0,0
WG_METRICS 558,384,512,1.1322,0.0076,0.0068,1.0868,0.0160,0.0150,384,512,196608,393216,180912.0625,361824.1250,0.0000,0,0.0000,0.0000,0,0.0000,0,0.0000,0.0000,0,0.0000,0.0000,0,0,0,0,0,0,0,0,0,0,0,0,0,0,0,0,0,0,0,0,0,0,0,0,0
WG_METRICS 559,384,512,1.1877,0.0078,0.0066,1.1340,0.0240,0.0153,384,512,196608,393216,173375.6719,346751.3438,0.0000,0,0.0000,0.0000,0,0.0000,0,0.0000,0.0000,0,0.0000,0.0000,0,0,0,0,0,0,0,0,0,0,0,0,0,0,0,0,0,0,0,0,0,0,0,0,0
WG_METRICS 560,384,512,1.1621,0.0076,0.0068,1.1090,0.0238,0.0150,384,512,196608,393216,177290.4219,354580.8438,0.0000,0,0.0000,0.0000,0,0.0000,0,0.0000,0.0000,0,0.0000,0.0000,0,0,0,0,0,0,0,0,0,0,0,0,0,0,0,0,0,0,0,0,0,0,0,0,0
WG_METRICS 561,384,512,1.1486,0.0077,0.0067,1.0951,0.0242,0.0150,384,512,196608,393216,179531.0156,359062.0312,0.0000,0,0.0000,0.0000,0,0.0000,0,0.0000,0.0000,0,0.0000,0.0000,0,0,0,0,0,0,0,0,0,0,0,0,0,0,0,0,0,0,0,0,0,0,0,0,0
WG_METRICS 562,384,512,1.1447,0.0076,0.0068,1.0901,0.0244,0.0158,384,512,196608,393216,180361.0781,360722.1562,0.0000,0,0.0000,0.0000,0,0.0000,0,0.0000,0.0000,0,0.0000,0.0000,0,0,0,0,0,0,0,0,0,0,0,0,0,0,0,0,0,0,0,0,0,0,0,0,0
WG_METRICS 563,384,512,1.1401,0.0076,0.0068,1.0857,0.0249,0.0150,384,512,196608,393216,181085.3750,362170.7500,0.0000,0,0.0000,0.0000,0,0.0000,0,0.0000,0.0000,0,0.0000,0.0000,0,0,0,0,0,0,0,0,0,0,0,0,0,0,0,0,0,0,0,0,0,0,0,0,0
WG_METRICS 564,384,512,1.1661,0.0083,0.0069,1.1194,0.0158,0.0156,384,512,196608,393216,175630.6719,351261.3438,0.0000,0,0.0000,0.0000,0,0.0000,0,0.0000,0.0000,0,0.0000,0.0000,0,0,0,0,0,0,0,0,0,0,0,0,0,0,0,0,0,0,0,0,0,0,0,0,0
WG_METRICS 565,384,512,1.1704,0.0080,0.0067,1.1246,0.0159,0.0152,384,512,196608,393216,174818.6094,349637.2188,0.0000,0,0.0000,0.0000,0,0.0000,0,0.0000,0.0000,0,0.0000,0.0000,0,0,0,0,0,0,0,0,0,0,0,0,0,0,0,0,0,0,0,0,0,0,0,0,0
WG_METRICS 566,384,512,1.2008,0.0079,0.0068,1.1558,0.0151,0.0152,384,512,196608,393216,170111.4375,340222.8750,0.0000,0,0.0000,0.0000,0,0.0000,0,0.0000,0.0000,0,0.0000,0.0000,0,0,0,0,0,0,0,0,0,0,0,0,0,0,0,0,0,0,0,0,0,0,0,0,0
WG_METRICS 567,384,512,1.1680,0.0079,0.0068,1.1323,0.0060,0.0151,384,512,196608,393216,173639.0312,347278.0625,0.0000,0,0.0000,0.0000,0,0.0000,0,0.0000,0.0000,0,0.0000,0.0000,0,0,0,0,0,0,0,0,0,0,0,0,0,0,0,0,0,0,0,0,0,0,0,0,0
WG_METRICS 568,384,512,1.2189,0.0078,0.0066,1.1719,0.0174,0.0152,384,512,196608,393216,167771.4375,335542.8750,0.0000,0,0.0000,0.0000,0,0.0000,0,0.0000,0.0000,0,0.0000,0.0000,0,0,0,0,0,0,0,0,0,0,0,0,0,0,0,0,0,0,0,0,0,0,0,0,0
WG_METRICS 569,384,512,1.2109,0.0079,0.0069,1.1612,0.0192,0.0157,384,512,196608,393216,169314.5000,338629.0000,0.0000,0,0.0000,0.0000,0,0.0000,0,0.0000,0.0000,0,0.0000,0.0000,0,0,0,0,0,0,0,0,0,0,0,0,0,0,0,0,0,0,0,0,0,0,0,0,0
WG_METRICS 570,384,512,1.1558,0.0078,0.0068,1.1009,0.0249,0.0154,384,512,196608,393216,178591.6719,357183.3438,0.0000,0,0.0000,0.0000,0,0.0000,0,0.0000,0.0000,0,0.0000,0.0000,0,0,0,0,0,0,0,0,0,0,0,0,0,0,0,0,0,0,0,0,0,0,0,0,0
WG_METRICS 571,384,512,1.2524,0.0077,0.0146,1.1894,0.0250,0.0156,384,512,196608,393216,165300.1562,330600.3125,0.0000,0,0.0000,0.0000,0,0.0000,0,0.0000,0.0000,0,0.0000,0.0000,0,0,0,0,0,0,0,0,0,0,0,0,0,0,0,0,0,0,0,0,0,0,0,0,0
WG_METRICS 572,384,512,1.1842,0.0076,0.0068,1.1297,0.0247,0.0154,384,512,196608,393216,174038.6562,348077.3125,0.0000,0,0.0000,0.0000,0,0.0000,0,0.0000,0.0000,0,0.0000,0.0000,0,0,0,0,0,0,0,0,0,0,0,0,0,0,0,0,0,0,0,0,0,0,0,0,0
WG_METRICS 573,384,512,1.1554,0.0076,0.0068,1.1008,0.0249,0.0152,384,512,196608,393216,178598.1719,357196.3438,0.0000,0,0.0000,0.0000,0,0.0000,0,0.0000,0.0000,0,0.0000,0.0000,0,0,0,0,0,0,0,0,0,0,0,0,0,0,0,0,0,0,0,0,0,0,0,0,0
WG_METRICS 574,384,512,1.1826,0.0076,0.0067,1.1419,0.0112,0.0152,384,512,196608,393216,172173.1875,344346.3750,0.0000,0,0.0000,0.0000,0,0.0000,0,0.0000,0.0000,0,0.0000,0.0000,0,0,0,0,0,0,0,0,0,0,0,0,0,0,0,0,0,0,0,0,0,0,0,0,0
WG_METRICS 575,384,512,1.1414,0.0076,0.0068,1.0937,0.0181,0.0152,384,512,196608,393216,179760.8281,359521.6562,0.0000,0,0.0000,0.0000,0,0.0000,0,0.0000,0.0000,0,0.0000,0.0000,0,0,0,0,0,0,0,0,0,0,0,0,0,0,0,0,0,0,0,0,0,0,0,0,0
WG_METRICS 576,384,512,1.2221,0.0077,0.0068,1.1856,0.0064,0.0156,384,512,196608,393216,165829.9531,331659.9062,0.0000,0,0.0000,0.0000,0,0.0000,0,0.0000,0.0000,0,0.0000,0.0000,0,0,0,0,0,0,0,0,0,0,0,0,0,0,0,0,0,0,0,0,0,0,0,0,0
WG_METRICS 577,384,512,1.2462,0.0084,0.0140,1.1907,0.0179,0.0153,384,512,196608,393216,165116.9062,330233.8125,0.0000,0,0.0000,0.0000,0,0.0000,0,0.0000,0.0000,0,0.0000,0.0000,0,0,0,0,0,0,0,0,0,0,0,0,0,0,0,0,0,0,0,0,0,0,0,0,0
WG_METRICS 578,384,512,1.1766,0.0079,0.0144,1.1222,0.0166,0.0154,384,512,196608,393216,175192.4844,350384.9688,0.0000,0,0.0000,0.0000,0,0.0000,0,0.0000,0.0000,0,0.0000,0.0000,0,0,0,0,0,0,0,0,0,0,0,0,0,0,0,0,0,0,0,0,0,0,0,0,0
WG_METRICS 579,384,512,1.3070,0.0078,0.0068,1.2573,0.0183,0.0168,384,512,196608,393216,156370.6875,312741.3750,0.0000,0,0.0000,0.0000,0,0.0000,0,0.0000,0.0000,0,0.0000,0.0000,0,0,0,0,0,0,0,0,0,0,0,0,0,0,0,0,0,0,0,0,0,0,0,0,0
WG_METRICS 580,384,512,1.3978,0.0079,0.0067,1.3464,0.0179,0.0188,384,512,196608,393216,146020.6250,292041.2500,0.0000,0,0.0000,0.0000,0,0.0000,0,0.0000,0.0000,0,0.0000,0.0000,0,0,0,0,0,0,0,0,0,0,0,0,0,0,0,0,0,0,0,0,0,0,0,0,0
WG_METRICS 581,384,512,1.4654,0.0081,0.0068,1.4211,0.0099,0.0195,384,512,196608,393216,138347.2188,276694.4375,0.0000,0,0.0000,0.0000,0,0.0000,0,0.0000,0.0000,0,0.0000,0.0000,0,0,0,0,0,0,0,0,0,0,0,0,0,0,0,0,0,0,0,0,0,0,0,0,0
