WG_METRICS_HEADER frame,q1_shards,q1_shard_capacity,gpu_frame_ms,reset_ms,reset_barrier_ms,compute_ms,metrics_copy_ms,render_ms,q2_shards,q2_shard_capacity,edges,vertices,edges_per_ms,vertices_per_ms,q1_deq_attempt_mean,q1_deq_attempt_max,q1_deq_attempt_imbalance,q1_deq_cas_fail_mean,q1_deq_cas_fail_max,q1_deq_probe_mean,q1_deq_probe_max,q1_deq_probe_imbalance,q1_enq_attempt_mean,q1_enq_attempt_max,q1_enq_attempt_imbalance,q1_high_water_mean,q1_high_water_max,q1_enq_ok,q1_enq_cas_fail,q1_enq_full,q1_deq_ok,q1_deq_cas_fail,q1_deq_empty,q1_ready_cas_fail,q1_ready_max_spin,q1_high_water,q2_enq_ok,q2_enq_cas_fail,q2_enq_full,q2_deq_ok,q2_deq_cas_fail,q2_deq_empty,q2_ready_cas_fail,q2_ready_max_spin,q2_high_water,node_a_seed,node_b_tasks,node_b_subdivide,node_b_final,node_c_output,stop_writes
WG_METRICS 1,512,384,2.2169,0.0132,0.0148,2.1341,0.0151,0.0397,512,384,196608,393216,92127.7578,184255.5156,0.0000,0,0.0000,0.0000,0,0.0000,0,0.0000,0.0000,0,0.0000,0.0000,0,0,0,0,0,0,0,0,0,0,0,0,0,0,0,0,0,0,0,0,0,0,0,0,0
WG_METRICS 2,512,384,2.1799,0.0097,0.0076,2.1017,0.0242,0.0367,512,384,196608,393216,93548.0156,187096.0312,0.0000,0,0.0000,0.0000,0,0.0000,0,0.0000,0.0000,0,0.0000,0.0000,0,0,0,0,0,0,0,0,0,0,0,0,0,0,0,0,0,0,0,0,0,0,0,0,0
WG_METRICS 3,512,384,2.2023,0.0092,0.0076,2.1202,0.0274,0.0378,512,384,196608,393216,92730.8750,185461.7500,0.0000,0,0.0000,0.0000,0,0.0000,0,0.0000,0.0000,0,0.0000,0.0000,0,0,0,0,0,0,0,0,0,0,0,0,0,0,0,0,0,0,0,0,0,0,0,0,0
WG_METRICS 4,512,384,2.1848,0.0092,0.0076,2.1053,0.0281,0.0346,512,384,196608,393216,93386.2812,186772.5625,0.0000,0,0.0000,0.0000,0,0.0000,0,0.0000,0.0000,0,0.0000,0.0000,0,0,0,0,0,0,0,0,0,0,0,0,0,0,0,0,0,0,0,0,0,0,0,0,0
WG_METRICS 5,512,384,1.2457,0.0083,0.0086,1.1850,0.0137,0.0302,512,384,196608,393216,165908.3281,331816.6562,0.0000,0,0.0000,0.0000,0,0.0000,0,0.0000,0.0000,0,0.0000,0.0000,0,0,0,0,0,0,0,0,0,0,0,0,0,0,0,0,0,0,0,0,0,0,0,0,0
WG_METRICS 6,512,384,1.1665,0.0080,0.0069,1.1104,0.0252,0.0161,512,384,196608,393216,177066.8906,354133.7812,0.0000,0,0.0000,0.0000,0,0.0000,0,0.0000,0.0000,0,0.0000,0.0000,0,0,0,0,0,0,0,0,0,0,0,0,0,0,0,0,0,0,0,0,0,0,0,0,0
WG_METRICS 7,512,384,1.1816,0.0074,0.0065,1.1382,0.0135,0.0160,512,384,196608,393216,172741.9688,345483.9375,0.0000,0,0.0000,0.0000,0,0.0000,0,0.0000,0.0000,0,0.0000,0.0000,0,0,0,0,0,0,0,0,0,0,0,0,0,0,0,0,0,0,0,0,0,0,0,0,0
WG_METRICS 8,512,384,2.1075,0.0086,0.0069,2.0342,0.0270,0.0307,512,384,196608,393216,96649.3594,193298.7188,0.0000,0,0.0000,0.0000,0,0.0000,0,0.0000,0.0000,0,0.0000,0.0000,0,0,0,0,0,0,0,0,0,0,0,0,0,0,0,0,0,0,0,0,0,0,0,0,0
WG_METRICS 9,512,384,2.1913,0.0087,0.0070,2.1282,0.0185,0.0288,512,384,196608,393216,92380.5547,184761.1094,0.0000,0,0.0000,0.0000,0,0.0000,0,0.0000,0.0000,0,0.0000,0.0000,0,0,0,0,0,0,0,0,0,0,0,0,0,0,0,0,0,0,0,0,0,0,0,0,0
WG_METRICS 10,512,384,1.2820,0.0082,0.0068,1.2327,0.0168,0.0175,512,384,196608,393216,159491.2031,318982.4062,0.0000,0,0.0000,0.0000,0,0.0000,0,0.0000,0.0000,0,0.0000,0.0000,0,0,0,0,0,0,0,0,0,0,0,0,0,0,0,0,0,0,0,0,0,0,0,0,0
WG_METRICS 11,512,384,1.1608,0.0074,0.0057,1.1135,0.0182,0.0160,512,384,196608,393216,176564.4062,353128.8125,0.0000,0,0.0000,0.0000,0,0.0000,0,0.0000,0.0000,0,0.0000,0.0000,0,0,0,0,0,0,0,0,0,0,0,0,0,0,0,0,0,0,0,0,0,0,0,0,0
WG_METRICS 12,512,384,1.1686,0.0075,0.0068,1.1135,0.0251,0.0157,512,384,196608,393216,176564.4062,353128.8125,0.0000,0,0.0000,0.0000,0,0.0000,0,0.0000,0.0000,0,0.0000,0.0000,0,0,0,0,0,0,0,0,0,0,0,0,0,0,0,0,0,0,0,0,0,0,0,0,0
WG_METRICS 13,512,384,1.1668,0.0074,0.0069,1.1205,0.0163,0.0156,512,384,196608,393216,175467.6719,350935.3438,0.0000,0,0.0000,0.0000,0,0.0000,0,0.0000,0.0000,0,0.0000,0.0000,0,0,0,0,0,0,0,0,0,0,0,0,0,0,0,0,0,0,0,0,0,0,0,0,0
WG_METRICS 14,512,384,1.1686,0.0075,0.0066,1.1223,0.0164,0.0158,512,384,196608,393216,175186.2344,350372.4688,0.0000,0,0.0000,0.0000,0,0.0000,0,0.0000,0.0000,0,0.0000,0.0000,0,0,0,0,0,0,0,0,0,0,0,0,0,0,0,0,0,0,0,0,0,0,0,0,0
WG_METRICS 15,512,384,1.1652,0.0075,0.0060,1.1196,0.0155,0.0165,512,384,196608,393216,175599.2969,351198.5938,0.0000,0,0.0000,0.0000,0,0.0000,0,0.0000,0.0000,0,0.0000,0.0000,0,0,0,0,0,0,0,0,0,0,0,0,0,0,0,0,0,0,0,0,0,0,0,0,0
WG_METRICS 16,512,384,1.1731,0.0076,0.0068,1.1184,0.0247,0.0157,512,384,196608,393216,175800.2656,351600.5312,0.0000,0,0.0000,0.0000,0,0.0000,0,0.0000,0.0000,0,0.0000,0.0000,0,0,0,0,0,0,0,0,0,0,0,0,0,0,0,0,0,0,0,0,0,0,0,0,0
WG_METRICS 17,512,384,1.1591,0.0076,0.0066,1.1125,0.0159,0.0164,512,384,196608,393216,176723.1250,353446.2500,0.0000,0,0.0000,0.0000,0,0.0000,0,0.0000,0.0000,0,0.0000,0.0000,0,0,0,0,0,0,0,0,0,0,0,0,0,0,0,0,0,0,0,0,0,0,0,0,0
WG_METRICS 18,512,384,1.1516,0.0075,0.0068,1.1096,0.0118,0.0158,512,384,196608,393216,177194.5625,354389.1250,0.0000,0,0.0000,0.0000,0,0.0000,0,0.0000,0.0000,0,0.0000,0.0000,0,0,0,0,0,0,0,0,0,0,0,0,0,0,0,0,0,0,0,0,0,0,0,0,0
WG_METRICS 19,512,384,1.1602,0.0075,0.0069,1.1136,0.0164,0.0158,512,384,196608,393216,176558.0781,353116.1562,0.0000,0,0.0000,0.0000,0,0.0000,0,0.0000,0.0000,0,0.0000,0.0000,0,0,0,0,0,0,0,0,0,0,0,0,0,0,0,0,0,0,0,0,0,0,0,0,0
WG_METRICS 20,512,384,1.1502,0.0076,0.0068,1.1028,0.0168,0.0162,512,384,196608,393216,178280.7344,356561.4688,0.0000,0,0.0000,0.0000,0,0.0000,0,0.0000,0.0000,0,0.0000,0.0000,0,0,0,0,0,0,0,0,0,0,0,0,0,0,0,0,0,0,0,0,0,0,0,0,0
WG_METRICS 21,512,384,1.1689,0.0076,0.0067,1.1228,0.0160,0.0158,512,384,196608,393216,175098.8438,350197.6875,0.0000,0,0.0000,0.0000,0,0.0000,0,0.0000,0.0000,0,0.0000,0.0000,0,0,0,0,0,0,0,0,0,0,0,0,0,0,0,0,0,0,0,0,0,0,0,0,0
WG_METRICS 22,512,384,1.1601,0.0074,0.0069,1.1105,0.0123,0.0231,512,384,196608,393216,177047.7656,354095.5312,0.0000,0,0.0000,0.0000,0,0.0000,0,0.0000,0.0000,0,0.0000,0.0000,0,0,0,0,0,0,0,0,0,0,0,0,0,0,0,0,0,0,0,0,0,0,0,0,0
WG_METRICS 23,512,384,1.1853,0.0076,0.0068,1.1301,0.0248,0.0160,512,384,196608,393216,173970.9062,347941.8125,0.0000,0,0.0000,0.0000,0,0.0000,0,0.0000,0.0000,0,0.0000,0.0000,0,0,0,0,0,0,0,0,0,0,0,0,0,0,0,0,0,0,0,0,0,0,0,0,0
WG_METRICS 24,512,384,1.1796,0.0075,0.0068,1.1234,0.0249,0.0170,512,384,196608,393216,175011.5781,350023.1562,0.0000,0,0.0000,0.0000,0,0.0000,0,0.0000,0.0000,0,0.0000,0.0000,0,0,0,0,0,0,0,0,0,0,0,0,0,0,0,0,0,0,0,0,0,0,0,0,0
WG_METRICS 25,512,384,1.1637,0.0075,0.0068,1.1176,0.0160,0.0158,512,384,196608,393216,175919.8281,351839.6562,0.0000,0,0.0000,0.0000,0,0.0000,0,0.0000,0.0000,0,0.0000,0.0000,0,0,0,0,0,0,0,0,0,0,0,0,0,0,0,0,0,0,0,0,0,0,0,0,0
WG_METRICS 26,512,384,1.1971,0.0074,0.0068,1.1422,0.0246,0.0161,512,384,196608,393216,172130.9688,344261.9375,0.0000,0,0.0000,0.0000,0,0.0000,0,0.0000,0.0000,0,0.0000,0.0000,0,0,0,0,0,0,0,0,0,0,0,0,0,0,0,0,0,0,0,0,0,0,0,0,0
WG_METRICS 27,512,384,1.1802,0.0074,0.0069,1.1241,0.0257,0.0161,512,384,196608,393216,174899.4844,349798.9688,0.0000,0,0.0000,0.0000,0,0.0000,0,0.0000,0.0000,0,0.0000,0.0000,0,0,0,0,0,0,0,0,0,0,0,0,0,0,0,0,0,0,0,0,0,0,0,0,0
WG_METRICS 28,512,384,1.1730,0.0075,0.0068,1.1184,0.0244,0.0159,512,384,196608,393216,175794.0000,351588.0000,0.0000,0,0.0000,0.0000,0,0.0000,0,0.0000,0.0000,0,0.0000,0.0000,0,0,0,0,0,0,0,0,0,0,0,0,0,0,0,0,0,0,0,0,0,0,0,0,0
WG_METRICS 29,512,384,1.1626,0.0075,0.0068,1.1170,0.0158,0.0156,512,384,196608,393216,176020.6250,352041.2500,0.0000,0,0.0000,0.0000,0,0.0000,0,0.0000,0.0000,0,0.0000,0.0000,0,0,0,0,0,0,0,0,0,0,0,0,0,0,0,0,0,0,0,0,0,0,0,0,0
WG_METRICS 30,512,384,1.2027,0.0076,0.0148,1.1382,0.0258,0.0164,512,384,196608,393216,172741.9688,345483.9375,0.0000,0,0.0000,0.0000,0,0.0000,0,0.0000,0.0000,0,0.0000,0.0000,0,0,0,0,0,0,0,0,0,0,0,0,0,0,0,0,0,0,0,0,0,0,0,0,0
WG_METRICS 31,512,384,1.1661,0.0075,0.0069,1.1155,0.0202,0.0160,512,384,196608,393216,176247.8438,352495.6875,0.0000,0,0.0000,0.0000,0,0.0000,0,0.0000,0.0000,0,0.0000,0.0000,0,0,0,0,0,0,0,0,0,0,0,0,0,0,0,0,0,0,0,0,0,0,0,0,0
WG_METRICS 32,512,384,1.1648,0.0075,0.0068,1.1102,0.0247,0.0156,512,384,196608,393216,177086.0312,354172.0625,0.0000,0,0.0000,0.0000,0,0.0000,0,0.0000,0.0000,0,0.0000,0.0000,0,0,0,0,0,0,0,0,0,0,0,0,0,0,0,0,0,0,0,0,0,0,0,0,0
WG_METRICS 33,512,384,1.1624,0.0075,0.0068,1.1217,0.0107,0.0156,512,384,196608,393216,175279.9375,350559.8750,0.0000,0,0.0000,0.0000,0,0.0000,0,0.0000,0.0000,0,0.0000,0.0000,0,0,0,0,0,0,0,0,0,0,0,0,0,0,0,0,0,0,0,0,0,0,0,0,0
WG_METRICS 34,512,384,1.1638,0.0075,0.0061,1.1176,0.0164,0.0162,512,384,196608,393216,175919.8281,351839.6562,0.0000,0,0.0000,0.0000,0,0.0000,0,0.0000,0.0000,0,0.0000,0.0000,0,0,0,0,0,0,0,0,0,0,0,0,0,0,0,0,0,0,0,0,0,0,0,0,0
WG_METRICS 35,512,384,1.1826,0.0075,0.0066,1.1276,0.0249,0.0160,512,384,196608,393216,174353.5156,348707.0312,0.0000,0,0.0000,0.0000,0,0.0000,0,0.0000,0.0000,0,0.0000,0.0000,0,0,0,0,0,0,0,0,0,0,0,0,0,0,0,0,0,0,0,0,0,0,0,0,0
WG_METRICS 36,512,384,1.1766,0.0076,0.0068,1.1305,0.0157,0.0159,512,384,196608,393216,173909.3594,347818.7188,0.0000,0,0.0000,0.0000,0,0.0000,0,0.0000,0.0000,0,0.0000,0.0000,0,0,0,0,0,0,0,0,0,0,0,0,0,0,0,0,0,0,0,0,0,0,0,0,0
WG_METRICS 37,512,384,1.1554,0.0081,0.0069,1.1082,0.0159,0.0162,512,384,196608,393216,177412.0312,354824.0625,0.0000,0,0.0000,0.0000,0,0.0000,0,0.0000,0.0000,0,0.0000,0.0000,0,0,0,0,0,0,0,0,0,0,0,0,0,0,0,0,0,0,0,0,0,0,0,0,0
WG_METRICS 38,512,384,1.1762,0.0074,0.0066,1.1295,0.0168,0.0158,512,384,196608,393216,174069.4844,348138.9688,0.0000,0,0.0000,0.0000,0,0.0000,0,0.0000,0.0000,0,0.0000,0.0000,0,0,0,0,0,0,0,0,0,0,0,0,0,0,0,0,0,0,0,0,0,0,0,0,0
WG_METRICS 39,512,384,1.1626,0.0075,0.0067,1.1081,0.0248,0.0156,512,384,196608,393216,177424.8281,354849.6562,0.0000,0,0.0000,0.0000,0,0.0000,0,0.0000,0.0000,0,0.0000,0.0000,0,0,0,0,0,0,0,0,0,0,0,0,0,0,0,0,0,0,0,0,0,0,0,0,0
WG_METRICS 40,512,384,1.1569,0.0075,0.0065,1.1024,0.0244,0.0160,512,384,196608,393216,178338.9531,356677.9062,0.0000,0,0.0000,0.0000,0,0.0000,0,0.0000,0.0000,0,0.0000,0.0000,0,0,0,0,0,0,0,0,0,0,0,0,0,0,0,0,0,0,0,0,0,0,0,0,0
WG_METRICS 41,512,384,1.1664,0.0074,0.0044,1.1128,0.0254,0.0164,512,384,196608,393216,176685.0000,353370.0000,0.0000,0,0.0000,0.0000,0,0.0000,0,0.0000,0.0000,0,0.0000,0.0000,0,0,0,0,0,0,0,0,0,0,0,0,0,0,0,0,0,0,0,0,0,0,0,0,0
WG_METRICS 42,512,384,1.1595,0.0075,0.0068,1.1046,0.0249,0.0156,512,384,196608,393216,177983.7812,355967.5625,0.0000,0,0.0000,0.0000,0,0.0000,0,0.0000,0.0000,0,0.0000,0.0000,0,0,0,0,0,0,0,0,0,0,0,0,0,0,0,0,0,0,0,0,0,0,0,0,0
WG_METRICS 43,512,384,1.1857,0.0073,0.0067,1.1308,0.0248,0.0161,512,384,196608,393216,173872.4531,347744.9062,0.0000,0,0.0000,0.0000,0,0.0000,0,0.0000,0.0000,0,0.0000,0.0000,0,0,0,0,0,0,0,0,0,0,0,0,0,0,0,0,0,0,0,0,0,0,0,0,0
WG_METRICS 44,512,384,1.1596,0.0075,0.0068,1.1134,0.0163,0.0156,512,384,196608,393216,176583.4375,353166.8750,0.0000,0,0.0000,0.0000,0,0.0000,0,0.0000,0.0000,0,0.0000,0.0000,0,0,0,0,0,0,0,0,0,0,0,0,0,0,0,0,0,0,0,0,0,0,0,0,0
WG_METRICS 45,512,384,1.1819,0.0074,0.0069,1.1274,0.0245,0.0158,512,384,196608,393216,174396.8281,348793.6562,0.0000,0,0.0000,0.0000,0,0.0000,0,0.0000,0.0000,0,0.0000,0.0000,0,0,0,0,0,0,0,0,0,0,0,0,0,0,0,0,0,0,0,0,0,0,0,0,0
WG_METRICS 46,512,384,1.1744,0.0075,0.0068,1.1281,0.0165,0.0155,512,384,196608,393216,174285.5156,348571.0312,0.0000,0,0.0000,0.0000,0,0.0000,0,0.0000,0.0000,0,0.0000,0.0000,0,0,0,0,0,0,0,0,0,0,0,0,0,0,0,0,0,0,0,0,0,0,0,0,0
WG_METRICS 47,512,384,1.1609,0.0075,0.0068,1.1201,0.0108,0.0157,512,384,196608,393216,175530.3125,351060.6250,0.0000,0,0.0000,0.0000,0,0.0000,0,0.0000,0.0000,0,0.0000,0.0000,0,0,0,0,0,0,0,0,0,0,0,0,0,0,0,0,0,0,0,0,0,0,0,0,0
WG_METRICS 48,512,384,1.1572,0.0076,0.0069,1.1098,0.0166,0.0163,512,384,196608,393216,177149.8594,354299.7188,0.0000,0,0.0000,0.0000,0,0.0000,0,0.0000,0.0000,0,0.0000,0.0000,0,0,0,0,0,0,0,0,0,0,0,0,0,0,0,0,0,0,0,0,0,0,0,0,0
WG_METRICS 49,512,384,1.1724,0.0074,0.0069,1.1262,0.0160,0.0158,512,384,196608,393216,174570.2500,349140.5000,0.0000,0,0.0000,0.0000,0,0.0000,0,0.0000,0.0000,0,0.0000,0.0000,0,0,0,0,0,0,0,0,0,0,0,0,0,0,0,0,0,0,0,0,0,0,0,0,0
WG_METRICS 50,512,384,1.1792,0.0076,0.0069,1.1242,0.0249,0.0156,512,384,196608,393216,174880.7969,349761.5938,0.0000,0,0.0000,0.0000,0,0.0000,0,0.0000,0.0000,0,0.0000,0.0000,0,0,0,0,0,0,0,0,0,0,0,0,0,0,0,0,0,0,0,0,0,0,0,0,0
WG_METRICS 51,512,384,1.1716,0.0074,0.0068,1.1252,0.0160,0.0161,512,384,196608,393216,174725.3906,349450.7812,0.0000,0,0.0000,0.0000,0,0.0000,0,0.0000,0.0000,0,0.0000,0.0000,0,0,0,0,0,0,0,0,0,0,0,0,0,0,0,0,0,0,0,0,0,0,0,0,0
WG_METRICS 52,512,384,1.1638,0.0075,0.0069,1.1071,0.0264,0.0160,512,384,196608,393216,177585.0781,355170.1562,0.0000,0,0.0000,0.0000,0,0.0000,0,0.0000,0.0000,0,0.0000,0.0000,0,0,0,0,0,0,0,0,0,0,0,0,0,0,0,0,0,0,0,0,0,0,0,0,0
WG_METRICS 53,512,384,1.2024,0.0076,0.0068,1.1562,0.0158,0.0160,512,384,196608,393216,170040.8281,340081.6562,0.0000,0,0.0000,0.0000,0,0.0000,0,0.0000,0.0000,0,0.0000,0.0000,0,0,0,0,0,0,0,0,0,0,0,0,0,0,0,0,0,0,0,0,0,0,0,0,0
WG_METRICS 54,512,384,1.1672,0.0075,0.0060,1.1120,0.0256,0.0162,512,384,196608,393216,176799.3906,353598.7812,0.0000,0,0.0000,0.0000,0,0.0000,0,0.0000,0.0000,0,0.0000,0.0000,0,0,0,0,0,0,0,0,0,0,0,0,0,0,0,0,0,0,0,0,0,0,0,0,0
WG_METRICS 55,512,384,1.1520,0.0074,0.0063,1.1064,0.0158,0.0160,512,384,196608,393216,177694.2344,355388.4688,0.0000,0,0.0000,0.0000,0,0.0000,0,0.0000,0.0000,0,0.0000,0.0000,0,0,0,0,0,0,0,0,0,0,0,0,0,0,0,0,0,0,0,0,0,0,0,0,0
WG_METRICS 56,512,384,1.1852,0.0076,0.0067,1.1305,0.0244,0.0160,512,384,196608,393216,173909.3594,347818.7188,0.0000,0,0.0000,0.0000,0,0.0000,0,0.0000,0.0000,0,0.0000,0.0000,0,0,0,0,0,0,0,0,0,0,0,0,0,0,0,0,0,0,0,0,0,0,0,0,0
WG_METRICS 57,512,384,1.1636,0.0075,0.0069,1.1170,0.0162,0.0160,512,384,196608,393216,176008.0156,352016.0312,0.0000,0,0.0000,0.0000,0,0.0000,0,0.0000,0.0000,0,0.0000,0.0000,0,0,0,0,0,0,0,0,0,0,0,0,0,0,0,0,0,0,0,0,0,0,0,0,0
WG_METRICS 58,512,384,1.1728,0.0075,0.0069,1.1263,0.0160,0.0161,512,384,196608,393216,174564.0625,349128.1250,0.0000,0,0.0000,0.0000,0,0.0000,0,0.0000,0.0000,0,0.0000,0.0000,0,0,0,0,0,0,0,0,0,0,0,0,0,0,0,0,0,0,0,0,0,0,0,0,0
WG_METRICS 59,512,384,1.1595,0.0074,0.0068,1.1137,0.0158,0.0158,512,384,196608,393216,176539.0469,353078.0938,0.0000,0,0.0000,0.0000,0,0.0000,0,0.0000,0.0000,0,0.0000,0.0000,0,0,0,0,0,0,0,0,0,0,0,0,0,0,0,0,0,0,0,0,0,0,0,0,0
WG_METRICS 60,512,384,1.1642,0.0075,0.0068,1.1180,0.0161,0.0157,512,384,196608,393216,175856.8750,351713.7500,0.0000,0,0.0000,0.0000,0,0.0000,0,0.0000,0.0000,0,0.0000,0.0000,0,0,0,0,0,0,0,0,0,0,0,0,0,0,0,0,0,0,0,0,0,0,0,0,0
WG_METRICS 61,512,384,1.1786,0.0074,0.0070,1.1322,0.0160,0.0160,512,384,196608,393216,173651.2969,347302.5938,0.0000,0,0.0000,0.0000,0,0.0000,0,0.0000,0.0000,0,0.0000,0.0000,0,0,0,0,0,0,0,0,0,0,0,0,0,0,0,0,0,0,0,0,0,0,0,0,0
WG_METRICS 62,512,384,1.1564,0.0075,0.0069,1.1096,0.0163,0.0160,512,384,196608,393216,177181.7812,354363.5625,0.0000,0,0.0000,0.0000,0,0.0000,0,0.0000,0.0000,0,0.0000,0.0000,0,0,0,0,0,0,0,0,0,0,0,0,0,0,0,0,0,0,0,0,0,0,0,0,0
WG_METRICS 63,512,384,1.1580,0.0075,0.0064,1.1121,0.0162,0.0157,512,384,196608,393216,176786.6719,353573.3438,0.0000,0,0.0000,0.0000,0,0.0000,0,0.0000,0.0000,0,0.0000,0.0000,0,0,0,0,0,0,0,0,0,0,0,0,0,0,0,0,0,0,0,0,0,0,0,0,0
WG_METRICS 64,512,384,1.1741,0.0075,0.0068,1.1192,0.0245,0.0160,512,384,196608,393216,175662.0469,351324.0938,0.0000,0,0.0000,0.0000,0,0.0000,0,0.0000,0.0000,0,0.0000,0.0000,0,0,0,0,0,0,0,0,0,0,0,0,0,0,0,0,0,0,0,0,0,0,0,0,0
WG_METRICS 65,512,384,1.1573,0.0076,0.0068,1.1112,0.0157,0.0160,512,384,196608,393216,176926.6719,353853.3438,0.0000,0,0.0000,0.0000,0,0.0000,0,0.0000,0.0000,0,0.0000,0.0000,0,0,0,0,0,0,0,0,0,0,0,0,0,0,0,0,0,0,0,0,0,0,0,0,0
WG_METRICS 66,512,384,1.1800,0.0076,0.0068,1.1238,0.0256,0.0162,512,384,196608,393216,174955.5156,349911.0312,0.0000,0,0.0000,0.0000,0,0.0000,0,0.0000,0.0000,0,0.0000,0.0000,0,0,0,0,0,0,0,0,0,0,0,0,0,0,0,0,0,0,0,0,0,0,0,0,0
WG_METRICS 67,512,384,1.1659,0.0075,0.0064,1.1201,0.0163,0.0156,512,384,196608,393216,175530.3125,351060.6250,0.0000,0,0.0000,0.0000,0,0.0000,0,0.0000,0.0000,0,0.0000,0.0000,0,0,0,0,0,0,0,0,0,0,0,0,0,0,0,0,0,0,0,0,0,0,0,0,0
WG_METRICS 68,512,384,1.1581,0.0075,0.0066,1.1035,0.0247,0.0158,512,384,196608,393216,178170.8750,356341.7500,0.0000,0,0.0000,0.0000,0,0.0000,0,0.0000,0.0000,0,0.0000,0.0000,0,0,0,0,0,0,0,0,0,0,0,0,0,0,0,0,0,0,0,0,0,0,0,0,0
WG_METRICS 69,512,384,1.1585,0.0075,0.0068,1.1122,0.0158,0.0162,512,384,196608,393216,176773.9531,353547.9062,0.0000,0,0.0000,0.0000,0,0.0000,0,0.0000,0.0000,0,0.0000,0.0000,0,0,0,0,0,0,0,0,0,0,0,0,0,0,0,0,0,0,0,0,0,0,0,0,0
WG_METRICS 70,512,384,1.1548,0.0075,0.0070,1.0993,0.0252,0.0158,512,384,196608,393216,178845.0938,357690.1875,0.0000,0,0.0000,0.0000,0,0.0000,0,0.0000,0.0000,0,0.0000,0.0000,0,0,0,0,0,0,0,0,0,0,0,0,0,0,0,0,0,0,0,0,0,0,0,0,0
WG_METRICS 71,512,384,1.1817,0.0075,0.0061,1.1275,0.0245,0.0161,512,384,196608,393216,174378.2500,348756.5000,0.0000,0,0.0000,0.0000,0,0.0000,0,0.0000,0.0000,0,0.0000,0.0000,0,0,0,0,0,0,0,0,0,0,0,0,0,0,0,0,0,0,0,0,0,0,0,0,0
WG_METRICS 72,512,384,1.1736,0.0076,0.0068,1.1186,0.0248,0.0157,512,384,196608,393216,175756.2812,351512.5625,0.0000,0,0.0000,0.0000,0,0.0000,0,0.0000,0.0000,0,0.0000,0.0000,0,0,0,0,0,0,0,0,0,0,0,0,0,0,0,0,0,0,0,0,0,0,0,0,0
WG_METRICS 73,512,384,1.1641,0.0075,0.0068,1.1182,0.0155,0.0162,512,384,196608,393216,175831.7188,351663.4375,0.0000,0,0.0000,0.0000,0,0.0000,0,0.0000,0.0000,0,0.0000,0.0000,0,0,0,0,0,0,0,0,0,0,0,0,0,0,0,0,0,0,0,0,0,0,0,0,0
WG_METRICS 74,512,384,1.1742,0.0075,0.0068,1.1274,0.0155,0.0170,512,384,196608,393216,174396.8281,348793.6562,0.0000,0,0.0000,0.0000,0,0.0000,0,0.0000,0.0000,0,0.0000,0.0000,0,0,0,0,0,0,0,0,0,0,0,0,0,0,0,0,0,0,0,0,0,0,0,0,0
WG_METRICS 75,512,384,1.1744,0.0075,0.0067,1.1200,0.0245,0.0156,512,384,196608,393216,175536.5781,351073.1562,0.0000,0,0.0000,0.0000,0,0.0000,0,0.0000,0.0000,0,0.0000,0.0000,0,0,0,0,0,0,0,0,0,0,0,0,0,0,0,0,0,0,0,0,0,0,0,0,0
WG_METRICS 76,512,384,1.1788,0.0075,0.0069,1.1229,0.0254,0.0162,512,384,196608,393216,175092.6250,350185.2500,0.0000,0,0.0000,0.0000,0,0.0000,0,0.0000,0.0000,0,0.0000,0.0000,0,0,0,0,0,0,0,0,0,0,0,0,0,0,0,0,0,0,0,0,0,0,0,0,0
WG_METRICS 77,512,384,1.1736,0.0075,0.0068,1.1192,0.0245,0.0156,512,384,196608,393216,175674.6094,351349.2188,0.0000,0,0.0000,0.0000,0,0.0000,0,0.0000,0.0000,0,0.0000,0.0000,0,0,0,0,0,0,0,0,0,0,0,0,0,0,0,0,0,0,0,0,0,0,0,0,0
WG_METRICS 78,512,384,1.1891,0.0075,0.0069,1.1431,0.0150,0.0166,512,384,196608,393216,171998.4531,343996.9062,0.0000,0,0.0000,0.0000,0,0.0000,0,0.0000,0.0000,0,0.0000,0.0000,0,0,0,0,0,0,0,0,0,0,0,0,0,0,0,0,0,0,0,0,0,0,0,0,0
WG_METRICS 79,512,384,1.1676,0.0076,0.0068,1.1208,0.0160,0.0164,512,384,196608,393216,175423.8281,350847.6562,0.0000,0,0.0000,0.0000,0,0.0000,0,0.0000,0.0000,0,0.0000,0.0000,0,0,0,0,0,0,0,0,0,0,0,0,0,0,0,0,0,0,0,0,0,0,0,0,0
WG_METRICS 80,512,384,1.1647,0.0075,0.0066,1.1103,0.0246,0.0157,512,384,196608,393216,177079.6562,354159.3125,0.0000,0,0.0000,0.0000,0,0.0000,0,0.0000,0.0000,0,0.0000,0.0000,0,0,0,0,0,0,0,0,0,0,0,0,0,0,0,0,0,0,0,0,0,0,0,0,0
WG_METRICS 81,512,384,1.1554,0.0075,0.0068,1.1093,0.0159,0.0158,512,384,196608,393216,177232.8906,354465.7812,0.0000,0,0.0000,0.0000,0,0.0000,0,0.0000,0.0000,0,0.0000,0.0000,0,0,0,0,0,0,0,0,0,0,0,0,0,0,0,0,0,0,0,0,0,0,0,0,0
WG_METRICS 82,512,384,1.1721,0.0075,0.0068,1.1258,0.0162,0.0158,512,384,196608,393216,174644.6875,349289.3750,0.0000,0,0.0000,0.0000,0,0.0000,0,0.0000,0.0000,0,0.0000,0.0000,0,0,0,0,0,0,0,0,0,0,0,0,0,0,0,0,0,0,0,0,0,0,0,0,0
WG_METRICS 83,512,384,1.1605,0.0075,0.0069,1.1047,0.0253,0.0162,512,384,196608,393216,177977.3438,355954.6875,0.0000,0,0.0000,0.0000,0,0.0000,0,0.0000,0.0000,0,0.0000,0.0000,0,0,0,0,0,0,0,0,0,0,0,0,0,0,0,0,0,0,0,0,0,0,0,0,0
WG_METRICS 84,512,384,1.1525,0.0075,0.0066,1.1069,0.0160,0.0155,512,384,196608,393216,177617.1719,355234.3438,0.0000,0,0.0000,0.0000,0,0.0000,0,0.0000,0.0000,0,0.0000,0.0000,0,0,0,0,0,0,0,0,0,0,0,0,0,0,0,0,0,0,0,0,0,0,0,0,0
WG_METRICS 85,512,384,1.2056,0.0075,0.0069,1.1613,0.0138,0.0161,512,384,196608,393216,169302.8281,338605.6562,0.0000,0,0.0000,0.0000,0,0.0000,0,0.0000,0.0000,0,0.0000,0.0000,0,0,0,0,0,0,0,0,0,0,0,0,0,0,0,0,0,0,0,0,0,0,0,0,0
WG_METRICS 86,512,384,1.1553,0.0076,0.0068,1.1079,0.0173,0.0158,512,384,196608,393216,177463.2656,354926.5312,0.0000,0,0.0000,0.0000,0,0.0000,0,0.0000,0.0000,0,0.0000,0.0000,0,0,0,0,0,0,0,0,0,0,0,0,0,0,0,0,0,0,0,0,0,0,0,0,0
WG_METRICS 87,512,384,1.1771,0.0101,0.0069,1.1283,0.0158,0.0160,512,384,196608,393216,174254.6094,348509.2188,0.0000,0,0.0000,0.0000,0,0.0000,0,0.0000,0.0000,0,0.0000,0.0000,0,0,0,0,0,0,0,0,0,0,0,0,0,0,0,0,0,0,0,0,0,0,0,0,0
WG_METRICS 88,512,384,1.1740,0.0076,0.0067,1.1280,0.0160,0.0158,512,384,196608,393216,174304.0625,348608.1250,0.0000,0,0.0000,0.0000,0,0.0000,0,0.0000,0.0000,0,0.0000,0.0000,0,0,0,0,0,0,0,0,0,0,0,0,0,0,0,0,0,0,0,0,0,0,0,0,0
WG_METRICS 89,512,384,1.1974,0.0076,0.0068,1.1556,0.0116,0.0158,512,384,196608,393216,170129.1094,340258.2188,0.0000,0,0.0000,0.0000,0,0.0000,0,0.0000,0.0000,0,0.0000,0.0000,0,0,0,0,0,0,0,0,0,0,0,0,0,0,0,0,0,0,0,0,0,0,0,0,0
WG_METRICS 90,512,384,1.1550,0.0076,0.0069,1.1106,0.0136,0.0164,512,384,196608,393216,177028.6406,354057.2812,0.0000,0,0.0000,0.0000,0,0.0000,0,0.0000,0.0000,0,0.0000,0.0000,0,0,0,0,0,0,0,0,0,0,0,0,0,0,0,0,0,0,0,0,0,0,0,0,0
WG_METRICS 91,512,384,1.1748,0.0074,0.0068,1.1201,0.0246,0.0158,512,384,196608,393216,175530.3125,351060.6250,0.0000,0,0.0000,0.0000,0,0.0000,0,0.0000,0.0000,0,0.0000,0.0000,0,0,0,0,0,0,0,0,0,0,0,0,0,0,0,0,0,0,0,0,0,0,0,0,0
WG_METRICS 92,512,384,1.1592,0.0075,0.0068,1.1137,0.0156,0.0155,512,384,196608,393216,176532.6875,353065.3750,0.0000,0,0.0000,0.0000,0,0.0000,0,0.0000,0.0000,0,0.0000,0.0000,0,0,0,0,0,0,0,0,0,0,0,0,0,0,0,0,0,0,0,0,0,0,0,0,0
WG_METRICS 93,512,384,1.1858,0.0076,0.0068,1.1310,0.0244,0.0160,512,384,196608,393216,173835.5312,347671.0625,0.0000,0,0.0000,0.0000,0,0.0000,0,0.0000,0.0000,0,0.0000,0.0000,0,0,0,0,0,0,0,0,0,0,0,0,0,0,0,0,0,0,0,0,0,0,0,0,0
WG_METRICS 94,512,384,1.1959,0.0076,0.0068,1.1535,0.0118,0.0162,512,384,196608,393216,170447.6875,340895.3750,0.0000,0,0.0000,0.0000,0,0.0000,0,0.0000,0.0000,0,0.0000,0.0000,0,0,0,0,0,0,0,0,0,0,0,0,0,0,0,0,0,0,0,0,0,0,0,0,0
WG_METRICS 95,512,384,1.1709,0.0076,0.0066,1.1246,0.0159,0.0162,512,384,196608,393216,174824.8125,349649.6250,0.0000,0,0.0000,0.0000,0,0.0000,0,0.0000,0.0000,0,0.0000,0.0000,0,0,0,0,0,0,0,0,0,0,0,0,0,0,0,0,0,0,0,0,0,0,0,0,0
WG_METRICS 96,512,384,1.1705,0.0074,0.0066,1.1163,0.0244,0.0157,512,384,196608,393216,176127.8594,352255.7188,0.0000,0,0.0000,0.0000,0,0.0000,0,0.0000,0.0000,0,0.0000,0.0000,0,0,0,0,0,0,0,0,0,0,0,0,0,0,0,0,0,0,0,0,0,0,0,0,0
WG_METRICS 97,512,384,1.1602,0.0074,0.0066,1.1148,0.0158,0.0156,512,384,196608,393216,176368.0000,352736.0000,0.0000,0,0.0000,0.0000,0,0.0000,0,0.0000,0.0000,0,0.0000,0.0000,0,0,0,0,0,0,0,0,0,0,0,0,0,0,0,0,0,0,0,0,0,0,0,0,0
WG_METRICS 98,512,384,1.1610,0.0076,0.0068,1.1134,0.0164,0.0169,512,384,196608,393216,176583.4375,353166.8750,0.0000,0,0.0000,0.0000,0,0.0000,0,0.0000,0.0000,0,0.0000,0.0000,0,0,0,0,0,0,0,0,0,0,0,0,0,0,0,0,0,0,0,0,0,0,0,0,0
WG_METRICS 99,512,384,1.1693,0.0075,0.0068,1.1190,0.0201,0.0159,512,384,196608,393216,175699.7344,351399.4688,0.0000,0,0.0000,0.0000,0,0.0000,0,0.0000,0.0000,0,0.0000,0.0000,0,0,0,0,0,0,0,0,0,0,0,0,0,0,0,0,0,0,0,0,0,0,0,0,0
WG_METRICS 100,512,384,1.1648,0.0074,0.0067,1.1104,0.0246,0.0157,512,384,196608,393216,177066.8906,354133.7812,0.0000,0,0.0000,0.0000,0,0.0000,0,0.0000,0.0000,0,0.0000,0.0000,0,0,0,0,0,0,0,0,0,0,0,0,0,0,0,0,0,0,0,0,0,0,0,0,0
WG_METRICS 101,512,384,1.1528,0.0076,0.0063,1.1070,0.0162,0.0158,512,384,196608,393216,177610.7500,355221.5000,0.0000,0,0.0000,0.0000,0,0.0000,0,0.0000,0.0000,0,0.0000,0.0000,0,0,0,0,0,0,0,0,0,0,0,0,0,0,0,0,0,0,0,0,0,0,0,0,0
WG_METRICS 102,512,384,1.1618,0.0076,0.0066,1.1111,0.0208,0.0158,512,384,196608,393216,176945.7812,353891.5625,0.0000,0,0.0000,0.0000,0,0.0000,0,0.0000,0.0000,0,0.0000,0.0000,0,0,0,0,0,0,0,0,0,0,0,0,0,0,0,0,0,0,0,0,0,0,0,0,0
WG_METRICS 103,512,384,1.1770,0.0075,0.0068,1.1223,0.0247,0.0156,512,384,196608,393216,175179.9688,350359.9375,0.0000,0,0.0000,0.0000,0,0.0000,0,0.0000,0.0000,0,0.0000,0.0000,0,0,0,0,0,0,0,0,0,0,0,0,0,0,0,0,0,0,0,0,0,0,0,0,0
WG_METRICS 104,512,384,1.1636,0.0075,0.0068,1.1165,0.0160,0.0168,512,384,196608,393216,176089.9844,352179.9688,0.0000,0,0.0000,0.0000,0,0.0000,0,0.0000,0.0000,0,0.0000,0.0000,0,0,0,0,0,0,0,0,0,0,0,0,0,0,0,0,0,0,0,0,0,0,0,0,0
WG_METRICS 105,512,384,1.1643,0.0075,0.0068,1.1184,0.0160,0.0156,512,384,196608,393216,175787.7031,351575.4062,0.0000,0,0.0000,0.0000,0,0.0000,0,0.0000,0.0000,0,0.0000,0.0000,0,0,0,0,0,0,0,0,0,0,0,0,0,0,0,0,0,0,0,0,0,0,0,0,0
WG_METRICS 106,512,384,1.1573,0.0076,0.0068,1.1107,0.0160,0.0162,512,384,196608,393216,177015.8906,354031.7812,0.0000,0,0.0000,0.0000,0,0.0000,0,0.0000,0.0000,0,0.0000,0.0000,0,0,0,0,0,0,0,0,0,0,0,0,0,0,0,0,0,0,0,0,0,0,0,0,0
WG_METRICS 107,512,384,1.1831,0.0075,0.0069,1.1288,0.0244,0.0155,512,384,196608,393216,174174.3438,348348.6875,0.0000,0,0.0000,0.0000,0,0.0000,0,0.0000,0.0000,0,0.0000,0.0000,0,0,0,0,0,0,0,0,0,0,0,0,0,0,0,0,0,0,0,0,0,0,0,0,0
WG_METRICS 108,512,384,1.1713,0.0075,0.0069,1.1253,0.0160,0.0156,512,384,196608,393216,174712.9844,349425.9688,0.0000,0,0.0000,0.0000,0,0.0000,0,0.0000,0.0000,0,0.0000,0.0000,0,0,0,0,0,0,0,0,0,0,0,0,0,0,0,0,0,0,0,0,0,0,0,0,0
WG_METRICS 109,512,384,1.1660,0.0074,0.0069,1.1206,0.0156,0.0155,512,384,196608,393216,175448.8750,350897.7500,0.0000,0,0.0000,0.0000,0,0.0000,0,0.0000,0.0000,0,0.0000,0.0000,0,0,0,0,0,0,0,0,0,0,0,0,0,0,0,0,0,0,0,0,0,0,0,0,0
WG_METRICS 110,512,384,1.1537,0.0075,0.0069,1.1166,0.0071,0.0156,512,384,196608,393216,176071.0781,352142.1562,0.0000,0,0.0000,0.0000,0,0.0000,0,0.0000,0.0000,0,0.0000,0.0000,0,0,0,0,0,0,0,0,0,0,0,0,0,0,0,0,0,0,0,0,0,0,0,0,0
WG_METRICS 111,512,384,1.1649,0.0075,0.0069,1.1179,0.0160,0.0166,512,384,196608,393216,175869.4688,351738.9375,0.0000,0,0.0000,0.0000,0,0.0000,0,0.0000,0.0000,0,0.0000,0.0000,0,0,0,0,0,0,0,0,0,0,0,0,0,0,0,0,0,0,0,0,0,0,0,0,0
WG_METRICS 112,512,384,1.1521,0.0079,0.0067,1.1056,0.0164,0.0155,512,384,196608,393216,177829.2344,355658.4688,0.0000,0,0.0000,0.0000,0,0.0000,0,0.0000,0.0000,0,0.0000,0.0000,0,0,0,0,0,0,0,0,0,0,0,0,0,0,0,0,0,0,0,0,0,0,0,0,0
WG_METRICS 113,512,384,1.1818,0.0075,0.0068,1.1272,0.0246,0.0157,512,384,196608,393216,174415.3906,348830.7812,0.0000,0,0.0000,0.0000,0,0.0000,0,0.0000,0.0000,0,0.0000,0.0000,0,0,0,0,0,0,0,0,0,0,0,0,0,0,0,0,0,0,0,0,0,0,0,0,0
WG_METRICS 114,512,384,1.1483,0.0075,0.0067,1.1025,0.0159,0.0157,512,384,196608,393216,178326.0156,356652.0312,0.0000,0,0.0000,0.0000,0,0.0000,0,0.0000,0.0000,0,0.0000,0.0000,0,0,0,0,0,0,0,0,0,0,0,0,0,0,0,0,0,0,0,0,0,0,0,0,0
WG_METRICS 115,512,384,1.1802,0.0075,0.0068,1.1220,0.0269,0.0170,512,384,196608,393216,175229.9531,350459.9062,0.0000,0,0.0000,0.0000,0,0.0000,0,0.0000,0.0000,0,0.0000,0.0000,0,0,0,0,0,0,0,0,0,0,0,0,0,0,0,0,0,0,0,0,0,0,0,0,0
WG_METRICS 116,512,384,1.1538,0.0075,0.0066,1.1074,0.0166,0.0157,512,384,196608,393216,177540.1875,355080.3750,0.0000,0,0.0000,0.0000,0,0.0000,0,0.0000,0.0000,0,0.0000,0.0000,0,0,0,0,0,0,0,0,0,0,0,0,0,0,0,0,0,0,0,0,0,0,0,0,0
WG_METRICS 117,512,384,1.1814,0.0075,0.0068,1.1311,0.0196,0.0164,512,384,196608,393216,173823.2500,347646.5000,0.0000,0,0.0000,0.0000,0,0.0000,0,0.0000,0.0000,0,0.0000,0.0000,0,0,0,0,0,0,0,0,0,0,0,0,0,0,0,0,0,0,0,0,0,0,0,0,0
WG_METRICS 118,512,384,1.1616,0.0076,0.0068,1.1147,0.0168,0.0158,512,384,196608,393216,176374.3438,352748.6875,0.0000,0,0.0000,0.0000,0,0.0000,0,0.0000,0.0000,0,0.0000,0.0000,0,0,0,0,0,0,0,0,0,0,0,0,0,0,0,0,0,0,0,0,0,0,0,0,0
WG_METRICS 119,512,384,1.1532,0.0075,0.0068,1.1062,0.0160,0.0166,512,384,196608,393216,177732.7812,355465.5625,0.0000,0,0.0000,0.0000,0,0.0000,0,0.0000,0.0000,0,0.0000,0.0000,0,0,0,0,0,0,0,0,0,0,0,0,0,0,0,0,0,0,0,0,0,0,0,0,0
WG_METRICS 120,512,384,1.1532,0.0075,0.0064,1.1075,0.0160,0.0159,512,384,196608,393216,177527.3438,355054.6875,0.0000,0,0.0000,0.0000,0,0.0000,0,0.0000,0.0000,0,0.0000,0.0000,0,0,0,0,0,0,0,0,0,0,0,0,0,0,0,0,0,0,0,0,0,0,0,0,0
WG_METRICS 121,512,384,1.1718,0.0075,0.0068,1.1169,0.0248,0.0158,512,384,196608,393216,176026.9375,352053.8750,0.0000,0,0.0000,0.0000,0,0.0000,0,0.0000,0.0000,0,0.0000,0.0000,0,0,0,0,0,0,0,0,0,0,0,0,0,0,0,0,0,0,0,0,0,0,0,0,0
WG_METRICS 122,512,384,1.1778,0.0075,0.0067,1.1308,0.0166,0.0162,512,384,196608,393216,173866.2812,347732.5625,0.0000,0,0.0000,0.0000,0,0.0000,0,0.0000,0.0000,0,0.0000,0.0000,0,0,0,0,0,0,0,0,0,0,0,0,0,0,0,0,0,0,0,0,0,0,0,0,0
WG_METRICS 123,512,384,1.1492,0.0075,0.0068,1.1032,0.0161,0.0156,512,384,196608,393216,178222.5625,356445.1250,0.0000,0,0.0000,0.0000,0,0.0000,0,0.0000,0.0000,0,0.0000,0.0000,0,0,0,0,0,0,0,0,0,0,0,0,0,0,0,0,0,0,0,0,0,0,0,0,0
WG_METRICS 124,512,384,1.1713,0.0075,0.0068,1.1164,0.0249,0.0157,512,384,196608,393216,176115.2344,352230.4688,0.0000,0,0.0000,0.0000,0,0.0000,0,0.0000,0.0000,0,0.0000,0.0000,0,0,0,0,0,0,0,0,0,0,0,0,0,0,0,0,0,0,0,0,0,0,0,0,0
WG_METRICS 125,512,384,1.1640,0.0074,0.0065,1.1096,0.0247,0.0157,512,384,196608,393216,177181.7812,354363.5625,0.0000,0,0.0000,0.0000,0,0.0000,0,0.0000,0.0000,0,0.0000,0.0000,0,0,0,0,0,0,0,0,0,0,0,0,0,0,0,0,0,0,0,0,0,0,0,0,0
WG_METRICS 126,512,384,1.1647,0.0074,0.0064,1.1099,0.0252,0.0157,512,384,196608,393216,177137.0938,354274.1875,0.0000,0,0.0000,0.0000,0,0.0000,0,0.0000,0.0000,0,0.0000,0.0000,0,0,0,0,0,0,0,0,0,0,0,0,0,0,0,0,0,0,0,0,0,0,0,0,0
WG_METRICS 127,512,384,1.1902,0.0074,0.0067,1.1440,0.0160,0.0162,512,384,196608,393216,171860.1250,343720.2500,0.0000,0,0.0000,0.0000,0,0.0000,0,0.0000,0.0000,0,0.0000,0.0000,0,0,0,0,0,0,0,0,0,0,0,0,0,0,0,0,0,0,0,0,0,0,0,0,0
WG_METRICS 128,512,384,1.1638,0.0076,0.0066,1.1092,0.0248,0.0155,512,384,196608,393216,177252.0781,354504.1562,0.0000,0,0.0000,0.0000,0,0.0000,0,0.0000,0.0000,0,0.0000,0.0000,0,0,0,0,0,0,0,0,0,0,0,0,0,0,0,0,0,0,0,0,0,0,0,0,0
WG_METRICS 129,512,384,1.1672,0.0075,0.0068,1.1128,0.0244,0.0158,512,384,196608,393216,176678.6406,353357.2812,0.0000,0,0.0000,0.0000,0,0.0000,0,0.0000,0.0000,0,0.0000,0.0000,0,0,0,0,0,0,0,0,0,0,0,0,0,0,0,0,0,0,0,0,0,0,0,0,0
WG_METRICS 130,512,384,1.1700,0.0083,0.0065,1.1237,0.0157,0.0158,512,384,196608,393216,174967.9688,349935.9375,0.0000,0,0.0000,0.0000,0,0.0000,0,0.0000,0.0000,0,0.0000,0.0000,0,0,0,0,0,0,0,0,0,0,0,0,0,0,0,0,0,0,0,0,0,0,0,0,0
WG_METRICS 131,512,384,1.1881,0.0075,0.0113,1.1289,0.0245,0.0158,512,384,196608,393216,174155.8438,348311.6875,0.0000,0,0.0000,0.0000,0,0.0000,0,0.0000,0.0000,0,0.0000,0.0000,0,0,0,0,0,0,0,0,0,0,0,0,0,0,0,0,0,0,0,0,0,0,0,0,0
WG_METRICS 132,512,384,1.1750,0.0074,0.0066,1.1194,0.0255,0.0162,512,384,196608,393216,175643.2344,351286.4688,0.0000,0,0.0000,0.0000,0,0.0000,0,0.0000,0.0000,0,0.0000,0.0000,0,0,0,0,0,0,0,0,0,0,0,0,0,0,0,0,0,0,0,0,0,0,0,0,0
WG_METRICS 133,512,384,1.1862,0.0075,0.0068,1.1314,0.0246,0.0158,512,384,196608,393216,173767.9375,347535.8750,0.0000,0,0.0000,0.0000,0,0.0000,0,0.0000,0.0000,0,0.0000,0.0000,0,0,0,0,0,0,0,0,0,0,0,0,0,0,0,0,0,0,0,0,0,0,0,0,0
WG_METRICS 134,512,384,1.2018,0.0075,0.0065,1.1568,0.0147,0.0162,512,384,196608,393216,169952.6406,339905.2812,0.0000,0,0.0000,0.0000,0,0.0000,0,0.0000,0.0000,0,0.0000,0.0000,0,0,0,0,0,0,0,0,0,0,0,0,0,0,0,0,0,0,0,0,0,0,0,0,0
WG_METRICS 135,512,384,1.1687,0.0075,0.0068,1.1218,0.0157,0.0168,512,384,196608,393216,175254.9375,350509.8750,0.0000,0,0.0000,0.0000,0,0.0000,0,0.0000,0.0000,0,0.0000,0.0000,0,0,0,0,0,0,0,0,0,0,0,0,0,0,0,0,0,0,0,0,0,0,0,0,0
WG_METRICS 136,512,384,1.1611,0.0074,0.0068,1.1148,0.0162,0.0158,512,384,196608,393216,176361.6875,352723.3750,0.0000,0,0.0000,0.0000,0,0.0000,0,0.0000,0.0000,0,0.0000,0.0000,0,0,0,0,0,0,0,0,0,0,0,0,0,0,0,0,0,0,0,0,0,0,0,0,0
WG_METRICS 137,512,384,1.1715,0.0075,0.0068,1.1251,0.0161,0.0160,512,384,196608,393216,174750.2344,349500.4688,0.0000,0,0.0000,0.0000,0,0.0000,0,0.0000,0.0000,0,0.0000,0.0000,0,0,0,0,0,0,0,0,0,0,0,0,0,0,0,0,0,0,0,0,0,0,0,0,0
WG_METRICS 138,512,384,1.2019,0.0076,0.0068,1.1553,0.0156,0.0166,512,384,196608,393216,170182.1250,340364.2500,0.0000,0,0.0000,0.0000,0,0.0000,0,0.0000,0.0000,0,0.0000,0.0000,0,0,0,0,0,0,0,0,0,0,0,0,0,0,0,0,0,0,0,0,0,0,0,0,0
WG_METRICS 139,512,384,1.1509,0.0075,0.0068,1.0960,0.0249,0.0158,512,384,196608,393216,179393.4062,358786.8125,0.0000,0,0.0000,0.0000,0,0.0000,0,0.0000,0.0000,0,0.0000,0.0000,0,0,0,0,0,0,0,0,0,0,0,0,0,0,0,0,0,0,0,0,0,0,0,0,0
WG_METRICS 140,512,384,1.1732,0.0074,0.0069,1.1184,0.0244,0.0161,512,384,196608,393216,175794.0000,351588.0000,0.0000,0,0.0000,0.0000,0,0.0000,0,0.0000,0.0000,0,0.0000,0.0000,0,0,0,0,0,0,0,0,0,0,0,0,0,0,0,0,0,0,0,0,0,0,0,0,0
WG_METRICS 141,512,384,1.1773,0.0075,0.0068,1.1305,0.0160,0.0165,512,384,196608,393216,173909.3594,347818.7188,0.0000,0,0.0000,0.0000,0,0.0000,0,0.0000,0.0000,0,0.0000,0.0000,0,0,0,0,0,0,0,0,0,0,0,0,0,0,0,0,0,0,0,0,0,0,0,0,0
WG_METRICS 142,512,384,1.1658,0.0074,0.0068,1.1195,0.0164,0.0158,512,384,196608,393216,175624.3906,351248.7812,0.0000,0,0.0000,0.0000,0,0.0000,0,0.0000,0.0000,0,0.0000,0.0000,0,0,0,0,0,0,0,0,0,0,0,0,0,0,0,0,0,0,0,0,0,0,0,0,0
WG_METRICS 143,512,384,1.1786,0.0075,0.0069,1.1320,0.0162,0.0160,512,384,196608,393216,173675.8438,347351.6875,0.0000,0,0.0000,0.0000,0,0.0000,0,0.0000,0.0000,0,0.0000,0.0000,0,0,0,0,0,0,0,0,0,0,0,0,0,0,0,0,0,0,0,0,0,0,0,0,0
WG_METRICS 144,512,384,1.1649,0.0075,0.0068,1.1188,0.0161,0.0157,512,384,196608,393216,175737.4219,351474.8438,0.0000,0,0.0000,0.0000,0,0.0000,0,0.0000,0.0000,0,0.0000,0.0000,0,0,0,0,0,0,0,0,0,0,0,0,0,0,0,0,0,0,0,0,0,0,0,0,0
WG_METRICS 145,512,384,1.1697,0.0075,0.0066,1.1232,0.0164,0.0160,512,384,196608,393216,175036.5000,350073.0000,0.0000,0,0.0000,0.0000,0,0.0000,0,0.0000,0.0000,0,0.0000,0.0000,0,0,0,0,0,0,0,0,0,0,0,0,0,0,0,0,0,0,0,0,0,0,0,0,0
WG_METRICS 146,512,384,1.1578,0.0075,0.0068,1.1117,0.0162,0.0156,512,384,196608,393216,176850.2969,353700.5938,0.0000,0,0.0000,0.0000,0,0.0000,0,0.0000,0.0000,0,0.0000,0.0000,0,0,0,0,0,0,0,0,0,0,0,0,0,0,0,0,0,0,0,0,0,0,0,0,0
WG_METRICS 147,512,384,1.2004,0.0075,0.0068,1.1202,0.0492,0.0167,512,384,196608,393216,175505.2500,351010.5000,0.0000,0,0.0000,0.0000,0,0.0000,0,0.0000,0.0000,0,0.0000,0.0000,0,0,0,0,0,0,0,0,0,0,0,0,0,0,0,0,0,0,0,0,0,0,0,0,0
WG_METRICS 148,512,384,1.1770,0.0076,0.0069,1.1301,0.0162,0.0162,512,384,196608,393216,173970.9062,347941.8125,0.0000,0,0.0000,0.0000,0,0.0000,0,0.0000,0.0000,0,0.0000,0.0000,0,0,0,0,0,0,0,0,0,0,0,0,0,0,0,0,0,0,0,0,0,0,0,0,0
WG_METRICS 149,512,384,1.1484,0.0075,0.0066,1.1015,0.0166,0.0162,512,384,196608,393216,178487.9219,356975.8438,0.0000,0,0.0000,0.0000,0,0.0000,0,0.0000,0.0000,0,0.0000,0.0000,0,0,0,0,0,0,0,0,0,0,0,0,0,0,0,0,0,0,0,0,0,0,0,0,0
WG_METRICS 150,512,384,1.1874,0.0075,0.0069,1.1398,0.0166,0.0166,512,384,196608,393216,172499.4688,344998.9375,0.0000,0,0.0000,0.0000,0,0.0000,0,0.0000,0.0000,0,0.0000,0.0000,0,0,0,0,0,0,0,0,0,0,0,0,0,0,0,0,0,0,0,0,0,0,0,0,0
WG_METRICS 151,512,384,1.1511,0.0076,0.0068,1.1049,0.0161,0.0158,512,384,196608,393216,177945.1250,355890.2500,0.0000,0,0.0000,0.0000,0,0.0000,0,0.0000,0.0000,0,0.0000,0.0000,0,0,0,0,0,0,0,0,0,0,0,0,0,0,0,0,0,0,0,0,0,0,0,0,0
WG_METRICS 152,512,384,1.1702,0.0099,0.0070,1.1129,0.0245,0.0159,512,384,196608,393216,176659.5938,353319.1875,0.0000,0,0.0000,0.0000,0,0.0000,0,0.0000,0.0000,0,0.0000,0.0000,0,0,0,0,0,0,0,0,0,0,0,0,0,0,0,0,0,0,0,0,0,0,0,0,0
WG_METRICS 153,512,384,1.1701,0.0075,0.0068,1.1155,0.0244,0.0158,512,384,196608,393216,176247.8438,352495.6875,0.0000,0,0.0000,0.0000,0,0.0000,0,0.0000,0.0000,0,0.0000,0.0000,0,0,0,0,0,0,0,0,0,0,0,0,0,0,0,0,0,0,0,0,0,0,0,0,0
WG_METRICS 154,512,384,1.1698,0.0076,0.0067,1.1336,0.0061,0.0158,512,384,196608,393216,173430.7188,346861.4375,0.0000,0,0.0000,0.0000,0,0.0000,0,0.0000,0.0000,0,0.0000,0.0000,0,0,0,0,0,0,0,0,0,0,0,0,0,0,0,0,0,0,0,0,0,0,0,0,0
WG_METRICS 155,512,384,1.1676,0.0070,0.0067,1.1123,0.0255,0.0161,512,384,196608,393216,176754.9062,353509.8125,0.0000,0,0.0000,0.0000,0,0.0000,0,0.0000,0.0000,0,0.0000,0.0000,0,0,0,0,0,0,0,0,0,0,0,0,0,0,0,0,0,0,0,0,0,0,0,0,0
WG_METRICS 156,512,384,1.1579,0.0074,0.0069,1.1123,0.0158,0.0154,512,384,196608,393216,176754.9062,353509.8125,0.0000,0,0.0000,0.0000,0,0.0000,0,0.0000,0.0000,0,0.0000,0.0000,0,0,0,0,0,0,0,0,0,0,0,0,0,0,0,0,0,0,0,0,0,0,0,0,0
WG_METRICS 157,512,384,1.1581,0.0076,0.0067,1.1123,0.0160,0.0156,512,384,196608,393216,176761.2500,353522.5000,0.0000,0,0.0000,0.0000,0,0.0000,0,0.0000,0.0000,0,0.0000,0.0000,0,0,0,0,0,0,0,0,0,0,0,0,0,0,0,0,0,0,0,0,0,0,0,0,0
WG_METRICS 158,512,384,1.1527,0.0076,0.0068,1.1055,0.0163,0.0164,512,384,196608,393216,177842.0938,355684.1875,0.0000,0,0.0000,0.0000,0,0.0000,0,0.0000,0.0000,0,0.0000,0.0000,0,0,0,0,0,0,0,0,0,0,0,0,0,0,0,0,0,0,0,0,0,0,0,0,0
WG_METRICS 159,512,384,1.1793,0.0078,0.0069,1.1245,0.0247,0.0155,512,384,196608,393216,174843.4844,349686.9688,0.0000,0,0.0000,0.0000,0,0.0000,0,0.0000,0.0000,0,0.0000,0.0000,0,0,0,0,0,0,0,0,0,0,0,0,0,0,0,0,0,0,0,0,0,0,0,0,0
WG_METRICS 160,512,384,1.1582,0.0075,0.0068,1.1036,0.0245,0.0158,512,384,196608,393216,178151.5000,356303.0000,0.0000,0,0.0000,0.0000,0,0.0000,0,0.0000,0.0000,0,0.0000,0.0000,0,0,0,0,0,0,0,0,0,0,0,0,0,0,0,0,0,0,0,0,0,0,0,0,0
WG_METRICS 161,512,384,1.1686,0.0075,0.0068,1.1136,0.0247,0.0158,512,384,196608,393216,176545.3906,353090.7812,0.0000,0,0.0000,0.0000,0,0.0000,0,0.0000,0.0000,0,0.0000,0.0000,0,0,0,0,0,0,0,0,0,0,0,0,0,0,0,0,0,0,0,0,0,0,0,0,0
WG_METRICS 162,512,384,1.1878,0.0074,0.0067,1.1319,0.0254,0.0164,512,384,196608,393216,173700.3906,347400.7812,0.0000,0,0.0000,0.0000,0,0.0000,0,0.0000,0.0000,0,0.0000,0.0000,0,0,0,0,0,0,0,0,0,0,0,0,0,0,0,0,0,0,0,0,0,0,0,0,0
WG_METRICS 163,512,384,1.1586,0.0075,0.0068,1.1122,0.0165,0.0156,512,384,196608,393216,176780.3281,353560.6562,0.0000,0,0.0000,0.0000,0,0.0000,0,0.0000,0.0000,0,0.0000,0.0000,0,0,0,0,0,0,0,0,0,0,0,0,0,0,0,0,0,0,0,0,0,0,0,0,0
WG_METRICS 164,512,384,1.2140,0.0075,0.0148,1.1508,0.0250,0.0159,512,384,196608,393216,170850.5625,341701.1250,0.0000,0,0.0000,0.0000,0,0.0000,0,0.0000,0.0000,0,0.0000,0.0000,0,0,0,0,0,0,0,0,0,0,0,0,0,0,0,0,0,0,0,0,0,0,0,0,0
WG_METRICS 165,512,384,1.1522,0.0076,0.0068,1.1060,0.0162,0.0157,512,384,196608,393216,177771.3438,355542.6875,0.0000,0,0.0000,0.0000,0,0.0000,0,0.0000,0.0000,0,0.0000,0.0000,0,0,0,0,0,0,0,0,0,0,0,0,0,0,0,0,0,0,0,0,0,0,0,0,0
WG_METRICS 166,512,384,1.1708,0.0074,0.0067,1.1156,0.0254,0.0156,512,384,196608,393216,176241.5156,352483.0312,0.0000,0,0.0000,0.0000,0,0.0000,0,0.0000,0.0000,0,0.0000,0.0000,0,0,0,0,0,0,0,0,0,0,0,0,0,0,0,0,0,0,0,0,0,0,0,0,0
WG_METRICS 167,512,384,1.1848,0.0075,0.0068,1.1301,0.0246,0.0158,512,384,196608,393216,173977.0625,347954.1250,0.0000,0,0.0000,0.0000,0,0.0000,0,0.0000,0.0000,0,0.0000,0.0000,0,0,0,0,0,0,0,0,0,0,0,0,0,0,0,0,0,0,0,0,0,0,0,0,0
WG_METRICS 168,512,384,1.1710,0.0076,0.0068,1.1162,0.0247,0.0157,512,384,196608,393216,176134.1562,352268.3125,0.0000,0,0.0000,0.0000,0,0.0000,0,0.0000,0.0000,0,0.0000,0.0000,0,0,0,0,0,0,0,0,0,0,0,0,0,0,0,0,0,0,0,0,0,0,0,0,0
WG_METRICS 169,512,384,1.1698,0.0075,0.0069,1.1185,0.0208,0.0161,512,384,196608,393216,175781.4219,351562.8438,0.0000,0,0.0000,0.0000,0,0.0000,0,0.0000,0.0000,0,0.0000,0.0000,0,0,0,0,0,0,0,0,0,0,0,0,0,0,0,0,0,0,0,0,0,0,0,0,0
WG_METRICS 170,512,384,1.1632,0.0075,0.0069,1.1076,0.0256,0.0157,512,384,196608,393216,177514.5312,355029.0625,0.0000,0,0.0000,0.0000,0,0.0000,0,0.0000,0.0000,0,0.0000,0.0000,0,0,0,0,0,0,0,0,0,0,0,0,0,0,0,0,0,0,0,0,0,0,0,0,0
WG_METRICS 171,512,384,1.1670,0.0075,0.0064,1.1123,0.0247,0.0160,512,384,196608,393216,176754.9062,353509.8125,0.0000,0,0.0000,0.0000,0,0.0000,0,0.0000,0.0000,0,0.0000,0.0000,0,0,0,0,0,0,0,0,0,0,0,0,0,0,0,0,0,0,0,0,0,0,0,0,0
WG_METRICS 172,512,384,1.1780,0.0076,0.0068,1.1234,0.0245,0.0157,512,384,196608,393216,175005.3438,350010.6875,0.0000,0,0.0000,0.0000,0,0.0000,0,0.0000,0.0000,0,0.0000,0.0000,0,0,0,0,0,0,0,0,0,0,0,0,0,0,0,0,0,0,0,0,0,0,0,0,0
WG_METRICS 173,512,384,1.1706,0.0075,0.0068,1.1188,0.0218,0.0156,512,384,196608,393216,175724.8594,351449.7188,0.0000,0,0.0000,0.0000,0,0.0000,0,0.0000,0.0000,0,0.0000,0.0000,0,0,0,0,0,0,0,0,0,0,0,0,0,0,0,0,0,0,0,0,0,0,0,0,0
WG_METRICS 174,512,384,1.1723,0.0075,0.0068,1.1266,0.0158,0.0157,512,384,196608,393216,174520.6719,349041.3438,0.0000,0,0.0000,0.0000,0,0.0000,0,0.0000,0.0000,0,0.0000,0.0000,0,0,0,0,0,0,0,0,0,0,0,0,0,0,0,0,0,0,0,0,0,0,0,0,0
WG_METRICS 175,512,384,1.1526,0.0073,0.0066,1.0982,0.0244,0.0161,512,384,196608,393216,179034.0156,358068.0312,0.0000,0,0.0000,0.0000,0,0.0000,0,0.0000,0.0000,0,0.0000,0.0000,0,0,0,0,0,0,0,0,0,0,0,0,0,0,0,0,0,0,0,0,0,0,0,0,0
WG_METRICS 176,512,384,1.1835,0.0074,0.0067,1.1329,0.0206,0.0159,512,384,196608,393216,173540.9375,347081.8750,0.0000,0,0.0000,0.0000,0,0.0000,0,0.0000,0.0000,0,0.0000,0.0000,0,0,0,0,0,0,0,0,0,0,0,0,0,0,0,0,0,0,0,0,0,0,0,0,0
WG_METRICS 177,512,384,1.1483,0.0076,0.0068,1.1020,0.0161,0.0158,512,384,196608,393216,178403.6719,356807.3438,0.0000,0,0.0000,0.0000,0,0.0000,0,0.0000,0.0000,0,0.0000,0.0000,0,0,0,0,0,0,0,0,0,0,0,0,0,0,0,0,0,0,0,0,0,0,0,0,0
WG_METRICS 178,512,384,1.1620,0.0076,0.0066,1.1254,0.0069,0.0155,512,384,196608,393216,174700.5625,349401.1250,0.0000,0,0.0000,0.0000,0,0.0000,0,0.0000,0.0000,0,0.0000,0.0000,0,0,0,0,0,0,0,0,0,0,0,0,0,0,0,0,0,0,0,0,0,0,0,0,0
WG_METRICS 179,512,384,1.1771,0.0076,0.0067,1.1220,0.0247,0.0161,512,384,196608,393216,175229.9531,350459.9062,0.0000,0,0.0000,0.0000,0,0.0000,0,0.0000,0.0000,0,0.0000,0.0000,0,0,0,0,0,0,0,0,0,0,0,0,0,0,0,0,0,0,0,0,0,0,0,0,0
WG_METRICS 180,512,384,1.1574,0.0075,0.0068,1.1020,0.0252,0.0159,512,384,196608,393216,178410.1562,356820.3125,0.0000,0,0.0000,0.0000,0,0.0000,0,0.0000,0.0000,0,0.0000,0.0000,0,0,0,0,0,0,0,0,0,0,0,0,0,0,0,0,0,0,0,0,0,0,0,0,0
WG_METRICS 181,512,384,1.1655,0.0074,0.0068,1.1190,0.0164,0.0158,512,384,196608,393216,175693.4531,351386.9062,0.0000,0,0.0000,0.0000,0,0.0000,0,0.0000,0.0000,0,0.0000,0.0000,0,0,0,0,0,0,0,0,0,0,0,0,0,0,0,0,0,0,0,0,0,0,0,0,0
WG_METRICS 182,512,384,1.1563,0.0074,0.0069,1.1012,0.0252,0.0156,512,384,196608,393216,178533.2812,357066.5625,0.0000,0,0.0000,0.0000,0,0.0000,0,0.0000,0.0000,0,0.0000,0.0000,0,0,0,0,0,0,0,0,0,0,0,0,0,0,0,0,0,0,0,0,0,0,0,0,0
WG_METRICS 183,512,384,1.1743,0.0080,0.0067,1.1185,0.0251,0.0160,512,384,196608,393216,175781.4219,351562.8438,0.0000,0,0.0000,0.0000,0,0.0000,0,0.0000,0.0000,0,0.0000,0.0000,0,0,0,0,0,0,0,0,0,0,0,0,0,0,0,0,0,0,0,0,0,0,0,0,0
WG_METRICS 184,512,384,1.1590,0.0073,0.0066,1.1139,0.0147,0.0164,512,384,196608,393216,176501.0156,353002.0312,0.0000,0,0.0000,0.0000,0,0.0000,0,0.0000,0.0000,0,0.0000,0.0000,0,0,0,0,0,0,0,0,0,0,0,0,0,0,0,0,0,0,0,0,0,0,0,0,0
WG_METRICS 185,512,384,1.1546,0.0075,0.0069,1.1126,0.0120,0.0156,512,384,196608,393216,176704.0469,353408.0938,0.0000,0,0.0000,0.0000,0,0.0000,0,0.0000,0.0000,0,0.0000,0.0000,0,0,0,0,0,0,0,0,0,0,0,0,0,0,0,0,0,0,0,0,0,0,0,0,0
WG_METRICS 186,512,384,1.1635,0.0090,0.0053,1.1216,0.0117,0.0159,512,384,196608,393216,175286.1875,350572.3750,0.0000,0,0.0000,0.0000,0,0.0000,0,0.0000,0.0000,0,0.0000,0.0000,0,0,0,0,0,0,0,0,0,0,0,0,0,0,0,0,0,0,0,0,0,0,0,0,0
WG_METRICS 187,512,384,1.1782,0.0075,0.0068,1.1228,0.0252,0.0159,512,384,196608,393216,175111.3281,350222.6562,0.0000,0,0.0000,0.0000,0,0.0000,0,0.0000,0.0000,0,0.0000,0.0000,0,0,0,0,0,0,0,0,0,0,0,0,0,0,0,0,0,0,0,0,0,0,0,0,0
WG_METRICS 188,512,384,1.1786,0.0075,0.0066,1.1328,0.0158,0.0158,512,384,196608,393216,173553.1875,347106.3750,0.0000,0,0.0000,0.0000,0,0.0000,0,0.0000,0.0000,0,0.0000,0.0000,0,0,0,0,0,0,0,0,0,0,0,0,0,0,0,0,0,0,0,0,0,0,0,0,0
WG_METRICS 189,512,384,1.1518,0.0075,0.0067,1.1056,0.0158,0.0161,512,384,196608,393216,177822.7969,355645.5938,0.0000,0,0.0000,0.0000,0,0.0000,0,0.0000,0.0000,0,0.0000,0.0000,0,0,0,0,0,0,0,0,0,0,0,0,0,0,0,0,0,0,0,0,0,0,0,0,0
WG_METRICS 190,512,384,1.1600,0.0076,0.0068,1.1035,0.0254,0.0167,512,384,196608,393216,178170.8750,356341.7500,0.0000,0,0.0000,0.0000,0,0.0000,0,0.0000,0.0000,0,0.0000,0.0000,0,0,0,0,0,0,0,0,0,0,0,0,0,0,0,0,0,0,0,0,0,0,0,0,0
WG_METRICS 191,512,384,1.1536,0.0075,0.0068,1.1068,0.0162,0.0162,512,384,196608,393216,177630.0000,355260.0000,0.0000,0,0.0000,0.0000,0,0.0000,0,0.0000,0.0000,0,0.0000,0.0000,0,0,0,0,0,0,0,0,0,0,0,0,0,0,0,0,0,0,0,0,0,0,0,0,0
WG_METRICS 192,512,384,1.1889,0.0075,0.0066,1.1463,0.0128,0.0156,512,384,196608,393216,171512.3125,343024.6250,0.0000,0,0.0000,0.0000,0,0.0000,0,0.0000,0.0000,0,0.0000,0.0000,0,0,0,0,0,0,0,0,0,0,0,0,0,0,0,0,0,0,0,0,0,0,0,0,0
WG_METRICS 193,512,384,1.1555,0.0075,0.0068,1.1091,0.0162,0.0159,512,384,196608,393216,177271.2656,354542.5312,0.0000,0,0.0000,0.0000,0,0.0000,0,0.0000,0.0000,0,0.0000,0.0000,0,0,0,0,0,0,0,0,0,0,0,0,0,0,0,0,0,0,0,0,0,0,0,0,0
WG_METRICS 194,512,384,1.1687,0.0074,0.0066,1.1217,0.0160,0.0169,512,384,196608,393216,175279.9375,350559.8750,0.0000,0,0.0000,0.0000,0,0.0000,0,0.0000,0.0000,0,0.0000,0.0000,0,0,0,0,0,0,0,0,0,0,0,0,0,0,0,0,0,0,0,0,0,0,0,0,0
WG_METRICS 195,512,384,1.1571,0.0075,0.0068,1.1115,0.0157,0.0156,512,384,196608,393216,176882.0938,353764.1875,0.0000,0,0.0000,0.0000,0,0.0000,0,0.0000,0.0000,0,0.0000,0.0000,0,0,0,0,0,0,0,0,0,0,0,0,0,0,0,0,0,0,0,0,0,0,0,0,0
WG_METRICS 196,512,384,1.1675,0.0076,0.0068,1.1126,0.0249,0.0156,512,384,196608,393216,176704.0469,353408.0938,0.0000,0,0.0000,0.0000,0,0.0000,0,0.0000,0.0000,0,0.0000,0.0000,0,0,0,0,0,0,0,0,0,0,0,0,0,0,0,0,0,0,0,0,0,0,0,0,0
WG_METRICS 197,512,384,1.1931,0.0076,0.0068,1.1454,0.0171,0.0162,512,384,196608,393216,171656.0781,343312.1562,0.0000,0,0.0000,0.0000,0,0.0000,0,0.0000,0.0000,0,0.0000,0.0000,0,0,0,0,0,0,0,0,0,0,0,0,0,0,0,0,0,0,0,0,0,0,0,0,0
WG_METRICS 198,512,384,1.1544,0.0076,0.0068,1.1130,0.0115,0.0156,512,384,196608,393216,176646.8906,353293.7812,0.0000,0,0.0000,0.0000,0,0.0000,0,0.0000,0.0000,0,0.0000,0.0000,0,0,0,0,0,0,0,0,0,0,0,0,0,0,0,0,0,0,0,0,0,0,0,0,0
WG_METRICS 199,512,384,1.1682,0.0075,0.0068,1.1246,0.0137,0.0155,512,384,196608,393216,174818.6094,349637.2188,0.0000,0,0.0000,0.0000,0,0.0000,0,0.0000,0.0000,0,0.0000,0.0000,0,0,0,0,0,0,0,0,0,0,0,0,0,0,0,0,0,0,0,0,0,0,0,0,0
WG_METRICS 200,512,384,1.1865,0.0075,0.0187,1.1199,0.0247,0.0157,512,384,196608,393216,175555.3906,351110.7812,0.0000,0,0.0000,0.0000,0,0.0000,0,0.0000,0.0000,0,0.0000,0.0000,0,0,0,0,0,0,0,0,0,0,0,0,0,0,0,0,0,0,0,0,0,0,0,0,0
WG_METRICS 201,512,384,1.1548,0.0075,0.0068,1.1088,0.0162,0.0156,512,384,196608,393216,177309.6250,354619.2500,0.0000,0,0.0000,0.0000,0,0.0000,0,0.0000,0.0000,0,0.0000,0.0000,0,0,0,0,0,0,0,0,0,0,0,0,0,0,0,0,0,0,0,0,0,0,0,0,0
WG_METRICS 202,512,384,1.1595,0.0075,0.0069,1.1130,0.0161,0.0160,512,384,196608,393216,176646.8906,353293.7812,0.0000,0,0.0000,0.0000,0,0.0000,0,0.0000,0.0000,0,0.0000,0.0000,0,0,0,0,0,0,0,0,0,0,0,0,0,0,0,0,0,0,0,0,0,0,0,0,0
WG_METRICS 203,512,384,1.1332,0.0075,0.0068,1.0873,0.0161,0.0156,512,384,196608,393216,180825.5469,361651.0938,0.0000,0,0.0000,0.0000,0,0.0000,0,0.0000,0.0000,0,0.0000,0.0000,0,0,0,0,0,0,0,0,0,0,0,0,0,0,0,0,0,0,0,0,0,0,0,0,0
WG_METRICS 204,512,384,1.1814,0.0074,0.0069,1.1256,0.0254,0.0160,512,384,196608,393216,174669.5156,349339.0312,0.0000,0,0.0000,0.0000,0,0.0000,0,0.0000,0.0000,0,0.0000,0.0000,0,0,0,0,0,0,0,0,0,0,0,0,0,0,0,0,0,0,0,0,0,0,0,0,0
WG_METRICS 205,512,384,1.1695,0.0075,0.0068,1.1234,0.0160,0.0159,512,384,196608,393216,175017.7969,350035.5938,0.0000,0,0.0000,0.0000,0,0.0000,0,0.0000,0.0000,0,0.0000,0.0000,0,0,0,0,0,0,0,0,0,0,0,0,0,0,0,0,0,0,0,0,0,0,0,0,0
WG_METRICS 206,512,384,1.1772,0.0074,0.0069,1.1342,0.0117,0.0169,512,384,196608,393216,173345.0938,346690.1875,0.0000,0,0.0000,0.0000,0,0.0000,0,0.0000,0.0000,0,0.0000,0.0000,0,0,0,0,0,0,0,0,0,0,0,0,0,0,0,0,0,0,0,0,0,0,0,0,0
WG_METRICS 207,512,384,1.1891,0.0075,0.0152,1.1248,0.0254,0.0162,512,384,196608,393216,174787.5156,349575.0312,0.0000,0,0.0000,0.0000,0,0.0000,0,0.0000,0.0000,0,0.0000,0.0000,0,0,0,0,0,0,0,0,0,0,0,0,0,0,0,0,0,0,0,0,0,0,0,0,0
WG_METRICS 208,512,384,1.1540,0.0080,0.0066,1.1074,0.0164,0.0156,512,384,196608,393216,177546.5938,355093.1875,0.0000,0,0.0000,0.0000,0,0.0000,0,0.0000,0.0000,0,0.0000,0.0000,0,0,0,0,0,0,0,0,0,0,0,0,0,0,0,0,0,0,0,0,0,0,0,0,0
WG_METRICS 209,512,384,1.1765,0.0075,0.0068,1.1221,0.0246,0.0155,512,384,196608,393216,175217.4531,350434.9062,0.0000,0,0.0000,0.0000,0,0.0000,0,0.0000,0.0000,0,0.0000,0.0000,0,0,0,0,0,0,0,0,0,0,0,0,0,0,0,0,0,0,0,0,0,0,0,0,0
WG_METRICS 210,512,384,1.1557,0.0076,0.0068,1.1096,0.0157,0.0161,512,384,196608,393216,177181.7812,354363.5625,0.0000,0,0.0000,0.0000,0,0.0000,0,0.0000,0.0000,0,0.0000,0.0000,0,0,0,0,0,0,0,0,0,0,0,0,0,0,0,0,0,0,0,0,0,0,0,0,0
WG_METRICS 211,512,384,1.1570,0.0076,0.0068,1.1098,0.0167,0.0162,512,384,196608,393216,177162.6250,354325.2500,0.0000,0,0.0000,0.0000,0,0.0000,0,0.0000,0.0000,0,0.0000,0.0000,0,0,0,0,0,0,0,0,0,0,0,0,0,0,0,0,0,0,0,0,0,0,0,0,0
WG_METRICS 212,512,384,1.1708,0.0076,0.0068,1.1249,0.0159,0.0156,512,384,196608,393216,174775.0938,349550.1875,0.0000,0,0.0000,0.0000,0,0.0000,0,0.0000,0.0000,0,0.0000,0.0000,0,0,0,0,0,0,0,0,0,0,0,0,0,0,0,0,0,0,0,0,0,0,0,0,0
WG_METRICS 213,512,384,1.1627,0.0076,0.0067,1.1219,0.0107,0.0159,512,384,196608,393216,175242.4375,350484.8750,0.0000,0,0.0000,0.0000,0,0.0000,0,0.0000,0.0000,0,0.0000,0.0000,0,0,0,0,0,0,0,0,0,0,0,0,0,0,0,0,0,0,0,0,0,0,0,0,0
WG_METRICS 214,512,384,1.1504,0.0076,0.0062,1.1038,0.0167,0.0160,512,384,196608,393216,178112.7656,356225.5312,0.0000,0,0.0000,0.0000,0,0.0000,0,0.0000,0.0000,0,0.0000,0.0000,0,0,0,0,0,0,0,0,0,0,0,0,0,0,0,0,0,0,0,0,0,0,0,0,0
WG_METRICS 215,512,384,1.1812,0.0074,0.0069,1.1268,0.0245,0.0156,512,384,196608,393216,174489.6875,348979.3750,0.0000,0,0.0000,0.0000,0,0.0000,0,0.0000,0.0000,0,0.0000,0.0000,0,0,0,0,0,0,0,0,0,0,0,0,0,0,0,0,0,0,0,0,0,0,0,0,0
WG_METRICS 216,512,384,1.1673,0.0075,0.0068,1.1127,0.0246,0.0158,512,384,196608,393216,176691.3438,353382.6875,0.0000,0,0.0000,0.0000,0,0.0000,0,0.0000,0.0000,0,0.0000,0.0000,0,0,0,0,0,0,0,0,0,0,0,0,0,0,0,0,0,0,0,0,0,0,0,0,0
WG_METRICS 217,512,384,1.1614,0.0076,0.0068,1.1145,0.0162,0.0164,512,384,196608,393216,176412.3125,352824.6250,0.0000,0,0.0000,0.0000,0,0.0000,0,0.0000,0.0000,0,0.0000,0.0000,0,0,0,0,0,0,0,0,0,0,0,0,0,0,0,0,0,0,0,0,0,0,0,0,0
WG_METRICS 218,512,384,1.1727,0.0076,0.0069,1.1252,0.0170,0.0160,512,384,196608,393216,174725.3906,349450.7812,0.0000,0,0.0000,0.0000,0,0.0000,0,0.0000,0.0000,0,0.0000,0.0000,0,0,0,0,0,0,0,0,0,0,0,0,0,0,0,0,0,0,0,0,0,0,0,0,0
WG_METRICS 219,512,384,1.1654,0.0074,0.0066,1.1109,0.0249,0.0156,512,384,196608,393216,176977.6406,353955.2812,0.0000,0,0.0000,0.0000,0,0.0000,0,0.0000,0.0000,0,0.0000,0.0000,0,0,0,0,0,0,0,0,0,0,0,0,0,0,0,0,0,0,0,0,0,0,0,0,0
WG_METRICS 220,512,384,1.1630,0.0075,0.0069,1.1079,0.0246,0.0161,512,384,196608,393216,177456.8438,354913.6875,0.0000,0,0.0000,0.0000,0,0.0000,0,0.0000,0.0000,0,0.0000,0.0000,0,0,0,0,0,0,0,0,0,0,0,0,0,0,0,0,0,0,0,0,0,0,0,0,0
WG_METRICS 221,512,384,1.2126,0.0076,0.0068,1.1652,0.0162,0.0168,512,384,196608,393216,168739.0625,337478.1250,0.0000,0,0.0000,0.0000,0,0.0000,0,0.0000,0.0000,0,0.0000,0.0000,0,0,0,0,0,0,0,0,0,0,0,0,0,0,0,0,0,0,0,0,0,0,0,0,0
WG_METRICS 222,512,384,1.1812,0.0076,0.0067,1.1342,0.0171,0.0155,512,384,196608,393216,173338.9688,346677.9375,0.0000,0,0.0000,0.0000,0,0.0000,0,0.0000,0.0000,0,0.0000,0.0000,0,0,0,0,0,0,0,0,0,0,0,0,0,0,0,0,0,0,0,0,0,0,0,0,0
WG_METRICS 223,512,384,1.1514,0.0074,0.0066,1.0998,0.0214,0.0162,512,384,196608,393216,178773.5469,357547.0938,0.0000,0,0.0000,0.0000,0,0.0000,0,0.0000,0.0000,0,0.0000,0.0000,0,0,0,0,0,0,0,0,0,0,0,0,0,0,0,0,0,0,0,0,0,0,0,0,0
WG_METRICS 224,512,384,1.1488,0.0075,0.0068,1.1030,0.0159,0.0156,512,384,196608,393216,178248.4062,356496.8125,0.0000,0,0.0000,0.0000,0,0.0000,0,0.0000,0.0000,0,0.0000,0.0000,0,0,0,0,0,0,0,0,0,0,0,0,0,0,0,0,0,0,0,0,0,0,0,0,0
WG_METRICS 225,512,384,1.1583,0.0075,0.0069,1.1122,0.0158,0.0159,512,384,196608,393216,176767.6094,353535.2188,0.0000,0,0.0000,0.0000,0,0.0000,0,0.0000,0.0000,0,0.0000,0.0000,0,0,0,0,0,0,0,0,0,0,0,0,0,0,0,0,0,0,0,0,0,0,0,0,0
WG_METRICS 226,512,384,1.1462,0.0076,0.0068,1.1027,0.0124,0.0167,512,384,196608,393216,178293.6719,356587.3438,0.0000,0,0.0000,0.0000,0,0.0000,0,0.0000,0.0000,0,0.0000,0.0000,0,0,0,0,0,0,0,0,0,0,0,0,0,0,0,0,0,0,0,0,0,0,0,0,0
WG_METRICS 227,512,384,1.1538,0.0076,0.0068,1.1073,0.0161,0.0161,512,384,196608,393216,177553.0156,355106.0312,0.0000,0,0.0000,0.0000,0,0.0000,0,0.0000,0.0000,0,0.0000,0.0000,0,0,0,0,0,0,0,0,0,0,0,0,0,0,0,0,0,0,0,0,0,0,0,0,0
WG_METRICS 228,512,384,1.1602,0.0098,0.0056,1.1041,0.0244,0.0163,512,384,196608,393216,178074.0625,356148.1250,0.0000,0,0.0000,0.0000,0,0.0000,0,0.0000,0.0000,0,0.0000,0.0000,0,0,0,0,0,0,0,0,0,0,0,0,0,0,0,0,0,0,0,0,0,0,0,0,0
WG_METRICS 229,512,384,1.1706,0.0075,0.0068,1.1242,0.0162,0.0160,512,384,196608,393216,174893.2500,349786.5000,0.0000,0,0.0000,0.0000,0,0.0000,0,0.0000,0.0000,0,0.0000,0.0000,0,0,0,0,0,0,0,0,0,0,0,0,0,0,0,0,0,0,0,0,0,0,0,0,0
WG_METRICS 230,512,384,1.1598,0.0075,0.0068,1.1048,0.0252,0.0155,512,384,196608,393216,177964.4375,355928.8750,0.0000,0,0.0000,0.0000,0,0.0000,0,0.0000,0.0000,0,0.0000,0.0000,0,0,0,0,0,0,0,0,0,0,0,0,0,0,0,0,0,0,0,0,0,0,0,0,0
WG_METRICS 231,512,384,1.1947,0.0074,0.0365,1.1088,0.0261,0.0158,512,384,196608,393216,177316.0156,354632.0312,0.0000,0,0.0000,0.0000,0,0.0000,0,0.0000,0.0000,0,0.0000,0.0000,0,0,0,0,0,0,0,0,0,0,0,0,0,0,0,0,0,0,0,0,0,0,0,0,0
WG_METRICS 232,512,384,1.1880,0.0076,0.0067,1.1320,0.0253,0.0165,512,384,196608,393216,173688.1094,347376.2188,0.0000,0,0.0000,0.0000,0,0.0000,0,0.0000,0.0000,0,0.0000,0.0000,0,0,0,0,0,0,0,0,0,0,0,0,0,0,0,0,0,0,0,0,0,0,0,0,0
WG_METRICS 233,512,384,1.1663,0.0075,0.0066,1.1114,0.0248,0.0160,512,384,196608,393216,176901.2031,353802.4062,0.0000,0,0.0000,0.0000,0,0.0000,0,0.0000,0.0000,0,0.0000,0.0000,0,0,0,0,0,0,0,0,0,0,0,0,0,0,0,0,0,0,0,0,0,0,0,0,0
WG_METRICS 234,512,384,1.1830,0.0076,0.0068,1.1276,0.0246,0.0164,512,384,196608,393216,174353.5156,348707.0312,0.0000,0,0.0000,0.0000,0,0.0000,0,0.0000,0.0000,0,0.0000,0.0000,0,0,0,0,0,0,0,0,0,0,0,0,0,0,0,0,0,0,0,0,0,0,0,0,0
WG_METRICS 235,512,384,1.1558,0.0075,0.0068,1.1099,0.0158,0.0158,512,384,196608,393216,177137.0938,354274.1875,0.0000,0,0.0000,0.0000,0,0.0000,0,0.0000,0.0000,0,0.0000,0.0000,0,0,0,0,0,0,0,0,0,0,0,0,0,0,0,0,0,0,0,0,0,0,0,0,0
WG_METRICS 236,512,384,1.2070,0.0075,0.0069,1.1516,0.0247,0.0162,512,384,196608,393216,170725.9531,341451.9062,0.0000,0,0.0000,0.0000,0,0.0000,0,0.0000,0.0000,0,0.0000,0.0000,0,0,0,0,0,0,0,0,0,0,0,0,0,0,0,0,0,0,0,0,0,0,0,0,0
WG_METRICS 237,512,384,1.1693,0.0075,0.0068,1.1150,0.0244,0.0156,512,384,196608,393216,176336.3750,352672.7500,0.0000,0,0.0000,0.0000,0,0.0000,0,0.0000,0.0000,0,0.0000,0.0000,0,0,0,0,0,0,0,0,0,0,0,0,0,0,0,0,0,0,0,0,0,0,0,0,0
WG_METRICS 238,512,384,1.1658,0.0076,0.0068,1.1108,0.0246,0.0160,512,384,196608,393216,176990.3906,353980.7812,0.0000,0,0.0000,0.0000,0,0.0000,0,0.0000,0.0000,0,0.0000,0.0000,0,0,0,0,0,0,0,0,0,0,0,0,0,0,0,0,0,0,0,0,0,0,0,0,0
WG_METRICS 239,512,384,1.1559,0.0075,0.0068,1.1018,0.0241,0.0156,512,384,196608,393216,178449.0156,356898.0312,0.0000,0,0.0000,0.0000,0,0.0000,0,0.0000,0.0000,0,0.0000,0.0000,0,0,0,0,0,0,0,0,0,0,0,0,0,0,0,0,0,0,0,0,0,0,0,0,0
WG_METRICS 240,512,384,1.1516,0.0075,0.0068,1.1046,0.0163,0.0164,512,384,196608,393216,177996.6719,355993.3438,0.0000,0,0.0000,0.0000,0,0.0000,0,0.0000,0.0000,0,0.0000,0.0000,0,0,0,0,0,0,0,0,0,0,0,0,0,0,0,0,0,0,0,0,0,0,0,0,0
WG_METRICS 241,512,384,1.1772,0.0075,0.0066,1.1230,0.0244,0.0156,512,384,196608,393216,175073.9062,350147.8125,0.0000,0,0.0000,0.0000,0,0.0000,0,0.0000,0.0000,0,0.0000,0.0000,0,0,0,0,0,0,0,0,0,0,0,0,0,0,0,0,0,0,0,0,0,0,0,0,0
WG_METRICS 242,512,384,1.1684,0.0075,0.0068,1.1139,0.0245,0.0157,512,384,196608,393216,176507.3438,353014.6875,0.0000,0,0.0000,0.0000,0,0.0000,0,0.0000,0.0000,0,0.0000,0.0000,0,0,0,0,0,0,0,0,0,0,0,0,0,0,0,0,0,0,0,0,0,0,0,0,0
WG_METRICS 243,512,384,1.1575,0.0076,0.0069,1.1112,0.0156,0.0162,512,384,196608,393216,176926.6719,353853.3438,0.0000,0,0.0000,0.0000,0,0.0000,0,0.0000,0.0000,0,0.0000,0.0000,0,0,0,0,0,0,0,0,0,0,0,0,0,0,0,0,0,0,0,0,0,0,0,0,0
WG_METRICS 244,512,384,1.1719,0.0074,0.0068,1.1252,0.0158,0.0165,512,384,196608,393216,174725.3906,349450.7812,0.0000,0,0.0000,0.0000,0,0.0000,0,0.0000,0.0000,0,0.0000,0.0000,0,0,0,0,0,0,0,0,0,0,0,0,0,0,0,0,0,0,0,0,0,0,0,0,0
WG_METRICS 245,512,384,1.1750,0.0075,0.0068,1.1208,0.0245,0.0155,512,384,196608,393216,175417.5625,350835.1250,0.0000,0,0.0000,0.0000,0,0.0000,0,0.0000,0.0000,0,0.0000,0.0000,0,0,0,0,0,0,0,0,0,0,0,0,0,0,0,0,0,0,0,0,0,0,0,0,0
WG_METRICS 246,512,384,1.1469,0.0076,0.0068,1.1046,0.0121,0.0158,512,384,196608,393216,177983.7812,355967.5625,0.0000,0,0.0000,0.0000,0,0.0000,0,0.0000,0.0000,0,0.0000,0.0000,0,0,0,0,0,0,0,0,0,0,0,0,0,0,0,0,0,0,0,0,0,0,0,0,0
WG_METRICS 247,512,384,1.1449,0.0076,0.0068,1.0977,0.0164,0.0164,512,384,196608,393216,179112.3125,358224.6250,0.0000,0,0.0000,0.0000,0,0.0000,0,0.0000,0.0000,0,0.0000,0.0000,0,0,0,0,0,0,0,0,0,0,0,0,0,0,0,0,0,0,0,0,0,0,0,0,0
WG_METRICS 248,512,384,1.1721,0.0076,0.0068,1.1261,0.0161,0.0155,512,384,196608,393216,174595.0469,349190.0938,0.0000,0,0.0000,0.0000,0,0.0000,0,0.0000,0.0000,0,0.0000,0.0000,0,0,0,0,0,0,0,0,0,0,0,0,0,0,0,0,0,0,0,0,0,0,0,0,0
WG_METRICS 249,512,384,1.1707,0.0075,0.0069,1.1165,0.0244,0.0155,512,384,196608,393216,176096.2969,352192.5938,0.0000,0,0.0000,0.0000,0,0.0000,0,0.0000,0.0000,0,0.0000,0.0000,0,0,0,0,0,0,0,0,0,0,0,0,0,0,0,0,0,0,0,0,0,0,0,0,0
WG_METRICS 250,512,384,1.1634,0.0075,0.0068,1.1085,0.0244,0.0162,512,384,196608,393216,177360.7969,354721.5938,0.0000,0,0.0000,0.0000,0,0.0000,0,0.0000,0.0000,0,0.0000,0.0000,0,0,0,0,0,0,0,0,0,0,0,0,0,0,0,0,0,0,0,0,0,0,0,0,0
WG_METRICS 251,512,384,1.1734,0.0075,0.0066,1.1184,0.0244,0.0164,512,384,196608,393216,175794.0000,351588.0000,0.0000,0,0.0000,0.0000,0,0.0000,0,0.0000,0.0000,0,0.0000,0.0000,0,0,0,0,0,0,0,0,0,0,0,0,0,0,0,0,0,0,0,0,0,0,0,0,0
WG_METRICS 252,512,384,1.2012,0.0075,0.0062,1.1563,0.0144,0.0167,512,384,196608,393216,170034.9375,340069.8750,0.0000,0,0.0000,0.0000,0,0.0000,0,0.0000,0.0000,0,0.0000,0.0000,0,0,0,0,0,0,0,0,0,0,0,0,0,0,0,0,0,0,0,0,0,0,0,0,0
WG_METRICS 253,512,384,1.1620,0.0076,0.0068,1.1077,0.0244,0.0156,512,384,196608,393216,177495.3125,354990.6250,0.0000,0,0.0000,0.0000,0,0.0000,0,0.0000,0.0000,0,0.0000,0.0000,0,0,0,0,0,0,0,0,0,0,0,0,0,0,0,0,0,0,0,0,0,0,0,0,0
WG_METRICS 254,512,384,1.1582,0.0076,0.0066,1.1029,0.0256,0.0156,512,384,196608,393216,178267.8125,356535.6250,0.0000,0,0.0000,0.0000,0,0.0000,0,0.0000,0.0000,0,0.0000,0.0000,0,0,0,0,0,0,0,0,0,0,0,0,0,0,0,0,0,0,0,0,0,0,0,0,0
WG_METRICS 255,512,384,1.1744,0.0074,0.0066,1.1203,0.0244,0.0157,512,384,196608,393216,175498.9844,350997.9688,0.0000,0,0.0000,0.0000,0,0.0000,0,0.0000,0.0000,0,0.0000,0.0000,0,0,0,0,0,0,0,0,0,0,0,0,0,0,0,0,0,0,0,0,0,0,0,0,0
WG_METRICS 256,512,384,1.1748,0.0075,0.0068,1.1192,0.0248,0.0165,512,384,196608,393216,175668.3281,351336.6562,0.0000,0,0.0000,0.0000,0,0.0000,0,0.0000,0.0000,0,0.0000,0.0000,0,0,0,0,0,0,0,0,0,0,0,0,0,0,0,0,0,0,0,0,0,0,0,0,0
WG_METRICS 257,512,384,1.1764,0.0075,0.0066,1.1293,0.0170,0.0159,512,384,196608,393216,174094.1406,348188.2812,0.0000,0,0.0000,0.0000,0,0.0000,0,0.0000,0.0000,0,0.0000,0.0000,0,0,0,0,0,0,0,0,0,0,0,0,0,0,0,0,0,0,0,0,0,0,0,0,0
WG_METRICS 258,512,384,1.1620,0.0076,0.0068,1.1076,0.0246,0.0156,512,384,196608,393216,177514.5312,355029.0625,0.0000,0,0.0000,0.0000,0,0.0000,0,0.0000,0.0000,0,0.0000,0.0000,0,0,0,0,0,0,0,0,0,0,0,0,0,0,0,0,0,0,0,0,0,0,0,0,0
WG_METRICS 259,512,384,1.1768,0.0075,0.0068,1.1224,0.0246,0.0156,512,384,196608,393216,175167.4844,350334.9688,0.0000,0,0.0000,0.0000,0,0.0000,0,0.0000,0.0000,0,0.0000,0.0000,0,0,0,0,0,0,0,0,0,0,0,0,0,0,0,0,0,0,0,0,0,0,0,0,0
WG_METRICS 260,512,384,1.1516,0.0074,0.0069,1.1056,0.0160,0.0156,512,384,196608,393216,177835.6719,355671.3438,0.0000,0,0.0000,0.0000,0,0.0000,0,0.0000,0.0000,0,0.0000,0.0000,0,0,0,0,0,0,0,0,0,0,0,0,0,0,0,0,0,0,0,0,0,0,0,0,0
WG_METRICS 261,512,384,1.1534,0.0075,0.0069,1.1076,0.0157,0.0157,512,384,196608,393216,177508.1250,355016.2500,0.0000,0,0.0000,0.0000,0,0.0000,0,0.0000,0.0000,0,0.0000,0.0000,0,0,0,0,0,0,0,0,0,0,0,0,0,0,0,0,0,0,0,0,0,0,0,0,0
WG_METRICS 262,512,384,1.1652,0.0075,0.0068,1.1209,0.0139,0.0160,512,384,196608,393216,175398.7812,350797.5625,0.0000,0,0.0000,0.0000,0,0.0000,0,0.0000,0.0000,0,0.0000,0.0000,0,0,0,0,0,0,0,0,0,0,0,0,0,0,0,0,0,0,0,0,0,0,0,0,0
WG_METRICS 263,512,384,1.1746,0.0075,0.0068,1.1195,0.0252,0.0156,512,384,196608,393216,175618.1250,351236.2500,0.0000,0,0.0000,0.0000,0,0.0000,0,0.0000,0.0000,0,0.0000,0.0000,0,0,0,0,0,0,0,0,0,0,0,0,0,0,0,0,0,0,0,0,0,0,0,0,0
WG_METRICS 264,512,384,1.1795,0.0074,0.0068,1.1337,0.0158,0.0158,512,384,196608,393216,173424.6094,346849.2188,0.0000,0,0.0000,0.0000,0,0.0000,0,0.0000,0.0000,0,0.0000,0.0000,0,0,0,0,0,0,0,0,0,0,0,0,0,0,0,0,0,0,0,0,0,0,0,0,0
WG_METRICS 265,512,384,1.1542,0.0076,0.0067,1.1077,0.0159,0.0163,512,384,196608,393216,177488.8906,354977.7812,0.0000,0,0.0000,0.0000,0,0.0000,0,0.0000,0.0000,0,0.0000,0.0000,0,0,0,0,0,0,0,0,0,0,0,0,0,0,0,0,0,0,0,0,0,0,0,0,0
WG_METRICS 266,512,384,1.1628,0.0076,0.0068,1.1070,0.0251,0.0163,512,384,196608,393216,177604.3438,355208.6875,0.0000,0,0.0000,0.0000,0,0.0000,0,0.0000,0.0000,0,0.0000,0.0000,0,0,0,0,0,0,0,0,0,0,0,0,0,0,0,0,0,0,0,0,0,0,0,0,0
WG_METRICS 267,512,384,1.1618,0.0075,0.0069,1.1151,0.0165,0.0158,512,384,196608,393216,176317.3906,352634.7812,0.0000,0,0.0000,0.0000,0,0.0000,0,0.0000,0.0000,0,0.0000,0.0000,0,0,0,0,0,0,0,0,0,0,0,0,0,0,0,0,0,0,0,0,0,0,0,0,0
WG_METRICS 268,512,384,1.1536,0.0075,0.0066,1.1072,0.0164,0.0159,512,384,196608,393216,177572.2500,355144.5000,0.0000,0,0.0000,0.0000,0,0.0000,0,0.0000,0.0000,0,0.0000,0.0000,0,0,0,0,0,0,0,0,0,0,0,0,0,0,0,0,0,0,0,0,0,0,0,0,0
WG_METRICS 269,512,384,1.1736,0.0074,0.0070,1.1276,0.0157,0.0158,512,384,196608,393216,174359.7031,348719.4062,0.0000,0,0.0000,0.0000,0,0.0000,0,0.0000,0.0000,0,0.0000,0.0000,0,0,0,0,0,0,0,0,0,0,0,0,0,0,0,0,0,0,0,0,0,0,0,0,0
WG_METRICS 270,512,384,1.1748,0.0075,0.0068,1.1283,0.0165,0.0156,512,384,196608,393216,174248.4375,348496.8750,0.0000,0,0.0000,0.0000,0,0.0000,0,0.0000,0.0000,0,0.0000,0.0000,0,0,0,0,0,0,0,0,0,0,0,0,0,0,0,0,0,0,0,0,0,0,0,0,0
WG_METRICS 271,512,384,1.1730,0.0075,0.0068,1.1268,0.0159,0.0160,512,384,196608,393216,174489.6875,348979.3750,0.0000,0,0.0000,0.0000,0,0.0000,0,0.0000,0.0000,0,0.0000,0.0000,0,0,0,0,0,0,0,0,0,0,0,0,0,0,0,0,0,0,0,0,0,0,0,0,0
WG_METRICS 272,512,384,1.1909,0.0076,0.0068,1.1452,0.0156,0.0158,512,384,196608,393216,171686.0625,343372.1250,0.0000,0,0.0000,0.0000,0,0.0000,0,0.0000,0.0000,0,0.0000,0.0000,0,0,0,0,0,0,0,0,0,0,0,0,0,0,0,0,0,0,0,0,0,0,0,0,0
WG_METRICS 273,512,384,1.1694,0.0074,0.0062,1.1231,0.0166,0.0161,512,384,196608,393216,175055.2188,350110.4375,0.0000,0,0.0000,0.0000,0,0.0000,0,0.0000,0.0000,0,0.0000,0.0000,0,0,0,0,0,0,0,0,0,0,0,0,0,0,0,0,0,0,0,0,0,0,0,0,0
WG_METRICS 274,512,384,1.1763,0.0075,0.0068,1.1208,0.0252,0.0160,512,384,196608,393216,175411.3125,350822.6250,0.0000,0,0.0000,0.0000,0,0.0000,0,0.0000,0.0000,0,0.0000,0.0000,0,0,0,0,0,0,0,0,0,0,0,0,0,0,0,0,0,0,0,0,0,0,0,0,0
WG_METRICS 275,512,384,1.1724,0.0077,0.0067,1.1263,0.0161,0.0156,512,384,196608,393216,174564.0625,349128.1250,0.0000,0,0.0000,0.0000,0,0.0000,0,0.0000,0.0000,0,0.0000,0.0000,0,0,0,0,0,0,0,0,0,0,0,0,0,0,0,0,0,0,0,0,0,0,0,0,0
WG_METRICS 276,512,384,1.1397,0.0076,0.0063,1.0934,0.0163,0.0162,512,384,196608,393216,179820.0156,359640.0312,0.0000,0,0.0000,0.0000,0,0.0000,0,0.0000,0.0000,0,0.0000,0.0000,0,0,0,0,0,0,0,0,0,0,0,0,0,0,0,0,0,0,0,0,0,0,0,0,0
WG_METRICS 277,512,384,1.1610,0.0076,0.0070,1.1149,0.0159,0.0156,512,384,196608,393216,176342.6875,352685.3750,0.0000,0,0.0000,0.0000,0,0.0000,0,0.0000,0.0000,0,0.0000,0.0000,0,0,0,0,0,0,0,0,0,0,0,0,0,0,0,0,0,0,0,0,0,0,0,0,0
WG_METRICS 278,512,384,1.1519,0.0074,0.0066,1.1052,0.0168,0.0158,512,384,196608,393216,177900.0312,355800.0625,0.0000,0,0.0000,0.0000,0,0.0000,0,0.0000,0.0000,0,0.0000,0.0000,0,0,0,0,0,0,0,0,0,0,0,0,0,0,0,0,0,0,0,0,0,0,0,0,0
WG_METRICS 279,512,384,1.1707,0.0074,0.0068,1.1163,0.0247,0.0154,512,384,196608,393216,176121.5469,352243.0938,0.0000,0,0.0000,0.0000,0,0.0000,0,0.0000,0.0000,0,0.0000,0.0000,0,0,0,0,0,0,0,0,0,0,0,0,0,0,0,0,0,0,0,0,0,0,0,0,0
WG_METRICS 280,512,384,1.1920,0.0075,0.0069,1.1357,0.0254,0.0165,512,384,196608,393216,173113.0938,346226.1875,0.0000,0,0.0000,0.0000,0,0.0000,0,0.0000,0.0000,0,0.0000,0.0000,0,0,0,0,0,0,0,0,0,0,0,0,0,0,0,0,0,0,0,0,0,0,0,0,0
WG_METRICS 281,512,384,1.1695,0.0075,0.0068,1.1278,0.0116,0.0157,512,384,196608,393216,174328.7812,348657.5625,0.0000,0,0.0000,0.0000,0,0.0000,0,0.0000,0.0000,0,0.0000,0.0000,0,0,0,0,0,0,0,0,0,0,0,0,0,0,0,0,0,0,0,0,0,0,0,0,0
WG_METRICS 282,512,384,1.1578,0.0075,0.0068,1.1114,0.0163,0.0158,512,384,196608,393216,176901.2031,353802.4062,0.0000,0,0.0000,0.0000,0,0.0000,0,0.0000,0.0000,0,0.0000,0.0000,0,0,0,0,0,0,0,0,0,0,0,0,0,0,0,0,0,0,0,0,0,0,0,0,0
WG_METRICS 283,512,384,1.1536,0.0075,0.0069,1.1074,0.0162,0.0156,512,384,196608,393216,177533.7656,355067.5312,0.0000,0,0.0000,0.0000,0,0.0000,0,0.0000,0.0000,0,0.0000,0.0000,0,0,0,0,0,0,0,0,0,0,0,0,0,0,0,0,0,0,0,0,0,0,0,0,0
WG_METRICS 284,512,384,1.1831,0.0075,0.0068,1.1278,0.0252,0.0159,512,384,196608,393216,174334.9531,348669.9062,0.0000,0,0.0000,0.0000,0,0.0000,0,0.0000,0.0000,0,0.0000,0.0000,0,0,0,0,0,0,0,0,0,0,0,0,0,0,0,0,0,0,0,0,0,0,0,0,0
WG_METRICS 285,512,384,1.2017,0.0075,0.0069,1.1551,0.0163,0.0159,512,384,196608,393216,170205.6875,340411.3750,0.0000,0,0.0000,0.0000,0,0.0000,0,0.0000,0.0000,0,0.0000,0.0000,0,0,0,0,0,0,0,0,0,0,0,0,0,0,0,0,0,0,0,0,0,0,0,0,0
WG_METRICS 286,512,384,1.1655,0.0075,0.0068,1.1188,0.0166,0.0158,512,384,196608,393216,175731.1406,351462.2812,0.0000,0,0.0000,0.0000,0,0.0000,0,0.0000,0.0000,0,0.0000,0.0000,0,0,0,0,0,0,0,0,0,0,0,0,0,0,0,0,0,0,0,0,0,0,0,0,0
WG_METRICS 287,512,384,1.1532,0.0075,0.0066,1.1076,0.0159,0.0156,512,384,196608,393216,177508.1250,355016.2500,0.0000,0,0.0000,0.0000,0,0.0000,0,0.0000,0.0000,0,0.0000,0.0000,0,0,0,0,0,0,0,0,0,0,0,0,0,0,0,0,0,0,0,0,0,0,0,0,0
WG_METRICS 288,512,384,1.1642,0.0075,0.0068,1.1228,0.0116,0.0156,512,384,196608,393216,175111.3281,350222.6562,0.0000,0,0.0000,0.0000,0,0.0000,0,0.0000,0.0000,0,0.0000,0.0000,0,0,0,0,0,0,0,0,0,0,0,0,0,0,0,0,0,0,0,0,0,0,0,0,0
WG_METRICS 289,512,384,1.1698,0.0081,0.0070,1.1238,0.0066,0.0243,512,384,196608,393216,174949.2656,349898.5312,0.0000,0,0.0000,0.0000,0,0.0000,0,0.0000,0.0000,0,0.0000,0.0000,0,0,0,0,0,0,0,0,0,0,0,0,0,0,0,0,0,0,0,0,0,0,0,0,0
WG_METRICS 290,512,384,1.1946,0.0075,0.0071,1.1392,0.0246,0.0162,512,384,196608,393216,172584.2812,345168.5625,0.0000,0,0.0000,0.0000,0,0.0000,0,0.0000,0.0000,0,0.0000,0.0000,0,0,0,0,0,0,0,0,0,0,0,0,0,0,0,0,0,0,0,0,0,0,0,0,0
WG_METRICS 291,512,384,1.1794,0.0075,0.0069,1.1246,0.0248,0.0156,512,384,196608,393216,174824.8125,349649.6250,0.0000,0,0.0000,0.0000,0,0.0000,0,0.0000,0.0000,0,0.0000,0.0000,0,0,0,0,0,0,0,0,0,0,0,0,0,0,0,0,0,0,0,0,0,0,0,0,0
WG_METRICS 292,512,384,1.1964,0.0075,0.0060,1.1507,0.0163,0.0159,512,384,196608,393216,170856.5000,341713.0000,0.0000,0,0.0000,0.0000,0,0.0000,0,0.0000,0.0000,0,0.0000,0.0000,0,0,0,0,0,0,0,0,0,0,0,0,0,0,0,0,0,0,0,0,0,0,0,0,0
WG_METRICS 293,512,384,1.1676,0.0075,0.0068,1.1133,0.0245,0.0155,512,384,196608,393216,176596.1250,353192.2500,0.0000,0,0.0000,0.0000,0,0.0000,0,0.0000,0.0000,0,0.0000,0.0000,0,0,0,0,0,0,0,0,0,0,0,0,0,0,0,0,0,0,0,0,0,0,0,0,0
WG_METRICS 294,512,384,1.1610,0.0074,0.0066,1.1138,0.0167,0.0164,512,384,196608,393216,176513.6875,353027.3750,0.0000,0,0.0000,0.0000,0,0.0000,0,0.0000,0.0000,0,0.0000,0.0000,0,0,0,0,0,0,0,0,0,0,0,0,0,0,0,0,0,0,0,0,0,0,0,0,0
WG_METRICS 295,512,384,1.1712,0.0075,0.0067,1.1247,0.0162,0.0161,512,384,196608,393216,174812.3906,349624.7812,0.0000,0,0.0000,0.0000,0,0.0000,0,0.0000,0.0000,0,0.0000,0.0000,0,0,0,0,0,0,0,0,0,0,0,0,0,0,0,0,0,0,0,0,0,0,0,0,0
WG_METRICS 296,512,384,1.1769,0.0075,0.0068,1.1364,0.0106,0.0156,512,384,196608,393216,173015.5938,346031.1875,0.0000,0,0.0000,0.0000,0,0.0000,0,0.0000,0.0000,0,0.0000,0.0000,0,0,0,0,0,0,0,0,0,0,0,0,0,0,0,0,0,0,0,0,0,0,0,0,0
WG_METRICS 297,512,384,1.1611,0.0079,0.0065,1.1045,0.0258,0.0164,512,384,196608,393216,178003.1250,356006.2500,0.0000,0,0.0000,0.0000,0,0.0000,0,0.0000,0.0000,0,0.0000,0.0000,0,0,0,0,0,0,0,0,0,0,0,0,0,0,0,0,0,0,0,0,0,0,0,0,0
WG_METRICS 298,512,384,1.1439,0.0075,0.0068,1.0886,0.0244,0.0165,512,384,196608,393216,180606.2812,361212.5625,0.0000,0,0.0000,0.0000,0,0.0000,0,0.0000,0.0000,0,0.0000,0.0000,0,0,0,0,0,0,0,0,0,0,0,0,0,0,0,0,0,0,0,0,0,0,0,0,0
WG_METRICS 299,512,384,1.1882,0.0074,0.0067,1.1437,0.0141,0.0164,512,384,196608,393216,171908.2344,343816.4688,0.0000,0,0.0000,0.0000,0,0.0000,0,0.0000,0.0000,0,0.0000,0.0000,0,0,0,0,0,0,0,0,0,0,0,0,0,0,0,0,0,0,0,0,0,0,0,0,0
WG_METRICS 300,512,384,1.1506,0.0075,0.0068,1.1042,0.0161,0.0160,512,384,196608,393216,178054.7031,356109.4062,0.0000,0,0.0000,0.0000,0,0.0000,0,0.0000,0.0000,0,0.0000,0.0000,0,0,0,0,0,0,0,0,0,0,0,0,0,0,0,0,0,0,0,0,0,0,0,0,0
WG_METRICS 301,512,384,1.1836,0.0078,0.0070,1.1269,0.0248,0.0170,512,384,196608,393216,174464.9219,348929.8438,0.0000,0,0.0000,0.0000,0,0.0000,0,0.0000,0.0000,0,0.0000,0.0000,0,0,0,0,0,0,0,0,0,0,0,0,0,0,0,0,0,0,0,0,0,0,0,0,0
WG_METRICS 302,512,384,1.1943,0.0075,0.0068,1.1390,0.0252,0.0158,512,384,196608,393216,172614.5625,345229.1250,0.0000,0,0.0000,0.0000,0,0.0000,0,0.0000,0.0000,0,0.0000,0.0000,0,0,0,0,0,0,0,0,0,0,0,0,0,0,0,0,0,0,0,0,0,0,0,0,0
WG_METRICS 303,512,384,1.1632,0.0077,0.0067,1.1267,0.0063,0.0158,512,384,196608,393216,174502.0781,349004.1562,0.0000,0,0.0000,0.0000,0,0.0000,0,0.0000,0.0000,0,0.0000,0.0000,0,0,0,0,0,0,0,0,0,0,0,0,0,0,0,0,0,0,0,0,0,0,0,0,0
WG_METRICS 304,512,384,1.1800,0.0075,0.0069,1.1331,0.0164,0.0162,512,384,196608,393216,173516.4375,347032.8750,0.0000,0,0.0000,0.0000,0,0.0000,0,0.0000,0.0000,0,0.0000,0.0000,0,0,0,0,0,0,0,0,0,0,0,0,0,0,0,0,0,0,0,0,0,0,0,0,0
WG_METRICS 305,512,384,1.1947,0.0074,0.0068,1.1399,0.0248,0.0158,512,384,196608,393216,172481.3281,344962.6562,0.0000,0,0.0000,0.0000,0,0.0000,0,0.0000,0.0000,0,0.0000,0.0000,0,0,0,0,0,0,0,0,0,0,0,0,0,0,0,0,0,0,0,0,0,0,0,0,0
WG_METRICS 306,512,384,1.1914,0.0075,0.0066,1.1449,0.0163,0.0162,512,384,196608,393216,171728.0312,343456.0625,0.0000,0,0.0000,0.0000,0,0.0000,0,0.0000,0.0000,0,0.0000,0.0000,0,0,0,0,0,0,0,0,0,0,0,0,0,0,0,0,0,0,0,0,0,0,0,0,0
WG_METRICS 307,512,384,1.1696,0.0075,0.0068,1.1233,0.0160,0.0160,512,384,196608,393216,175030.2656,350060.5312,0.0000,0,0.0000,0.0000,0,0.0000,0,0.0000,0.0000,0,0.0000,0.0000,0,0,0,0,0,0,0,0,0,0,0,0,0,0,0,0,0,0,0,0,0,0,0,0,0
WG_METRICS 308,512,384,1.1570,0.0076,0.0068,1.1110,0.0160,0.0157,512,384,196608,393216,176971.2656,353942.5312,0.0000,0,0.0000,0.0000,0,0.0000,0,0.0000,0.0000,0,0.0000,0.0000,0,0,0,0,0,0,0,0,0,0,0,0,0,0,0,0,0,0,0,0,0,0,0,0,0
WG_METRICS 309,512,384,1.1827,0.0074,0.0068,1.1368,0.0159,0.0157,512,384,196608,393216,172942.5469,345885.0938,0.0000,0,0.0000,0.0000,0,0.0000,0,0.0000,0.0000,0,0.0000,0.0000,0,0,0,0,0,0,0,0,0,0,0,0,0,0,0,0,0,0,0,0,0,0,0,0,0
WG_METRICS 310,512,384,1.1702,0.0076,0.0068,1.1240,0.0156,0.0162,512,384,196608,393216,174924.3750,349848.7500,0.0000,0,0.0000,0.0000,0,0.0000,0,0.0000,0.0000,0,0.0000,0.0000,0,0,0,0,0,0,0,0,0,0,0,0,0,0,0,0,0,0,0,0,0,0,0,0,0
WG_METRICS 311,512,384,1.1648,0.0076,0.0062,1.1185,0.0165,0.0161,512,384,196608,393216,175781.4219,351562.8438,0.0000,0,0.0000,0.0000,0,0.0000,0,0.0000,0.0000,0,0.0000,0.0000,0,0,0,0,0,0,0,0,0,0,0,0,0,0,0,0,0,0,0,0,0,0,0,0,0
WG_METRICS 312,512,384,1.1636,0.0075,0.0065,1.1179,0.0160,0.0156,512,384,196608,393216,175869.4688,351738.9375,0.0000,0,0.0000,0.0000,0,0.0000,0,0.0000,0.0000,0,0.0000,0.0000,0,0,0,0,0,0,0,0,0,0,0,0,0,0,0,0,0,0,0,0,0,0,0,0,0
WG_METRICS 313,512,384,1.2057,0.0076,0.0068,1.1607,0.0145,0.0161,512,384,196608,393216,169384.5156,338769.0312,0.0000,0,0.0000,0.0000,0,0.0000,0,0.0000,0.0000,0,0.0000,0.0000,0,0,0,0,0,0,0,0,0,0,0,0,0,0,0,0,0,0,0,0,0,0,0,0,0
WG_METRICS 314,512,384,1.1701,0.0076,0.0069,1.1233,0.0162,0.0162,512,384,196608,393216,175024.0312,350048.0625,0.0000,0,0.0000,0.0000,0,0.0000,0,0.0000,0.0000,0,0.0000,0.0000,0,0,0,0,0,0,0,0,0,0,0,0,0,0,0,0,0,0,0,0,0,0,0,0,0
WG_METRICS 315,512,384,1.1653,0.0075,0.0066,1.1192,0.0161,0.0160,512,384,196608,393216,175674.6094,351349.2188,0.0000,0,0.0000,0.0000,0,0.0000,0,0.0000,0.0000,0,0.0000,0.0000,0,0,0,0,0,0,0,0,0,0,0,0,0,0,0,0,0,0,0,0,0,0,0,0,0
WG_METRICS 316,512,384,1.1735,0.0075,0.0066,1.1275,0.0161,0.0159,512,384,196608,393216,174378.2500,348756.5000,0.0000,0,0.0000,0.0000,0,0.0000,0,0.0000,0.0000,0,0.0000,0.0000,0,0,0,0,0,0,0,0,0,0,0,0,0,0,0,0,0,0,0,0,0,0,0,0,0
WG_METRICS 317,512,384,1.1489,0.0075,0.0068,1.1017,0.0158,0.0171,512,384,196608,393216,178461.9844,356923.9688,0.0000,0,0.0000,0.0000,0,0.0000,0,0.0000,0.0000,0,0.0000,0.0000,0,0,0,0,0,0,0,0,0,0,0,0,0,0,0,0,0,0,0,0,0,0,0,0,0
WG_METRICS 318,512,384,1.1846,0.0076,0.0068,1.1287,0.0252,0.0163,512,384,196608,393216,174186.6875,348373.3750,0.0000,0,0.0000,0.0000,0,0.0000,0,0.0000,0.0000,0,0.0000,0.0000,0,0,0,0,0,0,0,0,0,0,0,0,0,0,0,0,0,0,0,0,0,0,0,0,0
WG_METRICS 319,512,384,1.1698,0.0066,0.0066,1.1158,0.0247,0.0161,512,384,196608,393216,176209.9375,352419.8750,0.0000,0,0.0000,0.0000,0,0.0000,0,0.0000,0.0000,0,0.0000,0.0000,0,0,0,0,0,0,0,0,0,0,0,0,0,0,0,0,0,0,0,0,0,0,0,0,0
WG_METRICS 320,512,384,1.1761,0.0075,0.0068,1.1218,0.0243,0.0156,512,384,196608,393216,175261.2031,350522.4062,0.0000,0,0.0000,0.0000,0,0.0000,0,0.0000,0.0000,0,0.0000,0.0000,0,0,0,0,0,0,0,0,0,0,0,0,0,0,0,0,0,0,0,0,0,0,0,0,0
WG_METRICS 321,512,384,1.1608,0.0076,0.0068,1.1184,0.0115,0.0164,512,384,196608,393216,175787.7031,351575.4062,0.0000,0,0.0000,0.0000,0,0.0000,0,0.0000,0.0000,0,0.0000,0.0000,0,0,0,0,0,0,0,0,0,0,0,0,0,0,0,0,0,0,0,0,0,0,0,0,0
WG_METRICS 322,512,384,1.1750,0.0075,0.0068,1.1284,0.0167,0.0156,512,384,196608,393216,174229.9062,348459.8125,0.0000,0,0.0000,0.0000,0,0.0000,0,0.0000,0.0000,0,0.0000,0.0000,0,0,0,0,0,0,0,0,0,0,0,0,0,0,0,0,0,0,0,0,0,0,0,0,0
WG_METRICS 323,512,384,1.1630,0.0075,0.0068,1.1079,0.0249,0.0159,512,384,196608,393216,177456.8438,354913.6875,0.0000,0,0.0000,0.0000,0,0.0000,0,0.0000,0.0000,0,0.0000,0.0000,0,0,0,0,0,0,0,0,0,0,0,0,0,0,0,0,0,0,0,0,0,0,0,0,0
WG_METRICS 324,512,384,1.1498,0.0075,0.0067,1.1040,0.0157,0.0158,512,384,196608,393216,178080.5000,356161.0000,0.0000,0,0.0000,0.0000,0,0.0000,0,0.0000,0.0000,0,0.0000,0.0000,0,0,0,0,0,0,0,0,0,0,0,0,0,0,0,0,0,0,0,0,0,0,0,0,0
WG_METRICS 325,512,384,1.1698,0.0075,0.0068,1.1222,0.0170,0.0163,512,384,196608,393216,175198.7188,350397.4375,0.0000,0,0.0000,0.0000,0,0.0000,0,0.0000,0.0000,0,0.0000,0.0000,0,0,0,0,0,0,0,0,0,0,0,0,0,0,0,0,0,0,0,0,0,0,0,0,0
WG_METRICS 326,512,384,1.1843,0.0075,0.0068,1.1422,0.0121,0.0156,512,384,196608,393216,172130.9688,344261.9375,0.0000,0,0.0000,0.0000,0,0.0000,0,0.0000,0.0000,0,0.0000,0.0000,0,0,0,0,0,0,0,0,0,0,0,0,0,0,0,0,0,0,0,0,0,0,0,0,0
WG_METRICS 327,512,384,1.1528,0.0075,0.0069,1.1066,0.0160,0.0158,512,384,196608,393216,177668.5312,355337.0625,0.0000,0,0.0000,0.0000,0,0.0000,0,0.0000,0.0000,0,0.0000,0.0000,0,0,0,0,0,0,0,0,0,0,0,0,0,0,0,0,0,0,0,0,0,0,0,0,0
WG_METRICS 328,512,384,1.1800,0.0076,0.0068,1.1252,0.0248,0.0156,512,384,196608,393216,174731.5938,349463.1875,0.0000,0,0.0000,0.0000,0,0.0000,0,0.0000,0.0000,0,0.0000,0.0000,0,0,0,0,0,0,0,0,0,0,0,0,0,0,0,0,0,0,0,0,0,0,0,0,0
WG_METRICS 329,512,384,1.1785,0.0074,0.0066,1.1234,0.0242,0.0168,512,384,196608,393216,175011.5781,350023.1562,0.0000,0,0.0000,0.0000,0,0.0000,0,0.0000,0.0000,0,0.0000,0.0000,0,0,0,0,0,0,0,0,0,0,0,0,0,0,0,0,0,0,0,0,0,0,0,0,0
WG_METRICS 330,512,384,1.2104,0.0075,0.0068,1.1641,0.0156,0.0162,512,384,196608,393216,168889.8125,337779.6250,0.0000,0,0.0000,0.0000,0,0.0000,0,0.0000,0.0000,0,0.0000,0.0000,0,0,0,0,0,0,0,0,0,0,0,0,0,0,0,0,0,0,0,0,0,0,0,0,0
WG_METRICS 331,512,384,1.1758,0.0075,0.0066,1.1209,0.0250,0.0158,512,384,196608,393216,175405.0312,350810.0625,0.0000,0,0.0000,0.0000,0,0.0000,0,0.0000,0.0000,0,0.0000,0.0000,0,0,0,0,0,0,0,0,0,0,0,0,0,0,0,0,0,0,0,0,0,0,0,0,0
WG_METRICS 332,512,384,1.1714,0.0075,0.0068,1.1163,0.0246,0.0161,512,384,196608,393216,176121.5469,352243.0938,0.0000,0,0.0000,0.0000,0,0.0000,0,0.0000,0.0000,0,0.0000,0.0000,0,0,0,0,0,0,0,0,0,0,0,0,0,0,0,0,0,0,0,0,0,0,0,0,0
WG_METRICS 333,512,384,1.1655,0.0075,0.0068,1.1195,0.0161,0.0156,512,384,196608,393216,175618.1250,351236.2500,0.0000,0,0.0000,0.0000,0,0.0000,0,0.0000,0.0000,0,0.0000,0.0000,0,0,0,0,0,0,0,0,0,0,0,0,0,0,0,0,0,0,0,0,0,0,0,0,0
WG_METRICS 334,512,384,1.1851,0.0075,0.0061,1.1386,0.0168,0.0161,512,384,196608,393216,172681.2656,345362.5312,0.0000,0,0.0000,0.0000,0,0.0000,0,0.0000,0.0000,0,0.0000,0.0000,0,0,0,0,0,0,0,0,0,0,0,0,0,0,0,0,0,0,0,0,0,0,0,0,0
WG_METRICS 335,512,384,1.1528,0.0076,0.0068,1.1065,0.0164,0.0156,512,384,196608,393216,177687.7969,355375.5938,0.0000,0,0.0000,0.0000,0,0.0000,0,0.0000,0.0000,0,0.0000,0.0000,0,0,0,0,0,0,0,0,0,0,0,0,0,0,0,0,0,0,0,0,0,0,0,0,0
WG_METRICS 336,512,384,1.1701,0.0075,0.0068,1.1240,0.0160,0.0157,512,384,196608,393216,174911.9219,349823.8438,0.0000,0,0.0000,0.0000,0,0.0000,0,0.0000,0.0000,0,0.0000,0.0000,0,0,0,0,0,0,0,0,0,0,0,0,0,0,0,0,0,0,0,0,0,0,0,0,0
WG_METRICS 337,512,384,1.1898,0.0075,0.0069,1.1452,0.0139,0.0163,512,384,196608,393216,171674.0625,343348.1250,0.0000,0,0.0000,0.0000,0,0.0000,0,0.0000,0.0000,0,0.0000,0.0000,0,0,0,0,0,0,0,0,0,0,0,0,0,0,0,0,0,0,0,0,0,0,0,0,0
WG_METRICS 338,512,384,1.1503,0.0075,0.0068,1.1038,0.0165,0.0156,512,384,196608,393216,178112.7656,356225.5312,0.0000,0,0.0000,0.0000,0,0.0000,0,0.0000,0.0000,0,0.0000,0.0000,0,0,0,0,0,0,0,0,0,0,0,0,0,0,0,0,0,0,0,0,0,0,0,0,0
WG_METRICS 339,512,384,1.1612,0.0076,0.0068,1.1152,0.0160,0.0156,512,384,196608,393216,176292.1094,352584.2188,0.0000,0,0.0000,0.0000,0,0.0000,0,0.0000,0.0000,0,0.0000,0.0000,0,0,0,0,0,0,0,0,0,0,0,0,0,0,0,0,0,0,0,0,0,0,0,0,0
WG_METRICS 340,512,384,1.1865,0.0074,0.0069,1.1409,0.0158,0.0154,512,384,196608,393216,172324.0781,344648.1562,0.0000,0,0.0000,0.0000,0,0.0000,0,0.0000,0.0000,0,0.0000,0.0000,0,0,0,0,0,0,0,0,0,0,0,0,0,0,0,0,0,0,0,0,0,0,0,0,0
WG_METRICS 341,512,384,1.1603,0.0075,0.0069,1.1116,0.0170,0.0173,512,384,196608,393216,176875.7500,353751.5000,0.0000,0,0.0000,0.0000,0,0.0000,0,0.0000,0.0000,0,0.0000,0.0000,0,0,0,0,0,0,0,0,0,0,0,0,0,0,0,0,0,0,0,0,0,0,0,0,0
WG_METRICS 342,512,384,1.1521,0.0076,0.0068,1.0972,0.0250,0.0156,512,384,196608,393216,179190.6562,358381.3125,0.0000,0,0.0000,0.0000,0,0.0000,0,0.0000,0.0000,0,0.0000,0.0000,0,0,0,0,0,0,0,0,0,0,0,0,0,0,0,0,0,0,0,0,0,0,0,0,0
WG_METRICS 343,512,384,1.1501,0.0074,0.0066,1.1043,0.0162,0.0156,512,384,196608,393216,178041.7969,356083.5938,0.0000,0,0.0000,0.0000,0,0.0000,0,0.0000,0.0000,0,0.0000,0.0000,0,0,0,0,0,0,0,0,0,0,0,0,0,0,0,0,0,0,0,0,0,0,0,0,0
WG_METRICS 344,512,384,1.1784,0.0075,0.0069,1.1318,0.0159,0.0163,512,384,196608,393216,173718.8125,347437.6250,0.0000,0,0.0000,0.0000,0,0.0000,0,0.0000,0.0000,0,0.0000,0.0000,0,0,0,0,0,0,0,0,0,0,0,0,0,0,0,0,0,0,0,0,0,0,0,0,0
WG_METRICS 345,512,384,1.1604,0.0075,0.0068,1.1143,0.0160,0.0158,512,384,196608,393216,176437.6406,352875.2812,0.0000,0,0.0000,0.0000,0,0.0000,0,0.0000,0.0000,0,0.0000,0.0000,0,0,0,0,0,0,0,0,0,0,0,0,0,0,0,0,0,0,0,0,0,0,0,0,0
WG_METRICS 346,512,384,1.1625,0.0074,0.0066,1.1165,0.0162,0.0158,512,384,196608,393216,176089.9844,352179.9688,0.0000,0,0.0000,0.0000,0,0.0000,0,0.0000,0.0000,0,0.0000,0.0000,0,0,0,0,0,0,0,0,0,0,0,0,0,0,0,0,0,0,0,0,0,0,0,0,0
WG_METRICS 347,512,384,1.1568,0.0076,0.0069,1.1106,0.0162,0.0156,512,384,196608,393216,177028.6406,354057.2812,0.0000,0,0.0000,0.0000,0,0.0000,0,0.0000,0.0000,0,0.0000,0.0000,0,0,0,0,0,0,0,0,0,0,0,0,0,0,0,0,0,0,0,0,0,0,0,0,0
WG_METRICS 348,512,384,1.1633,0.0075,0.0065,1.1155,0.0182,0.0156,512,384,196608,393216,176254.1719,352508.3438,0.0000,0,0.0000,0.0000,0,0.0000,0,0.0000,0.0000,0,0.0000,0.0000,0,0,0,0,0,0,0,0,0,0,0,0,0,0,0,0,0,0,0,0,0,0,0,0,0
WG_METRICS 349,512,384,1.1778,0.0075,0.0067,1.1220,0.0255,0.0162,512,384,196608,393216,175236.1875,350472.3750,0.0000,0,0.0000,0.0000,0,0.0000,0,0.0000,0.0000,0,0.0000,0.0000,0,0,0,0,0,0,0,0,0,0,0,0,0,0,0,0,0,0,0,0,0,0,0,0,0
WG_METRICS 350,512,384,1.1426,0.0075,0.0069,1.0951,0.0166,0.0164,512,384,196608,393216,179531.0156,359062.0312,0.0000,0,0.0000,0.0000,0,0.0000,0,0.0000,0.0000,0,0.0000,0.0000,0,0,0,0,0,0,0,0,0,0,0,0,0,0,0,0,0,0,0,0,0,0,0,0,0
WG_METRICS 351,512,384,1.1582,0.0076,0.0068,1.1123,0.0157,0.0158,512,384,196608,393216,176761.2500,353522.5000,0.0000,0,0.0000,0.0000,0,0.0000,0,0.0000,0.0000,0,0.0000,0.0000,0,0,0,0,0,0,0,0,0,0,0,0,0,0,0,0,0,0,0,0,0,0,0,0,0
WG_METRICS 352,512,384,1.1625,0.0075,0.0068,1.1144,0.0179,0.0160,512,384,196608,393216,176431.3125,352862.6250,0.0000,0,0.0000,0.0000,0,0.0000,0,0.0000,0.0000,0,0.0000,0.0000,0,0,0,0,0,0,0,0,0,0,0,0,0,0,0,0,0,0,0,0,0,0,0,0,0
WG_METRICS 353,512,384,1.1464,0.0076,0.0068,1.1004,0.0159,0.0158,512,384,196608,393216,178669.5781,357339.1562,0.0000,0,0.0000,0.0000,0,0.0000,0,0.0000,0.0000,0,0.0000,0.0000,0,0,0,0,0,0,0,0,0,0,0,0,0,0,0,0,0,0,0,0,0,0,0,0,0
WG_METRICS 354,512,384,1.1672,0.0075,0.0069,1.1207,0.0162,0.0160,512,384,196608,393216,175436.3438,350872.6875,0.0000,0,0.0000,0.0000,0,0.0000,0,0.0000,0.0000,0,0.0000,0.0000,0,0,0,0,0,0,0,0,0,0,0,0,0,0,0,0,0,0,0,0,0,0,0,0,0
WG_METRICS 355,512,384,1.1666,0.0074,0.0069,1.1122,0.0245,0.0157,512,384,196608,393216,176780.3281,353560.6562,0.0000,0,0.0000,0.0000,0,0.0000,0,0.0000,0.0000,0,0.0000,0.0000,0,0,0,0,0,0,0,0,0,0,0,0,0,0,0,0,0,0,0,0,0,0,0,0,0
WG_METRICS 356,512,384,1.1722,0.0075,0.0068,1.1177,0.0245,0.0156,512,384,196608,393216,175907.2500,351814.5000,0.0000,0,0.0000,0.0000,0,0.0000,0,0.0000,0.0000,0,0.0000,0.0000,0,0,0,0,0,0,0,0,0,0,0,0,0,0,0,0,0,0,0,0,0,0,0,0,0
WG_METRICS 357,512,384,1.1694,0.0074,0.0067,1.1152,0.0244,0.0155,512,384,196608,393216,176292.1094,352584.2188,0.0000,0,0.0000,0.0000,0,0.0000,0,0.0000,0.0000,0,0.0000,0.0000,0,0,0,0,0,0,0,0,0,0,0,0,0,0,0,0,0,0,0,0,0,0,0,0,0
WG_METRICS 358,512,384,1.1526,0.0074,0.0070,1.1056,0.0163,0.0162,512,384,196608,393216,177829.2344,355658.4688,0.0000,0,0.0000,0.0000,0,0.0000,0,0.0000,0.0000,0,0.0000,0.0000,0,0,0,0,0,0,0,0,0,0,0,0,0,0,0,0,0,0,0,0,0,0,0,0,0
WG_METRICS 359,512,384,1.1637,0.0074,0.0068,1.1178,0.0161,0.0156,512,384,196608,393216,175888.3594,351776.7188,0.0000,0,0.0000,0.0000,0,0.0000,0,0.0000,0.0000,0,0.0000,0.0000,0,0,0,0,0,0,0,0,0,0,0,0,0,0,0,0,0,0,0,0,0,0,0,0,0
WG_METRICS 360,512,384,1.1573,0.0076,0.0069,1.1027,0.0245,0.0155,512,384,196608,393216,178293.6719,356587.3438,0.0000,0,0.0000,0.0000,0,0.0000,0,0.0000,0.0000,0,0.0000,0.0000,0,0,0,0,0,0,0,0,0,0,0,0,0,0,0,0,0,0,0,0,0,0,0,0,0
WG_METRICS 361,512,384,1.1578,0.0076,0.0068,1.1107,0.0167,0.0160,512,384,196608,393216,177009.5000,354019.0000,0.0000,0,0.0000,0.0000,0,0.0000,0,0.0000,0.0000,0,0.0000,0.0000,0,0,0,0,0,0,0,0,0,0,0,0,0,0,0,0,0,0,0,0,0,0,0,0,0
WG_METRICS 362,512,384,1.1625,0.0075,0.0068,1.1158,0.0168,0.0156,512,384,196608,393216,176203.6094,352407.2188,0.0000,0,0.0000,0.0000,0,0.0000,0,0.0000,0.0000,0,0.0000,0.0000,0,0,0,0,0,0,0,0,0,0,0,0,0,0,0,0,0,0,0,0,0,0,0,0,0
WG_METRICS 363,512,384,1.1656,0.0075,0.0068,1.1110,0.0243,0.0159,512,384,196608,393216,176958.5312,353917.0625,0.0000,0,0.0000,0.0000,0,0.0000,0,0.0000,0.0000,0,0.0000,0.0000,0,0,0,0,0,0,0,0,0,0,0,0,0,0,0,0,0,0,0,0,0,0,0,0,0
WG_METRICS 364,512,384,1.1589,0.0074,0.0069,1.1130,0.0161,0.0155,512,384,196608,393216,176653.2500,353306.5000,0.0000,0,0.0000,0.0000,0,0.0000,0,0.0000,0.0000,0,0.0000,0.0000,0,0,0,0,0,0,0,0,0,0,0,0,0,0,0,0,0,0,0,0,0,0,0,0,0
WG_METRICS 365,512,384,1.1690,0.0076,0.0069,1.1130,0.0254,0.0161,512,384,196608,393216,176646.8906,353293.7812,0.0000,0,0.0000,0.0000,0,0.0000,0,0.0000,0.0000,0,0.0000,0.0000,0,0,0,0,0,0,0,0,0,0,0,0,0,0,0,0,0,0,0,0,0,0,0,0,0
WG_METRICS 366,512,384,1.1446,0.0075,0.0068,1.0987,0.0161,0.0156,512,384,196608,393216,178949.2812,357898.5625,0.0000,0,0.0000,0.0000,0,0.0000,0,0.0000,0.0000,0,0.0000,0.0000,0,0,0,0,0,0,0,0,0,0,0,0,0,0,0,0,0,0,0,0,0,0,0,0,0
WG_METRICS 367,512,384,1.1598,0.0075,0.0068,1.1123,0.0166,0.0166,512,384,196608,393216,176754.9062,353509.8125,0.0000,0,0.0000,0.0000,0,0.0000,0,0.0000,0.0000,0,0.0000,0.0000,0,0,0,0,0,0,0,0,0,0,0,0,0,0,0,0,0,0,0,0,0,0,0,0,0
WG_METRICS 368,512,384,1.1955,0.0075,0.0069,1.1405,0.0246,0.0160,512,384,196608,393216,172384.5312,344769.0625,0.0000,0,0.0000,0.0000,0,0.0000,0,0.0000,0.0000,0,0.0000,0.0000,0,0,0,0,0,0,0,0,0,0,0,0,0,0,0,0,0,0,0,0,0,0,0,0,0
WG_METRICS 369,512,384,1.1586,0.0075,0.0068,1.1128,0.0160,0.0156,512,384,196608,393216,176685.0000,353370.0000,0.0000,0,0.0000,0.0000,0,0.0000,0,0.0000,0.0000,0,0.0000,0.0000,0,0,0,0,0,0,0,0,0,0,0,0,0,0,0,0,0,0,0,0,0,0,0,0,0
WG_METRICS 370,512,384,1.1850,0.0075,0.0068,1.1302,0.0246,0.0158,512,384,196608,393216,173964.7500,347929.5000,0.0000,0,0.0000,0.0000,0,0.0000,0,0.0000,0.0000,0,0.0000,0.0000,0,0,0,0,0,0,0,0,0,0,0,0,0,0,0,0,0,0,0,0,0,0,0,0,0
WG_METRICS 371,512,384,1.1818,0.0075,0.0069,1.1262,0.0246,0.0166,512,384,196608,393216,174582.6562,349165.3125,0.0000,0,0.0000,0.0000,0,0.0000,0,0.0000,0.0000,0,0.0000,0.0000,0,0,0,0,0,0,0,0,0,0,0,0,0,0,0,0,0,0,0,0,0,0,0,0,0
WG_METRICS 372,512,384,1.1722,0.0075,0.0068,1.1167,0.0255,0.0157,512,384,196608,393216,176058.4688,352116.9375,0.0000,0,0.0000,0.0000,0,0.0000,0,0.0000,0.0000,0,0.0000,0.0000,0,0,0,0,0,0,0,0,0,0,0,0,0,0,0,0,0,0,0,0,0,0,0,0,0
WG_METRICS 373,512,384,1.1670,0.0075,0.0068,1.1307,0.0063,0.0157,512,384,196608,393216,173884.7500,347769.5000,0.0000,0,0.0000,0.0000,0,0.0000,0,0.0000,0.0000,0,0.0000,0.0000,0,0,0,0,0,0,0,0,0,0,0,0,0,0,0,0,0,0,0,0,0,0,0,0,0
WG_METRICS 374,512,384,1.1719,0.0076,0.0068,1.1160,0.0258,0.0157,512,384,196608,393216,176172.0312,352344.0625,0.0000,0,0.0000,0.0000,0,0.0000,0,0.0000,0.0000,0,0.0000,0.0000,0,0,0,0,0,0,0,0,0,0,0,0,0,0,0,0,0,0,0,0,0,0,0,0,0
WG_METRICS 375,512,384,1.1596,0.0075,0.0062,1.1140,0.0159,0.0160,512,384,196608,393216,176488.3438,352976.6875,0.0000,0,0.0000,0.0000,0,0.0000,0,0.0000,0.0000,0,0.0000,0.0000,0,0,0,0,0,0,0,0,0,0,0,0,0,0,0,0,0,0,0,0,0,0,0,0,0
WG_METRICS 376,512,384,1.1783,0.0075,0.0068,1.1220,0.0250,0.0169,512,384,196608,393216,175223.6875,350447.3750,0.0000,0,0.0000,0.0000,0,0.0000,0,0.0000,0.0000,0,0.0000,0.0000,0,0,0,0,0,0,0,0,0,0,0,0,0,0,0,0,0,0,0,0,0,0,0,0,0
WG_METRICS 377,512,384,1.1580,0.0076,0.0068,1.1035,0.0245,0.0157,512,384,196608,393216,178170.8750,356341.7500,0.0000,0,0.0000,0.0000,0,0.0000,0,0.0000,0.0000,0,0.0000,0.0000,0,0,0,0,0,0,0,0,0,0,0,0,0,0,0,0,0,0,0,0,0,0,0,0,0
WG_METRICS 378,512,384,1.1574,0.0075,0.0068,1.1026,0.0246,0.0160,512,384,196608,393216,178319.5469,356639.0938,0.0000,0,0.0000,0.0000,0,0.0000,0,0.0000,0.0000,0,0.0000,0.0000,0,0,0,0,0,0,0,0,0,0,0,0,0,0,0,0,0,0,0,0,0,0,0,0,0
WG_METRICS 379,512,384,1.1663,0.0076,0.0069,1.1104,0.0253,0.0162,512,384,196608,393216,177054.1406,354108.2812,0.0000,0,0.0000,0.0000,0,0.0000,0,0.0000,0.0000,0,0.0000,0.0000,0,0,0,0,0,0,0,0,0,0,0,0,0,0,0,0,0,0,0,0,0,0,0,0,0
WG_METRICS 380,512,384,1.1623,0.0074,0.0066,1.1080,0.0248,0.0155,512,384,196608,393216,177437.6406,354875.2812,0.0000,0,0.0000,0.0000,0,0.0000,0,0.0000,0.0000,0,0.0000,0.0000,0,0,0,0,0,0,0,0,0,0,0,0,0,0,0,0,0,0,0,0,0,0,0,0,0
WG_METRICS 381,512,384,1.2028,0.0075,0.0067,1.1560,0.0160,0.0166,512,384,196608,393216,170070.2500,340140.5000,0.0000,0,0.0000,0.0000,0,0.0000,0,0.0000,0.0000,0,0.0000,0.0000,0,0,0,0,0,0,0,0,0,0,0,0,0,0,0,0,0,0,0,0,0,0,0,0,0
WG_METRICS 382,512,384,1.1577,0.0075,0.0066,1.1110,0.0163,0.0163,512,384,196608,393216,176971.2656,353942.5312,0.0000,0,0.0000,0.0000,0,0.0000,0,0.0000,0.0000,0,0.0000,0.0000,0,0,0,0,0,0,0,0,0,0,0,0,0,0,0,0,0,0,0,0,0,0,0,0,0
WG_METRICS 383,512,384,1.1653,0.0075,0.0068,1.1102,0.0248,0.0159,512,384,196608,393216,177086.0312,354172.0625,0.0000,0,0.0000,0.0000,0,0.0000,0,0.0000,0.0000,0,0.0000,0.0000,0,0,0,0,0,0,0,0,0,0,0,0,0,0,0,0,0,0,0,0,0,0,0,0,0
WG_METRICS 384,512,384,1.1679,0.0075,0.0067,1.1123,0.0247,0.0167,512,384,196608,393216,176761.2500,353522.5000,0.0000,0,0.0000,0.0000,0,0.0000,0,0.0000,0.0000,0,0.0000,0.0000,0,0,0,0,0,0,0,0,0,0,0,0,0,0,0,0,0,0,0,0,0,0,0,0,0
WG_METRICS 385,512,384,1.1666,0.0075,0.0068,1.1206,0.0159,0.0158,512,384,196608,393216,175448.8750,350897.7500,0.0000,0,0.0000,0.0000,0,0.0000,0,0.0000,0.0000,0,0.0000,0.0000,0,0,0,0,0,0,0,0,0,0,0,0,0,0,0,0,0,0,0,0,0,0,0,0,0
WG_METRICS 386,512,384,1.1652,0.0076,0.0068,1.1176,0.0160,0.0172,512,384,196608,393216,175926.1250,351852.2500,0.0000,0,0.0000,0.0000,0,0.0000,0,0.0000,0.0000,0,0.0000,0.0000,0,0,0,0,0,0,0,0,0,0,0,0,0,0,0,0,0,0,0,0,0,0,0,0,0
WG_METRICS 387,512,384,1.1696,0.0074,0.0068,1.1152,0.0247,0.0156,512,384,196608,393216,176304.7500,352609.5000,0.0000,0,0.0000,0.0000,0,0.0000,0,0.0000,0.0000,0,0.0000,0.0000,0,0,0,0,0,0,0,0,0,0,0,0,0,0,0,0,0,0,0,0,0,0,0,0,0
WG_METRICS 388,512,384,1.1547,0.0075,0.0066,1.1087,0.0162,0.0158,512,384,196608,393216,177335.2031,354670.4062,0.0000,0,0.0000,0.0000,0,0.0000,0,0.0000,0.0000,0,0.0000,0.0000,0,0,0,0,0,0,0,0,0,0,0,0,0,0,0,0,0,0,0,0,0,0,0,0,0
WG_METRICS 389,512,384,1.1724,0.0074,0.0066,1.1307,0.0118,0.0158,512,384,196608,393216,173884.7500,347769.5000,0.0000,0,0.0000,0.0000,0,0.0000,0,0.0000,0.0000,0,0.0000,0.0000,0,0,0,0,0,0,0,0,0,0,0,0,0,0,0,0,0,0,0,0,0,0,0,0,0
WG_METRICS 390,512,384,1.1698,0.0074,0.0069,1.1148,0.0251,0.0156,512,384,196608,393216,176361.6875,352723.3750,0.0000,0,0.0000,0.0000,0,0.0000,0,0.0000,0.0000,0,0.0000,0.0000,0,0,0,0,0,0,0,0,0,0,0,0,0,0,0,0,0,0,0,0,0,0,0,0,0
WG_METRICS 391,512,384,1.1487,0.0075,0.0068,1.1062,0.0114,0.0168,512,384,196608,393216,177732.7812,355465.5625,0.0000,0,0.0000,0.0000,0,0.0000,0,0.0000,0.0000,0,0.0000,0.0000,0,0,0,0,0,0,0,0,0,0,0,0,0,0,0,0,0,0,0,0,0,0,0,0,0
WG_METRICS 392,512,384,1.1459,0.0075,0.0068,1.1000,0.0158,0.0157,512,384,196608,393216,178728.0469,357456.0938,0.0000,0,0.0000,0.0000,0,0.0000,0,0.0000,0.0000,0,0.0000,0.0000,0,0,0,0,0,0,0,0,0,0,0,0,0,0,0,0,0,0,0,0,0,0,0,0,0
WG_METRICS 393,512,384,1.1729,0.0076,0.0058,1.1196,0.0245,0.0155,512,384,196608,393216,175611.8438,351223.6875,0.0000,0,0.0000,0.0000,0,0.0000,0,0.0000,0.0000,0,0.0000,0.0000,0,0,0,0,0,0,0,0,0,0,0,0,0,0,0,0,0,0,0,0,0,0,0,0,0
WG_METRICS 394,512,384,1.1679,0.0075,0.0068,1.1136,0.0245,0.0155,512,384,196608,393216,176558.0781,353116.1562,0.0000,0,0.0000,0.0000,0,0.0000,0,0.0000,0.0000,0,0.0000,0.0000,0,0,0,0,0,0,0,0,0,0,0,0,0,0,0,0,0,0,0,0,0,0,0,0,0
WG_METRICS 395,512,384,1.1786,0.0075,0.0069,1.1237,0.0244,0.0161,512,384,196608,393216,174967.9688,349935.9375,0.0000,0,0.0000,0.0000,0,0.0000,0,0.0000,0.0000,0,0.0000,0.0000,0,0,0,0,0,0,0,0,0,0,0,0,0,0,0,0,0,0,0,0,0,0,0,0,0
WG_METRICS 396,512,384,1.1910,0.0075,0.0068,1.1449,0.0161,0.0158,512,384,196608,393216,171728.0312,343456.0625,0.0000,0,0.0000,0.0000,0,0.0000,0,0.0000,0.0000,0,0.0000,0.0000,0,0,0,0,0,0,0,0,0,0,0,0,0,0,0,0,0,0,0,0,0,0,0,0,0
WG_METRICS 397,512,384,1.1770,0.0076,0.0068,1.1310,0.0160,0.0157,512,384,196608,393216,173835.5312,347671.0625,0.0000,0,0.0000,0.0000,0,0.0000,0,0.0000,0.0000,0,0.0000,0.0000,0,0,0,0,0,0,0,0,0,0,0,0,0,0,0,0,0,0,0,0,0,0,0,0,0
WG_METRICS 398,512,384,1.1602,0.0076,0.0069,1.1129,0.0170,0.0158,512,384,196608,393216,176659.5938,353319.1875,0.0000,0,0.0000,0.0000,0,0.0000,0,0.0000,0.0000,0,0.0000,0.0000,0,0,0,0,0,0,0,0,0,0,0,0,0,0,0,0,0,0,0,0,0,0,0,0,0
WG_METRICS 399,512,384,1.1590,0.0078,0.0069,1.1122,0.0164,0.0158,512,384,196608,393216,176767.6094,353535.2188,0.0000,0,0.0000,0.0000,0,0.0000,0,0.0000,0.0000,0,0.0000,0.0000,0,0,0,0,0,0,0,0,0,0,0,0,0,0,0,0,0,0,0,0,0,0,0,0,0
WG_METRICS 400,512,384,1.1642,0.0077,0.0067,1.1180,0.0161,0.0157,512,384,196608,393216,175863.1875,351726.3750,0.0000,0,0.0000,0.0000,0,0.0000,0,0.0000,0.0000,0,0.0000,0.0000,0,0,0,0,0,0,0,0,0,0,0,0,0,0,0,0,0,0,0,0,0,0,0,0,0
WG_METRICS 401,512,384,1.1658,0.0074,0.0066,1.1107,0.0245,0.0165,512,384,196608,393216,177015.8906,354031.7812,0.0000,0,0.0000,0.0000,0,0.0000,0,0.0000,0.0000,0,0.0000,0.0000,0,0,0,0,0,0,0,0,0,0,0,0,0,0,0,0,0,0,0,0,0,0,0,0,0
WG_METRICS 402,512,384,1.1742,0.0076,0.0069,1.1270,0.0165,0.0162,512,384,196608,393216,174446.3281,348892.6562,0.0000,0,0.0000,0.0000,0,0.0000,0,0.0000,0.0000,0,0.0000,0.0000,0,0,0,0,0,0,0,0,0,0,0,0,0,0,0,0,0,0,0,0,0,0,0,0,0
WG_METRICS 403,512,384,1.1738,0.0074,0.0066,1.1278,0.0164,0.0156,512,384,196608,393216,174322.5938,348645.1875,0.0000,0,0.0000,0.0000,0,0.0000,0,0.0000,0.0000,0,0.0000,0.0000,0,0,0,0,0,0,0,0,0,0,0,0,0,0,0,0,0,0,0,0,0,0,0,0,0
WG_METRICS 404,512,384,1.1746,0.0076,0.0068,1.1284,0.0162,0.0155,512,384,196608,393216,174236.0938,348472.1875,0.0000,0,0.0000,0.0000,0,0.0000,0,0.0000,0.0000,0,0.0000,0.0000,0,0,0,0,0,0,0,0,0,0,0,0,0,0,0,0,0,0,0,0,0,0,0,0,0
WG_METRICS 405,512,384,1.1590,0.0076,0.0067,1.1128,0.0160,0.0160,512,384,196608,393216,176685.0000,353370.0000,0.0000,0,0.0000,0.0000,0,0.0000,0,0.0000,0.0000,0,0.0000,0.0000,0,0,0,0,0,0,0,0,0,0,0,0,0,0,0,0,0,0,0,0,0,0,0,0,0
WG_METRICS 406,512,384,1.1738,0.0075,0.0069,1.1230,0.0209,0.0156,512,384,196608,393216,175073.9062,350147.8125,0.0000,0,0.0000,0.0000,0,0.0000,0,0.0000,0.0000,0,0.0000,0.0000,0,0,0,0,0,0,0,0,0,0,0,0,0,0,0,0,0,0,0,0,0,0,0,0,0
WG_METRICS 407,512,384,1.1582,0.0074,0.0066,1.1122,0.0163,0.0156,512,384,196608,393216,176767.6094,353535.2188,0.0000,0,0.0000,0.0000,0,0.0000,0,0.0000,0.0000,0,0.0000,0.0000,0,0,0,0,0,0,0,0,0,0,0,0,0,0,0,0,0,0,0,0,0,0,0,0,0
WG_METRICS 408,512,384,1.1729,0.0075,0.0069,1.1271,0.0159,0.0156,512,384,196608,393216,174440.1562,348880.3125,0.0000,0,0.0000,0.0000,0,0.0000,0,0.0000,0.0000,0,0.0000,0.0000,0,0,0,0,0,0,0,0,0,0,0,0,0,0,0,0,0,0,0,0,0,0,0,0,0
WG_METRICS 409,512,384,1.1579,0.0076,0.0064,1.1108,0.0170,0.0160,512,384,196608,393216,176990.3906,353980.7812,0.0000,0,0.0000,0.0000,0,0.0000,0,0.0000,0.0000,0,0.0000,0.0000,0,0,0,0,0,0,0,0,0,0,0,0,0,0,0,0,0,0,0,0,0,0,0,0,0
WG_METRICS 410,512,384,1.1634,0.0076,0.0068,1.1170,0.0164,0.0156,512,384,196608,393216,176014.3281,352028.6562,0.0000,0,0.0000,0.0000,0,0.0000,0,0.0000,0.0000,0,0.0000,0.0000,0,0,0,0,0,0,0,0,0,0,0,0,0,0,0,0,0,0,0,0,0,0,0,0,0
WG_METRICS 411,512,384,1.1824,0.0075,0.0069,1.1281,0.0244,0.0156,512,384,196608,393216,174279.3438,348558.6875,0.0000,0,0.0000,0.0000,0,0.0000,0,0.0000,0.0000,0,0.0000,0.0000,0,0,0,0,0,0,0,0,0,0,0,0,0,0,0,0,0,0,0,0,0,0,0,0,0
WG_METRICS 412,512,384,1.1856,0.0075,0.0070,1.1309,0.0244,0.0158,512,384,196608,393216,173847.8281,347695.6562,0.0000,0,0.0000,0.0000,0,0.0000,0,0.0000,0.0000,0,0.0000,0.0000,0,0,0,0,0,0,0,0,0,0,0,0,0,0,0,0,0,0,0,0,0,0,0,0,0
WG_METRICS 413,512,384,1.1668,0.0080,0.0066,1.1117,0.0246,0.0159,512,384,196608,393216,176850.2969,353700.5938,0.0000,0,0.0000,0.0000,0,0.0000,0,0.0000,0.0000,0,0.0000,0.0000,0,0,0,0,0,0,0,0,0,0,0,0,0,0,0,0,0,0,0,0,0,0,0,0,0
WG_METRICS 414,512,384,1.1554,0.0075,0.0068,1.1086,0.0168,0.0156,512,384,196608,393216,177348.0000,354696.0000,0.0000,0,0.0000,0.0000,0,0.0000,0,0.0000,0.0000,0,0.0000,0.0000,0,0,0,0,0,0,0,0,0,0,0,0,0,0,0,0,0,0,0,0,0,0,0,0,0
WG_METRICS 415,512,384,1.1697,0.0075,0.0068,1.1151,0.0244,0.0160,512,384,196608,393216,176317.3906,352634.7812,0.0000,0,0.0000,0.0000,0,0.0000,0,0.0000,0.0000,0,0.0000,0.0000,0,0,0,0,0,0,0,0,0,0,0,0,0,0,0,0,0,0,0,0,0,0,0,0,0
WG_METRICS 416,512,384,1.1804,0.0076,0.0068,1.1243,0.0256,0.0161,512,384,196608,393216,174868.3594,349736.7188,0.0000,0,0.0000,0.0000,0,0.0000,0,0.0000,0.0000,0,0.0000,0.0000,0,0,0,0,0,0,0,0,0,0,0,0,0,0,0,0,0,0,0,0,0,0,0,0,0
WG_METRICS 417,512,384,1.1893,0.0075,0.0065,1.1347,0.0250,0.0156,512,384,196608,393216,173265.6562,346531.3125,0.0000,0,0.0000,0.0000,0,0.0000,0,0.0000,0.0000,0,0.0000,0.0000,0,0,0,0,0,0,0,0,0,0,0,0,0,0,0,0,0,0,0,0,0,0,0,0,0
WG_METRICS 418,512,384,1.1700,0.0076,0.0068,1.1146,0.0254,0.0157,512,384,196608,393216,176399.6562,352799.3125,0.0000,0,0.0000,0.0000,0,0.0000,0,0.0000,0.0000,0,0.0000,0.0000,0,0,0,0,0,0,0,0,0,0,0,0,0,0,0,0,0,0,0,0,0,0,0,0,0
WG_METRICS 419,512,384,1.1792,0.0076,0.0062,1.1247,0.0243,0.0164,512,384,196608,393216,174806.1719,349612.3438,0.0000,0,0.0000,0.0000,0,0.0000,0,0.0000,0.0000,0,0.0000,0.0000,0,0,0,0,0,0,0,0,0,0,0,0,0,0,0,0,0,0,0,0,0,0,0,0,0
WG_METRICS 420,512,384,1.1719,0.0075,0.0066,1.1174,0.0248,0.0156,512,384,196608,393216,175945.0156,351890.0312,0.0000,0,0.0000,0.0000,0,0.0000,0,0.0000,0.0000,0,0.0000,0.0000,0,0,0,0,0,0,0,0,0,0,0,0,0,0,0,0,0,0,0,0,0,0,0,0,0
WG_METRICS 421,512,384,1.1622,0.0075,0.0068,1.1160,0.0160,0.0159,512,384,196608,393216,176165.7344,352331.4688,0.0000,0,0.0000,0.0000,0,0.0000,0,0.0000,0.0000,0,0.0000,0.0000,0,0,0,0,0,0,0,0,0,0,0,0,0,0,0,0,0,0,0,0,0,0,0,0,0
WG_METRICS 422,512,384,1.1490,0.0075,0.0068,1.1029,0.0159,0.0159,512,384,196608,393216,178261.3281,356522.6562,0.0000,0,0.0000,0.0000,0,0.0000,0,0.0000,0.0000,0,0.0000,0.0000,0,0,0,0,0,0,0,0,0,0,0,0,0,0,0,0,0,0,0,0,0,0,0,0,0
WG_METRICS 423,512,384,1.1951,0.0075,0.0069,1.1392,0.0252,0.0163,512,384,196608,393216,172590.3281,345180.6562,0.0000,0,0.0000,0.0000,0,0.0000,0,0.0000,0.0000,0,0.0000,0.0000,0,0,0,0,0,0,0,0,0,0,0,0,0,0,0,0,0,0,0,0,0,0,0,0,0
WG_METRICS 424,512,384,1.1714,0.0075,0.0068,1.1169,0.0246,0.0156,512,384,196608,393216,176026.9375,352053.8750,0.0000,0,0.0000,0.0000,0,0.0000,0,0.0000,0.0000,0,0.0000,0.0000,0,0,0,0,0,0,0,0,0,0,0,0,0,0,0,0,0,0,0,0,0,0,0,0,0
WG_METRICS 425,512,384,1.1708,0.0075,0.0068,1.1236,0.0162,0.0167,512,384,196608,393216,174974.2031,349948.4062,0.0000,0,0.0000,0.0000,0,0.0000,0,0.0000,0.0000,0,0.0000,0.0000,0,0,0,0,0,0,0,0,0,0,0,0,0,0,0,0,0,0,0,0,0,0,0,0,0
WG_METRICS 426,512,384,1.1674,0.0076,0.0069,1.1114,0.0256,0.0160,512,384,196608,393216,176901.2031,353802.4062,0.0000,0,0.0000,0.0000,0,0.0000,0,0.0000,0.0000,0,0.0000,0.0000,0,0,0,0,0,0,0,0,0,0,0,0,0,0,0,0,0,0,0,0,0,0,0,0,0
WG_METRICS 427,512,384,1.1666,0.0075,0.0065,1.1208,0.0161,0.0156,512,384,196608,393216,175417.5625,350835.1250,0.0000,0,0.0000,0.0000,0,0.0000,0,0.0000,0.0000,0,0.0000,0.0000,0,0,0,0,0,0,0,0,0,0,0,0,0,0,0,0,0,0,0,0,0,0,0,0,0
WG_METRICS 428,512,384,1.1631,0.0076,0.0068,1.1083,0.0246,0.0158,512,384,196608,393216,177399.2188,354798.4375,0.0000,0,0.0000,0.0000,0,0.0000,0,0.0000,0.0000,0,0.0000,0.0000,0,0,0,0,0,0,0,0,0,0,0,0,0,0,0,0,0,0,0,0,0,0,0,0,0
WG_METRICS 429,512,384,1.1635,0.0075,0.0068,1.1178,0.0158,0.0156,512,384,196608,393216,175894.6562,351789.3125,0.0000,0,0.0000,0.0000,0,0.0000,0,0.0000,0.0000,0,0.0000,0.0000,0,0,0,0,0,0,0,0,0,0,0,0,0,0,0,0,0,0,0,0,0,0,0,0,0
WG_METRICS 430,512,384,1.1728,0.0114,0.0036,1.1257,0.0166,0.0156,512,384,196608,393216,174650.8906,349301.7812,0.0000,0,0.0000,0.0000,0,0.0000,0,0.0000,0.0000,0,0.0000,0.0000,0,0,0,0,0,0,0,0,0,0,0,0,0,0,0,0,0,0,0,0,0,0,0,0,0
WG_METRICS 431,512,384,1.1545,0.0075,0.0068,1.0978,0.0256,0.0167,512,384,196608,393216,179092.7344,358185.4688,0.0000,0,0.0000,0.0000,0,0.0000,0,0.0000,0.0000,0,0.0000,0.0000,0,0,0,0,0,0,0,0,0,0,0,0,0,0,0,0,0,0,0,0,0,0,0,0,0
WG_METRICS 432,512,384,1.2427,0.0074,0.0069,1.2012,0.0113,0.0158,512,384,196608,393216,163670.8750,327341.7500,0.0000,0,0.0000,0.0000,0,0.0000,0,0.0000,0.0000,0,0.0000,0.0000,0,0,0,0,0,0,0,0,0,0,0,0,0,0,0,0,0,0,0,0,0,0,0,0,0
WG_METRICS 433,512,384,1.1820,0.0076,0.0068,1.1259,0.0249,0.0168,512,384,196608,393216,174619.8594,349239.7188,0.0000,0,0.0000,0.0000,0,0.0000,0,0.0000,0.0000,0,0.0000,0.0000,0,0,0,0,0,0,0,0,0,0,0,0,0,0,0,0,0,0,0,0,0,0,0,0,0
WG_METRICS 434,512,384,1.1584,0.0075,0.0068,1.1117,0.0160,0.0164,512,384,196608,393216,176856.6406,353713.2812,0.0000,0,0.0000,0.0000,0,0.0000,0,0.0000,0.0000,0,0.0000,0.0000,0,0,0,0,0,0,0,0,0,0,0,0,0,0,0,0,0,0,0,0,0,0,0,0,0
WG_METRICS 435,512,384,1.1565,0.0075,0.0068,1.1096,0.0162,0.0164,512,384,196608,393216,177194.5625,354389.1250,0.0000,0,0.0000,0.0000,0,0.0000,0,0.0000,0.0000,0,0.0000,0.0000,0,0,0,0,0,0,0,0,0,0,0,0,0,0,0,0,0,0,0,0,0,0,0,0,0
WG_METRICS 436,512,384,1.1541,0.0075,0.0068,1.1065,0.0164,0.0169,512,384,196608,393216,177687.7969,355375.5938,0.0000,0,0.0000,0.0000,0,0.0000,0,0.0000,0.0000,0,0.0000,0.0000,0,0,0,0,0,0,0,0,0,0,0,0,0,0,0,0,0,0,0,0,0,0,0,0,0
WG_METRICS 437,512,384,1.1978,0.0070,0.0065,1.1503,0.0169,0.0171,512,384,196608,393216,170921.8594,341843.7188,0.0000,0,0.0000,0.0000,0,0.0000,0,0.0000,0.0000,0,0.0000,0.0000,0,0,0,0,0,0,0,0,0,0,0,0,0,0,0,0,0,0,0,0,0,0,0,0,0
WG_METRICS 438,512,384,1.1707,0.0074,0.0066,1.1235,0.0164,0.0168,512,384,196608,393216,174992.8750,349985.7500,0.0000,0,0.0000,0.0000,0,0.0000,0,0.0000,0.0000,0,0.0000,0.0000,0,0,0,0,0,0,0,0,0,0,0,0,0,0,0,0,0,0,0,0,0,0,0,0,0
WG_METRICS 439,512,384,1.1646,0.0074,0.0069,1.1102,0.0245,0.0156,512,384,196608,393216,177098.7969,354197.5938,0.0000,0,0.0000,0.0000,0,0.0000,0,0.0000,0.0000,0,0.0000,0.0000,0,0,0,0,0,0,0,0,0,0,0,0,0,0,0,0,0,0,0,0,0,0,0,0,0
WG_METRICS 440,512,384,1.1745,0.0076,0.0068,1.1195,0.0245,0.0160,512,384,196608,393216,175618.1250,351236.2500,0.0000,0,0.0000,0.0000,0,0.0000,0,0.0000,0.0000,0,0.0000,0.0000,0,0,0,0,0,0,0,0,0,0,0,0,0,0,0,0,0,0,0,0,0,0,0,0,0
WG_METRICS 441,512,384,1.1725,0.0075,0.0068,1.1266,0.0156,0.0159,512,384,196608,393216,174508.2812,349016.5625,0.0000,0,0.0000,0.0000,0,0.0000,0,0.0000,0.0000,0,0.0000,0.0000,0,0,0,0,0,0,0,0,0,0,0,0,0,0,0,0,0,0,0,0,0,0,0,0,0
WG_METRICS 442,512,384,1.1676,0.0076,0.0067,1.1213,0.0162,0.0157,512,384,196608,393216,175336.2031,350672.4062,0.0000,0,0.0000,0.0000,0,0.0000,0,0.0000,0.0000,0,0.0000,0.0000,0,0,0,0,0,0,0,0,0,0,0,0,0,0,0,0,0,0,0,0,0,0,0,0,0
WG_METRICS 443,512,384,1.1664,0.0075,0.0068,1.1117,0.0245,0.0158,512,384,196608,393216,176850.2969,353700.5938,0.0000,0,0.0000,0.0000,0,0.0000,0,0.0000,0.0000,0,0.0000,0.0000,0,0,0,0,0,0,0,0,0,0,0,0,0,0,0,0,0,0,0,0,0,0,0,0,0
WG_METRICS 444,512,384,1.1932,0.0076,0.0067,1.1376,0.0251,0.0162,512,384,196608,393216,172820.9219,345641.8438,0.0000,0,0.0000,0.0000,0,0.0000,0,0.0000,0.0000,0,0.0000,0.0000,0,0,0,0,0,0,0,0,0,0,0,0,0,0,0,0,0,0,0,0,0,0,0,0,0
WG_METRICS 445,512,384,1.1675,0.0076,0.0068,1.1218,0.0158,0.0156,512,384,196608,393216,175267.4375,350534.8750,0.0000,0,0.0000,0.0000,0,0.0000,0,0.0000,0.0000,0,0.0000,0.0000,0,0,0,0,0,0,0,0,0,0,0,0,0,0,0,0,0,0,0,0,0,0,0,0,0
WG_METRICS 446,512,384,1.1653,0.0074,0.0066,1.1191,0.0166,0.0156,512,384,196608,393216,175687.1875,351374.3750,0.0000,0,0.0000,0.0000,0,0.0000,0,0.0000,0.0000,0,0.0000,0.0000,0,0,0,0,0,0,0,0,0,0,0,0,0,0,0,0,0,0,0,0,0,0,0,0,0
WG_METRICS 447,512,384,1.1646,0.0076,0.0066,1.1094,0.0249,0.0161,512,384,196608,393216,177226.5156,354453.0312,0.0000,0,0.0000,0.0000,0,0.0000,0,0.0000,0.0000,0,0.0000,0.0000,0,0,0,0,0,0,0,0,0,0,0,0,0,0,0,0,0,0,0,0,0,0,0,0,0
WG_METRICS 448,512,384,1.1625,0.0075,0.0068,1.1077,0.0246,0.0158,512,384,196608,393216,177488.8906,354977.7812,0.0000,0,0.0000,0.0000,0,0.0000,0,0.0000,0.0000,0,0.0000,0.0000,0,0,0,0,0,0,0,0,0,0,0,0,0,0,0,0,0,0,0,0,0,0,0,0,0
WG_METRICS 449,512,384,1.1634,0.0076,0.0068,1.1178,0.0158,0.0156,512,384,196608,393216,175894.6562,351789.3125,0.0000,0,0.0000,0.0000,0,0.0000,0,0.0000,0.0000,0,0.0000,0.0000,0,0,0,0,0,0,0,0,0,0,0,0,0,0,0,0,0,0,0,0,0,0,0,0,0
WG_METRICS 450,512,384,1.1582,0.0075,0.0068,1.1127,0.0158,0.0155,512,384,196608,393216,176697.7031,353395.4062,0.0000,0,0.0000,0.0000,0,0.0000,0,0.0000,0.0000,0,0.0000,0.0000,0,0,0,0,0,0,0,0,0,0,0,0,0,0,0,0,0,0,0,0,0,0,0,0,0
WG_METRICS 451,512,384,1.1948,0.0075,0.0069,1.1385,0.0254,0.0166,512,384,196608,393216,172693.4219,345386.8438,0.0000,0,0.0000,0.0000,0,0.0000,0,0.0000,0.0000,0,0.0000,0.0000,0,0,0,0,0,0,0,0,0,0,0,0,0,0,0,0,0,0,0,0,0,0,0,0,0
WG_METRICS 452,512,384,1.1688,0.0076,0.0066,1.1144,0.0247,0.0156,512,384,196608,393216,176431.3125,352862.6250,0.0000,0,0.0000,0.0000,0,0.0000,0,0.0000,0.0000,0,0.0000,0.0000,0,0,0,0,0,0,0,0,0,0,0,0,0,0,0,0,0,0,0,0,0,0,0,0,0
WG_METRICS 453,512,384,1.1724,0.0074,0.0069,1.1170,0.0244,0.0168,512,384,196608,393216,176020.6250,352041.2500,0.0000,0,0.0000,0.0000,0,0.0000,0,0.0000,0.0000,0,0.0000,0.0000,0,0,0,0,0,0,0,0,0,0,0,0,0,0,0,0,0,0,0,0,0,0,0,0,0
WG_METRICS 454,512,384,1.1878,0.0074,0.0069,1.1402,0.0170,0.0162,512,384,196608,393216,172432.9062,344865.8125,0.0000,0,0.0000,0.0000,0,0.0000,0,0.0000,0.0000,0,0.0000,0.0000,0,0,0,0,0,0,0,0,0,0,0,0,0,0,0,0,0,0,0,0,0,0,0,0,0
WG_METRICS 455,512,384,1.1516,0.0074,0.0069,1.1057,0.0160,0.0155,512,384,196608,393216,177809.9219,355619.8438,0.0000,0,0.0000,0.0000,0,0.0000,0,0.0000,0.0000,0,0.0000,0.0000,0,0,0,0,0,0,0,0,0,0,0,0,0,0,0,0,0,0,0,0,0,0,0,0,0
WG_METRICS 456,512,384,1.1740,0.0075,0.0068,1.1190,0.0244,0.0162,512,384,196608,393216,175706.0156,351412.0312,0.0000,0,0.0000,0.0000,0,0.0000,0,0.0000,0.0000,0,0.0000,0.0000,0,0,0,0,0,0,0,0,0,0,0,0,0,0,0,0,0,0,0,0,0,0,0,0,0
WG_METRICS 457,512,384,1.1474,0.0074,0.0068,1.1062,0.0112,0.0157,512,384,196608,393216,177732.7812,355465.5625,0.0000,0,0.0000,0.0000,0,0.0000,0,0.0000,0.0000,0,0.0000,0.0000,0,0,0,0,0,0,0,0,0,0,0,0,0,0,0,0,0,0,0,0,0,0,0,0,0
WG_METRICS 458,512,384,1.1679,0.0074,0.0067,1.1131,0.0246,0.0162,512,384,196608,393216,176634.2031,353268.4062,0.0000,0,0.0000,0.0000,0,0.0000,0,0.0000,0.0000,0,0.0000,0.0000,0,0,0,0,0,0,0,0,0,0,0,0,0,0,0,0,0,0,0,0,0,0,0,0,0
WG_METRICS 459,512,384,1.1672,0.0080,0.0069,1.1235,0.0124,0.0163,512,384,196608,393216,174992.8750,349985.7500,0.0000,0,0.0000,0.0000,0,0.0000,0,0.0000,0.0000,0,0.0000,0.0000,0,0,0,0,0,0,0,0,0,0,0,0,0,0,0,0,0,0,0,0,0,0,0,0,0
WG_METRICS 460,512,384,1.1785,0.0074,0.0066,1.1240,0.0245,0.0160,512,384,196608,393216,174924.3750,349848.7500,0.0000,0,0.0000,0.0000,0,0.0000,0,0.0000,0.0000,0,0.0000,0.0000,0,0,0,0,0,0,0,0,0,0,0,0,0,0,0,0,0,0,0,0,0,0,0,0,0
WG_METRICS 461,512,384,1.1608,0.0076,0.0061,1.1064,0.0245,0.0160,512,384,196608,393216,177694.2344,355388.4688,0.0000,0,0.0000,0.0000,0,0.0000,0,0.0000,0.0000,0,0.0000,0.0000,0,0,0,0,0,0,0,0,0,0,0,0,0,0,0,0,0,0,0,0,0,0,0,0,0
WG_METRICS 462,512,384,1.1710,0.0075,0.0068,1.1238,0.0169,0.0160,512,384,196608,393216,174943.0625,349886.1250,0.0000,0,0.0000,0.0000,0,0.0000,0,0.0000,0.0000,0,0.0000,0.0000,0,0,0,0,0,0,0,0,0,0,0,0,0,0,0,0,0,0,0,0,0,0,0,0,0
WG_METRICS 463,512,384,1.1739,0.0075,0.0068,1.1197,0.0243,0.0156,512,384,196608,393216,175586.7500,351173.5000,0.0000,0,0.0000,0.0000,0,0.0000,0,0.0000,0.0000,0,0.0000,0.0000,0,0,0,0,0,0,0,0,0,0,0,0,0,0,0,0,0,0,0,0,0,0,0,0,0
WG_METRICS 464,512,384,1.1588,0.0075,0.0069,1.1127,0.0161,0.0156,512,384,196608,393216,176691.3438,353382.6875,0.0000,0,0.0000,0.0000,0,0.0000,0,0.0000,0.0000,0,0.0000,0.0000,0,0,0,0,0,0,0,0,0,0,0,0,0,0,0,0,0,0,0,0,0,0,0,0,0
WG_METRICS 465,512,384,1.1490,0.0075,0.0068,1.1030,0.0158,0.0159,512,384,196608,393216,178254.8750,356509.7500,0.0000,0,0.0000,0.0000,0,0.0000,0,0.0000,0.0000,0,0.0000,0.0000,0,0,0,0,0,0,0,0,0,0,0,0,0,0,0,0,0,0,0,0,0,0,0,0,0
WG_METRICS 466,512,384,1.1524,0.0075,0.0069,1.1043,0.0168,0.0168,512,384,196608,393216,178035.3438,356070.6875,0.0000,0,0.0000,0.0000,0,0.0000,0,0.0000,0.0000,0,0.0000,0.0000,0,0,0,0,0,0,0,0,0,0,0,0,0,0,0,0,0,0,0,0,0,0,0,0,0
WG_METRICS 467,512,384,1.1543,0.0076,0.0066,1.1080,0.0165,0.0156,512,384,196608,393216,177444.0312,354888.0625,0.0000,0,0.0000,0.0000,0,0.0000,0,0.0000,0.0000,0,0.0000,0.0000,0,0,0,0,0,0,0,0,0,0,0,0,0,0,0,0,0,0,0,0,0,0,0,0,0
WG_METRICS 468,512,384,1.1752,0.0074,0.0068,1.1292,0.0156,0.0161,512,384,196608,393216,174106.4688,348212.9375,0.0000,0,0.0000,0.0000,0,0.0000,0,0.0000,0.0000,0,0.0000,0.0000,0,0,0,0,0,0,0,0,0,0,0,0,0,0,0,0,0,0,0,0,0,0,0,0,0
WG_METRICS 469,512,384,1.1748,0.0076,0.0068,1.1274,0.0164,0.0167,512,384,196608,393216,174390.6250,348781.2500,0.0000,0,0.0000,0.0000,0,0.0000,0,0.0000,0.0000,0,0.0000,0.0000,0,0,0,0,0,0,0,0,0,0,0,0,0,0,0,0,0,0,0,0,0,0,0,0,0
WG_METRICS 470,512,384,1.1958,0.0075,0.0069,1.1493,0.0160,0.0161,512,384,196608,393216,171064.6250,342129.2500,0.0000,0,0.0000,0.0000,0,0.0000,0,0.0000,0.0000,0,0.0000,0.0000,0,0,0,0,0,0,0,0,0,0,0,0,0,0,0,0,0,0,0,0,0,0,0,0,0
WG_METRICS 471,512,384,1.1691,0.0074,0.0068,1.1226,0.0164,0.0158,512,384,196608,393216,175130.0469,350260.0938,0.0000,0,0.0000,0.0000,0,0.0000,0,0.0000,0.0000,0,0.0000,0.0000,0,0,0,0,0,0,0,0,0,0,0,0,0,0,0,0,0,0,0,0,0,0,0,0,0
WG_METRICS 472,512,384,1.1598,0.0076,0.0068,1.1135,0.0160,0.0159,512,384,196608,393216,176564.4062,353128.8125,0.0000,0,0.0000,0.0000,0,0.0000,0,0.0000,0.0000,0,0.0000,0.0000,0,0,0,0,0,0,0,0,0,0,0,0,0,0,0,0,0,0,0,0,0,0,0,0,0
WG_METRICS 473,512,384,1.1632,0.0074,0.0068,1.1086,0.0247,0.0156,512,384,196608,393216,177354.4062,354708.8125,0.0000,0,0.0000,0.0000,0,0.0000,0,0.0000,0.0000,0,0.0000,0.0000,0,0,0,0,0,0,0,0,0,0,0,0,0,0,0,0,0,0,0,0,0,0,0,0,0
WG_METRICS 474,512,384,1.1576,0.0075,0.0061,1.1038,0.0244,0.0159,512,384,196608,393216,178119.2188,356238.4375,0.0000,0,0.0000,0.0000,0,0.0000,0,0.0000,0.0000,0,0.0000,0.0000,0,0,0,0,0,0,0,0,0,0,0,0,0,0,0,0,0,0,0,0,0,0,0,0,0
WG_METRICS 475,512,384,1.1809,0.0075,0.0060,1.1298,0.0210,0.0165,512,384,196608,393216,174014.0156,348028.0312,0.0000,0,0.0000,0.0000,0,0.0000,0,0.0000,0.0000,0,0.0000,0.0000,0,0,0,0,0,0,0,0,0,0,0,0,0,0,0,0,0,0,0,0,0,0,0,0,0
WG_METRICS 476,512,384,1.1604,0.0074,0.0067,1.1145,0.0162,0.0156,512,384,196608,393216,176412.3125,352824.6250,0.0000,0,0.0000,0.0000,0,0.0000,0,0.0000,0.0000,0,0.0000,0.0000,0,0,0,0,0,0,0,0,0,0,0,0,0,0,0,0,0,0,0,0,0,0,0,0,0
WG_METRICS 477,512,384,1.1506,0.0075,0.0069,1.1046,0.0160,0.0156,512,384,196608,393216,177990.2344,355980.4688,0.0000,0,0.0000,0.0000,0,0.0000,0,0.0000,0.0000,0,0.0000,0.0000,0,0,0,0,0,0,0,0,0,0,0,0,0,0,0,0,0,0,0,0,0,0,0,0,0
WG_METRICS 478,512,384,1.1642,0.0075,0.0069,1.1167,0.0172,0.0159,512,384,196608,393216,176064.7656,352129.5312,0.0000,0,0.0000,0.0000,0,0.0000,0,0.0000,0.0000,0,0.0000,0.0000,0,0,0,0,0,0,0,0,0,0,0,0,0,0,0,0,0,0,0,0,0,0,0,0,0
WG_METRICS 479,512,384,1.1580,0.0075,0.0068,1.1117,0.0159,0.0160,512,384,196608,393216,176850.2969,353700.5938,0.0000,0,0.0000,0.0000,0,0.0000,0,0.0000,0.0000,0,0.0000,0.0000,0,0,0,0,0,0,0,0,0,0,0,0,0,0,0,0,0,0,0,0,0,0,0,0,0
WG_METRICS 480,512,384,1.1667,0.0075,0.0068,1.1212,0.0156,0.0156,512,384,196608,393216,175348.7188,350697.4375,0.0000,0,0.0000,0.0000,0,0.0000,0,0.0000,0.0000,0,0.0000,0.0000,0,0,0,0,0,0,0,0,0,0,0,0,0,0,0,0,0,0,0,0,0,0,0,0,0
WG_METRICS 481,512,384,1.1801,0.0075,0.0069,1.1256,0.0245,0.0156,512,384,196608,393216,174663.2969,349326.5938,0.0000,0,0.0000,0.0000,0,0.0000,0,0.0000,0.0000,0,0.0000,0.0000,0,0,0,0,0,0,0,0,0,0,0,0,0,0,0,0,0,0,0,0,0,0,0,0,0
WG_METRICS 482,512,384,1.1637,0.0076,0.0068,1.1133,0.0197,0.0162,512,384,196608,393216,176602.4688,353204.9375,0.0000,0,0.0000,0.0000,0,0.0000,0,0.0000,0.0000,0,0.0000,0.0000,0,0,0,0,0,0,0,0,0,0,0,0,0,0,0,0,0,0,0,0,0,0,0,0,0
WG_METRICS 483,512,384,1.1546,0.0075,0.0068,1.1086,0.0160,0.0157,512,384,196608,393216,177341.6094,354683.2188,0.0000,0,0.0000,0.0000,0,0.0000,0,0.0000,0.0000,0,0.0000,0.0000,0,0,0,0,0,0,0,0,0,0,0,0,0,0,0,0,0,0,0,0,0,0,0,0,0
WG_METRICS 484,512,384,1.1624,0.0074,0.0066,1.1221,0.0107,0.0156,512,384,196608,393216,175211.2031,350422.4062,0.0000,0,0.0000,0.0000,0,0.0000,0,0.0000,0.0000,0,0.0000,0.0000,0,0,0,0,0,0,0,0,0,0,0,0,0,0,0,0,0,0,0,0,0,0,0,0,0
WG_METRICS 485,512,384,1.1596,0.0075,0.0069,1.1126,0.0161,0.0165,512,384,196608,393216,176704.0469,353408.0938,0.0000,0,0.0000,0.0000,0,0.0000,0,0.0000,0.0000,0,0.0000,0.0000,0,0,0,0,0,0,0,0,0,0,0,0,0,0,0,0,0,0,0,0,0,0,0,0,0
WG_METRICS 486,512,384,1.1824,0.0080,0.0068,1.1253,0.0253,0.0169,512,384,196608,393216,174712.9844,349425.9688,0.0000,0,0.0000,0.0000,0,0.0000,0,0.0000,0.0000,0,0.0000,0.0000,0,0,0,0,0,0,0,0,0,0,0,0,0,0,0,0,0,0,0,0,0,0,0,0,0
WG_METRICS 487,512,384,1.1730,0.0075,0.0068,1.1176,0.0246,0.0165,512,384,196608,393216,175913.5312,351827.0625,0.0000,0,0.0000,0.0000,0,0.0000,0,0.0000,0.0000,0,0.0000,0.0000,0,0,0,0,0,0,0,0,0,0,0,0,0,0,0,0,0,0,0,0,0,0,0,0,0
WG_METRICS 488,512,384,1.1793,0.0074,0.0066,1.1319,0.0164,0.0170,512,384,196608,393216,173700.3906,347400.7812,0.0000,0,0.0000,0.0000,0,0.0000,0,0.0000,0.0000,0,0.0000,0.0000,0,0,0,0,0,0,0,0,0,0,0,0,0,0,0,0,0,0,0,0,0,0,0,0,0
WG_METRICS 489,512,384,1.1752,0.0075,0.0069,1.1195,0.0253,0.0160,512,384,196608,393216,175624.3906,351248.7812,0.0000,0,0.0000,0.0000,0,0.0000,0,0.0000,0.0000,0,0.0000,0.0000,0,0,0,0,0,0,0,0,0,0,0,0,0,0,0,0,0,0,0,0,0,0,0,0,0
WG_METRICS 490,512,384,1.1511,0.0076,0.0068,1.1054,0.0158,0.0157,512,384,196608,393216,177867.8438,355735.6875,0.0000,0,0.0000,0.0000,0,0.0000,0,0.0000,0.0000,0,0.0000,0.0000,0,0,0,0,0,0,0,0,0,0,0,0,0,0,0,0,0,0,0,0,0,0,0,0,0
WG_METRICS 491,512,384,1.1849,0.0074,0.0070,1.1298,0.0250,0.0157,512,384,196608,393216,174014.0156,348028.0312,0.0000,0,0.0000,0.0000,0,0.0000,0,0.0000,0.0000,0,0.0000,0.0000,0,0,0,0,0,0,0,0,0,0,0,0,0,0,0,0,0,0,0,0,0,0,0,0,0
WG_METRICS 492,512,384,1.1656,0.0076,0.0069,1.1193,0.0160,0.0160,512,384,196608,393216,175655.7812,351311.5625,0.0000,0,0.0000,0.0000,0,0.0000,0,0.0000,0.0000,0,0.0000,0.0000,0,0,0,0,0,0,0,0,0,0,0,0,0,0,0,0,0,0,0,0,0,0,0,0,0
WG_METRICS 493,512,384,1.1681,0.0076,0.0068,1.1220,0.0161,0.0156,512,384,196608,393216,175229.9531,350459.9062,0.0000,0,0.0000,0.0000,0,0.0000,0,0.0000,0.0000,0,0.0000,0.0000,0,0,0,0,0,0,0,0,0,0,0,0,0,0,0,0,0,0,0,0,0,0,0,0,0
WG_METRICS 494,512,384,1.1668,0.0075,0.0069,1.1199,0.0170,0.0155,512,384,196608,393216,175555.3906,351110.7812,0.0000,0,0.0000,0.0000,0,0.0000,0,0.0000,0.0000,0,0.0000,0.0000,0,0,0,0,0,0,0,0,0,0,0,0,0,0,0,0,0,0,0,0,0,0,0,0,0
WG_METRICS 495,512,384,1.1551,0.0075,0.0068,1.1093,0.0158,0.0157,512,384,196608,393216,177232.8906,354465.7812,0.0000,0,0.0000,0.0000,0,0.0000,0,0.0000,0.0000,0,0.0000,0.0000,0,0,0,0,0,0,0,0,0,0,0,0,0,0,0,0,0,0,0,0,0,0,0,0,0
WG_METRICS 496,512,384,1.1774,0.0075,0.0069,1.1217,0.0251,0.0161,512,384,196608,393216,175273.6875,350547.3750,0.0000,0,0.0000,0.0000,0,0.0000,0,0.0000,0.0000,0,0.0000,0.0000,0,0,0,0,0,0,0,0,0,0,0,0,0,0,0,0,0,0,0,0,0,0,0,0,0
WG_METRICS 497,512,384,1.1770,0.0074,0.0068,1.1310,0.0162,0.0156,512,384,196608,393216,173841.6875,347683.3750,0.0000,0,0.0000,0.0000,0,0.0000,0,0.0000,0.0000,0,0.0000,0.0000,0,0,0,0,0,0,0,0,0,0,0,0,0,0,0,0,0,0,0,0,0,0,0,0,0
WG_METRICS 498,512,384,1.1686,0.0075,0.0069,1.1279,0.0107,0.0156,512,384,196608,393216,174316.4219,348632.8438,0.0000,0,0.0000,0.0000,0,0.0000,0,0.0000,0.0000,0,0.0000,0.0000,0,0,0,0,0,0,0,0,0,0,0,0,0,0,0,0,0,0,0,0,0,0,0,0,0
WG_METRICS 499,512,384,1.1534,0.0074,0.0070,1.1071,0.0159,0.0160,512,384,196608,393216,177591.5000,355183.0000,0.0000,0,0.0000,0.0000,0,0.0000,0,0.0000,0.0000,0,0.0000,0.0000,0,0,0,0,0,0,0,0,0,0,0,0,0,0,0,0,0,0,0,0,0,0,0,0,0
WG_METRICS 500,512,384,1.1747,0.0074,0.0066,1.1203,0.0246,0.0158,512,384,196608,393216,175498.9844,350997.9688,0.0000,0,0.0000,0.0000,0,0.0000,0,0.0000,0.0000,0,0.0000,0.0000,0,0,0,0,0,0,0,0,0,0,0,0,0,0,0,0,0,0,0,0,0,0,0,0,0
WG_METRICS 501,512,384,1.1607,0.0075,0.0068,1.1148,0.0161,0.0155,512,384,196608,393216,176368.0000,352736.0000,0.0000,0,0.0000,0.0000,0,0.0000,0,0.0000,0.0000,0,0.0000,0.0000,0,0,0,0,0,0,0,0,0,0,0,0,0,0,0,0,0,0,0,0,0,0,0,0,0
WG_METRICS 502,512,384,1.1579,0.0076,0.0069,1.1119,0.0157,0.0159,512,384,196608,393216,176824.8438,353649.6875,0.0000,0,0.0000,0.0000,0,0.0000,0,0.0000,0.0000,0,0.0000,0.0000,0,0,0,0,0,0,0,0,0,0,0,0,0,0,0,0,0,0,0,0,0,0,0,0,0
WG_METRICS 503,512,384,1.1909,0.0077,0.0070,1.1352,0.0250,0.0161,512,384,196608,393216,173186.2969,346372.5938,0.0000,0,0.0000,0.0000,0,0.0000,0,0.0000,0.0000,0,0.0000,0.0000,0,0,0,0,0,0,0,0,0,0,0,0,0,0,0,0,0,0,0,0,0,0,0,0,0
WG_METRICS 504,512,384,1.1685,0.0075,0.0068,1.1188,0.0196,0.0157,512,384,196608,393216,175724.8594,351449.7188,0.0000,0,0.0000,0.0000,0,0.0000,0,0.0000,0.0000,0,0.0000,0.0000,0,0,0,0,0,0,0,0,0,0,0,0,0,0,0,0,0,0,0,0,0,0,0,0,0
WG_METRICS 505,512,384,1.1780,0.0075,0.0068,1.1233,0.0247,0.0157,512,384,196608,393216,175030.2656,350060.5312,0.0000,0,0.0000,0.0000,0,0.0000,0,0.0000,0.0000,0,0.0000,0.0000,0,0,0,0,0,0,0,0,0,0,0,0,0,0,0,0,0,0,0,0,0,0,0,0,0
WG_METRICS 506,512,384,1.1571,0.0076,0.0069,1.1100,0.0164,0.0163,512,384,196608,393216,177130.7188,354261.4375,0.0000,0,0.0000,0.0000,0,0.0000,0,0.0000,0.0000,0,0.0000,0.0000,0,0,0,0,0,0,0,0,0,0,0,0,0,0,0,0,0,0,0,0,0,0,0,0,0
WG_METRICS 507,512,384,1.1583,0.0076,0.0068,1.1029,0.0252,0.0158,512,384,196608,393216,178267.8125,356535.6250,0.0000,0,0.0000,0.0000,0,0.0000,0,0.0000,0.0000,0,0.0000,0.0000,0,0,0,0,0,0,0,0,0,0,0,0,0,0,0,0,0,0,0,0,0,0,0,0,0
WG_METRICS 508,512,384,1.1599,0.0074,0.0068,1.1138,0.0162,0.0156,512,384,196608,393216,176513.6875,353027.3750,0.0000,0,0.0000,0.0000,0,0.0000,0,0.0000,0.0000,0,0.0000,0.0000,0,0,0,0,0,0,0,0,0,0,0,0,0,0,0,0,0,0,0,0,0,0,0,0,0
WG_METRICS 509,512,384,1.1791,0.0075,0.0068,1.1239,0.0248,0.0161,512,384,196608,393216,174936.8281,349873.6562,0.0000,0,0.0000,0.0000,0,0.0000,0,0.0000,0.0000,0,0.0000,0.0000,0,0,0,0,0,0,0,0,0,0,0,0,0,0,0,0,0,0,0,0,0,0,0,0,0
WG_METRICS 510,512,384,1.1783,0.0080,0.0067,1.1225,0.0252,0.0160,512,384,196608,393216,175155.0156,350310.0312,0.0000,0,0.0000,0.0000,0,0.0000,0,0.0000,0.0000,0,0.0000,0.0000,0,0,0,0,0,0,0,0,0,0,0,0,0,0,0,0,0,0,0,0,0,0,0,0,0
WG_METRICS 511,512,384,1.1523,0.0079,0.0070,1.1056,0.0161,0.0157,512,384,196608,393216,177829.2344,355658.4688,0.0000,0,0.0000,0.0000,0,0.0000,0,0.0000,0.0000,0,0.0000,0.0000,0,0,0,0,0,0,0,0,0,0,0,0,0,0,0,0,0,0,0,0,0,0,0,0,0
WG_METRICS 512,512,384,1.1795,0.0075,0.0073,1.1332,0.0158,0.0158,512,384,196608,393216,173498.0469,346996.0938,0.0000,0,0.0000,0.0000,0,0.0000,0,0.0000,0.0000,0,0.0000,0.0000,0,0,0,0,0,0,0,0,0,0,0,0,0,0,0,0,0,0,0,0,0,0,0,0,0
WG_METRICS 513,512,384,1.1632,0.0075,0.0068,1.1082,0.0245,0.0161,512,384,196608,393216,177405.6094,354811.2188,0.0000,0,0.0000,0.0000,0,0.0000,0,0.0000,0.0000,0,0.0000,0.0000,0,0,0,0,0,0,0,0,0,0,0,0,0,0,0,0,0,0,0,0,0,0,0,0,0
WG_METRICS 514,512,384,1.1818,0.0078,0.0066,1.1257,0.0255,0.0161,512,384,196608,393216,174657.0938,349314.1875,0.0000,0,0.0000,0.0000,0,0.0000,0,0.0000,0.0000,0,0.0000,0.0000,0,0,0,0,0,0,0,0,0,0,0,0,0,0,0,0,0,0,0,0,0,0,0,0,0
WG_METRICS 515,512,384,1.1537,0.0074,0.0066,1.1076,0.0160,0.0159,512,384,196608,393216,177501.7031,355003.4062,0.0000,0,0.0000,0.0000,0,0.0000,0,0.0000,0.0000,0,0.0000,0.0000,0,0,0,0,0,0,0,0,0,0,0,0,0,0,0,0,0,0,0,0,0,0,0,0,0
WG_METRICS 516,512,384,1.1672,0.0075,0.0068,1.1213,0.0157,0.0160,512,384,196608,393216,175342.4688,350684.9375,0.0000,0,0.0000,0.0000,0,0.0000,0,0.0000,0.0000,0,0.0000,0.0000,0,0,0,0,0,0,0,0,0,0,0,0,0,0,0,0,0,0,0,0,0,0,0,0,0
WG_METRICS 517,512,384,1.1708,0.0076,0.0068,1.1225,0.0167,0.0170,512,384,196608,393216,175148.7812,350297.5625,0.0000,0,0.0000,0.0000,0,0.0000,0,0.0000,0.0000,0,0.0000,0.0000,0,0,0,0,0,0,0,0,0,0,0,0,0,0,0,0,0,0,0,0,0,0,0,0,0
WG_METRICS 518,512,384,1.1652,0.0075,0.0068,1.1190,0.0164,0.0154,512,384,196608,393216,175693.4531,351386.9062,0.0000,0,0.0000,0.0000,0,0.0000,0,0.0000,0.0000,0,0.0000,0.0000,0,0,0,0,0,0,0,0,0,0,0,0,0,0,0,0,0,0,0,0,0,0,0,0,0
WG_METRICS 519,512,384,1.1710,0.0075,0.0066,1.1253,0.0160,0.0157,512,384,196608,393216,174712.9844,349425.9688,0.0000,0,0.0000,0.0000,0,0.0000,0,0.0000,0.0000,0,0.0000,0.0000,0,0,0,0,0,0,0,0,0,0,0,0,0,0,0,0,0,0,0,0,0,0,0,0,0
WG_METRICS 520,512,384,1.1645,0.0075,0.0069,1.1186,0.0157,0.0158,512,384,196608,393216,175756.2812,351512.5625,0.0000,0,0.0000,0.0000,0,0.0000,0,0.0000,0.0000,0,0.0000,0.0000,0,0,0,0,0,0,0,0,0,0,0,0,0,0,0,0,0,0,0,0,0,0,0,0,0
WG_METRICS 521,512,384,1.1593,0.0076,0.0064,1.1135,0.0161,0.0157,512,384,196608,393216,176564.4062,353128.8125,0.0000,0,0.0000,0.0000,0,0.0000,0,0.0000,0.0000,0,0.0000,0.0000,0,0,0,0,0,0,0,0,0,0,0,0,0,0,0,0,0,0,0,0,0,0,0,0,0
WG_METRICS 522,512,384,1.1963,0.0075,0.0069,1.1554,0.0108,0.0158,512,384,196608,393216,170170.3438,340340.6875,0.0000,0,0.0000,0.0000,0,0.0000,0,0.0000,0.0000,0,0.0000,0.0000,0,0,0,0,0,0,0,0,0,0,0,0,0,0,0,0,0,0,0,0,0,0,0,0,0
WG_METRICS 523,512,384,1.1906,0.0075,0.0068,1.1360,0.0244,0.0158,512,384,196608,393216,173064.3281,346128.6562,0.0000,0,0.0000,0.0000,0,0.0000,0,0.0000,0.0000,0,0.0000,0.0000,0,0,0,0,0,0,0,0,0,0,0,0,0,0,0,0,0,0,0,0,0,0,0,0,0
WG_METRICS 524,512,384,1.1822,0.0075,0.0066,1.1279,0.0246,0.0156,512,384,196608,393216,174310.2344,348620.4688,0.0000,0,0.0000,0.0000,0,0.0000,0,0.0000,0.0000,0,0.0000,0.0000,0,0,0,0,0,0,0,0,0,0,0,0,0,0,0,0,0,0,0,0,0,0,0,0,0
WG_METRICS 525,512,384,1.1945,0.0075,0.0068,1.1393,0.0244,0.0165,512,384,196608,393216,172572.1562,345144.3125,0.0000,0,0.0000,0.0000,0,0.0000,0,0.0000,0.0000,0,0.0000,0.0000,0,0,0,0,0,0,0,0,0,0,0,0,0,0,0,0,0,0,0,0,0,0,0,0,0
WG_METRICS 526,512,384,1.1856,0.0075,0.0070,1.1295,0.0255,0.0162,512,384,196608,393216,174063.3125,348126.6250,0.0000,0,0.0000,0.0000,0,0.0000,0,0.0000,0.0000,0,0.0000,0.0000,0,0,0,0,0,0,0,0,0,0,0,0,0,0,0,0,0,0,0,0,0,0,0,0,0
WG_METRICS 527,512,384,1.1576,0.0075,0.0069,1.1115,0.0162,0.0155,512,384,196608,393216,176888.4688,353776.9375,0.0000,0,0.0000,0.0000,0,0.0000,0,0.0000,0.0000,0,0.0000,0.0000,0,0,0,0,0,0,0,0,0,0,0,0,0,0,0,0,0,0,0,0,0,0,0,0,0
WG_METRICS 528,512,384,1.1764,0.0074,0.0069,1.1215,0.0247,0.0159,512,384,196608,393216,175311.2031,350622.4062,0.0000,0,0.0000,0.0000,0,0.0000,0,0.0000,0.0000,0,0.0000,0.0000,0,0,0,0,0,0,0,0,0,0,0,0,0,0,0,0,0,0,0,0,0,0,0,0,0
WG_METRICS 529,512,384,1.1661,0.0097,0.0069,1.1095,0.0245,0.0155,512,384,196608,393216,177200.9531,354401.9062,0.0000,0,0.0000,0.0000,0,0.0000,0,0.0000,0.0000,0,0.0000,0.0000,0,0,0,0,0,0,0,0,0,0,0,0,0,0,0,0,0,0,0,0,0,0,0,0,0
WG_METRICS 530,512,384,1.1635,0.0074,0.0069,1.1072,0.0249,0.0170,512,384,196608,393216,177578.6719,355157.3438,0.0000,0,0.0000,0.0000,0,0.0000,0,0.0000,0.0000,0,0.0000,0.0000,0,0,0,0,0,0,0,0,0,0,0,0,0,0,0,0,0,0,0,0,0,0,0,0,0
WG_METRICS 531,512,384,1.1797,0.0076,0.0068,1.1250,0.0244,0.0158,512,384,196608,393216,174762.6719,349525.3438,0.0000,0,0.0000,0.0000,0,0.0000,0,0.0000,0.0000,0,0.0000,0.0000,0,0,0,0,0,0,0,0,0,0,0,0,0,0,0,0,0,0,0,0,0,0,0,0,0
WG_METRICS 532,512,384,1.1602,0.0076,0.0068,1.1051,0.0246,0.0161,512,384,196608,393216,177912.9062,355825.8125,0.0000,0,0.0000,0.0000,0,0.0000,0,0.0000,0.0000,0,0.0000,0.0000,0,0,0,0,0,0,0,0,0,0,0,0,0,0,0,0,0,0,0,0,0,0,0,0,0
WG_METRICS 533,512,384,1.1747,0.0074,0.0063,1.1209,0.0244,0.0156,512,384,196608,393216,175398.7812,350797.5625,0.0000,0,0.0000,0.0000,0,0.0000,0,0.0000,0.0000,0,0.0000,0.0000,0,0,0,0,0,0,0,0,0,0,0,0,0,0,0,0,0,0,0,0,0,0,0,0,0
WG_METRICS 534,512,384,1.1689,0.0075,0.0068,1.1143,0.0246,0.0157,512,384,196608,393216,176443.9844,352887.9688,0.0000,0,0.0000,0.0000,0,0.0000,0,0.0000,0.0000,0,0.0000,0.0000,0,0,0,0,0,0,0,0,0,0,0,0,0,0,0,0,0,0,0,0,0,0,0,0,0
WG_METRICS 535,512,384,1.1804,0.0074,0.0066,1.1250,0.0252,0.0162,512,384,196608,393216,174756.4375,349512.8750,0.0000,0,0.0000,0.0000,0,0.0000,0,0.0000,0.0000,0,0.0000,0.0000,0,0,0,0,0,0,0,0,0,0,0,0,0,0,0,0,0,0,0,0,0,0,0,0,0
WG_METRICS 536,512,384,1.1691,0.0075,0.0068,1.1135,0.0252,0.0161,512,384,196608,393216,176570.7500,353141.5000,0.0000,0,0.0000,0.0000,0,0.0000,0,0.0000,0.0000,0,0.0000,0.0000,0,0,0,0,0,0,0,0,0,0,0,0,0,0,0,0,0,0,0,0,0,0,0,0,0
WG_METRICS 537,512,384,1.1788,0.0074,0.0066,1.1245,0.0246,0.0156,512,384,196608,393216,174837.2656,349674.5312,0.0000,0,0.0000,0.0000,0,0.0000,0,0.0000,0.0000,0,0.0000,0.0000,0,0,0,0,0,0,0,0,0,0,0,0,0,0,0,0,0,0,0,0,0,0,0,0,0
WG_METRICS 538,512,384,1.1910,0.0076,0.0068,1.1441,0.0164,0.0161,512,384,196608,393216,171842.1250,343684.2500,0.0000,0,0.0000,0.0000,0,0.0000,0,0.0000,0.0000,0,0.0000,0.0000,0,0,0,0,0,0,0,0,0,0,0,0,0,0,0,0,0,0,0,0,0,0,0,0,0
WG_METRICS 539,512,384,1.1604,0.0076,0.0068,1.1055,0.0246,0.0159,512,384,196608,393216,177842.0938,355684.1875,0.0000,0,0.0000,0.0000,0,0.0000,0,0.0000,0.0000,0,0.0000,0.0000,0,0,0,0,0,0,0,0,0,0,0,0,0,0,0,0,0,0,0,0,0,0,0,0,0
WG_METRICS 540,512,384,1.1790,0.0074,0.0066,1.1246,0.0247,0.0157,512,384,196608,393216,174824.8125,349649.6250,0.0000,0,0.0000,0.0000,0,0.0000,0,0.0000,0.0000,0,0.0000,0.0000,0,0,0,0,0,0,0,0,0,0,0,0,0,0,0,0,0,0,0,0,0,0,0,0,0
WG_METRICS 541,512,384,1.1707,0.0075,0.0068,1.1160,0.0248,0.0155,512,384,196608,393216,176165.7344,352331.4688,0.0000,0,0.0000,0.0000,0,0.0000,0,0.0000,0.0000,0,0.0000,0.0000,0,0,0,0,0,0,0,0,0,0,0,0,0,0,0,0,0,0,0,0,0,0,0,0,0
WG_METRICS 542,512,384,1.2009,0.0075,0.0068,1.1443,0.0260,0.0162,512,384,196608,393216,171818.0938,343636.1875,0.0000,0,0.0000,0.0000,0,0.0000,0,0.0000,0.0000,0,0.0000,0.0000,0,0,0,0,0,0,0,0,0,0,0,0,0,0,0,0,0,0,0,0,0,0,0,0,0
WG_METRICS 543,512,384,1.1612,0.0076,0.0054,1.1164,0.0162,0.0156,512,384,196608,393216,176102.6094,352205.2188,0.0000,0,0.0000,0.0000,0,0.0000,0,0.0000,0.0000,0,0.0000,0.0000,0,0,0,0,0,0,0,0,0,0,0,0,0,0,0,0,0,0,0,0,0,0,0,0,0
WG_METRICS 544,512,384,1.1542,0.0075,0.0068,1.0994,0.0248,0.0156,512,384,196608,393216,178832.0781,357664.1562,0.0000,0,0.0000,0.0000,0,0.0000,0,0.0000,0.0000,0,0.0000,0.0000,0,0,0,0,0,0,0,0,0,0,0,0,0,0,0,0,0,0,0,0,0,0,0,0,0
WG_METRICS 545,512,384,1.2206,0.0075,0.0066,1.1630,0.0269,0.0166,512,384,196608,393216,169052.4531,338104.9062,0.0000,0,0.0000,0.0000,0,0.0000,0,0.0000,0.0000,0,0.0000,0.0000,0,0,0,0,0,0,0,0,0,0,0,0,0,0,0,0,0,0,0,0,0,0,0,0,0
WG_METRICS 546,512,384,1.1706,0.0075,0.0068,1.1200,0.0205,0.0159,512,384,196608,393216,175549.1406,351098.2812,0.0000,0,0.0000,0.0000,0,0.0000,0,0.0000,0.0000,0,0.0000,0.0000,0,0,0,0,0,0,0,0,0,0,0,0,0,0,0,0,0,0,0,0,0,0,0,0,0
WG_METRICS 547,512,384,1.1615,0.0075,0.0068,1.1154,0.0160,0.0157,512,384,196608,393216,176260.4844,352520.9688,0.0000,0,0.0000,0.0000,0,0.0000,0,0.0000,0.0000,0,0.0000,0.0000,0,0,0,0,0,0,0,0,0,0,0,0,0,0,0,0,0,0,0,0,0,0,0,0,0
WG_METRICS 548,512,384,1.1680,0.0075,0.0066,1.1224,0.0158,0.0157,512,384,196608,393216,175167.4844,350334.9688,0.0000,0,0.0000,0.0000,0,0.0000,0,0.0000,0.0000,0,0.0000,0.0000,0,0,0,0,0,0,0,0,0,0,0,0,0,0,0,0,0,0,0,0,0,0,0,0,0
WG_METRICS 549,512,384,1.1493,0.0075,0.0067,1.0948,0.0245,0.0158,512,384,196608,393216,179576.9219,359153.8438,0.0000,0,0.0000,0.0000,0,0.0000,0,0.0000,0.0000,0,0.0000,0.0000,0,0,0,0,0,0,0,0,0,0,0,0,0,0,0,0,0,0,0,0,0,0,0,0,0
WG_METRICS 550,512,384,1.1910,0.0076,0.0068,1.1350,0.0253,0.0164,512,384,196608,393216,173229.0000,346458.0000,0.0000,0,0.0000,0.0000,0,0.0000,0,0.0000,0.0000,0,0.0000,0.0000,0,0,0,0,0,0,0,0,0,0,0,0,0,0,0,0,0,0,0,0,0,0,0,0,0
WG_METRICS 551,512,384,1.1635,0.0075,0.0068,1.1088,0.0247,0.0157,512,384,196608,393216,177316.0156,354632.0312,0.0000,0,0.0000,0.0000,0,0.0000,0,0.0000,0.0000,0,0.0000,0.0000,0,0,0,0,0,0,0,0,0,0,0,0,0,0,0,0,0,0,0,0,0,0,0,0,0
WG_METRICS 552,512,384,1.1858,0.0075,0.0065,1.1393,0.0162,0.0162,512,384,196608,393216,172566.0938,345132.1875,0.0000,0,0.0000,0.0000,0,0.0000,0,0.0000,0.0000,0,0.0000,0.0000,0,0,0,0,0,0,0,0,0,0,0,0,0,0,0,0,0,0,0,0,0,0,0,0,0
WG_METRICS 553,512,384,1.1854,0.0075,0.0069,1.1307,0.0247,0.0156,512,384,196608,393216,173884.7500,347769.5000,0.0000,0,0.0000,0.0000,0,0.0000,0,0.0000,0.0000,0,0.0000,0.0000,0,0,0,0,0,0,0,0,0,0,0,0,0,0,0,0,0,0,0,0,0,0,0,0,0
WG_METRICS 554,512,384,1.1666,0.0075,0.0066,1.1113,0.0257,0.0156,512,384,196608,393216,176913.9375,353827.8750,0.0000,0,0.0000,0.0000,0,0.0000,0,0.0000,0.0000,0,0.0000,0.0000,0,0,0,0,0,0,0,0,0,0,0,0,0,0,0,0,0,0,0,0,0,0,0,0,0
WG_METRICS 555,512,384,1.1751,0.0075,0.0068,1.1203,0.0248,0.0156,512,384,196608,393216,175492.7188,350985.4375,0.0000,0,0.0000,0.0000,0,0.0000,0,0.0000,0.0000,0,0.0000,0.0000,0,0,0,0,0,0,0,0,0,0,0,0,0,0,0,0,0,0,0,0,0,0,0,0,0
WG_METRICS 556,512,384,1.1506,0.0075,0.0069,1.0985,0.0217,0.0160,512,384,196608,393216,178975.3438,357950.6875,0.0000,0,0.0000,0.0000,0,0.0000,0,0.0000,0.0000,0,0.0000,0.0000,0,0,0,0,0,0,0,0,0,0,0,0,0,0,0,0,0,0,0,0,0,0,0,0,0
WG_METRICS 557,512,384,1.1658,0.0074,0.0069,1.1200,0.0158,0.0156,512,384,196608,393216,175536.5781,351073.1562,0.0000,0,0.0000,0.0000,0,0.0000,0,0.0000,0.0000,0,0.0000,0.0000,0,0,0,0,0,0,0,0,0,0,0,0,0,0,0,0,0,0,0,0,0,0,0,0,0
WG_METRICS 558,512,384,1.1648,0.0076,0.0069,1.1082,0.0259,0.0163,512,384,196608,393216,177418.4219,354836.8438,0.0000,0,0.0000,0.0000,0,0.0000,0,0.0000,0.0000,0,0.0000,0.0000,0,0,0,0,0,0,0,0,0,0,0,0,0,0,0,0,0,0,0,0,0,0,0,0,0
WG_METRICS 559,512,384,1.1612,0.0076,0.0068,1.1194,0.0119,0.0155,512,384,196608,393216,175636.9375,351273.8750,0.0000,0,0.0000,0.0000,0,0.0000,0,0.0000,0.0000,0,0.0000,0.0000,0,0,0,0,0,0,0,0,0,0,0,0,0,0,0,0,0,0,0,0,0,0,0,0,0
WG_METRICS 560,512,384,1.1794,0.0076,0.0068,1.1249,0.0247,0.0155,512,384,196608,393216,174781.3125,349562.6250,0.0000,0,0.0000,0.0000,0,0.0000,0,0.0000,0.0000,0,0.0000,0.0000,0,0,0,0,0,0,0,0,0,0,0,0,0,0,0,0,0,0,0,0,0,0,0,0,0
WG_METRICS 561,512,384,1.1652,0.0075,0.0061,1.1067,0.0204,0.0244,512,384,196608,393216,177649.2812,355298.5625,0.0000,0,0.0000,0.0000,0,0.0000,0,0.0000,0.0000,0,0.0000,0.0000,0,0,0,0,0,0,0,0,0,0,0,0,0,0,0,0,0,0,0,0,0,0,0,0,0
WG_METRICS 562,512,384,1.1756,0.0076,0.0068,1.1277,0.0170,0.0165,512,384,196608,393216,174347.3438,348694.6875,0.0000,0,0.0000,0.0000,0,0.0000,0,0.0000,0.0000,0,0.0000,0.0000,0,0,0,0,0,0,0,0,0,0,0,0,0,0,0,0,0,0,0,0,0,0,0,0,0
WG_METRICS 563,512,384,1.1644,0.0074,0.0066,1.1096,0.0245,0.0162,512,384,196608,393216,177181.7812,354363.5625,0.0000,0,0.0000,0.0000,0,0.0000,0,0.0000,0.0000,0,0.0000,0.0000,0,0,0,0,0,0,0,0,0,0,0,0,0,0,0,0,0,0,0,0,0,0,0,0,0
WG_METRICS 564,512,384,1.1680,0.0075,0.0068,1.1135,0.0246,0.0156,512,384,196608,393216,176570.7500,353141.5000,0.0000,0,0.0000,0.0000,0,0.0000,0,0.0000,0.0000,0,0.0000,0.0000,0,0,0,0,0,0,0,0,0,0,0,0,0,0,0,0,0,0,0,0,0,0,0,0,0
WG_METRICS 565,512,384,1.1815,0.0075,0.0068,1.1350,0.0160,0.0162,512,384,196608,393216,173222.9062,346445.8125,0.0000,0,0.0000,0.0000,0,0.0000,0,0.0000,0.0000,0,0.0000,0.0000,0,0,0,0,0,0,0,0,0,0,0,0,0,0,0,0,0,0,0,0,0,0,0,0,0
WG_METRICS 566,512,384,1.1528,0.0074,0.0066,1.1067,0.0164,0.0157,512,384,196608,393216,177655.6875,355311.3750,0.0000,0,0.0000,0.0000,0,0.0000,0,0.0000,0.0000,0,0.0000,0.0000,0,0,0,0,0,0,0,0,0,0,0,0,0,0,0,0,0,0,0,0,0,0,0,0,0
WG_METRICS 567,512,384,1.1496,0.0075,0.0068,1.1038,0.0157,0.0158,512,384,196608,393216,178119.2188,356238.4375,0.0000,0,0.0000,0.0000,0,0.0000,0,0.0000,0.0000,0,0.0000,0.0000,0,0,0,0,0,0,0,0,0,0,0,0,0,0,0,0,0,0,0,0,0,0,0,0,0
WG_METRICS 568,512,384,1.1603,0.0101,0.0068,1.1114,0.0161,0.0159,512,384,196608,393216,176901.2031,353802.4062,0.0000,0,0.0000,0.0000,0,0.0000,0,0.0000,0.0000,0,0.0000,0.0000,0,0,0,0,0,0,0,0,0,0,0,0,0,0,0,0,0,0,0,0,0,0,0,0,0
WG_METRICS 569,512,384,1.1684,0.0075,0.0068,1.1206,0.0174,0.0161,512,384,196608,393216,175448.8750,350897.7500,0.0000,0,0.0000,0.0000,0,0.0000,0,0.0000,0.0000,0,0.0000,0.0000,0,0,0,0,0,0,0,0,0,0,0,0,0,0,0,0,0,0,0,0,0,0,0,0,0
WG_METRICS 570,512,384,1.1496,0.0074,0.0068,1.1077,0.0122,0.0155,512,384,196608,393216,177488.8906,354977.7812,0.0000,0,0.0000,0.0000,0,0.0000,0,0.0000,0.0000,0,0.0000,0.0000,0,0,0,0,0,0,0,0,0,0,0,0,0,0,0,0,0,0,0,0,0,0,0,0,0
WG_METRICS 571,512,384,1.1677,0.0074,0.0068,1.1222,0.0157,0.0155,512,384,196608,393216,175198.7188,350397.4375,0.0000,0,0.0000,0.0000,0,0.0000,0,0.0000,0.0000,0,0.0000,0.0000,0,0,0,0,0,0,0,0,0,0,0,0,0,0,0,0,0,0,0,0,0,0,0,0,0
WG_METRICS 572,512,384,1.1496,0.0075,0.0069,1.1032,0.0160,0.0160,512,384,196608,393216,178222.5625,356445.1250,0.0000,0,0.0000,0.0000,0,0.0000,0,0.0000,0.0000,0,0.0000,0.0000,0,0,0,0,0,0,0,0,0,0,0,0,0,0,0,0,0,0,0,0,0,0,0,0,0
WG_METRICS 573,512,384,1.1557,0.0076,0.0068,1.1135,0.0118,0.0160,512,384,196608,393216,176570.7500,353141.5000,0.0000,0,0.0000,0.0000,0,0.0000,0,0.0000,0.0000,0,0.0000,0.0000,0,0,0,0,0,0,0,0,0,0,0,0,0,0,0,0,0,0,0,0,0,0,0,0,0
WG_METRICS 574,512,384,1.1686,0.0076,0.0068,1.1140,0.0244,0.0158,512,384,196608,393216,176481.9844,352963.9688,0.0000,0,0.0000,0.0000,0,0.0000,0,0.0000,0.0000,0,0.0000,0.0000,0,0,0,0,0,0,0,0,0,0,0,0,0,0,0,0,0,0,0,0,0,0,0,0,0
WG_METRICS 575,512,384,1.1839,0.0076,0.0066,1.1292,0.0249,0.0156,512,384,196608,393216,174112.6562,348225.3125,0.0000,0,0.0000,0.0000,0,0.0000,0,0.0000,0.0000,0,0.0000,0.0000,0,0,0,0,0,0,0,0,0,0,0,0,0,0,0,0,0,0,0,0,0,0,0,0,0
WG_METRICS 576,512,384,1.1588,0.0075,0.0070,1.1028,0.0252,0.0163,512,384,196608,393216,178280.7344,356561.4688,0.0000,0,0.0000,0.0000,0,0.0000,0,0.0000,0.0000,0,0.0000,0.0000,0,0,0,0,0,0,0,0,0,0,0,0,0,0,0,0,0,0,0,0,0,0,0,0,0
WG_METRICS 577,512,384,1.1795,0.0075,0.0068,1.1247,0.0250,0.0155,512,384,196608,393216,174806.1719,349612.3438,0.0000,0,0.0000,0.0000,0,0.0000,0,0.0000,0.0000,0,0.0000,0.0000,0,0,0,0,0,0,0,0,0,0,0,0,0,0,0,0,0,0,0,0,0,0,0,0,0
WG_METRICS 578,512,384,1.1694,0.0075,0.0069,1.1143,0.0246,0.0160,512,384,196608,393216,176437.6406,352875.2812,0.0000,0,0.0000,0.0000,0,0.0000,0,0.0000,0.0000,0,0.0000,0.0000,0,0,0,0,0,0,0,0,0,0,0,0,0,0,0,0,0,0,0,0,0,0,0,0,0
WG_METRICS 579,512,384,1.1608,0.0075,0.0066,1.1064,0.0245,0.0159,512,384,196608,393216,177707.0781,355414.1562,0.0000,0,0.0000,0.0000,0,0.0000,0,0.0000,0.0000,0,0.0000,0.0000,0,0,0,0,0,0,0,0,0,0,0,0,0,0,0,0,0,0,0,0,0,0,0,0,0
WG_METRICS 580,512,384,1.1746,0.0075,0.0066,1.1199,0.0250,0.0155,512,384,196608,393216,175555.3906,351110.7812,0.0000,0,0.0000,0.0000,0,0.0000,0,0.0000,0.0000,0,0.0000,0.0000,0,0,0,0,0,0,0,0,0,0,0,0,0,0,0,0,0,0,0,0,0,0,0,0,0
WG_METRICS 581,512,384,1.1404,0.0074,0.0069,1.0987,0.0116,0.0158,512,384,196608,393216,178949.2812,357898.5625,0.0000,0,0.0000,0.0000,0,0.0000,0,0.0000,0.0000,0,0.0000,0.0000,0,0,0,0,0,0,0,0,0,0,0,0,0,0,0,0,0,0,0,0,0,0,0,0,0
WG_METRICS 582,512,384,1.2002,0.0075,0.0067,1.1448,0.0254,0.0158,512,384,196608,393216,171740.0469,343480.0938,0.0000,0,0.0000,0.0000,0,0.0000,0,0.0000,0.0000,0,0.0000,0.0000,0,0,0,0,0,0,0,0,0,0,0,0,0,0,0,0,0,0,0,0,0,0,0,0,0
WG_METRICS 583,512,384,1.1777,0.0075,0.0062,1.1220,0.0254,0.0166,512,384,196608,393216,175223.6875,350447.3750,0.0000,0,0.0000,0.0000,0,0.0000,0,0.0000,0.0000,0,0.0000,0.0000,0,0,0,0,0,0,0,0,0,0,0,0,0,0,0,0,0,0,0,0,0,0,0,0,0
WG_METRICS 584,512,384,1.1566,0.0075,0.0068,1.1107,0.0161,0.0155,512,384,196608,393216,177015.8906,354031.7812,0.0000,0,0.0000,0.0000,0,0.0000,0,0.0000,0.0000,0,0.0000,0.0000,0,0,0,0,0,0,0,0,0,0,0,0,0,0,0,0,0,0,0,0,0,0,0,0,0
WG_METRICS 585,512,384,1.1534,0.0075,0.0068,1.0989,0.0246,0.0156,512,384,196608,393216,178916.7031,357833.4062,0.0000,0,0.0000,0.0000,0,0.0000,0,0.0000,0.0000,0,0.0000,0.0000,0,0,0,0,0,0,0,0,0,0,0,0,0,0,0,0,0,0,0,0,0,0,0,0,0
WG_METRICS 586,512,384,1.1599,0.0075,0.0068,1.1049,0.0246,0.0160,512,384,196608,393216,177938.6719,355877.3438,0.0000,0,0.0000,0.0000,0,0.0000,0,0.0000,0.0000,0,0.0000,0.0000,0,0,0,0,0,0,0,0,0,0,0,0,0,0,0,0,0,0,0,0,0,0,0,0,0
WG_METRICS 587,512,384,1.2058,0.0076,0.0068,1.1600,0.0155,0.0160,512,384,196608,393216,169495.5000,338991.0000,0.0000,0,0.0000,0.0000,0,0.0000,0,0.0000,0.0000,0,0.0000,0.0000,0,0,0,0,0,0,0,0,0,0,0,0,0,0,0,0,0,0,0,0,0,0,0,0,0
WG_METRICS 588,512,384,1.1564,0.0075,0.0069,1.1061,0.0202,0.0158,512,384,196608,393216,177752.0469,355504.0938,0.0000,0,0.0000,0.0000,0,0.0000,0,0.0000,0.0000,0,0.0000,0.0000,0,0,0,0,0,0,0,0,0,0,0,0,0,0,0,0,0,0,0,0,0,0,0,0,0
WG_METRICS 589,512,384,1.1759,0.0075,0.0068,1.1244,0.0215,0.0157,512,384,196608,393216,174849.7031,349699.4062,0.0000,0,0.0000,0.0000,0,0.0000,0,0.0000,0.0000,0,0.0000,0.0000,0,0,0,0,0,0,0,0,0,0,0,0,0,0,0,0,0,0,0,0,0,0,0,0,0
WG_METRICS 590,512,384,1.1466,0.0075,0.0068,1.1043,0.0120,0.0160,512,384,196608,393216,178035.3438,356070.6875,0.0000,0,0.0000,0.0000,0,0.0000,0,0.0000,0.0000,0,0.0000,0.0000,0,0,0,0,0,0,0,0,0,0,0,0,0,0,0,0,0,0,0,0,0,0,0,0,0
WG_METRICS 591,512,384,1.1541,0.0078,0.0068,1.1069,0.0163,0.0163,512,384,196608,393216,177617.1719,355234.3438,0.0000,0,0.0000,0.0000,0,0.0000,0,0.0000,0.0000,0,0.0000,0.0000,0,0,0,0,0,0,0,0,0,0,0,0,0,0,0,0,0,0,0,0,0,0,0,0,0
WG_METRICS 592,512,384,1.1548,0.0076,0.0068,1.1031,0.0166,0.0207,512,384,196608,393216,178229.0312,356458.0625,0.0000,0,0.0000,0.0000,0,0.0000,0,0.0000,0.0000,0,0.0000,0.0000,0,0,0,0,0,0,0,0,0,0,0,0,0,0,0,0,0,0,0,0,0,0,0,0,0
WG_METRICS 593,512,384,1.1522,0.0075,0.0068,1.1061,0.0163,0.0156,512,384,196608,393216,177752.0469,355504.0938,0.0000,0,0.0000,0.0000,0,0.0000,0,0.0000,0.0000,0,0.0000,0.0000,0,0,0,0,0,0,0,0,0,0,0,0,0,0,0,0,0,0,0,0,0,0,0,0,0
WG_METRICS 594,512,384,1.1718,0.0076,0.0068,1.1253,0.0161,0.0160,512,384,196608,393216,174712.9844,349425.9688,0.0000,0,0.0000,0.0000,0,0.0000,0,0.0000,0.0000,0,0.0000,0.0000,0,0,0,0,0,0,0,0,0,0,0,0,0,0,0,0,0,0,0,0,0,0,0,0,0
WG_METRICS 595,512,384,1.1582,0.0076,0.0068,1.1120,0.0160,0.0158,512,384,196608,393216,176805.7500,353611.5000,0.0000,0,0.0000,0.0000,0,0.0000,0,0.0000,0.0000,0,0.0000,0.0000,0,0,0,0,0,0,0,0,0,0,0,0,0,0,0,0,0,0,0,0,0,0,0,0,0
WG_METRICS 596,512,384,1.1543,0.0075,0.0068,1.1079,0.0161,0.0160,512,384,196608,393216,177463.2656,354926.5312,0.0000,0,0.0000,0.0000,0,0.0000,0,0.0000,0.0000,0,0.0000,0.0000,0,0,0,0,0,0,0,0,0,0,0,0,0,0,0,0,0,0,0,0,0,0,0,0,0
WG_METRICS 597,512,384,1.1772,0.0075,0.0068,1.1221,0.0248,0.0160,512,384,196608,393216,175211.2031,350422.4062,0.0000,0,0.0000,0.0000,0,0.0000,0,0.0000,0.0000,0,0.0000,0.0000,0,0,0,0,0,0,0,0,0,0,0,0,0,0,0,0,0,0,0,0,0,0,0,0,0
WG_METRICS 598,512,384,1.1775,0.0075,0.0068,1.1231,0.0245,0.0156,512,384,196608,393216,175061.4375,350122.8750,0.0000,0,0.0000,0.0000,0,0.0000,0,0.0000,0.0000,0,0.0000,0.0000,0,0,0,0,0,0,0,0,0,0,0,0,0,0,0,0,0,0,0,0,0,0,0,0,0
WG_METRICS 599,512,384,1.1447,0.0075,0.0068,1.1086,0.0061,0.0157,512,384,196608,393216,177354.4062,354708.8125,0.0000,0,0.0000,0.0000,0,0.0000,0,0.0000,0.0000,0,0.0000,0.0000,0,0,0,0,0,0,0,0,0,0,0,0,0,0,0,0,0,0,0,0,0,0,0,0,0
WG_METRICS 600,512,384,1.1861,0.0076,0.0068,1.1304,0.0252,0.0161,512,384,196608,393216,173921.6562,347843.3125,0.0000,0,0.0000,0.0000,0,0.0000,0,0.0000,0.0000,0,0.0000,0.0000,0,0,0,0,0,0,0,0,0,0,0,0,0,0,0,0,0,0,0,0,0,0,0,0,0
WG_METRICS 601,512,384,1.1563,0.0074,0.0066,1.1105,0.0161,0.0156,512,384,196608,393216,177041.3906,354082.7812,0.0000,0,0.0000,0.0000,0,0.0000,0,0.0000,0.0000,0,0.0000,0.0000,0,0,0,0,0,0,0,0,0,0,0,0,0,0,0,0,0,0,0,0,0,0,0,0,0
WG_METRICS 602,512,384,1.2075,0.0076,0.0068,1.1614,0.0157,0.0160,512,384,196608,393216,169285.3438,338570.6875,0.0000,0,0.0000,0.0000,0,0.0000,0,0.0000,0.0000,0,0.0000,0.0000,0,0,0,0,0,0,0,0,0,0,0,0,0,0,0,0,0,0,0,0,0,0,0,0,0
WG_METRICS 603,512,384,1.2052,0.0079,0.0068,1.1677,0.0064,0.0164,512,384,196608,393216,168369.1406,336738.2812,0.0000,0,0.0000,0.0000,0,0.0000,0,0.0000,0.0000,0,0.0000,0.0000,0,0,0,0,0,0,0,0,0,0,0,0,0,0,0,0,0,0,0,0,0,0,0,0,0
