WG_METRICS_HEADER frame,q1_shards,q1_shard_capacity,gpu_frame_ms,reset_ms,reset_barrier_ms,compute_ms,metrics_copy_ms,render_ms,q2_shards,q2_shard_capacity,edges,vertices,edges_per_ms,vertices_per_ms,q1_deq_attempt_mean,q1_deq_attempt_max,q1_deq_attempt_imbalance,q1_deq_cas_fail_mean,q1_deq_cas_fail_max,q1_deq_probe_mean,q1_deq_probe_max,q1_deq_probe_imbalance,q1_enq_attempt_mean,q1_enq_attempt_max,q1_enq_attempt_imbalance,q1_high_water_mean,q1_high_water_max,q1_enq_ok,q1_enq_cas_fail,q1_enq_full,q1_deq_ok,q1_deq_cas_fail,q1_deq_empty,q1_ready_cas_fail,q1_ready_max_spin,q1_high_water,q2_enq_ok,q2_enq_cas_fail,q2_enq_full,q2_deq_ok,q2_deq_cas_fail,q2_deq_empty,q2_ready_cas_fail,q2_ready_max_spin,q2_high_water,node_a_seed,node_b_tasks,node_b_subdivide,node_b_final,node_c_output,stop_writes
WG_METRICS 1,64,3072,2.9926,0.0161,0.0077,2.9092,0.0163,0.0433,64,3072,196608,393216,67581.4688,135162.9375,0.0000,0,0.0000,0.0000,0,0.0000,0,0.0000,0.0000,0,0.0000,0.0000,0,0,0,0,0,0,0,0,0,0,0,0,0,0,0,0,0,0,0,0,0,0,0,0,0
WG_METRICS 2,64,3072,2.9748,0.0096,0.0075,2.9068,0.0166,0.0341,64,3072,196608,393216,67636.3281,135272.6562,0.0000,0,0.0000,0.0000,0,0.0000,0,0.0000,0.0000,0,0.0000,0.0000,0,0,0,0,0,0,0,0,0,0,0,0,0,0,0,0,0,0,0,0,0,0,0,0,0
WG_METRICS 3,64,3072,3.0216,0.0166,0.0128,2.9248,0.0239,0.0435,64,3072,196608,393216,67220.0859,134440.1719,0.0000,0,0.0000,0.0000,0,0.0000,0,0.0000,0.0000,0,0.0000,0.0000,0,0,0,0,0,0,0,0,0,0,0,0,0,0,0,0,0,0,0,0,0,0,0,0,0
WG_METRICS 4,64,3072,3.0132,0.0183,0.0220,2.9062,0.0258,0.0410,64,3072,196608,393216,67652.1562,135304.3125,0.0000,0,0.0000,0.0000,0,0.0000,0,0.0000,0.0000,0,0.0000,0.0000,0,0,0,0,0,0,0,0,0,0,0,0,0,0,0,0,0,0,0,0,0,0,0,0,0
WG_METRICS 5,64,3072,3.0460,0.0092,0.0076,2.9667,0.0241,0.0384,64,3072,196608,393216,66271.1641,132542.3281,0.0000,0,0.0000,0.0000,0,0.0000,0,0.0000,0.0000,0,0.0000,0.0000,0,0,0,0,0,0,0,0,0,0,0,0,0,0,0,0,0,0,0,0,0,0,0,0,0
WG_METRICS 6,64,3072,1.6084,0.0105,0.0114,1.5410,0.0145,0.0310,64,3072,196608,393216,127584.6875,255169.3750,0.0000,0,0.0000,0.0000,0,0.0000,0,0.0000,0.0000,0,0.0000,0.0000,0,0,0,0,0,0,0,0,0,0,0,0,0,0,0,0,0,0,0,0,0,0,0,0,0
WG_METRICS 7,64,3072,1.5830,0.0074,0.0066,1.5397,0.0131,0.0162,64,3072,196608,393216,127690.7422,255381.4844,0.0000,0,0.0000,0.0000,0,0.0000,0,0.0000,0.0000,0,0.0000,0.0000,0,0,0,0,0,0,0,0,0,0,0,0,0,0,0,0,0,0,0,0,0,0,0,0,0
WG_METRICS 8,64,3072,1.5825,0.0075,0.0067,1.5394,0.0127,0.0162,64,3072,196608,393216,127713.9688,255427.9375,0.0000,0,0.0000,0.0000,0,0.0000,0,0.0000,0.0000,0,0.0000,0.0000,0,0,0,0,0,0,0,0,0,0,0,0,0,0,0,0,0,0,0,0,0,0,0,0,0
WG_METRICS 9,64,3072,1.5955,0.0074,0.0063,1.5528,0.0124,0.0165,64,3072,196608,393216,126615.1406,253230.2812,0.0000,0,0.0000,0.0000,0,0.0000,0,0.0000,0.0000,0,0.0000,0.0000,0,0,0,0,0,0,0,0,0,0,0,0,0,0,0,0,0,0,0,0,0,0,0,0,0
WG_METRICS 10,64,3072,1.5863,0.0075,0.0068,1.5430,0.0127,0.0163,64,3072,196608,393216,127422.6094,254845.2188,0.0000,0,0.0000,0.0000,0,0.0000,0,0.0000,0.0000,0,0.0000,0.0000,0,0,0,0,0,0,0,0,0,0,0,0,0,0,0,0,0,0,0,0,0,0,0,0,0
WG_METRICS 11,64,3072,1.5866,0.0076,0.0068,1.5351,0.0214,0.0158,64,3072,196608,393216,128073.3750,256146.7500,0.0000,0,0.0000,0.0000,0,0.0000,0,0.0000,0.0000,0,0.0000,0.0000,0,0,0,0,0,0,0,0,0,0,0,0,0,0,0,0,0,0,0,0,0,0,0,0,0
WG_METRICS 12,64,3072,1.5958,0.0074,0.0066,1.5443,0.0213,0.0162,64,3072,196608,393216,127310.4062,254620.8125,0.0000,0,0.0000,0.0000,0,0.0000,0,0.0000,0.0000,0,0.0000,0.0000,0,0,0,0,0,0,0,0,0,0,0,0,0,0,0,0,0,0,0,0,0,0,0,0,0
WG_METRICS 13,64,3072,1.6156,0.0075,0.0069,1.5722,0.0126,0.0164,64,3072,196608,393216,125052.7969,250105.5938,0.0000,0,0.0000,0.0000,0,0.0000,0,0.0000,0.0000,0,0.0000,0.0000,0,0,0,0,0,0,0,0,0,0,0,0,0,0,0,0,0,0,0,0,0,0,0,0,0
WG_METRICS 14,64,3072,1.5965,0.0075,0.0067,1.5444,0.0214,0.0165,64,3072,196608,393216,127307.1016,254614.2031,0.0000,0,0.0000,0.0000,0,0.0000,0,0.0000,0.0000,0,0.0000,0.0000,0,0,0,0,0,0,0,0,0,0,0,0,0,0,0,0,0,0,0,0,0,0,0,0,0
WG_METRICS 15,64,3072,1.6013,0.0074,0.0068,1.5582,0.0128,0.0161,64,3072,196608,393216,126176.3594,252352.7188,0.0000,0,0.0000,0.0000,0,0.0000,0,0.0000,0.0000,0,0.0000,0.0000,0,0,0,0,0,0,0,0,0,0,0,0,0,0,0,0,0,0,0,0,0,0,0,0,0
WG_METRICS 16,64,3072,1.5882,0.0074,0.0069,1.5370,0.0211,0.0158,64,3072,196608,393216,127913.3906,255826.7812,0.0000,0,0.0000,0.0000,0,0.0000,0,0.0000,0.0000,0,0.0000,0.0000,0,0,0,0,0,0,0,0,0,0,0,0,0,0,0,0,0,0,0,0,0,0,0,0,0
WG_METRICS 17,64,3072,1.5873,0.0074,0.0066,1.5444,0.0128,0.0160,64,3072,196608,393216,127300.5078,254601.0156,0.0000,0,0.0000,0.0000,0,0.0000,0,0.0000,0.0000,0,0.0000,0.0000,0,0,0,0,0,0,0,0,0,0,0,0,0,0,0,0,0,0,0,0,0,0,0,0,0
WG_METRICS 18,64,3072,1.6131,0.0075,0.0060,1.5646,0.0172,0.0178,64,3072,196608,393216,125660.2344,251320.4688,0.0000,0,0.0000,0.0000,0,0.0000,0,0.0000,0.0000,0,0.0000,0.0000,0,0,0,0,0,0,0,0,0,0,0,0,0,0,0,0,0,0,0,0,0,0,0,0,0
WG_METRICS 19,64,3072,1.5902,0.0074,0.0067,1.5472,0.0130,0.0159,64,3072,196608,393216,127070.1328,254140.2656,0.0000,0,0.0000,0.0000,0,0.0000,0,0.0000,0.0000,0,0.0000,0.0000,0,0,0,0,0,0,0,0,0,0,0,0,0,0,0,0,0,0,0,0,0,0,0,0,0
WG_METRICS 20,64,3072,1.5866,0.0074,0.0068,1.5345,0.0215,0.0164,64,3072,196608,393216,128126.7969,256253.5938,0.0000,0,0.0000,0.0000,0,0.0000,0,0.0000,0.0000,0,0.0000,0.0000,0,0,0,0,0,0,0,0,0,0,0,0,0,0,0,0,0,0,0,0,0,0,0,0,0
WG_METRICS 21,64,3072,1.5815,0.0075,0.0068,1.5386,0.0123,0.0163,64,3072,196608,393216,127783.7031,255567.4062,0.0000,0,0.0000,0.0000,0,0.0000,0,0.0000,0.0000,0,0.0000,0.0000,0,0,0,0,0,0,0,0,0,0,0,0,0,0,0,0,0,0,0,0,0,0,0,0,0
WG_METRICS 22,64,3072,1.6006,0.0074,0.0068,1.5553,0.0132,0.0179,64,3072,196608,393216,126413.2500,252826.5000,0.0000,0,0.0000,0.0000,0,0.0000,0,0.0000,0.0000,0,0.0000,0.0000,0,0,0,0,0,0,0,0,0,0,0,0,0,0,0,0,0,0,0,0,0,0,0,0,0
WG_METRICS 23,64,3072,1.5894,0.0075,0.0068,1.5374,0.0214,0.0162,64,3072,196608,393216,127880.1172,255760.2344,0.0000,0,0.0000,0.0000,0,0.0000,0,0.0000,0.0000,0,0.0000,0.0000,0,0,0,0,0,0,0,0,0,0,0,0,0,0,0,0,0,0,0,0,0,0,0,0,0
WG_METRICS 24,64,3072,1.5962,0.0130,0.0072,1.5477,0.0125,0.0158,64,3072,196608,393216,127030.7344,254061.4688,0.0000,0,0.0000,0.0000,0,0.0000,0,0.0000,0.0000,0,0.0000,0.0000,0,0,0,0,0,0,0,0,0,0,0,0,0,0,0,0,0,0,0,0,0,0,0,0,0
WG_METRICS 25,64,3072,1.6078,0.0075,0.0068,1.5558,0.0217,0.0160,64,3072,196608,393216,126371.0000,252742.0000,0.0000,0,0.0000,0.0000,0,0.0000,0,0.0000,0.0000,0,0.0000,0.0000,0,0,0,0,0,0,0,0,0,0,0,0,0,0,0,0,0,0,0,0,0,0,0,0,0
WG_METRICS 26,64,3072,1.5952,0.0074,0.0067,1.5427,0.0213,0.0171,64,3072,196608,393216,127445.7422,254891.4844,0.0000,0,0.0000,0.0000,0,0.0000,0,0.0000,0.0000,0,0.0000,0.0000,0,0,0,0,0,0,0,0,0,0,0,0,0,0,0,0,0,0,0,0,0,0,0,0,0
WG_METRICS 27,64,3072,1.5928,0.0074,0.0066,1.5500,0.0130,0.0156,64,3072,196608,393216,126840.5938,253681.1875,0.0000,0,0.0000,0.0000,0,0.0000,0,0.0000,0.0000,0,0.0000,0.0000,0,0,0,0,0,0,0,0,0,0,0,0,0,0,0,0,0,0,0,0,0,0,0,0,0
WG_METRICS 28,64,3072,1.6071,0.0074,0.0068,1.5560,0.0210,0.0158,64,3072,196608,393216,126354.7578,252709.5156,0.0000,0,0.0000,0.0000,0,0.0000,0,0.0000,0.0000,0,0.0000,0.0000,0,0,0,0,0,0,0,0,0,0,0,0,0,0,0,0,0,0,0,0,0,0,0,0,0
WG_METRICS 29,64,3072,1.6152,0.0075,0.0068,1.5716,0.0128,0.0165,64,3072,196608,393216,125097.3516,250194.7031,0.0000,0,0.0000,0.0000,0,0.0000,0,0.0000,0.0000,0,0.0000,0.0000,0,0,0,0,0,0,0,0,0,0,0,0,0,0,0,0,0,0,0,0,0,0,0,0,0
WG_METRICS 30,64,3072,1.6028,0.0074,0.0066,1.5513,0.0215,0.0160,64,3072,196608,393216,126739.2109,253478.4219,0.0000,0,0.0000,0.0000,0,0.0000,0,0.0000,0.0000,0,0.0000,0.0000,0,0,0,0,0,0,0,0,0,0,0,0,0,0,0,0,0,0,0,0,0,0,0,0,0
WG_METRICS 31,64,3072,1.5899,0.0074,0.0068,1.5513,0.0085,0.0159,64,3072,196608,393216,126739.2109,253478.4219,0.0000,0,0.0000,0.0000,0,0.0000,0,0.0000,0.0000,0,0.0000,0.0000,0,0,0,0,0,0,0,0,0,0,0,0,0,0,0,0,0,0,0,0,0,0,0,0,0
WG_METRICS 32,64,3072,1.5891,0.0074,0.0068,1.5467,0.0124,0.0158,64,3072,196608,393216,127112.8594,254225.7188,0.0000,0,0.0000,0.0000,0,0.0000,0,0.0000,0.0000,0,0.0000,0.0000,0,0,0,0,0,0,0,0,0,0,0,0,0,0,0,0,0,0,0,0,0,0,0,0,0
WG_METRICS 33,64,3072,1.5983,0.0074,0.0066,1.5471,0.0217,0.0155,64,3072,196608,393216,127083.2734,254166.5469,0.0000,0,0.0000,0.0000,0,0.0000,0,0.0000,0.0000,0,0.0000,0.0000,0,0,0,0,0,0,0,0,0,0,0,0,0,0,0,0,0,0,0,0,0,0,0,0,0
WG_METRICS 34,64,3072,1.6198,0.0074,0.0056,1.5668,0.0220,0.0178,64,3072,196608,393216,125480.5781,250961.1562,0.0000,0,0.0000,0.0000,0,0.0000,0,0.0000,0.0000,0,0.0000,0.0000,0,0,0,0,0,0,0,0,0,0,0,0,0,0,0,0,0,0,0,0,0,0,0,0,0
WG_METRICS 35,64,3072,1.5932,0.0075,0.0067,1.5418,0.0215,0.0157,64,3072,196608,393216,127521.7969,255043.5938,0.0000,0,0.0000,0.0000,0,0.0000,0,0.0000,0.0000,0,0.0000,0.0000,0,0,0,0,0,0,0,0,0,0,0,0,0,0,0,0,0,0,0,0,0,0,0,0,0
WG_METRICS 36,64,3072,1.5944,0.0074,0.0066,1.5422,0.0215,0.0166,64,3072,196608,393216,127488.7109,254977.4219,0.0000,0,0.0000,0.0000,0,0.0000,0,0.0000,0.0000,0,0.0000,0.0000,0,0,0,0,0,0,0,0,0,0,0,0,0,0,0,0,0,0,0,0,0,0,0,0,0
WG_METRICS 37,64,3072,1.5972,0.0074,0.0068,1.5455,0.0215,0.0159,64,3072,196608,393216,127211.5547,254423.1094,0.0000,0,0.0000,0.0000,0,0.0000,0,0.0000,0.0000,0,0.0000,0.0000,0,0,0,0,0,0,0,0,0,0,0,0,0,0,0,0,0,0,0,0,0,0,0,0,0
WG_METRICS 38,64,3072,1.6118,0.0075,0.0068,1.5676,0.0131,0.0168,64,3072,196608,393216,125422.9531,250845.9062,0.0000,0,0.0000,0.0000,0,0.0000,0,0.0000,0.0000,0,0.0000,0.0000,0,0,0,0,0,0,0,0,0,0,0,0,0,0,0,0,0,0,0,0,0,0,0,0,0
WG_METRICS 39,64,3072,1.5964,0.0074,0.0068,1.5446,0.0219,0.0156,64,3072,196608,393216,127284.0312,254568.0625,0.0000,0,0.0000,0.0000,0,0.0000,0,0.0000,0.0000,0,0.0000,0.0000,0,0,0,0,0,0,0,0,0,0,0,0,0,0,0,0,0,0,0,0,0,0,0,0,0
WG_METRICS 40,64,3072,1.5910,0.0074,0.0062,1.5490,0.0128,0.0157,64,3072,196608,393216,126929.0391,253858.0781,0.0000,0,0.0000,0.0000,0,0.0000,0,0.0000,0.0000,0,0.0000,0.0000,0,0,0,0,0,0,0,0,0,0,0,0,0,0,0,0,0,0,0,0,0,0,0,0,0
WG_METRICS 41,64,3072,1.6021,0.0074,0.0067,1.5504,0.0214,0.0161,64,3072,196608,393216,126807.8750,253615.7500,0.0000,0,0.0000,0.0000,0,0.0000,0,0.0000,0.0000,0,0.0000,0.0000,0,0,0,0,0,0,0,0,0,0,0,0,0,0,0,0,0,0,0,0,0,0,0,0,0
WG_METRICS 42,64,3072,1.6060,0.0075,0.0068,1.5548,0.0211,0.0157,64,3072,196608,393216,126449.0234,252898.0469,0.0000,0,0.0000,0.0000,0,0.0000,0,0.0000,0.0000,0,0.0000,0.0000,0,0,0,0,0,0,0,0,0,0,0,0,0,0,0,0,0,0,0,0,0,0,0,0,0
WG_METRICS 43,64,3072,1.5997,0.0074,0.0079,1.5473,0.0212,0.0159,64,3072,196608,393216,127063.5703,254127.1406,0.0000,0,0.0000,0.0000,0,0.0000,0,0.0000,0.0000,0,0.0000,0.0000,0,0,0,0,0,0,0,0,0,0,0,0,0,0,0,0,0,0,0,0,0,0,0,0,0
WG_METRICS 44,64,3072,1.6181,0.0075,0.0068,1.5653,0.0214,0.0171,64,3072,196608,393216,125605.6484,251211.2969,0.0000,0,0.0000,0.0000,0,0.0000,0,0.0000,0.0000,0,0.0000,0.0000,0,0,0,0,0,0,0,0,0,0,0,0,0,0,0,0,0,0,0,0,0,0,0,0,0
WG_METRICS 45,64,3072,1.5908,0.0076,0.0068,1.5474,0.0134,0.0156,64,3072,196608,393216,127057.0000,254114.0000,0.0000,0,0.0000,0.0000,0,0.0000,0,0.0000,0.0000,0,0.0000,0.0000,0,0,0,0,0,0,0,0,0,0,0,0,0,0,0,0,0,0,0,0,0,0,0,0,0
WG_METRICS 46,64,3072,1.5913,0.0075,0.0068,1.5391,0.0215,0.0164,64,3072,196608,393216,127743.8438,255487.6875,0.0000,0,0.0000,0.0000,0,0.0000,0,0.0000,0.0000,0,0.0000,0.0000,0,0,0,0,0,0,0,0,0,0,0,0,0,0,0,0,0,0,0,0,0,0,0,0,0
WG_METRICS 47,64,3072,1.5888,0.0075,0.0068,1.5485,0.0093,0.0168,64,3072,196608,393216,126968.3828,253936.7656,0.0000,0,0.0000,0.0000,0,0.0000,0,0.0000,0.0000,0,0.0000,0.0000,0,0,0,0,0,0,0,0,0,0,0,0,0,0,0,0,0,0,0,0,0,0,0,0,0
WG_METRICS 48,64,3072,1.6025,0.0080,0.0066,1.5505,0.0216,0.0158,64,3072,196608,393216,126804.6016,253609.2031,0.0000,0,0.0000,0.0000,0,0.0000,0,0.0000,0.0000,0,0.0000,0.0000,0,0,0,0,0,0,0,0,0,0,0,0,0,0,0,0,0,0,0,0,0,0,0,0,0
WG_METRICS 49,64,3072,1.5915,0.0074,0.0068,1.5484,0.0126,0.0162,64,3072,196608,393216,126974.9375,253949.8750,0.0000,0,0.0000,0.0000,0,0.0000,0,0.0000,0.0000,0,0.0000,0.0000,0,0,0,0,0,0,0,0,0,0,0,0,0,0,0,0,0,0,0,0,0,0,0,0,0
WG_METRICS 50,64,3072,1.5866,0.0075,0.0068,1.5440,0.0126,0.0157,64,3072,196608,393216,127340.0859,254680.1719,0.0000,0,0.0000,0.0000,0,0.0000,0,0.0000,0.0000,0,0.0000,0.0000,0,0,0,0,0,0,0,0,0,0,0,0,0,0,0,0,0,0,0,0,0,0,0,0,0
WG_METRICS 51,64,3072,1.5960,0.0075,0.0067,1.5445,0.0216,0.0157,64,3072,196608,393216,127297.2188,254594.4375,0.0000,0,0.0000,0.0000,0,0.0000,0,0.0000,0.0000,0,0.0000,0.0000,0,0,0,0,0,0,0,0,0,0,0,0,0,0,0,0,0,0,0,0,0,0,0,0,0
WG_METRICS 52,64,3072,1.6097,0.0122,0.0064,1.5527,0.0212,0.0173,64,3072,196608,393216,126624.9297,253249.8594,0.0000,0,0.0000,0.0000,0,0.0000,0,0.0000,0.0000,0,0.0000,0.0000,0,0,0,0,0,0,0,0,0,0,0,0,0,0,0,0,0,0,0,0,0,0,0,0,0
WG_METRICS 53,64,3072,1.6046,0.0074,0.0068,1.5527,0.0215,0.0162,64,3072,196608,393216,126624.9297,253249.8594,0.0000,0,0.0000,0.0000,0,0.0000,0,0.0000,0.0000,0,0.0000,0.0000,0,0,0,0,0,0,0,0,0,0,0,0,0,0,0,0,0,0,0,0,0,0,0,0,0
WG_METRICS 54,64,3072,1.6076,0.0074,0.0068,1.5636,0.0129,0.0168,64,3072,196608,393216,125737.3828,251474.7656,0.0000,0,0.0000,0.0000,0,0.0000,0,0.0000,0.0000,0,0.0000,0.0000,0,0,0,0,0,0,0,0,0,0,0,0,0,0,0,0,0,0,0,0,0,0,0,0,0
WG_METRICS 55,64,3072,1.6091,0.0075,0.0068,1.5577,0.0214,0.0157,64,3072,196608,393216,126215.2422,252430.4844,0.0000,0,0.0000,0.0000,0,0.0000,0,0.0000,0.0000,0,0.0000,0.0000,0,0,0,0,0,0,0,0,0,0,0,0,0,0,0,0,0,0,0,0,0,0,0,0,0
WG_METRICS 56,64,3072,1.6006,0.0074,0.0067,1.5488,0.0220,0.0157,64,3072,196608,393216,126938.8672,253877.7344,0.0000,0,0.0000,0.0000,0,0.0000,0,0.0000,0.0000,0,0.0000,0.0000,0,0,0,0,0,0,0,0,0,0,0,0,0,0,0,0,0,0,0,0,0,0,0,0,0
WG_METRICS 57,64,3072,1.6040,0.0091,0.0067,1.5536,0.0170,0.0176,64,3072,196608,393216,126546.6875,253093.3750,0.0000,0,0.0000,0.0000,0,0.0000,0,0.0000,0.0000,0,0.0000,0.0000,0,0,0,0,0,0,0,0,0,0,0,0,0,0,0,0,0,0,0,0,0,0,0,0,0
WG_METRICS 58,64,3072,1.5966,0.0075,0.0068,1.5535,0.0128,0.0161,64,3072,196608,393216,126559.7188,253119.4375,0.0000,0,0.0000,0.0000,0,0.0000,0,0.0000,0.0000,0,0.0000,0.0000,0,0,0,0,0,0,0,0,0,0,0,0,0,0,0,0,0,0,0,0,0,0,0,0,0
WG_METRICS 59,64,3072,1.5940,0.0074,0.0069,1.5498,0.0130,0.0169,64,3072,196608,393216,126860.2344,253720.4688,0.0000,0,0.0000,0.0000,0,0.0000,0,0.0000,0.0000,0,0.0000,0.0000,0,0,0,0,0,0,0,0,0,0,0,0,0,0,0,0,0,0,0,0,0,0,0,0,0
WG_METRICS 60,64,3072,1.6019,0.0095,0.0066,1.5476,0.0213,0.0169,64,3072,196608,393216,127037.2969,254074.5938,0.0000,0,0.0000,0.0000,0,0.0000,0,0.0000,0.0000,0,0.0000,0.0000,0,0,0,0,0,0,0,0,0,0,0,0,0,0,0,0,0,0,0,0,0,0,0,0,0
WG_METRICS 61,64,3072,1.5861,0.0103,0.0069,1.5400,0.0128,0.0162,64,3072,196608,393216,127670.8438,255341.6875,0.0000,0,0.0000,0.0000,0,0.0000,0,0.0000,0.0000,0,0.0000,0.0000,0,0,0,0,0,0,0,0,0,0,0,0,0,0,0,0,0,0,0,0,0,0,0,0,0
WG_METRICS 62,64,3072,1.6215,0.0074,0.0069,1.5673,0.0221,0.0178,64,3072,196608,393216,125445.3516,250890.7031,0.0000,0,0.0000,0.0000,0,0.0000,0,0.0000,0.0000,0,0.0000,0.0000,0,0,0,0,0,0,0,0,0,0,0,0,0,0,0,0,0,0,0,0,0,0,0,0,0
WG_METRICS 63,64,3072,1.6044,0.0074,0.0068,1.5527,0.0217,0.0158,64,3072,196608,393216,126621.6719,253243.3438,0.0000,0,0.0000,0.0000,0,0.0000,0,0.0000,0.0000,0,0.0000,0.0000,0,0,0,0,0,0,0,0,0,0,0,0,0,0,0,0,0,0,0,0,0,0,0,0,0
WG_METRICS 64,64,3072,1.5919,0.0074,0.0068,1.5414,0.0208,0.0156,64,3072,196608,393216,127551.5781,255103.1562,0.0000,0,0.0000,0.0000,0,0.0000,0,0.0000,0.0000,0,0.0000,0.0000,0,0,0,0,0,0,0,0,0,0,0,0,0,0,0,0,0,0,0,0,0,0,0,0,0
WG_METRICS 65,64,3072,1.5900,0.0075,0.0058,1.5394,0.0218,0.0155,64,3072,196608,393216,127717.2969,255434.5938,0.0000,0,0.0000,0.0000,0,0.0000,0,0.0000,0.0000,0,0.0000,0.0000,0,0,0,0,0,0,0,0,0,0,0,0,0,0,0,0,0,0,0,0,0,0,0,0,0
WG_METRICS 66,64,3072,1.6065,0.0076,0.0066,1.5619,0.0132,0.0171,64,3072,196608,393216,125875.8438,251751.6875,0.0000,0,0.0000,0.0000,0,0.0000,0,0.0000,0.0000,0,0.0000,0.0000,0,0,0,0,0,0,0,0,0,0,0,0,0,0,0,0,0,0,0,0,0,0,0,0,0
WG_METRICS 67,64,3072,1.5978,0.0074,0.0068,1.5509,0.0172,0.0155,64,3072,196608,393216,126771.8984,253543.7969,0.0000,0,0.0000,0.0000,0,0.0000,0,0.0000,0.0000,0,0.0000,0.0000,0,0,0,0,0,0,0,0,0,0,0,0,0,0,0,0,0,0,0,0,0,0,0,0,0
WG_METRICS 68,64,3072,1.5869,0.0075,0.0068,1.5444,0.0125,0.0157,64,3072,196608,393216,127303.8125,254607.6250,0.0000,0,0.0000,0.0000,0,0.0000,0,0.0000,0.0000,0,0.0000,0.0000,0,0,0,0,0,0,0,0,0,0,0,0,0,0,0,0,0,0,0,0,0,0,0,0,0
WG_METRICS 69,64,3072,1.6122,0.0074,0.0069,1.5603,0.0210,0.0166,64,3072,196608,393216,126008.1562,252016.3125,0.0000,0,0.0000,0.0000,0,0.0000,0,0.0000,0.0000,0,0.0000,0.0000,0,0,0,0,0,0,0,0,0,0,0,0,0,0,0,0,0,0,0,0,0,0,0,0,0
WG_METRICS 70,64,3072,1.6043,0.0075,0.0068,1.5528,0.0212,0.0159,64,3072,196608,393216,126611.8828,253223.7656,0.0000,0,0.0000,0.0000,0,0.0000,0,0.0000,0.0000,0,0.0000,0.0000,0,0,0,0,0,0,0,0,0,0,0,0,0,0,0,0,0,0,0,0,0,0,0,0,0
WG_METRICS 71,64,3072,1.5878,0.0074,0.0068,1.5436,0.0128,0.0172,64,3072,196608,393216,127366.4844,254732.9688,0.0000,0,0.0000,0.0000,0,0.0000,0,0.0000,0.0000,0,0.0000,0.0000,0,0,0,0,0,0,0,0,0,0,0,0,0,0,0,0,0,0,0,0,0,0,0,0,0
WG_METRICS 72,64,3072,1.5954,0.0075,0.0068,1.5522,0.0128,0.0161,64,3072,196608,393216,126660.8281,253321.6562,0.0000,0,0.0000,0.0000,0,0.0000,0,0.0000,0.0000,0,0.0000,0.0000,0,0,0,0,0,0,0,0,0,0,0,0,0,0,0,0,0,0,0,0,0,0,0,0,0
WG_METRICS 73,64,3072,1.6074,0.0074,0.0068,1.5560,0.0214,0.0157,64,3072,196608,393216,126351.5000,252703.0000,0.0000,0,0.0000,0.0000,0,0.0000,0,0.0000,0.0000,0,0.0000,0.0000,0,0,0,0,0,0,0,0,0,0,0,0,0,0,0,0,0,0,0,0,0,0,0,0,0
WG_METRICS 74,64,3072,1.5855,0.0075,0.0064,1.5425,0.0127,0.0163,64,3072,196608,393216,127458.9609,254917.9219,0.0000,0,0.0000,0.0000,0,0.0000,0,0.0000,0.0000,0,0.0000,0.0000,0,0,0,0,0,0,0,0,0,0,0,0,0,0,0,0,0,0,0,0,0,0,0,0,0
WG_METRICS 75,64,3072,1.6048,0.0075,0.0068,1.5605,0.0130,0.0169,64,3072,196608,393216,125988.7656,251977.5312,0.0000,0,0.0000,0.0000,0,0.0000,0,0.0000,0.0000,0,0.0000,0.0000,0,0,0,0,0,0,0,0,0,0,0,0,0,0,0,0,0,0,0,0,0,0,0,0,0
WG_METRICS 76,64,3072,1.6066,0.0074,0.0069,1.5551,0.0209,0.0163,64,3072,196608,393216,126429.5000,252859.0000,0.0000,0,0.0000,0.0000,0,0.0000,0,0.0000,0.0000,0,0.0000,0.0000,0,0,0,0,0,0,0,0,0,0,0,0,0,0,0,0,0,0,0,0,0,0,0,0,0
WG_METRICS 77,64,3072,1.5991,0.0100,0.0068,1.5535,0.0126,0.0162,64,3072,196608,393216,126559.7188,253119.4375,0.0000,0,0.0000,0.0000,0,0.0000,0,0.0000,0.0000,0,0.0000,0.0000,0,0,0,0,0,0,0,0,0,0,0,0,0,0,0,0,0,0,0,0,0,0,0,0,0
WG_METRICS 78,64,3072,1.6132,0.0074,0.0069,1.5612,0.0211,0.0167,64,3072,196608,393216,125937.1250,251874.2500,0.0000,0,0.0000,0.0000,0,0.0000,0,0.0000,0.0000,0,0.0000,0.0000,0,0,0,0,0,0,0,0,0,0,0,0,0,0,0,0,0,0,0,0,0,0,0,0,0
WG_METRICS 79,64,3072,1.5989,0.0075,0.0067,1.5464,0.0216,0.0167,64,3072,196608,393216,127142.4531,254284.9062,0.0000,0,0.0000,0.0000,0,0.0000,0,0.0000,0.0000,0,0.0000,0.0000,0,0,0,0,0,0,0,0,0,0,0,0,0,0,0,0,0,0,0,0,0,0,0,0,0
WG_METRICS 80,64,3072,1.5969,0.0074,0.0066,1.5538,0.0132,0.0158,64,3072,196608,393216,126533.6641,253067.3281,0.0000,0,0.0000,0.0000,0,0.0000,0,0.0000,0.0000,0,0.0000,0.0000,0,0,0,0,0,0,0,0,0,0,0,0,0,0,0,0,0,0,0,0,0,0,0,0,0
WG_METRICS 81,64,3072,1.5987,0.0076,0.0067,1.5471,0.0216,0.0156,64,3072,196608,393216,127079.9922,254159.9844,0.0000,0,0.0000,0.0000,0,0.0000,0,0.0000,0.0000,0,0.0000,0.0000,0,0,0,0,0,0,0,0,0,0,0,0,0,0,0,0,0,0,0,0,0,0,0,0,0
WG_METRICS 82,64,3072,1.6106,0.0075,0.0069,1.5658,0.0130,0.0174,64,3072,196608,393216,125563.9297,251127.8594,0.0000,0,0.0000,0.0000,0,0.0000,0,0.0000,0.0000,0,0.0000,0.0000,0,0,0,0,0,0,0,0,0,0,0,0,0,0,0,0,0,0,0,0,0,0,0,0,0
WG_METRICS 83,64,3072,1.6003,0.0100,0.0069,1.5461,0.0214,0.0158,64,3072,196608,393216,127162.1797,254324.3594,0.0000,0,0.0000,0.0000,0,0.0000,0,0.0000,0.0000,0,0.0000,0.0000,0,0,0,0,0,0,0,0,0,0,0,0,0,0,0,0,0,0,0,0,0,0,0,0,0
WG_METRICS 84,64,3072,1.5886,0.0074,0.0068,1.5460,0.0129,0.0156,64,3072,196608,393216,127172.0547,254344.1094,0.0000,0,0.0000,0.0000,0,0.0000,0,0.0000,0.0000,0,0.0000,0.0000,0,0,0,0,0,0,0,0,0,0,0,0,0,0,0,0,0,0,0,0,0,0,0,0,0
WG_METRICS 85,64,3072,1.5795,0.0102,0.0049,1.5360,0.0128,0.0157,64,3072,196608,393216,128003.3359,256006.6719,0.0000,0,0.0000,0.0000,0,0.0000,0,0.0000,0.0000,0,0.0000,0.0000,0,0,0,0,0,0,0,0,0,0,0,0,0,0,0,0,0,0,0,0,0,0,0,0,0
WG_METRICS 86,64,3072,1.5903,0.0129,0.0069,1.5400,0.0127,0.0177,64,3072,196608,393216,127664.2188,255328.4375,0.0000,0,0.0000,0.0000,0,0.0000,0,0.0000,0.0000,0,0.0000,0.0000,0,0,0,0,0,0,0,0,0,0,0,0,0,0,0,0,0,0,0,0,0,0,0,0,0
WG_METRICS 87,64,3072,1.5968,0.0076,0.0067,1.5457,0.0214,0.0155,64,3072,196608,393216,127195.0938,254390.1875,0.0000,0,0.0000,0.0000,0,0.0000,0,0.0000,0.0000,0,0.0000,0.0000,0,0,0,0,0,0,0,0,0,0,0,0,0,0,0,0,0,0,0,0,0,0,0,0,0
WG_METRICS 88,64,3072,1.5931,0.0076,0.0067,1.5502,0.0128,0.0158,64,3072,196608,393216,126830.7734,253661.5469,0.0000,0,0.0000,0.0000,0,0.0000,0,0.0000,0.0000,0,0.0000,0.0000,0,0,0,0,0,0,0,0,0,0,0,0,0,0,0,0,0,0,0,0,0,0,0,0,0
WG_METRICS 89,64,3072,1.6024,0.0075,0.0068,1.5576,0.0134,0.0170,64,3072,196608,393216,126224.9609,252449.9219,0.0000,0,0.0000,0.0000,0,0.0000,0,0.0000,0.0000,0,0.0000,0.0000,0,0,0,0,0,0,0,0,0,0,0,0,0,0,0,0,0,0,0,0,0,0,0,0,0
WG_METRICS 90,64,3072,1.5954,0.0076,0.0067,1.5519,0.0128,0.0165,64,3072,196608,393216,126686.9375,253373.8750,0.0000,0,0.0000,0.0000,0,0.0000,0,0.0000,0.0000,0,0.0000,0.0000,0,0,0,0,0,0,0,0,0,0,0,0,0,0,0,0,0,0,0,0,0,0,0,0,0
WG_METRICS 91,64,3072,1.5979,0.0075,0.0065,1.5555,0.0126,0.0159,64,3072,196608,393216,126397.0000,252794.0000,0.0000,0,0.0000,0.0000,0,0.0000,0,0.0000,0.0000,0,0.0000,0.0000,0,0,0,0,0,0,0,0,0,0,0,0,0,0,0,0,0,0,0,0,0,0,0,0,0
WG_METRICS 92,64,3072,1.5961,0.0074,0.0068,1.5528,0.0126,0.0166,64,3072,196608,393216,126615.1406,253230.2812,0.0000,0,0.0000,0.0000,0,0.0000,0,0.0000,0.0000,0,0.0000,0.0000,0,0,0,0,0,0,0,0,0,0,0,0,0,0,0,0,0,0,0,0,0,0,0,0,0
WG_METRICS 93,64,3072,1.5904,0.0074,0.0068,1.5472,0.0127,0.0162,64,3072,196608,393216,127073.4297,254146.8594,0.0000,0,0.0000,0.0000,0,0.0000,0,0.0000,0.0000,0,0.0000,0.0000,0,0,0,0,0,0,0,0,0,0,0,0,0,0,0,0,0,0,0,0,0,0,0,0,0
WG_METRICS 94,64,3072,1.5905,0.0074,0.0068,1.5490,0.0100,0.0172,64,3072,196608,393216,126922.4844,253844.9688,0.0000,0,0.0000,0.0000,0,0.0000,0,0.0000,0.0000,0,0.0000,0.0000,0,0,0,0,0,0,0,0,0,0,0,0,0,0,0,0,0,0,0,0,0,0,0,0,0
WG_METRICS 95,64,3072,1.5994,0.0074,0.0068,1.5564,0.0127,0.0161,64,3072,196608,393216,126325.5312,252651.0625,0.0000,0,0.0000,0.0000,0,0.0000,0,0.0000,0.0000,0,0.0000,0.0000,0,0,0,0,0,0,0,0,0,0,0,0,0,0,0,0,0,0,0,0,0,0,0,0,0
WG_METRICS 96,64,3072,1.5890,0.0074,0.0068,1.5466,0.0127,0.0156,64,3072,196608,393216,127126.0078,254252.0156,0.0000,0,0.0000,0.0000,0,0.0000,0,0.0000,0.0000,0,0.0000,0.0000,0,0,0,0,0,0,0,0,0,0,0,0,0,0,0,0,0,0,0,0,0,0,0,0,0
WG_METRICS 97,64,3072,1.6156,0.0074,0.0067,1.5630,0.0218,0.0167,64,3072,196608,393216,125785.6484,251571.2969,0.0000,0,0.0000,0.0000,0,0.0000,0,0.0000,0.0000,0,0.0000,0.0000,0,0,0,0,0,0,0,0,0,0,0,0,0,0,0,0,0,0,0,0,0,0,0,0,0
WG_METRICS 98,64,3072,1.6043,0.0075,0.0068,1.5604,0.0132,0.0164,64,3072,196608,393216,125995.2344,251990.4688,0.0000,0,0.0000,0.0000,0,0.0000,0,0.0000,0.0000,0,0.0000,0.0000,0,0,0,0,0,0,0,0,0,0,0,0,0,0,0,0,0,0,0,0,0,0,0,0,0
WG_METRICS 99,64,3072,1.6000,0.0074,0.0066,1.5469,0.0221,0.0170,64,3072,196608,393216,127096.4297,254192.8594,0.0000,0,0.0000,0.0000,0,0.0000,0,0.0000,0.0000,0,0.0000,0.0000,0,0,0,0,0,0,0,0,0,0,0,0,0,0,0,0,0,0,0,0,0,0,0,0,0
WG_METRICS 100,64,3072,1.5971,0.0102,0.0069,1.5508,0.0127,0.0165,64,3072,196608,393216,126778.4375,253556.8750,0.0000,0,0.0000,0.0000,0,0.0000,0,0.0000,0.0000,0,0.0000,0.0000,0,0,0,0,0,0,0,0,0,0,0,0,0,0,0,0,0,0,0,0,0,0,0,0,0
WG_METRICS 101,64,3072,1.5977,0.0074,0.0065,1.5549,0.0130,0.0158,64,3072,196608,393216,126445.7656,252891.5312,0.0000,0,0.0000,0.0000,0,0.0000,0,0.0000,0.0000,0,0.0000,0.0000,0,0,0,0,0,0,0,0,0,0,0,0,0,0,0,0,0,0,0,0,0,0,0,0,0
WG_METRICS 102,64,3072,1.6094,0.0075,0.0068,1.5556,0.0222,0.0174,64,3072,196608,393216,126390.5000,252781.0000,0.0000,0,0.0000,0.0000,0,0.0000,0,0.0000,0.0000,0,0.0000,0.0000,0,0,0,0,0,0,0,0,0,0,0,0,0,0,0,0,0,0,0,0,0,0,0,0,0
WG_METRICS 103,64,3072,1.5924,0.0074,0.0068,1.5494,0.0132,0.0156,64,3072,196608,393216,126889.7109,253779.4219,0.0000,0,0.0000,0.0000,0,0.0000,0,0.0000,0.0000,0,0.0000,0.0000,0,0,0,0,0,0,0,0,0,0,0,0,0,0,0,0,0,0,0,0,0,0,0,0,0
WG_METRICS 104,64,3072,1.6142,0.0074,0.0069,1.5616,0.0222,0.0161,64,3072,196608,393216,125901.6406,251803.2812,0.0000,0,0.0000,0.0000,0,0.0000,0,0.0000,0.0000,0,0.0000,0.0000,0,0,0,0,0,0,0,0,0,0,0,0,0,0,0,0,0,0,0,0,0,0,0,0,0
WG_METRICS 105,64,3072,1.5947,0.0074,0.0068,1.5423,0.0216,0.0166,64,3072,196608,393216,127475.4922,254950.9844,0.0000,0,0.0000,0.0000,0,0.0000,0,0.0000,0.0000,0,0.0000,0.0000,0,0,0,0,0,0,0,0,0,0,0,0,0,0,0,0,0,0,0,0,0,0,0,0,0
WG_METRICS 106,64,3072,1.5868,0.0074,0.0068,1.5442,0.0124,0.0158,64,3072,196608,393216,127317.0000,254634.0000,0.0000,0,0.0000,0.0000,0,0.0000,0,0.0000,0.0000,0,0.0000,0.0000,0,0,0,0,0,0,0,0,0,0,0,0,0,0,0,0,0,0,0,0,0,0,0,0,0
WG_METRICS 107,64,3072,1.5931,0.0074,0.0067,1.5498,0.0130,0.0163,64,3072,196608,393216,126863.5156,253727.0312,0.0000,0,0.0000,0.0000,0,0.0000,0,0.0000,0.0000,0,0.0000,0.0000,0,0,0,0,0,0,0,0,0,0,0,0,0,0,0,0,0,0,0,0,0,0,0,0,0
WG_METRICS 108,64,3072,1.6117,0.0074,0.0068,1.5586,0.0220,0.0168,64,3072,196608,393216,126143.9766,252287.9531,0.0000,0,0.0000,0.0000,0,0.0000,0,0.0000,0.0000,0,0.0000,0.0000,0,0,0,0,0,0,0,0,0,0,0,0,0,0,0,0,0,0,0,0,0,0,0,0,0
WG_METRICS 109,64,3072,1.6101,0.0074,0.0068,1.5585,0.0213,0.0161,64,3072,196608,393216,126153.6875,252307.3750,0.0000,0,0.0000,0.0000,0,0.0000,0,0.0000,0.0000,0,0.0000,0.0000,0,0,0,0,0,0,0,0,0,0,0,0,0,0,0,0,0,0,0,0,0,0,0,0,0
WG_METRICS 110,64,3072,1.5905,0.0074,0.0068,1.5394,0.0213,0.0157,64,3072,196608,393216,127720.6094,255441.2188,0.0000,0,0.0000,0.0000,0,0.0000,0,0.0000,0.0000,0,0.0000,0.0000,0,0,0,0,0,0,0,0,0,0,0,0,0,0,0,0,0,0,0,0,0,0,0,0,0
WG_METRICS 111,64,3072,1.6037,0.0075,0.0067,1.5626,0.0093,0.0176,64,3072,196608,393216,125817.8516,251635.7031,0.0000,0,0.0000,0.0000,0,0.0000,0,0.0000,0.0000,0,0.0000,0.0000,0,0,0,0,0,0,0,0,0,0,0,0,0,0,0,0,0,0,0,0,0,0,0,0,0
WG_METRICS 112,64,3072,1.6091,0.0102,0.0069,1.5545,0.0217,0.0158,64,3072,196608,393216,126475.0547,252950.1094,0.0000,0,0.0000,0.0000,0,0.0000,0,0.0000,0.0000,0,0.0000,0.0000,0,0,0,0,0,0,0,0,0,0,0,0,0,0,0,0,0,0,0,0,0,0,0,0,0
WG_METRICS 113,64,3072,1.5815,0.0074,0.0068,1.5387,0.0125,0.0161,64,3072,196608,393216,127773.7344,255547.4688,0.0000,0,0.0000,0.0000,0,0.0000,0,0.0000,0.0000,0,0.0000,0.0000,0,0,0,0,0,0,0,0,0,0,0,0,0,0,0,0,0,0,0,0,0,0,0,0,0
WG_METRICS 114,64,3072,1.5996,0.0075,0.0068,1.5481,0.0209,0.0163,64,3072,196608,393216,126997.9062,253995.8125,0.0000,0,0.0000,0.0000,0,0.0000,0,0.0000,0.0000,0,0.0000,0.0000,0,0,0,0,0,0,0,0,0,0,0,0,0,0,0,0,0,0,0,0,0,0,0,0,0
WG_METRICS 115,64,3072,1.5895,0.0075,0.0067,1.5367,0.0215,0.0170,64,3072,196608,393216,127940.0234,255880.0469,0.0000,0,0.0000,0.0000,0,0.0000,0,0.0000,0.0000,0,0.0000,0.0000,0,0,0,0,0,0,0,0,0,0,0,0,0,0,0,0,0,0,0,0,0,0,0,0,0
WG_METRICS 116,64,3072,1.5990,0.0074,0.0068,1.5474,0.0211,0.0163,64,3072,196608,393216,127053.7109,254107.4219,0.0000,0,0.0000,0.0000,0,0.0000,0,0.0000,0.0000,0,0.0000,0.0000,0,0,0,0,0,0,0,0,0,0,0,0,0,0,0,0,0,0,0,0,0,0,0,0,0
WG_METRICS 117,64,3072,1.6074,0.0078,0.0068,1.5558,0.0212,0.0159,64,3072,196608,393216,126374.2422,252748.4844,0.0000,0,0.0000,0.0000,0,0.0000,0,0.0000,0.0000,0,0.0000,0.0000,0,0,0,0,0,0,0,0,0,0,0,0,0,0,0,0,0,0,0,0,0,0,0,0,0
WG_METRICS 118,64,3072,1.5974,0.0074,0.0070,1.5518,0.0134,0.0178,64,3072,196608,393216,126696.7344,253393.4688,0.0000,0,0.0000,0.0000,0,0.0000,0,0.0000,0.0000,0,0.0000,0.0000,0,0,0,0,0,0,0,0,0,0,0,0,0,0,0,0,0,0,0,0,0,0,0,0,0
WG_METRICS 119,64,3072,1.6003,0.0074,0.0068,1.5576,0.0129,0.0156,64,3072,196608,393216,126224.9609,252449.9219,0.0000,0,0.0000,0.0000,0,0.0000,0,0.0000,0.0000,0,0.0000,0.0000,0,0,0,0,0,0,0,0,0,0,0,0,0,0,0,0,0,0,0,0,0,0,0,0,0
WG_METRICS 120,64,3072,1.5870,0.0074,0.0068,1.5446,0.0124,0.0159,64,3072,196608,393216,127290.6250,254581.2500,0.0000,0,0.0000,0.0000,0,0.0000,0,0.0000,0.0000,0,0.0000,0.0000,0,0,0,0,0,0,0,0,0,0,0,0,0,0,0,0,0,0,0,0,0,0,0,0,0
WG_METRICS 121,64,3072,1.5859,0.0075,0.0068,1.5377,0.0174,0.0166,64,3072,196608,393216,127860.1484,255720.2969,0.0000,0,0.0000,0.0000,0,0.0000,0,0.0000,0.0000,0,0.0000,0.0000,0,0,0,0,0,0,0,0,0,0,0,0,0,0,0,0,0,0,0,0,0,0,0,0,0
WG_METRICS 122,64,3072,1.5960,0.0075,0.0069,1.5438,0.0214,0.0165,64,3072,196608,393216,127356.5859,254713.1719,0.0000,0,0.0000,0.0000,0,0.0000,0,0.0000,0.0000,0,0.0000,0.0000,0,0,0,0,0,0,0,0,0,0,0,0,0,0,0,0,0,0,0,0,0,0,0,0,0
WG_METRICS 123,64,3072,1.6040,0.0075,0.0068,1.5598,0.0131,0.0168,64,3072,196608,393216,126046.9297,252093.8594,0.0000,0,0.0000,0.0000,0,0.0000,0,0.0000,0.0000,0,0.0000,0.0000,0,0,0,0,0,0,0,0,0,0,0,0,0,0,0,0,0,0,0,0,0,0,0,0,0
WG_METRICS 124,64,3072,1.5909,0.0074,0.0066,1.5392,0.0217,0.0160,64,3072,196608,393216,127730.5703,255461.1406,0.0000,0,0.0000,0.0000,0,0.0000,0,0.0000,0.0000,0,0.0000,0.0000,0,0,0,0,0,0,0,0,0,0,0,0,0,0,0,0,0,0,0,0,0,0,0,0,0
WG_METRICS 125,64,3072,1.5892,0.0075,0.0068,1.5452,0.0128,0.0169,64,3072,196608,393216,127237.8984,254475.7969,0.0000,0,0.0000,0.0000,0,0.0000,0,0.0000,0.0000,0,0.0000,0.0000,0,0,0,0,0,0,0,0,0,0,0,0,0,0,0,0,0,0,0,0,0,0,0,0,0
WG_METRICS 126,64,3072,1.5914,0.0110,0.0070,1.5444,0.0128,0.0162,64,3072,196608,393216,127300.5078,254601.0156,0.0000,0,0.0000,0.0000,0,0.0000,0,0.0000,0.0000,0,0.0000,0.0000,0,0,0,0,0,0,0,0,0,0,0,0,0,0,0,0,0,0,0,0,0,0,0,0,0
WG_METRICS 127,64,3072,1.6031,0.0075,0.0068,1.5593,0.0132,0.0164,64,3072,196608,393216,126088.9609,252177.9219,0.0000,0,0.0000,0.0000,0,0.0000,0,0.0000,0.0000,0,0.0000,0.0000,0,0,0,0,0,0,0,0,0,0,0,0,0,0,0,0,0,0,0,0,0,0,0,0,0
WG_METRICS 128,64,3072,1.5969,0.0074,0.0069,1.5545,0.0117,0.0164,64,3072,196608,393216,126478.3125,252956.6250,0.0000,0,0.0000,0.0000,0,0.0000,0,0.0000,0.0000,0,0.0000,0.0000,0,0,0,0,0,0,0,0,0,0,0,0,0,0,0,0,0,0,0,0,0,0,0,0,0
WG_METRICS 129,64,3072,1.5875,0.0074,0.0066,1.5452,0.0127,0.0156,64,3072,196608,393216,127241.1875,254482.3750,0.0000,0,0.0000,0.0000,0,0.0000,0,0.0000,0.0000,0,0.0000,0.0000,0,0,0,0,0,0,0,0,0,0,0,0,0,0,0,0,0,0,0,0,0,0,0,0,0
WG_METRICS 130,64,3072,1.5826,0.0076,0.0068,1.5428,0.0087,0.0166,64,3072,196608,393216,127435.8359,254871.6719,0.0000,0,0.0000,0.0000,0,0.0000,0,0.0000,0.0000,0,0.0000,0.0000,0,0,0,0,0,0,0,0,0,0,0,0,0,0,0,0,0,0,0,0,0,0,0,0,0
WG_METRICS 131,64,3072,1.5931,0.0100,0.0068,1.5473,0.0131,0.0158,64,3072,196608,393216,127063.5703,254127.1406,0.0000,0,0.0000,0.0000,0,0.0000,0,0.0000,0.0000,0,0.0000,0.0000,0,0,0,0,0,0,0,0,0,0,0,0,0,0,0,0,0,0,0,0,0,0,0,0,0
WG_METRICS 132,64,3072,1.6021,0.0075,0.0068,1.5510,0.0210,0.0158,64,3072,196608,393216,126758.8125,253517.6250,0.0000,0,0.0000,0.0000,0,0.0000,0,0.0000,0.0000,0,0.0000,0.0000,0,0,0,0,0,0,0,0,0,0,0,0,0,0,0,0,0,0,0,0,0,0,0,0,0
WG_METRICS 133,64,3072,1.6013,0.0075,0.0069,1.5536,0.0169,0.0164,64,3072,196608,393216,126546.6875,253093.3750,0.0000,0,0.0000,0.0000,0,0.0000,0,0.0000,0.0000,0,0.0000,0.0000,0,0,0,0,0,0,0,0,0,0,0,0,0,0,0,0,0,0,0,0,0,0,0,0,0
WG_METRICS 134,64,3072,1.5906,0.0074,0.0068,1.5473,0.0128,0.0162,64,3072,196608,393216,127063.5703,254127.1406,0.0000,0,0.0000,0.0000,0,0.0000,0,0.0000,0.0000,0,0.0000,0.0000,0,0,0,0,0,0,0,0,0,0,0,0,0,0,0,0,0,0,0,0,0,0,0,0,0
WG_METRICS 135,64,3072,1.6016,0.0074,0.0066,1.5584,0.0130,0.0161,64,3072,196608,393216,126160.1641,252320.3281,0.0000,0,0.0000,0.0000,0,0.0000,0,0.0000,0.0000,0,0.0000,0.0000,0,0,0,0,0,0,0,0,0,0,0,0,0,0,0,0,0,0,0,0,0,0,0,0,0
WG_METRICS 136,64,3072,1.5986,0.0077,0.0068,1.5555,0.0126,0.0159,64,3072,196608,393216,126393.7422,252787.4844,0.0000,0,0.0000,0.0000,0,0.0000,0,0.0000,0.0000,0,0.0000,0.0000,0,0,0,0,0,0,0,0,0,0,0,0,0,0,0,0,0,0,0,0,0,0,0,0,0
WG_METRICS 137,64,3072,1.5930,0.0073,0.0069,1.5506,0.0126,0.0156,64,3072,196608,393216,126794.7812,253589.5625,0.0000,0,0.0000,0.0000,0,0.0000,0,0.0000,0.0000,0,0.0000,0.0000,0,0,0,0,0,0,0,0,0,0,0,0,0,0,0,0,0,0,0,0,0,0,0,0,0
WG_METRICS 138,64,3072,1.6278,0.0075,0.0068,1.5743,0.0216,0.0177,64,3072,196608,393216,124887.5625,249775.1250,0.0000,0,0.0000,0.0000,0,0.0000,0,0.0000,0.0000,0,0.0000,0.0000,0,0,0,0,0,0,0,0,0,0,0,0,0,0,0,0,0,0,0,0,0,0,0,0,0
WG_METRICS 139,64,3072,1.5866,0.0074,0.0068,1.5436,0.0129,0.0158,64,3072,196608,393216,127366.4844,254732.9688,0.0000,0,0.0000,0.0000,0,0.0000,0,0.0000,0.0000,0,0.0000,0.0000,0,0,0,0,0,0,0,0,0,0,0,0,0,0,0,0,0,0,0,0,0,0,0,0,0
WG_METRICS 140,64,3072,1.6102,0.0075,0.0068,1.5570,0.0220,0.0169,64,3072,196608,393216,126270.3594,252540.7188,0.0000,0,0.0000,0.0000,0,0.0000,0,0.0000,0.0000,0,0.0000,0.0000,0,0,0,0,0,0,0,0,0,0,0,0,0,0,0,0,0,0,0,0,0,0,0,0,0
WG_METRICS 141,64,3072,1.5996,0.0100,0.0064,1.5451,0.0213,0.0168,64,3072,196608,393216,127244.4844,254488.9688,0.0000,0,0.0000,0.0000,0,0.0000,0,0.0000,0.0000,0,0.0000,0.0000,0,0,0,0,0,0,0,0,0,0,0,0,0,0,0,0,0,0,0,0,0,0,0,0,0
WG_METRICS 142,64,3072,1.5944,0.0074,0.0068,1.5508,0.0123,0.0170,64,3072,196608,393216,126775.1641,253550.3281,0.0000,0,0.0000,0.0000,0,0.0000,0,0.0000,0.0000,0,0.0000,0.0000,0,0,0,0,0,0,0,0,0,0,0,0,0,0,0,0,0,0,0,0,0,0,0,0,0
WG_METRICS 143,64,3072,1.6253,0.0074,0.0069,1.5711,0.0221,0.0178,64,3072,196608,393216,125138.7500,250277.5000,0.0000,0,0.0000,0.0000,0,0.0000,0,0.0000,0.0000,0,0.0000,0.0000,0,0,0,0,0,0,0,0,0,0,0,0,0,0,0,0,0,0,0,0,0,0,0,0,0
WG_METRICS 144,64,3072,1.5815,0.0074,0.0068,1.5392,0.0126,0.0155,64,3072,196608,393216,127737.2031,255474.4062,0.0000,0,0.0000,0.0000,0,0.0000,0,0.0000,0.0000,0,0.0000,0.0000,0,0,0,0,0,0,0,0,0,0,0,0,0,0,0,0,0,0,0,0,0,0,0,0,0
WG_METRICS 145,64,3072,1.6245,0.0074,0.0068,1.5714,0.0221,0.0167,64,3072,196608,393216,125113.2734,250226.5469,0.0000,0,0.0000,0.0000,0,0.0000,0,0.0000,0.0000,0,0.0000,0.0000,0,0,0,0,0,0,0,0,0,0,0,0,0,0,0,0,0,0,0,0,0,0,0,0,0
WG_METRICS 146,64,3072,1.6094,0.0074,0.0068,1.5575,0.0216,0.0161,64,3072,196608,393216,126234.6875,252469.3750,0.0000,0,0.0000,0.0000,0,0.0000,0,0.0000,0.0000,0,0.0000,0.0000,0,0,0,0,0,0,0,0,0,0,0,0,0,0,0,0,0,0,0,0,0,0,0,0,0
WG_METRICS 147,64,3072,1.5888,0.0074,0.0066,1.5470,0.0123,0.0155,64,3072,196608,393216,127089.8438,254179.6875,0.0000,0,0.0000,0.0000,0,0.0000,0,0.0000,0.0000,0,0.0000,0.0000,0,0,0,0,0,0,0,0,0,0,0,0,0,0,0,0,0,0,0,0,0,0,0,0,0
WG_METRICS 148,64,3072,1.5804,0.0074,0.0068,1.5375,0.0125,0.0162,64,3072,196608,393216,127876.7891,255753.5781,0.0000,0,0.0000,0.0000,0,0.0000,0,0.0000,0.0000,0,0.0000,0.0000,0,0,0,0,0,0,0,0,0,0,0,0,0,0,0,0,0,0,0,0,0,0,0,0,0
WG_METRICS 149,64,3072,1.6003,0.0075,0.0063,1.5479,0.0217,0.0170,64,3072,196608,393216,127017.5938,254035.1875,0.0000,0,0.0000,0.0000,0,0.0000,0,0.0000,0.0000,0,0.0000,0.0000,0,0,0,0,0,0,0,0,0,0,0,0,0,0,0,0,0,0,0,0,0,0,0,0,0
WG_METRICS 150,64,3072,1.5947,0.0074,0.0068,1.5486,0.0164,0.0155,64,3072,196608,393216,126958.5469,253917.0938,0.0000,0,0.0000,0.0000,0,0.0000,0,0.0000,0.0000,0,0.0000,0.0000,0,0,0,0,0,0,0,0,0,0,0,0,0,0,0,0,0,0,0,0,0,0,0,0,0
WG_METRICS 151,64,3072,1.6046,0.0075,0.0065,1.5614,0.0130,0.0162,64,3072,196608,393216,125920.9922,251841.9844,0.0000,0,0.0000,0.0000,0,0.0000,0,0.0000,0.0000,0,0.0000,0.0000,0,0,0,0,0,0,0,0,0,0,0,0,0,0,0,0,0,0,0,0,0,0,0,0,0
WG_METRICS 152,64,3072,1.6097,0.0074,0.0069,1.5562,0.0224,0.0168,64,3072,196608,393216,126341.7656,252683.5312,0.0000,0,0.0000,0.0000,0,0.0000,0,0.0000,0.0000,0,0.0000,0.0000,0,0,0,0,0,0,0,0,0,0,0,0,0,0,0,0,0,0,0,0,0,0,0,0,0
WG_METRICS 153,64,3072,1.5918,0.0074,0.0066,1.5398,0.0215,0.0166,64,3072,196608,393216,127687.4297,255374.8594,0.0000,0,0.0000,0.0000,0,0.0000,0,0.0000,0.0000,0,0.0000,0.0000,0,0,0,0,0,0,0,0,0,0,0,0,0,0,0,0,0,0,0,0,0,0,0,0,0
WG_METRICS 154,64,3072,1.5921,0.0074,0.0068,1.5491,0.0131,0.0156,64,3072,196608,393216,126919.2031,253838.4062,0.0000,0,0.0000,0.0000,0,0.0000,0,0.0000,0.0000,0,0.0000,0.0000,0,0,0,0,0,0,0,0,0,0,0,0,0,0,0,0,0,0,0,0,0,0,0,0,0
WG_METRICS 155,64,3072,1.6053,0.0075,0.0068,1.5537,0.0212,0.0162,64,3072,196608,393216,126540.1719,253080.3438,0.0000,0,0.0000,0.0000,0,0.0000,0,0.0000,0.0000,0,0.0000,0.0000,0,0,0,0,0,0,0,0,0,0,0,0,0,0,0,0,0,0,0,0,0,0,0,0,0
WG_METRICS 156,64,3072,1.6121,0.0074,0.0066,1.5678,0.0136,0.0166,64,3072,196608,393216,125400.5547,250801.1094,0.0000,0,0.0000,0.0000,0,0.0000,0,0.0000,0.0000,0,0.0000,0.0000,0,0,0,0,0,0,0,0,0,0,0,0,0,0,0,0,0,0,0,0,0,0,0,0,0
WG_METRICS 157,64,3072,1.6044,0.0075,0.0068,1.5529,0.0214,0.0159,64,3072,196608,393216,126608.6172,253217.2344,0.0000,0,0.0000,0.0000,0,0.0000,0,0.0000,0.0000,0,0.0000,0.0000,0,0,0,0,0,0,0,0,0,0,0,0,0,0,0,0,0,0,0,0,0,0,0,0,0
WG_METRICS 158,64,3072,1.6052,0.0075,0.0067,1.5531,0.0218,0.0161,64,3072,196608,393216,126592.3203,253184.6406,0.0000,0,0.0000,0.0000,0,0.0000,0,0.0000,0.0000,0,0.0000,0.0000,0,0,0,0,0,0,0,0,0,0,0,0,0,0,0,0,0,0,0,0,0,0,0,0,0
WG_METRICS 159,64,3072,1.5905,0.0075,0.0064,1.5469,0.0129,0.0168,64,3072,196608,393216,127096.4297,254192.8594,0.0000,0,0.0000,0.0000,0,0.0000,0,0.0000,0.0000,0,0.0000,0.0000,0,0,0,0,0,0,0,0,0,0,0,0,0,0,0,0,0,0,0,0,0,0,0,0,0
WG_METRICS 160,64,3072,1.5945,0.0075,0.0067,1.5429,0.0217,0.0157,64,3072,196608,393216,127429.2188,254858.4375,0.0000,0,0.0000,0.0000,0,0.0000,0,0.0000,0.0000,0,0.0000,0.0000,0,0,0,0,0,0,0,0,0,0,0,0,0,0,0,0,0,0,0,0,0,0,0,0,0
WG_METRICS 161,64,3072,1.6073,0.0075,0.0068,1.5558,0.0216,0.0156,64,3072,196608,393216,126371.0000,252742.0000,0.0000,0,0.0000,0.0000,0,0.0000,0,0.0000,0.0000,0,0.0000,0.0000,0,0,0,0,0,0,0,0,0,0,0,0,0,0,0,0,0,0,0,0,0,0,0,0,0
WG_METRICS 162,64,3072,1.6212,0.0075,0.0068,1.5693,0.0211,0.0164,64,3072,196608,393216,125282.2891,250564.5781,0.0000,0,0.0000,0.0000,0,0.0000,0,0.0000,0.0000,0,0.0000,0.0000,0,0,0,0,0,0,0,0,0,0,0,0,0,0,0,0,0,0,0,0,0,0,0,0,0
WG_METRICS 163,64,3072,1.5964,0.0075,0.0067,1.5440,0.0214,0.0168,64,3072,196608,393216,127340.0859,254680.1719,0.0000,0,0.0000,0.0000,0,0.0000,0,0.0000,0.0000,0,0.0000,0.0000,0,0,0,0,0,0,0,0,0,0,0,0,0,0,0,0,0,0,0,0,0,0,0,0,0
WG_METRICS 164,64,3072,1.6007,0.0074,0.0068,1.5544,0.0164,0.0156,64,3072,196608,393216,126488.0703,252976.1406,0.0000,0,0.0000,0.0000,0,0.0000,0,0.0000,0.0000,0,0.0000,0.0000,0,0,0,0,0,0,0,0,0,0,0,0,0,0,0,0,0,0,0,0,0,0,0,0,0
WG_METRICS 165,64,3072,1.5954,0.0084,0.0068,1.5432,0.0214,0.0155,64,3072,196608,393216,127399.5000,254799.0000,0.0000,0,0.0000,0.0000,0,0.0000,0,0.0000,0.0000,0,0.0000,0.0000,0,0,0,0,0,0,0,0,0,0,0,0,0,0,0,0,0,0,0,0,0,0,0,0,0
WG_METRICS 166,64,3072,1.6143,0.0080,0.0066,1.5691,0.0135,0.0171,64,3072,196608,393216,125298.2500,250596.5000,0.0000,0,0.0000,0.0000,0,0.0000,0,0.0000,0.0000,0,0.0000,0.0000,0,0,0,0,0,0,0,0,0,0,0,0,0,0,0,0,0,0,0,0,0,0,0,0,0
WG_METRICS 167,64,3072,1.5996,0.0081,0.0069,1.5470,0.0219,0.0157,64,3072,196608,393216,127089.8438,254179.6875,0.0000,0,0.0000,0.0000,0,0.0000,0,0.0000,0.0000,0,0.0000,0.0000,0,0,0,0,0,0,0,0,0,0,0,0,0,0,0,0,0,0,0,0,0,0,0,0,0
WG_METRICS 168,64,3072,1.5890,0.0075,0.0068,1.5460,0.0126,0.0161,64,3072,196608,393216,127168.7656,254337.5312,0.0000,0,0.0000,0.0000,0,0.0000,0,0.0000,0.0000,0,0.0000,0.0000,0,0,0,0,0,0,0,0,0,0,0,0,0,0,0,0,0,0,0,0,0,0,0,0,0
WG_METRICS 169,64,3072,1.6050,0.0074,0.0067,1.5616,0.0129,0.0164,64,3072,196608,393216,125904.8594,251809.7188,0.0000,0,0.0000,0.0000,0,0.0000,0,0.0000,0.0000,0,0.0000,0.0000,0,0,0,0,0,0,0,0,0,0,0,0,0,0,0,0,0,0,0,0,0,0,0,0,0
WG_METRICS 170,64,3072,1.6089,0.0074,0.0066,1.5574,0.0212,0.0161,64,3072,196608,393216,126237.9219,252475.8438,0.0000,0,0.0000,0.0000,0,0.0000,0,0.0000,0.0000,0,0.0000,0.0000,0,0,0,0,0,0,0,0,0,0,0,0,0,0,0,0,0,0,0,0,0,0,0,0,0
WG_METRICS 171,64,3072,1.6066,0.0075,0.0068,1.5641,0.0121,0.0161,64,3072,196608,393216,125702.0078,251404.0156,0.0000,0,0.0000,0.0000,0,0.0000,0,0.0000,0.0000,0,0.0000,0.0000,0,0,0,0,0,0,0,0,0,0,0,0,0,0,0,0,0,0,0,0,0,0,0,0,0
WG_METRICS 172,64,3072,1.6005,0.0074,0.0066,1.5490,0.0215,0.0159,64,3072,196608,393216,126925.7578,253851.5156,0.0000,0,0.0000,0.0000,0,0.0000,0,0.0000,0.0000,0,0.0000,0.0000,0,0,0,0,0,0,0,0,0,0,0,0,0,0,0,0,0,0,0,0,0,0,0,0,0
WG_METRICS 173,64,3072,1.5707,0.0076,0.0067,1.5324,0.0083,0.0157,64,3072,196608,393216,128304.0547,256608.1094,0.0000,0,0.0000,0.0000,0,0.0000,0,0.0000,0.0000,0,0.0000,0.0000,0,0,0,0,0,0,0,0,0,0,0,0,0,0,0,0,0,0,0,0,0,0,0,0,0
WG_METRICS 174,64,3072,1.5958,0.0074,0.0068,1.5478,0.0168,0.0169,64,3072,196608,393216,127020.8828,254041.7656,0.0000,0,0.0000,0.0000,0,0.0000,0,0.0000,0.0000,0,0.0000,0.0000,0,0,0,0,0,0,0,0,0,0,0,0,0,0,0,0,0,0,0,0,0,0,0,0,0
WG_METRICS 175,64,3072,1.5924,0.0075,0.0068,1.5412,0.0214,0.0156,64,3072,196608,393216,127568.1250,255136.2500,0.0000,0,0.0000,0.0000,0,0.0000,0,0.0000,0.0000,0,0.0000,0.0000,0,0,0,0,0,0,0,0,0,0,0,0,0,0,0,0,0,0,0,0,0,0,0,0,0
WG_METRICS 176,64,3072,1.6051,0.0075,0.0069,1.5526,0.0214,0.0168,64,3072,196608,393216,126634.7188,253269.4375,0.0000,0,0.0000,0.0000,0,0.0000,0,0.0000,0.0000,0,0.0000,0.0000,0,0,0,0,0,0,0,0,0,0,0,0,0,0,0,0,0,0,0,0,0,0,0,0,0
WG_METRICS 177,64,3072,1.5873,0.0075,0.0068,1.5430,0.0127,0.0174,64,3072,196608,393216,127419.3125,254838.6250,0.0000,0,0.0000,0.0000,0,0.0000,0,0.0000,0.0000,0,0.0000,0.0000,0,0,0,0,0,0,0,0,0,0,0,0,0,0,0,0,0,0,0,0,0,0,0,0,0
WG_METRICS 178,64,3072,1.6072,0.0075,0.0066,1.5632,0.0134,0.0165,64,3072,196608,393216,125776.0000,251552.0000,0.0000,0,0.0000,0.0000,0,0.0000,0,0.0000,0.0000,0,0.0000,0.0000,0,0,0,0,0,0,0,0,0,0,0,0,0,0,0,0,0,0,0,0,0,0,0,0,0
WG_METRICS 179,64,3072,1.6077,0.0100,0.0069,1.5537,0.0214,0.0158,64,3072,196608,393216,126540.1719,253080.3438,0.0000,0,0.0000,0.0000,0,0.0000,0,0.0000,0.0000,0,0.0000,0.0000,0,0,0,0,0,0,0,0,0,0,0,0,0,0,0,0,0,0,0,0,0,0,0,0,0
WG_METRICS 180,64,3072,1.5852,0.0074,0.0068,1.5423,0.0127,0.0159,64,3072,196608,393216,127475.4922,254950.9844,0.0000,0,0.0000,0.0000,0,0.0000,0,0.0000,0.0000,0,0.0000,0.0000,0,0,0,0,0,0,0,0,0,0,0,0,0,0,0,0,0,0,0,0,0,0,0,0,0
WG_METRICS 181,64,3072,1.6046,0.0075,0.0068,1.5531,0.0214,0.0157,64,3072,196608,393216,126589.0547,253178.1094,0.0000,0,0.0000,0.0000,0,0.0000,0,0.0000,0.0000,0,0.0000,0.0000,0,0,0,0,0,0,0,0,0,0,0,0,0,0,0,0,0,0,0,0,0,0,0,0,0
WG_METRICS 182,64,3072,1.6005,0.0074,0.0067,1.5478,0.0218,0.0168,64,3072,196608,393216,127024.1641,254048.3281,0.0000,0,0.0000,0.0000,0,0.0000,0,0.0000,0.0000,0,0.0000,0.0000,0,0,0,0,0,0,0,0,0,0,0,0,0,0,0,0,0,0,0,0,0,0,0,0,0
WG_METRICS 183,64,3072,1.5928,0.0074,0.0067,1.5500,0.0131,0.0156,64,3072,196608,393216,126847.1406,253694.2812,0.0000,0,0.0000,0.0000,0,0.0000,0,0.0000,0.0000,0,0.0000,0.0000,0,0,0,0,0,0,0,0,0,0,0,0,0,0,0,0,0,0,0,0,0,0,0,0,0
WG_METRICS 184,64,3072,1.6036,0.0074,0.0069,1.5522,0.0214,0.0157,64,3072,196608,393216,126660.8281,253321.6562,0.0000,0,0.0000,0.0000,0,0.0000,0,0.0000,0.0000,0,0.0000,0.0000,0,0,0,0,0,0,0,0,0,0,0,0,0,0,0,0,0,0,0,0,0,0,0,0,0
WG_METRICS 185,64,3072,1.5986,0.0074,0.0067,1.5537,0.0136,0.0172,64,3072,196608,393216,126543.4375,253086.8750,0.0000,0,0.0000,0.0000,0,0.0000,0,0.0000,0.0000,0,0.0000,0.0000,0,0,0,0,0,0,0,0,0,0,0,0,0,0,0,0,0,0,0,0,0,0,0,0,0
WG_METRICS 186,64,3072,1.5932,0.0074,0.0066,1.5506,0.0128,0.0158,64,3072,196608,393216,126791.5156,253583.0312,0.0000,0,0.0000,0.0000,0,0.0000,0,0.0000,0.0000,0,0.0000,0.0000,0,0,0,0,0,0,0,0,0,0,0,0,0,0,0,0,0,0,0,0,0,0,0,0,0
WG_METRICS 187,64,3072,1.5951,0.0104,0.0066,1.5404,0.0215,0.0163,64,3072,196608,393216,127634.3750,255268.7500,0.0000,0,0.0000,0.0000,0,0.0000,0,0.0000,0.0000,0,0.0000,0.0000,0,0,0,0,0,0,0,0,0,0,0,0,0,0,0,0,0,0,0,0,0,0,0,0,0
WG_METRICS 188,64,3072,1.5936,0.0075,0.0069,1.5495,0.0129,0.0168,64,3072,196608,393216,126883.1641,253766.3281,0.0000,0,0.0000,0.0000,0,0.0000,0,0.0000,0.0000,0,0.0000,0.0000,0,0,0,0,0,0,0,0,0,0,0,0,0,0,0,0,0,0,0,0,0,0,0,0,0
WG_METRICS 189,64,3072,1.5926,0.0075,0.0068,1.5498,0.0126,0.0158,64,3072,196608,393216,126856.9688,253713.9375,0.0000,0,0.0000,0.0000,0,0.0000,0,0.0000,0.0000,0,0.0000,0.0000,0,0,0,0,0,0,0,0,0,0,0,0,0,0,0,0,0,0,0,0,0,0,0,0,0
WG_METRICS 190,64,3072,1.6066,0.0096,0.0069,1.5531,0.0213,0.0156,64,3072,196608,393216,126589.0547,253178.1094,0.0000,0,0.0000,0.0000,0,0.0000,0,0.0000,0.0000,0,0.0000,0.0000,0,0,0,0,0,0,0,0,0,0,0,0,0,0,0,0,0,0,0,0,0,0,0,0,0
WG_METRICS 191,64,3072,1.5969,0.0076,0.0068,1.5453,0.0214,0.0158,64,3072,196608,393216,127228.0156,254456.0312,0.0000,0,0.0000,0.0000,0,0.0000,0,0.0000,0.0000,0,0.0000,0.0000,0,0,0,0,0,0,0,0,0,0,0,0,0,0,0,0,0,0,0,0,0,0,0,0,0
WG_METRICS 192,64,3072,1.6049,0.0074,0.0069,1.5605,0.0138,0.0163,64,3072,196608,393216,125992.0000,251984.0000,0.0000,0,0.0000,0.0000,0,0.0000,0,0.0000,0.0000,0,0.0000,0.0000,0,0,0,0,0,0,0,0,0,0,0,0,0,0,0,0,0,0,0,0,0,0,0,0,0
WG_METRICS 193,64,3072,1.5902,0.0075,0.0068,1.5475,0.0128,0.0156,64,3072,196608,393216,127047.1406,254094.2812,0.0000,0,0.0000,0.0000,0,0.0000,0,0.0000,0.0000,0,0.0000,0.0000,0,0,0,0,0,0,0,0,0,0,0,0,0,0,0,0,0,0,0,0,0,0,0,0,0
WG_METRICS 194,64,3072,1.5900,0.0075,0.0068,1.5378,0.0215,0.0164,64,3072,196608,393216,127846.8516,255693.7031,0.0000,0,0.0000,0.0000,0,0.0000,0,0.0000,0.0000,0,0.0000,0.0000,0,0,0,0,0,0,0,0,0,0,0,0,0,0,0,0,0,0,0,0,0,0,0,0,0
WG_METRICS 195,64,3072,1.6065,0.0075,0.0068,1.5621,0.0130,0.0171,64,3072,196608,393216,125862.9531,251725.9062,0.0000,0,0.0000,0.0000,0,0.0000,0,0.0000,0.0000,0,0.0000,0.0000,0,0,0,0,0,0,0,0,0,0,0,0,0,0,0,0,0,0,0,0,0,0,0,0,0
WG_METRICS 196,64,3072,1.5977,0.0074,0.0068,1.5464,0.0216,0.0154,64,3072,196608,393216,127135.8750,254271.7500,0.0000,0,0.0000,0.0000,0,0.0000,0,0.0000,0.0000,0,0.0000,0.0000,0,0,0,0,0,0,0,0,0,0,0,0,0,0,0,0,0,0,0,0,0,0,0,0,0
WG_METRICS 197,64,3072,1.6023,0.0074,0.0069,1.5514,0.0210,0.0156,64,3072,196608,393216,126732.6719,253465.3438,0.0000,0,0.0000,0.0000,0,0.0000,0,0.0000,0.0000,0,0.0000,0.0000,0,0,0,0,0,0,0,0,0,0,0,0,0,0,0,0,0,0,0,0,0,0,0,0,0
WG_METRICS 198,64,3072,1.5951,0.0074,0.0062,1.5438,0.0215,0.0162,64,3072,196608,393216,127349.9766,254699.9531,0.0000,0,0.0000,0.0000,0,0.0000,0,0.0000,0.0000,0,0.0000,0.0000,0,0,0,0,0,0,0,0,0,0,0,0,0,0,0,0,0,0,0,0,0,0,0,0,0
WG_METRICS 199,64,3072,1.5987,0.0082,0.0068,1.5446,0.0220,0.0171,64,3072,196608,393216,127290.6250,254581.2500,0.0000,0,0.0000,0.0000,0,0.0000,0,0.0000,0.0000,0,0.0000,0.0000,0,0,0,0,0,0,0,0,0,0,0,0,0,0,0,0,0,0,0,0,0,0,0,0,0
WG_METRICS 200,64,3072,1.5894,0.0075,0.0067,1.5377,0.0220,0.0156,64,3072,196608,393216,127860.1484,255720.2969,0.0000,0,0.0000,0.0000,0,0.0000,0,0.0000,0.0000,0,0.0000,0.0000,0,0,0,0,0,0,0,0,0,0,0,0,0,0,0,0,0,0,0,0,0,0,0,0,0
WG_METRICS 201,64,3072,1.5727,0.0074,0.0068,1.5304,0.0124,0.0156,64,3072,196608,393216,128468.3750,256936.7500,0.0000,0,0.0000,0.0000,0,0.0000,0,0.0000,0.0000,0,0.0000,0.0000,0,0,0,0,0,0,0,0,0,0,0,0,0,0,0,0,0,0,0,0,0,0,0,0,0
WG_METRICS 202,64,3072,1.6115,0.0075,0.0068,1.5662,0.0132,0.0178,64,3072,196608,393216,125531.8594,251063.7188,0.0000,0,0.0000,0.0000,0,0.0000,0,0.0000,0.0000,0,0.0000,0.0000,0,0,0,0,0,0,0,0,0,0,0,0,0,0,0,0,0,0,0,0,0,0,0,0,0
WG_METRICS 203,64,3072,1.5916,0.0074,0.0068,1.5487,0.0130,0.0157,64,3072,196608,393216,126951.9922,253903.9844,0.0000,0,0.0000,0.0000,0,0.0000,0,0.0000,0.0000,0,0.0000,0.0000,0,0,0,0,0,0,0,0,0,0,0,0,0,0,0,0,0,0,0,0,0,0,0,0,0
WG_METRICS 204,64,3072,1.6059,0.0075,0.0068,1.5628,0.0125,0.0162,64,3072,196608,393216,125801.7500,251603.5000,0.0000,0,0.0000,0.0000,0,0.0000,0,0.0000,0.0000,0,0.0000,0.0000,0,0,0,0,0,0,0,0,0,0,0,0,0,0,0,0,0,0,0,0,0,0,0,0,0
WG_METRICS 205,64,3072,1.5974,0.0074,0.0065,1.5544,0.0130,0.0161,64,3072,196608,393216,126481.5625,252963.1250,0.0000,0,0.0000,0.0000,0,0.0000,0,0.0000,0.0000,0,0.0000,0.0000,0,0,0,0,0,0,0,0,0,0,0,0,0,0,0,0,0,0,0,0,0,0,0,0,0
WG_METRICS 206,64,3072,1.5968,0.0084,0.0069,1.5434,0.0218,0.0162,64,3072,196608,393216,127382.9922,254765.9844,0.0000,0,0.0000,0.0000,0,0.0000,0,0.0000,0.0000,0,0.0000,0.0000,0,0,0,0,0,0,0,0,0,0,0,0,0,0,0,0,0,0,0,0,0,0,0,0,0
WG_METRICS 207,64,3072,1.6179,0.0074,0.0068,1.5669,0.0213,0.0155,64,3072,196608,393216,125477.3828,250954.7656,0.0000,0,0.0000,0.0000,0,0.0000,0,0.0000,0.0000,0,0.0000,0.0000,0,0,0,0,0,0,0,0,0,0,0,0,0,0,0,0,0,0,0,0,0,0,0,0,0
WG_METRICS 208,64,3072,1.5946,0.0075,0.0068,1.5426,0.0212,0.0165,64,3072,196608,393216,127452.3516,254904.7031,0.0000,0,0.0000,0.0000,0,0.0000,0,0.0000,0.0000,0,0.0000,0.0000,0,0,0,0,0,0,0,0,0,0,0,0,0,0,0,0,0,0,0,0,0,0,0,0,0
WG_METRICS 209,64,3072,1.5863,0.0074,0.0068,1.5435,0.0129,0.0156,64,3072,196608,393216,127376.3906,254752.7812,0.0000,0,0.0000,0.0000,0,0.0000,0,0.0000,0.0000,0,0.0000,0.0000,0,0,0,0,0,0,0,0,0,0,0,0,0,0,0,0,0,0,0,0,0,0,0,0,0
WG_METRICS 210,64,3072,1.6054,0.0075,0.0067,1.5541,0.0210,0.0161,64,3072,196608,393216,126510.8594,253021.7188,0.0000,0,0.0000,0.0000,0,0.0000,0,0.0000,0.0000,0,0.0000,0.0000,0,0,0,0,0,0,0,0,0,0,0,0,0,0,0,0,0,0,0,0,0,0,0,0,0
WG_METRICS 211,64,3072,1.6116,0.0075,0.0066,1.5591,0.0219,0.0165,64,3072,196608,393216,126105.1406,252210.2812,0.0000,0,0.0000,0.0000,0,0.0000,0,0.0000,0.0000,0,0.0000,0.0000,0,0,0,0,0,0,0,0,0,0,0,0,0,0,0,0,0,0,0,0,0,0,0,0,0
WG_METRICS 212,64,3072,1.6037,0.0074,0.0068,1.5520,0.0218,0.0156,64,3072,196608,393216,126680.4062,253360.8125,0.0000,0,0.0000,0.0000,0,0.0000,0,0.0000,0.0000,0,0.0000,0.0000,0,0,0,0,0,0,0,0,0,0,0,0,0,0,0,0,0,0,0,0,0,0,0,0,0
WG_METRICS 213,64,3072,1.5888,0.0074,0.0068,1.5462,0.0129,0.0155,64,3072,196608,393216,127152.3203,254304.6406,0.0000,0,0.0000,0.0000,0,0.0000,0,0.0000,0.0000,0,0.0000,0.0000,0,0,0,0,0,0,0,0,0,0,0,0,0,0,0,0,0,0,0,0,0,0,0,0,0
WG_METRICS 214,64,3072,1.5904,0.0078,0.0068,1.5472,0.0125,0.0162,64,3072,196608,393216,127073.4297,254146.8594,0.0000,0,0.0000,0.0000,0,0.0000,0,0.0000,0.0000,0,0.0000,0.0000,0,0,0,0,0,0,0,0,0,0,0,0,0,0,0,0,0,0,0,0,0,0,0,0,0
WG_METRICS 215,64,3072,1.6052,0.0138,0.0069,1.5558,0.0126,0.0161,64,3072,196608,393216,126374.2422,252748.4844,0.0000,0,0.0000,0.0000,0,0.0000,0,0.0000,0.0000,0,0.0000,0.0000,0,0,0,0,0,0,0,0,0,0,0,0,0,0,0,0,0,0,0,0,0,0,0,0,0
WG_METRICS 216,64,3072,1.5949,0.0075,0.0068,1.5427,0.0218,0.0161,64,3072,196608,393216,127442.4453,254884.8906,0.0000,0,0.0000,0.0000,0,0.0000,0,0.0000,0.0000,0,0.0000,0.0000,0,0,0,0,0,0,0,0,0,0,0,0,0,0,0,0,0,0,0,0,0,0,0,0,0
WG_METRICS 217,64,3072,1.5933,0.0074,0.0068,1.5508,0.0124,0.0158,64,3072,196608,393216,126778.4375,253556.8750,0.0000,0,0.0000,0.0000,0,0.0000,0,0.0000,0.0000,0,0.0000,0.0000,0,0,0,0,0,0,0,0,0,0,0,0,0,0,0,0,0,0,0,0,0,0,0,0,0
WG_METRICS 218,64,3072,1.6000,0.0073,0.0062,1.5481,0.0219,0.0165,64,3072,196608,393216,127001.1875,254002.3750,0.0000,0,0.0000,0.0000,0,0.0000,0,0.0000,0.0000,0,0.0000,0.0000,0,0,0,0,0,0,0,0,0,0,0,0,0,0,0,0,0,0,0,0,0,0,0,0,0
WG_METRICS 219,64,3072,1.6110,0.0074,0.0062,1.5585,0.0215,0.0174,64,3072,196608,393216,126150.4531,252300.9062,0.0000,0,0.0000,0.0000,0,0.0000,0,0.0000,0.0000,0,0.0000,0.0000,0,0,0,0,0,0,0,0,0,0,0,0,0,0,0,0,0,0,0,0,0,0,0,0,0
WG_METRICS 220,64,3072,1.5944,0.0076,0.0066,1.5516,0.0127,0.0158,64,3072,196608,393216,126716.3359,253432.6719,0.0000,0,0.0000,0.0000,0,0.0000,0,0.0000,0.0000,0,0.0000,0.0000,0,0,0,0,0,0,0,0,0,0,0,0,0,0,0,0,0,0,0,0,0,0,0,0,0
WG_METRICS 221,64,3072,1.5925,0.0074,0.0068,1.5500,0.0126,0.0157,64,3072,196608,393216,126843.8750,253687.7500,0.0000,0,0.0000,0.0000,0,0.0000,0,0.0000,0.0000,0,0.0000,0.0000,0,0,0,0,0,0,0,0,0,0,0,0,0,0,0,0,0,0,0,0,0,0,0,0,0
WG_METRICS 222,64,3072,1.5900,0.0075,0.0068,1.5456,0.0130,0.0171,64,3072,196608,393216,127204.9609,254409.9219,0.0000,0,0.0000,0.0000,0,0.0000,0,0.0000,0.0000,0,0.0000,0.0000,0,0,0,0,0,0,0,0,0,0,0,0,0,0,0,0,0,0,0,0,0,0,0,0,0
WG_METRICS 223,64,3072,1.6008,0.0074,0.0068,1.5494,0.0215,0.0156,64,3072,196608,393216,126896.2656,253792.5312,0.0000,0,0.0000,0.0000,0,0.0000,0,0.0000,0.0000,0,0.0000,0.0000,0,0,0,0,0,0,0,0,0,0,0,0,0,0,0,0,0,0,0,0,0,0,0,0,0
WG_METRICS 224,64,3072,1.5864,0.0074,0.0068,1.5436,0.0126,0.0159,64,3072,196608,393216,127366.4844,254732.9688,0.0000,0,0.0000,0.0000,0,0.0000,0,0.0000,0.0000,0,0.0000,0.0000,0,0,0,0,0,0,0,0,0,0,0,0,0,0,0,0,0,0,0,0,0,0,0,0,0
WG_METRICS 225,64,3072,1.5866,0.0074,0.0063,1.5443,0.0129,0.0156,64,3072,196608,393216,127310.4062,254620.8125,0.0000,0,0.0000,0.0000,0,0.0000,0,0.0000,0.0000,0,0.0000,0.0000,0,0,0,0,0,0,0,0,0,0,0,0,0,0,0,0,0,0,0,0,0,0,0,0,0
WG_METRICS 226,64,3072,1.6030,0.0075,0.0069,1.5490,0.0222,0.0175,64,3072,196608,393216,126929.0391,253858.0781,0.0000,0,0.0000,0.0000,0,0.0000,0,0.0000,0.0000,0,0.0000,0.0000,0,0,0,0,0,0,0,0,0,0,0,0,0,0,0,0,0,0,0,0,0,0,0,0,0
WG_METRICS 227,64,3072,1.5884,0.0075,0.0068,1.5372,0.0214,0.0155,64,3072,196608,393216,127896.7500,255793.5000,0.0000,0,0.0000,0.0000,0,0.0000,0,0.0000,0.0000,0,0.0000,0.0000,0,0,0,0,0,0,0,0,0,0,0,0,0,0,0,0,0,0,0,0,0,0,0,0,0
WG_METRICS 228,64,3072,1.6057,0.0082,0.0068,1.5624,0.0126,0.0157,64,3072,196608,393216,125837.1719,251674.3438,0.0000,0,0.0000,0.0000,0,0.0000,0,0.0000,0.0000,0,0.0000,0.0000,0,0,0,0,0,0,0,0,0,0,0,0,0,0,0,0,0,0,0,0,0,0,0,0,0
WG_METRICS 229,64,3072,1.5941,0.0075,0.0069,1.5499,0.0132,0.0166,64,3072,196608,393216,126853.6875,253707.3750,0.0000,0,0.0000,0.0000,0,0.0000,0,0.0000,0.0000,0,0.0000,0.0000,0,0,0,0,0,0,0,0,0,0,0,0,0,0,0,0,0,0,0,0,0,0,0,0,0
WG_METRICS 230,64,3072,1.6095,0.0075,0.0068,1.5653,0.0136,0.0164,64,3072,196608,393216,125605.6484,251211.2969,0.0000,0,0.0000,0.0000,0,0.0000,0,0.0000,0.0000,0,0.0000,0.0000,0,0,0,0,0,0,0,0,0,0,0,0,0,0,0,0,0,0,0,0,0,0,0,0,0
WG_METRICS 231,64,3072,1.5985,0.0075,0.0068,1.5454,0.0220,0.0168,64,3072,196608,393216,127224.7266,254449.4531,0.0000,0,0.0000,0.0000,0,0.0000,0,0.0000,0.0000,0,0.0000,0.0000,0,0,0,0,0,0,0,0,0,0,0,0,0,0,0,0,0,0,0,0,0,0,0,0,0
WG_METRICS 232,64,3072,1.6014,0.0075,0.0067,1.5503,0.0212,0.0156,64,3072,196608,393216,126817.6875,253635.3750,0.0000,0,0.0000,0.0000,0,0.0000,0,0.0000,0.0000,0,0.0000,0.0000,0,0,0,0,0,0,0,0,0,0,0,0,0,0,0,0,0,0,0,0,0,0,0,0,0
WG_METRICS 233,64,3072,1.6118,0.0074,0.0068,1.5606,0.0210,0.0160,64,3072,196608,393216,125985.5469,251971.0938,0.0000,0,0.0000,0.0000,0,0.0000,0,0.0000,0.0000,0,0.0000,0.0000,0,0,0,0,0,0,0,0,0,0,0,0,0,0,0,0,0,0,0,0,0,0,0,0,0
WG_METRICS 234,64,3072,1.6010,0.0074,0.0066,1.5471,0.0221,0.0177,64,3072,196608,393216,127079.9922,254159.9844,0.0000,0,0.0000,0.0000,0,0.0000,0,0.0000,0.0000,0,0.0000,0.0000,0,0,0,0,0,0,0,0,0,0,0,0,0,0,0,0,0,0,0,0,0,0,0,0,0
WG_METRICS 235,64,3072,1.6000,0.0075,0.0066,1.5488,0.0216,0.0155,64,3072,196608,393216,126942.1484,253884.2969,0.0000,0,0.0000,0.0000,0,0.0000,0,0.0000,0.0000,0,0.0000,0.0000,0,0,0,0,0,0,0,0,0,0,0,0,0,0,0,0,0,0,0,0,0,0,0,0,0
WG_METRICS 236,64,3072,1.5905,0.0075,0.0066,1.5390,0.0215,0.0158,64,3072,196608,393216,127747.1719,255494.3438,0.0000,0,0.0000,0.0000,0,0.0000,0,0.0000,0.0000,0,0.0000,0.0000,0,0,0,0,0,0,0,0,0,0,0,0,0,0,0,0,0,0,0,0,0,0,0,0,0
WG_METRICS 237,64,3072,1.5871,0.0074,0.0064,1.5443,0.0130,0.0160,64,3072,196608,393216,127310.4062,254620.8125,0.0000,0,0.0000,0.0000,0,0.0000,0,0.0000,0.0000,0,0.0000,0.0000,0,0,0,0,0,0,0,0,0,0,0,0,0,0,0,0,0,0,0,0,0,0,0,0,0
WG_METRICS 238,64,3072,1.6085,0.0074,0.0067,1.5558,0.0214,0.0172,64,3072,196608,393216,126367.7500,252735.5000,0.0000,0,0.0000,0.0000,0,0.0000,0,0.0000,0.0000,0,0.0000,0.0000,0,0,0,0,0,0,0,0,0,0,0,0,0,0,0,0,0,0,0,0,0,0,0,0,0
WG_METRICS 239,64,3072,1.6020,0.0075,0.0068,1.5512,0.0210,0.0156,64,3072,196608,393216,126742.4766,253484.9531,0.0000,0,0.0000,0.0000,0,0.0000,0,0.0000,0.0000,0,0.0000,0.0000,0,0,0,0,0,0,0,0,0,0,0,0,0,0,0,0,0,0,0,0,0,0,0,0,0
WG_METRICS 240,64,3072,1.6052,0.0074,0.0067,1.5538,0.0213,0.0160,64,3072,196608,393216,126536.9141,253073.8281,0.0000,0,0.0000,0.0000,0,0.0000,0,0.0000,0.0000,0,0.0000,0.0000,0,0,0,0,0,0,0,0,0,0,0,0,0,0,0,0,0,0,0,0,0,0,0,0,0
WG_METRICS 241,64,3072,1.6070,0.0102,0.0069,1.5605,0.0129,0.0164,64,3072,196608,393216,125988.7656,251977.5312,0.0000,0,0.0000,0.0000,0,0.0000,0,0.0000,0.0000,0,0.0000,0.0000,0,0,0,0,0,0,0,0,0,0,0,0,0,0,0,0,0,0,0,0,0,0,0,0,0
WG_METRICS 242,64,3072,1.5894,0.0074,0.0067,1.5457,0.0129,0.0168,64,3072,196608,393216,127198.3828,254396.7656,0.0000,0,0.0000,0.0000,0,0.0000,0,0.0000,0.0000,0,0.0000,0.0000,0,0,0,0,0,0,0,0,0,0,0,0,0,0,0,0,0,0,0,0,0,0,0,0,0
WG_METRICS 243,64,3072,1.6056,0.0074,0.0068,1.5542,0.0216,0.0156,64,3072,196608,393216,126504.3516,253008.7031,0.0000,0,0.0000,0.0000,0,0.0000,0,0.0000,0.0000,0,0.0000,0.0000,0,0,0,0,0,0,0,0,0,0,0,0,0,0,0,0,0,0,0,0,0,0,0,0,0
WG_METRICS 244,64,3072,1.6086,0.0074,0.0069,1.5656,0.0129,0.0158,64,3072,196608,393216,125576.7656,251153.5312,0.0000,0,0.0000,0.0000,0,0.0000,0,0.0000,0.0000,0,0.0000,0.0000,0,0,0,0,0,0,0,0,0,0,0,0,0,0,0,0,0,0,0,0,0,0,0,0,0
WG_METRICS 245,64,3072,1.5965,0.0075,0.0068,1.5520,0.0131,0.0170,64,3072,196608,393216,126677.1484,253354.2969,0.0000,0,0.0000,0.0000,0,0.0000,0,0.0000,0.0000,0,0.0000,0.0000,0,0,0,0,0,0,0,0,0,0,0,0,0,0,0,0,0,0,0,0,0,0,0,0,0
WG_METRICS 246,64,3072,1.5903,0.0074,0.0068,1.5467,0.0126,0.0167,64,3072,196608,393216,127116.1484,254232.2969,0.0000,0,0.0000,0.0000,0,0.0000,0,0.0000,0.0000,0,0.0000,0.0000,0,0,0,0,0,0,0,0,0,0,0,0,0,0,0,0,0,0,0,0,0,0,0,0,0
WG_METRICS 247,64,3072,1.6044,0.0074,0.0069,1.5616,0.0128,0.0158,64,3072,196608,393216,125904.8594,251809.7188,0.0000,0,0.0000,0.0000,0,0.0000,0,0.0000,0.0000,0,0.0000,0.0000,0,0,0,0,0,0,0,0,0,0,0,0,0,0,0,0,0,0,0,0,0,0,0,0,0
WG_METRICS 248,64,3072,1.6056,0.0099,0.0069,1.5516,0.0212,0.0159,64,3072,196608,393216,126713.0703,253426.1406,0.0000,0,0.0000,0.0000,0,0.0000,0,0.0000,0.0000,0,0.0000,0.0000,0,0,0,0,0,0,0,0,0,0,0,0,0,0,0,0,0,0,0,0,0,0,0,0,0
WG_METRICS 249,64,3072,1.6080,0.0073,0.0066,1.5642,0.0131,0.0167,64,3072,196608,393216,125692.3594,251384.7188,0.0000,0,0.0000,0.0000,0,0.0000,0,0.0000,0.0000,0,0.0000,0.0000,0,0,0,0,0,0,0,0,0,0,0,0,0,0,0,0,0,0,0,0,0,0,0,0,0
WG_METRICS 250,64,3072,1.5926,0.0073,0.0069,1.5496,0.0126,0.0163,64,3072,196608,393216,126879.8906,253759.7812,0.0000,0,0.0000,0.0000,0,0.0000,0,0.0000,0.0000,0,0.0000,0.0000,0,0,0,0,0,0,0,0,0,0,0,0,0,0,0,0,0,0,0,0,0,0,0,0,0
WG_METRICS 251,64,3072,1.5929,0.0074,0.0068,1.5502,0.0126,0.0159,64,3072,196608,393216,126830.7734,253661.5469,0.0000,0,0.0000,0.0000,0,0.0000,0,0.0000,0.0000,0,0.0000,0.0000,0,0,0,0,0,0,0,0,0,0,0,0,0,0,0,0,0,0,0,0,0,0,0,0,0
WG_METRICS 252,64,3072,1.6194,0.0075,0.0068,1.5667,0.0216,0.0168,64,3072,196608,393216,125490.1953,250980.3906,0.0000,0,0.0000,0.0000,0,0.0000,0,0.0000,0.0000,0,0.0000,0.0000,0,0,0,0,0,0,0,0,0,0,0,0,0,0,0,0,0,0,0,0,0,0,0,0,0
WG_METRICS 253,64,3072,1.6070,0.0074,0.0069,1.5554,0.0212,0.0161,64,3072,196608,393216,126400.2500,252800.5000,0.0000,0,0.0000,0.0000,0,0.0000,0,0.0000,0.0000,0,0.0000,0.0000,0,0,0,0,0,0,0,0,0,0,0,0,0,0,0,0,0,0,0,0,0,0,0,0,0
WG_METRICS 254,64,3072,1.5854,0.0074,0.0068,1.5427,0.0123,0.0162,64,3072,196608,393216,127442.4453,254884.8906,0.0000,0,0.0000,0.0000,0,0.0000,0,0.0000,0.0000,0,0.0000,0.0000,0,0,0,0,0,0,0,0,0,0,0,0,0,0,0,0,0,0,0,0,0,0,0,0,0
WG_METRICS 255,64,3072,1.6070,0.0075,0.0063,1.5540,0.0221,0.0172,64,3072,196608,393216,126520.6328,253041.2656,0.0000,0,0.0000,0.0000,0,0.0000,0,0.0000,0.0000,0,0.0000,0.0000,0,0,0,0,0,0,0,0,0,0,0,0,0,0,0,0,0,0,0,0,0,0,0,0,0
WG_METRICS 256,64,3072,1.5744,0.0075,0.0068,1.5312,0.0130,0.0158,64,3072,196608,393216,128401.2500,256802.5000,0.0000,0,0.0000,0.0000,0,0.0000,0,0.0000,0.0000,0,0.0000,0.0000,0,0,0,0,0,0,0,0,0,0,0,0,0,0,0,0,0,0,0,0,0,0,0,0,0
WG_METRICS 257,64,3072,1.6076,0.0074,0.0068,1.5537,0.0220,0.0176,64,3072,196608,393216,126540.1719,253080.3438,0.0000,0,0.0000,0.0000,0,0.0000,0,0.0000,0.0000,0,0.0000,0.0000,0,0,0,0,0,0,0,0,0,0,0,0,0,0,0,0,0,0,0,0,0,0,0,0,0
WG_METRICS 258,64,3072,1.5836,0.0074,0.0069,1.5303,0.0216,0.0175,64,3072,196608,393216,128478.4453,256956.8906,0.0000,0,0.0000,0.0000,0,0.0000,0,0.0000,0.0000,0,0.0000,0.0000,0,0,0,0,0,0,0,0,0,0,0,0,0,0,0,0,0,0,0,0,0,0,0,0,0
WG_METRICS 259,64,3072,1.6085,0.0075,0.0067,1.5658,0.0126,0.0158,64,3072,196608,393216,125560.7188,251121.4375,0.0000,0,0.0000,0.0000,0,0.0000,0,0.0000,0.0000,0,0.0000,0.0000,0,0,0,0,0,0,0,0,0,0,0,0,0,0,0,0,0,0,0,0,0,0,0,0,0
WG_METRICS 260,64,3072,1.6124,0.0074,0.0068,1.5595,0.0220,0.0167,64,3072,196608,393216,126072.7969,252145.5938,0.0000,0,0.0000,0.0000,0,0.0000,0,0.0000,0.0000,0,0.0000,0.0000,0,0,0,0,0,0,0,0,0,0,0,0,0,0,0,0,0,0,0,0,0,0,0,0,0
WG_METRICS 261,64,3072,1.5956,0.0075,0.0068,1.5525,0.0130,0.0158,64,3072,196608,393216,126641.2500,253282.5000,0.0000,0,0.0000,0.0000,0,0.0000,0,0.0000,0.0000,0,0.0000,0.0000,0,0,0,0,0,0,0,0,0,0,0,0,0,0,0,0,0,0,0,0,0,0,0,0,0
WG_METRICS 262,64,3072,1.6218,0.0075,0.0068,1.5678,0.0222,0.0174,64,3072,196608,393216,125403.7500,250807.5000,0.0000,0,0.0000,0.0000,0,0.0000,0,0.0000,0.0000,0,0.0000,0.0000,0,0,0,0,0,0,0,0,0,0,0,0,0,0,0,0,0,0,0,0,0,0,0,0,0
WG_METRICS 263,64,3072,1.5914,0.0074,0.0068,1.5444,0.0172,0.0156,64,3072,196608,393216,127300.5078,254601.0156,0.0000,0,0.0000,0.0000,0,0.0000,0,0.0000,0.0000,0,0.0000,0.0000,0,0,0,0,0,0,0,0,0,0,0,0,0,0,0,0,0,0,0,0,0,0,0,0,0
WG_METRICS 264,64,3072,1.5780,0.0074,0.0068,1.5351,0.0128,0.0159,64,3072,196608,393216,128073.3750,256146.7500,0.0000,0,0.0000,0.0000,0,0.0000,0,0.0000,0.0000,0,0.0000,0.0000,0,0,0,0,0,0,0,0,0,0,0,0,0,0,0,0,0,0,0,0,0,0,0,0,0
WG_METRICS 265,64,3072,1.6178,0.0096,0.0066,1.5651,0.0209,0.0155,64,3072,196608,393216,125621.6875,251243.3750,0.0000,0,0.0000,0.0000,0,0.0000,0,0.0000,0.0000,0,0.0000,0.0000,0,0,0,0,0,0,0,0,0,0,0,0,0,0,0,0,0,0,0,0,0,0,0,0,0
WG_METRICS 266,64,3072,1.5846,0.0074,0.0068,1.5406,0.0125,0.0172,64,3072,196608,393216,127617.8125,255235.6250,0.0000,0,0.0000,0.0000,0,0.0000,0,0.0000,0.0000,0,0.0000,0.0000,0,0,0,0,0,0,0,0,0,0,0,0,0,0,0,0,0,0,0,0,0,0,0,0,0
WG_METRICS 267,64,3072,1.6019,0.0074,0.0068,1.5504,0.0216,0.0157,64,3072,196608,393216,126807.8750,253615.7500,0.0000,0,0.0000,0.0000,0,0.0000,0,0.0000,0.0000,0,0.0000,0.0000,0,0,0,0,0,0,0,0,0,0,0,0,0,0,0,0,0,0,0,0,0,0,0,0,0
WG_METRICS 268,64,3072,1.5932,0.0074,0.0067,1.5509,0.0124,0.0158,64,3072,196608,393216,126768.6250,253537.2500,0.0000,0,0.0000,0.0000,0,0.0000,0,0.0000,0.0000,0,0.0000,0.0000,0,0,0,0,0,0,0,0,0,0,0,0,0,0,0,0,0,0,0,0,0,0,0,0,0
WG_METRICS 269,64,3072,1.5949,0.0074,0.0068,1.5502,0.0136,0.0168,64,3072,196608,393216,126827.5078,253655.0156,0.0000,0,0.0000,0.0000,0,0.0000,0,0.0000,0.0000,0,0.0000,0.0000,0,0,0,0,0,0,0,0,0,0,0,0,0,0,0,0,0,0,0,0,0,0,0,0,0
WG_METRICS 270,64,3072,1.6019,0.0091,0.0069,1.5482,0.0216,0.0161,64,3072,196608,393216,126994.6328,253989.2656,0.0000,0,0.0000,0.0000,0,0.0000,0,0.0000,0.0000,0,0.0000,0.0000,0,0,0,0,0,0,0,0,0,0,0,0,0,0,0,0,0,0,0,0,0,0,0,0,0
WG_METRICS 271,64,3072,1.5898,0.0075,0.0067,1.5473,0.0126,0.0157,64,3072,196608,393216,127063.5703,254127.1406,0.0000,0,0.0000,0.0000,0,0.0000,0,0.0000,0.0000,0,0.0000,0.0000,0,0,0,0,0,0,0,0,0,0,0,0,0,0,0,0,0,0,0,0,0,0,0,0,0
WG_METRICS 272,64,3072,1.6188,0.0074,0.0063,1.5682,0.0213,0.0156,64,3072,196608,393216,125371.7656,250743.5312,0.0000,0,0.0000,0.0000,0,0.0000,0,0.0000,0.0000,0,0.0000,0.0000,0,0,0,0,0,0,0,0,0,0,0,0,0,0,0,0,0,0,0,0,0,0,0,0,0
WG_METRICS 273,64,3072,1.5901,0.0074,0.0068,1.5462,0.0130,0.0167,64,3072,196608,393216,127158.8984,254317.7969,0.0000,0,0.0000,0.0000,0,0.0000,0,0.0000,0.0000,0,0.0000,0.0000,0,0,0,0,0,0,0,0,0,0,0,0,0,0,0,0,0,0,0,0,0,0,0,0,0
WG_METRICS 274,64,3072,1.6007,0.0076,0.0067,1.5490,0.0212,0.0162,64,3072,196608,393216,126925.7578,253851.5156,0.0000,0,0.0000,0.0000,0,0.0000,0,0.0000,0.0000,0,0.0000,0.0000,0,0,0,0,0,0,0,0,0,0,0,0,0,0,0,0,0,0,0,0,0,0,0,0,0
WG_METRICS 275,64,3072,1.6057,0.0075,0.0068,1.5543,0.0214,0.0157,64,3072,196608,393216,126491.3281,252982.6562,0.0000,0,0.0000,0.0000,0,0.0000,0,0.0000,0.0000,0,0.0000,0.0000,0,0,0,0,0,0,0,0,0,0,0,0,0,0,0,0,0,0,0,0,0,0,0,0,0
WG_METRICS 276,64,3072,1.6186,0.0074,0.0068,1.5653,0.0223,0.0168,64,3072,196608,393216,125605.6484,251211.2969,0.0000,0,0.0000,0.0000,0,0.0000,0,0.0000,0.0000,0,0.0000,0.0000,0,0,0,0,0,0,0,0,0,0,0,0,0,0,0,0,0,0,0,0,0,0,0,0,0
WG_METRICS 277,64,3072,1.6046,0.0075,0.0066,1.5533,0.0216,0.0156,64,3072,196608,393216,126572.7578,253145.5156,0.0000,0,0.0000,0.0000,0,0.0000,0,0.0000,0.0000,0,0.0000,0.0000,0,0,0,0,0,0,0,0,0,0,0,0,0,0,0,0,0,0,0,0,0,0,0,0,0
WG_METRICS 278,64,3072,1.5935,0.0103,0.0066,1.5478,0.0126,0.0162,64,3072,196608,393216,127024.1641,254048.3281,0.0000,0,0.0000,0.0000,0,0.0000,0,0.0000,0.0000,0,0.0000,0.0000,0,0,0,0,0,0,0,0,0,0,0,0,0,0,0,0,0,0,0,0,0,0,0,0,0
WG_METRICS 279,64,3072,1.6273,0.0074,0.0068,1.5838,0.0130,0.0161,64,3072,196608,393216,124133.7500,248267.5000,0.0000,0,0.0000,0.0000,0,0.0000,0,0.0000,0.0000,0,0.0000,0.0000,0,0,0,0,0,0,0,0,0,0,0,0,0,0,0,0,0,0,0,0,0,0,0,0,0
WG_METRICS 280,64,3072,1.5897,0.0074,0.0069,1.5461,0.0129,0.0164,64,3072,196608,393216,127165.4766,254330.9531,0.0000,0,0.0000,0.0000,0,0.0000,0,0.0000,0.0000,0,0.0000,0.0000,0,0,0,0,0,0,0,0,0,0,0,0,0,0,0,0,0,0,0,0,0,0,0,0,0
WG_METRICS 281,64,3072,1.6087,0.0074,0.0069,1.5568,0.0216,0.0160,64,3072,196608,393216,126286.5859,252573.1719,0.0000,0,0.0000,0.0000,0,0.0000,0,0.0000,0.0000,0,0.0000,0.0000,0,0,0,0,0,0,0,0,0,0,0,0,0,0,0,0,0,0,0,0,0,0,0,0,0
WG_METRICS 282,64,3072,1.5960,0.0074,0.0068,1.5445,0.0210,0.0163,64,3072,196608,393216,127293.9141,254587.8281,0.0000,0,0.0000,0.0000,0,0.0000,0,0.0000,0.0000,0,0.0000,0.0000,0,0,0,0,0,0,0,0,0,0,0,0,0,0,0,0,0,0,0,0,0,0,0,0,0
WG_METRICS 283,64,3072,1.5931,0.0074,0.0068,1.5491,0.0132,0.0166,64,3072,196608,393216,126919.2031,253838.4062,0.0000,0,0.0000,0.0000,0,0.0000,0,0.0000,0.0000,0,0.0000,0.0000,0,0,0,0,0,0,0,0,0,0,0,0,0,0,0,0,0,0,0,0,0,0,0,0,0
WG_METRICS 284,64,3072,1.5955,0.0075,0.0068,1.5431,0.0216,0.0166,64,3072,196608,393216,127412.7109,254825.4219,0.0000,0,0.0000,0.0000,0,0.0000,0,0.0000,0.0000,0,0.0000,0.0000,0,0,0,0,0,0,0,0,0,0,0,0,0,0,0,0,0,0,0,0,0,0,0,0,0
WG_METRICS 285,64,3072,1.5914,0.0074,0.0068,1.5491,0.0124,0.0156,64,3072,196608,393216,126919.2031,253838.4062,0.0000,0,0.0000,0.0000,0,0.0000,0,0.0000,0.0000,0,0.0000,0.0000,0,0,0,0,0,0,0,0,0,0,0,0,0,0,0,0,0,0,0,0,0,0,0,0,0
WG_METRICS 286,64,3072,1.6132,0.0074,0.0069,1.5605,0.0214,0.0170,64,3072,196608,393216,125988.7656,251977.5312,0.0000,0,0.0000,0.0000,0,0.0000,0,0.0000,0.0000,0,0.0000,0.0000,0,0,0,0,0,0,0,0,0,0,0,0,0,0,0,0,0,0,0,0,0,0,0,0,0
WG_METRICS 287,64,3072,1.5886,0.0074,0.0069,1.5460,0.0128,0.0155,64,3072,196608,393216,127172.0547,254344.1094,0.0000,0,0.0000,0.0000,0,0.0000,0,0.0000,0.0000,0,0.0000,0.0000,0,0,0,0,0,0,0,0,0,0,0,0,0,0,0,0,0,0,0,0,0,0,0,0,0
WG_METRICS 288,64,3072,1.6106,0.0075,0.0068,1.5578,0.0218,0.0167,64,3072,196608,393216,126205.5156,252411.0312,0.0000,0,0.0000,0.0000,0,0.0000,0,0.0000,0.0000,0,0.0000,0.0000,0,0,0,0,0,0,0,0,0,0,0,0,0,0,0,0,0,0,0,0,0,0,0,0,0
WG_METRICS 289,64,3072,1.6061,0.0074,0.0068,1.5542,0.0217,0.0159,64,3072,196608,393216,126504.3516,253008.7031,0.0000,0,0.0000,0.0000,0,0.0000,0,0.0000,0.0000,0,0.0000,0.0000,0,0,0,0,0,0,0,0,0,0,0,0,0,0,0,0,0,0,0,0,0,0,0,0,0
WG_METRICS 290,64,3072,1.6003,0.0074,0.0068,1.5566,0.0128,0.0166,64,3072,196608,393216,126302.8047,252605.6094,0.0000,0,0.0000,0.0000,0,0.0000,0,0.0000,0.0000,0,0.0000,0.0000,0,0,0,0,0,0,0,0,0,0,0,0,0,0,0,0,0,0,0,0,0,0,0,0,0
WG_METRICS 291,64,3072,1.6077,0.0075,0.0066,1.5655,0.0126,0.0155,64,3072,196608,393216,125586.3828,251172.7656,0.0000,0,0.0000,0.0000,0,0.0000,0,0.0000,0.0000,0,0.0000,0.0000,0,0,0,0,0,0,0,0,0,0,0,0,0,0,0,0,0,0,0,0,0,0,0,0,0
WG_METRICS 292,64,3072,1.6089,0.0076,0.0068,1.5742,0.0036,0.0167,64,3072,196608,393216,124890.7422,249781.4844,0.0000,0,0.0000,0.0000,0,0.0000,0,0.0000,0.0000,0,0.0000,0.0000,0,0,0,0,0,0,0,0,0,0,0,0,0,0,0,0,0,0,0,0,0,0,0,0,0
WG_METRICS 293,64,3072,1.5908,0.0074,0.0061,1.5403,0.0214,0.0155,64,3072,196608,393216,127644.3281,255288.6562,0.0000,0,0.0000,0.0000,0,0.0000,0,0.0000,0.0000,0,0.0000,0.0000,0,0,0,0,0,0,0,0,0,0,0,0,0,0,0,0,0,0,0,0,0,0,0,0,0
WG_METRICS 294,64,3072,1.5848,0.0074,0.0066,1.5412,0.0126,0.0169,64,3072,196608,393216,127568.1250,255136.2500,0.0000,0,0.0000,0.0000,0,0.0000,0,0.0000,0.0000,0,0.0000,0.0000,0,0,0,0,0,0,0,0,0,0,0,0,0,0,0,0,0,0,0,0,0,0,0,0,0
WG_METRICS 295,64,3072,1.6002,0.0082,0.0064,1.5549,0.0134,0.0173,64,3072,196608,393216,126442.5234,252885.0469,0.0000,0,0.0000,0.0000,0,0.0000,0,0.0000,0.0000,0,0.0000,0.0000,0,0,0,0,0,0,0,0,0,0,0,0,0,0,0,0,0,0,0,0,0,0,0,0,0
WG_METRICS 296,64,3072,1.5947,0.0076,0.0068,1.5426,0.0214,0.0164,64,3072,196608,393216,127455.6562,254911.3125,0.0000,0,0.0000,0.0000,0,0.0000,0,0.0000,0.0000,0,0.0000,0.0000,0,0,0,0,0,0,0,0,0,0,0,0,0,0,0,0,0,0,0,0,0,0,0,0,0
WG_METRICS 297,64,3072,1.5836,0.0075,0.0067,1.5407,0.0127,0.0160,64,3072,196608,393216,127611.1797,255222.3594,0.0000,0,0.0000,0.0000,0,0.0000,0,0.0000,0.0000,0,0.0000,0.0000,0,0,0,0,0,0,0,0,0,0,0,0,0,0,0,0,0,0,0,0,0,0,0,0,0
WG_METRICS 298,64,3072,1.5978,0.0074,0.0150,1.5470,0.0122,0.0162,64,3072,196608,393216,127089.8438,254179.6875,0.0000,0,0.0000,0.0000,0,0.0000,0,0.0000,0.0000,0,0.0000,0.0000,0,0,0,0,0,0,0,0,0,0,0,0,0,0,0,0,0,0,0,0,0,0,0,0,0
WG_METRICS 299,64,3072,1.5949,0.0075,0.0068,1.5512,0.0130,0.0164,64,3072,196608,393216,126745.7422,253491.4844,0.0000,0,0.0000,0.0000,0,0.0000,0,0.0000,0.0000,0,0.0000,0.0000,0,0,0,0,0,0,0,0,0,0,0,0,0,0,0,0,0,0,0,0,0,0,0,0,0
WG_METRICS 300,64,3072,1.6023,0.0074,0.0069,1.5512,0.0212,0.0156,64,3072,196608,393216,126742.4766,253484.9531,0.0000,0,0.0000,0.0000,0,0.0000,0,0.0000,0.0000,0,0.0000,0.0000,0,0,0,0,0,0,0,0,0,0,0,0,0,0,0,0,0,0,0,0,0,0,0,0,0
WG_METRICS 301,64,3072,1.5966,0.0075,0.0068,1.5451,0.0215,0.0157,64,3072,196608,393216,127247.7812,254495.5625,0.0000,0,0.0000,0.0000,0,0.0000,0,0.0000,0.0000,0,0.0000,0.0000,0,0,0,0,0,0,0,0,0,0,0,0,0,0,0,0,0,0,0,0,0,0,0,0,0
WG_METRICS 302,64,3072,1.5938,0.0074,0.0069,1.5494,0.0132,0.0169,64,3072,196608,393216,126889.7109,253779.4219,0.0000,0,0.0000,0.0000,0,0.0000,0,0.0000,0.0000,0,0.0000,0.0000,0,0,0,0,0,0,0,0,0,0,0,0,0,0,0,0,0,0,0,0,0,0,0,0,0
WG_METRICS 303,64,3072,1.5939,0.0074,0.0068,1.5509,0.0132,0.0156,64,3072,196608,393216,126771.8984,253543.7969,0.0000,0,0.0000,0.0000,0,0.0000,0,0.0000,0.0000,0,0.0000,0.0000,0,0,0,0,0,0,0,0,0,0,0,0,0,0,0,0,0,0,0,0,0,0,0,0,0
WG_METRICS 304,64,3072,1.5938,0.0074,0.0068,1.5514,0.0123,0.0160,64,3072,196608,393216,126732.6719,253465.3438,0.0000,0,0.0000,0.0000,0,0.0000,0,0.0000,0.0000,0,0.0000,0.0000,0,0,0,0,0,0,0,0,0,0,0,0,0,0,0,0,0,0,0,0,0,0,0,0,0
WG_METRICS 305,64,3072,1.5962,0.0074,0.0068,1.5433,0.0218,0.0168,64,3072,196608,393216,127396.1953,254792.3906,0.0000,0,0.0000,0.0000,0,0.0000,0,0.0000,0.0000,0,0.0000,0.0000,0,0,0,0,0,0,0,0,0,0,0,0,0,0,0,0,0,0,0,0,0,0,0,0,0
WG_METRICS 306,64,3072,1.5988,0.0074,0.0068,1.5469,0.0215,0.0161,64,3072,196608,393216,127096.4297,254192.8594,0.0000,0,0.0000,0.0000,0,0.0000,0,0.0000,0.0000,0,0.0000,0.0000,0,0,0,0,0,0,0,0,0,0,0,0,0,0,0,0,0,0,0,0,0,0,0,0,0
WG_METRICS 307,64,3072,1.5997,0.0078,0.0068,1.5506,0.0176,0.0168,64,3072,196608,393216,126791.5156,253583.0312,0.0000,0,0.0000,0.0000,0,0.0000,0,0.0000,0.0000,0,0.0000,0.0000,0,0,0,0,0,0,0,0,0,0,0,0,0,0,0,0,0,0,0,0,0,0,0,0,0
WG_METRICS 308,64,3072,1.5881,0.0097,0.0070,1.5340,0.0218,0.0157,64,3072,196608,393216,128166.8828,256333.7656,0.0000,0,0.0000,0.0000,0,0.0000,0,0.0000,0.0000,0,0.0000,0.0000,0,0,0,0,0,0,0,0,0,0,0,0,0,0,0,0,0,0,0,0,0,0,0,0,0
WG_METRICS 309,64,3072,1.5787,0.0075,0.0068,1.5362,0.0124,0.0157,64,3072,196608,393216,127980.0078,255960.0156,0.0000,0,0.0000,0.0000,0,0.0000,0,0.0000,0.0000,0,0.0000,0.0000,0,0,0,0,0,0,0,0,0,0,0,0,0,0,0,0,0,0,0,0,0,0,0,0,0
WG_METRICS 310,64,3072,1.5881,0.0075,0.0068,1.5447,0.0126,0.0165,64,3072,196608,393216,127280.7344,254561.4688,0.0000,0,0.0000,0.0000,0,0.0000,0,0.0000,0.0000,0,0.0000,0.0000,0,0,0,0,0,0,0,0,0,0,0,0,0,0,0,0,0,0,0,0,0,0,0,0,0
WG_METRICS 311,64,3072,1.6052,0.0074,0.0067,1.5530,0.0213,0.0168,64,3072,196608,393216,126598.8438,253197.6875,0.0000,0,0.0000,0.0000,0,0.0000,0,0.0000,0.0000,0,0.0000,0.0000,0,0,0,0,0,0,0,0,0,0,0,0,0,0,0,0,0,0,0,0,0,0,0,0,0
WG_METRICS 312,64,3072,1.5977,0.0074,0.0068,1.5550,0.0128,0.0156,64,3072,196608,393216,126432.7578,252865.5156,0.0000,0,0.0000,0.0000,0,0.0000,0,0.0000,0.0000,0,0.0000,0.0000,0,0,0,0,0,0,0,0,0,0,0,0,0,0,0,0,0,0,0,0,0,0,0,0,0
WG_METRICS 313,64,3072,1.5958,0.0076,0.0068,1.5447,0.0211,0.0156,64,3072,196608,393216,127280.7344,254561.4688,0.0000,0,0.0000,0.0000,0,0.0000,0,0.0000,0.0000,0,0.0000,0.0000,0,0,0,0,0,0,0,0,0,0,0,0,0,0,0,0,0,0,0,0,0,0,0,0,0
WG_METRICS 314,64,3072,1.6066,0.0075,0.0068,1.5618,0.0132,0.0172,64,3072,196608,393216,125882.2891,251764.5781,0.0000,0,0.0000,0.0000,0,0.0000,0,0.0000,0.0000,0,0.0000,0.0000,0,0,0,0,0,0,0,0,0,0,0,0,0,0,0,0,0,0,0,0,0,0,0,0,0
WG_METRICS 315,64,3072,1.6144,0.0106,0.0068,1.5598,0.0215,0.0157,64,3072,196608,393216,126043.7031,252087.4062,0.0000,0,0.0000,0.0000,0,0.0000,0,0.0000,0.0000,0,0.0000,0.0000,0,0,0,0,0,0,0,0,0,0,0,0,0,0,0,0,0,0,0,0,0,0,0,0,0
WG_METRICS 316,64,3072,1.5984,0.0075,0.0068,1.5471,0.0212,0.0157,64,3072,196608,393216,127079.9922,254159.9844,0.0000,0,0.0000,0.0000,0,0.0000,0,0.0000,0.0000,0,0.0000,0.0000,0,0,0,0,0,0,0,0,0,0,0,0,0,0,0,0,0,0,0,0,0,0,0,0,0
WG_METRICS 317,64,3072,1.6017,0.0074,0.0069,1.5499,0.0215,0.0159,64,3072,196608,393216,126850.4219,253700.8438,0.0000,0,0.0000,0.0000,0,0.0000,0,0.0000,0.0000,0,0.0000,0.0000,0,0,0,0,0,0,0,0,0,0,0,0,0,0,0,0,0,0,0,0,0,0,0,0,0
WG_METRICS 318,64,3072,1.5995,0.0074,0.0068,1.5475,0.0216,0.0162,64,3072,196608,393216,127050.4297,254100.8594,0.0000,0,0.0000,0.0000,0,0.0000,0,0.0000,0.0000,0,0.0000,0.0000,0,0,0,0,0,0,0,0,0,0,0,0,0,0,0,0,0,0,0,0,0,0,0,0,0
WG_METRICS 319,64,3072,1.5942,0.0073,0.0066,1.5508,0.0133,0.0162,64,3072,196608,393216,126778.4375,253556.8750,0.0000,0,0.0000,0.0000,0,0.0000,0,0.0000,0.0000,0,0.0000,0.0000,0,0,0,0,0,0,0,0,0,0,0,0,0,0,0,0,0,0,0,0,0,0,0,0,0
WG_METRICS 320,64,3072,1.5987,0.0104,0.0069,1.5436,0.0216,0.0162,64,3072,196608,393216,127366.4844,254732.9688,0.0000,0,0.0000,0.0000,0,0.0000,0,0.0000,0.0000,0,0.0000,0.0000,0,0,0,0,0,0,0,0,0,0,0,0,0,0,0,0,0,0,0,0,0,0,0,0,0
WG_METRICS 321,64,3072,1.6024,0.0074,0.0068,1.5598,0.0130,0.0154,64,3072,196608,393216,126050.1641,252100.3281,0.0000,0,0.0000,0.0000,0,0.0000,0,0.0000,0.0000,0,0.0000,0.0000,0,0,0,0,0,0,0,0,0,0,0,0,0,0,0,0,0,0,0,0,0,0,0,0,0
WG_METRICS 322,64,3072,1.6088,0.0074,0.0068,1.5574,0.0210,0.0162,64,3072,196608,393216,126244.4062,252488.8125,0.0000,0,0.0000,0.0000,0,0.0000,0,0.0000,0.0000,0,0.0000,0.0000,0,0,0,0,0,0,0,0,0,0,0,0,0,0,0,0,0,0,0,0,0,0,0,0,0
WG_METRICS 323,64,3072,1.5874,0.0075,0.0067,1.5437,0.0130,0.0165,64,3072,196608,393216,127363.1875,254726.3750,0.0000,0,0.0000,0.0000,0,0.0000,0,0.0000,0.0000,0,0.0000,0.0000,0,0,0,0,0,0,0,0,0,0,0,0,0,0,0,0,0,0,0,0,0,0,0,0,0
WG_METRICS 324,64,3072,1.5842,0.0075,0.0064,1.5418,0.0128,0.0156,64,3072,196608,393216,127515.1797,255030.3594,0.0000,0,0.0000,0.0000,0,0.0000,0,0.0000,0.0000,0,0.0000,0.0000,0,0,0,0,0,0,0,0,0,0,0,0,0,0,0,0,0,0,0,0,0,0,0,0,0
WG_METRICS 325,64,3072,1.6054,0.0075,0.0068,1.5533,0.0216,0.0163,64,3072,196608,393216,126572.7578,253145.5156,0.0000,0,0.0000,0.0000,0,0.0000,0,0.0000,0.0000,0,0.0000,0.0000,0,0,0,0,0,0,0,0,0,0,0,0,0,0,0,0,0,0,0,0,0,0,0,0,0
WG_METRICS 326,64,3072,1.5864,0.0075,0.0069,1.5418,0.0131,0.0171,64,3072,196608,393216,127515.1797,255030.3594,0.0000,0,0.0000,0.0000,0,0.0000,0,0.0000,0.0000,0,0.0000,0.0000,0,0,0,0,0,0,0,0,0,0,0,0,0,0,0,0,0,0,0,0,0,0,0,0,0
WG_METRICS 327,64,3072,1.6037,0.0075,0.0068,1.5522,0.0215,0.0157,64,3072,196608,393216,126664.0938,253328.1875,0.0000,0,0.0000,0.0000,0,0.0000,0,0.0000,0.0000,0,0.0000,0.0000,0,0,0,0,0,0,0,0,0,0,0,0,0,0,0,0,0,0,0,0,0,0,0,0,0
WG_METRICS 328,64,3072,1.6076,0.0075,0.0068,1.5560,0.0214,0.0159,64,3072,196608,393216,126358.0000,252716.0000,0.0000,0,0.0000,0.0000,0,0.0000,0,0.0000,0.0000,0,0.0000,0.0000,0,0,0,0,0,0,0,0,0,0,0,0,0,0,0,0,0,0,0,0,0,0,0,0,0
WG_METRICS 329,64,3072,1.6065,0.0075,0.0068,1.5541,0.0217,0.0164,64,3072,196608,393216,126510.8594,253021.7188,0.0000,0,0.0000,0.0000,0,0.0000,0,0.0000,0.0000,0,0.0000,0.0000,0,0,0,0,0,0,0,0,0,0,0,0,0,0,0,0,0,0,0,0,0,0,0,0,0
WG_METRICS 330,64,3072,1.6001,0.0074,0.0067,1.5476,0.0215,0.0169,64,3072,196608,393216,127040.5781,254081.1562,0.0000,0,0.0000,0.0000,0,0.0000,0,0.0000,0.0000,0,0.0000,0.0000,0,0,0,0,0,0,0,0,0,0,0,0,0,0,0,0,0,0,0,0,0,0,0,0,0
WG_METRICS 331,64,3072,1.5942,0.0075,0.0068,1.5502,0.0132,0.0165,64,3072,196608,393216,126827.5078,253655.0156,0.0000,0,0.0000,0.0000,0,0.0000,0,0.0000,0.0000,0,0.0000,0.0000,0,0,0,0,0,0,0,0,0,0,0,0,0,0,0,0,0,0,0,0,0,0,0,0,0
WG_METRICS 332,64,3072,1.5939,0.0075,0.0067,1.5426,0.0215,0.0156,64,3072,196608,393216,127449.0547,254898.1094,0.0000,0,0.0000,0.0000,0,0.0000,0,0.0000,0.0000,0,0.0000,0.0000,0,0,0,0,0,0,0,0,0,0,0,0,0,0,0,0,0,0,0,0,0,0,0,0,0
WG_METRICS 333,64,3072,1.5904,0.0075,0.0068,1.5486,0.0116,0.0158,64,3072,196608,393216,126955.2656,253910.5312,0.0000,0,0.0000,0.0000,0,0.0000,0,0.0000,0.0000,0,0.0000,0.0000,0,0,0,0,0,0,0,0,0,0,0,0,0,0,0,0,0,0,0,0,0,0,0,0,0
WG_METRICS 334,64,3072,1.5929,0.0075,0.0067,1.5416,0.0209,0.0162,64,3072,196608,393216,127535.0312,255070.0625,0.0000,0,0.0000,0.0000,0,0.0000,0,0.0000,0.0000,0,0.0000,0.0000,0,0,0,0,0,0,0,0,0,0,0,0,0,0,0,0,0,0,0,0,0,0,0,0,0
WG_METRICS 335,64,3072,1.6028,0.0074,0.0068,1.5504,0.0212,0.0169,64,3072,196608,393216,126811.1406,253622.2812,0.0000,0,0.0000,0.0000,0,0.0000,0,0.0000,0.0000,0,0.0000,0.0000,0,0,0,0,0,0,0,0,0,0,0,0,0,0,0,0,0,0,0,0,0,0,0,0,0
WG_METRICS 336,64,3072,1.5989,0.0075,0.0064,1.5478,0.0216,0.0157,64,3072,196608,393216,127027.4453,254054.8906,0.0000,0,0.0000,0.0000,0,0.0000,0,0.0000,0.0000,0,0.0000,0.0000,0,0,0,0,0,0,0,0,0,0,0,0,0,0,0,0,0,0,0,0,0,0,0,0,0
WG_METRICS 337,64,3072,1.6008,0.0074,0.0068,1.5494,0.0214,0.0157,64,3072,196608,393216,126896.2656,253792.5312,0.0000,0,0.0000,0.0000,0,0.0000,0,0.0000,0.0000,0,0.0000,0.0000,0,0,0,0,0,0,0,0,0,0,0,0,0,0,0,0,0,0,0,0,0,0,0,0,0
WG_METRICS 338,64,3072,1.5902,0.0075,0.0068,1.5456,0.0128,0.0175,64,3072,196608,393216,127201.6797,254403.3594,0.0000,0,0.0000,0.0000,0,0.0000,0,0.0000,0.0000,0,0.0000,0.0000,0,0,0,0,0,0,0,0,0,0,0,0,0,0,0,0,0,0,0,0,0,0,0,0,0
WG_METRICS 339,64,3072,1.5950,0.0074,0.0066,1.5478,0.0176,0.0156,64,3072,196608,393216,127024.1641,254048.3281,0.0000,0,0.0000,0.0000,0,0.0000,0,0.0000,0.0000,0,0.0000,0.0000,0,0,0,0,0,0,0,0,0,0,0,0,0,0,0,0,0,0,0,0,0,0,0,0,0
WG_METRICS 340,64,3072,1.5878,0.0075,0.0068,1.5448,0.0127,0.0160,64,3072,196608,393216,127274.1406,254548.2812,0.0000,0,0.0000,0.0000,0,0.0000,0,0.0000,0.0000,0,0.0000,0.0000,0,0,0,0,0,0,0,0,0,0,0,0,0,0,0,0,0,0,0,0,0,0,0,0,0
WG_METRICS 341,64,3072,1.6030,0.0074,0.0068,1.5513,0.0214,0.0161,64,3072,196608,393216,126735.9453,253471.8906,0.0000,0,0.0000,0.0000,0,0.0000,0,0.0000,0.0000,0,0.0000,0.0000,0,0,0,0,0,0,0,0,0,0,0,0,0,0,0,0,0,0,0,0,0,0,0,0,0
WG_METRICS 342,64,3072,1.6086,0.0074,0.0066,1.5652,0.0130,0.0163,64,3072,196608,393216,125608.8516,251217.7031,0.0000,0,0.0000,0.0000,0,0.0000,0,0.0000,0.0000,0,0.0000,0.0000,0,0,0,0,0,0,0,0,0,0,0,0,0,0,0,0,0,0,0,0,0,0,0,0,0
WG_METRICS 343,64,3072,1.6013,0.0078,0.0068,1.5584,0.0117,0.0166,64,3072,196608,393216,126163.4062,252326.8125,0.0000,0,0.0000,0.0000,0,0.0000,0,0.0000,0.0000,0,0.0000,0.0000,0,0,0,0,0,0,0,0,0,0,0,0,0,0,0,0,0,0,0,0,0,0,0,0,0
WG_METRICS 344,64,3072,1.6064,0.0100,0.0065,1.5526,0.0215,0.0159,64,3072,196608,393216,126634.7188,253269.4375,0.0000,0,0.0000,0.0000,0,0.0000,0,0.0000,0.0000,0,0.0000,0.0000,0,0,0,0,0,0,0,0,0,0,0,0,0,0,0,0,0,0,0,0,0,0,0,0,0
WG_METRICS 345,64,3072,1.5894,0.0074,0.0069,1.5472,0.0125,0.0154,64,3072,196608,393216,127073.4297,254146.8594,0.0000,0,0.0000,0.0000,0,0.0000,0,0.0000,0.0000,0,0.0000,0.0000,0,0,0,0,0,0,0,0,0,0,0,0,0,0,0,0,0,0,0,0,0,0,0,0,0
WG_METRICS 346,64,3072,1.5898,0.0075,0.0067,1.5464,0.0130,0.0163,64,3072,196608,393216,127142.4531,254284.9062,0.0000,0,0.0000,0.0000,0,0.0000,0,0.0000,0.0000,0,0.0000,0.0000,0,0,0,0,0,0,0,0,0,0,0,0,0,0,0,0,0,0,0,0,0,0,0,0,0
WG_METRICS 347,64,3072,1.5982,0.0076,0.0068,1.5453,0.0216,0.0169,64,3072,196608,393216,127231.3125,254462.6250,0.0000,0,0.0000,0.0000,0,0.0000,0,0.0000,0.0000,0,0.0000,0.0000,0,0,0,0,0,0,0,0,0,0,0,0,0,0,0,0,0,0,0,0,0,0,0,0,0
WG_METRICS 348,64,3072,1.5974,0.0075,0.0064,1.5461,0.0217,0.0157,64,3072,196608,393216,127165.4766,254330.9531,0.0000,0,0.0000,0.0000,0,0.0000,0,0.0000,0.0000,0,0.0000,0.0000,0,0,0,0,0,0,0,0,0,0,0,0,0,0,0,0,0,0,0,0,0,0,0,0,0
WG_METRICS 349,64,3072,1.5922,0.0100,0.0063,1.5476,0.0127,0.0156,64,3072,196608,393216,127037.2969,254074.5938,0.0000,0,0.0000,0.0000,0,0.0000,0,0.0000,0.0000,0,0.0000,0.0000,0,0,0,0,0,0,0,0,0,0,0,0,0,0,0,0,0,0,0,0,0,0,0,0,0
WG_METRICS 350,64,3072,1.5988,0.0075,0.0068,1.5546,0.0128,0.0170,64,3072,196608,393216,126468.5469,252937.0938,0.0000,0,0.0000,0.0000,0,0.0000,0,0.0000,0.0000,0,0.0000,0.0000,0,0,0,0,0,0,0,0,0,0,0,0,0,0,0,0,0,0,0,0,0,0,0,0,0
WG_METRICS 351,64,3072,1.6077,0.0075,0.0068,1.5564,0.0213,0.0157,64,3072,196608,393216,126319.0391,252638.0781,0.0000,0,0.0000,0.0000,0,0.0000,0,0.0000,0.0000,0,0.0000,0.0000,0,0,0,0,0,0,0,0,0,0,0,0,0,0,0,0,0,0,0,0,0,0,0,0,0
WG_METRICS 352,64,3072,1.5753,0.0074,0.0066,1.5328,0.0126,0.0159,64,3072,196608,393216,128270.5703,256541.1406,0.0000,0,0.0000,0.0000,0,0.0000,0,0.0000,0.0000,0,0.0000,0.0000,0,0,0,0,0,0,0,0,0,0,0,0,0,0,0,0,0,0,0,0,0,0,0,0,0
WG_METRICS 353,64,3072,1.5982,0.0074,0.0069,1.5462,0.0216,0.0160,64,3072,196608,393216,127155.6016,254311.2031,0.0000,0,0.0000,0.0000,0,0.0000,0,0.0000,0.0000,0,0.0000,0.0000,0,0,0,0,0,0,0,0,0,0,0,0,0,0,0,0,0,0,0,0,0,0,0,0,0
WG_METRICS 354,64,3072,1.6086,0.0076,0.0068,1.5556,0.0216,0.0170,64,3072,196608,393216,126384.0000,252768.0000,0.0000,0,0.0000,0.0000,0,0.0000,0,0.0000,0.0000,0,0.0000,0.0000,0,0,0,0,0,0,0,0,0,0,0,0,0,0,0,0,0,0,0,0,0,0,0,0,0
WG_METRICS 355,64,3072,1.6034,0.0075,0.0066,1.5611,0.0127,0.0155,64,3072,196608,393216,125943.5781,251887.1562,0.0000,0,0.0000,0.0000,0,0.0000,0,0.0000,0.0000,0,0.0000,0.0000,0,0,0,0,0,0,0,0,0,0,0,0,0,0,0,0,0,0,0,0,0,0,0,0,0
WG_METRICS 356,64,3072,1.5955,0.0102,0.0069,1.5415,0.0212,0.0158,64,3072,196608,393216,127544.9609,255089.9219,0.0000,0,0.0000,0.0000,0,0.0000,0,0.0000,0.0000,0,0.0000,0.0000,0,0,0,0,0,0,0,0,0,0,0,0,0,0,0,0,0,0,0,0,0,0,0,0,0
WG_METRICS 357,64,3072,1.6060,0.0075,0.0068,1.5534,0.0216,0.0167,64,3072,196608,393216,126569.5000,253139.0000,0.0000,0,0.0000,0.0000,0,0.0000,0,0.0000,0.0000,0,0.0000,0.0000,0,0,0,0,0,0,0,0,0,0,0,0,0,0,0,0,0,0,0,0,0,0,0,0,0
WG_METRICS 358,64,3072,1.5997,0.0075,0.0067,1.5473,0.0220,0.0163,64,3072,196608,393216,127066.8594,254133.7188,0.0000,0,0.0000,0.0000,0,0.0000,0,0.0000,0.0000,0,0.0000,0.0000,0,0,0,0,0,0,0,0,0,0,0,0,0,0,0,0,0,0,0,0,0,0,0,0,0
WG_METRICS 359,64,3072,1.5958,0.0075,0.0068,1.5442,0.0216,0.0158,64,3072,196608,393216,127320.2969,254640.5938,0.0000,0,0.0000,0.0000,0,0.0000,0,0.0000,0.0000,0,0.0000,0.0000,0,0,0,0,0,0,0,0,0,0,0,0,0,0,0,0,0,0,0,0,0,0,0,0,0
WG_METRICS 360,64,3072,1.5943,0.0093,0.0069,1.5492,0.0126,0.0163,64,3072,196608,393216,126909.3672,253818.7344,0.0000,0,0.0000,0.0000,0,0.0000,0,0.0000,0.0000,0,0.0000,0.0000,0,0,0,0,0,0,0,0,0,0,0,0,0,0,0,0,0,0,0,0,0,0,0,0,0
WG_METRICS 361,64,3072,1.6068,0.0075,0.0066,1.5642,0.0128,0.0157,64,3072,196608,393216,125695.5781,251391.1562,0.0000,0,0.0000,0.0000,0,0.0000,0,0.0000,0.0000,0,0.0000,0.0000,0,0,0,0,0,0,0,0,0,0,0,0,0,0,0,0,0,0,0,0,0,0,0,0,0
WG_METRICS 362,64,3072,1.5994,0.0074,0.0066,1.5544,0.0133,0.0176,64,3072,196608,393216,126481.5625,252963.1250,0.0000,0,0.0000,0.0000,0,0.0000,0,0.0000,0.0000,0,0.0000,0.0000,0,0,0,0,0,0,0,0,0,0,0,0,0,0,0,0,0,0,0,0,0,0,0,0,0
WG_METRICS 363,64,3072,1.6094,0.0086,0.0068,1.5566,0.0216,0.0157,64,3072,196608,393216,126302.8047,252605.6094,0.0000,0,0.0000,0.0000,0,0.0000,0,0.0000,0.0000,0,0.0000,0.0000,0,0,0,0,0,0,0,0,0,0,0,0,0,0,0,0,0,0,0,0,0,0,0,0,0
WG_METRICS 364,64,3072,1.5886,0.0074,0.0068,1.5457,0.0131,0.0156,64,3072,196608,393216,127198.3828,254396.7656,0.0000,0,0.0000,0.0000,0,0.0000,0,0.0000,0.0000,0,0.0000,0.0000,0,0,0,0,0,0,0,0,0,0,0,0,0,0,0,0,0,0,0,0,0,0,0,0,0
WG_METRICS 365,64,3072,1.6096,0.0074,0.0068,1.5561,0.0220,0.0172,64,3072,196608,393216,126345.0078,252690.0156,0.0000,0,0.0000,0.0000,0,0.0000,0,0.0000,0.0000,0,0.0000,0.0000,0,0,0,0,0,0,0,0,0,0,0,0,0,0,0,0,0,0,0,0,0,0,0,0,0
WG_METRICS 366,64,3072,1.6097,0.0075,0.0068,1.5580,0.0212,0.0161,64,3072,196608,393216,126189.3125,252378.6250,0.0000,0,0.0000,0.0000,0,0.0000,0,0.0000,0.0000,0,0.0000,0.0000,0,0,0,0,0,0,0,0,0,0,0,0,0,0,0,0,0,0,0,0,0,0,0,0,0
WG_METRICS 367,64,3072,1.5957,0.0073,0.0069,1.5534,0.0125,0.0155,64,3072,196608,393216,126562.9844,253125.9688,0.0000,0,0.0000,0.0000,0,0.0000,0,0.0000,0.0000,0,0.0000,0.0000,0,0,0,0,0,0,0,0,0,0,0,0,0,0,0,0,0,0,0,0,0,0,0,0,0
WG_METRICS 368,64,3072,1.6080,0.0074,0.0064,1.5572,0.0214,0.0157,64,3072,196608,393216,126260.6250,252521.2500,0.0000,0,0.0000,0.0000,0,0.0000,0,0.0000,0.0000,0,0.0000,0.0000,0,0,0,0,0,0,0,0,0,0,0,0,0,0,0,0,0,0,0,0,0,0,0,0,0
WG_METRICS 369,64,3072,1.5988,0.0075,0.0068,1.5456,0.0219,0.0169,64,3072,196608,393216,127201.6797,254403.3594,0.0000,0,0.0000,0.0000,0,0.0000,0,0.0000,0.0000,0,0.0000,0.0000,0,0,0,0,0,0,0,0,0,0,0,0,0,0,0,0,0,0,0,0,0,0,0,0,0
WG_METRICS 370,64,3072,1.5906,0.0074,0.0068,1.5474,0.0128,0.0162,64,3072,196608,393216,127053.7109,254107.4219,0.0000,0,0.0000,0.0000,0,0.0000,0,0.0000,0.0000,0,0.0000,0.0000,0,0,0,0,0,0,0,0,0,0,0,0,0,0,0,0,0,0,0,0,0,0,0,0,0
WG_METRICS 371,64,3072,1.5902,0.0075,0.0068,1.5474,0.0130,0.0156,64,3072,196608,393216,127060.2891,254120.5781,0.0000,0,0.0000,0.0000,0,0.0000,0,0.0000,0.0000,0,0.0000,0.0000,0,0,0,0,0,0,0,0,0,0,0,0,0,0,0,0,0,0,0,0,0,0,0,0,0
WG_METRICS 372,64,3072,1.5969,0.0074,0.0068,1.5493,0.0170,0.0164,64,3072,196608,393216,126902.8125,253805.6250,0.0000,0,0.0000,0.0000,0,0.0000,0,0.0000,0.0000,0,0.0000,0.0000,0,0,0,0,0,0,0,0,0,0,0,0,0,0,0,0,0,0,0,0,0,0,0,0,0
WG_METRICS 373,64,3072,1.5870,0.0094,0.0069,1.5423,0.0128,0.0156,64,3072,196608,393216,127475.4922,254950.9844,0.0000,0,0.0000,0.0000,0,0.0000,0,0.0000,0.0000,0,0.0000,0.0000,0,0,0,0,0,0,0,0,0,0,0,0,0,0,0,0,0,0,0,0,0,0,0,0,0
WG_METRICS 374,64,3072,1.6011,0.0075,0.0067,1.5562,0.0133,0.0174,64,3072,196608,393216,126338.5156,252677.0312,0.0000,0,0.0000,0.0000,0,0.0000,0,0.0000,0.0000,0,0.0000,0.0000,0,0,0,0,0,0,0,0,0,0,0,0,0,0,0,0,0,0,0,0,0,0,0,0,0
WG_METRICS 375,64,3072,1.5900,0.0075,0.0066,1.5382,0.0216,0.0162,64,3072,196608,393216,127820.2578,255640.5156,0.0000,0,0.0000,0.0000,0,0.0000,0,0.0000,0.0000,0,0.0000,0.0000,0,0,0,0,0,0,0,0,0,0,0,0,0,0,0,0,0,0,0,0,0,0,0,0,0
WG_METRICS 376,64,3072,1.5924,0.0074,0.0068,1.5499,0.0126,0.0156,64,3072,196608,393216,126850.4219,253700.8438,0.0000,0,0.0000,0.0000,0,0.0000,0,0.0000,0.0000,0,0.0000,0.0000,0,0,0,0,0,0,0,0,0,0,0,0,0,0,0,0,0,0,0,0,0,0,0,0,0
WG_METRICS 377,64,3072,1.5993,0.0074,0.0068,1.5477,0.0212,0.0161,64,3072,196608,393216,127030.7344,254061.4688,0.0000,0,0.0000,0.0000,0,0.0000,0,0.0000,0.0000,0,0.0000,0.0000,0,0,0,0,0,0,0,0,0,0,0,0,0,0,0,0,0,0,0,0,0,0,0,0,0
WG_METRICS 378,64,3072,1.5956,0.0074,0.0066,1.5426,0.0216,0.0174,64,3072,196608,393216,127455.6562,254911.3125,0.0000,0,0.0000,0.0000,0,0.0000,0,0.0000,0.0000,0,0.0000,0.0000,0,0,0,0,0,0,0,0,0,0,0,0,0,0,0,0,0,0,0,0,0,0,0,0,0
WG_METRICS 379,64,3072,1.5894,0.0074,0.0068,1.5463,0.0130,0.0158,64,3072,196608,393216,127149.0234,254298.0469,0.0000,0,0.0000,0.0000,0,0.0000,0,0.0000,0.0000,0,0.0000,0.0000,0,0,0,0,0,0,0,0,0,0,0,0,0,0,0,0,0,0,0,0,0,0,0,0,0
WG_METRICS 380,64,3072,1.5898,0.0074,0.0069,1.5386,0.0213,0.0157,64,3072,196608,393216,127787.0156,255574.0312,0.0000,0,0.0000,0.0000,0,0.0000,0,0.0000,0.0000,0,0.0000,0.0000,0,0,0,0,0,0,0,0,0,0,0,0,0,0,0,0,0,0,0,0,0,0,0,0,0
WG_METRICS 381,64,3072,1.6019,0.0074,0.0068,1.5582,0.0128,0.0166,64,3072,196608,393216,126176.3594,252352.7188,0.0000,0,0.0000,0.0000,0,0.0000,0,0.0000,0.0000,0,0.0000,0.0000,0,0,0,0,0,0,0,0,0,0,0,0,0,0,0,0,0,0,0,0,0,0,0,0,0
WG_METRICS 382,64,3072,1.5870,0.0074,0.0069,1.5437,0.0128,0.0162,64,3072,196608,393216,127359.8828,254719.7656,0.0000,0,0.0000,0.0000,0,0.0000,0,0.0000,0.0000,0,0.0000,0.0000,0,0,0,0,0,0,0,0,0,0,0,0,0,0,0,0,0,0,0,0,0,0,0,0,0
WG_METRICS 383,64,3072,1.6014,0.0075,0.0068,1.5629,0.0086,0.0155,64,3072,196608,393216,125795.3047,251590.6094,0.0000,0,0.0000,0.0000,0,0.0000,0,0.0000,0.0000,0,0.0000,0.0000,0,0,0,0,0,0,0,0,0,0,0,0,0,0,0,0,0,0,0,0,0,0,0,0,0
WG_METRICS 384,64,3072,1.6167,0.0074,0.0069,1.5726,0.0127,0.0171,64,3072,196608,393216,125020.9844,250041.9688,0.0000,0,0.0000,0.0000,0,0.0000,0,0.0000,0.0000,0,0.0000,0.0000,0,0,0,0,0,0,0,0,0,0,0,0,0,0,0,0,0,0,0,0,0,0,0,0,0
WG_METRICS 385,64,3072,1.5857,0.0074,0.0069,1.5430,0.0128,0.0157,64,3072,196608,393216,127419.3125,254838.6250,0.0000,0,0.0000,0.0000,0,0.0000,0,0.0000,0.0000,0,0.0000,0.0000,0,0,0,0,0,0,0,0,0,0,0,0,0,0,0,0,0,0,0,0,0,0,0,0,0
WG_METRICS 386,64,3072,1.5980,0.0074,0.0066,1.5466,0.0212,0.0161,64,3072,196608,393216,127119.4297,254238.8594,0.0000,0,0.0000,0.0000,0,0.0000,0,0.0000,0.0000,0,0.0000,0.0000,0,0,0,0,0,0,0,0,0,0,0,0,0,0,0,0,0,0,0,0,0,0,0,0,0
WG_METRICS 387,64,3072,1.5824,0.0074,0.0069,1.5398,0.0128,0.0156,64,3072,196608,393216,127684.1094,255368.2188,0.0000,0,0.0000,0.0000,0,0.0000,0,0.0000,0.0000,0,0.0000,0.0000,0,0,0,0,0,0,0,0,0,0,0,0,0,0,0,0,0,0,0,0,0,0,0,0,0
WG_METRICS 388,64,3072,1.6131,0.0075,0.0068,1.5606,0.0214,0.0168,64,3072,196608,393216,125982.3125,251964.6250,0.0000,0,0.0000,0.0000,0,0.0000,0,0.0000,0.0000,0,0.0000,0.0000,0,0,0,0,0,0,0,0,0,0,0,0,0,0,0,0,0,0,0,0,0,0,0,0,0
WG_METRICS 389,64,3072,1.5990,0.0075,0.0067,1.5474,0.0218,0.0156,64,3072,196608,393216,127060.2891,254120.5781,0.0000,0,0.0000,0.0000,0,0.0000,0,0.0000,0.0000,0,0.0000,0.0000,0,0,0,0,0,0,0,0,0,0,0,0,0,0,0,0,0,0,0,0,0,0,0,0,0
WG_METRICS 390,64,3072,1.5903,0.0074,0.0068,1.5467,0.0129,0.0164,64,3072,196608,393216,127116.1484,254232.2969,0.0000,0,0.0000,0.0000,0,0.0000,0,0.0000,0.0000,0,0.0000,0.0000,0,0,0,0,0,0,0,0,0,0,0,0,0,0,0,0,0,0,0,0,0,0,0,0,0
WG_METRICS 391,64,3072,1.6111,0.0101,0.0068,1.5570,0.0215,0.0157,64,3072,196608,393216,126276.8516,252553.7031,0.0000,0,0.0000,0.0000,0,0.0000,0,0.0000,0.0000,0,0.0000,0.0000,0,0,0,0,0,0,0,0,0,0,0,0,0,0,0,0,0,0,0,0,0,0,0,0,0
WG_METRICS 392,64,3072,1.5784,0.0074,0.0068,1.5397,0.0084,0.0161,64,3072,196608,393216,127694.0625,255388.1250,0.0000,0,0.0000,0.0000,0,0.0000,0,0.0000,0.0000,0,0.0000,0.0000,0,0,0,0,0,0,0,0,0,0,0,0,0,0,0,0,0,0,0,0,0,0,0,0,0
WG_METRICS 393,64,3072,1.6048,0.0074,0.0068,1.5538,0.0213,0.0155,64,3072,196608,393216,126533.6641,253067.3281,0.0000,0,0.0000,0.0000,0,0.0000,0,0.0000,0.0000,0,0.0000,0.0000,0,0,0,0,0,0,0,0,0,0,0,0,0,0,0,0,0,0,0,0,0,0,0,0,0
WG_METRICS 394,64,3072,1.6044,0.0099,0.0070,1.5501,0.0211,0.0164,64,3072,196608,393216,126837.3281,253674.6562,0.0000,0,0.0000,0.0000,0,0.0000,0,0.0000,0.0000,0,0.0000,0.0000,0,0,0,0,0,0,0,0,0,0,0,0,0,0,0,0,0,0,0,0,0,0,0,0,0
WG_METRICS 395,64,3072,1.6039,0.0076,0.0066,1.5600,0.0128,0.0168,64,3072,196608,393216,126030.7734,252061.5469,0.0000,0,0.0000,0.0000,0,0.0000,0,0.0000,0.0000,0,0.0000,0.0000,0,0,0,0,0,0,0,0,0,0,0,0,0,0,0,0,0,0,0,0,0,0,0,0,0
WG_METRICS 396,64,3072,1.6074,0.0074,0.0064,1.5561,0.0212,0.0162,64,3072,196608,393216,126345.0078,252690.0156,0.0000,0,0.0000,0.0000,0,0.0000,0,0.0000,0.0000,0,0.0000,0.0000,0,0,0,0,0,0,0,0,0,0,0,0,0,0,0,0,0,0,0,0,0,0,0,0,0
WG_METRICS 397,64,3072,1.6006,0.0074,0.0068,1.5578,0.0127,0.0158,64,3072,196608,393216,126205.5156,252411.0312,0.0000,0,0.0000,0.0000,0,0.0000,0,0.0000,0.0000,0,0.0000,0.0000,0,0,0,0,0,0,0,0,0,0,0,0,0,0,0,0,0,0,0,0,0,0,0,0,0
WG_METRICS 398,64,3072,1.6174,0.0074,0.0068,1.5654,0.0212,0.0166,64,3072,196608,393216,125592.7969,251185.5938,0.0000,0,0.0000,0.0000,0,0.0000,0,0.0000,0.0000,0,0.0000,0.0000,0,0,0,0,0,0,0,0,0,0,0,0,0,0,0,0,0,0,0,0,0,0,0,0,0
WG_METRICS 399,64,3072,1.6002,0.0074,0.0068,1.5486,0.0212,0.0162,64,3072,196608,393216,126955.2656,253910.5312,0.0000,0,0.0000,0.0000,0,0.0000,0,0.0000,0.0000,0,0.0000,0.0000,0,0,0,0,0,0,0,0,0,0,0,0,0,0,0,0,0,0,0,0,0,0,0,0,0
WG_METRICS 400,64,3072,1.6048,0.0074,0.0068,1.5537,0.0213,0.0156,64,3072,196608,393216,126543.4375,253086.8750,0.0000,0,0.0000,0.0000,0,0.0000,0,0.0000,0.0000,0,0.0000,0.0000,0,0,0,0,0,0,0,0,0,0,0,0,0,0,0,0,0,0,0,0,0,0,0,0,0
WG_METRICS 401,64,3072,1.5872,0.0076,0.0062,1.5446,0.0129,0.0159,64,3072,196608,393216,127284.0312,254568.0625,0.0000,0,0.0000,0.0000,0,0.0000,0,0.0000,0.0000,0,0.0000,0.0000,0,0,0,0,0,0,0,0,0,0,0,0,0,0,0,0,0,0,0,0,0,0,0,0,0
WG_METRICS 402,64,3072,1.6192,0.0074,0.0068,1.5752,0.0124,0.0173,64,3072,196608,393216,124811.4531,249622.9062,0.0000,0,0.0000,0.0000,0,0.0000,0,0.0000,0.0000,0,0.0000,0.0000,0,0,0,0,0,0,0,0,0,0,0,0,0,0,0,0,0,0,0,0,0,0,0,0,0
WG_METRICS 403,64,3072,1.5987,0.0074,0.0068,1.5554,0.0130,0.0160,64,3072,196608,393216,126400.2500,252800.5000,0.0000,0,0.0000,0.0000,0,0.0000,0,0.0000,0.0000,0,0.0000,0.0000,0,0,0,0,0,0,0,0,0,0,0,0,0,0,0,0,0,0,0,0,0,0,0,0,0
WG_METRICS 404,64,3072,1.5961,0.0101,0.0069,1.5500,0.0132,0.0160,64,3072,196608,393216,126843.8750,253687.7500,0.0000,0,0.0000,0.0000,0,0.0000,0,0.0000,0.0000,0,0.0000,0.0000,0,0,0,0,0,0,0,0,0,0,0,0,0,0,0,0,0,0,0,0,0,0,0,0,0
WG_METRICS 405,64,3072,1.6029,0.0075,0.0069,1.5508,0.0213,0.0164,64,3072,196608,393216,126778.4375,253556.8750,0.0000,0,0.0000,0.0000,0,0.0000,0,0.0000,0.0000,0,0.0000,0.0000,0,0,0,0,0,0,0,0,0,0,0,0,0,0,0,0,0,0,0,0,0,0,0,0,0
WG_METRICS 406,64,3072,1.5848,0.0075,0.0067,1.5416,0.0126,0.0164,64,3072,196608,393216,127538.3359,255076.6719,0.0000,0,0.0000,0.0000,0,0.0000,0,0.0000,0.0000,0,0.0000,0.0000,0,0,0,0,0,0,0,0,0,0,0,0,0,0,0,0,0,0,0,0,0,0,0,0,0
WG_METRICS 407,64,3072,1.6116,0.0091,0.0069,1.5670,0.0128,0.0157,64,3072,196608,393216,125464.5703,250929.1406,0.0000,0,0.0000,0.0000,0,0.0000,0,0.0000,0.0000,0,0.0000,0.0000,0,0,0,0,0,0,0,0,0,0,0,0,0,0,0,0,0,0,0,0,0,0,0,0,0
WG_METRICS 408,64,3072,1.6028,0.0074,0.0058,1.5510,0.0220,0.0166,64,3072,196608,393216,126762.0859,253524.1719,0.0000,0,0.0000,0.0000,0,0.0000,0,0.0000,0.0000,0,0.0000,0.0000,0,0,0,0,0,0,0,0,0,0,0,0,0,0,0,0,0,0,0,0,0,0,0,0,0
WG_METRICS 409,64,3072,1.6062,0.0100,0.0068,1.5510,0.0218,0.0166,64,3072,196608,393216,126762.0859,253524.1719,0.0000,0,0.0000,0.0000,0,0.0000,0,0.0000,0.0000,0,0.0000,0.0000,0,0,0,0,0,0,0,0,0,0,0,0,0,0,0,0,0,0,0,0,0,0,0,0,0
WG_METRICS 410,64,3072,1.5868,0.0090,0.0066,1.5425,0.0125,0.0162,64,3072,196608,393216,127462.2656,254924.5312,0.0000,0,0.0000,0.0000,0,0.0000,0,0.0000,0.0000,0,0.0000,0.0000,0,0,0,0,0,0,0,0,0,0,0,0,0,0,0,0,0,0,0,0,0,0,0,0,0
WG_METRICS 411,64,3072,1.5818,0.0075,0.0068,1.5388,0.0129,0.0158,64,3072,196608,393216,127763.7656,255527.5312,0.0000,0,0.0000,0.0000,0,0.0000,0,0.0000,0.0000,0,0.0000,0.0000,0,0,0,0,0,0,0,0,0,0,0,0,0,0,0,0,0,0,0,0,0,0,0,0,0
WG_METRICS 412,64,3072,1.6011,0.0074,0.0068,1.5497,0.0210,0.0160,64,3072,196608,393216,126866.7812,253733.5625,0.0000,0,0.0000,0.0000,0,0.0000,0,0.0000,0.0000,0,0.0000,0.0000,0,0,0,0,0,0,0,0,0,0,0,0,0,0,0,0,0,0,0,0,0,0,0,0,0
WG_METRICS 413,64,3072,1.6030,0.0074,0.0069,1.5506,0.0215,0.0166,64,3072,196608,393216,126791.5156,253583.0312,0.0000,0,0.0000,0.0000,0,0.0000,0,0.0000,0.0000,0,0.0000,0.0000,0,0,0,0,0,0,0,0,0,0,0,0,0,0,0,0,0,0,0,0,0,0,0,0,0
WG_METRICS 414,64,3072,1.5851,0.0074,0.0069,1.5334,0.0212,0.0162,64,3072,196608,393216,128217.0312,256434.0625,0.0000,0,0.0000,0.0000,0,0.0000,0,0.0000,0.0000,0,0.0000,0.0000,0,0,0,0,0,0,0,0,0,0,0,0,0,0,0,0,0,0,0,0,0,0,0,0,0
WG_METRICS 415,64,3072,1.5964,0.0074,0.0068,1.5543,0.0124,0.0154,64,3072,196608,393216,126491.3281,252982.6562,0.0000,0,0.0000,0.0000,0,0.0000,0,0.0000,0.0000,0,0.0000,0.0000,0,0,0,0,0,0,0,0,0,0,0,0,0,0,0,0,0,0,0,0,0,0,0,0,0
WG_METRICS 416,64,3072,1.5978,0.0074,0.0069,1.5460,0.0214,0.0162,64,3072,196608,393216,127168.7656,254337.5312,0.0000,0,0.0000,0.0000,0,0.0000,0,0.0000,0.0000,0,0.0000,0.0000,0,0,0,0,0,0,0,0,0,0,0,0,0,0,0,0,0,0,0,0,0,0,0,0,0
WG_METRICS 417,64,3072,1.5970,0.0075,0.0063,1.5549,0.0127,0.0156,64,3072,196608,393216,126445.7656,252891.5312,0.0000,0,0.0000,0.0000,0,0.0000,0,0.0000,0.0000,0,0.0000,0.0000,0,0,0,0,0,0,0,0,0,0,0,0,0,0,0,0,0,0,0,0,0,0,0,0,0
WG_METRICS 418,64,3072,1.5952,0.0075,0.0067,1.5515,0.0126,0.0168,64,3072,196608,393216,126719.6016,253439.2031,0.0000,0,0.0000,0.0000,0,0.0000,0,0.0000,0.0000,0,0.0000,0.0000,0,0,0,0,0,0,0,0,0,0,0,0,0,0,0,0,0,0,0,0,0,0,0,0,0
WG_METRICS 419,64,3072,1.6196,0.0074,0.0064,1.5683,0.0216,0.0159,64,3072,196608,393216,125365.3672,250730.7344,0.0000,0,0.0000,0.0000,0,0.0000,0,0.0000,0.0000,0,0.0000,0.0000,0,0,0,0,0,0,0,0,0,0,0,0,0,0,0,0,0,0,0,0,0,0,0,0,0
WG_METRICS 420,64,3072,1.5910,0.0075,0.0068,1.5475,0.0128,0.0164,64,3072,196608,393216,127047.1406,254094.2812,0.0000,0,0.0000,0.0000,0,0.0000,0,0.0000,0.0000,0,0.0000,0.0000,0,0,0,0,0,0,0,0,0,0,0,0,0,0,0,0,0,0,0,0,0,0,0,0,0
WG_METRICS 421,64,3072,1.5815,0.0075,0.0068,1.5386,0.0130,0.0156,64,3072,196608,393216,127780.3750,255560.7500,0.0000,0,0.0000,0.0000,0,0.0000,0,0.0000,0.0000,0,0.0000,0.0000,0,0,0,0,0,0,0,0,0,0,0,0,0,0,0,0,0,0,0,0,0,0,0,0,0
WG_METRICS 422,64,3072,1.5958,0.0073,0.0069,1.5442,0.0211,0.0164,64,3072,196608,393216,127323.5938,254647.1875,0.0000,0,0.0000,0.0000,0,0.0000,0,0.0000,0.0000,0,0.0000,0.0000,0,0,0,0,0,0,0,0,0,0,0,0,0,0,0,0,0,0,0,0,0,0,0,0,0
WG_METRICS 423,64,3072,1.5983,0.0075,0.0068,1.5458,0.0214,0.0168,64,3072,196608,393216,127188.5156,254377.0312,0.0000,0,0.0000,0.0000,0,0.0000,0,0.0000,0.0000,0,0.0000,0.0000,0,0,0,0,0,0,0,0,0,0,0,0,0,0,0,0,0,0,0,0,0,0,0,0,0
WG_METRICS 424,64,3072,1.6022,0.0096,0.0063,1.5577,0.0130,0.0157,64,3072,196608,393216,126218.4766,252436.9531,0.0000,0,0.0000,0.0000,0,0.0000,0,0.0000,0.0000,0,0.0000,0.0000,0,0,0,0,0,0,0,0,0,0,0,0,0,0,0,0,0,0,0,0,0,0,0,0,0
WG_METRICS 425,64,3072,1.5975,0.0074,0.0068,1.5572,0.0096,0.0165,64,3072,196608,393216,126257.3906,252514.7812,0.0000,0,0.0000,0.0000,0,0.0000,0,0.0000,0.0000,0,0.0000,0.0000,0,0,0,0,0,0,0,0,0,0,0,0,0,0,0,0,0,0,0,0,0,0,0,0,0
WG_METRICS 426,64,3072,1.6157,0.0074,0.0149,1.5642,0.0124,0.0168,64,3072,196608,393216,125689.1562,251378.3125,0.0000,0,0.0000,0.0000,0,0.0000,0,0.0000,0.0000,0,0.0000,0.0000,0,0,0,0,0,0,0,0,0,0,0,0,0,0,0,0,0,0,0,0,0,0,0,0,0
WG_METRICS 427,64,3072,1.6012,0.0074,0.0069,1.5575,0.0129,0.0164,64,3072,196608,393216,126231.4453,252462.8906,0.0000,0,0.0000,0.0000,0,0.0000,0,0.0000,0.0000,0,0.0000,0.0000,0,0,0,0,0,0,0,0,0,0,0,0,0,0,0,0,0,0,0,0,0,0,0,0,0
WG_METRICS 428,64,3072,1.6020,0.0074,0.0068,1.5507,0.0214,0.0156,64,3072,196608,393216,126784.9766,253569.9531,0.0000,0,0.0000,0.0000,0,0.0000,0,0.0000,0.0000,0,0.0000,0.0000,0,0,0,0,0,0,0,0,0,0,0,0,0,0,0,0,0,0,0,0,0,0,0,0,0
WG_METRICS 429,64,3072,1.6058,0.0076,0.0148,1.5458,0.0213,0.0163,64,3072,196608,393216,127185.2188,254370.4375,0.0000,0,0.0000,0.0000,0,0.0000,0,0.0000,0.0000,0,0.0000,0.0000,0,0,0,0,0,0,0,0,0,0,0,0,0,0,0,0,0,0,0,0,0,0,0,0,0
WG_METRICS 430,64,3072,1.6332,0.0075,0.0069,1.5790,0.0225,0.0173,64,3072,196608,393216,124514.2500,249028.5000,0.0000,0,0.0000,0.0000,0,0.0000,0,0.0000,0.0000,0,0.0000,0.0000,0,0,0,0,0,0,0,0,0,0,0,0,0,0,0,0,0,0,0,0,0,0,0,0,0
WG_METRICS 431,64,3072,1.6033,0.0075,0.0068,1.5604,0.0130,0.0156,64,3072,196608,393216,125998.4609,251996.9219,0.0000,0,0.0000,0.0000,0,0.0000,0,0.0000,0.0000,0,0.0000,0.0000,0,0,0,0,0,0,0,0,0,0,0,0,0,0,0,0,0,0,0,0,0,0,0,0,0
WG_METRICS 432,64,3072,1.5891,0.0074,0.0068,1.5461,0.0130,0.0158,64,3072,196608,393216,127165.4766,254330.9531,0.0000,0,0.0000,0.0000,0,0.0000,0,0.0000,0.0000,0,0.0000,0.0000,0,0,0,0,0,0,0,0,0,0,0,0,0,0,0,0,0,0,0,0,0,0,0,0,0
WG_METRICS 433,64,3072,1.5852,0.0075,0.0068,1.5431,0.0122,0.0156,64,3072,196608,393216,127409.3984,254818.7969,0.0000,0,0.0000,0.0000,0,0.0000,0,0.0000,0.0000,0,0.0000,0.0000,0,0,0,0,0,0,0,0,0,0,0,0,0,0,0,0,0,0,0,0,0,0,0,0,0
WG_METRICS 434,64,3072,1.5817,0.0074,0.0065,1.5308,0.0210,0.0161,64,3072,196608,393216,128438.1562,256876.3125,0.0000,0,0.0000,0.0000,0,0.0000,0,0.0000,0.0000,0,0.0000,0.0000,0,0,0,0,0,0,0,0,0,0,0,0,0,0,0,0,0,0,0,0,0,0,0,0,0
WG_METRICS 435,64,3072,1.6165,0.0075,0.0067,1.5740,0.0125,0.0159,64,3072,196608,393216,124912.9609,249825.9219,0.0000,0,0.0000,0.0000,0,0.0000,0,0.0000,0.0000,0,0.0000,0.0000,0,0,0,0,0,0,0,0,0,0,0,0,0,0,0,0,0,0,0,0,0,0,0,0,0
WG_METRICS 436,64,3072,1.5963,0.0074,0.0070,1.5527,0.0129,0.0163,64,3072,196608,393216,126624.9297,253249.8594,0.0000,0,0.0000,0.0000,0,0.0000,0,0.0000,0.0000,0,0.0000,0.0000,0,0,0,0,0,0,0,0,0,0,0,0,0,0,0,0,0,0,0,0,0,0,0,0,0
WG_METRICS 437,64,3072,1.6022,0.0075,0.0068,1.5509,0.0213,0.0157,64,3072,196608,393216,126771.8984,253543.7969,0.0000,0,0.0000,0.0000,0,0.0000,0,0.0000,0.0000,0,0.0000,0.0000,0,0,0,0,0,0,0,0,0,0,0,0,0,0,0,0,0,0,0,0,0,0,0,0,0
WG_METRICS 438,64,3072,1.5928,0.0074,0.0068,1.5494,0.0130,0.0162,64,3072,196608,393216,126896.2656,253792.5312,0.0000,0,0.0000,0.0000,0,0.0000,0,0.0000,0.0000,0,0.0000,0.0000,0,0,0,0,0,0,0,0,0,0,0,0,0,0,0,0,0,0,0,0,0,0,0,0,0
WG_METRICS 439,64,3072,1.5962,0.0074,0.0068,1.5533,0.0128,0.0158,64,3072,196608,393216,126572.7578,253145.5156,0.0000,0,0.0000,0.0000,0,0.0000,0,0.0000,0.0000,0,0.0000,0.0000,0,0,0,0,0,0,0,0,0,0,0,0,0,0,0,0,0,0,0,0,0,0,0,0,0
WG_METRICS 440,64,3072,1.6143,0.0074,0.0066,1.5610,0.0220,0.0174,64,3072,196608,393216,125953.2578,251906.5156,0.0000,0,0.0000,0.0000,0,0.0000,0,0.0000,0.0000,0,0.0000,0.0000,0,0,0,0,0,0,0,0,0,0,0,0,0,0,0,0,0,0,0,0,0,0,0,0,0
WG_METRICS 441,64,3072,1.6042,0.0088,0.0068,1.5503,0.0215,0.0167,64,3072,196608,393216,126817.6875,253635.3750,0.0000,0,0.0000,0.0000,0,0.0000,0,0.0000,0.0000,0,0.0000,0.0000,0,0,0,0,0,0,0,0,0,0,0,0,0,0,0,0,0,0,0,0,0,0,0,0,0
WG_METRICS 442,64,3072,1.5866,0.0074,0.0066,1.5430,0.0126,0.0170,64,3072,196608,393216,127422.6094,254845.2188,0.0000,0,0.0000,0.0000,0,0.0000,0,0.0000,0.0000,0,0.0000,0.0000,0,0,0,0,0,0,0,0,0,0,0,0,0,0,0,0,0,0,0,0,0,0,0,0,0
WG_METRICS 443,64,3072,1.5969,0.0081,0.0067,1.5528,0.0131,0.0162,64,3072,196608,393216,126615.1406,253230.2812,0.0000,0,0.0000,0.0000,0,0.0000,0,0.0000,0.0000,0,0.0000,0.0000,0,0,0,0,0,0,0,0,0,0,0,0,0,0,0,0,0,0,0,0,0,0,0,0,0
WG_METRICS 444,64,3072,1.5885,0.0074,0.0068,1.5458,0.0127,0.0158,64,3072,196608,393216,127185.2188,254370.4375,0.0000,0,0.0000,0.0000,0,0.0000,0,0.0000,0.0000,0,0.0000,0.0000,0,0,0,0,0,0,0,0,0,0,0,0,0,0,0,0,0,0,0,0,0,0,0,0,0
WG_METRICS 445,64,3072,1.5846,0.0075,0.0068,1.5415,0.0126,0.0162,64,3072,196608,393216,127544.9609,255089.9219,0.0000,0,0.0000,0.0000,0,0.0000,0,0.0000,0.0000,0,0.0000,0.0000,0,0,0,0,0,0,0,0,0,0,0,0,0,0,0,0,0,0,0,0,0,0,0,0,0
WG_METRICS 446,64,3072,1.6117,0.0074,0.0070,1.5682,0.0130,0.0162,64,3072,196608,393216,125371.7656,250743.5312,0.0000,0,0.0000,0.0000,0,0.0000,0,0.0000,0.0000,0,0.0000,0.0000,0,0,0,0,0,0,0,0,0,0,0,0,0,0,0,0,0,0,0,0,0,0,0,0,0
WG_METRICS 447,64,3072,1.6106,0.0074,0.0069,1.5576,0.0219,0.0168,64,3072,196608,393216,126228.2031,252456.4062,0.0000,0,0.0000,0.0000,0,0.0000,0,0.0000,0.0000,0,0.0000,0.0000,0,0,0,0,0,0,0,0,0,0,0,0,0,0,0,0,0,0,0,0,0,0,0,0,0
WG_METRICS 448,64,3072,1.6003,0.0075,0.0066,1.5491,0.0216,0.0155,64,3072,196608,393216,126915.9297,253831.8594,0.0000,0,0.0000,0.0000,0,0.0000,0,0.0000,0.0000,0,0.0000,0.0000,0,0,0,0,0,0,0,0,0,0,0,0,0,0,0,0,0,0,0,0,0,0,0,0,0
WG_METRICS 449,64,3072,1.6062,0.0074,0.0068,1.5549,0.0215,0.0156,64,3072,196608,393216,126442.5234,252885.0469,0.0000,0,0.0000,0.0000,0,0.0000,0,0.0000,0.0000,0,0.0000,0.0000,0,0,0,0,0,0,0,0,0,0,0,0,0,0,0,0,0,0,0,0,0,0,0,0,0
WG_METRICS 450,64,3072,1.5927,0.0076,0.0067,1.5489,0.0128,0.0168,64,3072,196608,393216,126932.3125,253864.6250,0.0000,0,0.0000,0.0000,0,0.0000,0,0.0000,0.0000,0,0.0000,0.0000,0,0,0,0,0,0,0,0,0,0,0,0,0,0,0,0,0,0,0,0,0,0,0,0,0
