WG_METRICS_HEADER frame,q1_shards,q1_shard_capacity,gpu_frame_ms,reset_ms,reset_barrier_ms,compute_ms,metrics_copy_ms,render_ms,q2_shards,q2_shard_capacity,edges,vertices,edges_per_ms,vertices_per_ms,q1_deq_attempt_mean,q1_deq_attempt_max,q1_deq_attempt_imbalance,q1_deq_cas_fail_mean,q1_deq_cas_fail_max,q1_deq_probe_mean,q1_deq_probe_max,q1_deq_probe_imbalance,q1_enq_attempt_mean,q1_enq_attempt_max,q1_enq_attempt_imbalance,q1_high_water_mean,q1_high_water_max,q1_enq_ok,q1_enq_cas_fail,q1_enq_full,q1_deq_ok,q1_deq_cas_fail,q1_deq_empty,q1_ready_cas_fail,q1_ready_max_spin,q1_high_water,q2_enq_ok,q2_enq_cas_fail,q2_enq_full,q2_deq_ok,q2_deq_cas_fail,q2_deq_empty,q2_ready_cas_fail,q2_ready_max_spin,q2_high_water,q2_deq_batches,q2_deq_batch_slots,q2_deq_batch_cas_attempts,q2_deq_batch_cas_fail,q2_deq_batch_empty,q2_deq_batch_partial,q2_deq_slots_per_batch,q2_deq_batch_enabled,q2_deq_batch_limit,node_a_seed,node_b_tasks,node_b_subdivide,node_b_final,node_c_output,stop_writes
WG_METRICS 1,256,768,2.7838,0.0249,0.0008,2.7110,0.0058,0.0414,256,768,196608,393216,72522.1016,145044.2031,0.0000,0,0.0000,0.0000,0,0.0000,0,0.0000,0.0000,0,0.0000,0.0000,0,0,0,0,0,0,0,0,0,0,0,0,0,0,0,0,0,0,0,0,0,0,0,0,0,0.0000,0,32,0,0,0,0,0,0
WG_METRICS 2,256,768,2.3087,0.0245,0.0010,2.2389,0.0058,0.0384,256,768,196608,393216,87815.3359,175630.6719,0.0000,0,0.0000,0.0000,0,0.0000,0,0.0000,0.0000,0,0.0000,0.0000,0,0,0,0,0,0,0,0,0,0,0,0,0,0,0,0,0,0,0,0,0,0,0,0,0,0.0000,0,32,0,0,0,0,0,0
WG_METRICS 3,256,768,2.3107,0.0243,0.0005,2.2420,0.0049,0.0390,256,768,196608,393216,87691.2500,175382.5000,0.0000,0,0.0000,0.0000,0,0.0000,0,0.0000,0.0000,0,0.0000,0.0000,0,0,0,0,0,0,0,0,0,0,0,0,0,0,0,0,0,0,0,0,0,0,0,0,0,0.0000,0,32,0,0,0,0,0,0
WG_METRICS 4,256,768,2.3156,0.0242,0.0004,2.2464,0.0057,0.0388,256,768,196608,393216,87521.3594,175042.7188,0.0000,0,0.0000,0.0000,0,0.0000,0,0.0000,0.0000,0,0.0000,0.0000,0,0,0,0,0,0,0,0,0,0,0,0,0,0,0,0,0,0,0,0,0,0,0,0,0,0.0000,0,32,0,0,0,0,0,0
WG_METRICS 5,256,768,2.3160,0.0241,0.0002,2.2467,0.0065,0.0386,256,768,196608,393216,87511.3984,175022.7969,0.0000,0,0.0000,0.0000,0,0.0000,0,0.0000,0.0000,0,0.0000,0.0000,0,0,0,0,0,0,0,0,0,0,0,0,0,0,0,0,0,0,0,0,0,0,0,0,0,0.0000,0,32,0,0,0,0,0,0
WG_METRICS 6,256,768,2.3188,0.0230,0.0014,2.2514,0.0052,0.0378,256,768,196608,393216,87328.5469,174657.0938,0.0000,0,0.0000,0.0000,0,0.0000,0,0.0000,0.0000,0,0.0000,0.0000,0,0,0,0,0,0,0,0,0,0,0,0,0,0,0,0,0,0,0,0,0,0,0,0,0,0.0000,0,32,0,0,0,0,0,0
WG_METRICS 7,256,768,2.3207,0.0246,0.0003,2.2530,0.0054,0.0374,256,768,196608,393216,87265.2969,174530.5938,0.0000,0,0.0000,0.0000,0,0.0000,0,0.0000,0.0000,0,0.0000,0.0000,0,0,0,0,0,0,0,0,0,0,0,0,0,0,0,0,0,0,0,0,0,0,0,0,0,0.0000,0,32,0,0,0,0,0,0
WG_METRICS 8,256,768,2.3063,0.0234,0.0010,2.2374,0.0060,0.0385,256,768,196608,393216,87871.8516,175743.7031,0.0000,0,0.0000,0.0000,0,0.0000,0,0.0000,0.0000,0,0.0000,0.0000,0,0,0,0,0,0,0,0,0,0,0,0,0,0,0,0,0,0,0,0,0,0,0,0,0,0.0000,0,32,0,0,0,0,0,0
WG_METRICS 9,256,768,2.3213,0.0241,0.0010,2.2517,0.0066,0.0379,256,768,196608,393216,87314.8906,174629.7812,0.0000,0,0.0000,0.0000,0,0.0000,0,0.0000,0.0000,0,0.0000,0.0000,0,0,0,0,0,0,0,0,0,0,0,0,0,0,0,0,0,0,0,0,0,0,0,0,0,0.0000,0,32,0,0,0,0,0,0
WG_METRICS 10,256,768,2.3403,0.0239,0.0002,2.2712,0.0056,0.0395,256,768,196608,393216,86564.4766,173128.9531,0.0000,0,0.0000,0.0000,0,0.0000,0,0.0000,0.0000,0,0.0000,0.0000,0,0,0,0,0,0,0,0,0,0,0,0,0,0,0,0,0,0,0,0,0,0,0,0,0,0.0000,0,32,0,0,0,0,0,0
WG_METRICS 11,256,768,2.3083,0.0239,0.0010,2.2405,0.0048,0.0381,256,768,196608,393216,87752.6250,175505.2500,0.0000,0,0.0000,0.0000,0,0.0000,0,0.0000,0.0000,0,0.0000,0.0000,0,0,0,0,0,0,0,0,0,0,0,0,0,0,0,0,0,0,0,0,0,0,0,0,0,0.0000,0,32,0,0,0,0,0,0
WG_METRICS 12,256,768,2.2973,0.0230,0.0010,2.2293,0.0053,0.0387,256,768,196608,393216,88193.5000,176387.0000,0.0000,0,0.0000,0.0000,0,0.0000,0,0.0000,0.0000,0,0.0000,0.0000,0,0,0,0,0,0,0,0,0,0,0,0,0,0,0,0,0,0,0,0,0,0,0,0,0,0.0000,0,32,0,0,0,0,0,0
WG_METRICS 13,256,768,2.3181,0.0251,0.0000,2.2482,0.0059,0.0390,256,768,196608,393216,87452.8516,174905.7031,0.0000,0,0.0000,0.0000,0,0.0000,0,0.0000,0.0000,0,0.0000,0.0000,0,0,0,0,0,0,0,0,0,0,0,0,0,0,0,0,0,0,0,0,0,0,0,0,0,0.0000,0,32,0,0,0,0,0,0
WG_METRICS 14,256,768,2.6181,0.0245,0.0005,2.5500,0.0048,0.0382,256,768,196608,393216,77099.7188,154199.4375,0.0000,0,0.0000,0.0000,0,0.0000,0,0.0000,0.0000,0,0.0000,0.0000,0,0,0,0,0,0,0,0,0,0,0,0,0,0,0,0,0,0,0,0,0,0,0,0,0,0.0000,0,32,0,0,0,0,0,0
WG_METRICS 15,256,768,2.3124,0.0227,0.0015,2.2452,0.0052,0.0378,256,768,196608,393216,87568.7734,175137.5469,0.0000,0,0.0000,0.0000,0,0.0000,0,0.0000,0.0000,0,0.0000,0.0000,0,0,0,0,0,0,0,0,0,0,0,0,0,0,0,0,0,0,0,0,0,0,0,0,0,0.0000,0,32,0,0,0,0,0,0
WG_METRICS 16,256,768,2.6199,0.0243,0.0005,2.5514,0.0052,0.0385,256,768,196608,393216,77060.0781,154120.1562,0.0000,0,0.0000,0.0000,0,0.0000,0,0.0000,0.0000,0,0.0000,0.0000,0,0,0,0,0,0,0,0,0,0,0,0,0,0,0,0,0,0,0,0,0,0,0,0,0,0.0000,0,32,0,0,0,0,0,0
WG_METRICS 17,256,768,2.3052,0.0236,0.0000,2.2368,0.0060,0.0386,256,768,196608,393216,87895.7422,175791.4844,0.0000,0,0.0000,0.0000,0,0.0000,0,0.0000,0.0000,0,0.0000,0.0000,0,0,0,0,0,0,0,0,0,0,0,0,0,0,0,0,0,0,0,0,0,0,0,0,0,0.0000,0,32,0,0,0,0,0,0
WG_METRICS 18,256,768,2.6291,0.0241,0.0012,2.5603,0.0047,0.0389,256,768,196608,393216,76791.3594,153582.7188,0.0000,0,0.0000,0.0000,0,0.0000,0,0.0000,0.0000,0,0.0000,0.0000,0,0,0,0,0,0,0,0,0,0,0,0,0,0,0,0,0,0,0,0,0,0,0,0,0,0.0000,0,32,0,0,0,0,0,0
WG_METRICS 19,256,768,2.3141,0.0240,0.0005,2.2459,0.0048,0.0389,256,768,196608,393216,87540.0781,175080.1562,0.0000,0,0.0000,0.0000,0,0.0000,0,0.0000,0.0000,0,0.0000,0.0000,0,0,0,0,0,0,0,0,0,0,0,0,0,0,0,0,0,0,0,0,0,0,0,0,0,0.0000,0,32,0,0,0,0,0,0
WG_METRICS 20,256,768,2.2951,0.0240,0.0000,2.2282,0.0049,0.0379,256,768,196608,393216,88235.2891,176470.5781,0.0000,0,0.0000,0.0000,0,0.0000,0,0.0000,0.0000,0,0.0000,0.0000,0,0,0,0,0,0,0,0,0,0,0,0,0,0,0,0,0,0,0,0,0,0,0,0,0,0.0000,0,32,0,0,0,0,0,0
WG_METRICS 21,256,768,2.2961,0.0243,0.0005,2.2281,0.0056,0.0375,256,768,196608,393216,88239.0938,176478.1875,0.0000,0,0.0000,0.0000,0,0.0000,0,0.0000,0.0000,0,0.0000,0.0000,0,0,0,0,0,0,0,0,0,0,0,0,0,0,0,0,0,0,0,0,0,0,0,0,0,0.0000,0,32,0,0,0,0,0,0
WG_METRICS 22,256,768,2.2868,0.0242,0.0002,2.2179,0.0055,0.0391,256,768,196608,393216,88647.7812,177295.5625,0.0000,0,0.0000,0.0000,0,0.0000,0,0.0000,0.0000,0,0.0000,0.0000,0,0,0,0,0,0,0,0,0,0,0,0,0,0,0,0,0,0,0,0,0,0,0,0,0,0.0000,0,32,0,0,0,0,0,0
WG_METRICS 23,256,768,2.3221,0.0233,0.0005,2.2552,0.0052,0.0378,256,768,196608,393216,87178.6094,174357.2188,0.0000,0,0.0000,0.0000,0,0.0000,0,0.0000,0.0000,0,0.0000,0.0000,0,0,0,0,0,0,0,0,0,0,0,0,0,0,0,0,0,0,0,0,0,0,0,0,0,0.0000,0,32,0,0,0,0,0,0
WG_METRICS 24,256,768,2.2899,0.0243,0.0005,2.2221,0.0051,0.0379,256,768,196608,393216,88479.2656,176958.5312,0.0000,0,0.0000,0.0000,0,0.0000,0,0.0000,0.0000,0,0.0000,0.0000,0,0,0,0,0,0,0,0,0,0,0,0,0,0,0,0,0,0,0,0,0,0,0,0,0,0.0000,0,32,0,0,0,0,0,0
WG_METRICS 25,256,768,2.3194,0.0236,0.0012,2.2507,0.0060,0.0380,256,768,196608,393216,87355.8672,174711.7344,0.0000,0,0.0000,0.0000,0,0.0000,0,0.0000,0.0000,0,0.0000,0.0000,0,0,0,0,0,0,0,0,0,0,0,0,0,0,0,0,0,0,0,0,0,0,0,0,0,0.0000,0,32,0,0,0,0,0,0
WG_METRICS 26,256,768,2.3253,0.0252,0.0002,2.2569,0.0055,0.0375,256,768,196608,393216,87114.3359,174228.6719,0.0000,0,0.0000,0.0000,0,0.0000,0,0.0000,0.0000,0,0.0000,0.0000,0,0,0,0,0,0,0,0,0,0,0,0,0,0,0,0,0,0,0,0,0,0,0,0,0,0.0000,0,32,0,0,0,0,0,0
WG_METRICS 27,256,768,2.3506,0.0241,0.0005,2.2816,0.0053,0.0391,256,768,196608,393216,86171.1094,172342.2188,0.0000,0,0.0000,0.0000,0,0.0000,0,0.0000,0.0000,0,0.0000,0.0000,0,0,0,0,0,0,0,0,0,0,0,0,0,0,0,0,0,0,0,0,0,0,0,0,0,0.0000,0,32,0,0,0,0,0,0
WG_METRICS 28,256,768,2.2945,0.0239,0.0010,2.2264,0.0048,0.0383,256,768,196608,393216,88306.3125,176612.6250,0.0000,0,0.0000,0.0000,0,0.0000,0,0.0000,0.0000,0,0.0000,0.0000,0,0,0,0,0,0,0,0,0,0,0,0,0,0,0,0,0,0,0,0,0,0,0,0,0,0.0000,0,32,0,0,0,0,0,0
WG_METRICS 29,256,768,2.3043,0.0240,0.0005,2.2362,0.0058,0.0378,256,768,196608,393216,87919.6406,175839.2812,0.0000,0,0.0000,0.0000,0,0.0000,0,0.0000,0.0000,0,0.0000,0.0000,0,0,0,0,0,0,0,0,0,0,0,0,0,0,0,0,0,0,0,0,0,0,0,0,0,0.0000,0,32,0,0,0,0,0,0
WG_METRICS 30,256,768,2.3148,0.0237,0.0012,2.2453,0.0061,0.0385,256,768,196608,393216,87563.7812,175127.5625,0.0000,0,0.0000,0.0000,0,0.0000,0,0.0000,0.0000,0,0.0000,0.0000,0,0,0,0,0,0,0,0,0,0,0,0,0,0,0,0,0,0,0,0,0,0,0,0,0,0.0000,0,32,0,0,0,0,0,0
WG_METRICS 31,256,768,2.3240,0.0241,0.0005,2.2552,0.0052,0.0390,256,768,196608,393216,87178.6094,174357.2188,0.0000,0,0.0000,0.0000,0,0.0000,0,0.0000,0.0000,0,0.0000,0.0000,0,0,0,0,0,0,0,0,0,0,0,0,0,0,0,0,0,0,0,0,0,0,0,0,0,0.0000,0,32,0,0,0,0,0,0
WG_METRICS 32,256,768,2.3143,0.0243,0.0003,2.2467,0.0052,0.0378,256,768,196608,393216,87511.3984,175022.7969,0.0000,0,0.0000,0.0000,0,0.0000,0,0.0000,0.0000,0,0.0000,0.0000,0,0,0,0,0,0,0,0,0,0,0,0,0,0,0,0,0,0,0,0,0,0,0,0,0,0.0000,0,32,0,0,0,0,0,0
WG_METRICS 33,256,768,2.3803,0.0232,0.0014,2.3118,0.0052,0.0386,256,768,196608,393216,85046.3047,170092.6094,0.0000,0,0.0000,0.0000,0,0.0000,0,0.0000,0.0000,0,0.0000,0.0000,0,0,0,0,0,0,0,0,0,0,0,0,0,0,0,0,0,0,0,0,0,0,0,0,0,0.0000,0,32,0,0,0,0,0,0
WG_METRICS 34,256,768,2.3145,0.0247,0.0004,2.2446,0.0063,0.0385,256,768,196608,393216,87591.2422,175182.4844,0.0000,0,0.0000,0.0000,0,0.0000,0,0.0000,0.0000,0,0.0000,0.0000,0,0,0,0,0,0,0,0,0,0,0,0,0,0,0,0,0,0,0,0,0,0,0,0,0,0.0000,0,32,0,0,0,0,0,0
WG_METRICS 35,256,768,2.3092,0.0236,0.0011,2.2414,0.0048,0.0383,256,768,196608,393216,87716.2891,175432.5781,0.0000,0,0.0000,0.0000,0,0.0000,0,0.0000,0.0000,0,0.0000,0.0000,0,0,0,0,0,0,0,0,0,0,0,0,0,0,0,0,0,0,0,0,0,0,0,0,0,0.0000,0,32,0,0,0,0,0,0
WG_METRICS 36,256,768,2.3481,0.0238,0.0010,2.2798,0.0048,0.0386,256,768,196608,393216,86237.6328,172475.2656,0.0000,0,0.0000,0.0000,0,0.0000,0,0.0000,0.0000,0,0.0000,0.0000,0,0,0,0,0,0,0,0,0,0,0,0,0,0,0,0,0,0,0,0,0,0,0,0,0,0.0000,0,32,0,0,0,0,0,0
WG_METRICS 37,256,768,2.3274,0.0234,0.0011,2.2593,0.0055,0.0381,256,768,196608,393216,87021.7969,174043.5938,0.0000,0,0.0000,0.0000,0,0.0000,0,0.0000,0.0000,0,0.0000,0.0000,0,0,0,0,0,0,0,0,0,0,0,0,0,0,0,0,0,0,0,0,0,0,0,0,0,0.0000,0,32,0,0,0,0,0,0
WG_METRICS 38,256,768,2.3168,0.0246,0.0005,2.2467,0.0062,0.0388,256,768,196608,393216,87511.3984,175022.7969,0.0000,0,0.0000,0.0000,0,0.0000,0,0.0000,0.0000,0,0.0000,0.0000,0,0,0,0,0,0,0,0,0,0,0,0,0,0,0,0,0,0,0,0,0,0,0,0,0,0.0000,0,32,0,0,0,0,0,0
WG_METRICS 39,256,768,2.6336,0.0234,0.0011,2.5646,0.0055,0.0390,256,768,196608,393216,76661.0469,153322.0938,0.0000,0,0.0000,0.0000,0,0.0000,0,0.0000,0.0000,0,0.0000,0.0000,0,0,0,0,0,0,0,0,0,0,0,0,0,0,0,0,0,0,0,0,0,0,0,0,0,0.0000,0,32,0,0,0,0,0,0
WG_METRICS 40,256,768,2.3264,0.0239,0.0005,2.2590,0.0053,0.0377,256,768,196608,393216,87032.8984,174065.7969,0.0000,0,0.0000,0.0000,0,0.0000,0,0.0000,0.0000,0,0.0000,0.0000,0,0,0,0,0,0,0,0,0,0,0,0,0,0,0,0,0,0,0,0,0,0,0,0,0,0.0000,0,32,0,0,0,0,0,0
WG_METRICS 41,256,768,2.6215,0.0243,0.0003,2.5537,0.0047,0.0385,256,768,196608,393216,76989.5859,153979.1719,0.0000,0,0.0000,0.0000,0,0.0000,0,0.0000,0.0000,0,0.0000,0.0000,0,0,0,0,0,0,0,0,0,0,0,0,0,0,0,0,0,0,0,0,0,0,0,0,0,0.0000,0,32,0,0,0,0,0,0
WG_METRICS 42,256,768,2.3236,0.0237,0.0000,2.2570,0.0053,0.0376,256,768,196608,393216,87110.6250,174221.2500,0.0000,0,0.0000,0.0000,0,0.0000,0,0.0000,0.0000,0,0.0000,0.0000,0,0,0,0,0,0,0,0,0,0,0,0,0,0,0,0,0,0,0,0,0,0,0,0,0,0.0000,0,32,0,0,0,0,0,0
WG_METRICS 43,256,768,2.6466,0.0241,0.0005,2.5781,0.0054,0.0384,256,768,196608,393216,76259.5078,152519.0156,0.0000,0,0.0000,0.0000,0,0.0000,0,0.0000,0.0000,0,0.0000,0.0000,0,0,0,0,0,0,0,0,0,0,0,0,0,0,0,0,0,0,0,0,0,0,0,0,0,0.0000,0,32,0,0,0,0,0,0
WG_METRICS 44,256,768,2.3454,0.0232,0.0011,2.2765,0.0060,0.0387,256,768,196608,393216,86364.9141,172729.8281,0.0000,0,0.0000,0.0000,0,0.0000,0,0.0000,0.0000,0,0.0000,0.0000,0,0,0,0,0,0,0,0,0,0,0,0,0,0,0,0,0,0,0,0,0,0,0,0,0,0.0000,0,32,0,0,0,0,0,0
WG_METRICS 45,256,768,2.2974,0.0242,0.0000,2.2295,0.0049,0.0389,256,768,196608,393216,88185.9062,176371.8125,0.0000,0,0.0000,0.0000,0,0.0000,0,0.0000,0.0000,0,0.0000,0.0000,0,0,0,0,0,0,0,0,0,0,0,0,0,0,0,0,0,0,0,0,0,0,0,0,0,0.0000,0,32,0,0,0,0,0,0
WG_METRICS 46,256,768,2.3116,0.0240,0.0005,2.2437,0.0048,0.0385,256,768,196608,393216,87626.2188,175252.4375,0.0000,0,0.0000,0.0000,0,0.0000,0,0.0000,0.0000,0,0.0000,0.0000,0,0,0,0,0,0,0,0,0,0,0,0,0,0,0,0,0,0,0,0,0,0,0,0,0,0.0000,0,32,0,0,0,0,0,0
WG_METRICS 47,256,768,2.3148,0.0250,0.0003,2.2458,0.0053,0.0385,256,768,196608,393216,87546.3125,175092.6250,0.0000,0,0.0000,0.0000,0,0.0000,0,0.0000,0.0000,0,0.0000,0.0000,0,0,0,0,0,0,0,0,0,0,0,0,0,0,0,0,0,0,0,0,0,0,0,0,0,0.0000,0,32,0,0,0,0,0,0
WG_METRICS 48,256,768,2.3196,0.0228,0.0012,2.2514,0.0056,0.0386,256,768,196608,393216,87326.0625,174652.1250,0.0000,0,0.0000,0.0000,0,0.0000,0,0.0000,0.0000,0,0.0000,0.0000,0,0,0,0,0,0,0,0,0,0,0,0,0,0,0,0,0,0,0,0,0,0,0,0,0,0.0000,0,32,0,0,0,0,0,0
WG_METRICS 49,256,768,2.3224,0.0250,0.0000,2.2540,0.0048,0.0386,256,768,196608,393216,87224.4062,174448.8125,0.0000,0,0.0000,0.0000,0,0.0000,0,0.0000,0.0000,0,0.0000,0.0000,0,0,0,0,0,0,0,0,0,0,0,0,0,0,0,0,0,0,0,0,0,0,0,0,0,0.0000,0,32,0,0,0,0,0,0
WG_METRICS 50,256,768,2.3188,0.0240,0.0005,2.2512,0.0049,0.0381,256,768,196608,393216,87333.5156,174667.0312,0.0000,0,0.0000,0.0000,0,0.0000,0,0.0000,0.0000,0,0.0000,0.0000,0,0,0,0,0,0,0,0,0,0,0,0,0,0,0,0,0,0,0,0,0,0,0,0,0,0.0000,0,32,0,0,0,0,0,0
WG_METRICS 51,256,768,2.3113,0.0240,0.0000,2.2429,0.0059,0.0386,256,768,196608,393216,87658.7188,175317.4375,0.0000,0,0.0000,0.0000,0,0.0000,0,0.0000,0.0000,0,0.0000,0.0000,0,0,0,0,0,0,0,0,0,0,0,0,0,0,0,0,0,0,0,0,0,0,0,0,0,0.0000,0,32,0,0,0,0,0,0
WG_METRICS 52,256,768,2.3744,0.0235,0.0011,2.3061,0.0055,0.0383,256,768,196608,393216,85256.3594,170512.7188,0.0000,0,0.0000,0.0000,0,0.0000,0,0.0000,0.0000,0,0.0000,0.0000,0,0,0,0,0,0,0,0,0,0,0,0,0,0,0,0,0,0,0,0,0,0,0,0,0,0.0000,0,32,0,0,0,0,0,0
WG_METRICS 53,256,768,2.3010,0.0243,0.0000,2.2337,0.0049,0.0381,256,768,196608,393216,88020.3984,176040.7969,0.0000,0,0.0000,0.0000,0,0.0000,0,0.0000,0.0000,0,0.0000,0.0000,0,0,0,0,0,0,0,0,0,0,0,0,0,0,0,0,0,0,0,0,0,0,0,0,0,0.0000,0,32,0,0,0,0,0,0
WG_METRICS 54,256,768,2.3179,0.0229,0.0013,2.2494,0.0054,0.0388,256,768,196608,393216,87403.0859,174806.1719,0.0000,0,0.0000,0.0000,0,0.0000,0,0.0000,0.0000,0,0.0000,0.0000,0,0,0,0,0,0,0,0,0,0,0,0,0,0,0,0,0,0,0,0,0,0,0,0,0,0.0000,0,32,0,0,0,0,0,0
WG_METRICS 55,256,768,2.3179,0.0234,0.0011,2.2493,0.0060,0.0381,256,768,196608,393216,87409.3047,174818.6094,0.0000,0,0.0000,0.0000,0,0.0000,0,0.0000,0.0000,0,0.0000,0.0000,0,0,0,0,0,0,0,0,0,0,0,0,0,0,0,0,0,0,0,0,0,0,0,0,0,0.0000,0,32,0,0,0,0,0,0
WG_METRICS 56,256,768,2.3250,0.0236,0.0000,2.2569,0.0057,0.0387,256,768,196608,393216,87114.3359,174228.6719,0.0000,0,0.0000,0.0000,0,0.0000,0,0.0000,0.0000,0,0.0000,0.0000,0,0,0,0,0,0,0,0,0,0,0,0,0,0,0,0,0,0,0,0,0,0,0,0,0,0.0000,0,32,0,0,0,0,0,0
WG_METRICS 57,256,768,2.3231,0.0235,0.0001,2.2552,0.0053,0.0389,256,768,196608,393216,87179.8516,174359.7031,0.0000,0,0.0000,0.0000,0,0.0000,0,0.0000,0.0000,0,0.0000,0.0000,0,0,0,0,0,0,0,0,0,0,0,0,0,0,0,0,0,0,0,0,0,0,0,0,0,0.0000,0,32,0,0,0,0,0,0
WG_METRICS 58,256,768,2.3084,0.0231,0.0015,2.2401,0.0049,0.0389,256,768,196608,393216,87768.9219,175537.8438,0.0000,0,0.0000,0.0000,0,0.0000,0,0.0000,0.0000,0,0.0000,0.0000,0,0,0,0,0,0,0,0,0,0,0,0,0,0,0,0,0,0,0,0,0,0,0,0,0,0.0000,0,32,0,0,0,0,0,0
WG_METRICS 59,256,768,2.3350,0.0240,0.0010,2.2659,0.0060,0.0381,256,768,196608,393216,86768.6328,173537.2656,0.0000,0,0.0000,0.0000,0,0.0000,0,0.0000,0.0000,0,0.0000,0.0000,0,0,0,0,0,0,0,0,0,0,0,0,0,0,0,0,0,0,0,0,0,0,0,0,0,0.0000,0,32,0,0,0,0,0,0
WG_METRICS 60,256,768,2.3466,0.0241,0.0000,2.2786,0.0055,0.0383,256,768,196608,393216,86284.8594,172569.7188,0.0000,0,0.0000,0.0000,0,0.0000,0,0.0000,0.0000,0,0.0000,0.0000,0,0,0,0,0,0,0,0,0,0,0,0,0,0,0,0,0,0,0,0,0,0,0,0,0,0.0000,0,32,0,0,0,0,0,0
WG_METRICS 61,256,768,2.3117,0.0244,0.0002,2.2430,0.0054,0.0387,256,768,196608,393216,87652.4688,175304.9375,0.0000,0,0.0000,0.0000,0,0.0000,0,0.0000,0.0000,0,0.0000,0.0000,0,0,0,0,0,0,0,0,0,0,0,0,0,0,0,0,0,0,0,0,0,0,0,0,0,0.0000,0,32,0,0,0,0,0,0
WG_METRICS 62,256,768,2.3243,0.0240,0.0004,2.2564,0.0049,0.0386,256,768,196608,393216,87131.6328,174263.2656,0.0000,0,0.0000,0.0000,0,0.0000,0,0.0000,0.0000,0,0.0000,0.0000,0,0,0,0,0,0,0,0,0,0,0,0,0,0,0,0,0,0,0,0,0,0,0,0,0,0.0000,0,32,0,0,0,0,0,0
WG_METRICS 63,256,768,2.3005,0.0243,0.0005,2.2322,0.0057,0.0378,256,768,196608,393216,88077.1797,176154.3594,0.0000,0,0.0000,0.0000,0,0.0000,0,0.0000,0.0000,0,0.0000,0.0000,0,0,0,0,0,0,0,0,0,0,0,0,0,0,0,0,0,0,0,0,0,0,0,0,0,0.0000,0,32,0,0,0,0,0,0
WG_METRICS 64,256,768,2.3013,0.0239,0.0000,2.2344,0.0053,0.0377,256,768,196608,393216,87992.6641,175985.3281,0.0000,0,0.0000,0.0000,0,0.0000,0,0.0000,0.0000,0,0.0000,0.0000,0,0,0,0,0,0,0,0,0,0,0,0,0,0,0,0,0,0,0,0,0,0,0,0,0,0.0000,0,32,0,0,0,0,0,0
WG_METRICS 65,256,768,2.3470,0.0249,0.0001,2.2774,0.0057,0.0389,256,768,196608,393216,86330.9375,172661.8750,0.0000,0,0.0000,0.0000,0,0.0000,0,0.0000,0.0000,0,0.0000,0.0000,0,0,0,0,0,0,0,0,0,0,0,0,0,0,0,0,0,0,0,0,0,0,0,0,0,0.0000,0,32,0,0,0,0,0,0
WG_METRICS 66,256,768,2.3010,0.0236,0.0000,2.2342,0.0048,0.0383,256,768,196608,393216,87998.9609,175997.9219,0.0000,0,0.0000,0.0000,0,0.0000,0,0.0000,0.0000,0,0.0000,0.0000,0,0,0,0,0,0,0,0,0,0,0,0,0,0,0,0,0,0,0,0,0,0,0,0,0,0.0000,0,32,0,0,0,0,0,0
WG_METRICS 67,256,768,2.3262,0.0249,0.0001,2.2566,0.0055,0.0392,256,768,196608,393216,87124.2188,174248.4375,0.0000,0,0.0000,0.0000,0,0.0000,0,0.0000,0.0000,0,0.0000,0.0000,0,0,0,0,0,0,0,0,0,0,0,0,0,0,0,0,0,0,0,0,0,0,0,0,0,0.0000,0,32,0,0,0,0,0,0
WG_METRICS 68,256,768,2.6484,0.0228,0.0000,2.5784,0.0085,0.0386,256,768,196608,393216,76250.9922,152501.9844,0.0000,0,0.0000,0.0000,0,0.0000,0,0.0000,0.0000,0,0.0000,0.0000,0,0,0,0,0,0,0,0,0,0,0,0,0,0,0,0,0,0,0,0,0,0,0,0,0,0.0000,0,32,0,0,0,0,0,0
WG_METRICS 69,256,768,2.3132,0.0247,0.0005,2.2430,0.0056,0.0393,256,768,196608,393216,87653.7266,175307.4531,0.0000,0,0.0000,0.0000,0,0.0000,0,0.0000,0.0000,0,0.0000,0.0000,0,0,0,0,0,0,0,0,0,0,0,0,0,0,0,0,0,0,0,0,0,0,0,0,0,0.0000,0,32,0,0,0,0,0,0
WG_METRICS 70,256,768,2.6382,0.0234,0.0010,2.5689,0.0049,0.0400,256,768,196608,393216,76534.9922,153069.9844,0.0000,0,0.0000,0.0000,0,0.0000,0,0.0000,0.0000,0,0.0000,0.0000,0,0,0,0,0,0,0,0,0,0,0,0,0,0,0,0,0,0,0,0,0,0,0,0,0,0.0000,0,32,0,0,0,0,0,0
WG_METRICS 71,256,768,2.2978,0.0238,0.0005,2.2265,0.0063,0.0407,256,768,196608,393216,88305.0391,176610.0781,0.0000,0,0.0000,0.0000,0,0.0000,0,0.0000,0.0000,0,0.0000,0.0000,0,0,0,0,0,0,0,0,0,0,0,0,0,0,0,0,0,0,0,0,0,0,0,0,0,0.0000,0,32,0,0,0,0,0,0
WG_METRICS 72,256,768,2.3177,0.0236,0.0004,2.2503,0.0049,0.0386,256,768,196608,393216,87368.2891,174736.5781,0.0000,0,0.0000,0.0000,0,0.0000,0,0.0000,0.0000,0,0.0000,0.0000,0,0,0,0,0,0,0,0,0,0,0,0,0,0,0,0,0,0,0,0,0,0,0,0,0,0.0000,0,32,0,0,0,0,0,0
WG_METRICS 73,256,768,2.3114,0.0237,0.0000,2.2445,0.0049,0.0382,256,768,196608,393216,87593.7344,175187.4688,0.0000,0,0.0000,0.0000,0,0.0000,0,0.0000,0.0000,0,0.0000,0.0000,0,0,0,0,0,0,0,0,0,0,0,0,0,0,0,0,0,0,0,0,0,0,0,0,0,0.0000,0,32,0,0,0,0,0,0
WG_METRICS 74,256,768,2.3068,0.0245,0.0005,2.2380,0.0057,0.0380,256,768,196608,393216,87850.5000,175701.0000,0.0000,0,0.0000,0.0000,0,0.0000,0,0.0000,0.0000,0,0.0000,0.0000,0,0,0,0,0,0,0,0,0,0,0,0,0,0,0,0,0,0,0,0,0,0,0,0,0,0.0000,0,32,0,0,0,0,0,0
WG_METRICS 75,256,768,2.3288,0.0245,0.0003,2.2589,0.0061,0.0389,256,768,196608,393216,87035.3594,174070.7188,0.0000,0,0.0000,0.0000,0,0.0000,0,0.0000,0.0000,0,0.0000,0.0000,0,0,0,0,0,0,0,0,0,0,0,0,0,0,0,0,0,0,0,0,0,0,0,0,0,0.0000,0,32,0,0,0,0,0,0
WG_METRICS 76,256,768,2.3158,0.0244,0.0005,2.2471,0.0053,0.0385,256,768,196608,393216,87492.6953,174985.3906,0.0000,0,0.0000,0.0000,0,0.0000,0,0.0000,0.0000,0,0.0000,0.0000,0,0,0,0,0,0,0,0,0,0,0,0,0,0,0,0,0,0,0,0,0,0,0,0,0,0.0000,0,32,0,0,0,0,0,0
WG_METRICS 77,256,768,2.2958,0.0226,0.0014,2.2285,0.0049,0.0384,256,768,196608,393216,88225.1562,176450.3125,0.0000,0,0.0000,0.0000,0,0.0000,0,0.0000,0.0000,0,0.0000,0.0000,0,0,0,0,0,0,0,0,0,0,0,0,0,0,0,0,0,0,0,0,0,0,0,0,0,0.0000,0,32,0,0,0,0,0,0
WG_METRICS 78,256,768,2.3128,0.0250,0.0005,2.2430,0.0062,0.0381,256,768,196608,393216,87653.7266,175307.4531,0.0000,0,0.0000,0.0000,0,0.0000,0,0.0000,0.0000,0,0.0000,0.0000,0,0,0,0,0,0,0,0,0,0,0,0,0,0,0,0,0,0,0,0,0,0,0,0,0,0.0000,0,32,0,0,0,0,0,0
WG_METRICS 79,256,768,2.3291,0.0239,0.0010,2.2595,0.0055,0.0392,256,768,196608,393216,87015.6406,174031.2812,0.0000,0,0.0000,0.0000,0,0.0000,0,0.0000,0.0000,0,0.0000,0.0000,0,0,0,0,0,0,0,0,0,0,0,0,0,0,0,0,0,0,0,0,0,0,0,0,0,0.0000,0,32,0,0,0,0,0,0
WG_METRICS 80,256,768,2.3128,0.0248,0.0004,2.2446,0.0050,0.0380,256,768,196608,393216,87591.2422,175182.4844,0.0000,0,0.0000,0.0000,0,0.0000,0,0.0000,0.0000,0,0.0000,0.0000,0,0,0,0,0,0,0,0,0,0,0,0,0,0,0,0,0,0,0,0,0,0,0,0,0,0.0000,0,32,0,0,0,0,0,0
WG_METRICS 81,256,768,2.3301,0.0240,0.0000,2.2630,0.0052,0.0378,256,768,196608,393216,86877.8281,173755.6562,0.0000,0,0.0000,0.0000,0,0.0000,0,0.0000,0.0000,0,0.0000,0.0000,0,0,0,0,0,0,0,0,0,0,0,0,0,0,0,0,0,0,0,0,0,0,0,0,0,0.0000,0,32,0,0,0,0,0,0
WG_METRICS 82,256,768,2.3410,0.0247,0.0005,2.2712,0.0060,0.0385,256,768,196608,393216,86564.4766,173128.9531,0.0000,0,0.0000,0.0000,0,0.0000,0,0.0000,0.0000,0,0.0000,0.0000,0,0,0,0,0,0,0,0,0,0,0,0,0,0,0,0,0,0,0,0,0,0,0,0,0,0.0000,0,32,0,0,0,0,0,0
WG_METRICS 83,256,768,2.3012,0.0243,0.0004,2.2323,0.0056,0.0387,256,768,196608,393216,88075.9219,176151.8438,0.0000,0,0.0000,0.0000,0,0.0000,0,0.0000,0.0000,0,0.0000,0.0000,0,0,0,0,0,0,0,0,0,0,0,0,0,0,0,0,0,0,0,0,0,0,0,0,0,0.0000,0,32,0,0,0,0,0,0
WG_METRICS 84,256,768,2.3089,0.0234,0.0012,2.2412,0.0054,0.0376,256,768,196608,393216,87722.5625,175445.1250,0.0000,0,0.0000,0.0000,0,0.0000,0,0.0000,0.0000,0,0.0000,0.0000,0,0,0,0,0,0,0,0,0,0,0,0,0,0,0,0,0,0,0,0,0,0,0,0,0,0.0000,0,32,0,0,0,0,0,0
WG_METRICS 85,256,768,2.3244,0.0243,0.0005,2.2548,0.0049,0.0399,256,768,196608,393216,87194.6953,174389.3906,0.0000,0,0.0000,0.0000,0,0.0000,0,0.0000,0.0000,0,0.0000,0.0000,0,0,0,0,0,0,0,0,0,0,0,0,0,0,0,0,0,0,0,0,0,0,0,0,0,0.0000,0,32,0,0,0,0,0,0
WG_METRICS 86,256,768,2.3115,0.0240,0.0010,2.2435,0.0057,0.0373,256,768,196608,393216,87633.7188,175267.4375,0.0000,0,0.0000,0.0000,0,0.0000,0,0.0000,0.0000,0,0.0000,0.0000,0,0,0,0,0,0,0,0,0,0,0,0,0,0,0,0,0,0,0,0,0,0,0,0,0,0.0000,0,32,0,0,0,0,0,0
WG_METRICS 87,256,768,2.3077,0.0237,0.0005,2.2385,0.0059,0.0391,256,768,196608,393216,87830.3984,175660.7969,0.0000,0,0.0000,0.0000,0,0.0000,0,0.0000,0.0000,0,0.0000,0.0000,0,0,0,0,0,0,0,0,0,0,0,0,0,0,0,0,0,0,0,0,0,0,0,0,0,0.0000,0,32,0,0,0,0,0,0
WG_METRICS 88,256,768,2.3190,0.0247,0.0005,2.2508,0.0051,0.0379,256,768,196608,393216,87352.1406,174704.2812,0.0000,0,0.0000,0.0000,0,0.0000,0,0.0000,0.0000,0,0.0000,0.0000,0,0,0,0,0,0,0,0,0,0,0,0,0,0,0,0,0,0,0,0,0,0,0,0,0,0.0000,0,32,0,0,0,0,0,0
WG_METRICS 89,256,768,2.6420,0.0244,0.0002,2.5743,0.0052,0.0378,256,768,196608,393216,76372.3125,152744.6250,0.0000,0,0.0000,0.0000,0,0.0000,0,0.0000,0.0000,0,0.0000,0.0000,0,0,0,0,0,0,0,0,0,0,0,0,0,0,0,0,0,0,0,0,0,0,0,0,0,0.0000,0,32,0,0,0,0,0,0
WG_METRICS 90,256,768,2.3015,0.0240,0.0002,2.2328,0.0060,0.0386,256,768,196608,393216,88054.4609,176108.9219,0.0000,0,0.0000,0.0000,0,0.0000,0,0.0000,0.0000,0,0.0000,0.0000,0,0,0,0,0,0,0,0,0,0,0,0,0,0,0,0,0,0,0,0,0,0,0,0,0,0.0000,0,32,0,0,0,0,0,0
WG_METRICS 91,256,768,2.3116,0.0235,0.0005,2.2444,0.0049,0.0383,256,768,196608,393216,87598.7344,175197.4688,0.0000,0,0.0000,0.0000,0,0.0000,0,0.0000,0.0000,0,0.0000,0.0000,0,0,0,0,0,0,0,0,0,0,0,0,0,0,0,0,0,0,0,0,0,0,0,0,0,0.0000,0,32,0,0,0,0,0,0
WG_METRICS 92,256,768,2.3145,0.0233,0.0000,2.2467,0.0052,0.0393,256,768,196608,393216,87511.3984,175022.7969,0.0000,0,0.0000,0.0000,0,0.0000,0,0.0000,0.0000,0,0.0000,0.0000,0,0,0,0,0,0,0,0,0,0,0,0,0,0,0,0,0,0,0,0,0,0,0,0,0,0.0000,0,32,0,0,0,0,0,0
WG_METRICS 93,256,768,2.3017,0.0243,0.0005,2.2329,0.0059,0.0381,256,768,196608,393216,88051.9375,176103.8750,0.0000,0,0.0000,0.0000,0,0.0000,0,0.0000,0.0000,0,0.0000,0.0000,0,0,0,0,0,0,0,0,0,0,0,0,0,0,0,0,0,0,0,0,0,0,0,0,0,0.0000,0,32,0,0,0,0,0,0
WG_METRICS 94,256,768,2.3143,0.0238,0.0005,2.2462,0.0055,0.0383,256,768,196608,393216,87528.8516,175057.7031,0.0000,0,0.0000,0.0000,0,0.0000,0,0.0000,0.0000,0,0.0000,0.0000,0,0,0,0,0,0,0,0,0,0,0,0,0,0,0,0,0,0,0,0,0,0,0,0,0,0.0000,0,32,0,0,0,0,0,0
WG_METRICS 95,256,768,2.3113,0.0243,0.0000,2.2443,0.0049,0.0379,256,768,196608,393216,87604.9766,175209.9531,0.0000,0,0.0000,0.0000,0,0.0000,0,0.0000,0.0000,0,0.0000,0.0000,0,0,0,0,0,0,0,0,0,0,0,0,0,0,0,0,0,0,0,0,0,0,0,0,0,0.0000,0,32,0,0,0,0,0,0
WG_METRICS 96,256,768,2.2956,0.0241,0.0003,2.2275,0.0049,0.0389,256,768,196608,393216,88265.7109,176531.4219,0.0000,0,0.0000,0.0000,0,0.0000,0,0.0000,0.0000,0,0.0000,0.0000,0,0,0,0,0,0,0,0,0,0,0,0,0,0,0,0,0,0,0,0,0,0,0,0,0,0.0000,0,32,0,0,0,0,0,0
WG_METRICS 97,256,768,2.3255,0.0247,0.0005,2.2573,0.0057,0.0373,256,768,196608,393216,87099.5156,174199.0312,0.0000,0,0.0000,0.0000,0,0.0000,0,0.0000,0.0000,0,0.0000,0.0000,0,0,0,0,0,0,0,0,0,0,0,0,0,0,0,0,0,0,0,0,0,0,0,0,0,0.0000,0,32,0,0,0,0,0,0
WG_METRICS 98,256,768,2.3392,0.0236,0.0012,2.2700,0.0058,0.0386,256,768,196608,393216,86609.6250,173219.2500,0.0000,0,0.0000,0.0000,0,0.0000,0,0.0000,0.0000,0,0.0000,0.0000,0,0,0,0,0,0,0,0,0,0,0,0,0,0,0,0,0,0,0,0,0,0,0,0,0,0.0000,0,32,0,0,0,0,0,0
WG_METRICS 99,256,768,2.3108,0.0239,0.0010,2.2430,0.0049,0.0380,256,768,196608,393216,87653.7266,175307.4531,0.0000,0,0.0000,0.0000,0,0.0000,0,0.0000,0.0000,0,0.0000,0.0000,0,0,0,0,0,0,0,0,0,0,0,0,0,0,0,0,0,0,0,0,0,0,0,0,0,0.0000,0,32,0,0,0,0,0,0
WG_METRICS 100,256,768,2.3257,0.0226,0.0014,2.2575,0.0050,0.0392,256,768,196608,393216,87089.6406,174179.2812,0.0000,0,0.0000,0.0000,0,0.0000,0,0.0000,0.0000,0,0.0000,0.0000,0,0,0,0,0,0,0,0,0,0,0,0,0,0,0,0,0,0,0,0,0,0,0,0,0,0.0000,0,32,0,0,0,0,0,0
WG_METRICS 101,256,768,2.3300,0.0240,0.0013,2.2615,0.0053,0.0379,256,768,196608,393216,86936.8359,173873.6719,0.0000,0,0.0000,0.0000,0,0.0000,0,0.0000,0.0000,0,0.0000,0.0000,0,0,0,0,0,0,0,0,0,0,0,0,0,0,0,0,0,0,0,0,0,0,0,0,0,0.0000,0,32,0,0,0,0,0,0
WG_METRICS 102,256,768,2.3168,0.0232,0.0012,2.2475,0.0059,0.0389,256,768,196608,393216,87479.0000,174958.0000,0.0000,0,0.0000,0.0000,0,0.0000,0,0.0000,0.0000,0,0.0000,0.0000,0,0,0,0,0,0,0,0,0,0,0,0,0,0,0,0,0,0,0,0,0,0,0,0,0,0.0000,0,32,0,0,0,0,0,0
WG_METRICS 103,256,768,2.3220,0.0236,0.0005,2.2548,0.0057,0.0373,256,768,196608,393216,87193.4609,174386.9219,0.0000,0,0.0000,0.0000,0,0.0000,0,0.0000,0.0000,0,0.0000,0.0000,0,0,0,0,0,0,0,0,0,0,0,0,0,0,0,0,0,0,0,0,0,0,0,0,0,0.0000,0,32,0,0,0,0,0,0
WG_METRICS 104,256,768,2.3117,0.0240,0.0001,2.2445,0.0048,0.0383,256,768,196608,393216,87594.9844,175189.9688,0.0000,0,0.0000,0.0000,0,0.0000,0,0.0000,0.0000,0,0.0000,0.0000,0,0,0,0,0,0,0,0,0,0,0,0,0,0,0,0,0,0,0,0,0,0,0,0,0,0.0000,0,32,0,0,0,0,0,0
WG_METRICS 105,256,768,2.3098,0.0241,0.0001,2.2418,0.0059,0.0379,256,768,196608,393216,87701.2656,175402.5312,0.0000,0,0.0000,0.0000,0,0.0000,0,0.0000,0.0000,0,0.0000,0.0000,0,0,0,0,0,0,0,0,0,0,0,0,0,0,0,0,0,0,0,0,0,0,0,0,0,0.0000,0,32,0,0,0,0,0,0
WG_METRICS 106,256,768,2.3636,0.0243,0.0004,2.2949,0.0057,0.0382,256,768,196608,393216,85671.2578,171342.5156,0.0000,0,0.0000,0.0000,0,0.0000,0,0.0000,0.0000,0,0.0000,0.0000,0,0,0,0,0,0,0,0,0,0,0,0,0,0,0,0,0,0,0,0,0,0,0,0,0,0.0000,0,32,0,0,0,0,0,0
WG_METRICS 107,256,768,2.2904,0.0236,0.0010,2.2227,0.0058,0.0372,256,768,196608,393216,88455.0625,176910.1250,0.0000,0,0.0000,0.0000,0,0.0000,0,0.0000,0.0000,0,0.0000,0.0000,0,0,0,0,0,0,0,0,0,0,0,0,0,0,0,0,0,0,0,0,0,0,0,0,0,0.0000,0,32,0,0,0,0,0,0
WG_METRICS 108,256,768,2.3110,0.0234,0.0000,2.2446,0.0056,0.0374,256,768,196608,393216,87591.2422,175182.4844,0.0000,0,0.0000,0.0000,0,0.0000,0,0.0000,0.0000,0,0.0000,0.0000,0,0,0,0,0,0,0,0,0,0,0,0,0,0,0,0,0,0,0,0,0,0,0,0,0,0.0000,0,32,0,0,0,0,0,0
WG_METRICS 109,256,768,2.3083,0.0243,0.0005,2.2398,0.0057,0.0379,256,768,196608,393216,87780.2109,175560.4219,0.0000,0,0.0000,0.0000,0,0.0000,0,0.0000,0.0000,0,0.0000,0.0000,0,0,0,0,0,0,0,0,0,0,0,0,0,0,0,0,0,0,0,0,0,0,0,0,0,0.0000,0,32,0,0,0,0,0,0
WG_METRICS 110,256,768,2.3329,0.0241,0.0005,2.2644,0.0054,0.0384,256,768,196608,393216,86827.4844,173654.9688,0.0000,0,0.0000,0.0000,0,0.0000,0,0.0000,0.0000,0,0.0000,0.0000,0,0,0,0,0,0,0,0,0,0,0,0,0,0,0,0,0,0,0,0,0,0,0,0,0,0.0000,0,32,0,0,0,0,0,0
WG_METRICS 111,256,768,2.3169,0.0241,0.0000,2.2501,0.0048,0.0379,256,768,196608,393216,87375.7422,174751.4844,0.0000,0,0.0000,0.0000,0,0.0000,0,0.0000,0.0000,0,0.0000,0.0000,0,0,0,0,0,0,0,0,0,0,0,0,0,0,0,0,0,0,0,0,0,0,0,0,0,0.0000,0,32,0,0,0,0,0,0
WG_METRICS 112,256,768,2.6279,0.0284,0.0005,2.5500,0.0104,0.0386,256,768,196608,393216,77101.6641,154203.3281,0.0000,0,0.0000,0.0000,0,0.0000,0,0.0000,0.0000,0,0.0000,0.0000,0,0,0,0,0,0,0,0,0,0,0,0,0,0,0,0,0,0,0,0,0,0,0,0,0,0.0000,0,32,0,0,0,0,0,0
WG_METRICS 113,256,768,2.3049,0.0246,0.0005,2.2347,0.0060,0.0391,256,768,196608,393216,87978.8047,175957.6094,0.0000,0,0.0000,0.0000,0,0.0000,0,0.0000,0.0000,0,0.0000,0.0000,0,0,0,0,0,0,0,0,0,0,0,0,0,0,0,0,0,0,0,0,0,0,0,0,0,0.0000,0,32,0,0,0,0,0,0
WG_METRICS 114,256,768,2.6314,0.0242,0.0005,2.5633,0.0047,0.0388,256,768,196608,393216,76702.2109,153404.4219,0.0000,0,0.0000,0.0000,0,0.0000,0,0.0000,0.0000,0,0.0000,0.0000,0,0,0,0,0,0,0,0,0,0,0,0,0,0,0,0,0,0,0,0,0,0,0,0,0,0.0000,0,32,0,0,0,0,0,0
WG_METRICS 115,256,768,2.3110,0.0243,0.0000,2.2422,0.0049,0.0396,256,768,196608,393216,87683.7500,175367.5000,0.0000,0,0.0000,0.0000,0,0.0000,0,0.0000,0.0000,0,0.0000,0.0000,0,0,0,0,0,0,0,0,0,0,0,0,0,0,0,0,0,0,0,0,0,0,0,0,0,0.0000,0,32,0,0,0,0,0,0
WG_METRICS 116,256,768,2.6656,0.0241,0.0010,2.5904,0.0059,0.0443,256,768,196608,393216,75898.7031,151797.4062,0.0000,0,0.0000,0.0000,0,0.0000,0,0.0000,0.0000,0,0.0000,0.0000,0,0,0,0,0,0,0,0,0,0,0,0,0,0,0,0,0,0,0,0,0,0,0,0,0,0.0000,0,32,0,0,0,0,0,0
WG_METRICS 117,256,768,2.2992,0.0240,0.0005,2.2304,0.0058,0.0385,256,768,196608,393216,88150.4766,176300.9531,0.0000,0,0.0000,0.0000,0,0.0000,0,0.0000,0.0000,0,0.0000,0.0000,0,0,0,0,0,0,0,0,0,0,0,0,0,0,0,0,0,0,0,0,0,0,0,0,0,0.0000,0,32,0,0,0,0,0,0
WG_METRICS 118,256,768,2.3027,0.0245,0.0005,2.2341,0.0052,0.0384,256,768,196608,393216,88004.0078,176008.0156,0.0000,0,0.0000,0.0000,0,0.0000,0,0.0000,0.0000,0,0.0000,0.0000,0,0,0,0,0,0,0,0,0,0,0,0,0,0,0,0,0,0,0,0,0,0,0,0,0,0.0000,0,32,0,0,0,0,0,0
WG_METRICS 119,256,768,2.3174,0.0236,0.0001,2.2499,0.0057,0.0382,256,768,196608,393216,87386.9297,174773.8594,0.0000,0,0.0000,0.0000,0,0.0000,0,0.0000,0.0000,0,0.0000,0.0000,0,0,0,0,0,0,0,0,0,0,0,0,0,0,0,0,0,0,0,0,0,0,0,0,0,0.0000,0,32,0,0,0,0,0,0
WG_METRICS 120,256,768,2.3131,0.0247,0.0005,2.2449,0.0051,0.0379,256,768,196608,393216,87581.2500,175162.5000,0.0000,0,0.0000,0.0000,0,0.0000,0,0.0000,0.0000,0,0.0000,0.0000,0,0,0,0,0,0,0,0,0,0,0,0,0,0,0,0,0,0,0,0,0,0,0,0,0,0.0000,0,32,0,0,0,0,0,0
WG_METRICS 121,256,768,2.3083,0.0230,0.0010,2.2406,0.0049,0.0388,256,768,196608,393216,87747.6094,175495.2188,0.0000,0,0.0000,0.0000,0,0.0000,0,0.0000,0.0000,0,0.0000,0.0000,0,0,0,0,0,0,0,0,0,0,0,0,0,0,0,0,0,0,0,0,0,0,0,0,0,0.0000,0,32,0,0,0,0,0,0
WG_METRICS 122,256,768,2.3163,0.0246,0.0000,2.2485,0.0053,0.0379,256,768,196608,393216,87440.3984,174880.7969,0.0000,0,0.0000,0.0000,0,0.0000,0,0.0000,0.0000,0,0.0000,0.0000,0,0,0,0,0,0,0,0,0,0,0,0,0,0,0,0,0,0,0,0,0,0,0,0,0,0.0000,0,32,0,0,0,0,0,0
WG_METRICS 123,256,768,2.3335,0.0238,0.0003,2.2646,0.0059,0.0389,256,768,196608,393216,86818.9062,173637.8125,0.0000,0,0.0000,0.0000,0,0.0000,0,0.0000,0.0000,0,0.0000,0.0000,0,0,0,0,0,0,0,0,0,0,0,0,0,0,0,0,0,0,0,0,0,0,0,0,0,0.0000,0,32,0,0,0,0,0,0
WG_METRICS 124,256,768,2.3082,0.0249,0.0005,2.2366,0.0063,0.0399,256,768,196608,393216,87904.5391,175809.0781,0.0000,0,0.0000,0.0000,0,0.0000,0,0.0000,0.0000,0,0.0000,0.0000,0,0,0,0,0,0,0,0,0,0,0,0,0,0,0,0,0,0,0,0,0,0,0,0,0,0.0000,0,32,0,0,0,0,0,0
WG_METRICS 125,256,768,2.3262,0.0243,0.0000,2.2581,0.0051,0.0387,256,768,196608,393216,87066.1953,174132.3906,0.0000,0,0.0000,0.0000,0,0.0000,0,0.0000,0.0000,0,0.0000,0.0000,0,0,0,0,0,0,0,0,0,0,0,0,0,0,0,0,0,0,0,0,0,0,0,0,0,0.0000,0,32,0,0,0,0,0,0
WG_METRICS 126,256,768,2.3001,0.0238,0.0005,2.2328,0.0056,0.0374,256,768,196608,393216,88054.4609,176108.9219,0.0000,0,0.0000,0.0000,0,0.0000,0,0.0000,0.0000,0,0.0000,0.0000,0,0,0,0,0,0,0,0,0,0,0,0,0,0,0,0,0,0,0,0,0,0,0,0,0,0.0000,0,32,0,0,0,0,0,0
WG_METRICS 127,256,768,2.3198,0.0236,0.0004,2.2518,0.0055,0.0385,256,768,196608,393216,87312.4141,174624.8281,0.0000,0,0.0000,0.0000,0,0.0000,0,0.0000,0.0000,0,0.0000,0.0000,0,0,0,0,0,0,0,0,0,0,0,0,0,0,0,0,0,0,0,0,0,0,0,0,0,0.0000,0,32,0,0,0,0,0,0
WG_METRICS 128,256,768,2.3170,0.0250,0.0005,2.2482,0.0048,0.0384,256,768,196608,393216,87450.3594,174900.7188,0.0000,0,0.0000,0.0000,0,0.0000,0,0.0000,0.0000,0,0.0000,0.0000,0,0,0,0,0,0,0,0,0,0,0,0,0,0,0,0,0,0,0,0,0,0,0,0,0,0.0000,0,32,0,0,0,0,0,0
WG_METRICS 129,256,768,2.3492,0.0242,0.0005,2.2812,0.0049,0.0384,256,768,196608,393216,86184.3984,172368.7969,0.0000,0,0.0000,0.0000,0,0.0000,0,0.0000,0.0000,0,0.0000,0.0000,0,0,0,0,0,0,0,0,0,0,0,0,0,0,0,0,0,0,0,0,0,0,0,0,0,0.0000,0,32,0,0,0,0,0,0
WG_METRICS 130,256,768,2.3309,0.0235,0.0011,2.2619,0.0062,0.0383,256,768,196608,393216,86920.8438,173841.6875,0.0000,0,0.0000,0.0000,0,0.0000,0,0.0000,0.0000,0,0.0000,0.0000,0,0,0,0,0,0,0,0,0,0,0,0,0,0,0,0,0,0,0,0,0,0,0,0,0,0.0000,0,32,0,0,0,0,0,0
WG_METRICS 131,256,768,2.3011,0.0237,0.0000,2.2343,0.0059,0.0372,256,768,196608,393216,87996.4453,175992.8906,0.0000,0,0.0000,0.0000,0,0.0000,0,0.0000,0.0000,0,0.0000,0.0000,0,0,0,0,0,0,0,0,0,0,0,0,0,0,0,0,0,0,0,0,0,0,0,0,0,0.0000,0,32,0,0,0,0,0,0
WG_METRICS 132,256,768,2.3060,0.0244,0.0001,2.2378,0.0049,0.0388,256,768,196608,393216,87859.2891,175718.5781,0.0000,0,0.0000,0.0000,0,0.0000,0,0.0000,0.0000,0,0.0000,0.0000,0,0,0,0,0,0,0,0,0,0,0,0,0,0,0,0,0,0,0,0,0,0,0,0,0,0.0000,0,32,0,0,0,0,0,0
WG_METRICS 133,256,768,2.3136,0.0237,0.0005,2.2451,0.0056,0.0386,256,768,196608,393216,87571.2656,175142.5312,0.0000,0,0.0000,0.0000,0,0.0000,0,0.0000,0.0000,0,0.0000,0.0000,0,0,0,0,0,0,0,0,0,0,0,0,0,0,0,0,0,0,0,0,0,0,0,0,0,0.0000,0,32,0,0,0,0,0,0
WG_METRICS 134,256,768,2.3090,0.0241,0.0003,2.2402,0.0055,0.0388,256,768,196608,393216,87763.9062,175527.8125,0.0000,0,0.0000,0.0000,0,0.0000,0,0.0000,0.0000,0,0.0000,0.0000,0,0,0,0,0,0,0,0,0,0,0,0,0,0,0,0,0,0,0,0,0,0,0,0,0,0.0000,0,32,0,0,0,0,0,0
WG_METRICS 135,256,768,2.3244,0.0236,0.0005,2.2566,0.0055,0.0381,256,768,196608,393216,87125.4531,174250.9062,0.0000,0,0.0000,0.0000,0,0.0000,0,0.0000,0.0000,0,0.0000,0.0000,0,0,0,0,0,0,0,0,0,0,0,0,0,0,0,0,0,0,0,0,0,0,0,0,0,0.0000,0,32,0,0,0,0,0,0
WG_METRICS 136,256,768,2.3203,0.0243,0.0005,2.2524,0.0048,0.0382,256,768,196608,393216,87287.6094,174575.2188,0.0000,0,0.0000,0.0000,0,0.0000,0,0.0000,0.0000,0,0.0000,0.0000,0,0,0,0,0,0,0,0,0,0,0,0,0,0,0,0,0,0,0,0,0,0,0,0,0,0.0000,0,32,0,0,0,0,0,0
WG_METRICS 137,256,768,2.2941,0.0242,0.0005,2.2261,0.0049,0.0385,256,768,196608,393216,88320.2812,176640.5625,0.0000,0,0.0000,0.0000,0,0.0000,0,0.0000,0.0000,0,0.0000,0.0000,0,0,0,0,0,0,0,0,0,0,0,0,0,0,0,0,0,0,0,0,0,0,0,0,0,0.0000,0,32,0,0,0,0,0,0
WG_METRICS 138,256,768,2.3152,0.0235,0.0010,2.2468,0.0054,0.0385,256,768,196608,393216,87507.6562,175015.3125,0.0000,0,0.0000,0.0000,0,0.0000,0,0.0000,0.0000,0,0.0000,0.0000,0,0,0,0,0,0,0,0,0,0,0,0,0,0,0,0,0,0,0,0,0,0,0,0,0,0.0000,0,32,0,0,0,0,0,0
WG_METRICS 139,256,768,2.6438,0.0244,0.0000,2.5738,0.0079,0.0378,256,768,196608,393216,76389.4062,152778.8125,0.0000,0,0.0000,0.0000,0,0.0000,0,0.0000,0.0000,0,0.0000,0.0000,0,0,0,0,0,0,0,0,0,0,0,0,0,0,0,0,0,0,0,0,0,0,0,0,0,0.0000,0,32,0,0,0,0,0,0
WG_METRICS 140,256,768,2.3069,0.0235,0.0005,2.2395,0.0048,0.0386,256,768,196608,393216,87790.2344,175580.4688,0.0000,0,0.0000,0.0000,0,0.0000,0,0.0000,0.0000,0,0.0000,0.0000,0,0,0,0,0,0,0,0,0,0,0,0,0,0,0,0,0,0,0,0,0,0,0,0,0,0.0000,0,32,0,0,0,0,0,0
WG_METRICS 141,256,768,2.6264,0.0234,0.0011,2.5586,0.0049,0.0384,256,768,196608,393216,76842.2578,153684.5156,0.0000,0,0.0000,0.0000,0,0.0000,0,0.0000,0.0000,0,0.0000,0.0000,0,0,0,0,0,0,0,0,0,0,0,0,0,0,0,0,0,0,0,0,0,0,0,0,0,0.0000,0,32,0,0,0,0,0,0
WG_METRICS 142,256,768,2.3004,0.0230,0.0014,2.2322,0.0055,0.0382,256,768,196608,393216,88078.4453,176156.8906,0.0000,0,0.0000,0.0000,0,0.0000,0,0.0000,0.0000,0,0.0000,0.0000,0,0,0,0,0,0,0,0,0,0,0,0,0,0,0,0,0,0,0,0,0,0,0,0,0,0.0000,0,32,0,0,0,0,0,0
WG_METRICS 143,256,768,2.6280,0.0246,0.0003,2.5597,0.0056,0.0377,256,768,196608,393216,76807.6875,153615.3750,0.0000,0,0.0000,0.0000,0,0.0000,0,0.0000,0.0000,0,0.0000,0.0000,0,0,0,0,0,0,0,0,0,0,0,0,0,0,0,0,0,0,0,0,0,0,0,0,0,0.0000,0,32,0,0,0,0,0,0
WG_METRICS 144,256,768,2.3212,0.0238,0.0010,2.2518,0.0055,0.0391,256,768,196608,393216,87312.4141,174624.8281,0.0000,0,0.0000,0.0000,0,0.0000,0,0.0000,0.0000,0,0.0000,0.0000,0,0,0,0,0,0,0,0,0,0,0,0,0,0,0,0,0,0,0,0,0,0,0,0,0,0.0000,0,32,0,0,0,0,0,0
WG_METRICS 145,256,768,2.2950,0.0240,0.0010,2.2269,0.0057,0.0373,256,768,196608,393216,88287.2812,176574.5625,0.0000,0,0.0000,0.0000,0,0.0000,0,0.0000,0.0000,0,0.0000,0.0000,0,0,0,0,0,0,0,0,0,0,0,0,0,0,0,0,0,0,0,0,0,0,0,0,0,0.0000,0,32,0,0,0,0,0,0
WG_METRICS 146,256,768,2.3045,0.0231,0.0000,2.2382,0.0056,0.0377,256,768,196608,393216,87842.9531,175685.9062,0.0000,0,0.0000,0.0000,0,0.0000,0,0.0000,0.0000,0,0.0000,0.0000,0,0,0,0,0,0,0,0,0,0,0,0,0,0,0,0,0,0,0,0,0,0,0,0,0,0.0000,0,32,0,0,0,0,0,0
WG_METRICS 147,256,768,2.3221,0.0243,0.0012,2.2540,0.0054,0.0372,256,768,196608,393216,87224.4062,174448.8125,0.0000,0,0.0000,0.0000,0,0.0000,0,0.0000,0.0000,0,0.0000,0.0000,0,0,0,0,0,0,0,0,0,0,0,0,0,0,0,0,0,0,0,0,0,0,0,0,0,0.0000,0,32,0,0,0,0,0,0
WG_METRICS 148,256,768,2.3280,0.0240,0.0000,2.2610,0.0055,0.0375,256,768,196608,393216,86956.5234,173913.0469,0.0000,0,0.0000,0.0000,0,0.0000,0,0.0000,0.0000,0,0.0000,0.0000,0,0,0,0,0,0,0,0,0,0,0,0,0,0,0,0,0,0,0,0,0,0,0,0,0,0.0000,0,32,0,0,0,0,0,0
WG_METRICS 149,256,768,2.3141,0.0246,0.0004,2.2446,0.0059,0.0386,256,768,196608,393216,87591.2422,175182.4844,0.0000,0,0.0000,0.0000,0,0.0000,0,0.0000,0.0000,0,0.0000,0.0000,0,0,0,0,0,0,0,0,0,0,0,0,0,0,0,0,0,0,0,0,0,0,0,0,0,0.0000,0,32,0,0,0,0,0,0
WG_METRICS 150,256,768,2.2939,0.0231,0.0011,2.2262,0.0056,0.0380,256,768,196608,393216,88316.4688,176632.9375,0.0000,0,0.0000,0.0000,0,0.0000,0,0.0000,0.0000,0,0.0000,0.0000,0,0,0,0,0,0,0,0,0,0,0,0,0,0,0,0,0,0,0,0,0,0,0,0,0,0.0000,0,32,0,0,0,0,0,0
WG_METRICS 151,256,768,2.2991,0.0244,0.0010,2.2295,0.0054,0.0388,256,768,196608,393216,88185.9062,176371.8125,0.0000,0,0.0000,0.0000,0,0.0000,0,0.0000,0.0000,0,0.0000,0.0000,0,0,0,0,0,0,0,0,0,0,0,0,0,0,0,0,0,0,0,0,0,0,0,0,0,0.0000,0,32,0,0,0,0,0,0
WG_METRICS 152,256,768,2.3075,0.0237,0.0005,2.2402,0.0048,0.0383,256,768,196608,393216,87762.6562,175525.3125,0.0000,0,0.0000,0.0000,0,0.0000,0,0.0000,0.0000,0,0.0000,0.0000,0,0,0,0,0,0,0,0,0,0,0,0,0,0,0,0,0,0,0,0,0,0,0,0,0,0.0000,0,32,0,0,0,0,0,0
WG_METRICS 153,256,768,2.3267,0.0237,0.0014,2.2575,0.0058,0.0382,256,768,196608,393216,87089.6406,174179.2812,0.0000,0,0.0000,0.0000,0,0.0000,0,0.0000,0.0000,0,0.0000,0.0000,0,0,0,0,0,0,0,0,0,0,0,0,0,0,0,0,0,0,0,0,0,0,0,0,0,0.0000,0,32,0,0,0,0,0,0
WG_METRICS 154,256,768,2.3156,0.0239,0.0000,2.2486,0.0055,0.0376,256,768,196608,393216,87434.1797,174868.3594,0.0000,0,0.0000,0.0000,0,0.0000,0,0.0000,0.0000,0,0.0000,0.0000,0,0,0,0,0,0,0,0,0,0,0,0,0,0,0,0,0,0,0,0,0,0,0,0,0,0.0000,0,32,0,0,0,0,0,0
WG_METRICS 155,256,768,2.3069,0.0240,0.0010,2.2389,0.0049,0.0381,256,768,196608,393216,87815.3359,175630.6719,0.0000,0,0.0000,0.0000,0,0.0000,0,0.0000,0.0000,0,0.0000,0.0000,0,0,0,0,0,0,0,0,0,0,0,0,0,0,0,0,0,0,0,0,0,0,0,0,0,0.0000,0,32,0,0,0,0,0,0
WG_METRICS 156,256,768,2.3084,0.0247,0.0005,2.2389,0.0052,0.0390,256,768,196608,393216,87814.0781,175628.1562,0.0000,0,0.0000,0.0000,0,0.0000,0,0.0000,0.0000,0,0.0000,0.0000,0,0,0,0,0,0,0,0,0,0,0,0,0,0,0,0,0,0,0,0,0,0,0,0,0,0.0000,0,32,0,0,0,0,0,0
WG_METRICS 157,256,768,2.3257,0.0246,0.0000,2.2567,0.0052,0.0392,256,768,196608,393216,87122.9922,174245.9844,0.0000,0,0.0000,0.0000,0,0.0000,0,0.0000,0.0000,0,0.0000,0.0000,0,0,0,0,0,0,0,0,0,0,0,0,0,0,0,0,0,0,0,0,0,0,0,0,0,0.0000,0,32,0,0,0,0,0,0
WG_METRICS 158,256,768,2.6053,0.0244,0.0004,2.5288,0.0056,0.0460,256,768,196608,393216,77747.5469,155495.0938,0.0000,0,0.0000,0.0000,0,0.0000,0,0.0000,0.0000,0,0.0000,0.0000,0,0,0,0,0,0,0,0,0,0,0,0,0,0,0,0,0,0,0,0,0,0,0,0,0,0.0000,0,32,0,0,0,0,0,0
WG_METRICS 159,256,768,2.6196,0.0252,0.0002,2.5436,0.0056,0.0449,256,768,196608,393216,77293.7109,154587.4219,0.0000,0,0.0000,0.0000,0,0.0000,0,0.0000,0.0000,0,0.0000,0.0000,0,0,0,0,0,0,0,0,0,0,0,0,0,0,0,0,0,0,0,0,0,0,0,0,0,0.0000,0,32,0,0,0,0,0,0
WG_METRICS 160,256,768,3.0143,0.0244,0.0003,2.9387,0.0048,0.0461,256,768,196608,393216,66904.0547,133808.1094,0.0000,0,0.0000,0.0000,0,0.0000,0,0.0000,0.0000,0,0.0000,0.0000,0,0,0,0,0,0,0,0,0,0,0,0,0,0,0,0,0,0,0,0,0,0,0,0,0,0.0000,0,32,0,0,0,0,0,0
WG_METRICS 161,256,768,2.6244,0.0239,0.0011,2.5483,0.0054,0.0458,256,768,196608,393216,77153.9453,154307.8906,0.0000,0,0.0000,0.0000,0,0.0000,0,0.0000,0.0000,0,0.0000,0.0000,0,0,0,0,0,0,0,0,0,0,0,0,0,0,0,0,0,0,0,0,0,0,0,0,0,0.0000,0,32,0,0,0,0,0,0
WG_METRICS 162,256,768,2.6393,0.0239,0.0000,2.5641,0.0051,0.0461,256,768,196608,393216,76677.3203,153354.6406,0.0000,0,0.0000,0.0000,0,0.0000,0,0.0000,0.0000,0,0.0000,0.0000,0,0,0,0,0,0,0,0,0,0,0,0,0,0,0,0,0,0,0,0,0,0,0,0,0,0.0000,0,32,0,0,0,0,0,0
WG_METRICS 163,256,768,2.6306,0.0235,0.0006,2.5546,0.0059,0.0460,256,768,196608,393216,76962.5859,153925.1719,0.0000,0,0.0000,0.0000,0,0.0000,0,0.0000,0.0000,0,0.0000,0.0000,0,0,0,0,0,0,0,0,0,0,0,0,0,0,0,0,0,0,0,0,0,0,0,0,0,0.0000,0,32,0,0,0,0,0,0
WG_METRICS 164,256,768,2.6443,0.0252,0.0002,2.5676,0.0055,0.0458,256,768,196608,393216,76574.1016,153148.2031,0.0000,0,0.0000,0.0000,0,0.0000,0,0.0000,0.0000,0,0.0000,0.0000,0,0,0,0,0,0,0,0,0,0,0,0,0,0,0,0,0,0,0,0,0,0,0,0,0,0.0000,0,32,0,0,0,0,0,0
WG_METRICS 165,256,768,2.6286,0.0236,0.0000,2.5539,0.0056,0.0456,256,768,196608,393216,76983.7969,153967.5938,0.0000,0,0.0000,0.0000,0,0.0000,0,0.0000,0.0000,0,0.0000,0.0000,0,0,0,0,0,0,0,0,0,0,0,0,0,0,0,0,0,0,0,0,0,0,0,0,0,0.0000,0,32,0,0,0,0,0,0
WG_METRICS 166,256,768,2.6297,0.0248,0.0004,2.5539,0.0059,0.0447,256,768,196608,393216,76984.7656,153969.5312,0.0000,0,0.0000,0.0000,0,0.0000,0,0.0000,0.0000,0,0.0000,0.0000,0,0,0,0,0,0,0,0,0,0,0,0,0,0,0,0,0,0,0,0,0,0,0,0,0,0.0000,0,32,0,0,0,0,0,0
WG_METRICS 167,256,768,2.6310,0.0228,0.0015,2.5561,0.0050,0.0455,256,768,196608,393216,76917.2969,153834.5938,0.0000,0,0.0000,0.0000,0,0.0000,0,0.0000,0.0000,0,0.0000,0.0000,0,0,0,0,0,0,0,0,0,0,0,0,0,0,0,0,0,0,0,0,0,0,0,0,0,0.0000,0,32,0,0,0,0,0,0
WG_METRICS 168,256,768,2.6218,0.0250,0.0000,2.5457,0.0059,0.0453,256,768,196608,393216,77232.5000,154465.0000,0.0000,0,0.0000,0.0000,0,0.0000,0,0.0000,0.0000,0,0.0000,0.0000,0,0,0,0,0,0,0,0,0,0,0,0,0,0,0,0,0,0,0,0,0,0,0,0,0,0.0000,0,32,0,0,0,0,0,0
WG_METRICS 169,256,768,2.6405,0.0246,0.0006,2.5641,0.0064,0.0448,256,768,196608,393216,76676.3594,153352.7188,0.0000,0,0.0000,0.0000,0,0.0000,0,0.0000,0.0000,0,0.0000,0.0000,0,0,0,0,0,0,0,0,0,0,0,0,0,0,0,0,0,0,0,0,0,0,0,0,0,0.0000,0,32,0,0,0,0,0,0
WG_METRICS 170,256,768,2.6200,0.0253,0.0005,2.5429,0.0060,0.0453,256,768,196608,393216,77317.0547,154634.1094,0.0000,0,0.0000,0.0000,0,0.0000,0,0.0000,0.0000,0,0.0000,0.0000,0,0,0,0,0,0,0,0,0,0,0,0,0,0,0,0,0,0,0,0,0,0,0,0,0,0.0000,0,32,0,0,0,0,0,0
WG_METRICS 171,256,768,2.6175,0.0244,0.0004,2.5412,0.0051,0.0465,256,768,196608,393216,77368.6641,154737.3281,0.0000,0,0.0000,0.0000,0,0.0000,0,0.0000,0.0000,0,0.0000,0.0000,0,0,0,0,0,0,0,0,0,0,0,0,0,0,0,0,0,0,0,0,0,0,0,0,0,0.0000,0,32,0,0,0,0,0,0
WG_METRICS 172,256,768,2.9838,0.0245,0.0011,2.9082,0.0049,0.0452,256,768,196608,393216,67604.1406,135208.2812,0.0000,0,0.0000,0.0000,0,0.0000,0,0.0000,0.0000,0,0.0000,0.0000,0,0,0,0,0,0,0,0,0,0,0,0,0,0,0,0,0,0,0,0,0,0,0,0,0,0.0000,0,32,0,0,0,0,0,0
WG_METRICS 173,256,768,2.6170,0.0235,0.0006,2.5417,0.0059,0.0453,256,768,196608,393216,77352.1016,154704.2031,0.0000,0,0.0000,0.0000,0,0.0000,0,0.0000,0.0000,0,0.0000,0.0000,0,0,0,0,0,0,0,0,0,0,0,0,0,0,0,0,0,0,0,0,0,0,0,0,0,0.0000,0,32,0,0,0,0,0,0
WG_METRICS 174,256,768,2.9940,0.0249,0.0000,2.9182,0.0055,0.0454,256,768,196608,393216,67373.5938,134747.1875,0.0000,0,0.0000,0.0000,0,0.0000,0,0.0000,0.0000,0,0.0000,0.0000,0,0,0,0,0,0,0,0,0,0,0,0,0,0,0,0,0,0,0,0,0,0,0,0,0,0.0000,0,32,0,0,0,0,0,0
WG_METRICS 175,256,768,2.6344,0.0249,0.0006,2.5580,0.0059,0.0451,256,768,196608,393216,76859.5625,153719.1250,0.0000,0,0.0000,0.0000,0,0.0000,0,0.0000,0.0000,0,0.0000,0.0000,0,0,0,0,0,0,0,0,0,0,0,0,0,0,0,0,0,0,0,0,0,0,0,0,0,0.0000,0,32,0,0,0,0,0,0
WG_METRICS 176,256,768,2.6282,0.0231,0.0013,2.5542,0.0050,0.0446,256,768,196608,393216,76975.1172,153950.2344,0.0000,0,0.0000,0.0000,0,0.0000,0,0.0000,0.0000,0,0.0000,0.0000,0,0,0,0,0,0,0,0,0,0,0,0,0,0,0,0,0,0,0,0,0,0,0,0,0,0.0000,0,32,0,0,0,0,0,0
WG_METRICS 177,256,768,2.6271,0.0246,0.0002,2.5502,0.0062,0.0459,256,768,196608,393216,77095.8594,154191.7188,0.0000,0,0.0000,0.0000,0,0.0000,0,0.0000,0.0000,0,0.0000,0.0000,0,0,0,0,0,0,0,0,0,0,0,0,0,0,0,0,0,0,0,0,0,0,0,0,0,0.0000,0,32,0,0,0,0,0,0
WG_METRICS 178,256,768,2.6222,0.0254,0.0005,2.5458,0.0058,0.0447,256,768,196608,393216,77229.5938,154459.1875,0.0000,0,0.0000,0.0000,0,0.0000,0,0.0000,0.0000,0,0.0000,0.0000,0,0,0,0,0,0,0,0,0,0,0,0,0,0,0,0,0,0,0,0,0,0,0,0,0,0.0000,0,32,0,0,0,0,0,0
WG_METRICS 179,256,768,2.6063,0.0238,0.0005,2.5300,0.0056,0.0463,256,768,196608,393216,77710.1797,155420.3594,0.0000,0,0.0000,0.0000,0,0.0000,0,0.0000,0.0000,0,0.0000,0.0000,0,0,0,0,0,0,0,0,0,0,0,0,0,0,0,0,0,0,0,0,0,0,0,0,0,0.0000,0,32,0,0,0,0,0,0
WG_METRICS 180,256,768,2.6258,0.0248,0.0011,2.5498,0.0051,0.0450,256,768,196608,393216,77106.5000,154213.0000,0.0000,0,0.0000,0.0000,0,0.0000,0,0.0000,0.0000,0,0.0000,0.0000,0,0,0,0,0,0,0,0,0,0,0,0,0,0,0,0,0,0,0,0,0,0,0,0,0,0.0000,0,32,0,0,0,0,0,0
WG_METRICS 181,256,768,2.6531,0.0235,0.0003,2.5780,0.0057,0.0456,256,768,196608,393216,76264.2422,152528.4844,0.0000,0,0.0000,0.0000,0,0.0000,0,0.0000,0.0000,0,0.0000,0.0000,0,0,0,0,0,0,0,0,0,0,0,0,0,0,0,0,0,0,0,0,0,0,0,0,0,0.0000,0,32,0,0,0,0,0,0
WG_METRICS 182,256,768,2.6719,0.0249,0.0011,2.5950,0.0058,0.0451,256,768,196608,393216,75763.9297,151527.8594,0.0000,0,0.0000,0.0000,0,0.0000,0,0.0000,0.0000,0,0.0000,0.0000,0,0,0,0,0,0,0,0,0,0,0,0,0,0,0,0,0,0,0,0,0,0,0,0,0,0.0000,0,32,0,0,0,0,0,0
WG_METRICS 183,256,768,2.6338,0.0244,0.0003,2.5579,0.0053,0.0459,256,768,196608,393216,76863.4141,153726.8281,0.0000,0,0.0000,0.0000,0,0.0000,0,0.0000,0.0000,0,0.0000,0.0000,0,0,0,0,0,0,0,0,0,0,0,0,0,0,0,0,0,0,0,0,0,0,0,0,0,0.0000,0,32,0,0,0,0,0,0
WG_METRICS 184,256,768,2.6456,0.0246,0.0001,2.5702,0.0055,0.0451,256,768,196608,393216,76494.0234,152988.0469,0.0000,0,0.0000,0.0000,0,0.0000,0,0.0000,0.0000,0,0.0000,0.0000,0,0,0,0,0,0,0,0,0,0,0,0,0,0,0,0,0,0,0,0,0,0,0,0,0,0.0000,0,32,0,0,0,0,0,0
WG_METRICS 185,256,768,2.6559,0.0245,0.0001,2.5786,0.0061,0.0466,256,768,196608,393216,76245.3125,152490.6250,0.0000,0,0.0000,0.0000,0,0.0000,0,0.0000,0.0000,0,0.0000,0.0000,0,0,0,0,0,0,0,0,0,0,0,0,0,0,0,0,0,0,0,0,0,0,0,0,0,0.0000,0,32,0,0,0,0,0,0
WG_METRICS 186,256,768,2.6591,0.0250,0.0004,2.5822,0.0057,0.0459,256,768,196608,393216,76140.4375,152280.8750,0.0000,0,0.0000,0.0000,0,0.0000,0,0.0000,0.0000,0,0.0000,0.0000,0,0,0,0,0,0,0,0,0,0,0,0,0,0,0,0,0,0,0,0,0,0,0,0,0,0.0000,0,32,0,0,0,0,0,0
WG_METRICS 187,256,768,2.6701,0.0247,0.0001,2.5943,0.0050,0.0459,256,768,196608,393216,75783.5547,151567.1094,0.0000,0,0.0000,0.0000,0,0.0000,0,0.0000,0.0000,0,0.0000,0.0000,0,0,0,0,0,0,0,0,0,0,0,0,0,0,0,0,0,0,0,0,0,0,0,0,0,0.0000,0,32,0,0,0,0,0,0
WG_METRICS 188,256,768,2.6514,0.0243,0.0000,2.5764,0.0055,0.0452,256,768,196608,393216,76311.6016,152623.2031,0.0000,0,0.0000,0.0000,0,0.0000,0,0.0000,0.0000,0,0.0000,0.0000,0,0,0,0,0,0,0,0,0,0,0,0,0,0,0,0,0,0,0,0,0,0,0,0,0,0.0000,0,32,0,0,0,0,0,0
WG_METRICS 189,256,768,2.6390,0.0238,0.0000,2.5637,0.0057,0.0458,256,768,196608,393216,76687.8438,153375.6875,0.0000,0,0.0000,0.0000,0,0.0000,0,0.0000,0.0000,0,0.0000,0.0000,0,0,0,0,0,0,0,0,0,0,0,0,0,0,0,0,0,0,0,0,0,0,0,0,0,0.0000,0,32,0,0,0,0,0,0
WG_METRICS 190,256,768,2.6568,0.0252,0.0000,2.5805,0.0057,0.0454,256,768,196608,393216,76190.4766,152380.9531,0.0000,0,0.0000,0.0000,0,0.0000,0,0.0000,0.0000,0,0.0000,0.0000,0,0,0,0,0,0,0,0,0,0,0,0,0,0,0,0,0,0,0,0,0,0,0,0,0,0.0000,0,32,0,0,0,0,0,0
WG_METRICS 191,256,768,2.6449,0.0242,0.0000,2.5682,0.0058,0.0468,256,768,196608,393216,76555.0234,153110.0469,0.0000,0,0.0000,0.0000,0,0.0000,0,0.0000,0.0000,0,0.0000,0.0000,0,0,0,0,0,0,0,0,0,0,0,0,0,0,0,0,0,0,0,0,0,0,0,0,0,0.0000,0,32,0,0,0,0,0,0
WG_METRICS 192,256,768,2.6365,0.0245,0.0011,2.5603,0.0051,0.0456,256,768,196608,393216,76792.3203,153584.6406,0.0000,0,0.0000,0.0000,0,0.0000,0,0.0000,0.0000,0,0.0000,0.0000,0,0,0,0,0,0,0,0,0,0,0,0,0,0,0,0,0,0,0,0,0,0,0,0,0,0.0000,0,32,0,0,0,0,0,0
WG_METRICS 193,256,768,2.6380,0.0238,0.0006,2.5593,0.0056,0.0486,256,768,196608,393216,76820.1641,153640.3281,0.0000,0,0.0000,0.0000,0,0.0000,0,0.0000,0.0000,0,0.0000,0.0000,0,0,0,0,0,0,0,0,0,0,0,0,0,0,0,0,0,0,0,0,0,0,0,0,0,0.0000,0,32,0,0,0,0,0,0
WG_METRICS 194,256,768,2.6647,0.0249,0.0004,2.5880,0.0059,0.0455,256,768,196608,393216,75968.1484,151936.2969,0.0000,0,0.0000,0.0000,0,0.0000,0,0.0000,0.0000,0,0.0000,0.0000,0,0,0,0,0,0,0,0,0,0,0,0,0,0,0,0,0,0,0,0,0,0,0,0,0,0.0000,0,32,0,0,0,0,0,0
WG_METRICS 195,256,768,2.6407,0.0241,0.0002,2.5653,0.0051,0.0460,256,768,196608,393216,76640.9766,153281.9531,0.0000,0,0.0000,0.0000,0,0.0000,0,0.0000,0.0000,0,0.0000,0.0000,0,0,0,0,0,0,0,0,0,0,0,0,0,0,0,0,0,0,0,0,0,0,0,0,0,0.0000,0,32,0,0,0,0,0,0
WG_METRICS 196,256,768,2.6572,0.0251,0.0006,2.5805,0.0055,0.0456,256,768,196608,393216,76190.4766,152380.9531,0.0000,0,0.0000,0.0000,0,0.0000,0,0.0000,0.0000,0,0.0000,0.0000,0,0,0,0,0,0,0,0,0,0,0,0,0,0,0,0,0,0,0,0,0,0,0,0,0,0.0000,0,32,0,0,0,0,0,0
WG_METRICS 197,256,768,3.0272,0.0251,0.0006,2.9492,0.0058,0.0466,256,768,196608,393216,66665.9453,133331.8906,0.0000,0,0.0000,0.0000,0,0.0000,0,0.0000,0.0000,0,0.0000,0.0000,0,0,0,0,0,0,0,0,0,0,0,0,0,0,0,0,0,0,0,0,0,0,0,0,0,0.0000,0,32,0,0,0,0,0,0
WG_METRICS 198,256,768,2.6668,0.0237,0.0011,2.5908,0.0050,0.0461,256,768,196608,393216,75885.5781,151771.1562,0.0000,0,0.0000,0.0000,0,0.0000,0,0.0000,0.0000,0,0.0000,0.0000,0,0,0,0,0,0,0,0,0,0,0,0,0,0,0,0,0,0,0,0,0,0,0,0,0,0.0000,0,32,0,0,0,0,0,0
WG_METRICS 199,256,768,3.0127,0.0245,0.0002,2.9359,0.0058,0.0464,256,768,196608,393216,66966.7656,133933.5312,0.0000,0,0.0000,0.0000,0,0.0000,0,0.0000,0.0000,0,0.0000,0.0000,0,0,0,0,0,0,0,0,0,0,0,0,0,0,0,0,0,0,0,0,0,0,0,0,0,0.0000,0,32,0,0,0,0,0,0
WG_METRICS 200,256,768,2.6444,0.0230,0.0011,2.5685,0.0055,0.0463,256,768,196608,393216,76545.4844,153090.9688,0.0000,0,0.0000,0.0000,0,0.0000,0,0.0000,0.0000,0,0.0000,0.0000,0,0,0,0,0,0,0,0,0,0,0,0,0,0,0,0,0,0,0,0,0,0,0,0,0,0.0000,0,32,0,0,0,0,0,0
WG_METRICS 201,256,768,3.0276,0.0250,0.0003,2.9512,0.0055,0.0457,256,768,196608,393216,66620.3984,133240.7969,0.0000,0,0.0000,0.0000,0,0.0000,0,0.0000,0.0000,0,0.0000,0.0000,0,0,0,0,0,0,0,0,0,0,0,0,0,0,0,0,0,0,0,0,0,0,0,0,0,0.0000,0,32,0,0,0,0,0,0
WG_METRICS 202,256,768,2.6334,0.0239,0.0004,2.5590,0.0050,0.0451,256,768,196608,393216,76829.7734,153659.5469,0.0000,0,0.0000,0.0000,0,0.0000,0,0.0000,0.0000,0,0.0000,0.0000,0,0,0,0,0,0,0,0,0,0,0,0,0,0,0,0,0,0,0,0,0,0,0,0,0,0.0000,0,32,0,0,0,0,0,0
WG_METRICS 203,256,768,2.6599,0.0252,0.0006,2.5827,0.0057,0.0457,256,768,196608,393216,76125.3359,152250.6719,0.0000,0,0.0000,0.0000,0,0.0000,0,0.0000,0.0000,0,0.0000,0.0000,0,0,0,0,0,0,0,0,0,0,0,0,0,0,0,0,0,0,0,0,0,0,0,0,0,0.0000,0,32,0,0,0,0,0,0
WG_METRICS 204,256,768,2.6474,0.0239,0.0011,2.5712,0.0060,0.0452,256,768,196608,393216,76466.4141,152932.8281,0.0000,0,0.0000,0.0000,0,0.0000,0,0.0000,0.0000,0,0.0000,0.0000,0,0,0,0,0,0,0,0,0,0,0,0,0,0,0,0,0,0,0,0,0,0,0,0,0,0.0000,0,32,0,0,0,0,0,0
WG_METRICS 205,256,768,2.6449,0.0247,0.0006,2.5704,0.0050,0.0442,256,768,196608,393216,76490.2109,152980.4219,0.0000,0,0.0000,0.0000,0,0.0000,0,0.0000,0.0000,0,0.0000,0.0000,0,0,0,0,0,0,0,0,0,0,0,0,0,0,0,0,0,0,0,0,0,0,0,0,0,0.0000,0,32,0,0,0,0,0,0
WG_METRICS 206,256,768,2.6209,0.0241,0.0006,2.5448,0.0050,0.0465,256,768,196608,393216,77259.6953,154519.3906,0.0000,0,0.0000,0.0000,0,0.0000,0,0.0000,0.0000,0,0.0000,0.0000,0,0,0,0,0,0,0,0,0,0,0,0,0,0,0,0,0,0,0,0,0,0,0,0,0,0.0000,0,32,0,0,0,0,0,0
WG_METRICS 207,256,768,2.6526,0.0247,0.0009,2.5744,0.0067,0.0460,256,768,196608,393216,76369.4688,152738.9375,0.0000,0,0.0000,0.0000,0,0.0000,0,0.0000,0.0000,0,0.0000,0.0000,0,0,0,0,0,0,0,0,0,0,0,0,0,0,0,0,0,0,0,0,0,0,0,0,0,0.0000,0,32,0,0,0,0,0,0
WG_METRICS 208,256,768,2.6676,0.0249,0.0006,2.5905,0.0057,0.0460,256,768,196608,393216,75896.8281,151793.6562,0.0000,0,0.0000,0.0000,0,0.0000,0,0.0000,0.0000,0,0.0000,0.0000,0,0,0,0,0,0,0,0,0,0,0,0,0,0,0,0,0,0,0,0,0,0,0,0,0,0.0000,0,32,0,0,0,0,0,0
WG_METRICS 209,256,768,2.6743,0.0246,0.0011,2.5986,0.0051,0.0449,256,768,196608,393216,75658.5000,151317.0000,0.0000,0,0.0000,0.0000,0,0.0000,0,0.0000,0.0000,0,0.0000,0.0000,0,0,0,0,0,0,0,0,0,0,0,0,0,0,0,0,0,0,0,0,0,0,0,0,0,0.0000,0,32,0,0,0,0,0,0
WG_METRICS 210,256,768,2.6694,0.0234,0.0015,2.5933,0.0053,0.0459,256,768,196608,393216,75813.4766,151626.9531,0.0000,0,0.0000,0.0000,0,0.0000,0,0.0000,0.0000,0,0.0000,0.0000,0,0,0,0,0,0,0,0,0,0,0,0,0,0,0,0,0,0,0,0,0,0,0,0,0,0.0000,0,32,0,0,0,0,0,0
WG_METRICS 211,256,768,2.6781,0.0244,0.0011,2.5994,0.0062,0.0470,256,768,196608,393216,75635.2188,151270.4375,0.0000,0,0.0000,0.0000,0,0.0000,0,0.0000,0.0000,0,0.0000,0.0000,0,0,0,0,0,0,0,0,0,0,0,0,0,0,0,0,0,0,0,0,0,0,0,0,0,0.0000,0,32,0,0,0,0,0,0
WG_METRICS 212,256,768,2.6492,0.0237,0.0012,2.5724,0.0057,0.0463,256,768,196608,393216,76431.2188,152862.4375,0.0000,0,0.0000,0.0000,0,0.0000,0,0.0000,0.0000,0,0.0000,0.0000,0,0,0,0,0,0,0,0,0,0,0,0,0,0,0,0,0,0,0,0,0,0,0,0,0,0.0000,0,32,0,0,0,0,0,0
WG_METRICS 213,256,768,2.6759,0.0244,0.0000,2.5993,0.0056,0.0466,256,768,196608,393216,75638.9375,151277.8750,0.0000,0,0.0000,0.0000,0,0.0000,0,0.0000,0.0000,0,0.0000,0.0000,0,0,0,0,0,0,0,0,0,0,0,0,0,0,0,0,0,0,0,0,0,0,0,0,0,0.0000,0,32,0,0,0,0,0,0
WG_METRICS 214,256,768,2.6586,0.0236,0.0013,2.5826,0.0051,0.0461,256,768,196608,393216,76128.1719,152256.3438,0.0000,0,0.0000,0.0000,0,0.0000,0,0.0000,0.0000,0,0.0000,0.0000,0,0,0,0,0,0,0,0,0,0,0,0,0,0,0,0,0,0,0,0,0,0,0,0,0,0.0000,0,32,0,0,0,0,0,0
WG_METRICS 215,256,768,2.6801,0.0252,0.0006,2.6030,0.0058,0.0456,256,768,196608,393216,75532.0078,151064.0156,0.0000,0,0.0000,0.0000,0,0.0000,0,0.0000,0.0000,0,0.0000,0.0000,0,0,0,0,0,0,0,0,0,0,0,0,0,0,0,0,0,0,0,0,0,0,0,0,0,0.0000,0,32,0,0,0,0,0,0
WG_METRICS 216,256,768,2.6850,0.0245,0.0004,2.6074,0.0062,0.0465,256,768,196608,393216,75405.0078,150810.0156,0.0000,0,0.0000,0.0000,0,0.0000,0,0.0000,0.0000,0,0.0000,0.0000,0,0,0,0,0,0,0,0,0,0,0,0,0,0,0,0,0,0,0,0,0,0,0,0,0,0.0000,0,32,0,0,0,0,0,0
WG_METRICS 217,256,768,2.6746,0.0245,0.0000,2.5989,0.0058,0.0454,256,768,196608,393216,75650.1172,151300.2344,0.0000,0,0.0000,0.0000,0,0.0000,0,0.0000,0.0000,0,0.0000,0.0000,0,0,0,0,0,0,0,0,0,0,0,0,0,0,0,0,0,0,0,0,0,0,0,0,0,0.0000,0,32,0,0,0,0,0,0
WG_METRICS 218,256,768,2.6442,0.0231,0.0015,2.5669,0.0056,0.0470,256,768,196608,393216,76593.2031,153186.4062,0.0000,0,0.0000,0.0000,0,0.0000,0,0.0000,0.0000,0,0.0000,0.0000,0,0,0,0,0,0,0,0,0,0,0,0,0,0,0,0,0,0,0,0,0,0,0,0,0,0.0000,0,32,0,0,0,0,0,0
WG_METRICS 219,256,768,2.6429,0.0241,0.0011,2.5646,0.0063,0.0468,256,768,196608,393216,76662.9688,153325.9375,0.0000,0,0.0000,0.0000,0,0.0000,0,0.0000,0.0000,0,0.0000,0.0000,0,0,0,0,0,0,0,0,0,0,0,0,0,0,0,0,0,0,0,0,0,0,0,0,0,0.0000,0,32,0,0,0,0,0,0
WG_METRICS 220,256,768,2.6700,0.0229,0.0015,2.5931,0.0062,0.0463,256,768,196608,393216,75820.0312,151640.0625,0.0000,0,0.0000,0.0000,0,0.0000,0,0.0000,0.0000,0,0.0000,0.0000,0,0,0,0,0,0,0,0,0,0,0,0,0,0,0,0,0,0,0,0,0,0,0,0,0,0.0000,0,32,0,0,0,0,0,0
WG_METRICS 221,256,768,2.6888,0.0246,0.0003,2.6131,0.0051,0.0457,256,768,196608,393216,75239.7188,150479.4375,0.0000,0,0.0000,0.0000,0,0.0000,0,0.0000,0.0000,0,0.0000,0.0000,0,0,0,0,0,0,0,0,0,0,0,0,0,0,0,0,0,0,0,0,0,0,0,0,0,0.0000,0,32,0,0,0,0,0,0
WG_METRICS 222,256,768,2.7115,0.0233,0.0011,2.6347,0.0053,0.0471,256,768,196608,393216,74623.7891,149247.5781,0.0000,0,0.0000,0.0000,0,0.0000,0,0.0000,0.0000,0,0.0000,0.0000,0,0,0,0,0,0,0,0,0,0,0,0,0,0,0,0,0,0,0,0,0,0,0,0,0,0.0000,0,32,0,0,0,0,0,0
WG_METRICS 223,256,768,2.6661,0.0258,0.0004,2.5884,0.0055,0.0460,256,768,196608,393216,75957.8203,151915.6406,0.0000,0,0.0000,0.0000,0,0.0000,0,0.0000,0.0000,0,0.0000,0.0000,0,0,0,0,0,0,0,0,0,0,0,0,0,0,0,0,0,0,0,0,0,0,0,0,0,0.0000,0,32,0,0,0,0,0,0
WG_METRICS 224,256,768,2.6923,0.0238,0.0000,2.6173,0.0058,0.0454,256,768,196608,393216,75117.3750,150234.7500,0.0000,0,0.0000,0.0000,0,0.0000,0,0.0000,0.0000,0,0.0000,0.0000,0,0,0,0,0,0,0,0,0,0,0,0,0,0,0,0,0,0,0,0,0,0,0,0,0,0.0000,0,32,0,0,0,0,0,0
WG_METRICS 225,256,768,2.6528,0.0251,0.0001,2.5764,0.0054,0.0458,256,768,196608,393216,76311.6016,152623.2031,0.0000,0,0.0000,0.0000,0,0.0000,0,0.0000,0.0000,0,0.0000,0.0000,0,0,0,0,0,0,0,0,0,0,0,0,0,0,0,0,0,0,0,0,0,0,0,0,0,0.0000,0,32,0,0,0,0,0,0
WG_METRICS 226,256,768,3.0381,0.0241,0.0013,2.9617,0.0049,0.0462,256,768,196608,393216,66384.3047,132768.6094,0.0000,0,0.0000,0.0000,0,0.0000,0,0.0000,0.0000,0,0.0000,0.0000,0,0,0,0,0,0,0,0,0,0,0,0,0,0,0,0,0,0,0,0,0,0,0,0,0,0.0000,0,32,0,0,0,0,0,0
WG_METRICS 227,256,768,2.6651,0.0244,0.0006,2.5891,0.0056,0.0453,256,768,196608,393216,75936.2266,151872.4531,0.0000,0,0.0000,0.0000,0,0.0000,0,0.0000,0.0000,0,0.0000,0.0000,0,0,0,0,0,0,0,0,0,0,0,0,0,0,0,0,0,0,0,0,0,0,0,0,0,0.0000,0,32,0,0,0,0,0,0
WG_METRICS 228,256,768,2.6659,0.0246,0.0001,2.5907,0.0051,0.0453,256,768,196608,393216,75889.3281,151778.6562,0.0000,0,0.0000,0.0000,0,0.0000,0,0.0000,0.0000,0,0.0000,0.0000,0,0,0,0,0,0,0,0,0,0,0,0,0,0,0,0,0,0,0,0,0,0,0,0,0,0.0000,0,32,0,0,0,0,0,0
WG_METRICS 229,256,768,2.6667,0.0243,0.0005,2.5903,0.0055,0.0460,256,768,196608,393216,75900.5781,151801.1562,0.0000,0,0.0000,0.0000,0,0.0000,0,0.0000,0.0000,0,0.0000,0.0000,0,0,0,0,0,0,0,0,0,0,0,0,0,0,0,0,0,0,0,0,0,0,0,0,0,0.0000,0,32,0,0,0,0,0,0
WG_METRICS 230,256,768,2.6775,0.0255,0.0004,2.5994,0.0063,0.0460,256,768,196608,393216,75637.0781,151274.1562,0.0000,0,0.0000,0.0000,0,0.0000,0,0.0000,0.0000,0,0.0000,0.0000,0,0,0,0,0,0,0,0,0,0,0,0,0,0,0,0,0,0,0,0,0,0,0,0,0,0.0000,0,32,0,0,0,0,0,0
WG_METRICS 231,256,768,2.6616,0.0242,0.0000,2.5860,0.0051,0.0463,256,768,196608,393216,76027.3750,152054.7500,0.0000,0,0.0000,0.0000,0,0.0000,0,0.0000,0.0000,0,0.0000,0.0000,0,0,0,0,0,0,0,0,0,0,0,0,0,0,0,0,0,0,0,0,0,0,0,0,0,0.0000,0,32,0,0,0,0,0,0
WG_METRICS 232,256,768,2.6798,0.0254,0.0002,2.6030,0.0054,0.0458,256,768,196608,393216,75531.0781,151062.1562,0.0000,0,0.0000,0.0000,0,0.0000,0,0.0000,0.0000,0,0.0000,0.0000,0,0,0,0,0,0,0,0,0,0,0,0,0,0,0,0,0,0,0,0,0,0,0,0,0,0.0000,0,32,0,0,0,0,0,0
WG_METRICS 233,256,768,2.6698,0.0247,0.0000,2.5928,0.0057,0.0466,256,768,196608,393216,75829.3828,151658.7656,0.0000,0,0.0000,0.0000,0,0.0000,0,0.0000,0.0000,0,0.0000,0.0000,0,0,0,0,0,0,0,0,0,0,0,0,0,0,0,0,0,0,0,0,0,0,0,0,0,0.0000,0,32,0,0,0,0,0,0
WG_METRICS 234,256,768,2.6819,0.0240,0.0012,2.6051,0.0055,0.0461,256,768,196608,393216,75469.8438,150939.6875,0.0000,0,0.0000,0.0000,0,0.0000,0,0.0000,0.0000,0,0.0000,0.0000,0,0,0,0,0,0,0,0,0,0,0,0,0,0,0,0,0,0,0,0,0,0,0,0,0,0.0000,0,32,0,0,0,0,0,0
WG_METRICS 235,256,768,2.7443,0.0246,0.0012,2.6653,0.0060,0.0473,256,768,196608,393216,73766.3594,147532.7188,0.0000,0,0.0000,0.0000,0,0.0000,0,0.0000,0.0000,0,0.0000,0.0000,0,0,0,0,0,0,0,0,0,0,0,0,0,0,0,0,0,0,0,0,0,0,0,0,0,0.0000,0,32,0,0,0,0,0,0
WG_METRICS 236,256,768,2.6986,0.0239,0.0014,2.6219,0.0051,0.0463,256,768,196608,393216,74987.1875,149974.3750,0.0000,0,0.0000,0.0000,0,0.0000,0,0.0000,0.0000,0,0.0000,0.0000,0,0,0,0,0,0,0,0,0,0,0,0,0,0,0,0,0,0,0,0,0,0,0,0,0,0.0000,0,32,0,0,0,0,0,0
WG_METRICS 237,256,768,2.7587,0.0251,0.0000,2.6808,0.0056,0.0471,256,768,196608,393216,73338.4297,146676.8594,0.0000,0,0.0000,0.0000,0,0.0000,0,0.0000,0.0000,0,0.0000,0.0000,0,0,0,0,0,0,0,0,0,0,0,0,0,0,0,0,0,0,0,0,0,0,0,0,0,0.0000,0,32,0,0,0,0,0,0
WG_METRICS 238,256,768,2.6780,0.0255,0.0004,2.6007,0.0055,0.0460,256,768,196608,393216,75598.9219,151197.8438,0.0000,0,0.0000,0.0000,0,0.0000,0,0.0000,0.0000,0,0.0000,0.0000,0,0,0,0,0,0,0,0,0,0,0,0,0,0,0,0,0,0,0,0,0,0,0,0,0,0.0000,0,32,0,0,0,0,0,0
WG_METRICS 239,256,768,2.6976,0.0242,0.0006,2.6210,0.0051,0.0468,256,768,196608,393216,75013.7344,150027.4688,0.0000,0,0.0000,0.0000,0,0.0000,0,0.0000,0.0000,0,0.0000,0.0000,0,0,0,0,0,0,0,0,0,0,0,0,0,0,0,0,0,0,0,0,0,0,0,0,0,0.0000,0,32,0,0,0,0,0,0
WG_METRICS 240,256,768,2.7069,0.0250,0.0011,2.6296,0.0051,0.0460,256,768,196608,393216,74766.3516,149532.7031,0.0000,0,0.0000,0.0000,0,0.0000,0,0.0000,0.0000,0,0.0000,0.0000,0,0,0,0,0,0,0,0,0,0,0,0,0,0,0,0,0,0,0,0,0,0,0,0,0,0.0000,0,32,0,0,0,0,0,0
WG_METRICS 241,256,768,3.0513,0.0244,0.0000,2.9737,0.0066,0.0466,256,768,196608,393216,66115.7031,132231.4062,0.0000,0,0.0000,0.0000,0,0.0000,0,0.0000,0.0000,0,0.0000,0.0000,0,0,0,0,0,0,0,0,0,0,0,0,0,0,0,0,0,0,0,0,0,0,0,0,0,0.0000,0,32,0,0,0,0,0,0
WG_METRICS 242,256,768,2.6963,0.0249,0.0006,2.6176,0.0067,0.0466,256,768,196608,393216,75109.1094,150218.2188,0.0000,0,0.0000,0.0000,0,0.0000,0,0.0000,0.0000,0,0.0000,0.0000,0,0,0,0,0,0,0,0,0,0,0,0,0,0,0,0,0,0,0,0,0,0,0,0,0,0.0000,0,32,0,0,0,0,0,0
WG_METRICS 243,256,768,3.1268,0.0241,0.0010,3.0495,0.0049,0.0473,256,768,196608,393216,64471.4492,128942.8984,0.0000,0,0.0000,0.0000,0,0.0000,0,0.0000,0.0000,0,0.0000,0.0000,0,0,0,0,0,0,0,0,0,0,0,0,0,0,0,0,0,0,0,0,0,0,0,0,0,0.0000,0,32,0,0,0,0,0,0
WG_METRICS 244,256,768,2.6745,0.0239,0.0005,2.5989,0.0051,0.0461,256,768,196608,393216,75650.1172,151300.2344,0.0000,0,0.0000,0.0000,0,0.0000,0,0.0000,0.0000,0,0.0000,0.0000,0,0,0,0,0,0,0,0,0,0,0,0,0,0,0,0,0,0,0,0,0,0,0,0,0,0.0000,0,32,0,0,0,0,0,0
WG_METRICS 245,256,768,3.1216,0.0246,0.0004,3.0447,0.0049,0.0470,256,768,196608,393216,64574.4414,129148.8828,0.0000,0,0.0000,0.0000,0,0.0000,0,0.0000,0.0000,0,0.0000,0.0000,0,0,0,0,0,0,0,0,0,0,0,0,0,0,0,0,0,0,0,0,0,0,0,0,0,0.0000,0,32,0,0,0,0,0,0
WG_METRICS 246,256,768,2.6936,0.0230,0.0011,2.6181,0.0051,0.0463,256,768,196608,393216,75094.4141,150188.8281,0.0000,0,0.0000,0.0000,0,0.0000,0,0.0000,0.0000,0,0.0000,0.0000,0,0,0,0,0,0,0,0,0,0,0,0,0,0,0,0,0,0,0,0,0,0,0,0,0,0.0000,0,32,0,0,0,0,0,0
WG_METRICS 247,256,768,3.1187,0.0241,0.0000,3.0413,0.0064,0.0469,256,768,196608,393216,64646.4648,129292.9297,0.0000,0,0.0000,0.0000,0,0.0000,0,0.0000,0.0000,0,0.0000,0.0000,0,0,0,0,0,0,0,0,0,0,0,0,0,0,0,0,0,0,0,0,0,0,0,0,0,0.0000,0,32,0,0,0,0,0,0
WG_METRICS 248,256,768,2.6851,0.0242,0.0006,2.6073,0.0065,0.0465,256,768,196608,393216,75405.9375,150811.8750,0.0000,0,0.0000,0.0000,0,0.0000,0,0.0000,0.0000,0,0.0000,0.0000,0,0,0,0,0,0,0,0,0,0,0,0,0,0,0,0,0,0,0,0,0,0,0,0,0,0.0000,0,32,0,0,0,0,0,0
WG_METRICS 249,256,768,2.6756,0.0249,0.0006,2.5990,0.0055,0.0457,256,768,196608,393216,75648.2578,151296.5156,0.0000,0,0.0000,0.0000,0,0.0000,0,0.0000,0.0000,0,0.0000,0.0000,0,0,0,0,0,0,0,0,0,0,0,0,0,0,0,0,0,0,0,0,0,0,0,0,0,0.0000,0,32,0,0,0,0,0,0
WG_METRICS 250,256,768,2.6892,0.0242,0.0006,2.6112,0.0060,0.0472,256,768,196608,393216,75294.1172,150588.2344,0.0000,0,0.0000,0.0000,0,0.0000,0,0.0000,0.0000,0,0.0000,0.0000,0,0,0,0,0,0,0,0,0,0,0,0,0,0,0,0,0,0,0,0,0,0,0,0,0,0.0000,0,32,0,0,0,0,0,0
WG_METRICS 251,256,768,2.6962,0.0250,0.0006,2.6195,0.0060,0.0452,256,768,196608,393216,75056.8047,150113.6094,0.0000,0,0.0000,0.0000,0,0.0000,0,0.0000,0.0000,0,0.0000,0.0000,0,0,0,0,0,0,0,0,0,0,0,0,0,0,0,0,0,0,0,0,0,0,0,0,0,0.0000,0,32,0,0,0,0,0,0
WG_METRICS 252,256,768,2.6812,0.0237,0.0000,2.6051,0.0058,0.0467,256,768,196608,393216,75471.6953,150943.3906,0.0000,0,0.0000,0.0000,0,0.0000,0,0.0000,0.0000,0,0.0000,0.0000,0,0,0,0,0,0,0,0,0,0,0,0,0,0,0,0,0,0,0,0,0,0,0,0,0,0.0000,0,32,0,0,0,0,0,0
WG_METRICS 253,256,768,2.6905,0.0244,0.0014,2.6118,0.0051,0.0477,256,768,196608,393216,75275.6641,150551.3281,0.0000,0,0.0000,0.0000,0,0.0000,0,0.0000,0.0000,0,0.0000,0.0000,0,0,0,0,0,0,0,0,0,0,0,0,0,0,0,0,0,0,0,0,0,0,0,0,0,0.0000,0,32,0,0,0,0,0,0
WG_METRICS 254,256,768,2.6951,0.0246,0.0006,2.6170,0.0050,0.0478,256,768,196608,393216,75127.4766,150254.9531,0.0000,0,0.0000,0.0000,0,0.0000,0,0.0000,0.0000,0,0.0000,0.0000,0,0,0,0,0,0,0,0,0,0,0,0,0,0,0,0,0,0,0,0,0,0,0,0,0,0.0000,0,32,0,0,0,0,0,0
WG_METRICS 255,256,768,2.6908,0.0244,0.0000,2.6144,0.0054,0.0467,256,768,196608,393216,75201.9609,150403.9219,0.0000,0,0.0000,0.0000,0,0.0000,0,0.0000,0.0000,0,0.0000,0.0000,0,0,0,0,0,0,0,0,0,0,0,0,0,0,0,0,0,0,0,0,0,0,0,0,0,0.0000,0,32,0,0,0,0,0,0
WG_METRICS 256,256,768,2.6809,0.0246,0.0001,2.6010,0.0069,0.0484,256,768,196608,393216,75590.5469,151181.0938,0.0000,0,0.0000,0.0000,0,0.0000,0,0.0000,0.0000,0,0.0000,0.0000,0,0,0,0,0,0,0,0,0,0,0,0,0,0,0,0,0,0,0,0,0,0,0,0,0,0.0000,0,32,0,0,0,0,0,0
WG_METRICS 257,256,768,2.6853,0.0243,0.0006,2.6072,0.0059,0.0474,256,768,196608,393216,75409.6406,150819.2812,0.0000,0,0.0000,0.0000,0,0.0000,0,0.0000,0.0000,0,0.0000,0.0000,0,0,0,0,0,0,0,0,0,0,0,0,0,0,0,0,0,0,0,0,0,0,0,0,0,0.0000,0,32,0,0,0,0,0,0
WG_METRICS 258,256,768,2.6959,0.0251,0.0006,2.6178,0.0059,0.0465,256,768,196608,393216,75105.4375,150210.8750,0.0000,0,0.0000,0.0000,0,0.0000,0,0.0000,0.0000,0,0.0000,0.0000,0,0,0,0,0,0,0,0,0,0,0,0,0,0,0,0,0,0,0,0,0,0,0,0,0,0.0000,0,32,0,0,0,0,0,0
WG_METRICS 259,256,768,2.6970,0.0248,0.0000,2.6194,0.0066,0.0462,256,768,196608,393216,75058.6406,150117.2812,0.0000,0,0.0000,0.0000,0,0.0000,0,0.0000,0.0000,0,0.0000,0.0000,0,0,0,0,0,0,0,0,0,0,0,0,0,0,0,0,0,0,0,0,0,0,0,0,0,0.0000,0,32,0,0,0,0,0,0
WG_METRICS 260,256,768,2.7001,0.0245,0.0005,2.6208,0.0061,0.0482,256,768,196608,393216,75017.3984,150034.7969,0.0000,0,0.0000,0.0000,0,0.0000,0,0.0000,0.0000,0,0.0000,0.0000,0,0,0,0,0,0,0,0,0,0,0,0,0,0,0,0,0,0,0,0,0,0,0,0,0,0.0000,0,32,0,0,0,0,0,0
WG_METRICS 261,256,768,2.6983,0.0252,0.0005,2.6209,0.0051,0.0467,256,768,196608,393216,75015.5625,150031.1250,0.0000,0,0.0000,0.0000,0,0.0000,0,0.0000,0.0000,0,0.0000,0.0000,0,0,0,0,0,0,0,0,0,0,0,0,0,0,0,0,0,0,0,0,0,0,0,0,0,0.0000,0,32,0,0,0,0,0,0
WG_METRICS 262,256,768,2.6813,0.0236,0.0011,2.6039,0.0053,0.0474,256,768,196608,393216,75504.1641,151008.3281,0.0000,0,0.0000,0.0000,0,0.0000,0,0.0000,0.0000,0,0.0000,0.0000,0,0,0,0,0,0,0,0,0,0,0,0,0,0,0,0,0,0,0,0,0,0,0,0,0,0.0000,0,32,0,0,0,0,0,0
WG_METRICS 263,256,768,2.6886,0.0245,0.0011,2.6101,0.0059,0.0470,256,768,196608,393216,75325.5078,150651.0156,0.0000,0,0.0000,0.0000,0,0.0000,0,0.0000,0.0000,0,0.0000,0.0000,0,0,0,0,0,0,0,0,0,0,0,0,0,0,0,0,0,0,0,0,0,0,0,0,0,0.0000,0,32,0,0,0,0,0,0
WG_METRICS 264,256,768,2.6762,0.0240,0.0012,2.5977,0.0060,0.0472,256,768,196608,393216,75685.5312,151371.0625,0.0000,0,0.0000,0.0000,0,0.0000,0,0.0000,0.0000,0,0.0000,0.0000,0,0,0,0,0,0,0,0,0,0,0,0,0,0,0,0,0,0,0,0,0,0,0,0,0,0.0000,0,32,0,0,0,0,0,0
WG_METRICS 265,256,768,2.6739,0.0249,0.0011,2.5956,0.0056,0.0467,256,768,196608,393216,75747.1172,151494.2344,0.0000,0,0.0000,0.0000,0,0.0000,0,0.0000,0.0000,0,0.0000,0.0000,0,0,0,0,0,0,0,0,0,0,0,0,0,0,0,0,0,0,0,0,0,0,0,0,0,0.0000,0,32,0,0,0,0,0,0
WG_METRICS 266,256,768,3.0927,0.0248,0.0000,3.0167,0.0049,0.0463,256,768,196608,393216,65173.1133,130346.2266,0.0000,0,0.0000,0.0000,0,0.0000,0,0.0000,0.0000,0,0.0000,0.0000,0,0,0,0,0,0,0,0,0,0,0,0,0,0,0,0,0,0,0,0,0,0,0,0,0,0.0000,0,32,0,0,0,0,0,0
WG_METRICS 267,256,768,2.6882,0.0249,0.0006,2.6095,0.0060,0.0472,256,768,196608,393216,75343.9766,150687.9531,0.0000,0,0.0000,0.0000,0,0.0000,0,0.0000,0.0000,0,0.0000,0.0000,0,0,0,0,0,0,0,0,0,0,0,0,0,0,0,0,0,0,0,0,0,0,0,0,0,0.0000,0,32,0,0,0,0,0,0
WG_METRICS 268,256,768,3.0591,0.0247,0.0000,2.9817,0.0049,0.0478,256,768,196608,393216,65938.3125,131876.6250,0.0000,0,0.0000,0.0000,0,0.0000,0,0.0000,0.0000,0,0.0000,0.0000,0,0,0,0,0,0,0,0,0,0,0,0,0,0,0,0,0,0,0,0,0,0,0,0,0,0.0000,0,32,0,0,0,0,0,0
WG_METRICS 269,256,768,2.7060,0.0236,0.0011,2.6281,0.0058,0.0473,256,768,196608,393216,74809.1406,149618.2812,0.0000,0,0.0000,0.0000,0,0.0000,0,0.0000,0.0000,0,0.0000,0.0000,0,0,0,0,0,0,0,0,0,0,0,0,0,0,0,0,0,0,0,0,0,0,0,0,0,0.0000,0,32,0,0,0,0,0,0
WG_METRICS 270,256,768,2.6756,0.0237,0.0011,2.5993,0.0051,0.0465,256,768,196608,393216,75639.8750,151279.7500,0.0000,0,0.0000,0.0000,0,0.0000,0,0.0000,0.0000,0,0.0000,0.0000,0,0,0,0,0,0,0,0,0,0,0,0,0,0,0,0,0,0,0,0,0,0,0,0,0,0.0000,0,32,0,0,0,0,0,0
WG_METRICS 271,256,768,2.7064,0.0237,0.0012,2.6281,0.0057,0.0477,256,768,196608,393216,74810.9688,149621.9375,0.0000,0,0.0000,0.0000,0,0.0000,0,0.0000,0.0000,0,0.0000,0.0000,0,0,0,0,0,0,0,0,0,0,0,0,0,0,0,0,0,0,0,0,0,0,0,0,0,0.0000,0,32,0,0,0,0,0,0
WG_METRICS 272,256,768,2.6809,0.0251,0.0011,2.6026,0.0059,0.0462,256,768,196608,393216,75542.2266,151084.4531,0.0000,0,0.0000,0.0000,0,0.0000,0,0.0000,0.0000,0,0.0000,0.0000,0,0,0,0,0,0,0,0,0,0,0,0,0,0,0,0,0,0,0,0,0,0,0,0,0,0.0000,0,32,0,0,0,0,0,0
WG_METRICS 273,256,768,2.6868,0.0242,0.0005,2.6092,0.0052,0.0476,256,768,196608,393216,75353.2188,150706.4375,0.0000,0,0.0000,0.0000,0,0.0000,0,0.0000,0.0000,0,0.0000,0.0000,0,0,0,0,0,0,0,0,0,0,0,0,0,0,0,0,0,0,0,0,0,0,0,0,0,0.0000,0,32,0,0,0,0,0,0
WG_METRICS 274,256,768,2.7328,0.0253,0.0000,2.6563,0.0054,0.0458,256,768,196608,393216,74016.9609,148033.9219,0.0000,0,0.0000,0.0000,0,0.0000,0,0.0000,0.0000,0,0.0000,0.0000,0,0,0,0,0,0,0,0,0,0,0,0,0,0,0,0,0,0,0,0,0,0,0,0,0,0.0000,0,32,0,0,0,0,0,0
WG_METRICS 275,256,768,2.6654,0.0246,0.0005,2.5886,0.0060,0.0455,256,768,196608,393216,75950.3047,151900.6094,0.0000,0,0.0000,0.0000,0,0.0000,0,0.0000,0.0000,0,0.0000,0.0000,0,0,0,0,0,0,0,0,0,0,0,0,0,0,0,0,0,0,0,0,0,0,0,0,0,0.0000,0,32,0,0,0,0,0,0
WG_METRICS 276,256,768,2.6852,0.0248,0.0001,2.6087,0.0055,0.0461,256,768,196608,393216,75366.1562,150732.3125,0.0000,0,0.0000,0.0000,0,0.0000,0,0.0000,0.0000,0,0.0000,0.0000,0,0,0,0,0,0,0,0,0,0,0,0,0,0,0,0,0,0,0,0,0,0,0,0,0,0.0000,0,32,0,0,0,0,0,0
WG_METRICS 277,256,768,2.6770,0.0246,0.0006,2.6002,0.0050,0.0466,256,768,196608,393216,75611.9453,151223.8906,0.0000,0,0.0000,0.0000,0,0.0000,0,0.0000,0.0000,0,0.0000,0.0000,0,0,0,0,0,0,0,0,0,0,0,0,0,0,0,0,0,0,0,0,0,0,0,0,0,0.0000,0,32,0,0,0,0,0,0
WG_METRICS 278,256,768,2.6605,0.0248,0.0000,2.5841,0.0050,0.0466,256,768,196608,393216,76082.9219,152165.8438,0.0000,0,0.0000,0.0000,0,0.0000,0,0.0000,0.0000,0,0.0000,0.0000,0,0,0,0,0,0,0,0,0,0,0,0,0,0,0,0,0,0,0,0,0,0,0,0,0,0.0000,0,32,0,0,0,0,0,0
WG_METRICS 279,256,768,2.6748,0.0248,0.0004,2.5969,0.0062,0.0465,256,768,196608,393216,75709.7812,151419.5625,0.0000,0,0.0000,0.0000,0,0.0000,0,0.0000,0.0000,0,0.0000,0.0000,0,0,0,0,0,0,0,0,0,0,0,0,0,0,0,0,0,0,0,0,0,0,0,0,0,0.0000,0,32,0,0,0,0,0,0
WG_METRICS 280,256,768,2.6832,0.0249,0.0000,2.6068,0.0057,0.0459,256,768,196608,393216,75422.5938,150845.1875,0.0000,0,0.0000,0.0000,0,0.0000,0,0.0000,0.0000,0,0.0000,0.0000,0,0,0,0,0,0,0,0,0,0,0,0,0,0,0,0,0,0,0,0,0,0,0,0,0,0.0000,0,32,0,0,0,0,0,0
WG_METRICS 281,256,768,2.6759,0.0244,0.0001,2.5987,0.0051,0.0476,256,768,196608,393216,75657.5703,151315.1406,0.0000,0,0.0000,0.0000,0,0.0000,0,0.0000,0.0000,0,0.0000,0.0000,0,0,0,0,0,0,0,0,0,0,0,0,0,0,0,0,0,0,0,0,0,0,0,0,0,0.0000,0,32,0,0,0,0,0,0
WG_METRICS 282,256,768,2.6991,0.0248,0.0002,2.6229,0.0051,0.0460,256,768,196608,393216,74958.8281,149917.6562,0.0000,0,0.0000,0.0000,0,0.0000,0,0.0000,0.0000,0,0.0000,0.0000,0,0,0,0,0,0,0,0,0,0,0,0,0,0,0,0,0,0,0,0,0,0,0,0,0,0.0000,0,32,0,0,0,0,0,0
WG_METRICS 283,256,768,2.7336,0.0244,0.0012,2.6547,0.0054,0.0479,256,768,196608,393216,74059.7891,148119.5781,0.0000,0,0.0000,0.0000,0,0.0000,0,0.0000,0.0000,0,0.0000,0.0000,0,0,0,0,0,0,0,0,0,0,0,0,0,0,0,0,0,0,0,0,0,0,0,0,0,0.0000,0,32,0,0,0,0,0,0
WG_METRICS 284,256,768,2.7156,0.0252,0.0000,2.6376,0.0056,0.0472,256,768,196608,393216,74539.5938,149079.1875,0.0000,0,0.0000,0.0000,0,0.0000,0,0.0000,0.0000,0,0.0000,0.0000,0,0,0,0,0,0,0,0,0,0,0,0,0,0,0,0,0,0,0,0,0,0,0,0,0,0.0000,0,32,0,0,0,0,0,0
WG_METRICS 285,256,768,2.7469,0.0250,0.0001,2.6685,0.0056,0.0477,256,768,196608,393216,73676.1328,147352.2656,0.0000,0,0.0000,0.0000,0,0.0000,0,0.0000,0.0000,0,0.0000,0.0000,0,0,0,0,0,0,0,0,0,0,0,0,0,0,0,0,0,0,0,0,0,0,0,0,0,0.0000,0,32,0,0,0,0,0,0
WG_METRICS 286,256,768,2.7181,0.0237,0.0014,2.6405,0.0056,0.0469,256,768,196608,393216,74457.3828,148914.7656,0.0000,0,0.0000,0.0000,0,0.0000,0,0.0000,0.0000,0,0.0000,0.0000,0,0,0,0,0,0,0,0,0,0,0,0,0,0,0,0,0,0,0,0,0,0,0,0,0,0.0000,0,32,0,0,0,0,0,0
WG_METRICS 287,256,768,2.7255,0.0243,0.0012,2.6468,0.0062,0.0470,256,768,196608,393216,74282.7422,148565.4844,0.0000,0,0.0000,0.0000,0,0.0000,0,0.0000,0.0000,0,0.0000,0.0000,0,0,0,0,0,0,0,0,0,0,0,0,0,0,0,0,0,0,0,0,0,0,0,0,0,0.0000,0,32,0,0,0,0,0,0
WG_METRICS 288,256,768,2.7345,0.0251,0.0000,2.6559,0.0060,0.0476,256,768,196608,393216,74027.6641,148055.3281,0.0000,0,0.0000,0.0000,0,0.0000,0,0.0000,0.0000,0,0.0000,0.0000,0,0,0,0,0,0,0,0,0,0,0,0,0,0,0,0,0,0,0,0,0,0,0,0,0,0.0000,0,32,0,0,0,0,0,0
WG_METRICS 289,256,768,2.6882,0.0246,0.0000,2.6112,0.0053,0.0471,256,768,196608,393216,75294.1172,150588.2344,0.0000,0,0.0000,0.0000,0,0.0000,0,0.0000,0.0000,0,0.0000,0.0000,0,0,0,0,0,0,0,0,0,0,0,0,0,0,0,0,0,0,0,0,0,0,0,0,0,0.0000,0,32,0,0,0,0,0,0
WG_METRICS 290,256,768,2.7075,0.0245,0.0001,2.6314,0.0051,0.0464,256,768,196608,393216,74717.2578,149434.5156,0.0000,0,0.0000,0.0000,0,0.0000,0,0.0000,0.0000,0,0.0000,0.0000,0,0,0,0,0,0,0,0,0,0,0,0,0,0,0,0,0,0,0,0,0,0,0,0,0,0.0000,0,32,0,0,0,0,0,0
WG_METRICS 291,256,768,2.7097,0.0248,0.0011,2.6306,0.0062,0.0469,256,768,196608,393216,74738.1562,149476.3125,0.0000,0,0.0000,0.0000,0,0.0000,0,0.0000,0.0000,0,0.0000,0.0000,0,0,0,0,0,0,0,0,0,0,0,0,0,0,0,0,0,0,0,0,0,0,0,0,0,0.0000,0,32,0,0,0,0,0,0
WG_METRICS 292,256,768,2.7160,0.0252,0.0012,2.6365,0.0064,0.0466,256,768,196608,393216,74570.3438,149140.6875,0.0000,0,0.0000,0.0000,0,0.0000,0,0.0000,0.0000,0,0.0000,0.0000,0,0,0,0,0,0,0,0,0,0,0,0,0,0,0,0,0,0,0,0,0,0,0,0,0,0.0000,0,32,0,0,0,0,0,0
WG_METRICS 293,256,768,2.6915,0.0241,0.0011,2.6139,0.0051,0.0474,256,768,196608,393216,75215.7656,150431.5312,0.0000,0,0.0000,0.0000,0,0.0000,0,0.0000,0.0000,0,0.0000,0.0000,0,0,0,0,0,0,0,0,0,0,0,0,0,0,0,0,0,0,0,0,0,0,0,0,0,0.0000,0,32,0,0,0,0,0,0
WG_METRICS 294,256,768,2.7140,0.0248,0.0006,2.6372,0.0051,0.0463,256,768,196608,393216,74552.2500,149104.5000,0.0000,0,0.0000,0.0000,0,0.0000,0,0.0000,0.0000,0,0.0000,0.0000,0,0,0,0,0,0,0,0,0,0,0,0,0,0,0,0,0,0,0,0,0,0,0,0,0,0.0000,0,32,0,0,0,0,0,0
WG_METRICS 295,256,768,2.7001,0.0250,0.0004,2.6214,0.0066,0.0466,256,768,196608,393216,75000.0000,150000.0000,0.0000,0,0.0000,0.0000,0,0.0000,0,0.0000,0.0000,0,0.0000,0.0000,0,0,0,0,0,0,0,0,0,0,0,0,0,0,0,0,0,0,0,0,0,0,0,0,0,0.0000,0,32,0,0,0,0,0,0
WG_METRICS 296,256,768,2.7156,0.0246,0.0011,2.6379,0.0057,0.0462,256,768,196608,393216,74531.4531,149062.9062,0.0000,0,0.0000,0.0000,0,0.0000,0,0.0000,0.0000,0,0.0000,0.0000,0,0,0,0,0,0,0,0,0,0,0,0,0,0,0,0,0,0,0,0,0,0,0,0,0,0.0000,0,32,0,0,0,0,0,0
WG_METRICS 297,256,768,2.7099,0.0245,0.0006,2.6321,0.0056,0.0470,256,768,196608,393216,74696.3594,149392.7188,0.0000,0,0.0000,0.0000,0,0.0000,0,0.0000,0.0000,0,0.0000,0.0000,0,0,0,0,0,0,0,0,0,0,0,0,0,0,0,0,0,0,0,0,0,0,0,0,0,0.0000,0,32,0,0,0,0,0,0
WG_METRICS 298,256,768,2.6842,0.0254,0.0004,2.6069,0.0051,0.0463,256,768,196608,393216,75418.8906,150837.7812,0.0000,0,0.0000,0.0000,0,0.0000,0,0.0000,0.0000,0,0.0000,0.0000,0,0,0,0,0,0,0,0,0,0,0,0,0,0,0,0,0,0,0,0,0,0,0,0,0,0.0000,0,32,0,0,0,0,0,0
WG_METRICS 299,256,768,2.7029,0.0242,0.0011,2.6244,0.0062,0.0470,256,768,196608,393216,74914.0391,149828.0781,0.0000,0,0.0000,0.0000,0,0.0000,0,0.0000,0.0000,0,0.0000,0.0000,0,0,0,0,0,0,0,0,0,0,0,0,0,0,0,0,0,0,0,0,0,0,0,0,0,0.0000,0,32,0,0,0,0,0,0
WG_METRICS 300,256,768,2.7134,0.0253,0.0001,2.6352,0.0058,0.0470,256,768,196608,393216,74608.3750,149216.7500,0.0000,0,0.0000,0.0000,0,0.0000,0,0.0000,0.0000,0,0.0000,0.0000,0,0,0,0,0,0,0,0,0,0,0,0,0,0,0,0,0,0,0,0,0,0,0,0,0,0.0000,0,32,0,0,0,0,0,0
WG_METRICS 301,256,768,2.7060,0.0244,0.0005,2.6259,0.0057,0.0494,256,768,196608,393216,74872.9531,149745.9062,0.0000,0,0.0000,0.0000,0,0.0000,0,0.0000,0.0000,0,0.0000,0.0000,0,0,0,0,0,0,0,0,0,0,0,0,0,0,0,0,0,0,0,0,0,0,0,0,0,0.0000,0,32,0,0,0,0,0,0
WG_METRICS 302,256,768,2.7126,0.0238,0.0011,2.6363,0.0051,0.0463,256,768,196608,393216,74577.5938,149155.1875,0.0000,0,0.0000,0.0000,0,0.0000,0,0.0000,0.0000,0,0.0000,0.0000,0,0,0,0,0,0,0,0,0,0,0,0,0,0,0,0,0,0,0,0,0,0,0,0,0,0.0000,0,32,0,0,0,0,0,0
WG_METRICS 303,256,768,2.6822,0.0239,0.0011,2.6052,0.0057,0.0463,256,768,196608,393216,75467.0625,150934.1250,0.0000,0,0.0000,0.0000,0,0.0000,0,0.0000,0.0000,0,0.0000,0.0000,0,0,0,0,0,0,0,0,0,0,0,0,0,0,0,0,0,0,0,0,0,0,0,0,0,0.0000,0,32,0,0,0,0,0,0
WG_METRICS 304,256,768,2.7004,0.0247,0.0012,2.6219,0.0061,0.0465,256,768,196608,393216,74986.2656,149972.5312,0.0000,0,0.0000,0.0000,0,0.0000,0,0.0000,0.0000,0,0.0000,0.0000,0,0,0,0,0,0,0,0,0,0,0,0,0,0,0,0,0,0,0,0,0,0,0,0,0,0.0000,0,32,0,0,0,0,0,0
WG_METRICS 305,256,768,2.7106,0.0236,0.0011,2.6337,0.0051,0.0470,256,768,196608,393216,74650.9844,149301.9688,0.0000,0,0.0000,0.0000,0,0.0000,0,0.0000,0.0000,0,0.0000,0.0000,0,0,0,0,0,0,0,0,0,0,0,0,0,0,0,0,0,0,0,0,0,0,0,0,0,0.0000,0,32,0,0,0,0,0,0
WG_METRICS 306,256,768,2.7120,0.0250,0.0000,2.6356,0.0050,0.0463,256,768,196608,393216,74596.6016,149193.2031,0.0000,0,0.0000,0.0000,0,0.0000,0,0.0000,0.0000,0,0.0000,0.0000,0,0,0,0,0,0,0,0,0,0,0,0,0,0,0,0,0,0,0,0,0,0,0,0,0,0.0000,0,32,0,0,0,0,0,0
WG_METRICS 307,256,768,3.0840,0.0251,0.0000,3.0065,0.0049,0.0475,256,768,196608,393216,65395.0938,130790.1875,0.0000,0,0.0000,0.0000,0,0.0000,0,0.0000,0.0000,0,0.0000,0.0000,0,0,0,0,0,0,0,0,0,0,0,0,0,0,0,0,0,0,0,0,0,0,0,0,0,0.0000,0,32,0,0,0,0,0,0
WG_METRICS 308,256,768,2.7385,0.0239,0.0009,2.6605,0.0053,0.0479,256,768,196608,393216,73898.5625,147797.1250,0.0000,0,0.0000,0.0000,0,0.0000,0,0.0000,0.0000,0,0.0000,0.0000,0,0,0,0,0,0,0,0,0,0,0,0,0,0,0,0,0,0,0,0,0,0,0,0,0,0.0000,0,32,0,0,0,0,0,0
WG_METRICS 309,256,768,3.1176,0.0250,0.0006,3.0392,0.0054,0.0474,256,768,196608,393216,64691.3906,129382.7812,0.0000,0,0.0000,0.0000,0,0.0000,0,0.0000,0.0000,0,0.0000,0.0000,0,0,0,0,0,0,0,0,0,0,0,0,0,0,0,0,0,0,0,0,0,0,0,0,0,0.0000,0,32,0,0,0,0,0,0
WG_METRICS 310,256,768,2.7530,0.0247,0.0006,2.6739,0.0059,0.0479,256,768,196608,393216,73528.0078,147056.0156,0.0000,0,0.0000,0.0000,0,0.0000,0,0.0000,0.0000,0,0.0000,0.0000,0,0,0,0,0,0,0,0,0,0,0,0,0,0,0,0,0,0,0,0,0,0,0,0,0,0.0000,0,32,0,0,0,0,0,0
WG_METRICS 311,256,768,3.1077,0.0254,0.0000,3.0290,0.0056,0.0477,256,768,196608,393216,64908.7227,129817.4453,0.0000,0,0.0000,0.0000,0,0.0000,0,0.0000,0.0000,0,0.0000,0.0000,0,0,0,0,0,0,0,0,0,0,0,0,0,0,0,0,0,0,0,0,0,0,0,0,0,0.0000,0,32,0,0,0,0,0,0
WG_METRICS 312,256,768,2.7335,0.0236,0.0004,2.6562,0.0051,0.0483,256,768,196608,393216,74019.6328,148039.2656,0.0000,0,0.0000,0.0000,0,0.0000,0,0.0000,0.0000,0,0.0000,0.0000,0,0,0,0,0,0,0,0,0,0,0,0,0,0,0,0,0,0,0,0,0,0,0,0,0,0.0000,0,32,0,0,0,0,0,0
WG_METRICS 313,256,768,3.1618,0.0243,0.0000,3.0843,0.0065,0.0467,256,768,196608,393216,63745.0234,127490.0469,0.0000,0,0.0000,0.0000,0,0.0000,0,0.0000,0.0000,0,0.0000,0.0000,0,0,0,0,0,0,0,0,0,0,0,0,0,0,0,0,0,0,0,0,0,0,0,0,0,0.0000,0,32,0,0,0,0,0,0
WG_METRICS 314,256,768,2.7277,0.0244,0.0000,2.6498,0.0060,0.0475,256,768,196608,393216,74197.5234,148395.0469,0.0000,0,0.0000,0.0000,0,0.0000,0,0.0000,0.0000,0,0.0000,0.0000,0,0,0,0,0,0,0,0,0,0,0,0,0,0,0,0,0,0,0,0,0,0,0,0,0,0.0000,0,32,0,0,0,0,0,0
WG_METRICS 315,256,768,3.1146,0.0242,0.0015,3.0356,0.0052,0.0480,256,768,196608,393216,64766.3984,129532.7969,0.0000,0,0.0000,0.0000,0,0.0000,0,0.0000,0.0000,0,0.0000,0.0000,0,0,0,0,0,0,0,0,0,0,0,0,0,0,0,0,0,0,0,0,0,0,0,0,0,0.0000,0,32,0,0,0,0,0,0
WG_METRICS 316,256,768,2.7305,0.0239,0.0001,2.6521,0.0051,0.0492,256,768,196608,393216,74132.1719,148264.3438,0.0000,0,0.0000,0.0000,0,0.0000,0,0.0000,0.0000,0,0.0000,0.0000,0,0,0,0,0,0,0,0,0,0,0,0,0,0,0,0,0,0,0,0,0,0,0,0,0,0.0000,0,32,0,0,0,0,0,0
WG_METRICS 317,256,768,2.7415,0.0244,0.0011,2.6628,0.0055,0.0478,256,768,196608,393216,73835.5000,147671.0000,0.0000,0,0.0000,0.0000,0,0.0000,0,0.0000,0.0000,0,0.0000,0.0000,0,0,0,0,0,0,0,0,0,0,0,0,0,0,0,0,0,0,0,0,0,0,0,0,0,0.0000,0,32,0,0,0,0,0,0
WG_METRICS 318,256,768,2.7359,0.0243,0.0006,2.6565,0.0062,0.0483,256,768,196608,393216,74008.9375,148017.8750,0.0000,0,0.0000,0.0000,0,0.0000,0,0.0000,0.0000,0,0.0000,0.0000,0,0,0,0,0,0,0,0,0,0,0,0,0,0,0,0,0,0,0,0,0,0,0,0,0,0.0000,0,32,0,0,0,0,0,0
WG_METRICS 319,256,768,2.7273,0.0261,0.0000,2.6481,0.0057,0.0474,256,768,196608,393216,74245.9453,148491.8906,0.0000,0,0.0000,0.0000,0,0.0000,0,0.0000,0.0000,0,0.0000,0.0000,0,0,0,0,0,0,0,0,0,0,0,0,0,0,0,0,0,0,0,0,0,0,0,0,0,0.0000,0,32,0,0,0,0,0,0
WG_METRICS 320,256,768,2.7312,0.0237,0.0000,2.6555,0.0051,0.0468,256,768,196608,393216,74038.3672,148076.7344,0.0000,0,0.0000,0.0000,0,0.0000,0,0.0000,0.0000,0,0.0000,0.0000,0,0,0,0,0,0,0,0,0,0,0,0,0,0,0,0,0,0,0,0,0,0,0,0,0,0.0000,0,32,0,0,0,0,0,0
WG_METRICS 321,256,768,2.7104,0.0250,0.0006,2.6316,0.0062,0.0470,256,768,196608,393216,74709.0781,149418.1562,0.0000,0,0.0000,0.0000,0,0.0000,0,0.0000,0.0000,0,0.0000,0.0000,0,0,0,0,0,0,0,0,0,0,0,0,0,0,0,0,0,0,0,0,0,0,0,0,0,0.0000,0,32,0,0,0,0,0,0
WG_METRICS 322,256,768,2.7266,0.0252,0.0006,2.6474,0.0058,0.0476,256,768,196608,393216,74263.8906,148527.7812,0.0000,0,0.0000,0.0000,0,0.0000,0,0.0000,0.0000,0,0.0000,0.0000,0,0,0,0,0,0,0,0,0,0,0,0,0,0,0,0,0,0,0,0,0,0,0,0,0,0.0000,0,32,0,0,0,0,0,0
WG_METRICS 323,256,768,2.7376,0.0250,0.0000,2.6583,0.0060,0.0483,256,768,196608,393216,73959.9375,147919.8750,0.0000,0,0.0000,0.0000,0,0.0000,0,0.0000,0.0000,0,0.0000,0.0000,0,0,0,0,0,0,0,0,0,0,0,0,0,0,0,0,0,0,0,0,0,0,0,0,0,0.0000,0,32,0,0,0,0,0,0
WG_METRICS 324,256,768,2.7277,0.0243,0.0000,2.6501,0.0053,0.0479,256,768,196608,393216,74188.5625,148377.1250,0.0000,0,0.0000,0.0000,0,0.0000,0,0.0000,0.0000,0,0.0000,0.0000,0,0,0,0,0,0,0,0,0,0,0,0,0,0,0,0,0,0,0,0,0,0,0,0,0,0.0000,0,32,0,0,0,0,0,0
WG_METRICS 325,256,768,2.7343,0.0252,0.0001,2.6563,0.0059,0.0469,256,768,196608,393216,74016.9609,148033.9219,0.0000,0,0.0000,0.0000,0,0.0000,0,0.0000,0.0000,0,0.0000,0.0000,0,0,0,0,0,0,0,0,0,0,0,0,0,0,0,0,0,0,0,0,0,0,0,0,0,0.0000,0,32,0,0,0,0,0,0
WG_METRICS 326,256,768,2.7387,0.0251,0.0000,2.6603,0.0059,0.0475,256,768,196608,393216,73905.6719,147811.3438,0.0000,0,0.0000,0.0000,0,0.0000,0,0.0000,0.0000,0,0.0000,0.0000,0,0,0,0,0,0,0,0,0,0,0,0,0,0,0,0,0,0,0,0,0,0,0,0,0,0.0000,0,32,0,0,0,0,0,0
WG_METRICS 327,256,768,2.7226,0.0253,0.0006,2.6441,0.0054,0.0472,256,768,196608,393216,74357.3672,148714.7344,0.0000,0,0.0000,0.0000,0,0.0000,0,0.0000,0.0000,0,0.0000,0.0000,0,0,0,0,0,0,0,0,0,0,0,0,0,0,0,0,0,0,0,0,0,0,0,0,0,0.0000,0,32,0,0,0,0,0,0
WG_METRICS 328,256,768,2.7210,0.0241,0.0006,2.6438,0.0051,0.0474,256,768,196608,393216,74365.4609,148730.9219,0.0000,0,0.0000,0.0000,0,0.0000,0,0.0000,0.0000,0,0.0000,0.0000,0,0,0,0,0,0,0,0,0,0,0,0,0,0,0,0,0,0,0,0,0,0,0,0,0,0.0000,0,32,0,0,0,0,0,0
WG_METRICS 329,256,768,2.7169,0.0238,0.0013,2.6377,0.0059,0.0483,256,768,196608,393216,74538.6797,149077.3594,0.0000,0,0.0000,0.0000,0,0.0000,0,0.0000,0.0000,0,0.0000,0.0000,0,0,0,0,0,0,0,0,0,0,0,0,0,0,0,0,0,0,0,0,0,0,0,0,0,0.0000,0,32,0,0,0,0,0,0
WG_METRICS 330,256,768,2.7372,0.0241,0.0013,2.6573,0.0062,0.0482,256,768,196608,393216,73987.5469,147975.0938,0.0000,0,0.0000,0.0000,0,0.0000,0,0.0000,0.0000,0,0.0000,0.0000,0,0,0,0,0,0,0,0,0,0,0,0,0,0,0,0,0,0,0,0,0,0,0,0,0,0.0000,0,32,0,0,0,0,0,0
WG_METRICS 331,256,768,2.7150,0.0253,0.0006,2.6376,0.0051,0.0464,256,768,196608,393216,74539.5938,149079.1875,0.0000,0,0.0000,0.0000,0,0.0000,0,0.0000,0.0000,0,0.0000,0.0000,0,0,0,0,0,0,0,0,0,0,0,0,0,0,0,0,0,0,0,0,0,0,0,0,0,0.0000,0,32,0,0,0,0,0,0
WG_METRICS 332,256,768,2.7394,0.0238,0.0011,2.6627,0.0051,0.0468,256,768,196608,393216,73839.0547,147678.1094,0.0000,0,0.0000,0.0000,0,0.0000,0,0.0000,0.0000,0,0.0000,0.0000,0,0,0,0,0,0,0,0,0,0,0,0,0,0,0,0,0,0,0,0,0,0,0,0,0,0.0000,0,32,0,0,0,0,0,0
WG_METRICS 333,256,768,2.7224,0.0245,0.0006,2.6455,0.0056,0.0462,256,768,196608,393216,74317.7891,148635.5781,0.0000,0,0.0000,0.0000,0,0.0000,0,0.0000,0.0000,0,0.0000,0.0000,0,0,0,0,0,0,0,0,0,0,0,0,0,0,0,0,0,0,0,0,0,0,0,0,0,0.0000,0,32,0,0,0,0,0,0
WG_METRICS 334,256,768,2.7799,0.0241,0.0000,2.7012,0.0061,0.0485,256,768,196608,393216,72786.7188,145573.4375,0.0000,0,0.0000,0.0000,0,0.0000,0,0.0000,0.0000,0,0.0000,0.0000,0,0,0,0,0,0,0,0,0,0,0,0,0,0,0,0,0,0,0,0,0,0,0,0,0,0.0000,0,32,0,0,0,0,0,0
WG_METRICS 335,256,768,2.7381,0.0247,0.0010,2.6606,0.0051,0.0467,256,768,196608,393216,73896.7734,147793.5469,0.0000,0,0.0000,0.0000,0,0.0000,0,0.0000,0.0000,0,0.0000,0.0000,0,0,0,0,0,0,0,0,0,0,0,0,0,0,0,0,0,0,0,0,0,0,0,0,0,0.0000,0,32,0,0,0,0,0,0
WG_METRICS 336,256,768,3.1122,0.0239,0.0014,3.0337,0.0052,0.0480,256,768,196608,393216,64807.3945,129614.7891,0.0000,0,0.0000,0.0000,0,0.0000,0,0.0000,0.0000,0,0.0000,0.0000,0,0,0,0,0,0,0,0,0,0,0,0,0,0,0,0,0,0,0,0,0,0,0,0,0,0.0000,0,32,0,0,0,0,0,0
WG_METRICS 337,256,768,2.7295,0.0241,0.0000,2.6524,0.0065,0.0464,256,768,196608,393216,74123.2266,148246.4531,0.0000,0,0.0000,0.0000,0,0.0000,0,0.0000,0.0000,0,0.0000,0.0000,0,0,0,0,0,0,0,0,0,0,0,0,0,0,0,0,0,0,0,0,0,0,0,0,0,0.0000,0,32,0,0,0,0,0,0
WG_METRICS 338,256,768,3.1134,0.0247,0.0003,3.0351,0.0056,0.0476,256,768,196608,393216,64777.3281,129554.6562,0.0000,0,0.0000,0.0000,0,0.0000,0,0.0000,0.0000,0,0.0000,0.0000,0,0,0,0,0,0,0,0,0,0,0,0,0,0,0,0,0,0,0,0,0,0,0,0,0,0.0000,0,32,0,0,0,0,0,0
WG_METRICS 339,256,768,2.7414,0.0237,0.0000,2.6644,0.0057,0.0475,256,768,196608,393216,73789.3906,147578.7812,0.0000,0,0.0000,0.0000,0,0.0000,0,0.0000,0.0000,0,0.0000,0.0000,0,0,0,0,0,0,0,0,0,0,0,0,0,0,0,0,0,0,0,0,0,0,0,0,0,0.0000,0,32,0,0,0,0,0,0
WG_METRICS 340,256,768,2.7426,0.0249,0.0000,2.6644,0.0054,0.0478,256,768,196608,393216,73789.3906,147578.7812,0.0000,0,0.0000,0.0000,0,0.0000,0,0.0000,0.0000,0,0.0000,0.0000,0,0,0,0,0,0,0,0,0,0,0,0,0,0,0,0,0,0,0,0,0,0,0,0,0,0.0000,0,32,0,0,0,0,0,0
WG_METRICS 341,256,768,2.7462,0.0244,0.0006,2.6668,0.0065,0.0478,256,768,196608,393216,73722.9922,147445.9844,0.0000,0,0.0000,0.0000,0,0.0000,0,0.0000,0.0000,0,0.0000,0.0000,0,0,0,0,0,0,0,0,0,0,0,0,0,0,0,0,0,0,0,0,0,0,0,0,0,0.0000,0,32,0,0,0,0,0,0
WG_METRICS 342,256,768,2.7284,0.0250,0.0000,2.6501,0.0059,0.0474,256,768,196608,393216,74189.4609,148378.9219,0.0000,0,0.0000,0.0000,0,0.0000,0,0.0000,0.0000,0,0.0000,0.0000,0,0,0,0,0,0,0,0,0,0,0,0,0,0,0,0,0,0,0,0,0,0,0,0,0,0.0000,0,32,0,0,0,0,0,0
WG_METRICS 343,256,768,2.7445,0.0237,0.0012,2.6670,0.0051,0.0474,256,768,196608,393216,73717.6797,147435.3594,0.0000,0,0.0000,0.0000,0,0.0000,0,0.0000,0.0000,0,0.0000,0.0000,0,0,0,0,0,0,0,0,0,0,0,0,0,0,0,0,0,0,0,0,0,0,0,0,0,0.0000,0,32,0,0,0,0,0,0
WG_METRICS 344,256,768,2.7122,0.0251,0.0006,2.6338,0.0052,0.0476,256,768,196608,393216,74649.1719,149298.3438,0.0000,0,0.0000,0.0000,0,0.0000,0,0.0000,0.0000,0,0.0000,0.0000,0,0,0,0,0,0,0,0,0,0,0,0,0,0,0,0,0,0,0,0,0,0,0,0,0,0.0000,0,32,0,0,0,0,0,0
WG_METRICS 345,256,768,2.7225,0.0249,0.0006,2.6423,0.0060,0.0487,256,768,196608,393216,74407.7891,148815.5781,0.0000,0,0.0000,0.0000,0,0.0000,0,0.0000,0.0000,0,0.0000,0.0000,0,0,0,0,0,0,0,0,0,0,0,0,0,0,0,0,0,0,0,0,0,0,0,0,0,0.0000,0,32,0,0,0,0,0,0
WG_METRICS 346,256,768,2.7403,0.0246,0.0015,2.6609,0.0065,0.0467,256,768,196608,393216,73888.7812,147777.5625,0.0000,0,0.0000,0.0000,0,0.0000,0,0.0000,0.0000,0,0.0000,0.0000,0,0,0,0,0,0,0,0,0,0,0,0,0,0,0,0,0,0,0,0,0,0,0,0,0,0.0000,0,32,0,0,0,0,0,0
WG_METRICS 347,256,768,2.7173,0.0243,0.0011,2.6388,0.0052,0.0480,256,768,196608,393216,74506.1406,149012.2812,0.0000,0,0.0000,0.0000,0,0.0000,0,0.0000,0.0000,0,0.0000,0.0000,0,0,0,0,0,0,0,0,0,0,0,0,0,0,0,0,0,0,0,0,0,0,0,0,0,0.0000,0,32,0,0,0,0,0,0
WG_METRICS 348,256,768,2.7187,0.0256,0.0000,2.6415,0.0051,0.0465,256,768,196608,393216,74429.4219,148858.8438,0.0000,0,0.0000,0.0000,0,0.0000,0,0.0000,0.0000,0,0.0000,0.0000,0,0,0,0,0,0,0,0,0,0,0,0,0,0,0,0,0,0,0,0,0,0,0,0,0,0.0000,0,32,0,0,0,0,0,0
WG_METRICS 349,256,768,2.7083,0.0247,0.0006,2.6278,0.0063,0.0488,256,768,196608,393216,74818.2500,149636.5000,0.0000,0,0.0000,0.0000,0,0.0000,0,0.0000,0.0000,0,0.0000,0.0000,0,0,0,0,0,0,0,0,0,0,0,0,0,0,0,0,0,0,0,0,0,0,0,0,0,0.0000,0,32,0,0,0,0,0,0
WG_METRICS 350,256,768,2.7136,0.0251,0.0000,2.6350,0.0059,0.0477,256,768,196608,393216,74614.7266,149229.4531,0.0000,0,0.0000,0.0000,0,0.0000,0,0.0000,0.0000,0,0.0000,0.0000,0,0,0,0,0,0,0,0,0,0,0,0,0,0,0,0,0,0,0,0,0,0,0,0,0,0.0000,0,32,0,0,0,0,0,0
WG_METRICS 351,256,768,3.0983,0.0244,0.0013,3.0195,0.0055,0.0476,256,768,196608,393216,65113.0234,130226.0469,0.0000,0,0.0000,0.0000,0,0.0000,0,0.0000,0.0000,0,0.0000,0.0000,0,0,0,0,0,0,0,0,0,0,0,0,0,0,0,0,0,0,0,0,0,0,0,0,0,0.0000,0,32,0,0,0,0,0,0
WG_METRICS 352,256,768,2.7362,0.0244,0.0004,2.6573,0.0051,0.0490,256,768,196608,393216,73986.6562,147973.3125,0.0000,0,0.0000,0.0000,0,0.0000,0,0.0000,0.0000,0,0.0000,0.0000,0,0,0,0,0,0,0,0,0,0,0,0,0,0,0,0,0,0,0,0,0,0,0,0,0,0.0000,0,32,0,0,0,0,0,0
WG_METRICS 353,256,768,2.7178,0.0250,0.0006,2.6393,0.0051,0.0478,256,768,196608,393216,74491.6875,148983.3750,0.0000,0,0.0000,0.0000,0,0.0000,0,0.0000,0.0000,0,0.0000,0.0000,0,0,0,0,0,0,0,0,0,0,0,0,0,0,0,0,0,0,0,0,0,0,0,0,0,0.0000,0,32,0,0,0,0,0,0
WG_METRICS 354,256,768,2.7568,0.0243,0.0005,2.6767,0.0066,0.0487,256,768,196608,393216,73450.6484,146901.2969,0.0000,0,0.0000,0.0000,0,0.0000,0,0.0000,0.0000,0,0.0000,0.0000,0,0,0,0,0,0,0,0,0,0,0,0,0,0,0,0,0,0,0,0,0,0,0,0,0,0.0000,0,32,0,0,0,0,0,0
WG_METRICS 355,256,768,2.7155,0.0244,0.0017,2.6361,0.0058,0.0475,256,768,196608,393216,74582.1172,149164.2344,0.0000,0,0.0000,0.0000,0,0.0000,0,0.0000,0.0000,0,0.0000,0.0000,0,0,0,0,0,0,0,0,0,0,0,0,0,0,0,0,0,0,0,0,0,0,0,0,0,0.0000,0,32,0,0,0,0,0,0
WG_METRICS 356,256,768,2.7140,0.0248,0.0005,2.6358,0.0052,0.0478,256,768,196608,393216,74592.0703,149184.1406,0.0000,0,0.0000,0.0000,0,0.0000,0,0.0000,0.0000,0,0.0000,0.0000,0,0,0,0,0,0,0,0,0,0,0,0,0,0,0,0,0,0,0,0,0,0,0,0,0,0.0000,0,32,0,0,0,0,0,0
WG_METRICS 357,256,768,2.7306,0.0254,0.0000,2.6522,0.0052,0.0477,256,768,196608,393216,74131.2734,148262.5469,0.0000,0,0.0000,0.0000,0,0.0000,0,0.0000,0.0000,0,0.0000,0.0000,0,0,0,0,0,0,0,0,0,0,0,0,0,0,0,0,0,0,0,0,0,0,0,0,0,0.0000,0,32,0,0,0,0,0,0
WG_METRICS 358,256,768,2.7308,0.0240,0.0011,2.6522,0.0055,0.0479,256,768,196608,393216,74129.4844,148258.9688,0.0000,0,0.0000,0.0000,0,0.0000,0,0.0000,0.0000,0,0.0000,0.0000,0,0,0,0,0,0,0,0,0,0,0,0,0,0,0,0,0,0,0,0,0,0,0,0,0,0.0000,0,32,0,0,0,0,0,0
WG_METRICS 359,256,768,2.7221,0.0255,0.0002,2.6419,0.0060,0.0484,256,768,196608,393216,74418.6016,148837.2031,0.0000,0,0.0000,0.0000,0,0.0000,0,0.0000,0.0000,0,0.0000,0.0000,0,0,0,0,0,0,0,0,0,0,0,0,0,0,0,0,0,0,0,0,0,0,0,0,0,0.0000,0,32,0,0,0,0,0,0
WG_METRICS 360,256,768,2.7172,0.0241,0.0000,2.6409,0.0051,0.0471,256,768,196608,393216,74446.5547,148893.1094,0.0000,0,0.0000,0.0000,0,0.0000,0,0.0000,0.0000,0,0.0000,0.0000,0,0,0,0,0,0,0,0,0,0,0,0,0,0,0,0,0,0,0,0,0,0,0,0,0,0.0000,0,32,0,0,0,0,0,0
WG_METRICS 361,256,768,2.7398,0.0247,0.0000,2.6604,0.0058,0.0490,256,768,196608,393216,73903.0000,147806.0000,0.0000,0,0.0000,0.0000,0,0.0000,0,0.0000,0.0000,0,0.0000,0.0000,0,0,0,0,0,0,0,0,0,0,0,0,0,0,0,0,0,0,0,0,0,0,0,0,0,0.0000,0,32,0,0,0,0,0,0
WG_METRICS 362,256,768,2.7271,0.0242,0.0004,2.6494,0.0057,0.0474,256,768,196608,393216,74208.2734,148416.5469,0.0000,0,0.0000,0.0000,0,0.0000,0,0.0000,0.0000,0,0.0000,0.0000,0,0,0,0,0,0,0,0,0,0,0,0,0,0,0,0,0,0,0,0,0,0,0,0,0,0.0000,0,32,0,0,0,0,0,0
WG_METRICS 363,256,768,2.7126,0.0245,0.0000,2.6337,0.0063,0.0480,256,768,196608,393216,74650.0781,149300.1562,0.0000,0,0.0000,0.0000,0,0.0000,0,0.0000,0.0000,0,0.0000,0.0000,0,0,0,0,0,0,0,0,0,0,0,0,0,0,0,0,0,0,0,0,0,0,0,0,0,0.0000,0,32,0,0,0,0,0,0
WG_METRICS 364,256,768,2.7875,0.0239,0.0006,2.7098,0.0058,0.0475,256,768,196608,393216,72554.6484,145109.2969,0.0000,0,0.0000,0.0000,0,0.0000,0,0.0000,0.0000,0,0.0000,0.0000,0,0,0,0,0,0,0,0,0,0,0,0,0,0,0,0,0,0,0,0,0,0,0,0,0,0.0000,0,32,0,0,0,0,0,0
WG_METRICS 365,256,768,2.7306,0.0254,0.0000,2.6523,0.0057,0.0472,256,768,196608,393216,74126.8047,148253.6094,0.0000,0,0.0000,0.0000,0,0.0000,0,0.0000,0.0000,0,0.0000,0.0000,0,0,0,0,0,0,0,0,0,0,0,0,0,0,0,0,0,0,0,0,0,0,0,0,0,0.0000,0,32,0,0,0,0,0,0
WG_METRICS 366,256,768,3.1014,0.0250,0.0003,3.0228,0.0051,0.0482,256,768,196608,393216,65040.6523,130081.3047,0.0000,0,0.0000,0.0000,0,0.0000,0,0.0000,0.0000,0,0.0000,0.0000,0,0,0,0,0,0,0,0,0,0,0,0,0,0,0,0,0,0,0,0,0,0,0,0,0,0.0000,0,32,0,0,0,0,0,0
WG_METRICS 367,256,768,2.7120,0.0239,0.0000,2.6352,0.0051,0.0478,256,768,196608,393216,74609.2812,149218.5625,0.0000,0,0.0000,0.0000,0,0.0000,0,0.0000,0.0000,0,0.0000,0.0000,0,0,0,0,0,0,0,0,0,0,0,0,0,0,0,0,0,0,0,0,0,0,0,0,0,0.0000,0,32,0,0,0,0,0,0
WG_METRICS 368,256,768,3.1349,0.0240,0.0015,3.0561,0.0057,0.0476,256,768,196608,393216,64332.3828,128664.7656,0.0000,0,0.0000,0.0000,0,0.0000,0,0.0000,0.0000,0,0.0000,0.0000,0,0,0,0,0,0,0,0,0,0,0,0,0,0,0,0,0,0,0,0,0,0,0,0,0,0.0000,0,32,0,0,0,0,0,0
WG_METRICS 369,256,768,2.7420,0.0242,0.0001,2.6624,0.0068,0.0484,256,768,196608,393216,73846.1562,147692.3125,0.0000,0,0.0000,0.0000,0,0.0000,0,0.0000,0.0000,0,0.0000,0.0000,0,0,0,0,0,0,0,0,0,0,0,0,0,0,0,0,0,0,0,0,0,0,0,0,0,0.0000,0,32,0,0,0,0,0,0
WG_METRICS 370,256,768,2.7371,0.0244,0.0011,2.6568,0.0060,0.0486,256,768,196608,393216,74001.8047,148003.6094,0.0000,0,0.0000,0.0000,0,0.0000,0,0.0000,0.0000,0,0.0000,0.0000,0,0,0,0,0,0,0,0,0,0,0,0,0,0,0,0,0,0,0,0,0,0,0,0,0,0.0000,0,32,0,0,0,0,0,0
WG_METRICS 371,256,768,2.7420,0.0246,0.0000,2.6643,0.0051,0.0480,256,768,196608,393216,73793.8203,147587.6406,0.0000,0,0.0000,0.0000,0,0.0000,0,0.0000,0.0000,0,0.0000,0.0000,0,0,0,0,0,0,0,0,0,0,0,0,0,0,0,0,0,0,0,0,0,0,0,0,0,0.0000,0,32,0,0,0,0,0,0
WG_METRICS 372,256,768,2.7132,0.0258,0.0004,2.6337,0.0065,0.0468,256,768,196608,393216,74650.0781,149300.1562,0.0000,0,0.0000,0.0000,0,0.0000,0,0.0000,0.0000,0,0.0000,0.0000,0,0,0,0,0,0,0,0,0,0,0,0,0,0,0,0,0,0,0,0,0,0,0,0,0,0.0000,0,32,0,0,0,0,0,0
WG_METRICS 373,256,768,2.7270,0.0247,0.0006,2.6481,0.0057,0.0480,256,768,196608,393216,74245.0391,148490.0781,0.0000,0,0.0000,0.0000,0,0.0000,0,0.0000,0.0000,0,0.0000,0.0000,0,0,0,0,0,0,0,0,0,0,0,0,0,0,0,0,0,0,0,0,0,0,0,0,0,0.0000,0,32,0,0,0,0,0,0
WG_METRICS 374,256,768,2.7264,0.0252,0.0005,2.6479,0.0051,0.0476,256,768,196608,393216,74251.3203,148502.6406,0.0000,0,0.0000,0.0000,0,0.0000,0,0.0000,0.0000,0,0.0000,0.0000,0,0,0,0,0,0,0,0,0,0,0,0,0,0,0,0,0,0,0,0,0,0,0,0,0,0.0000,0,32,0,0,0,0,0,0
WG_METRICS 375,256,768,2.7063,0.0247,0.0006,2.6289,0.0051,0.0470,256,768,196608,393216,74786.3750,149572.7500,0.0000,0,0.0000,0.0000,0,0.0000,0,0.0000,0.0000,0,0.0000,0.0000,0,0,0,0,0,0,0,0,0,0,0,0,0,0,0,0,0,0,0,0,0,0,0,0,0,0.0000,0,32,0,0,0,0,0,0
WG_METRICS 376,256,768,2.7364,0.0252,0.0004,2.6581,0.0056,0.0470,256,768,196608,393216,73965.2812,147930.5625,0.0000,0,0.0000,0.0000,0,0.0000,0,0.0000,0.0000,0,0.0000,0.0000,0,0,0,0,0,0,0,0,0,0,0,0,0,0,0,0,0,0,0,0,0,0,0,0,0,0.0000,0,32,0,0,0,0,0,0
WG_METRICS 377,256,768,2.7206,0.0243,0.0000,2.6419,0.0060,0.0483,256,768,196608,393216,74418.6016,148837.2031,0.0000,0,0.0000,0.0000,0,0.0000,0,0.0000,0.0000,0,0.0000,0.0000,0,0,0,0,0,0,0,0,0,0,0,0,0,0,0,0,0,0,0,0,0,0,0,0,0,0.0000,0,32,0,0,0,0,0,0
WG_METRICS 378,256,768,2.7348,0.0242,0.0011,2.6563,0.0051,0.0483,256,768,196608,393216,74016.9609,148033.9219,0.0000,0,0.0000,0.0000,0,0.0000,0,0.0000,0.0000,0,0.0000,0.0000,0,0,0,0,0,0,0,0,0,0,0,0,0,0,0,0,0,0,0,0,0,0,0,0,0,0.0000,0,32,0,0,0,0,0,0
WG_METRICS 379,256,768,2.7171,0.0240,0.0011,2.6388,0.0051,0.0482,256,768,196608,393216,74507.9531,149015.9062,0.0000,0,0.0000,0.0000,0,0.0000,0,0.0000,0.0000,0,0.0000,0.0000,0,0,0,0,0,0,0,0,0,0,0,0,0,0,0,0,0,0,0,0,0,0,0,0,0,0.0000,0,32,0,0,0,0,0,0
WG_METRICS 380,256,768,2.7524,0.0245,0.0000,2.6765,0.0056,0.0459,256,768,196608,393216,73456.7969,146913.5938,0.0000,0,0.0000,0.0000,0,0.0000,0,0.0000,0.0000,0,0.0000,0.0000,0,0,0,0,0,0,0,0,0,0,0,0,0,0,0,0,0,0,0,0,0,0,0,0,0,0.0000,0,32,0,0,0,0,0,0
WG_METRICS 381,256,768,2.7197,0.0239,0.0006,2.6413,0.0059,0.0481,256,768,196608,393216,74436.6406,148873.2812,0.0000,0,0.0000,0.0000,0,0.0000,0,0.0000,0.0000,0,0.0000,0.0000,0,0,0,0,0,0,0,0,0,0,0,0,0,0,0,0,0,0,0,0,0,0,0,0,0,0.0000,0,32,0,0,0,0,0,0
WG_METRICS 382,256,768,2.7128,0.0252,0.0006,2.6356,0.0051,0.0464,256,768,196608,393216,74597.5078,149195.0156,0.0000,0,0.0000,0.0000,0,0.0000,0,0.0000,0.0000,0,0.0000,0.0000,0,0,0,0,0,0,0,0,0,0,0,0,0,0,0,0,0,0,0,0,0,0,0,0,0,0.0000,0,32,0,0,0,0,0,0
WG_METRICS 383,256,768,3.1605,0.0242,0.0006,3.0825,0.0057,0.0475,256,768,196608,393216,63782.0781,127564.1562,0.0000,0,0.0000,0.0000,0,0.0000,0,0.0000,0.0000,0,0.0000,0.0000,0,0,0,0,0,0,0,0,0,0,0,0,0,0,0,0,0,0,0,0,0,0,0,0,0,0.0000,0,32,0,0,0,0,0,0
WG_METRICS 384,256,768,2.7720,0.0256,0.0000,2.6942,0.0058,0.0463,256,768,196608,393216,72974.3203,145948.6406,0.0000,0,0.0000,0.0000,0,0.0000,0,0.0000,0.0000,0,0.0000,0.0000,0,0,0,0,0,0,0,0,0,0,0,0,0,0,0,0,0,0,0,0,0,0,0,0,0,0.0000,0,32,0,0,0,0,0,0
WG_METRICS 385,256,768,3.1565,0.0250,0.0006,3.0780,0.0050,0.0480,256,768,196608,393216,63874.9102,127749.8203,0.0000,0,0.0000,0.0000,0,0.0000,0,0.0000,0.0000,0,0.0000,0.0000,0,0,0,0,0,0,0,0,0,0,0,0,0,0,0,0,0,0,0,0,0,0,0,0,0,0.0000,0,32,0,0,0,0,0,0
WG_METRICS 386,256,768,2.7530,0.0235,0.0000,2.6764,0.0051,0.0480,256,768,196608,393216,73460.3125,146920.6250,0.0000,0,0.0000,0.0000,0,0.0000,0,0.0000,0.0000,0,0.0000,0.0000,0,0,0,0,0,0,0,0,0,0,0,0,0,0,0,0,0,0,0,0,0,0,0,0,0,0.0000,0,32,0,0,0,0,0,0
WG_METRICS 387,256,768,3.1222,0.0248,0.0006,3.0415,0.0063,0.0490,256,768,196608,393216,64641.0234,129282.0469,0.0000,0,0.0000,0.0000,0,0.0000,0,0.0000,0.0000,0,0.0000,0.0000,0,0,0,0,0,0,0,0,0,0,0,0,0,0,0,0,0,0,0,0,0,0,0,0,0,0.0000,0,32,0,0,0,0,0,0
WG_METRICS 388,256,768,2.7698,0.0240,0.0010,2.6913,0.0056,0.0479,256,768,196608,393216,73053.2734,146106.5469,0.0000,0,0.0000,0.0000,0,0.0000,0,0.0000,0.0000,0,0.0000,0.0000,0,0,0,0,0,0,0,0,0,0,0,0,0,0,0,0,0,0,0,0,0,0,0,0,0,0.0000,0,32,0,0,0,0,0,0
WG_METRICS 389,256,768,2.7370,0.0252,0.0003,2.6601,0.0051,0.0463,256,768,196608,393216,73909.2188,147818.4375,0.0000,0,0.0000,0.0000,0,0.0000,0,0.0000,0.0000,0,0.0000,0.0000,0,0,0,0,0,0,0,0,0,0,0,0,0,0,0,0,0,0,0,0,0,0,0,0,0,0.0000,0,32,0,0,0,0,0,0
WG_METRICS 390,256,768,2.7270,0.0237,0.0006,2.6497,0.0051,0.0480,256,768,196608,393216,74201.1094,148402.2188,0.0000,0,0.0000,0.0000,0,0.0000,0,0.0000,0.0000,0,0.0000,0.0000,0,0,0,0,0,0,0,0,0,0,0,0,0,0,0,0,0,0,0,0,0,0,0,0,0,0.0000,0,32,0,0,0,0,0,0
WG_METRICS 391,256,768,2.7474,0.0253,0.0006,2.6667,0.0059,0.0488,256,768,196608,393216,73726.5312,147453.0625,0.0000,0,0.0000,0.0000,0,0.0000,0,0.0000,0.0000,0,0.0000,0.0000,0,0,0,0,0,0,0,0,0,0,0,0,0,0,0,0,0,0,0,0,0,0,0,0,0,0.0000,0,32,0,0,0,0,0,0
WG_METRICS 392,256,768,2.7475,0.0247,0.0006,2.6680,0.0060,0.0482,256,768,196608,393216,73692.0391,147384.0781,0.0000,0,0.0000,0.0000,0,0.0000,0,0.0000,0.0000,0,0.0000,0.0000,0,0,0,0,0,0,0,0,0,0,0,0,0,0,0,0,0,0,0,0,0,0,0,0,0,0.0000,0,32,0,0,0,0,0,0
WG_METRICS 393,256,768,2.7577,0.0249,0.0006,2.6790,0.0056,0.0476,256,768,196608,393216,73389.2344,146778.4688,0.0000,0,0.0000,0.0000,0,0.0000,0,0.0000,0.0000,0,0.0000,0.0000,0,0,0,0,0,0,0,0,0,0,0,0,0,0,0,0,0,0,0,0,0,0,0,0,0,0.0000,0,32,0,0,0,0,0,0
WG_METRICS 394,256,768,2.7441,0.0249,0.0003,2.6646,0.0056,0.0487,256,768,196608,393216,73785.8438,147571.6875,0.0000,0,0.0000,0.0000,0,0.0000,0,0.0000,0.0000,0,0.0000,0.0000,0,0,0,0,0,0,0,0,0,0,0,0,0,0,0,0,0,0,0,0,0,0,0,0,0,0.0000,0,32,0,0,0,0,0,0
WG_METRICS 395,256,768,2.7415,0.0246,0.0000,2.6640,0.0056,0.0474,256,768,196608,393216,73802.6875,147605.3750,0.0000,0,0.0000,0.0000,0,0.0000,0,0.0000,0.0000,0,0.0000,0.0000,0,0,0,0,0,0,0,0,0,0,0,0,0,0,0,0,0,0,0,0,0,0,0,0,0,0.0000,0,32,0,0,0,0,0,0
WG_METRICS 396,256,768,2.7750,0.0247,0.0012,2.6951,0.0056,0.0485,256,768,196608,393216,72950.9297,145901.8594,0.0000,0,0.0000,0.0000,0,0.0000,0,0.0000,0.0000,0,0.0000,0.0000,0,0,0,0,0,0,0,0,0,0,0,0,0,0,0,0,0,0,0,0,0,0,0,0,0,0.0000,0,32,0,0,0,0,0,0
WG_METRICS 397,256,768,2.7590,0.0254,0.0000,2.6804,0.0051,0.0481,256,768,196608,393216,73350.6875,146701.3750,0.0000,0,0.0000,0.0000,0,0.0000,0,0.0000,0.0000,0,0.0000,0.0000,0,0,0,0,0,0,0,0,0,0,0,0,0,0,0,0,0,0,0,0,0,0,0,0,0,0.0000,0,32,0,0,0,0,0,0
WG_METRICS 398,256,768,2.7713,0.0249,0.0000,2.6929,0.0052,0.0483,256,768,196608,393216,73010.7422,146021.4844,0.0000,0,0.0000,0.0000,0,0.0000,0,0.0000,0.0000,0,0.0000,0.0000,0,0,0,0,0,0,0,0,0,0,0,0,0,0,0,0,0,0,0,0,0,0,0,0,0,0.0000,0,32,0,0,0,0,0,0
WG_METRICS 399,256,768,2.7521,0.0241,0.0015,2.6731,0.0060,0.0473,256,768,196608,393216,73550.0078,147100.0156,0.0000,0,0.0000,0.0000,0,0.0000,0,0.0000,0.0000,0,0.0000,0.0000,0,0,0,0,0,0,0,0,0,0,0,0,0,0,0,0,0,0,0,0,0,0,0,0,0,0.0000,0,32,0,0,0,0,0,0
WG_METRICS 400,256,768,2.7436,0.0239,0.0012,2.6632,0.0066,0.0487,256,768,196608,393216,73823.9766,147647.9531,0.0000,0,0.0000,0.0000,0,0.0000,0,0.0000,0.0000,0,0.0000,0.0000,0,0,0,0,0,0,0,0,0,0,0,0,0,0,0,0,0,0,0,0,0,0,0,0,0,0.0000,0,32,0,0,0,0,0,0
