WG_METRICS_HEADER frame,q1_shards,q1_shard_capacity,gpu_frame_ms,reset_ms,reset_barrier_ms,compute_ms,metrics_copy_ms,render_ms,q2_shards,q2_shard_capacity,edges,vertices,edges_per_ms,vertices_per_ms,q1_deq_attempt_mean,q1_deq_attempt_max,q1_deq_attempt_imbalance,q1_deq_cas_fail_mean,q1_deq_cas_fail_max,q1_deq_probe_mean,q1_deq_probe_max,q1_deq_probe_imbalance,q1_enq_attempt_mean,q1_enq_attempt_max,q1_enq_attempt_imbalance,q1_high_water_mean,q1_high_water_max,q1_enq_ok,q1_enq_cas_fail,q1_enq_full,q1_deq_ok,q1_deq_cas_fail,q1_deq_empty,q1_ready_cas_fail,q1_ready_max_spin,q1_high_water,q2_enq_ok,q2_enq_cas_fail,q2_enq_full,q2_deq_ok,q2_deq_cas_fail,q2_deq_empty,q2_ready_cas_fail,q2_ready_max_spin,q2_high_water,q2_deq_batches,q2_deq_batch_slots,q2_deq_batch_cas_attempts,q2_deq_batch_cas_fail,q2_deq_batch_empty,q2_deq_batch_partial,q2_deq_slots_per_batch,q2_deq_batch_enabled,q2_deq_batch_limit,node_a_seed,node_b_tasks,node_b_subdivide,node_b_final,node_c_output,stop_writes
WG_METRICS 1,256,768,2.6023,0.0108,0.0073,2.5286,0.0106,0.0450,256,768,196608,393216,77754.9297,155509.8594,0.0000,0,0.0000,0.0000,0,0.0000,0,0.0000,0.0000,0,0.0000,0.0000,0,0,0,0,0,0,0,0,0,0,0,0,0,0,0,0,0,0,0,0,0,0,0,0,0,0.0000,0,32,0,0,0,0,0,0
WG_METRICS 2,256,768,2.5718,0.0098,0.0073,2.5028,0.0102,0.0417,256,768,196608,393216,78556.4766,157112.9531,0.0000,0,0.0000,0.0000,0,0.0000,0,0.0000,0.0000,0,0.0000,0.0000,0,0,0,0,0,0,0,0,0,0,0,0,0,0,0,0,0,0,0,0,0,0,0,0,0,0.0000,0,32,0,0,0,0,0,0
WG_METRICS 3,256,768,2.4707,0.0100,0.0073,2.3963,0.0186,0.0385,256,768,196608,393216,82045.7969,164091.5938,0.0000,0,0.0000,0.0000,0,0.0000,0,0.0000,0.0000,0,0.0000,0.0000,0,0,0,0,0,0,0,0,0,0,0,0,0,0,0,0,0,0,0,0,0,0,0,0,0,0.0000,0,32,0,0,0,0,0,0
WG_METRICS 4,256,768,2.5916,0.0100,0.0073,2.5132,0.0192,0.0418,256,768,196608,393216,78228.8984,156457.7969,0.0000,0,0.0000,0.0000,0,0.0000,0,0.0000,0.0000,0,0.0000,0.0000,0,0,0,0,0,0,0,0,0,0,0,0,0,0,0,0,0,0,0,0,0,0,0,0,0,0.0000,0,32,0,0,0,0,0,0
WG_METRICS 5,256,768,2.6051,0.0098,0.0073,2.5230,0.0223,0.0427,256,768,196608,393216,77927.5156,155855.0312,0.0000,0,0.0000,0.0000,0,0.0000,0,0.0000,0.0000,0,0.0000,0.0000,0,0,0,0,0,0,0,0,0,0,0,0,0,0,0,0,0,0,0,0,0,0,0,0,0,0.0000,0,32,0,0,0,0,0,0
WG_METRICS 6,256,768,2.5674,0.0098,0.0073,2.4890,0.0191,0.0421,256,768,196608,393216,78990.7578,157981.5156,0.0000,0,0.0000,0.0000,0,0.0000,0,0.0000,0.0000,0,0.0000,0.0000,0,0,0,0,0,0,0,0,0,0,0,0,0,0,0,0,0,0,0,0,0,0,0,0,0,0.0000,0,32,0,0,0,0,0,0
WG_METRICS 7,256,768,2.6038,0.0099,0.0073,2.5338,0.0109,0.0419,256,768,196608,393216,77595.3516,155190.7031,0.0000,0,0.0000,0.0000,0,0.0000,0,0.0000,0.0000,0,0.0000,0.0000,0,0,0,0,0,0,0,0,0,0,0,0,0,0,0,0,0,0,0,0,0,0,0,0,0,0.0000,0,32,0,0,0,0,0,0
WG_METRICS 8,256,768,2.5700,0.0098,0.0073,2.4904,0.0192,0.0433,256,768,196608,393216,78945.0859,157890.1719,0.0000,0,0.0000,0.0000,0,0.0000,0,0.0000,0.0000,0,0.0000,0.0000,0,0,0,0,0,0,0,0,0,0,0,0,0,0,0,0,0,0,0,0,0,0,0,0,0,0.0000,0,32,0,0,0,0,0,0
WG_METRICS 9,256,768,2.5811,0.0098,0.0073,2.5030,0.0188,0.0421,256,768,196608,393216,78547.6875,157095.3750,0.0000,0,0.0000,0.0000,0,0.0000,0,0.0000,0.0000,0,0.0000,0.0000,0,0,0,0,0,0,0,0,0,0,0,0,0,0,0,0,0,0,0,0,0,0,0,0,0,0.0000,0,32,0,0,0,0,0,0
WG_METRICS 10,256,768,2.5924,0.0099,0.0073,2.5168,0.0148,0.0437,256,768,196608,393216,78118.2500,156236.5000,0.0000,0,0.0000,0.0000,0,0.0000,0,0.0000,0.0000,0,0.0000,0.0000,0,0,0,0,0,0,0,0,0,0,0,0,0,0,0,0,0,0,0,0,0,0,0,0,0,0.0000,0,32,0,0,0,0,0,0
WG_METRICS 11,256,768,2.5882,0.0100,0.0073,2.5079,0.0189,0.0441,256,768,196608,393216,78396.0938,156792.1875,0.0000,0,0.0000,0.0000,0,0.0000,0,0.0000,0.0000,0,0.0000,0.0000,0,0,0,0,0,0,0,0,0,0,0,0,0,0,0,0,0,0,0,0,0,0,0,0,0,0.0000,0,32,0,0,0,0,0,0
WG_METRICS 12,256,768,2.5512,0.0101,0.0073,2.4695,0.0223,0.0420,256,768,196608,393216,79615.1406,159230.2812,0.0000,0,0.0000,0.0000,0,0.0000,0,0.0000,0.0000,0,0.0000,0.0000,0,0,0,0,0,0,0,0,0,0,0,0,0,0,0,0,0,0,0,0,0,0,0,0,0,0.0000,0,32,0,0,0,0,0,0
WG_METRICS 13,256,768,2.5687,0.0099,0.0073,2.4910,0.0188,0.0417,256,768,196608,393216,78927.3438,157854.6875,0.0000,0,0.0000,0.0000,0,0.0000,0,0.0000,0.0000,0,0.0000,0.0000,0,0,0,0,0,0,0,0,0,0,0,0,0,0,0,0,0,0,0,0,0,0,0,0,0,0.0000,0,32,0,0,0,0,0,0
WG_METRICS 14,256,768,2.6046,0.0100,0.0073,2.5342,0.0112,0.0418,256,768,196608,393216,77581.8828,155163.7656,0.0000,0,0.0000,0.0000,0,0.0000,0,0.0000,0.0000,0,0.0000,0.0000,0,0,0,0,0,0,0,0,0,0,0,0,0,0,0,0,0,0,0,0,0,0,0,0,0,0.0000,0,32,0,0,0,0,0,0
WG_METRICS 15,256,768,2.5392,0.0100,0.0073,2.4593,0.0189,0.0437,256,768,196608,393216,79944.0469,159888.0938,0.0000,0,0.0000,0.0000,0,0.0000,0,0.0000,0.0000,0,0.0000,0.0000,0,0,0,0,0,0,0,0,0,0,0,0,0,0,0,0,0,0,0,0,0,0,0,0,0,0.0000,0,32,0,0,0,0,0,0
WG_METRICS 16,256,768,2.5476,0.0098,0.0073,2.4767,0.0120,0.0418,256,768,196608,393216,79382.4062,158764.8125,0.0000,0,0.0000,0.0000,0,0.0000,0,0.0000,0.0000,0,0.0000,0.0000,0,0,0,0,0,0,0,0,0,0,0,0,0,0,0,0,0,0,0,0,0,0,0,0,0,0.0000,0,32,0,0,0,0,0,0
WG_METRICS 17,256,768,2.5746,0.0100,0.0073,2.4962,0.0189,0.0422,256,768,196608,393216,78762.9141,157525.8281,0.0000,0,0.0000,0.0000,0,0.0000,0,0.0000,0.0000,0,0.0000,0.0000,0,0,0,0,0,0,0,0,0,0,0,0,0,0,0,0,0,0,0,0,0,0,0,0,0,0.0000,0,32,0,0,0,0,0,0
WG_METRICS 18,256,768,2.5767,0.0102,0.0073,2.4982,0.0191,0.0420,256,768,196608,393216,78699.8672,157399.7344,0.0000,0,0.0000,0.0000,0,0.0000,0,0.0000,0.0000,0,0.0000,0.0000,0,0,0,0,0,0,0,0,0,0,0,0,0,0,0,0,0,0,0,0,0,0,0,0,0,0.0000,0,32,0,0,0,0,0,0
WG_METRICS 19,256,768,2.5621,0.0100,0.0073,2.4840,0.0188,0.0420,256,768,196608,393216,79151.0391,158302.0781,0.0000,0,0.0000,0.0000,0,0.0000,0,0.0000,0.0000,0,0.0000,0.0000,0,0,0,0,0,0,0,0,0,0,0,0,0,0,0,0,0,0,0,0,0,0,0,0,0,0.0000,0,32,0,0,0,0,0,0
WG_METRICS 20,256,768,2.5940,0.0098,0.0073,2.5161,0.0191,0.0417,256,768,196608,393216,78139.3594,156278.7188,0.0000,0,0.0000,0.0000,0,0.0000,0,0.0000,0.0000,0,0.0000,0.0000,0,0,0,0,0,0,0,0,0,0,0,0,0,0,0,0,0,0,0,0,0,0,0,0,0,0.0000,0,32,0,0,0,0,0,0
WG_METRICS 21,256,768,2.5910,0.0100,0.0073,2.5156,0.0100,0.0481,256,768,196608,393216,78155.5078,156311.0156,0.0000,0,0.0000,0.0000,0,0.0000,0,0.0000,0.0000,0,0.0000,0.0000,0,0,0,0,0,0,0,0,0,0,0,0,0,0,0,0,0,0,0,0,0,0,0,0,0,0.0000,0,32,0,0,0,0,0,0
WG_METRICS 22,256,768,2.5629,0.0099,0.0073,2.4847,0.0189,0.0421,256,768,196608,393216,79128.1016,158256.2031,0.0000,0,0.0000,0.0000,0,0.0000,0,0.0000,0.0000,0,0.0000,0.0000,0,0,0,0,0,0,0,0,0,0,0,0,0,0,0,0,0,0,0,0,0,0,0,0,0,0.0000,0,32,0,0,0,0,0,0
WG_METRICS 23,256,768,2.5911,0.0100,0.0073,2.5131,0.0189,0.0419,256,768,196608,393216,78233.8828,156467.7656,0.0000,0,0.0000,0.0000,0,0.0000,0,0.0000,0.0000,0,0.0000,0.0000,0,0,0,0,0,0,0,0,0,0,0,0,0,0,0,0,0,0,0,0,0,0,0,0,0,0.0000,0,32,0,0,0,0,0,0
WG_METRICS 24,256,768,2.6106,0.0099,0.0073,2.5240,0.0268,0.0425,256,768,196608,393216,77894.1719,155788.3438,0.0000,0,0.0000,0.0000,0,0.0000,0,0.0000,0.0000,0,0.0000,0.0000,0,0,0,0,0,0,0,0,0,0,0,0,0,0,0,0,0,0,0,0,0,0,0,0,0,0.0000,0,32,0,0,0,0,0,0
WG_METRICS 25,256,768,2.5770,0.0099,0.0073,2.4970,0.0189,0.0439,256,768,196608,393216,78738.9453,157477.8906,0.0000,0,0.0000,0.0000,0,0.0000,0,0.0000,0.0000,0,0.0000,0.0000,0,0,0,0,0,0,0,0,0,0,0,0,0,0,0,0,0,0,0,0,0,0,0,0,0,0.0000,0,32,0,0,0,0,0,0
WG_METRICS 26,256,768,2.5974,0.0099,0.0074,2.5190,0.0191,0.0421,256,768,196608,393216,78051.2578,156102.5156,0.0000,0,0.0000,0.0000,0,0.0000,0,0.0000,0.0000,0,0.0000,0.0000,0,0,0,0,0,0,0,0,0,0,0,0,0,0,0,0,0,0,0,0,0,0,0,0,0,0.0000,0,32,0,0,0,0,0,0
WG_METRICS 27,256,768,2.5745,0.0100,0.0073,2.5007,0.0145,0.0420,256,768,196608,393216,78620.5547,157241.1094,0.0000,0,0.0000,0.0000,0,0.0000,0,0.0000,0.0000,0,0.0000,0.0000,0,0,0,0,0,0,0,0,0,0,0,0,0,0,0,0,0,0,0,0,0,0,0,0,0,0.0000,0,32,0,0,0,0,0,0
WG_METRICS 28,256,768,2.6137,0.0098,0.0073,2.5360,0.0191,0.0415,256,768,196608,393216,77526.8125,155053.6250,0.0000,0,0.0000,0.0000,0,0.0000,0,0.0000,0.0000,0,0.0000,0.0000,0,0,0,0,0,0,0,0,0,0,0,0,0,0,0,0,0,0,0,0,0,0,0,0,0,0.0000,0,32,0,0,0,0,0,0
WG_METRICS 29,256,768,2.6331,0.0101,0.0073,2.5604,0.0136,0.0418,256,768,196608,393216,76789.2031,153578.4062,0.0000,0,0.0000,0.0000,0,0.0000,0,0.0000,0.0000,0,0.0000,0.0000,0,0,0,0,0,0,0,0,0,0,0,0,0,0,0,0,0,0,0,0,0,0,0,0,0,0.0000,0,32,0,0,0,0,0,0
WG_METRICS 30,256,768,2.6117,0.0100,0.0073,2.5336,0.0192,0.0417,256,768,196608,393216,77601.4766,155202.9531,0.0000,0,0.0000,0.0000,0,0.0000,0,0.0000,0.0000,0,0.0000,0.0000,0,0,0,0,0,0,0,0,0,0,0,0,0,0,0,0,0,0,0,0,0,0,0,0,0,0.0000,0,32,0,0,0,0,0,0
WG_METRICS 31,256,768,2.5681,0.0098,0.0073,2.4860,0.0222,0.0428,256,768,196608,393216,79086.0781,158172.1562,0.0000,0,0.0000,0.0000,0,0.0000,0,0.0000,0.0000,0,0.0000,0.0000,0,0,0,0,0,0,0,0,0,0,0,0,0,0,0,0,0,0,0,0,0,0,0,0,0,0.0000,0,32,0,0,0,0,0,0
WG_METRICS 32,256,768,2.4792,0.0100,0.0073,2.4066,0.0145,0.0408,256,768,196608,393216,81696.6953,163393.3906,0.0000,0,0.0000,0.0000,0,0.0000,0,0.0000,0.0000,0,0.0000,0.0000,0,0,0,0,0,0,0,0,0,0,0,0,0,0,0,0,0,0,0,0,0,0,0,0,0,0.0000,0,32,0,0,0,0,0,0
WG_METRICS 33,256,768,2.5070,0.0101,0.0073,2.4216,0.0268,0.0412,256,768,196608,393216,81190.6328,162381.2656,0.0000,0,0.0000,0.0000,0,0.0000,0,0.0000,0.0000,0,0.0000,0.0000,0,0,0,0,0,0,0,0,0,0,0,0,0,0,0,0,0,0,0,0,0,0,0,0,0,0.0000,0,32,0,0,0,0,0,0
WG_METRICS 34,256,768,2.5284,0.0100,0.0073,2.4484,0.0222,0.0404,256,768,196608,393216,80299.2891,160598.5781,0.0000,0,0.0000,0.0000,0,0.0000,0,0.0000,0.0000,0,0.0000,0.0000,0,0,0,0,0,0,0,0,0,0,0,0,0,0,0,0,0,0,0,0,0,0,0,0,0,0.0000,0,32,0,0,0,0,0,0
WG_METRICS 35,256,768,2.4354,0.0100,0.0073,2.3631,0.0183,0.0367,256,768,196608,393216,83199.8906,166399.7812,0.0000,0,0.0000,0.0000,0,0.0000,0,0.0000,0.0000,0,0.0000,0.0000,0,0,0,0,0,0,0,0,0,0,0,0,0,0,0,0,0,0,0,0,0,0,0,0,0,0.0000,0,32,0,0,0,0,0,0
WG_METRICS 36,256,768,2.5238,0.0098,0.0073,2.4461,0.0179,0.0428,256,768,196608,393216,80376.7656,160753.5312,0.0000,0,0.0000,0.0000,0,0.0000,0,0.0000,0.0000,0,0.0000,0.0000,0,0,0,0,0,0,0,0,0,0,0,0,0,0,0,0,0,0,0,0,0,0,0,0,0,0.0000,0,32,0,0,0,0,0,0
WG_METRICS 37,256,768,2.5112,0.0099,0.0073,2.4411,0.0141,0.0388,256,768,196608,393216,80540.0859,161080.1719,0.0000,0,0.0000,0.0000,0,0.0000,0,0.0000,0.0000,0,0.0000,0.0000,0,0,0,0,0,0,0,0,0,0,0,0,0,0,0,0,0,0,0,0,0,0,0,0,0,0.0000,0,32,0,0,0,0,0,0
WG_METRICS 38,256,768,2.5623,0.0100,0.0073,2.4882,0.0146,0.0422,256,768,196608,393216,79014.8828,158029.7656,0.0000,0,0.0000,0.0000,0,0.0000,0,0.0000,0.0000,0,0.0000,0.0000,0,0,0,0,0,0,0,0,0,0,0,0,0,0,0,0,0,0,0,0,0,0,0,0,0,0.0000,0,32,0,0,0,0,0,0
WG_METRICS 39,256,768,1.9408,0.0090,0.0070,1.8795,0.0134,0.0318,256,768,196608,393216,104605.4297,209210.8594,0.0000,0,0.0000,0.0000,0,0.0000,0,0.0000,0.0000,0,0.0000,0.0000,0,0,0,0,0,0,0,0,0,0,0,0,0,0,0,0,0,0,0,0,0,0,0,0,0,0.0000,0,32,0,0,0,0,0,0
WG_METRICS 40,256,768,1.9334,0.0090,0.0070,1.8714,0.0137,0.0323,256,768,196608,393216,105061.5625,210123.1250,0.0000,0,0.0000,0.0000,0,0.0000,0,0.0000,0.0000,0,0.0000,0.0000,0,0,0,0,0,0,0,0,0,0,0,0,0,0,0,0,0,0,0,0,0,0,0,0,0,0.0000,0,32,0,0,0,0,0,0
WG_METRICS 41,256,768,1.9602,0.0104,0.0070,1.8858,0.0252,0.0318,256,768,196608,393216,104257.0781,208514.1562,0.0000,0,0.0000,0.0000,0,0.0000,0,0.0000,0.0000,0,0.0000,0.0000,0,0,0,0,0,0,0,0,0,0,0,0,0,0,0,0,0,0,0,0,0,0,0,0,0,0.0000,0,32,0,0,0,0,0,0
WG_METRICS 42,256,768,1.9437,0.0090,0.0070,1.8815,0.0136,0.0325,256,768,196608,393216,104494.2344,208988.4688,0.0000,0,0.0000,0.0000,0,0.0000,0,0.0000,0.0000,0,0.0000,0.0000,0,0,0,0,0,0,0,0,0,0,0,0,0,0,0,0,0,0,0,0,0,0,0,0,0,0.0000,0,32,0,0,0,0,0,0
WG_METRICS 43,256,768,1.9559,0.0090,0.0070,1.8978,0.0086,0.0334,256,768,196608,393216,103595.6641,207191.3281,0.0000,0,0.0000,0.0000,0,0.0000,0,0.0000,0.0000,0,0.0000,0.0000,0,0,0,0,0,0,0,0,0,0,0,0,0,0,0,0,0,0,0,0,0,0,0,0,0,0.0000,0,32,0,0,0,0,0,0
WG_METRICS 44,256,768,1.9530,0.0090,0.0071,1.8872,0.0181,0.0317,256,768,196608,393216,104179.7344,208359.4688,0.0000,0,0.0000,0.0000,0,0.0000,0,0.0000,0.0000,0,0.0000,0.0000,0,0,0,0,0,0,0,0,0,0,0,0,0,0,0,0,0,0,0,0,0,0,0,0,0,0.0000,0,32,0,0,0,0,0,0
WG_METRICS 45,256,768,1.9648,0.0089,0.0070,1.9037,0.0134,0.0317,256,768,196608,393216,103275.6875,206551.3750,0.0000,0,0.0000,0.0000,0,0.0000,0,0.0000,0.0000,0,0.0000,0.0000,0,0,0,0,0,0,0,0,0,0,0,0,0,0,0,0,0,0,0,0,0,0,0,0,0,0.0000,0,32,0,0,0,0,0,0
WG_METRICS 46,256,768,2.3300,0.0088,0.0070,1.8812,0.4013,0.0316,256,768,196608,393216,104509.7891,209019.5781,0.0000,0,0.0000,0.0000,0,0.0000,0,0.0000,0.0000,0,0.0000,0.0000,0,0,0,0,0,0,0,0,0,0,0,0,0,0,0,0,0,0,0,0,0,0,0,0,0,0.0000,0,32,0,0,0,0,0,0
WG_METRICS 47,256,768,1.9303,0.0088,0.0070,1.8690,0.0135,0.0319,256,768,196608,393216,105196.4688,210392.9375,0.0000,0,0.0000,0.0000,0,0.0000,0,0.0000,0.0000,0,0.0000,0.0000,0,0,0,0,0,0,0,0,0,0,0,0,0,0,0,0,0,0,0,0,0,0,0,0,0,0.0000,0,32,0,0,0,0,0,0
WG_METRICS 48,256,768,1.9398,0.0090,0.0070,1.8784,0.0134,0.0319,256,768,196608,393216,104665.5703,209331.1406,0.0000,0,0.0000,0.0000,0,0.0000,0,0.0000,0.0000,0,0.0000,0.0000,0,0,0,0,0,0,0,0,0,0,0,0,0,0,0,0,0,0,0,0,0,0,0,0,0,0.0000,0,32,0,0,0,0,0,0
WG_METRICS 49,256,768,1.9673,0.0090,0.0070,1.8990,0.0207,0.0316,256,768,196608,393216,103534.5703,207069.1406,0.0000,0,0.0000,0.0000,0,0.0000,0,0.0000,0.0000,0,0.0000,0.0000,0,0,0,0,0,0,0,0,0,0,0,0,0,0,0,0,0,0,0,0,0,0,0,0,0,0.0000,0,32,0,0,0,0,0,0
WG_METRICS 50,256,768,1.9723,0.0089,0.0070,1.9107,0.0137,0.0319,256,768,196608,393216,102899.4922,205798.9844,0.0000,0,0.0000,0.0000,0,0.0000,0,0.0000,0.0000,0,0.0000,0.0000,0,0,0,0,0,0,0,0,0,0,0,0,0,0,0,0,0,0,0,0,0,0,0,0,0,0.0000,0,32,0,0,0,0,0,0
WG_METRICS 51,256,768,1.9522,0.0090,0.0070,1.8909,0.0135,0.0318,256,768,196608,393216,103976.9844,207953.9688,0.0000,0,0.0000,0.0000,0,0.0000,0,0.0000,0.0000,0,0.0000,0.0000,0,0,0,0,0,0,0,0,0,0,0,0,0,0,0,0,0,0,0,0,0,0,0,0,0,0.0000,0,32,0,0,0,0,0,0
WG_METRICS 52,256,768,1.9855,0.0089,0.0070,1.9128,0.0252,0.0315,256,768,196608,393216,102785.4453,205570.8906,0.0000,0,0.0000,0.0000,0,0.0000,0,0.0000,0.0000,0,0.0000,0.0000,0,0,0,0,0,0,0,0,0,0,0,0,0,0,0,0,0,0,0,0,0,0,0,0,0,0.0000,0,32,0,0,0,0,0,0
WG_METRICS 53,256,768,1.9295,0.0092,0.0070,1.8675,0.0135,0.0323,256,768,196608,393216,105277.5859,210555.1719,0.0000,0,0.0000,0.0000,0,0.0000,0,0.0000,0.0000,0,0.0000,0.0000,0,0,0,0,0,0,0,0,0,0,0,0,0,0,0,0,0,0,0,0,0,0,0,0,0,0.0000,0,32,0,0,0,0,0,0
WG_METRICS 54,256,768,1.9762,0.0090,0.0070,1.9096,0.0181,0.0325,256,768,196608,393216,102955.5312,205911.0625,0.0000,0,0.0000,0.0000,0,0.0000,0,0.0000,0.0000,0,0.0000,0.0000,0,0,0,0,0,0,0,0,0,0,0,0,0,0,0,0,0,0,0,0,0,0,0,0,0,0.0000,0,32,0,0,0,0,0,0
WG_METRICS 55,256,768,1.9619,0.0089,0.0070,1.9036,0.0104,0.0320,256,768,196608,393216,103284.3672,206568.7344,0.0000,0,0.0000,0.0000,0,0.0000,0,0.0000,0.0000,0,0.0000,0.0000,0,0,0,0,0,0,0,0,0,0,0,0,0,0,0,0,0,0,0,0,0,0,0,0,0,0.0000,0,32,0,0,0,0,0,0
WG_METRICS 56,256,768,1.9533,0.0090,0.0070,1.8874,0.0180,0.0318,256,768,196608,393216,104166.4922,208332.9844,0.0000,0,0.0000,0.0000,0,0.0000,0,0.0000,0.0000,0,0.0000,0.0000,0,0,0,0,0,0,0,0,0,0,0,0,0,0,0,0,0,0,0,0,0,0,0,0,0,0.0000,0,32,0,0,0,0,0,0
WG_METRICS 57,256,768,1.9740,0.0089,0.0070,1.9073,0.0179,0.0329,256,768,196608,393216,103082.9297,206165.8594,0.0000,0,0.0000,0.0000,0,0.0000,0,0.0000,0.0000,0,0.0000,0.0000,0,0,0,0,0,0,0,0,0,0,0,0,0,0,0,0,0,0,0,0,0,0,0,0,0,0.0000,0,32,0,0,0,0,0,0
WG_METRICS 58,256,768,1.9674,0.0090,0.0070,1.9081,0.0115,0.0318,256,768,196608,393216,103037.5391,206075.0781,0.0000,0,0.0000,0.0000,0,0.0000,0,0.0000,0.0000,0,0.0000,0.0000,0,0,0,0,0,0,0,0,0,0,0,0,0,0,0,0,0,0,0,0,0,0,0,0,0,0.0000,0,32,0,0,0,0,0,0
WG_METRICS 59,256,768,1.9613,0.0092,0.0071,1.8987,0.0139,0.0324,256,768,196608,393216,103549.8359,207099.6719,0.0000,0,0.0000,0.0000,0,0.0000,0,0.0000,0.0000,0,0.0000,0.0000,0,0,0,0,0,0,0,0,0,0,0,0,0,0,0,0,0,0,0,0,0,0,0,0,0,0.0000,0,32,0,0,0,0,0,0
WG_METRICS 60,256,768,1.9645,0.0090,0.0071,1.9013,0.0137,0.0334,256,768,196608,393216,103406.0547,206812.1094,0.0000,0,0.0000,0.0000,0,0.0000,0,0.0000,0.0000,0,0.0000,0.0000,0,0,0,0,0,0,0,0,0,0,0,0,0,0,0,0,0,0,0,0,0,0,0,0,0,0.0000,0,32,0,0,0,0,0,0
WG_METRICS 61,256,768,1.9371,0.0089,0.0070,1.8756,0.0134,0.0321,256,768,196608,393216,104821.8203,209643.6406,0.0000,0,0.0000,0.0000,0,0.0000,0,0.0000,0.0000,0,0.0000,0.0000,0,0,0,0,0,0,0,0,0,0,0,0,0,0,0,0,0,0,0,0,0,0,0,0,0,0.0000,0,32,0,0,0,0,0,0
WG_METRICS 62,256,768,1.9606,0.0090,0.0070,1.8906,0.0219,0.0322,256,768,196608,393216,103994.5781,207989.1562,0.0000,0,0.0000,0.0000,0,0.0000,0,0.0000,0.0000,0,0.0000,0.0000,0,0,0,0,0,0,0,0,0,0,0,0,0,0,0,0,0,0,0,0,0,0,0,0,0,0.0000,0,32,0,0,0,0,0,0
WG_METRICS 63,256,768,2.0043,0.0090,0.0070,1.9383,0.0179,0.0321,256,768,196608,393216,101432.1641,202864.3281,0.0000,0,0.0000,0.0000,0,0.0000,0,0.0000,0.0000,0,0.0000,0.0000,0,0,0,0,0,0,0,0,0,0,0,0,0,0,0,0,0,0,0,0,0,0,0,0,0,0.0000,0,32,0,0,0,0,0,0
WG_METRICS 64,256,768,1.9844,0.0090,0.0070,1.9187,0.0178,0.0320,256,768,196608,393216,102470.4531,204940.9062,0.0000,0,0.0000,0.0000,0,0.0000,0,0.0000,0.0000,0,0.0000,0.0000,0,0,0,0,0,0,0,0,0,0,0,0,0,0,0,0,0,0,0,0,0,0,0,0,0,0.0000,0,32,0,0,0,0,0,0
WG_METRICS 65,256,768,1.9557,0.0089,0.0070,1.8872,0.0206,0.0319,256,768,196608,393216,104177.5234,208355.0469,0.0000,0,0.0000,0.0000,0,0.0000,0,0.0000,0.0000,0,0.0000,0.0000,0,0,0,0,0,0,0,0,0,0,0,0,0,0,0,0,0,0,0,0,0,0,0,0,0,0.0000,0,32,0,0,0,0,0,0
WG_METRICS 66,256,768,1.9586,0.0090,0.0070,1.8967,0.0137,0.0322,256,768,196608,393216,103656.8359,207313.6719,0.0000,0,0.0000,0.0000,0,0.0000,0,0.0000,0.0000,0,0.0000,0.0000,0,0,0,0,0,0,0,0,0,0,0,0,0,0,0,0,0,0,0,0,0,0,0,0,0,0.0000,0,32,0,0,0,0,0,0
WG_METRICS 67,256,768,1.9502,0.0089,0.0071,1.8846,0.0178,0.0318,256,768,196608,393216,104323.4609,208646.9219,0.0000,0,0.0000,0.0000,0,0.0000,0,0.0000,0.0000,0,0.0000,0.0000,0,0,0,0,0,0,0,0,0,0,0,0,0,0,0,0,0,0,0,0,0,0,0,0,0,0.0000,0,32,0,0,0,0,0,0
WG_METRICS 68,256,768,1.9526,0.0090,0.0070,1.8742,0.0303,0.0321,256,768,196608,393216,104904.5938,209809.1875,0.0000,0,0.0000,0.0000,0,0.0000,0,0.0000,0.0000,0,0.0000,0.0000,0,0,0,0,0,0,0,0,0,0,0,0,0,0,0,0,0,0,0,0,0,0,0,0,0,0.0000,0,32,0,0,0,0,0,0
WG_METRICS 69,256,768,1.9558,0.0089,0.0071,1.8970,0.0106,0.0322,256,768,196608,393216,103641.5391,207283.0781,0.0000,0,0.0000,0.0000,0,0.0000,0,0.0000,0.0000,0,0.0000,0.0000,0,0,0,0,0,0,0,0,0,0,0,0,0,0,0,0,0,0,0,0,0,0,0,0,0,0.0000,0,32,0,0,0,0,0,0
WG_METRICS 70,256,768,1.9658,0.0089,0.0070,1.9044,0.0137,0.0317,256,768,196608,393216,103236.6484,206473.2969,0.0000,0,0.0000,0.0000,0,0.0000,0,0.0000,0.0000,0,0.0000,0.0000,0,0,0,0,0,0,0,0,0,0,0,0,0,0,0,0,0,0,0,0,0,0,0,0,0,0.0000,0,32,0,0,0,0,0,0
WG_METRICS 71,256,768,1.9995,0.0092,0.0070,1.9404,0.0109,0.0320,256,768,196608,393216,101325.5312,202651.0625,0.0000,0,0.0000,0.0000,0,0.0000,0,0.0000,0.0000,0,0.0000,0.0000,0,0,0,0,0,0,0,0,0,0,0,0,0,0,0,0,0,0,0,0,0,0,0,0,0,0.0000,0,32,0,0,0,0,0,0
WG_METRICS 72,256,768,1.9588,0.0090,0.0070,1.8926,0.0181,0.0320,256,768,196608,393216,103880.2969,207760.5938,0.0000,0,0.0000,0.0000,0,0.0000,0,0.0000,0.0000,0,0.0000,0.0000,0,0,0,0,0,0,0,0,0,0,0,0,0,0,0,0,0,0,0,0,0,0,0,0,0,0.0000,0,32,0,0,0,0,0,0
WG_METRICS 73,256,768,1.9701,0.0090,0.0070,1.9088,0.0135,0.0319,256,768,196608,393216,103003.0000,206006.0000,0.0000,0,0.0000,0.0000,0,0.0000,0,0.0000,0.0000,0,0.0000,0.0000,0,0,0,0,0,0,0,0,0,0,0,0,0,0,0,0,0,0,0,0,0,0,0,0,0,0.0000,0,32,0,0,0,0,0,0
WG_METRICS 74,256,768,1.9558,0.0090,0.0070,1.8968,0.0105,0.0325,256,768,196608,393216,103652.4688,207304.9375,0.0000,0,0.0000,0.0000,0,0.0000,0,0.0000,0.0000,0,0.0000,0.0000,0,0,0,0,0,0,0,0,0,0,0,0,0,0,0,0,0,0,0,0,0,0,0,0,0,0.0000,0,32,0,0,0,0,0,0
WG_METRICS 75,256,768,1.9392,0.0090,0.0071,1.8732,0.0179,0.0320,256,768,196608,393216,104960.6016,209921.2031,0.0000,0,0.0000,0.0000,0,0.0000,0,0.0000,0.0000,0,0.0000,0.0000,0,0,0,0,0,0,0,0,0,0,0,0,0,0,0,0,0,0,0,0,0,0,0,0,0,0.0000,0,32,0,0,0,0,0,0
WG_METRICS 76,256,768,1.9974,0.0090,0.0070,1.9316,0.0181,0.0317,256,768,196608,393216,101787.1562,203574.3125,0.0000,0,0.0000,0.0000,0,0.0000,0,0.0000,0.0000,0,0.0000,0.0000,0,0,0,0,0,0,0,0,0,0,0,0,0,0,0,0,0,0,0,0,0,0,0,0,0,0.0000,0,32,0,0,0,0,0,0
WG_METRICS 77,256,768,1.9619,0.0090,0.0070,1.9032,0.0107,0.0319,256,768,196608,393216,103303.9062,206607.8125,0.0000,0,0.0000,0.0000,0,0.0000,0,0.0000,0.0000,0,0.0000,0.0000,0,0,0,0,0,0,0,0,0,0,0,0,0,0,0,0,0,0,0,0,0,0,0,0,0,0.0000,0,32,0,0,0,0,0,0
WG_METRICS 78,256,768,1.9555,0.0089,0.0070,1.8894,0.0180,0.0322,256,768,196608,393216,104060.6406,208121.2812,0.0000,0,0.0000,0.0000,0,0.0000,0,0.0000,0.0000,0,0.0000,0.0000,0,0,0,0,0,0,0,0,0,0,0,0,0,0,0,0,0,0,0,0,0,0,0,0,0,0.0000,0,32,0,0,0,0,0,0
WG_METRICS 79,256,768,1.9561,0.0089,0.0070,1.8948,0.0135,0.0319,256,768,196608,393216,103764.0625,207528.1250,0.0000,0,0.0000,0.0000,0,0.0000,0,0.0000,0.0000,0,0.0000,0.0000,0,0,0,0,0,0,0,0,0,0,0,0,0,0,0,0,0,0,0,0,0,0,0,0,0,0.0000,0,32,0,0,0,0,0,0
WG_METRICS 80,256,768,1.9643,0.0090,0.0070,1.8986,0.0178,0.0320,256,768,196608,393216,103556.3750,207112.7500,0.0000,0,0.0000,0.0000,0,0.0000,0,0.0000,0.0000,0,0.0000,0.0000,0,0,0,0,0,0,0,0,0,0,0,0,0,0,0,0,0,0,0,0,0,0,0,0,0,0.0000,0,32,0,0,0,0,0,0
WG_METRICS 81,256,768,1.9506,0.0089,0.0071,1.8889,0.0136,0.0322,256,768,196608,393216,104084.8750,208169.7500,0.0000,0,0.0000,0.0000,0,0.0000,0,0.0000,0.0000,0,0.0000,0.0000,0,0,0,0,0,0,0,0,0,0,0,0,0,0,0,0,0,0,0,0,0,0,0,0,0,0.0000,0,32,0,0,0,0,0,0
WG_METRICS 82,256,768,1.9834,0.0089,0.0070,1.9174,0.0178,0.0322,256,768,196608,393216,102536.7109,205073.4219,0.0000,0,0.0000,0.0000,0,0.0000,0,0.0000,0.0000,0,0.0000,0.0000,0,0,0,0,0,0,0,0,0,0,0,0,0,0,0,0,0,0,0,0,0,0,0,0,0,0.0000,0,32,0,0,0,0,0,0
WG_METRICS 83,256,768,1.9692,0.0091,0.0070,1.9004,0.0210,0.0316,256,768,196608,393216,103456.1094,206912.2188,0.0000,0,0.0000,0.0000,0,0.0000,0,0.0000,0.0000,0,0.0000,0.0000,0,0,0,0,0,0,0,0,0,0,0,0,0,0,0,0,0,0,0,0,0,0,0,0,0,0.0000,0,32,0,0,0,0,0,0
WG_METRICS 84,256,768,1.9598,0.0089,0.0071,1.8938,0.0181,0.0319,256,768,196608,393216,103816.6641,207633.3281,0.0000,0,0.0000,0.0000,0,0.0000,0,0.0000,0.0000,0,0.0000,0.0000,0,0,0,0,0,0,0,0,0,0,0,0,0,0,0,0,0,0,0,0,0,0,0,0,0,0.0000,0,32,0,0,0,0,0,0
WG_METRICS 85,256,768,1.9658,0.0090,0.0070,1.8990,0.0178,0.0330,256,768,196608,393216,103530.2031,207060.4062,0.0000,0,0.0000,0.0000,0,0.0000,0,0.0000,0.0000,0,0.0000,0.0000,0,0,0,0,0,0,0,0,0,0,0,0,0,0,0,0,0,0,0,0,0,0,0,0,0,0.0000,0,32,0,0,0,0,0,0
WG_METRICS 86,256,768,1.9608,0.0090,0.0070,1.8993,0.0137,0.0318,256,768,196608,393216,103517.1250,207034.2500,0.0000,0,0.0000,0.0000,0,0.0000,0,0.0000,0.0000,0,0.0000,0.0000,0,0,0,0,0,0,0,0,0,0,0,0,0,0,0,0,0,0,0,0,0,0,0,0,0,0.0000,0,32,0,0,0,0,0,0
WG_METRICS 87,256,768,1.9526,0.0090,0.0070,1.8868,0.0178,0.0320,256,768,196608,393216,104199.6172,208399.2344,0.0000,0,0.0000,0.0000,0,0.0000,0,0.0000,0.0000,0,0.0000,0.0000,0,0,0,0,0,0,0,0,0,0,0,0,0,0,0,0,0,0,0,0,0,0,0,0,0,0.0000,0,32,0,0,0,0,0,0
WG_METRICS 88,256,768,1.9667,0.0088,0.0070,1.9089,0.0090,0.0330,256,768,196608,393216,102996.5234,205993.0469,0.0000,0,0.0000,0.0000,0,0.0000,0,0.0000,0.0000,0,0.0000,0.0000,0,0,0,0,0,0,0,0,0,0,0,0,0,0,0,0,0,0,0,0,0,0,0,0,0,0.0000,0,32,0,0,0,0,0,0
WG_METRICS 89,256,768,1.9465,0.0089,0.0070,1.8794,0.0178,0.0334,256,768,196608,393216,104614.3359,209228.6719,0.0000,0,0.0000,0.0000,0,0.0000,0,0.0000,0.0000,0,0.0000,0.0000,0,0,0,0,0,0,0,0,0,0,0,0,0,0,0,0,0,0,0,0,0,0,0,0,0,0.0000,0,32,0,0,0,0,0,0
WG_METRICS 90,256,768,1.9595,0.0090,0.0070,1.8936,0.0181,0.0317,256,768,196608,393216,103825.4375,207650.8750,0.0000,0,0.0000,0.0000,0,0.0000,0,0.0000,0.0000,0,0.0000,0.0000,0,0,0,0,0,0,0,0,0,0,0,0,0,0,0,0,0,0,0,0,0,0,0,0,0,0.0000,0,32,0,0,0,0,0,0
WG_METRICS 91,256,768,1.9658,0.0089,0.0070,1.9075,0.0104,0.0320,256,768,196608,393216,103069.9531,206139.9062,0.0000,0,0.0000,0.0000,0,0.0000,0,0.0000,0.0000,0,0.0000,0.0000,0,0,0,0,0,0,0,0,0,0,0,0,0,0,0,0,0,0,0,0,0,0,0,0,0,0.0000,0,32,0,0,0,0,0,0
WG_METRICS 92,256,768,1.9481,0.0090,0.0071,1.8865,0.0138,0.0318,256,768,196608,393216,104217.2891,208434.5781,0.0000,0,0.0000,0.0000,0,0.0000,0,0.0000,0.0000,0,0.0000,0.0000,0,0,0,0,0,0,0,0,0,0,0,0,0,0,0,0,0,0,0,0,0,0,0,0,0,0.0000,0,32,0,0,0,0,0,0
WG_METRICS 93,256,768,1.9592,0.0089,0.0070,1.8970,0.0134,0.0328,256,768,196608,393216,103641.5391,207283.0781,0.0000,0,0.0000,0.0000,0,0.0000,0,0.0000,0.0000,0,0.0000,0.0000,0,0,0,0,0,0,0,0,0,0,0,0,0,0,0,0,0,0,0,0,0,0,0,0,0,0.0000,0,32,0,0,0,0,0,0
WG_METRICS 94,256,768,1.9839,0.0089,0.0070,1.9182,0.0181,0.0318,256,768,196608,393216,102498.2266,204996.4531,0.0000,0,0.0000,0.0000,0,0.0000,0,0.0000,0.0000,0,0.0000,0.0000,0,0,0,0,0,0,0,0,0,0,0,0,0,0,0,0,0,0,0,0,0,0,0,0,0,0.0000,0,32,0,0,0,0,0,0
WG_METRICS 95,256,768,1.9745,0.0090,0.0070,1.9078,0.0178,0.0329,256,768,196608,393216,103056.9844,206113.9688,0.0000,0,0.0000,0.0000,0,0.0000,0,0.0000,0.0000,0,0.0000,0.0000,0,0,0,0,0,0,0,0,0,0,0,0,0,0,0,0,0,0,0,0,0,0,0,0,0,0.0000,0,32,0,0,0,0,0,0
WG_METRICS 96,256,768,1.9674,0.0088,0.0071,1.9060,0.0137,0.0318,256,768,196608,393216,103152.1484,206304.2969,0.0000,0,0.0000,0.0000,0,0.0000,0,0.0000,0.0000,0,0.0000,0.0000,0,0,0,0,0,0,0,0,0,0,0,0,0,0,0,0,0,0,0,0,0,0,0,0,0,0.0000,0,32,0,0,0,0,0,0
WG_METRICS 97,256,768,1.9427,0.0090,0.0070,1.8770,0.0178,0.0320,256,768,196608,393216,104748.1016,209496.2031,0.0000,0,0.0000,0.0000,0,0.0000,0,0.0000,0.0000,0,0.0000,0.0000,0,0,0,0,0,0,0,0,0,0,0,0,0,0,0,0,0,0,0,0,0,0,0,0,0,0.0000,0,32,0,0,0,0,0,0
WG_METRICS 98,256,768,1.9912,0.0091,0.0070,1.9302,0.0131,0.0318,256,768,196608,393216,101856.7656,203713.5312,0.0000,0,0.0000,0.0000,0,0.0000,0,0.0000,0.0000,0,0.0000,0.0000,0,0,0,0,0,0,0,0,0,0,0,0,0,0,0,0,0,0,0,0,0,0,0,0,0,0.0000,0,32,0,0,0,0,0,0
WG_METRICS 99,256,768,1.9705,0.0088,0.0071,1.9046,0.0178,0.0322,256,768,196608,393216,103227.9766,206455.9531,0.0000,0,0.0000,0.0000,0,0.0000,0,0.0000,0.0000,0,0.0000,0.0000,0,0,0,0,0,0,0,0,0,0,0,0,0,0,0,0,0,0,0,0,0,0,0,0,0,0.0000,0,32,0,0,0,0,0,0
WG_METRICS 100,256,768,1.9258,0.0088,0.0070,1.8645,0.0137,0.0317,256,768,196608,393216,105446.9844,210893.9688,0.0000,0,0.0000,0.0000,0,0.0000,0,0.0000,0.0000,0,0.0000,0.0000,0,0,0,0,0,0,0,0,0,0,0,0,0,0,0,0,0,0,0,0,0,0,0,0,0,0.0000,0,32,0,0,0,0,0,0
WG_METRICS 101,256,768,1.9692,0.0088,0.0070,1.9037,0.0178,0.0318,256,768,196608,393216,103277.8672,206555.7344,0.0000,0,0.0000,0.0000,0,0.0000,0,0.0000,0.0000,0,0.0000,0.0000,0,0,0,0,0,0,0,0,0,0,0,0,0,0,0,0,0,0,0,0,0,0,0,0,0,0.0000,0,32,0,0,0,0,0,0
WG_METRICS 102,256,768,1.9394,0.0089,0.0071,1.8778,0.0136,0.0320,256,768,196608,393216,104701.2500,209402.5000,0.0000,0,0.0000,0.0000,0,0.0000,0,0.0000,0.0000,0,0.0000,0.0000,0,0,0,0,0,0,0,0,0,0,0,0,0,0,0,0,0,0,0,0,0,0,0,0,0,0.0000,0,32,0,0,0,0,0,0
WG_METRICS 103,256,768,1.9830,0.0090,0.0070,1.9102,0.0253,0.0316,256,768,196608,393216,102927.5078,205855.0156,0.0000,0,0.0000,0.0000,0,0.0000,0,0.0000,0.0000,0,0.0000,0.0000,0,0,0,0,0,0,0,0,0,0,0,0,0,0,0,0,0,0,0,0,0,0,0,0,0,0.0000,0,32,0,0,0,0,0,0
WG_METRICS 104,256,768,1.9522,0.0089,0.0070,1.8867,0.0180,0.0315,256,768,196608,393216,104206.2422,208412.4844,0.0000,0,0.0000,0.0000,0,0.0000,0,0.0000,0.0000,0,0.0000,0.0000,0,0,0,0,0,0,0,0,0,0,0,0,0,0,0,0,0,0,0,0,0,0,0,0,0,0.0000,0,32,0,0,0,0,0,0
WG_METRICS 105,256,768,1.9483,0.0090,0.0070,1.8866,0.0135,0.0322,256,768,196608,393216,104210.6641,208421.3281,0.0000,0,0.0000,0.0000,0,0.0000,0,0.0000,0.0000,0,0.0000,0.0000,0,0,0,0,0,0,0,0,0,0,0,0,0,0,0,0,0,0,0,0,0,0,0,0,0,0.0000,0,32,0,0,0,0,0,0
WG_METRICS 106,256,768,1.9516,0.0089,0.0071,1.8787,0.0251,0.0318,256,768,196608,393216,104649.9688,209299.9375,0.0000,0,0.0000,0.0000,0,0.0000,0,0.0000,0.0000,0,0.0000,0.0000,0,0,0,0,0,0,0,0,0,0,0,0,0,0,0,0,0,0,0,0,0,0,0,0,0,0.0000,0,32,0,0,0,0,0,0
WG_METRICS 107,256,768,1.9532,0.0089,0.0070,1.8873,0.0178,0.0320,256,768,196608,393216,104173.1094,208346.2188,0.0000,0,0.0000,0.0000,0,0.0000,0,0.0000,0.0000,0,0.0000,0.0000,0,0,0,0,0,0,0,0,0,0,0,0,0,0,0,0,0,0,0,0,0,0,0,0,0,0.0000,0,32,0,0,0,0,0,0
WG_METRICS 108,256,768,1.9642,0.0090,0.0070,1.9019,0.0141,0.0322,256,768,196608,393216,103373.4375,206746.8750,0.0000,0,0.0000,0.0000,0,0.0000,0,0.0000,0.0000,0,0.0000,0.0000,0,0,0,0,0,0,0,0,0,0,0,0,0,0,0,0,0,0,0,0,0,0,0,0,0,0.0000,0,32,0,0,0,0,0,0
WG_METRICS 109,256,768,1.9516,0.0089,0.0070,1.8860,0.0178,0.0319,256,768,196608,393216,104246.0234,208492.0469,0.0000,0,0.0000,0.0000,0,0.0000,0,0.0000,0.0000,0,0.0000,0.0000,0,0,0,0,0,0,0,0,0,0,0,0,0,0,0,0,0,0,0,0,0,0,0,0,0,0.0000,0,32,0,0,0,0,0,0
WG_METRICS 110,256,768,1.9710,0.0089,0.0070,1.8982,0.0251,0.0318,256,768,196608,393216,103573.8359,207147.6719,0.0000,0,0.0000,0.0000,0,0.0000,0,0.0000,0.0000,0,0.0000,0.0000,0,0,0,0,0,0,0,0,0,0,0,0,0,0,0,0,0,0,0,0,0,0,0,0,0,0.0000,0,32,0,0,0,0,0,0
WG_METRICS 111,256,768,2.0368,0.0089,0.0070,1.9695,0.0178,0.0336,256,768,196608,393216,99827.3672,199654.7344,0.0000,0,0.0000,0.0000,0,0.0000,0,0.0000,0.0000,0,0.0000,0.0000,0,0,0,0,0,0,0,0,0,0,0,0,0,0,0,0,0,0,0,0,0,0,0,0,0,0.0000,0,32,0,0,0,0,0,0
WG_METRICS 112,256,768,1.9532,0.0090,0.0071,1.8871,0.0181,0.0320,256,768,196608,393216,104186.3672,208372.7344,0.0000,0,0.0000,0.0000,0,0.0000,0,0.0000,0.0000,0,0.0000,0.0000,0,0,0,0,0,0,0,0,0,0,0,0,0,0,0,0,0,0,0,0,0,0,0,0,0,0.0000,0,32,0,0,0,0,0,0
WG_METRICS 113,256,768,1.9792,0.0089,0.0070,1.9134,0.0178,0.0320,256,768,196608,393216,102751.0703,205502.1406,0.0000,0,0.0000,0.0000,0,0.0000,0,0.0000,0.0000,0,0.0000,0.0000,0,0,0,0,0,0,0,0,0,0,0,0,0,0,0,0,0,0,0,0,0,0,0,0,0,0.0000,0,32,0,0,0,0,0,0
WG_METRICS 114,256,768,2.0041,0.0090,0.0070,1.9355,0.0206,0.0320,256,768,196608,393216,101581.0000,203162.0000,0.0000,0,0.0000,0.0000,0,0.0000,0,0.0000,0.0000,0,0.0000,0.0000,0,0,0,0,0,0,0,0,0,0,0,0,0,0,0,0,0,0,0,0,0,0,0,0,0,0.0000,0,32,0,0,0,0,0,0
WG_METRICS 115,256,768,1.9752,0.0090,0.0070,1.9086,0.0178,0.0328,256,768,196608,393216,103011.6328,206023.2656,0.0000,0,0.0000,0.0000,0,0.0000,0,0.0000,0.0000,0,0.0000,0.0000,0,0,0,0,0,0,0,0,0,0,0,0,0,0,0,0,0,0,0,0,0,0,0,0,0,0.0000,0,32,0,0,0,0,0,0
WG_METRICS 116,256,768,1.9830,0.0088,0.0070,1.9168,0.0181,0.0323,256,768,196608,393216,102573.0938,205146.1875,0.0000,0,0.0000,0.0000,0,0.0000,0,0.0000,0.0000,0,0.0000,0.0000,0,0,0,0,0,0,0,0,0,0,0,0,0,0,0,0,0,0,0,0,0,0,0,0,0,0.0000,0,32,0,0,0,0,0,0
WG_METRICS 117,256,768,1.9465,0.0089,0.0070,1.8806,0.0178,0.0321,256,768,196608,393216,104545.3594,209090.7188,0.0000,0,0.0000,0.0000,0,0.0000,0,0.0000,0.0000,0,0.0000,0.0000,0,0,0,0,0,0,0,0,0,0,0,0,0,0,0,0,0,0,0,0,0,0,0,0,0,0.0000,0,32,0,0,0,0,0,0
WG_METRICS 118,256,768,2.0097,0.0089,0.0070,1.9436,0.0181,0.0321,256,768,196608,393216,101158.6953,202317.3906,0.0000,0,0.0000,0.0000,0,0.0000,0,0.0000,0.0000,0,0.0000,0.0000,0,0,0,0,0,0,0,0,0,0,0,0,0,0,0,0,0,0,0,0,0,0,0,0,0,0.0000,0,32,0,0,0,0,0,0
WG_METRICS 119,256,768,1.9666,0.0090,0.0070,1.9004,0.0178,0.0324,256,768,196608,393216,103458.2891,206916.5781,0.0000,0,0.0000,0.0000,0,0.0000,0,0.0000,0.0000,0,0.0000,0.0000,0,0,0,0,0,0,0,0,0,0,0,0,0,0,0,0,0,0,0,0,0,0,0,0,0,0.0000,0,32,0,0,0,0,0,0
WG_METRICS 120,256,768,2.0098,0.0090,0.0070,1.9440,0.0178,0.0320,256,768,196608,393216,101137.8828,202275.7656,0.0000,0,0.0000,0.0000,0,0.0000,0,0.0000,0.0000,0,0.0000,0.0000,0,0,0,0,0,0,0,0,0,0,0,0,0,0,0,0,0,0,0,0,0,0,0,0,0,0.0000,0,32,0,0,0,0,0,0
WG_METRICS 121,256,768,1.9814,0.0089,0.0070,1.9083,0.0252,0.0319,256,768,196608,393216,103026.7500,206053.5000,0.0000,0,0.0000,0.0000,0,0.0000,0,0.0000,0.0000,0,0.0000,0.0000,0,0,0,0,0,0,0,0,0,0,0,0,0,0,0,0,0,0,0,0,0,0,0,0,0,0.0000,0,32,0,0,0,0,0,0
WG_METRICS 122,256,768,1.9620,0.0089,0.0071,1.9003,0.0137,0.0320,256,768,196608,393216,103460.4688,206920.9375,0.0000,0,0.0000,0.0000,0,0.0000,0,0.0000,0.0000,0,0.0000,0.0000,0,0,0,0,0,0,0,0,0,0,0,0,0,0,0,0,0,0,0,0,0,0,0,0,0,0.0000,0,32,0,0,0,0,0,0
WG_METRICS 123,256,768,1.9726,0.0090,0.0070,1.9108,0.0140,0.0318,256,768,196608,393216,102895.1797,205790.3594,0.0000,0,0.0000,0.0000,0,0.0000,0,0.0000,0.0000,0,0.0000,0.0000,0,0,0,0,0,0,0,0,0,0,0,0,0,0,0,0,0,0,0,0,0,0,0,0,0,0.0000,0,32,0,0,0,0,0,0
WG_METRICS 124,256,768,1.9513,0.0088,0.0071,1.8924,0.0110,0.0319,256,768,196608,393216,103891.2734,207782.5469,0.0000,0,0.0000,0.0000,0,0.0000,0,0.0000,0.0000,0,0.0000,0.0000,0,0,0,0,0,0,0,0,0,0,0,0,0,0,0,0,0,0,0,0,0,0,0,0,0,0.0000,0,32,0,0,0,0,0,0
WG_METRICS 125,256,768,1.9636,0.0091,0.0070,1.9022,0.0135,0.0319,256,768,196608,393216,103360.3906,206720.7812,0.0000,0,0.0000,0.0000,0,0.0000,0,0.0000,0.0000,0,0.0000,0.0000,0,0,0,0,0,0,0,0,0,0,0,0,0,0,0,0,0,0,0,0,0,0,0,0,0,0.0000,0,32,0,0,0,0,0,0
WG_METRICS 126,256,768,1.9590,0.0088,0.0070,1.8912,0.0180,0.0339,256,768,196608,393216,103959.3906,207918.7812,0.0000,0,0.0000,0.0000,0,0.0000,0,0.0000,0.0000,0,0.0000,0.0000,0,0,0,0,0,0,0,0,0,0,0,0,0,0,0,0,0,0,0,0,0,0,0,0,0,0.0000,0,32,0,0,0,0,0,0
WG_METRICS 127,256,768,1.9776,0.0090,0.0070,1.9116,0.0178,0.0322,256,768,196608,393216,102847.8125,205695.6250,0.0000,0,0.0000,0.0000,0,0.0000,0,0.0000,0.0000,0,0.0000,0.0000,0,0,0,0,0,0,0,0,0,0,0,0,0,0,0,0,0,0,0,0,0,0,0,0,0,0.0000,0,32,0,0,0,0,0,0
WG_METRICS 128,256,768,1.9920,0.0089,0.0070,1.9262,0.0180,0.0318,256,768,196608,393216,102068.2812,204136.5625,0.0000,0,0.0000,0.0000,0,0.0000,0,0.0000,0.0000,0,0.0000,0.0000,0,0,0,0,0,0,0,0,0,0,0,0,0,0,0,0,0,0,0,0,0,0,0,0,0,0.0000,0,32,0,0,0,0,0,0
WG_METRICS 129,256,768,1.9530,0.0089,0.0070,1.8913,0.0136,0.0322,256,768,196608,393216,103952.7969,207905.5938,0.0000,0,0.0000,0.0000,0,0.0000,0,0.0000,0.0000,0,0.0000,0.0000,0,0,0,0,0,0,0,0,0,0,0,0,0,0,0,0,0,0,0,0,0,0,0,0,0,0.0000,0,32,0,0,0,0,0,0
WG_METRICS 130,256,768,1.9645,0.0089,0.0071,1.8987,0.0178,0.0320,256,768,196608,393216,103547.6484,207095.2969,0.0000,0,0.0000,0.0000,0,0.0000,0,0.0000,0.0000,0,0.0000,0.0000,0,0,0,0,0,0,0,0,0,0,0,0,0,0,0,0,0,0,0,0,0,0,0,0,0,0.0000,0,32,0,0,0,0,0,0
WG_METRICS 131,256,768,1.9604,0.0089,0.0070,1.9026,0.0102,0.0316,256,768,196608,393216,103336.4844,206672.9688,0.0000,0,0.0000,0.0000,0,0.0000,0,0.0000,0.0000,0,0.0000,0.0000,0,0,0,0,0,0,0,0,0,0,0,0,0,0,0,0,0,0,0,0,0,0,0,0,0,0.0000,0,32,0,0,0,0,0,0
WG_METRICS 132,256,768,1.9675,0.0089,0.0070,1.9012,0.0180,0.0324,256,768,196608,393216,103412.5781,206825.1562,0.0000,0,0.0000,0.0000,0,0.0000,0,0.0000,0.0000,0,0.0000,0.0000,0,0,0,0,0,0,0,0,0,0,0,0,0,0,0,0,0,0,0,0,0,0,0,0,0,0.0000,0,32,0,0,0,0,0,0
WG_METRICS 133,256,768,1.9669,0.0090,0.0070,1.9054,0.0135,0.0320,256,768,196608,393216,103182.4688,206364.9375,0.0000,0,0.0000,0.0000,0,0.0000,0,0.0000,0.0000,0,0.0000,0.0000,0,0,0,0,0,0,0,0,0,0,0,0,0,0,0,0,0,0,0,0,0,0,0,0,0,0.0000,0,32,0,0,0,0,0,0
WG_METRICS 134,256,768,1.9578,0.0090,0.0070,1.8918,0.0178,0.0322,256,768,196608,393216,103926.4141,207852.8281,0.0000,0,0.0000,0.0000,0,0.0000,0,0.0000,0.0000,0,0.0000,0.0000,0,0,0,0,0,0,0,0,0,0,0,0,0,0,0,0,0,0,0,0,0,0,0,0,0,0.0000,0,32,0,0,0,0,0,0
WG_METRICS 135,256,768,1.9473,0.0089,0.0070,1.8850,0.0135,0.0328,256,768,196608,393216,104301.3281,208602.6562,0.0000,0,0.0000,0.0000,0,0.0000,0,0.0000,0.0000,0,0.0000,0.0000,0,0,0,0,0,0,0,0,0,0,0,0,0,0,0,0,0,0,0,0,0,0,0,0,0,0.0000,0,32,0,0,0,0,0,0
WG_METRICS 136,256,768,1.9719,0.0088,0.0070,1.9058,0.0181,0.0321,256,768,196608,393216,103160.8125,206321.6250,0.0000,0,0.0000,0.0000,0,0.0000,0,0.0000,0.0000,0,0.0000,0.0000,0,0,0,0,0,0,0,0,0,0,0,0,0,0,0,0,0,0,0,0,0,0,0,0,0,0.0000,0,32,0,0,0,0,0,0
WG_METRICS 137,256,768,1.9701,0.0089,0.0070,1.9089,0.0135,0.0318,256,768,196608,393216,102996.5234,205993.0469,0.0000,0,0.0000,0.0000,0,0.0000,0,0.0000,0.0000,0,0.0000,0.0000,0,0,0,0,0,0,0,0,0,0,0,0,0,0,0,0,0,0,0,0,0,0,0,0,0,0.0000,0,32,0,0,0,0,0,0
WG_METRICS 138,256,768,1.9921,0.0089,0.0070,1.9230,0.0209,0.0322,256,768,196608,393216,102242.3750,204484.7500,0.0000,0,0.0000,0.0000,0,0.0000,0,0.0000,0.0000,0,0.0000,0.0000,0,0,0,0,0,0,0,0,0,0,0,0,0,0,0,0,0,0,0,0,0,0,0,0,0,0.0000,0,32,0,0,0,0,0,0
WG_METRICS 139,256,768,1.9928,0.0090,0.0070,1.9246,0.0178,0.0344,256,768,196608,393216,102157.3750,204314.7500,0.0000,0,0.0000,0.0000,0,0.0000,0,0.0000,0.0000,0,0.0000,0.0000,0,0,0,0,0,0,0,0,0,0,0,0,0,0,0,0,0,0,0,0,0,0,0,0,0,0.0000,0,32,0,0,0,0,0,0
WG_METRICS 140,256,768,1.9484,0.0090,0.0070,1.8867,0.0137,0.0319,256,768,196608,393216,104208.4531,208416.9062,0.0000,0,0.0000,0.0000,0,0.0000,0,0.0000,0.0000,0,0.0000,0.0000,0,0,0,0,0,0,0,0,0,0,0,0,0,0,0,0,0,0,0,0,0,0,0,0,0,0.0000,0,32,0,0,0,0,0,0
WG_METRICS 141,256,768,1.9670,0.0090,0.0070,1.9072,0.0101,0.0336,256,768,196608,393216,103085.0859,206170.1719,0.0000,0,0.0000,0.0000,0,0.0000,0,0.0000,0.0000,0,0.0000,0.0000,0,0,0,0,0,0,0,0,0,0,0,0,0,0,0,0,0,0,0,0,0,0,0,0,0,0.0000,0,32,0,0,0,0,0,0
WG_METRICS 142,256,768,1.9506,0.0090,0.0070,1.8845,0.0180,0.0320,256,768,196608,393216,104330.1094,208660.2188,0.0000,0,0.0000,0.0000,0,0.0000,0,0.0000,0.0000,0,0.0000,0.0000,0,0,0,0,0,0,0,0,0,0,0,0,0,0,0,0,0,0,0,0,0,0,0,0,0,0.0000,0,32,0,0,0,0,0,0
WG_METRICS 143,256,768,1.9776,0.0090,0.0070,1.9117,0.0178,0.0320,256,768,196608,393216,102843.5078,205687.0156,0.0000,0,0.0000,0.0000,0,0.0000,0,0.0000,0.0000,0,0.0000,0.0000,0,0,0,0,0,0,0,0,0,0,0,0,0,0,0,0,0,0,0,0,0,0,0,0,0,0.0000,0,32,0,0,0,0,0,0
WG_METRICS 144,256,768,1.9793,0.0091,0.0070,1.9135,0.0178,0.0319,256,768,196608,393216,102748.9141,205497.8281,0.0000,0,0.0000,0.0000,0,0.0000,0,0.0000,0.0000,0,0.0000,0.0000,0,0,0,0,0,0,0,0,0,0,0,0,0,0,0,0,0,0,0,0,0,0,0,0,0,0.0000,0,32,0,0,0,0,0,0
WG_METRICS 145,256,768,1.9444,0.0088,0.0070,1.8826,0.0135,0.0324,256,768,196608,393216,104432.0703,208864.1406,0.0000,0,0.0000,0.0000,0,0.0000,0,0.0000,0.0000,0,0.0000,0.0000,0,0,0,0,0,0,0,0,0,0,0,0,0,0,0,0,0,0,0,0,0,0,0,0,0,0.0000,0,32,0,0,0,0,0,0
WG_METRICS 146,256,768,1.9380,0.0089,0.0070,1.8710,0.0181,0.0329,256,768,196608,393216,105079.5312,210159.0625,0.0000,0,0.0000,0.0000,0,0.0000,0,0.0000,0.0000,0,0.0000,0.0000,0,0,0,0,0,0,0,0,0,0,0,0,0,0,0,0,0,0,0,0,0,0,0,0,0,0.0000,0,32,0,0,0,0,0,0
WG_METRICS 147,256,768,1.9634,0.0090,0.0070,1.8975,0.0178,0.0321,256,768,196608,393216,103615.3203,207230.6406,0.0000,0,0.0000,0.0000,0,0.0000,0,0.0000,0.0000,0,0.0000,0.0000,0,0,0,0,0,0,0,0,0,0,0,0,0,0,0,0,0,0,0,0,0,0,0,0,0,0.0000,0,32,0,0,0,0,0,0
WG_METRICS 148,256,768,1.9734,0.0090,0.0070,1.9090,0.0162,0.0322,256,768,196608,393216,102992.2031,205984.4062,0.0000,0,0.0000,0.0000,0,0.0000,0,0.0000,0.0000,0,0.0000,0.0000,0,0,0,0,0,0,0,0,0,0,0,0,0,0,0,0,0,0,0,0,0,0,0,0,0,0.0000,0,32,0,0,0,0,0,0
WG_METRICS 149,256,768,1.9616,0.0088,0.0071,1.8956,0.0178,0.0322,256,768,196608,393216,103720.2734,207440.5469,0.0000,0,0.0000,0.0000,0,0.0000,0,0.0000,0.0000,0,0.0000,0.0000,0,0,0,0,0,0,0,0,0,0,0,0,0,0,0,0,0,0,0,0,0,0,0,0,0,0.0000,0,32,0,0,0,0,0,0
WG_METRICS 150,256,768,1.9603,0.0089,0.0071,1.8926,0.0180,0.0337,256,768,196608,393216,103882.4844,207764.9688,0.0000,0,0.0000,0.0000,0,0.0000,0,0.0000,0.0000,0,0.0000,0.0000,0,0,0,0,0,0,0,0,0,0,0,0,0,0,0,0,0,0,0,0,0,0,0,0,0,0.0000,0,32,0,0,0,0,0,0
WG_METRICS 151,256,768,1.9770,0.0090,0.0070,1.9112,0.0178,0.0320,256,768,196608,393216,102871.4922,205742.9844,0.0000,0,0.0000,0.0000,0,0.0000,0,0.0000,0.0000,0,0.0000,0.0000,0,0,0,0,0,0,0,0,0,0,0,0,0,0,0,0,0,0,0,0,0,0,0,0,0,0.0000,0,32,0,0,0,0,0,0
WG_METRICS 152,256,768,1.9883,0.0091,0.0070,1.9221,0.0180,0.0320,256,768,196608,393216,102287.0625,204574.1250,0.0000,0,0.0000,0.0000,0,0.0000,0,0.0000,0.0000,0,0.0000,0.0000,0,0,0,0,0,0,0,0,0,0,0,0,0,0,0,0,0,0,0,0,0,0,0,0,0,0.0000,0,32,0,0,0,0,0,0
WG_METRICS 153,256,768,1.9708,0.0089,0.0070,1.9050,0.0178,0.0321,256,768,196608,393216,103208.4609,206416.9219,0.0000,0,0.0000,0.0000,0,0.0000,0,0.0000,0.0000,0,0.0000,0.0000,0,0,0,0,0,0,0,0,0,0,0,0,0,0,0,0,0,0,0,0,0,0,0,0,0,0.0000,0,32,0,0,0,0,0,0
WG_METRICS 154,256,768,1.9696,0.0089,0.0070,1.9040,0.0178,0.0318,256,768,196608,393216,103262.6719,206525.3438,0.0000,0,0.0000,0.0000,0,0.0000,0,0.0000,0.0000,0,0.0000,0.0000,0,0,0,0,0,0,0,0,0,0,0,0,0,0,0,0,0,0,0,0,0,0,0,0,0,0.0000,0,32,0,0,0,0,0,0
WG_METRICS 155,256,768,1.9660,0.0090,0.0070,1.9091,0.0088,0.0321,256,768,196608,393216,102985.7266,205971.4531,0.0000,0,0.0000,0.0000,0,0.0000,0,0.0000,0.0000,0,0.0000,0.0000,0,0,0,0,0,0,0,0,0,0,0,0,0,0,0,0,0,0,0,0,0,0,0,0,0,0.0000,0,32,0,0,0,0,0,0
WG_METRICS 156,256,768,1.9589,0.0090,0.0070,1.8887,0.0215,0.0326,256,768,196608,393216,104095.8906,208191.7812,0.0000,0,0.0000,0.0000,0,0.0000,0,0.0000,0.0000,0,0.0000,0.0000,0,0,0,0,0,0,0,0,0,0,0,0,0,0,0,0,0,0,0,0,0,0,0,0,0,0.0000,0,32,0,0,0,0,0,0
WG_METRICS 157,256,768,1.9613,0.0090,0.0070,1.8955,0.0179,0.0319,256,768,196608,393216,103724.6484,207449.2969,0.0000,0,0.0000,0.0000,0,0.0000,0,0.0000,0.0000,0,0.0000,0.0000,0,0,0,0,0,0,0,0,0,0,0,0,0,0,0,0,0,0,0,0,0,0,0,0,0,0.0000,0,32,0,0,0,0,0,0
WG_METRICS 158,256,768,1.9552,0.0090,0.0070,1.8886,0.0178,0.0328,256,768,196608,393216,104102.5078,208205.0156,0.0000,0,0.0000,0.0000,0,0.0000,0,0.0000,0.0000,0,0.0000,0.0000,0,0,0,0,0,0,0,0,0,0,0,0,0,0,0,0,0,0,0,0,0,0,0,0,0,0.0000,0,32,0,0,0,0,0,0
WG_METRICS 159,256,768,1.9611,0.0089,0.0070,1.8880,0.0251,0.0320,256,768,196608,393216,104137.8047,208275.6094,0.0000,0,0.0000,0.0000,0,0.0000,0,0.0000,0.0000,0,0.0000,0.0000,0,0,0,0,0,0,0,0,0,0,0,0,0,0,0,0,0,0,0,0,0,0,0,0,0,0.0000,0,32,0,0,0,0,0,0
WG_METRICS 160,256,768,1.9817,0.0089,0.0070,1.9131,0.0180,0.0346,256,768,196608,393216,102770.4062,205540.8125,0.0000,0,0.0000,0.0000,0,0.0000,0,0.0000,0.0000,0,0.0000,0.0000,0,0,0,0,0,0,0,0,0,0,0,0,0,0,0,0,0,0,0,0,0,0,0,0,0,0.0000,0,32,0,0,0,0,0,0
WG_METRICS 161,256,768,1.9727,0.0089,0.0070,1.9060,0.0178,0.0330,256,768,196608,393216,103154.3203,206308.6406,0.0000,0,0.0000,0.0000,0,0.0000,0,0.0000,0.0000,0,0.0000,0.0000,0,0,0,0,0,0,0,0,0,0,0,0,0,0,0,0,0,0,0,0,0,0,0,0,0,0.0000,0,32,0,0,0,0,0,0
WG_METRICS 162,256,768,1.9704,0.0090,0.0070,1.9048,0.0178,0.0319,256,768,196608,393216,103219.3047,206438.6094,0.0000,0,0.0000,0.0000,0,0.0000,0,0.0000,0.0000,0,0.0000,0.0000,0,0,0,0,0,0,0,0,0,0,0,0,0,0,0,0,0,0,0,0,0,0,0,0,0,0.0000,0,32,0,0,0,0,0,0
WG_METRICS 163,256,768,1.9627,0.0090,0.0070,1.8967,0.0178,0.0322,256,768,196608,393216,103659.0234,207318.0469,0.0000,0,0.0000,0.0000,0,0.0000,0,0.0000,0.0000,0,0.0000,0.0000,0,0,0,0,0,0,0,0,0,0,0,0,0,0,0,0,0,0,0,0,0,0,0,0,0,0.0000,0,32,0,0,0,0,0,0
WG_METRICS 164,256,768,1.9730,0.0090,0.0070,1.9070,0.0181,0.0319,256,768,196608,393216,103098.0625,206196.1250,0.0000,0,0.0000,0.0000,0,0.0000,0,0.0000,0.0000,0,0.0000,0.0000,0,0,0,0,0,0,0,0,0,0,0,0,0,0,0,0,0,0,0,0,0,0,0,0,0,0.0000,0,32,0,0,0,0,0,0
WG_METRICS 165,256,768,1.9938,0.0090,0.0070,1.9281,0.0178,0.0320,256,768,196608,393216,101970.8750,203941.7500,0.0000,0,0.0000,0.0000,0,0.0000,0,0.0000,0.0000,0,0.0000,0.0000,0,0,0,0,0,0,0,0,0,0,0,0,0,0,0,0,0,0,0,0,0,0,0,0,0,0.0000,0,32,0,0,0,0,0,0
WG_METRICS 166,256,768,1.9572,0.0089,0.0070,1.8937,0.0155,0.0321,256,768,196608,393216,103823.2422,207646.4844,0.0000,0,0.0000,0.0000,0,0.0000,0,0.0000,0.0000,0,0.0000,0.0000,0,0,0,0,0,0,0,0,0,0,0,0,0,0,0,0,0,0,0,0,0,0,0,0,0,0.0000,0,32,0,0,0,0,0,0
WG_METRICS 167,256,768,1.9547,0.0089,0.0070,1.8878,0.0178,0.0332,256,768,196608,393216,104148.8281,208297.6562,0.0000,0,0.0000,0.0000,0,0.0000,0,0.0000,0.0000,0,0.0000,0.0000,0,0,0,0,0,0,0,0,0,0,0,0,0,0,0,0,0,0,0,0,0,0,0,0,0,0.0000,0,32,0,0,0,0,0,0
WG_METRICS 168,256,768,1.9872,0.0091,0.0070,1.9200,0.0184,0.0327,256,768,196608,393216,102402.1328,204804.2656,0.0000,0,0.0000,0.0000,0,0.0000,0,0.0000,0.0000,0,0.0000,0.0000,0,0,0,0,0,0,0,0,0,0,0,0,0,0,0,0,0,0,0,0,0,0,0,0,0,0.0000,0,32,0,0,0,0,0,0
WG_METRICS 169,256,768,1.9954,0.0090,0.0070,1.9292,0.0183,0.0319,256,768,196608,393216,101911.6719,203823.3438,0.0000,0,0.0000,0.0000,0,0.0000,0,0.0000,0.0000,0,0.0000,0.0000,0,0,0,0,0,0,0,0,0,0,0,0,0,0,0,0,0,0,0,0,0,0,0,0,0,0.0000,0,32,0,0,0,0,0,0
WG_METRICS 170,256,768,2.0030,0.0090,0.0070,1.9344,0.0184,0.0343,256,768,196608,393216,101639.8203,203279.6406,0.0000,0,0.0000,0.0000,0,0.0000,0,0.0000,0.0000,0,0.0000,0.0000,0,0,0,0,0,0,0,0,0,0,0,0,0,0,0,0,0,0,0,0,0,0,0,0,0,0.0000,0,32,0,0,0,0,0,0
WG_METRICS 171,256,768,1.9635,0.0089,0.0070,1.8955,0.0184,0.0337,256,768,196608,393216,103724.6484,207449.2969,0.0000,0,0.0000,0.0000,0,0.0000,0,0.0000,0.0000,0,0.0000,0.0000,0,0,0,0,0,0,0,0,0,0,0,0,0,0,0,0,0,0,0,0,0,0,0,0,0,0.0000,0,32,0,0,0,0,0,0
WG_METRICS 172,256,768,1.9665,0.0089,0.0070,1.8976,0.0183,0.0347,256,768,196608,393216,103610.9531,207221.9062,0.0000,0,0.0000,0.0000,0,0.0000,0,0.0000,0.0000,0,0.0000,0.0000,0,0,0,0,0,0,0,0,0,0,0,0,0,0,0,0,0,0,0,0,0,0,0,0,0,0.0000,0,32,0,0,0,0,0,0
WG_METRICS 173,256,768,2.0026,0.0089,0.0070,1.9358,0.0183,0.0325,256,768,196608,393216,101562.1094,203124.2188,0.0000,0,0.0000,0.0000,0,0.0000,0,0.0000,0.0000,0,0.0000,0.0000,0,0,0,0,0,0,0,0,0,0,0,0,0,0,0,0,0,0,0,0,0,0,0,0,0,0.0000,0,32,0,0,0,0,0,0
WG_METRICS 174,256,768,1.9528,0.0089,0.0071,1.8864,0.0183,0.0321,256,768,196608,393216,104223.9219,208447.8438,0.0000,0,0.0000,0.0000,0,0.0000,0,0.0000,0.0000,0,0.0000,0.0000,0,0,0,0,0,0,0,0,0,0,0,0,0,0,0,0,0,0,0,0,0,0,0,0,0,0.0000,0,32,0,0,0,0,0,0
WG_METRICS 175,256,768,1.9734,0.0090,0.0070,1.9072,0.0184,0.0318,256,768,196608,393216,103085.0859,206170.1719,0.0000,0,0.0000,0.0000,0,0.0000,0,0.0000,0.0000,0,0.0000,0.0000,0,0,0,0,0,0,0,0,0,0,0,0,0,0,0,0,0,0,0,0,0,0,0,0,0,0.0000,0,32,0,0,0,0,0,0
WG_METRICS 176,256,768,1.9692,0.0089,0.0070,1.9010,0.0183,0.0340,256,768,196608,393216,103423.4609,206846.9219,0.0000,0,0.0000,0.0000,0,0.0000,0,0.0000,0.0000,0,0.0000,0.0000,0,0,0,0,0,0,0,0,0,0,0,0,0,0,0,0,0,0,0,0,0,0,0,0,0,0.0000,0,32,0,0,0,0,0,0
WG_METRICS 177,256,768,1.9872,0.0090,0.0070,1.9208,0.0182,0.0322,256,768,196608,393216,102357.3516,204714.7031,0.0000,0,0.0000,0.0000,0,0.0000,0,0.0000,0.0000,0,0.0000,0.0000,0,0,0,0,0,0,0,0,0,0,0,0,0,0,0,0,0,0,0,0,0,0,0,0,0,0.0000,0,32,0,0,0,0,0,0
WG_METRICS 178,256,768,1.9692,0.0090,0.0070,1.9026,0.0183,0.0322,256,768,196608,393216,103336.4844,206672.9688,0.0000,0,0.0000,0.0000,0,0.0000,0,0.0000,0.0000,0,0.0000,0.0000,0,0,0,0,0,0,0,0,0,0,0,0,0,0,0,0,0,0,0,0,0,0,0,0,0,0.0000,0,32,0,0,0,0,0,0
WG_METRICS 179,256,768,1.9986,0.0089,0.0070,1.9310,0.0183,0.0334,256,768,196608,393216,101818.7812,203637.5625,0.0000,0,0.0000,0.0000,0,0.0000,0,0.0000,0.0000,0,0.0000,0.0000,0,0,0,0,0,0,0,0,0,0,0,0,0,0,0,0,0,0,0,0,0,0,0,0,0,0.0000,0,32,0,0,0,0,0,0
WG_METRICS 180,256,768,1.9914,0.0090,0.0071,1.9221,0.0183,0.0349,256,768,196608,393216,102287.0625,204574.1250,0.0000,0,0.0000,0.0000,0,0.0000,0,0.0000,0.0000,0,0.0000,0.0000,0,0,0,0,0,0,0,0,0,0,0,0,0,0,0,0,0,0,0,0,0,0,0,0,0,0.0000,0,32,0,0,0,0,0,0
WG_METRICS 181,256,768,2.0134,0.0089,0.0071,1.9468,0.0183,0.0323,256,768,196608,393216,100990.3438,201980.6875,0.0000,0,0.0000,0.0000,0,0.0000,0,0.0000,0.0000,0,0.0000,0.0000,0,0,0,0,0,0,0,0,0,0,0,0,0,0,0,0,0,0,0,0,0,0,0,0,0,0.0000,0,32,0,0,0,0,0,0
WG_METRICS 182,256,768,2.0014,0.0090,0.0070,1.9348,0.0184,0.0323,256,768,196608,393216,101614.6094,203229.2188,0.0000,0,0.0000,0.0000,0,0.0000,0,0.0000,0.0000,0,0.0000,0.0000,0,0,0,0,0,0,0,0,0,0,0,0,0,0,0,0,0,0,0,0,0,0,0,0,0,0.0000,0,32,0,0,0,0,0,0
WG_METRICS 183,256,768,1.9686,0.0089,0.0070,1.9022,0.0183,0.0322,256,768,196608,393216,103356.0391,206712.0781,0.0000,0,0.0000,0.0000,0,0.0000,0,0.0000,0.0000,0,0.0000,0.0000,0,0,0,0,0,0,0,0,0,0,0,0,0,0,0,0,0,0,0,0,0,0,0,0,0,0.0000,0,32,0,0,0,0,0,0
WG_METRICS 184,256,768,1.9566,0.0090,0.0070,1.8885,0.0183,0.0338,256,768,196608,393216,104109.1250,208218.2500,0.0000,0,0.0000,0.0000,0,0.0000,0,0.0000,0.0000,0,0.0000,0.0000,0,0,0,0,0,0,0,0,0,0,0,0,0,0,0,0,0,0,0,0,0,0,0,0,0,0.0000,0,32,0,0,0,0,0,0
WG_METRICS 185,256,768,1.9716,0.0089,0.0071,1.9045,0.0183,0.0328,256,768,196608,393216,103232.3125,206464.6250,0.0000,0,0.0000,0.0000,0,0.0000,0,0.0000,0.0000,0,0.0000,0.0000,0,0,0,0,0,0,0,0,0,0,0,0,0,0,0,0,0,0,0,0,0,0,0,0,0,0.0000,0,32,0,0,0,0,0,0
WG_METRICS 186,256,768,1.9816,0.0090,0.0070,1.9152,0.0183,0.0321,256,768,196608,393216,102654.4922,205308.9844,0.0000,0,0.0000,0.0000,0,0.0000,0,0.0000,0.0000,0,0.0000,0.0000,0,0,0,0,0,0,0,0,0,0,0,0,0,0,0,0,0,0,0,0,0,0,0,0,0,0.0000,0,32,0,0,0,0,0,0
WG_METRICS 187,256,768,2.0370,0.0089,0.0070,1.9707,0.0183,0.0321,256,768,196608,393216,99764.5469,199529.0938,0.0000,0,0.0000,0.0000,0,0.0000,0,0.0000,0.0000,0,0.0000,0.0000,0,0,0,0,0,0,0,0,0,0,0,0,0,0,0,0,0,0,0,0,0,0,0,0,0,0.0000,0,32,0,0,0,0,0,0
WG_METRICS 188,256,768,2.0010,0.0091,0.0070,1.9344,0.0183,0.0323,256,768,196608,393216,101639.8203,203279.6406,0.0000,0,0.0000,0.0000,0,0.0000,0,0.0000,0.0000,0,0.0000,0.0000,0,0,0,0,0,0,0,0,0,0,0,0,0,0,0,0,0,0,0,0,0,0,0,0,0,0.0000,0,32,0,0,0,0,0,0
WG_METRICS 189,256,768,1.9826,0.0090,0.0070,1.9158,0.0183,0.0325,256,768,196608,393216,102624.4922,205248.9844,0.0000,0,0.0000,0.0000,0,0.0000,0,0.0000,0.0000,0,0.0000,0.0000,0,0,0,0,0,0,0,0,0,0,0,0,0,0,0,0,0,0,0,0,0,0,0,0,0,0.0000,0,32,0,0,0,0,0,0
WG_METRICS 190,256,768,1.9854,0.0090,0.0070,1.9120,0.0254,0.0320,256,768,196608,393216,102826.3047,205652.6094,0.0000,0,0.0000,0.0000,0,0.0000,0,0.0000,0.0000,0,0.0000,0.0000,0,0,0,0,0,0,0,0,0,0,0,0,0,0,0,0,0,0,0,0,0,0,0,0,0,0.0000,0,32,0,0,0,0,0,0
WG_METRICS 191,256,768,1.9919,0.0089,0.0070,1.9254,0.0183,0.0324,256,768,196608,393216,102114.9297,204229.8594,0.0000,0,0.0000,0.0000,0,0.0000,0,0.0000,0.0000,0,0.0000,0.0000,0,0,0,0,0,0,0,0,0,0,0,0,0,0,0,0,0,0,0,0,0,0,0,0,0,0.0000,0,32,0,0,0,0,0,0
WG_METRICS 192,256,768,1.9862,0.0089,0.0070,1.9201,0.0183,0.0320,256,768,196608,393216,102395.7344,204791.4688,0.0000,0,0.0000,0.0000,0,0.0000,0,0.0000,0.0000,0,0.0000,0.0000,0,0,0,0,0,0,0,0,0,0,0,0,0,0,0,0,0,0,0,0,0,0,0,0,0,0.0000,0,32,0,0,0,0,0,0
WG_METRICS 193,256,768,1.9696,0.0089,0.0070,1.9034,0.0184,0.0319,256,768,196608,393216,103295.2266,206590.4531,0.0000,0,0.0000,0.0000,0,0.0000,0,0.0000,0.0000,0,0.0000,0.0000,0,0,0,0,0,0,0,0,0,0,0,0,0,0,0,0,0,0,0,0,0,0,0,0,0,0.0000,0,32,0,0,0,0,0,0
WG_METRICS 194,256,768,1.9669,0.0090,0.0070,1.9005,0.0183,0.0322,256,768,196608,393216,103451.7578,206903.5156,0.0000,0,0.0000,0.0000,0,0.0000,0,0.0000,0.0000,0,0.0000,0.0000,0,0,0,0,0,0,0,0,0,0,0,0,0,0,0,0,0,0,0,0,0,0,0,0,0,0.0000,0,32,0,0,0,0,0,0
WG_METRICS 195,256,768,2.0064,0.0090,0.0070,1.9400,0.0183,0.0321,256,768,196608,393216,101346.4219,202692.8438,0.0000,0,0.0000,0.0000,0,0.0000,0,0.0000,0.0000,0,0.0000,0.0000,0,0,0,0,0,0,0,0,0,0,0,0,0,0,0,0,0,0,0,0,0,0,0,0,0,0.0000,0,32,0,0,0,0,0,0
WG_METRICS 196,256,768,2.0200,0.0090,0.0070,1.9526,0.0184,0.0330,256,768,196608,393216,100692.4297,201384.8594,0.0000,0,0.0000,0.0000,0,0.0000,0,0.0000,0.0000,0,0.0000,0.0000,0,0,0,0,0,0,0,0,0,0,0,0,0,0,0,0,0,0,0,0,0,0,0,0,0,0.0000,0,32,0,0,0,0,0,0
WG_METRICS 197,256,768,2.0485,0.0090,0.0070,1.9808,0.0184,0.0332,256,768,196608,393216,99254.8594,198509.7188,0.0000,0,0.0000,0.0000,0,0.0000,0,0.0000,0.0000,0,0.0000,0.0000,0,0,0,0,0,0,0,0,0,0,0,0,0,0,0,0,0,0,0,0,0,0,0,0,0,0.0000,0,32,0,0,0,0,0,0
WG_METRICS 198,256,768,1.9557,0.0090,0.0070,1.8892,0.0184,0.0322,256,768,196608,393216,104069.4453,208138.8906,0.0000,0,0.0000,0.0000,0,0.0000,0,0.0000,0.0000,0,0.0000,0.0000,0,0,0,0,0,0,0,0,0,0,0,0,0,0,0,0,0,0,0,0,0,0,0,0,0,0.0000,0,32,0,0,0,0,0,0
WG_METRICS 199,256,768,2.0200,0.0090,0.0070,1.9550,0.0170,0.0320,256,768,196608,393216,100568.8125,201137.6250,0.0000,0,0.0000,0.0000,0,0.0000,0,0.0000,0.0000,0,0.0000,0.0000,0,0,0,0,0,0,0,0,0,0,0,0,0,0,0,0,0,0,0,0,0,0,0,0,0,0.0000,0,32,0,0,0,0,0,0
WG_METRICS 200,256,768,2.0014,0.0089,0.0070,1.9350,0.0183,0.0322,256,768,196608,393216,101606.2031,203212.4062,0.0000,0,0.0000,0.0000,0,0.0000,0,0.0000,0.0000,0,0.0000,0.0000,0,0,0,0,0,0,0,0,0,0,0,0,0,0,0,0,0,0,0,0,0,0,0,0,0,0.0000,0,32,0,0,0,0,0,0
WG_METRICS 201,256,768,1.9777,0.0090,0.0070,1.9111,0.0184,0.0322,256,768,196608,393216,102877.9531,205755.9062,0.0000,0,0.0000,0.0000,0,0.0000,0,0.0000,0.0000,0,0.0000,0.0000,0,0,0,0,0,0,0,0,0,0,0,0,0,0,0,0,0,0,0,0,0,0,0,0,0,0.0000,0,32,0,0,0,0,0,0
WG_METRICS 202,256,768,1.9831,0.0089,0.0070,1.9165,0.0183,0.0323,256,768,196608,393216,102585.9375,205171.8750,0.0000,0,0.0000,0.0000,0,0.0000,0,0.0000,0.0000,0,0.0000,0.0000,0,0,0,0,0,0,0,0,0,0,0,0,0,0,0,0,0,0,0,0,0,0,0,0,0,0.0000,0,32,0,0,0,0,0,0
WG_METRICS 203,256,768,1.9150,0.0088,0.0071,1.8491,0.0182,0.0318,256,768,196608,393216,106327.4766,212654.9531,0.0000,0,0.0000,0.0000,0,0.0000,0,0.0000,0.0000,0,0.0000,0.0000,0,0,0,0,0,0,0,0,0,0,0,0,0,0,0,0,0,0,0,0,0,0,0,0,0,0.0000,0,32,0,0,0,0,0,0
WG_METRICS 204,256,768,1.8340,0.0088,0.0070,1.7636,0.0256,0.0291,256,768,196608,393216,111483.5859,222967.1719,0.0000,0,0.0000,0.0000,0,0.0000,0,0.0000,0.0000,0,0.0000,0.0000,0,0,0,0,0,0,0,0,0,0,0,0,0,0,0,0,0,0,0,0,0,0,0,0,0,0.0000,0,32,0,0,0,0,0,0
WG_METRICS 205,256,768,1.7320,0.0086,0.0070,1.6713,0.0177,0.0274,256,768,196608,393216,117636.3594,235272.7188,0.0000,0,0.0000,0.0000,0,0.0000,0,0.0000,0.0000,0,0.0000,0.0000,0,0,0,0,0,0,0,0,0,0,0,0,0,0,0,0,0,0,0,0,0,0,0,0,0,0.0000,0,32,0,0,0,0,0,0
WG_METRICS 206,256,768,1.6617,0.0085,0.0069,1.6019,0.0177,0.0267,256,768,196608,393216,122732.7188,245465.4375,0.0000,0,0.0000,0.0000,0,0.0000,0,0.0000,0.0000,0,0.0000,0.0000,0,0,0,0,0,0,0,0,0,0,0,0,0,0,0,0,0,0,0,0,0,0,0,0,0,0.0000,0,32,0,0,0,0,0,0
WG_METRICS 207,256,768,1.7004,0.0084,0.0069,1.6402,0.0177,0.0272,256,768,196608,393216,119868.3047,239736.6094,0.0000,0,0.0000,0.0000,0,0.0000,0,0.0000,0.0000,0,0.0000,0.0000,0,0,0,0,0,0,0,0,0,0,0,0,0,0,0,0,0,0,0,0,0,0,0,0,0,0.0000,0,32,0,0,0,0,0,0
WG_METRICS 208,256,768,1.7946,0.0086,0.0069,1.6823,0.0668,0.0299,256,768,196608,393216,116869.9688,233739.9375,0.0000,0,0.0000,0.0000,0,0.0000,0,0.0000,0.0000,0,0.0000,0.0000,0,0,0,0,0,0,0,0,0,0,0,0,0,0,0,0,0,0,0,0,0,0,0,0,0,0.0000,0,32,0,0,0,0,0,0
WG_METRICS 209,256,768,1.9536,0.0087,0.0070,1.8878,0.0182,0.0320,256,768,196608,393216,104148.8281,208297.6562,0.0000,0,0.0000,0.0000,0,0.0000,0,0.0000,0.0000,0,0.0000,0.0000,0,0,0,0,0,0,0,0,0,0,0,0,0,0,0,0,0,0,0,0,0,0,0,0,0,0.0000,0,32,0,0,0,0,0,0
WG_METRICS 210,256,768,1.9667,0.0088,0.0070,1.9018,0.0182,0.0308,256,768,196608,393216,103382.1328,206764.2656,0.0000,0,0.0000,0.0000,0,0.0000,0,0.0000,0.0000,0,0.0000,0.0000,0,0,0,0,0,0,0,0,0,0,0,0,0,0,0,0,0,0,0,0,0,0,0,0,0,0.0000,0,32,0,0,0,0,0,0
WG_METRICS 211,256,768,1.7930,0.0087,0.0070,1.7306,0.0180,0.0288,256,768,196608,393216,113609.4688,227218.9375,0.0000,0,0.0000,0.0000,0,0.0000,0,0.0000,0.0000,0,0.0000,0.0000,0,0,0,0,0,0,0,0,0,0,0,0,0,0,0,0,0,0,0,0,0,0,0,0,0,0.0000,0,32,0,0,0,0,0,0
WG_METRICS 212,256,768,1.7665,0.0086,0.0070,1.7040,0.0179,0.0290,256,768,196608,393216,115382.9922,230765.9844,0.0000,0,0.0000,0.0000,0,0.0000,0,0.0000,0.0000,0,0.0000,0.0000,0,0,0,0,0,0,0,0,0,0,0,0,0,0,0,0,0,0,0,0,0,0,0,0,0,0.0000,0,32,0,0,0,0,0,0
WG_METRICS 213,256,768,1.7832,0.0086,0.0069,1.7198,0.0179,0.0300,256,768,196608,393216,114322.9297,228645.8594,0.0000,0,0.0000,0.0000,0,0.0000,0,0.0000,0.0000,0,0.0000,0.0000,0,0,0,0,0,0,0,0,0,0,0,0,0,0,0,0,0,0,0,0,0,0,0,0,0,0.0000,0,32,0,0,0,0,0,0
WG_METRICS 214,256,768,1.8182,0.0087,0.0070,1.7549,0.0180,0.0296,256,768,196608,393216,112035.0156,224070.0312,0.0000,0,0.0000,0.0000,0,0.0000,0,0.0000,0.0000,0,0.0000,0.0000,0,0,0,0,0,0,0,0,0,0,0,0,0,0,0,0,0,0,0,0,0,0,0,0,0,0.0000,0,32,0,0,0,0,0,0
WG_METRICS 215,256,768,1.7857,0.0086,0.0070,1.7233,0.0179,0.0290,256,768,196608,393216,114089.4141,228178.8281,0.0000,0,0.0000,0.0000,0,0.0000,0,0.0000,0.0000,0,0.0000,0.0000,0,0,0,0,0,0,0,0,0,0,0,0,0,0,0,0,0,0,0,0,0,0,0,0,0,0.0000,0,32,0,0,0,0,0,0
WG_METRICS 216,256,768,1.7131,0.0085,0.0069,1.6558,0.0136,0.0283,256,768,196608,393216,118738.9766,237477.9531,0.0000,0,0.0000,0.0000,0,0.0000,0,0.0000,0.0000,0,0.0000,0.0000,0,0,0,0,0,0,0,0,0,0,0,0,0,0,0,0,0,0,0,0,0,0,0,0,0,0.0000,0,32,0,0,0,0,0,0
WG_METRICS 217,256,768,1.8321,0.0086,0.0070,1.7678,0.0181,0.0306,256,768,196608,393216,111218.7188,222437.4375,0.0000,0,0.0000,0.0000,0,0.0000,0,0.0000,0.0000,0,0.0000,0.0000,0,0,0,0,0,0,0,0,0,0,0,0,0,0,0,0,0,0,0,0,0,0,0,0,0,0.0000,0,32,0,0,0,0,0,0
WG_METRICS 218,256,768,1.9785,0.0090,0.0070,1.9021,0.0257,0.0347,256,768,196608,393216,103364.7344,206729.4688,0.0000,0,0.0000,0.0000,0,0.0000,0,0.0000,0.0000,0,0.0000,0.0000,0,0,0,0,0,0,0,0,0,0,0,0,0,0,0,0,0,0,0,0,0,0,0,0,0,0.0000,0,32,0,0,0,0,0,0
WG_METRICS 219,256,768,1.9618,0.0090,0.0070,1.8955,0.0182,0.0320,256,768,196608,393216,103724.6484,207449.2969,0.0000,0,0.0000,0.0000,0,0.0000,0,0.0000,0.0000,0,0.0000,0.0000,0,0,0,0,0,0,0,0,0,0,0,0,0,0,0,0,0,0,0,0,0,0,0,0,0,0.0000,0,32,0,0,0,0,0,0
WG_METRICS 220,256,768,1.9469,0.0090,0.0070,1.8808,0.0183,0.0318,256,768,196608,393216,104536.4688,209072.9375,0.0000,0,0.0000,0.0000,0,0.0000,0,0.0000,0.0000,0,0.0000,0.0000,0,0,0,0,0,0,0,0,0,0,0,0,0,0,0,0,0,0,0,0,0,0,0,0,0,0.0000,0,32,0,0,0,0,0,0
WG_METRICS 221,256,768,1.9590,0.0089,0.0070,1.8930,0.0183,0.0319,256,768,196608,393216,103862.7344,207725.4688,0.0000,0,0.0000,0.0000,0,0.0000,0,0.0000,0.0000,0,0.0000,0.0000,0,0,0,0,0,0,0,0,0,0,0,0,0,0,0,0,0,0,0,0,0,0,0,0,0,0.0000,0,32,0,0,0,0,0,0
WG_METRICS 222,256,768,1.9591,0.0090,0.0070,1.8932,0.0171,0.0328,256,768,196608,393216,103849.5625,207699.1250,0.0000,0,0.0000,0.0000,0,0.0000,0,0.0000,0.0000,0,0.0000,0.0000,0,0,0,0,0,0,0,0,0,0,0,0,0,0,0,0,0,0,0,0,0,0,0,0,0,0.0000,0,32,0,0,0,0,0,0
WG_METRICS 223,256,768,1.9559,0.0090,0.0070,1.8884,0.0183,0.0331,256,768,196608,393216,104111.3281,208222.6562,0.0000,0,0.0000,0.0000,0,0.0000,0,0.0000,0.0000,0,0.0000,0.0000,0,0,0,0,0,0,0,0,0,0,0,0,0,0,0,0,0,0,0,0,0,0,0,0,0,0.0000,0,32,0,0,0,0,0,0
WG_METRICS 224,256,768,1.9783,0.0090,0.0071,1.9156,0.0140,0.0326,256,768,196608,393216,102635.2109,205270.4219,0.0000,0,0.0000,0.0000,0,0.0000,0,0.0000,0.0000,0,0.0000,0.0000,0,0,0,0,0,0,0,0,0,0,0,0,0,0,0,0,0,0,0,0,0,0,0,0,0,0.0000,0,32,0,0,0,0,0,0
WG_METRICS 225,256,768,1.9786,0.0089,0.0070,1.9120,0.0183,0.0324,256,768,196608,393216,102828.4531,205656.9062,0.0000,0,0.0000,0.0000,0,0.0000,0,0.0000,0.0000,0,0.0000,0.0000,0,0,0,0,0,0,0,0,0,0,0,0,0,0,0,0,0,0,0,0,0,0,0,0,0,0.0000,0,32,0,0,0,0,0,0
WG_METRICS 226,256,768,1.9836,0.0090,0.0070,1.9172,0.0183,0.0320,256,768,196608,393216,102547.4141,205094.8281,0.0000,0,0.0000,0.0000,0,0.0000,0,0.0000,0.0000,0,0.0000,0.0000,0,0,0,0,0,0,0,0,0,0,0,0,0,0,0,0,0,0,0,0,0,0,0,0,0,0.0000,0,32,0,0,0,0,0,0
WG_METRICS 227,256,768,1.9807,0.0089,0.0071,1.9135,0.0183,0.0329,256,768,196608,393216,102748.9141,205497.8281,0.0000,0,0.0000,0.0000,0,0.0000,0,0.0000,0.0000,0,0.0000,0.0000,0,0,0,0,0,0,0,0,0,0,0,0,0,0,0,0,0,0,0,0,0,0,0,0,0,0.0000,0,32,0,0,0,0,0,0
WG_METRICS 228,256,768,1.9714,0.0089,0.0071,1.9039,0.0183,0.0333,256,768,196608,393216,103267.0156,206534.0312,0.0000,0,0.0000,0.0000,0,0.0000,0,0.0000,0.0000,0,0.0000,0.0000,0,0,0,0,0,0,0,0,0,0,0,0,0,0,0,0,0,0,0,0,0,0,0,0,0,0.0000,0,32,0,0,0,0,0,0
WG_METRICS 229,256,768,1.9648,0.0089,0.0070,1.9008,0.0140,0.0340,256,768,196608,393216,103432.1641,206864.3281,0.0000,0,0.0000,0.0000,0,0.0000,0,0.0000,0.0000,0,0.0000,0.0000,0,0,0,0,0,0,0,0,0,0,0,0,0,0,0,0,0,0,0,0,0,0,0,0,0,0.0000,0,32,0,0,0,0,0,0
WG_METRICS 230,256,768,1.9599,0.0089,0.0070,1.8936,0.0184,0.0320,256,768,196608,393216,103827.6328,207655.2656,0.0000,0,0.0000,0.0000,0,0.0000,0,0.0000,0.0000,0,0.0000,0.0000,0,0,0,0,0,0,0,0,0,0,0,0,0,0,0,0,0,0,0,0,0,0,0,0,0,0.0000,0,32,0,0,0,0,0,0
WG_METRICS 231,256,768,1.9957,0.0090,0.0070,1.9220,0.0256,0.0321,256,768,196608,393216,102295.5703,204591.1406,0.0000,0,0.0000,0.0000,0,0.0000,0,0.0000,0.0000,0,0.0000,0.0000,0,0,0,0,0,0,0,0,0,0,0,0,0,0,0,0,0,0,0,0,0,0,0,0,0,0.0000,0,32,0,0,0,0,0,0
WG_METRICS 232,256,768,2.0042,0.0089,0.0071,1.9382,0.0180,0.0320,256,768,196608,393216,101440.5469,202881.0938,0.0000,0,0.0000,0.0000,0,0.0000,0,0.0000,0.0000,0,0.0000,0.0000,0,0,0,0,0,0,0,0,0,0,0,0,0,0,0,0,0,0,0,0,0,0,0,0,0,0.0000,0,32,0,0,0,0,0,0
WG_METRICS 233,256,768,1.9867,0.0089,0.0070,1.9197,0.0179,0.0332,256,768,196608,393216,102417.0703,204834.1406,0.0000,0,0.0000,0.0000,0,0.0000,0,0.0000,0.0000,0,0.0000,0.0000,0,0,0,0,0,0,0,0,0,0,0,0,0,0,0,0,0,0,0,0,0,0,0,0,0,0.0000,0,32,0,0,0,0,0,0
WG_METRICS 234,256,768,2.0010,0.0089,0.0070,1.9275,0.0254,0.0322,256,768,196608,393216,102000.5000,204001.0000,0.0000,0,0.0000,0.0000,0,0.0000,0,0.0000,0.0000,0,0.0000,0.0000,0,0,0,0,0,0,0,0,0,0,0,0,0,0,0,0,0,0,0,0,0,0,0,0,0,0.0000,0,32,0,0,0,0,0,0
WG_METRICS 235,256,768,1.9985,0.0090,0.0070,1.9314,0.0178,0.0333,256,768,196608,393216,101797.6953,203595.3906,0.0000,0,0.0000,0.0000,0,0.0000,0,0.0000,0.0000,0,0.0000,0.0000,0,0,0,0,0,0,0,0,0,0,0,0,0,0,0,0,0,0,0,0,0,0,0,0,0,0.0000,0,32,0,0,0,0,0,0
WG_METRICS 236,256,768,2.0190,0.0089,0.0070,1.9533,0.0181,0.0317,256,768,196608,393216,100655.3125,201310.6250,0.0000,0,0.0000,0.0000,0,0.0000,0,0.0000,0.0000,0,0.0000,0.0000,0,0,0,0,0,0,0,0,0,0,0,0,0,0,0,0,0,0,0,0,0,0,0,0,0,0.0000,0,32,0,0,0,0,0,0
WG_METRICS 237,256,768,1.9873,0.0090,0.0070,1.9211,0.0178,0.0323,256,768,196608,393216,102340.2969,204680.5938,0.0000,0,0.0000,0.0000,0,0.0000,0,0.0000,0.0000,0,0.0000,0.0000,0,0,0,0,0,0,0,0,0,0,0,0,0,0,0,0,0,0,0,0,0,0,0,0,0,0.0000,0,32,0,0,0,0,0,0
WG_METRICS 238,256,768,1.9655,0.0088,0.0071,1.8981,0.0180,0.0334,256,768,196608,393216,103580.3828,207160.7656,0.0000,0,0.0000,0.0000,0,0.0000,0,0.0000,0.0000,0,0.0000,0.0000,0,0,0,0,0,0,0,0,0,0,0,0,0,0,0,0,0,0,0,0,0,0,0,0,0,0.0000,0,32,0,0,0,0,0,0
WG_METRICS 239,256,768,1.9598,0.0089,0.0071,1.8956,0.0165,0.0318,256,768,196608,393216,103718.0859,207436.1719,0.0000,0,0.0000,0.0000,0,0.0000,0,0.0000,0.0000,0,0.0000,0.0000,0,0,0,0,0,0,0,0,0,0,0,0,0,0,0,0,0,0,0,0,0,0,0,0,0,0.0000,0,32,0,0,0,0,0,0
WG_METRICS 240,256,768,1.9711,0.0089,0.0070,1.9041,0.0180,0.0330,256,768,196608,393216,103256.1641,206512.3281,0.0000,0,0.0000,0.0000,0,0.0000,0,0.0000,0.0000,0,0.0000,0.0000,0,0,0,0,0,0,0,0,0,0,0,0,0,0,0,0,0,0,0,0,0,0,0,0,0,0.0000,0,32,0,0,0,0,0,0
WG_METRICS 241,256,768,1.9513,0.0089,0.0070,1.8860,0.0179,0.0316,256,768,196608,393216,104248.2344,208496.4688,0.0000,0,0.0000,0.0000,0,0.0000,0,0.0000,0.0000,0,0.0000,0.0000,0,0,0,0,0,0,0,0,0,0,0,0,0,0,0,0,0,0,0,0,0,0,0,0,0,0.0000,0,32,0,0,0,0,0,0
WG_METRICS 242,256,768,1.9626,0.0089,0.0070,1.8966,0.0180,0.0319,256,768,196608,393216,103661.2109,207322.4219,0.0000,0,0.0000,0.0000,0,0.0000,0,0.0000,0.0000,0,0.0000,0.0000,0,0,0,0,0,0,0,0,0,0,0,0,0,0,0,0,0,0,0,0,0,0,0,0,0,0.0000,0,32,0,0,0,0,0,0
WG_METRICS 243,256,768,1.9379,0.0089,0.0070,1.8726,0.0178,0.0316,256,768,196608,393216,104994.2344,209988.4688,0.0000,0,0.0000,0.0000,0,0.0000,0,0.0000,0.0000,0,0.0000,0.0000,0,0,0,0,0,0,0,0,0,0,0,0,0,0,0,0,0,0,0,0,0,0,0,0,0,0.0000,0,32,0,0,0,0,0,0
WG_METRICS 244,256,768,1.9817,0.0090,0.0070,1.9153,0.0178,0.0326,256,768,196608,393216,102650.2109,205300.4219,0.0000,0,0.0000,0.0000,0,0.0000,0,0.0000,0.0000,0,0.0000,0.0000,0,0,0,0,0,0,0,0,0,0,0,0,0,0,0,0,0,0,0,0,0,0,0,0,0,0.0000,0,32,0,0,0,0,0,0
WG_METRICS 245,256,768,1.9580,0.0089,0.0070,1.8937,0.0164,0.0320,256,768,196608,393216,103823.2422,207646.4844,0.0000,0,0.0000,0.0000,0,0.0000,0,0.0000,0.0000,0,0.0000,0.0000,0,0,0,0,0,0,0,0,0,0,0,0,0,0,0,0,0,0,0,0,0,0,0,0,0,0.0000,0,32,0,0,0,0,0,0
WG_METRICS 246,256,768,1.9472,0.0090,0.0070,1.8808,0.0180,0.0324,256,768,196608,393216,104532.0234,209064.0469,0.0000,0,0.0000,0.0000,0,0.0000,0,0.0000,0.0000,0,0.0000,0.0000,0,0,0,0,0,0,0,0,0,0,0,0,0,0,0,0,0,0,0,0,0,0,0,0,0,0.0000,0,32,0,0,0,0,0,0
WG_METRICS 247,256,768,1.9694,0.0089,0.0071,1.9019,0.0179,0.0336,256,768,196608,393216,103373.4375,206746.8750,0.0000,0,0.0000,0.0000,0,0.0000,0,0.0000,0.0000,0,0.0000,0.0000,0,0,0,0,0,0,0,0,0,0,0,0,0,0,0,0,0,0,0,0,0,0,0,0,0,0.0000,0,32,0,0,0,0,0,0
WG_METRICS 248,256,768,1.9551,0.0089,0.0070,1.8892,0.0178,0.0322,256,768,196608,393216,104071.6484,208143.2969,0.0000,0,0.0000,0.0000,0,0.0000,0,0.0000,0.0000,0,0.0000,0.0000,0,0,0,0,0,0,0,0,0,0,0,0,0,0,0,0,0,0,0,0,0,0,0,0,0,0.0000,0,32,0,0,0,0,0,0
WG_METRICS 249,256,768,1.9632,0.0089,0.0070,1.8974,0.0178,0.0321,256,768,196608,393216,103619.6875,207239.3750,0.0000,0,0.0000,0.0000,0,0.0000,0,0.0000,0.0000,0,0.0000,0.0000,0,0,0,0,0,0,0,0,0,0,0,0,0,0,0,0,0,0,0,0,0,0,0,0,0,0.0000,0,32,0,0,0,0,0,0
WG_METRICS 250,256,768,1.9883,0.0090,0.0070,1.9148,0.0252,0.0322,256,768,196608,393216,102675.9453,205351.8906,0.0000,0,0.0000,0.0000,0,0.0000,0,0.0000,0.0000,0,0.0000,0.0000,0,0,0,0,0,0,0,0,0,0,0,0,0,0,0,0,0,0,0,0,0,0,0,0,0,0.0000,0,32,0,0,0,0,0,0
WG_METRICS 251,256,768,2.0256,0.0090,0.0070,1.9590,0.0180,0.0326,256,768,196608,393216,100361.4062,200722.8125,0.0000,0,0.0000,0.0000,0,0.0000,0,0.0000,0.0000,0,0.0000,0.0000,0,0,0,0,0,0,0,0,0,0,0,0,0,0,0,0,0,0,0,0,0,0,0,0,0,0.0000,0,32,0,0,0,0,0,0
WG_METRICS 252,256,768,2.0165,0.0089,0.0071,1.9495,0.0180,0.0330,256,768,196608,393216,100849.4375,201698.8750,0.0000,0,0.0000,0.0000,0,0.0000,0,0.0000,0.0000,0,0.0000,0.0000,0,0,0,0,0,0,0,0,0,0,0,0,0,0,0,0,0,0,0,0,0,0,0,0,0,0.0000,0,32,0,0,0,0,0,0
WG_METRICS 253,256,768,1.9658,0.0089,0.0070,1.9000,0.0178,0.0319,256,768,196608,393216,103475.7109,206951.4219,0.0000,0,0.0000,0.0000,0,0.0000,0,0.0000,0.0000,0,0.0000,0.0000,0,0,0,0,0,0,0,0,0,0,0,0,0,0,0,0,0,0,0,0,0,0,0,0,0,0.0000,0,32,0,0,0,0,0,0
WG_METRICS 254,256,768,1.9621,0.0090,0.0070,1.8974,0.0166,0.0322,256,768,196608,393216,103621.8750,207243.7500,0.0000,0,0.0000,0.0000,0,0.0000,0,0.0000,0.0000,0,0.0000,0.0000,0,0,0,0,0,0,0,0,0,0,0,0,0,0,0,0,0,0,0,0,0,0,0,0,0,0.0000,0,32,0,0,0,0,0,0
WG_METRICS 255,256,768,1.9806,0.0090,0.0070,1.9146,0.0178,0.0322,256,768,196608,393216,102690.9609,205381.9219,0.0000,0,0.0000,0.0000,0,0.0000,0,0.0000,0.0000,0,0.0000,0.0000,0,0,0,0,0,0,0,0,0,0,0,0,0,0,0,0,0,0,0,0,0,0,0,0,0,0.0000,0,32,0,0,0,0,0,0
WG_METRICS 256,256,768,1.9645,0.0089,0.0070,1.8956,0.0180,0.0349,256,768,196608,393216,103718.0859,207436.1719,0.0000,0,0.0000,0.0000,0,0.0000,0,0.0000,0.0000,0,0.0000,0.0000,0,0,0,0,0,0,0,0,0,0,0,0,0,0,0,0,0,0,0,0,0,0,0,0,0,0.0000,0,32,0,0,0,0,0,0
WG_METRICS 257,256,768,1.9639,0.0090,0.0070,1.8978,0.0178,0.0321,256,768,196608,393216,103595.6641,207191.3281,0.0000,0,0.0000,0.0000,0,0.0000,0,0.0000,0.0000,0,0.0000,0.0000,0,0,0,0,0,0,0,0,0,0,0,0,0,0,0,0,0,0,0,0,0,0,0,0,0,0.0000,0,32,0,0,0,0,0,0
WG_METRICS 258,256,768,1.9990,0.0089,0.0070,1.9331,0.0181,0.0319,256,768,196608,393216,101707.1250,203414.2500,0.0000,0,0.0000,0.0000,0,0.0000,0,0.0000,0.0000,0,0.0000,0.0000,0,0,0,0,0,0,0,0,0,0,0,0,0,0,0,0,0,0,0,0,0,0,0,0,0,0.0000,0,32,0,0,0,0,0,0
WG_METRICS 259,256,768,1.9850,0.0090,0.0070,1.9189,0.0178,0.0322,256,768,196608,393216,102459.7656,204919.5312,0.0000,0,0.0000,0.0000,0,0.0000,0,0.0000,0.0000,0,0.0000,0.0000,0,0,0,0,0,0,0,0,0,0,0,0,0,0,0,0,0,0,0,0,0,0,0,0,0,0.0000,0,32,0,0,0,0,0,0
WG_METRICS 260,256,768,2.0086,0.0090,0.0070,1.9426,0.0178,0.0321,256,768,196608,393216,101206.6094,202413.2188,0.0000,0,0.0000,0.0000,0,0.0000,0,0.0000,0.0000,0,0.0000,0.0000,0,0,0,0,0,0,0,0,0,0,0,0,0,0,0,0,0,0,0,0,0,0,0,0,0,0.0000,0,32,0,0,0,0,0,0
WG_METRICS 261,256,768,1.9696,0.0090,0.0070,1.9039,0.0178,0.0319,256,768,196608,393216,103267.0156,206534.0312,0.0000,0,0.0000,0.0000,0,0.0000,0,0.0000,0.0000,0,0.0000,0.0000,0,0,0,0,0,0,0,0,0,0,0,0,0,0,0,0,0,0,0,0,0,0,0,0,0,0.0000,0,32,0,0,0,0,0,0
WG_METRICS 262,256,768,1.9942,0.0089,0.0070,1.9283,0.0178,0.0322,256,768,196608,393216,101960.2969,203920.5938,0.0000,0,0.0000,0.0000,0,0.0000,0,0.0000,0.0000,0,0.0000,0.0000,0,0,0,0,0,0,0,0,0,0,0,0,0,0,0,0,0,0,0,0,0,0,0,0,0,0.0000,0,32,0,0,0,0,0,0
WG_METRICS 263,256,768,1.9646,0.0090,0.0070,1.8978,0.0178,0.0330,256,768,196608,393216,103595.6641,207191.3281,0.0000,0,0.0000,0.0000,0,0.0000,0,0.0000,0.0000,0,0.0000,0.0000,0,0,0,0,0,0,0,0,0,0,0,0,0,0,0,0,0,0,0,0,0,0,0,0,0,0.0000,0,32,0,0,0,0,0,0
WG_METRICS 264,256,768,1.9818,0.0089,0.0070,1.9151,0.0181,0.0327,256,768,196608,393216,102663.0781,205326.1562,0.0000,0,0.0000,0.0000,0,0.0000,0,0.0000,0.0000,0,0.0000,0.0000,0,0,0,0,0,0,0,0,0,0,0,0,0,0,0,0,0,0,0,0,0,0,0,0,0,0.0000,0,32,0,0,0,0,0,0
WG_METRICS 265,256,768,1.9878,0.0090,0.0071,1.9214,0.0178,0.0325,256,768,196608,393216,102327.5156,204655.0312,0.0000,0,0.0000,0.0000,0,0.0000,0,0.0000,0.0000,0,0.0000,0.0000,0,0,0,0,0,0,0,0,0,0,0,0,0,0,0,0,0,0,0,0,0,0,0,0,0,0.0000,0,32,0,0,0,0,0,0
WG_METRICS 266,256,768,1.9573,0.0091,0.0071,1.8908,0.0178,0.0324,256,768,196608,393216,103979.1797,207958.3594,0.0000,0,0.0000,0.0000,0,0.0000,0,0.0000,0.0000,0,0.0000,0.0000,0,0,0,0,0,0,0,0,0,0,0,0,0,0,0,0,0,0,0,0,0,0,0,0,0,0.0000,0,32,0,0,0,0,0,0
WG_METRICS 267,256,768,1.9727,0.0090,0.0070,1.9068,0.0179,0.0320,256,768,196608,393216,103111.0391,206222.0781,0.0000,0,0.0000,0.0000,0,0.0000,0,0.0000,0.0000,0,0.0000,0.0000,0,0,0,0,0,0,0,0,0,0,0,0,0,0,0,0,0,0,0,0,0,0,0,0,0,0.0000,0,32,0,0,0,0,0,0
WG_METRICS 268,256,768,1.9824,0.0089,0.0070,1.9153,0.0181,0.0330,256,768,196608,393216,102650.2109,205300.4219,0.0000,0,0.0000,0.0000,0,0.0000,0,0.0000,0.0000,0,0.0000,0.0000,0,0,0,0,0,0,0,0,0,0,0,0,0,0,0,0,0,0,0,0,0,0,0,0,0,0.0000,0,32,0,0,0,0,0,0
WG_METRICS 269,256,768,1.9021,0.0089,0.0070,1.8398,0.0175,0.0289,256,768,196608,393216,106866.1172,213732.2344,0.0000,0,0.0000,0.0000,0,0.0000,0,0.0000,0.0000,0,0.0000,0.0000,0,0,0,0,0,0,0,0,0,0,0,0,0,0,0,0,0,0,0,0,0,0,0,0,0,0.0000,0,32,0,0,0,0,0,0
WG_METRICS 270,256,768,1.5944,0.0084,0.0069,1.5361,0.0171,0.0259,256,768,196608,393216,127989.9922,255979.9844,0.0000,0,0.0000,0.0000,0,0.0000,0,0.0000,0.0000,0,0.0000,0.0000,0,0,0,0,0,0,0,0,0,0,0,0,0,0,0,0,0,0,0,0,0,0,0,0,0,0.0000,0,32,0,0,0,0,0,0
WG_METRICS 271,256,768,1.4452,0.0082,0.0068,1.3902,0.0170,0.0231,256,768,196608,393216,141428.3281,282856.6562,0.0000,0,0.0000,0.0000,0,0.0000,0,0.0000,0.0000,0,0.0000,0.0000,0,0,0,0,0,0,0,0,0,0,0,0,0,0,0,0,0,0,0,0,0,0,0,0,0,0.0000,0,32,0,0,0,0,0,0
WG_METRICS 272,256,768,1.3472,0.0082,0.0069,1.2931,0.0169,0.0222,256,768,196608,393216,152041.5781,304083.1562,0.0000,0,0.0000,0.0000,0,0.0000,0,0.0000,0.0000,0,0.0000,0.0000,0,0,0,0,0,0,0,0,0,0,0,0,0,0,0,0,0,0,0,0,0,0,0,0,0,0.0000,0,32,0,0,0,0,0,0
WG_METRICS 273,256,768,1.3498,0.0081,0.0068,1.2894,0.0235,0.0220,256,768,196608,393216,152475.4844,304950.9688,0.0000,0,0.0000,0.0000,0,0.0000,0,0.0000,0.0000,0,0.0000,0.0000,0,0,0,0,0,0,0,0,0,0,0,0,0,0,0,0,0,0,0,0,0,0,0,0,0,0.0000,0,32,0,0,0,0,0,0
WG_METRICS 274,256,768,1.3784,0.0080,0.0068,1.3238,0.0170,0.0228,256,768,196608,393216,148522.3906,297044.7812,0.0000,0,0.0000,0.0000,0,0.0000,0,0.0000,0.0000,0,0.0000,0.0000,0,0,0,0,0,0,0,0,0,0,0,0,0,0,0,0,0,0,0,0,0,0,0,0,0,0.0000,0,32,0,0,0,0,0,0
WG_METRICS 275,256,768,1.4136,0.0080,0.0068,1.3585,0.0170,0.0232,256,768,196608,393216,144726.4688,289452.9375,0.0000,0,0.0000,0.0000,0,0.0000,0,0.0000,0.0000,0,0.0000,0.0000,0,0,0,0,0,0,0,0,0,0,0,0,0,0,0,0,0,0,0,0,0,0,0,0,0,0.0000,0,32,0,0,0,0,0,0
WG_METRICS 276,256,768,1.5245,0.0082,0.0068,1.4675,0.0171,0.0249,256,768,196608,393216,133972.9688,267945.9375,0.0000,0,0.0000,0.0000,0,0.0000,0,0.0000,0.0000,0,0.0000,0.0000,0,0,0,0,0,0,0,0,0,0,0,0,0,0,0,0,0,0,0,0,0,0,0,0,0,0.0000,0,32,0,0,0,0,0,0
WG_METRICS 277,256,768,1.7370,0.0085,0.0069,1.6747,0.0175,0.0294,256,768,196608,393216,117400.3359,234800.6719,0.0000,0,0.0000,0.0000,0,0.0000,0,0.0000,0.0000,0,0.0000,0.0000,0,0,0,0,0,0,0,0,0,0,0,0,0,0,0,0,0,0,0,0,0,0,0,0,0,0.0000,0,32,0,0,0,0,0,0
WG_METRICS 278,256,768,1.9956,0.0089,0.0070,1.9222,0.0253,0.0322,256,768,196608,393216,102280.6719,204561.3438,0.0000,0,0.0000,0.0000,0,0.0000,0,0.0000,0.0000,0,0.0000,0.0000,0,0,0,0,0,0,0,0,0,0,0,0,0,0,0,0,0,0,0,0,0,0,0,0,0,0.0000,0,32,0,0,0,0,0,0
WG_METRICS 279,256,768,1.9717,0.0089,0.0070,1.9057,0.0178,0.0323,256,768,196608,393216,103169.4766,206338.9531,0.0000,0,0.0000,0.0000,0,0.0000,0,0.0000,0.0000,0,0.0000,0.0000,0,0,0,0,0,0,0,0,0,0,0,0,0,0,0,0,0,0,0,0,0,0,0,0,0,0.0000,0,32,0,0,0,0,0,0
WG_METRICS 280,256,768,1.9726,0.0090,0.0070,1.9065,0.0181,0.0320,256,768,196608,393216,103126.1797,206252.3594,0.0000,0,0.0000,0.0000,0,0.0000,0,0.0000,0.0000,0,0.0000,0.0000,0,0,0,0,0,0,0,0,0,0,0,0,0,0,0,0,0,0,0,0,0,0,0,0,0,0.0000,0,32,0,0,0,0,0,0
WG_METRICS 281,256,768,1.9885,0.0090,0.0070,1.9226,0.0178,0.0321,256,768,196608,393216,102263.6484,204527.2969,0.0000,0,0.0000,0.0000,0,0.0000,0,0.0000,0.0000,0,0.0000,0.0000,0,0,0,0,0,0,0,0,0,0,0,0,0,0,0,0,0,0,0,0,0,0,0,0,0,0.0000,0,32,0,0,0,0,0,0
WG_METRICS 282,256,768,1.9760,0.0090,0.0070,1.9084,0.0179,0.0338,256,768,196608,393216,103024.5859,206049.1719,0.0000,0,0.0000,0.0000,0,0.0000,0,0.0000,0.0000,0,0.0000,0.0000,0,0,0,0,0,0,0,0,0,0,0,0,0,0,0,0,0,0,0,0,0,0,0,0,0,0.0000,0,32,0,0,0,0,0,0
WG_METRICS 283,256,768,1.9422,0.0090,0.0070,1.8712,0.0250,0.0300,256,768,196608,393216,105070.5469,210141.0938,0.0000,0,0.0000,0.0000,0,0.0000,0,0.0000,0.0000,0,0.0000,0.0000,0,0,0,0,0,0,0,0,0,0,0,0,0,0,0,0,0,0,0,0,0,0,0,0,0,0.0000,0,32,0,0,0,0,0,0
WG_METRICS 284,256,768,1.6592,0.0086,0.0069,1.6001,0.0175,0.0261,256,768,196608,393216,122870.7891,245741.5781,0.0000,0,0.0000,0.0000,0,0.0000,0,0.0000,0.0000,0,0.0000,0.0000,0,0,0,0,0,0,0,0,0,0,0,0,0,0,0,0,0,0,0,0,0,0,0,0,0,0.0000,0,32,0,0,0,0,0,0
WG_METRICS 285,256,768,1.5596,0.0083,0.0069,1.5005,0.0172,0.0266,256,768,196608,393216,131026.5781,262053.1562,0.0000,0,0.0000,0.0000,0,0.0000,0,0.0000,0.0000,0,0.0000,0.0000,0,0,0,0,0,0,0,0,0,0,0,0,0,0,0,0,0,0,0,0,0,0,0,0,0,0.0000,0,32,0,0,0,0,0,0
WG_METRICS 286,256,768,1.5023,0.0082,0.0069,1.4464,0.0171,0.0236,256,768,196608,393216,135925.4531,271850.9062,0.0000,0,0.0000,0.0000,0,0.0000,0,0.0000,0.0000,0,0.0000,0.0000,0,0,0,0,0,0,0,0,0,0,0,0,0,0,0,0,0,0,0,0,0,0,0,0,0,0.0000,0,32,0,0,0,0,0,0
WG_METRICS 287,256,768,1.4674,0.0082,0.0068,1.4107,0.0170,0.0246,256,768,196608,393216,139371.0781,278742.1562,0.0000,0,0.0000,0.0000,0,0.0000,0,0.0000,0.0000,0,0.0000,0.0000,0,0,0,0,0,0,0,0,0,0,0,0,0,0,0,0,0,0,0,0,0,0,0,0,0,0.0000,0,32,0,0,0,0,0,0
WG_METRICS 288,256,768,1.5066,0.0083,0.0068,1.4522,0.0151,0.0242,256,768,196608,393216,135386.3125,270772.6250,0.0000,0,0.0000,0.0000,0,0.0000,0,0.0000,0.0000,0,0.0000,0.0000,0,0,0,0,0,0,0,0,0,0,0,0,0,0,0,0,0,0,0,0,0,0,0,0,0,0.0000,0,32,0,0,0,0,0,0
WG_METRICS 289,256,768,1.5549,0.0084,0.0068,1.4963,0.0172,0.0262,256,768,196608,393216,131397.8750,262795.7500,0.0000,0,0.0000,0.0000,0,0.0000,0,0.0000,0.0000,0,0.0000,0.0000,0,0,0,0,0,0,0,0,0,0,0,0,0,0,0,0,0,0,0,0,0,0,0,0,0,0.0000,0,32,0,0,0,0,0,0
WG_METRICS 290,256,768,1.6468,0.0084,0.0069,1.5872,0.0175,0.0269,256,768,196608,393216,123870.9609,247741.9219,0.0000,0,0.0000,0.0000,0,0.0000,0,0.0000,0.0000,0,0.0000,0.0000,0,0,0,0,0,0,0,0,0,0,0,0,0,0,0,0,0,0,0,0,0,0,0,0,0,0.0000,0,32,0,0,0,0,0,0
WG_METRICS 291,256,768,1.8307,0.0086,0.0070,1.7667,0.0177,0.0308,256,768,196608,393216,111286.7109,222573.4219,0.0000,0,0.0000,0.0000,0,0.0000,0,0.0000,0.0000,0,0.0000,0.0000,0,0,0,0,0,0,0,0,0,0,0,0,0,0,0,0,0,0,0,0,0,0,0,0,0,0.0000,0,32,0,0,0,0,0,0
WG_METRICS 292,256,768,2.0037,0.0090,0.0070,1.9378,0.0178,0.0321,256,768,196608,393216,101459.3828,202918.7656,0.0000,0,0.0000,0.0000,0,0.0000,0,0.0000,0.0000,0,0.0000,0.0000,0,0,0,0,0,0,0,0,0,0,0,0,0,0,0,0,0,0,0,0,0,0,0,0,0,0.0000,0,32,0,0,0,0,0,0
WG_METRICS 293,256,768,2.0277,0.0089,0.0070,1.9539,0.0252,0.0326,256,768,196608,393216,100624.3984,201248.7969,0.0000,0,0.0000,0.0000,0,0.0000,0,0.0000,0.0000,0,0.0000,0.0000,0,0,0,0,0,0,0,0,0,0,0,0,0,0,0,0,0,0,0,0,0,0,0,0,0,0.0000,0,32,0,0,0,0,0,0
WG_METRICS 294,256,768,1.9992,0.0090,0.0070,1.9318,0.0181,0.0333,256,768,196608,393216,101772.4062,203544.8125,0.0000,0,0.0000,0.0000,0,0.0000,0,0.0000,0.0000,0,0.0000,0.0000,0,0,0,0,0,0,0,0,0,0,0,0,0,0,0,0,0,0,0,0,0,0,0,0,0,0.0000,0,32,0,0,0,0,0,0
WG_METRICS 295,256,768,1.9732,0.0089,0.0070,1.9051,0.0178,0.0344,256,768,196608,393216,103199.7969,206399.5938,0.0000,0,0.0000,0.0000,0,0.0000,0,0.0000,0.0000,0,0.0000,0.0000,0,0,0,0,0,0,0,0,0,0,0,0,0,0,0,0,0,0,0,0,0,0,0,0,0,0.0000,0,32,0,0,0,0,0,0
WG_METRICS 296,256,768,1.9712,0.0090,0.0070,1.9051,0.0178,0.0323,256,768,196608,393216,103199.7969,206399.5938,0.0000,0,0.0000,0.0000,0,0.0000,0,0.0000,0.0000,0,0.0000,0.0000,0,0,0,0,0,0,0,0,0,0,0,0,0,0,0,0,0,0,0,0,0,0,0,0,0,0.0000,0,32,0,0,0,0,0,0
WG_METRICS 297,256,768,1.9712,0.0089,0.0070,1.9048,0.0179,0.0326,256,768,196608,393216,103217.1328,206434.2656,0.0000,0,0.0000,0.0000,0,0.0000,0,0.0000,0.0000,0,0.0000,0.0000,0,0,0,0,0,0,0,0,0,0,0,0,0,0,0,0,0,0,0,0,0,0,0,0,0,0.0000,0,32,0,0,0,0,0,0
WG_METRICS 298,256,768,1.9738,0.0089,0.0070,1.9077,0.0181,0.0320,256,768,196608,393216,103061.3047,206122.6094,0.0000,0,0.0000,0.0000,0,0.0000,0,0.0000,0.0000,0,0.0000,0.0000,0,0,0,0,0,0,0,0,0,0,0,0,0,0,0,0,0,0,0,0,0,0,0,0,0,0.0000,0,32,0,0,0,0,0,0
WG_METRICS 299,256,768,1.9718,0.0089,0.0070,1.9090,0.0135,0.0333,256,768,196608,393216,102987.8906,205975.7812,0.0000,0,0.0000,0.0000,0,0.0000,0,0.0000,0.0000,0,0.0000,0.0000,0,0,0,0,0,0,0,0,0,0,0,0,0,0,0,0,0,0,0,0,0,0,0,0,0,0.0000,0,32,0,0,0,0,0,0
WG_METRICS 300,256,768,2.0005,0.0090,0.0070,1.9345,0.0179,0.0322,256,768,196608,393216,101633.5156,203267.0312,0.0000,0,0.0000,0.0000,0,0.0000,0,0.0000,0.0000,0,0.0000,0.0000,0,0,0,0,0,0,0,0,0,0,0,0,0,0,0,0,0,0,0,0,0,0,0,0,0,0.0000,0,32,0,0,0,0,0,0
WG_METRICS 301,256,768,1.9698,0.0089,0.0070,1.9029,0.0178,0.0332,256,768,196608,393216,103319.1094,206638.2188,0.0000,0,0.0000,0.0000,0,0.0000,0,0.0000,0.0000,0,0.0000,0.0000,0,0,0,0,0,0,0,0,0,0,0,0,0,0,0,0,0,0,0,0,0,0,0,0,0,0.0000,0,32,0,0,0,0,0,0
WG_METRICS 302,256,768,2.0023,0.0090,0.0070,1.9371,0.0164,0.0327,256,768,196608,393216,101495.0078,202990.0156,0.0000,0,0.0000,0.0000,0,0.0000,0,0.0000,0.0000,0,0.0000,0.0000,0,0,0,0,0,0,0,0,0,0,0,0,0,0,0,0,0,0,0,0,0,0,0,0,0,0.0000,0,32,0,0,0,0,0,0
WG_METRICS 303,256,768,1.8916,0.0089,0.0070,1.8273,0.0176,0.0308,256,768,196608,393216,107593.6328,215187.2656,0.0000,0,0.0000,0.0000,0,0.0000,0,0.0000,0.0000,0,0.0000,0.0000,0,0,0,0,0,0,0,0,0,0,0,0,0,0,0,0,0,0,0,0,0,0,0,0,0,0.0000,0,32,0,0,0,0,0,0
WG_METRICS 304,256,768,1.7716,0.0086,0.0070,1.7099,0.0177,0.0284,256,768,196608,393216,114980.8125,229961.6250,0.0000,0,0.0000,0.0000,0,0.0000,0,0.0000,0.0000,0,0.0000,0.0000,0,0,0,0,0,0,0,0,0,0,0,0,0,0,0,0,0,0,0,0,0,0,0,0,0,0.0000,0,32,0,0,0,0,0,0
WG_METRICS 305,256,768,1.6578,0.0085,0.0069,1.5985,0.0173,0.0265,256,768,196608,393216,122993.7656,245987.5312,0.0000,0,0.0000,0.0000,0,0.0000,0,0.0000,0.0000,0,0.0000,0.0000,0,0,0,0,0,0,0,0,0,0,0,0,0,0,0,0,0,0,0,0,0,0,0,0,0,0.0000,0,32,0,0,0,0,0,0
WG_METRICS 306,256,768,1.6652,0.0085,0.0069,1.6055,0.0173,0.0270,256,768,196608,393216,122460.5781,244921.1562,0.0000,0,0.0000,0.0000,0,0.0000,0,0.0000,0.0000,0,0.0000,0.0000,0,0,0,0,0,0,0,0,0,0,0,0,0,0,0,0,0,0,0,0,0,0,0,0,0,0.0000,0,32,0,0,0,0,0,0
WG_METRICS 307,256,768,2.3894,0.0086,0.0046,1.7769,0.5686,0.0307,256,768,196608,393216,110645.3906,221290.7812,0.0000,0,0.0000,0.0000,0,0.0000,0,0.0000,0.0000,0,0.0000,0.0000,0,0,0,0,0,0,0,0,0,0,0,0,0,0,0,0,0,0,0,0,0,0,0,0,0,0.0000,0,32,0,0,0,0,0,0
WG_METRICS 308,256,768,1.9268,0.0088,0.0070,1.8658,0.0136,0.0316,256,768,196608,393216,105374.6406,210749.2812,0.0000,0,0.0000,0.0000,0,0.0000,0,0.0000,0.0000,0,0.0000,0.0000,0,0,0,0,0,0,0,0,0,0,0,0,0,0,0,0,0,0,0,0,0,0,0,0,0,0.0000,0,32,0,0,0,0,0,0
WG_METRICS 309,256,768,1.9650,0.0088,0.0070,1.9001,0.0178,0.0313,256,768,196608,393216,103471.3594,206942.7188,0.0000,0,0.0000,0.0000,0,0.0000,0,0.0000,0.0000,0,0.0000,0.0000,0,0,0,0,0,0,0,0,0,0,0,0,0,0,0,0,0,0,0,0,0,0,0,0,0,0.0000,0,32,0,0,0,0,0,0
WG_METRICS 310,256,768,2.0424,0.0089,0.0070,1.9167,0.0782,0.0316,256,768,196608,393216,102577.3750,205154.7500,0.0000,0,0.0000,0.0000,0,0.0000,0,0.0000,0.0000,0,0.0000,0.0000,0,0,0,0,0,0,0,0,0,0,0,0,0,0,0,0,0,0,0,0,0,0,0,0,0,0.0000,0,32,0,0,0,0,0,0
WG_METRICS 311,256,768,1.9190,0.0088,0.0070,1.8545,0.0177,0.0310,256,768,196608,393216,106015.5781,212031.1562,0.0000,0,0.0000,0.0000,0,0.0000,0,0.0000,0.0000,0,0.0000,0.0000,0,0,0,0,0,0,0,0,0,0,0,0,0,0,0,0,0,0,0,0,0,0,0,0,0,0.0000,0,32,0,0,0,0,0,0
WG_METRICS 312,256,768,1.9255,0.0090,0.0070,1.8590,0.0180,0.0325,256,768,196608,393216,105762.3594,211524.7188,0.0000,0,0.0000,0.0000,0,0.0000,0,0.0000,0.0000,0,0.0000,0.0000,0,0,0,0,0,0,0,0,0,0,0,0,0,0,0,0,0,0,0,0,0,0,0,0,0,0.0000,0,32,0,0,0,0,0,0
WG_METRICS 313,256,768,1.8360,0.0087,0.0070,1.7781,0.0131,0.0291,256,768,196608,393216,110570.7109,221141.4219,0.0000,0,0.0000,0.0000,0,0.0000,0,0.0000,0.0000,0,0.0000,0.0000,0,0,0,0,0,0,0,0,0,0,0,0,0,0,0,0,0,0,0,0,0,0,0,0,0,0.0000,0,32,0,0,0,0,0,0
WG_METRICS 314,256,768,1.6824,0.0086,0.0070,1.6219,0.0173,0.0276,256,768,196608,393216,121222.2812,242444.5625,0.0000,0,0.0000,0.0000,0,0.0000,0,0.0000,0.0000,0,0.0000,0.0000,0,0,0,0,0,0,0,0,0,0,0,0,0,0,0,0,0,0,0,0,0,0,0,0,0,0.0000,0,32,0,0,0,0,0,0
WG_METRICS 315,256,768,1.6680,0.0085,0.0069,1.6086,0.0172,0.0268,256,768,196608,393216,122220.0156,244440.0312,0.0000,0,0.0000,0.0000,0,0.0000,0,0.0000,0.0000,0,0.0000,0.0000,0,0,0,0,0,0,0,0,0,0,0,0,0,0,0,0,0,0,0,0,0,0,0,0,0,0.0000,0,32,0,0,0,0,0,0
WG_METRICS 316,256,768,1.6513,0.0086,0.0069,1.5914,0.0173,0.0271,256,768,196608,393216,123540.9453,247081.8906,0.0000,0,0.0000,0.0000,0,0.0000,0,0.0000,0.0000,0,0.0000,0.0000,0,0,0,0,0,0,0,0,0,0,0,0,0,0,0,0,0,0,0,0,0,0,0,0,0,0.0000,0,32,0,0,0,0,0,0
WG_METRICS 317,256,768,1.6949,0.0085,0.0069,1.6342,0.0173,0.0280,256,768,196608,393216,120311.3516,240622.7031,0.0000,0,0.0000,0.0000,0,0.0000,0,0.0000,0.0000,0,0.0000,0.0000,0,0,0,0,0,0,0,0,0,0,0,0,0,0,0,0,0,0,0,0,0,0,0,0,0,0.0000,0,32,0,0,0,0,0,0
WG_METRICS 318,256,768,1.6509,0.0084,0.0069,1.5920,0.0175,0.0262,256,768,196608,393216,123497.4844,246994.9688,0.0000,0,0.0000,0.0000,0,0.0000,0,0.0000,0.0000,0,0.0000,0.0000,0,0,0,0,0,0,0,0,0,0,0,0,0,0,0,0,0,0,0,0,0,0,0,0,0,0.0000,0,32,0,0,0,0,0,0
WG_METRICS 319,256,768,1.5411,0.0084,0.0069,1.4839,0.0171,0.0249,256,768,196608,393216,132495.8906,264991.7812,0.0000,0,0.0000,0.0000,0,0.0000,0,0.0000,0.0000,0,0.0000,0.0000,0,0,0,0,0,0,0,0,0,0,0,0,0,0,0,0,0,0,0,0,0,0,0,0,0,0.0000,0,32,0,0,0,0,0,0
WG_METRICS 320,256,768,1.5275,0.0082,0.0068,1.4701,0.0171,0.0253,256,768,196608,393216,133736.0312,267472.0625,0.0000,0,0.0000,0.0000,0,0.0000,0,0.0000,0.0000,0,0.0000,0.0000,0,0,0,0,0,0,0,0,0,0,0,0,0,0,0,0,0,0,0,0,0,0,0,0,0,0.0000,0,32,0,0,0,0,0,0
WG_METRICS 321,256,768,1.6128,0.0083,0.0068,1.5546,0.0172,0.0259,256,768,196608,393216,126471.8047,252943.6094,0.0000,0,0.0000,0.0000,0,0.0000,0,0.0000,0.0000,0,0.0000,0.0000,0,0,0,0,0,0,0,0,0,0,0,0,0,0,0,0,0,0,0,0,0,0,0,0,0,0.0000,0,32,0,0,0,0,0,0
WG_METRICS 322,256,768,1.7160,0.0084,0.0070,1.6549,0.0176,0.0281,256,768,196608,393216,118804.9844,237609.9688,0.0000,0,0.0000,0.0000,0,0.0000,0,0.0000,0.0000,0,0.0000,0.0000,0,0,0,0,0,0,0,0,0,0,0,0,0,0,0,0,0,0,0,0,0,0,0,0,0,0.0000,0,32,0,0,0,0,0,0
WG_METRICS 323,256,768,1.7521,0.0088,0.0070,1.6916,0.0173,0.0275,256,768,196608,393216,116228.8047,232457.6094,0.0000,0,0.0000,0.0000,0,0.0000,0,0.0000,0.0000,0,0.0000,0.0000,0,0,0,0,0,0,0,0,0,0,0,0,0,0,0,0,0,0,0,0,0,0,0,0,0,0.0000,0,32,0,0,0,0,0,0
WG_METRICS 324,256,768,1.7469,0.0086,0.0069,1.6857,0.0174,0.0283,256,768,196608,393216,116634.2344,233268.4688,0.0000,0,0.0000,0.0000,0,0.0000,0,0.0000,0.0000,0,0.0000,0.0000,0,0,0,0,0,0,0,0,0,0,0,0,0,0,0,0,0,0,0,0,0,0,0,0,0,0.0000,0,32,0,0,0,0,0,0
WG_METRICS 325,256,768,1.7832,0.0087,0.0070,1.7211,0.0175,0.0290,256,768,196608,393216,114235.2500,228470.5000,0.0000,0,0.0000,0.0000,0,0.0000,0,0.0000,0.0000,0,0.0000,0.0000,0,0,0,0,0,0,0,0,0,0,0,0,0,0,0,0,0,0,0,0,0,0,0,0,0,0.0000,0,32,0,0,0,0,0,0
WG_METRICS 326,256,768,1.8216,0.0088,0.0071,1.7570,0.0177,0.0311,256,768,196608,393216,111902.3750,223804.7500,0.0000,0,0.0000,0.0000,0,0.0000,0,0.0000,0.0000,0,0.0000,0.0000,0,0,0,0,0,0,0,0,0,0,0,0,0,0,0,0,0,0,0,0,0,0,0,0,0,0.0000,0,32,0,0,0,0,0,0
WG_METRICS 327,256,768,2.8013,0.0088,0.0070,1.8876,0.8660,0.0318,256,768,196608,393216,104157.6641,208315.3281,0.0000,0,0.0000,0.0000,0,0.0000,0,0.0000,0.0000,0,0.0000,0.0000,0,0,0,0,0,0,0,0,0,0,0,0,0,0,0,0,0,0,0,0,0,0,0,0,0,0.0000,0,32,0,0,0,0,0,0
WG_METRICS 328,256,768,1.9036,0.0089,0.0070,1.8401,0.0179,0.0297,256,768,196608,393216,106847.5234,213695.0469,0.0000,0,0.0000,0.0000,0,0.0000,0,0.0000,0.0000,0,0.0000,0.0000,0,0,0,0,0,0,0,0,0,0,0,0,0,0,0,0,0,0,0,0,0,0,0,0,0,0.0000,0,32,0,0,0,0,0,0
WG_METRICS 329,256,768,1.7738,0.0086,0.0070,1.7121,0.0175,0.0287,256,768,196608,393216,114835.7578,229671.5156,0.0000,0,0.0000,0.0000,0,0.0000,0,0.0000,0.0000,0,0.0000,0.0000,0,0,0,0,0,0,0,0,0,0,0,0,0,0,0,0,0,0,0,0,0,0,0,0,0,0.0000,0,32,0,0,0,0,0,0
WG_METRICS 330,256,768,1.7188,0.0086,0.0069,1.6586,0.0173,0.0276,256,768,196608,393216,118541.3828,237082.7656,0.0000,0,0.0000,0.0000,0,0.0000,0,0.0000,0.0000,0,0.0000,0.0000,0,0,0,0,0,0,0,0,0,0,0,0,0,0,0,0,0,0,0,0,0,0,0,0,0,0.0000,0,32,0,0,0,0,0,0
WG_METRICS 331,256,768,1.6617,0.0086,0.0069,1.6013,0.0173,0.0276,256,768,196608,393216,122781.7734,245563.5469,0.0000,0,0.0000,0.0000,0,0.0000,0,0.0000,0.0000,0,0.0000,0.0000,0,0,0,0,0,0,0,0,0,0,0,0,0,0,0,0,0,0,0,0,0,0,0,0,0,0.0000,0,32,0,0,0,0,0,0
WG_METRICS 332,256,768,1.6530,0.0086,0.0069,1.5863,0.0243,0.0269,256,768,196608,393216,123939.6797,247879.3594,0.0000,0,0.0000,0.0000,0,0.0000,0,0.0000,0.0000,0,0.0000,0.0000,0,0,0,0,0,0,0,0,0,0,0,0,0,0,0,0,0,0,0,0,0,0,0,0,0,0.0000,0,32,0,0,0,0,0,0
WG_METRICS 333,256,768,1.5906,0.0084,0.0069,1.5328,0.0171,0.0254,256,768,196608,393216,128263.8750,256527.7500,0.0000,0,0.0000,0.0000,0,0.0000,0,0.0000,0.0000,0,0.0000,0.0000,0,0,0,0,0,0,0,0,0,0,0,0,0,0,0,0,0,0,0,0,0,0,0,0,0,0.0000,0,32,0,0,0,0,0,0
WG_METRICS 334,256,768,1.5348,0.0083,0.0069,1.4775,0.0174,0.0248,256,768,196608,393216,133069.8125,266139.6250,0.0000,0,0.0000,0.0000,0,0.0000,0,0.0000,0.0000,0,0.0000,0.0000,0,0,0,0,0,0,0,0,0,0,0,0,0,0,0,0,0,0,0,0,0,0,0,0,0,0.0000,0,32,0,0,0,0,0,0
WG_METRICS 335,256,768,1.7341,0.0084,0.0069,1.6717,0.0176,0.0295,256,768,196608,393216,117608.2109,235216.4219,0.0000,0,0.0000,0.0000,0,0.0000,0,0.0000,0.0000,0,0.0000,0.0000,0,0,0,0,0,0,0,0,0,0,0,0,0,0,0,0,0,0,0,0,0,0,0,0,0,0.0000,0,32,0,0,0,0,0,0
WG_METRICS 336,256,768,1.9608,0.0090,0.0070,1.8872,0.0254,0.0321,256,768,196608,393216,104177.5234,208355.0469,0.0000,0,0.0000,0.0000,0,0.0000,0,0.0000,0.0000,0,0.0000,0.0000,0,0,0,0,0,0,0,0,0,0,0,0,0,0,0,0,0,0,0,0,0,0,0,0,0,0.0000,0,32,0,0,0,0,0,0
WG_METRICS 337,256,768,1.9715,0.0090,0.0070,1.9047,0.0178,0.0330,256,768,196608,393216,103223.6406,206447.2812,0.0000,0,0.0000,0.0000,0,0.0000,0,0.0000,0.0000,0,0.0000,0.0000,0,0,0,0,0,0,0,0,0,0,0,0,0,0,0,0,0,0,0,0,0,0,0,0,0,0.0000,0,32,0,0,0,0,0,0
WG_METRICS 338,256,768,1.9640,0.0090,0.0070,1.8975,0.0180,0.0326,256,768,196608,393216,103615.3203,207230.6406,0.0000,0,0.0000,0.0000,0,0.0000,0,0.0000,0.0000,0,0.0000,0.0000,0,0,0,0,0,0,0,0,0,0,0,0,0,0,0,0,0,0,0,0,0,0,0,0,0,0.0000,0,32,0,0,0,0,0,0
WG_METRICS 339,256,768,1.9284,0.0089,0.0070,1.8622,0.0179,0.0323,256,768,196608,393216,105576.0859,211152.1719,0.0000,0,0.0000,0.0000,0,0.0000,0,0.0000,0.0000,0,0.0000,0.0000,0,0,0,0,0,0,0,0,0,0,0,0,0,0,0,0,0,0,0,0,0,0,0,0,0,0.0000,0,32,0,0,0,0,0,0
WG_METRICS 340,256,768,2.0513,0.0089,0.0070,1.9856,0.0178,0.0319,256,768,196608,393216,99016.9219,198033.8438,0.0000,0,0.0000,0.0000,0,0.0000,0,0.0000,0.0000,0,0.0000,0.0000,0,0,0,0,0,0,0,0,0,0,0,0,0,0,0,0,0,0,0,0,0,0,0,0,0,0.0000,0,32,0,0,0,0,0,0
WG_METRICS 341,256,768,1.9742,0.0090,0.0071,1.9004,0.0253,0.0324,256,768,196608,393216,103453.9375,206907.8750,0.0000,0,0.0000,0.0000,0,0.0000,0,0.0000,0.0000,0,0.0000,0.0000,0,0,0,0,0,0,0,0,0,0,0,0,0,0,0,0,0,0,0,0,0,0,0,0,0,0.0000,0,32,0,0,0,0,0,0
WG_METRICS 342,256,768,1.9666,0.0088,0.0070,1.9001,0.0181,0.0325,256,768,196608,393216,103471.3594,206942.7188,0.0000,0,0.0000,0.0000,0,0.0000,0,0.0000,0.0000,0,0.0000,0.0000,0,0,0,0,0,0,0,0,0,0,0,0,0,0,0,0,0,0,0,0,0,0,0,0,0,0.0000,0,32,0,0,0,0,0,0
WG_METRICS 343,256,768,1.9837,0.0089,0.0070,1.9180,0.0179,0.0319,256,768,196608,393216,102506.7812,205013.5625,0.0000,0,0.0000,0.0000,0,0.0000,0,0.0000,0.0000,0,0.0000,0.0000,0,0,0,0,0,0,0,0,0,0,0,0,0,0,0,0,0,0,0,0,0,0,0,0,0,0.0000,0,32,0,0,0,0,0,0
WG_METRICS 344,256,768,2.0164,0.0089,0.0071,1.9501,0.0178,0.0325,256,768,196608,393216,100818.4141,201636.8281,0.0000,0,0.0000,0.0000,0,0.0000,0,0.0000,0.0000,0,0.0000,0.0000,0,0,0,0,0,0,0,0,0,0,0,0,0,0,0,0,0,0,0,0,0,0,0,0,0,0.0000,0,32,0,0,0,0,0,0
WG_METRICS 345,256,768,1.9906,0.0091,0.0070,1.9244,0.0178,0.0323,256,768,196608,393216,102167.9922,204335.9844,0.0000,0,0.0000,0.0000,0,0.0000,0,0.0000,0.0000,0,0.0000,0.0000,0,0,0,0,0,0,0,0,0,0,0,0,0,0,0,0,0,0,0,0,0,0,0,0,0,0.0000,0,32,0,0,0,0,0,0
WG_METRICS 346,256,768,1.9736,0.0089,0.0070,1.8989,0.0253,0.0334,256,768,196608,393216,103536.7422,207073.4844,0.0000,0,0.0000,0.0000,0,0.0000,0,0.0000,0.0000,0,0.0000,0.0000,0,0,0,0,0,0,0,0,0,0,0,0,0,0,0,0,0,0,0,0,0,0,0,0,0,0.0000,0,32,0,0,0,0,0,0
WG_METRICS 347,256,768,1.9159,0.0090,0.0070,1.8527,0.0176,0.0296,256,768,196608,393216,106120.8672,212241.7344,0.0000,0,0.0000,0.0000,0,0.0000,0,0.0000,0.0000,0,0.0000,0.0000,0,0,0,0,0,0,0,0,0,0,0,0,0,0,0,0,0,0,0,0,0,0,0,0,0,0.0000,0,32,0,0,0,0,0,0
WG_METRICS 348,256,768,1.6663,0.0086,0.0069,1.6070,0.0174,0.0263,256,768,196608,393216,122341.6953,244683.3906,0.0000,0,0.0000,0.0000,0,0.0000,0,0.0000,0.0000,0,0.0000,0.0000,0,0,0,0,0,0,0,0,0,0,0,0,0,0,0,0,0,0,0,0,0,0,0,0,0,0.0000,0,32,0,0,0,0,0,0
WG_METRICS 349,256,768,1.4594,0.0082,0.0068,1.4036,0.0170,0.0238,256,768,196608,393216,140074.0938,280148.1875,0.0000,0,0.0000,0.0000,0,0.0000,0,0.0000,0.0000,0,0.0000,0.0000,0,0,0,0,0,0,0,0,0,0,0,0,0,0,0,0,0,0,0,0,0,0,0,0,0,0.0000,0,32,0,0,0,0,0,0
WG_METRICS 350,256,768,1.3721,0.0080,0.0068,1.3183,0.0168,0.0222,256,768,196608,393216,149135.2656,298270.5312,0.0000,0,0.0000,0.0000,0,0.0000,0,0.0000,0.0000,0,0.0000,0.0000,0,0,0,0,0,0,0,0,0,0,0,0,0,0,0,0,0,0,0,0,0,0,0,0,0,0.0000,0,32,0,0,0,0,0,0
WG_METRICS 351,256,768,1.2998,0.0082,0.0068,1.2530,0.0076,0.0242,256,768,196608,393216,156904.8125,313809.6250,0.0000,0,0.0000,0.0000,0,0.0000,0,0.0000,0.0000,0,0.0000,0.0000,0,0,0,0,0,0,0,0,0,0,0,0,0,0,0,0,0,0,0,0,0,0,0,0,0,0.0000,0,32,0,0,0,0,0,0
WG_METRICS 352,256,768,1.2700,0.0079,0.0068,1.2177,0.0169,0.0206,256,768,196608,393216,161455.8281,322911.6562,0.0000,0,0.0000,0.0000,0,0.0000,0,0.0000,0.0000,0,0.0000,0.0000,0,0,0,0,0,0,0,0,0,0,0,0,0,0,0,0,0,0,0,0,0,0,0,0,0,0.0000,0,32,0,0,0,0,0,0
WG_METRICS 353,256,768,1.2669,0.0078,0.0068,1.2152,0.0167,0.0203,256,768,196608,393216,161785.3281,323570.6562,0.0000,0,0.0000,0.0000,0,0.0000,0,0.0000,0.0000,0,0.0000,0.0000,0,0,0,0,0,0,0,0,0,0,0,0,0,0,0,0,0,0,0,0,0,0,0,0,0,0.0000,0,32,0,0,0,0,0,0
WG_METRICS 354,256,768,1.2988,0.0078,0.0069,1.2460,0.0168,0.0213,256,768,196608,393216,157796.3906,315592.7812,0.0000,0,0.0000,0.0000,0,0.0000,0,0.0000,0.0000,0,0.0000,0.0000,0,0,0,0,0,0,0,0,0,0,0,0,0,0,0,0,0,0,0,0,0,0,0,0,0,0.0000,0,32,0,0,0,0,0,0
WG_METRICS 355,256,768,1.4787,0.0080,0.0068,1.4222,0.0171,0.0245,256,768,196608,393216,138242.1562,276484.3125,0.0000,0,0.0000,0.0000,0,0.0000,0,0.0000,0.0000,0,0.0000,0.0000,0,0,0,0,0,0,0,0,0,0,0,0,0,0,0,0,0,0,0,0,0,0,0,0,0,0.0000,0,32,0,0,0,0,0,0
WG_METRICS 356,256,768,1.7762,0.0084,0.0069,1.7056,0.0248,0.0305,256,768,196608,393216,115272.0469,230544.0938,0.0000,0,0.0000,0.0000,0,0.0000,0,0.0000,0.0000,0,0.0000,0.0000,0,0,0,0,0,0,0,0,0,0,0,0,0,0,0,0,0,0,0,0,0,0,0,0,0,0.0000,0,32,0,0,0,0,0,0
WG_METRICS 357,256,768,1.9492,0.0090,0.0070,1.8832,0.0179,0.0321,256,768,196608,393216,104401.0156,208802.0312,0.0000,0,0.0000,0.0000,0,0.0000,0,0.0000,0.0000,0,0.0000,0.0000,0,0,0,0,0,0,0,0,0,0,0,0,0,0,0,0,0,0,0,0,0,0,0,0,0,0.0000,0,32,0,0,0,0,0,0
WG_METRICS 358,256,768,1.9887,0.0090,0.0070,1.9197,0.0181,0.0348,256,768,196608,393216,102414.9297,204829.8594,0.0000,0,0.0000,0.0000,0,0.0000,0,0.0000,0.0000,0,0.0000,0.0000,0,0,0,0,0,0,0,0,0,0,0,0,0,0,0,0,0,0,0,0,0,0,0,0,0,0.0000,0,32,0,0,0,0,0,0
WG_METRICS 359,256,768,1.9748,0.0091,0.0070,1.9087,0.0178,0.0322,256,768,196608,393216,103007.3125,206014.6250,0.0000,0,0.0000,0.0000,0,0.0000,0,0.0000,0.0000,0,0.0000,0.0000,0,0,0,0,0,0,0,0,0,0,0,0,0,0,0,0,0,0,0,0,0,0,0,0,0,0.0000,0,32,0,0,0,0,0,0
WG_METRICS 360,256,768,1.9616,0.0089,0.0070,1.8956,0.0178,0.0322,256,768,196608,393216,103718.0859,207436.1719,0.0000,0,0.0000,0.0000,0,0.0000,0,0.0000,0.0000,0,0.0000,0.0000,0,0,0,0,0,0,0,0,0,0,0,0,0,0,0,0,0,0,0,0,0,0,0,0,0,0.0000,0,32,0,0,0,0,0,0
WG_METRICS 361,256,768,1.9950,0.0090,0.0071,1.9215,0.0253,0.0322,256,768,196608,393216,102321.1328,204642.2656,0.0000,0,0.0000,0.0000,0,0.0000,0,0.0000,0.0000,0,0.0000,0.0000,0,0,0,0,0,0,0,0,0,0,0,0,0,0,0,0,0,0,0,0,0,0,0,0,0,0.0000,0,32,0,0,0,0,0,0
WG_METRICS 362,256,768,1.9888,0.0090,0.0070,1.9226,0.0181,0.0321,256,768,196608,393216,102261.5156,204523.0312,0.0000,0,0.0000,0.0000,0,0.0000,0,0.0000,0.0000,0,0.0000,0.0000,0,0,0,0,0,0,0,0,0,0,0,0,0,0,0,0,0,0,0,0,0,0,0,0,0,0.0000,0,32,0,0,0,0,0,0
WG_METRICS 363,256,768,1.9872,0.0088,0.0071,1.9212,0.0179,0.0322,256,768,196608,393216,102336.0391,204672.0781,0.0000,0,0.0000,0.0000,0,0.0000,0,0.0000,0.0000,0,0.0000,0.0000,0,0,0,0,0,0,0,0,0,0,0,0,0,0,0,0,0,0,0,0,0,0,0,0,0,0.0000,0,32,0,0,0,0,0,0
WG_METRICS 364,256,768,1.9708,0.0090,0.0070,1.9049,0.0178,0.0320,256,768,196608,393216,103212.7969,206425.5938,0.0000,0,0.0000,0.0000,0,0.0000,0,0.0000,0.0000,0,0.0000,0.0000,0,0,0,0,0,0,0,0,0,0,0,0,0,0,0,0,0,0,0,0,0,0,0,0,0,0.0000,0,32,0,0,0,0,0,0
WG_METRICS 365,256,768,1.8142,0.0088,0.0070,1.7515,0.0176,0.0294,256,768,196608,393216,112252.5000,224505.0000,0.0000,0,0.0000,0.0000,0,0.0000,0,0.0000,0.0000,0,0.0000,0.0000,0,0,0,0,0,0,0,0,0,0,0,0,0,0,0,0,0,0,0,0,0,0,0,0,0,0.0000,0,32,0,0,0,0,0,0
WG_METRICS 366,256,768,1.6444,0.0084,0.0069,1.5855,0.0157,0.0279,256,768,196608,393216,124005.3516,248010.7031,0.0000,0,0.0000,0.0000,0,0.0000,0,0.0000,0.0000,0,0.0000,0.0000,0,0,0,0,0,0,0,0,0,0,0,0,0,0,0,0,0,0,0,0,0,0,0,0,0,0.0000,0,32,0,0,0,0,0,0
WG_METRICS 367,256,768,1.4788,0.0082,0.0069,1.4228,0.0170,0.0240,256,768,196608,393216,138179.9844,276359.9688,0.0000,0,0.0000,0.0000,0,0.0000,0,0.0000,0.0000,0,0.0000,0.0000,0,0,0,0,0,0,0,0,0,0,0,0,0,0,0,0,0,0,0,0,0,0,0,0,0,0.0000,0,32,0,0,0,0,0,0
WG_METRICS 368,256,768,1.3739,0.0082,0.0068,1.3195,0.0171,0.0222,256,768,196608,393216,149004.1562,298008.3125,0.0000,0,0.0000,0.0000,0,0.0000,0,0.0000,0.0000,0,0.0000,0.0000,0,0,0,0,0,0,0,0,0,0,0,0,0,0,0,0,0,0,0,0,0,0,0,0,0,0.0000,0,32,0,0,0,0,0,0
WG_METRICS 369,256,768,1.4044,0.0080,0.0068,1.2960,0.0719,0.0218,256,768,196608,393216,151708.3906,303416.7812,0.0000,0,0.0000,0.0000,0,0.0000,0,0.0000,0.0000,0,0.0000,0.0000,0,0,0,0,0,0,0,0,0,0,0,0,0,0,0,0,0,0,0,0,0,0,0,0,0,0.0000,0,32,0,0,0,0,0,0
WG_METRICS 370,256,768,1.3376,0.0080,0.0069,1.2831,0.0168,0.0228,256,768,196608,393216,153231.2969,306462.5938,0.0000,0,0.0000,0.0000,0,0.0000,0,0.0000,0.0000,0,0.0000,0.0000,0,0,0,0,0,0,0,0,0,0,0,0,0,0,0,0,0,0,0,0,0,0,0,0,0,0.0000,0,32,0,0,0,0,0,0
WG_METRICS 371,256,768,1.3914,0.0080,0.0068,1.3404,0.0108,0.0254,256,768,196608,393216,146682.9688,293365.9375,0.0000,0,0.0000,0.0000,0,0.0000,0,0.0000,0.0000,0,0.0000,0.0000,0,0,0,0,0,0,0,0,0,0,0,0,0,0,0,0,0,0,0,0,0,0,0,0,0,0.0000,0,32,0,0,0,0,0,0
WG_METRICS 372,256,768,1.4555,0.0082,0.0068,1.3992,0.0172,0.0240,256,768,196608,393216,140510.5625,281021.1250,0.0000,0,0.0000,0.0000,0,0.0000,0,0.0000,0.0000,0,0.0000,0.0000,0,0,0,0,0,0,0,0,0,0,0,0,0,0,0,0,0,0,0,0,0,0,0,0,0,0.0000,0,32,0,0,0,0,0,0
WG_METRICS 373,256,768,1.5287,0.0083,0.0069,1.4711,0.0172,0.0252,256,768,196608,393216,133645.1094,267290.2188,0.0000,0,0.0000,0.0000,0,0.0000,0,0.0000,0.0000,0,0.0000,0.0000,0,0,0,0,0,0,0,0,0,0,0,0,0,0,0,0,0,0,0,0,0,0,0,0,0,0.0000,0,32,0,0,0,0,0,0
WG_METRICS 374,256,768,1.6272,0.0083,0.0069,1.5678,0.0173,0.0269,256,768,196608,393216,125400.5547,250801.1094,0.0000,0,0.0000,0.0000,0,0.0000,0,0.0000,0.0000,0,0.0000,0.0000,0,0,0,0,0,0,0,0,0,0,0,0,0,0,0,0,0,0,0,0,0,0,0,0,0,0.0000,0,32,0,0,0,0,0,0
WG_METRICS 375,256,768,1.7286,0.0084,0.0069,1.6668,0.0176,0.0289,256,768,196608,393216,117952.5391,235905.0781,0.0000,0,0.0000,0.0000,0,0.0000,0,0.0000,0.0000,0,0.0000,0.0000,0,0,0,0,0,0,0,0,0,0,0,0,0,0,0,0,0,0,0,0,0,0,0,0,0,0.0000,0,32,0,0,0,0,0,0
WG_METRICS 376,256,768,1.8624,0.0086,0.0070,1.8069,0.0088,0.0312,256,768,196608,393216,108810.7656,217621.5312,0.0000,0,0.0000,0.0000,0,0.0000,0,0.0000,0.0000,0,0.0000,0.0000,0,0,0,0,0,0,0,0,0,0,0,0,0,0,0,0,0,0,0,0,0,0,0,0,0,0.0000,0,32,0,0,0,0,0,0
WG_METRICS 377,256,768,1.9788,0.0089,0.0070,1.9128,0.0178,0.0324,256,768,196608,393216,102787.5938,205575.1875,0.0000,0,0.0000,0.0000,0,0.0000,0,0.0000,0.0000,0,0.0000,0.0000,0,0,0,0,0,0,0,0,0,0,0,0,0,0,0,0,0,0,0,0,0,0,0,0,0,0.0000,0,32,0,0,0,0,0,0
WG_METRICS 378,256,768,1.9150,0.0089,0.0070,1.8502,0.0179,0.0309,256,768,196608,393216,106260.8125,212521.6250,0.0000,0,0.0000,0.0000,0,0.0000,0,0.0000,0.0000,0,0.0000,0.0000,0,0,0,0,0,0,0,0,0,0,0,0,0,0,0,0,0,0,0,0,0,0,0,0,0,0.0000,0,32,0,0,0,0,0,0
WG_METRICS 379,256,768,1.7969,0.0086,0.0070,1.7349,0.0176,0.0288,256,768,196608,393216,113323.9531,226647.9062,0.0000,0,0.0000,0.0000,0,0.0000,0,0.0000,0.0000,0,0.0000,0.0000,0,0,0,0,0,0,0,0,0,0,0,0,0,0,0,0,0,0,0,0,0,0,0,0,0,0.0000,0,32,0,0,0,0,0,0
WG_METRICS 380,256,768,1.6768,0.0084,0.0070,1.6166,0.0173,0.0276,256,768,196608,393216,121621.2188,243242.4375,0.0000,0,0.0000,0.0000,0,0.0000,0,0.0000,0.0000,0,0.0000,0.0000,0,0,0,0,0,0,0,0,0,0,0,0,0,0,0,0,0,0,0,0,0,0,0,0,0,0.0000,0,32,0,0,0,0,0,0
WG_METRICS 381,256,768,1.6506,0.0085,0.0069,1.5914,0.0173,0.0264,256,768,196608,393216,123540.9453,247081.8906,0.0000,0,0.0000,0.0000,0,0.0000,0,0.0000,0.0000,0,0.0000,0.0000,0,0,0,0,0,0,0,0,0,0,0,0,0,0,0,0,0,0,0,0,0,0,0,0,0,0.0000,0,32,0,0,0,0,0,0
WG_METRICS 382,256,768,1.6115,0.0084,0.0068,1.5532,0.0174,0.0257,256,768,196608,393216,126585.8047,253171.6094,0.0000,0,0.0000,0.0000,0,0.0000,0,0.0000,0.0000,0,0.0000,0.0000,0,0,0,0,0,0,0,0,0,0,0,0,0,0,0,0,0,0,0,0,0,0,0,0,0,0.0000,0,32,0,0,0,0,0,0
WG_METRICS 383,256,768,1.5190,0.0082,0.0069,1.4624,0.0171,0.0244,256,768,196608,393216,134438.3281,268876.6562,0.0000,0,0.0000,0.0000,0,0.0000,0,0.0000,0.0000,0,0.0000,0.0000,0,0,0,0,0,0,0,0,0,0,0,0,0,0,0,0,0,0,0,0,0,0,0,0,0,0.0000,0,32,0,0,0,0,0,0
WG_METRICS 384,256,768,1.4667,0.0081,0.0069,1.3971,0.0302,0.0243,256,768,196608,393216,140723.7812,281447.5625,0.0000,0,0.0000,0.0000,0,0.0000,0,0.0000,0.0000,0,0.0000,0.0000,0,0,0,0,0,0,0,0,0,0,0,0,0,0,0,0,0,0,0,0,0,0,0,0,0,0.0000,0,32,0,0,0,0,0,0
WG_METRICS 385,256,768,1.5114,0.0082,0.0069,1.4522,0.0172,0.0270,256,768,196608,393216,135382.5781,270765.1562,0.0000,0,0.0000,0.0000,0,0.0000,0,0.0000,0.0000,0,0.0000,0.0000,0,0,0,0,0,0,0,0,0,0,0,0,0,0,0,0,0,0,0,0,0,0,0,0,0,0.0000,0,32,0,0,0,0,0,0
WG_METRICS 386,256,768,1.6242,0.0084,0.0069,1.5645,0.0173,0.0271,256,768,196608,393216,125666.6562,251333.3125,0.0000,0,0.0000,0.0000,0,0.0000,0,0.0000,0.0000,0,0.0000,0.0000,0,0,0,0,0,0,0,0,0,0,0,0,0,0,0,0,0,0,0,0,0,0,0,0,0,0.0000,0,32,0,0,0,0,0,0
WG_METRICS 387,256,768,1.8683,0.0088,0.0070,1.8036,0.0177,0.0313,256,768,196608,393216,109011.0625,218022.1250,0.0000,0,0.0000,0.0000,0,0.0000,0,0.0000,0.0000,0,0.0000,0.0000,0,0,0,0,0,0,0,0,0,0,0,0,0,0,0,0,0,0,0,0,0,0,0,0,0,0.0000,0,32,0,0,0,0,0,0
WG_METRICS 388,256,768,1.9081,0.0090,0.0070,1.8414,0.0181,0.0327,256,768,196608,393216,106773.2578,213546.5156,0.0000,0,0.0000,0.0000,0,0.0000,0,0.0000,0.0000,0,0.0000,0.0000,0,0,0,0,0,0,0,0,0,0,0,0,0,0,0,0,0,0,0,0,0,0,0,0,0,0.0000,0,32,0,0,0,0,0,0
WG_METRICS 389,256,768,1.8338,0.0088,0.0070,1.7704,0.0176,0.0301,256,768,196608,393216,111055.3828,222110.7656,0.0000,0,0.0000,0.0000,0,0.0000,0,0.0000,0.0000,0,0.0000,0.0000,0,0,0,0,0,0,0,0,0,0,0,0,0,0,0,0,0,0,0,0,0,0,0,0,0,0.0000,0,32,0,0,0,0,0,0
WG_METRICS 390,256,768,1.8241,0.0087,0.0070,1.7599,0.0175,0.0310,256,768,196608,393216,111714.1719,223428.3438,0.0000,0,0.0000,0.0000,0,0.0000,0,0.0000,0.0000,0,0.0000,0.0000,0,0,0,0,0,0,0,0,0,0,0,0,0,0,0,0,0,0,0,0,0,0,0,0,0,0.0000,0,32,0,0,0,0,0,0
WG_METRICS 391,256,768,1.8084,0.0086,0.0070,1.7460,0.0176,0.0292,256,768,196608,393216,112602.2344,225204.4688,0.0000,0,0.0000,0.0000,0,0.0000,0,0.0000,0.0000,0,0.0000,0.0000,0,0,0,0,0,0,0,0,0,0,0,0,0,0,0,0,0,0,0,0,0,0,0,0,0,0.0000,0,32,0,0,0,0,0,0
WG_METRICS 392,256,768,1.7658,0.0086,0.0070,1.6969,0.0246,0.0288,256,768,196608,393216,115864.4141,231728.8281,0.0000,0,0.0000,0.0000,0,0.0000,0,0.0000,0.0000,0,0.0000,0.0000,0,0,0,0,0,0,0,0,0,0,0,0,0,0,0,0,0,0,0,0,0,0,0,0,0,0.0000,0,32,0,0,0,0,0,0
WG_METRICS 393,256,768,1.7421,0.0087,0.0070,1.6803,0.0173,0.0288,256,768,196608,393216,117006.2812,234012.5625,0.0000,0,0.0000,0.0000,0,0.0000,0,0.0000,0.0000,0,0.0000,0.0000,0,0,0,0,0,0,0,0,0,0,0,0,0,0,0,0,0,0,0,0,0,0,0,0,0,0.0000,0,32,0,0,0,0,0,0
WG_METRICS 394,256,768,1.6630,0.0084,0.0070,1.6036,0.0174,0.0265,256,768,196608,393216,122601.0859,245202.1719,0.0000,0,0.0000,0.0000,0,0.0000,0,0.0000,0.0000,0,0.0000,0.0000,0,0,0,0,0,0,0,0,0,0,0,0,0,0,0,0,0,0,0,0,0,0,0,0,0,0.0000,0,32,0,0,0,0,0,0
WG_METRICS 395,256,768,1.5826,0.0083,0.0070,1.5247,0.0172,0.0255,256,768,196608,393216,128946.9609,257893.9219,0.0000,0,0.0000,0.0000,0,0.0000,0,0.0000,0.0000,0,0.0000,0.0000,0,0,0,0,0,0,0,0,0,0,0,0,0,0,0,0,0,0,0,0,0,0,0,0,0,0.0000,0,32,0,0,0,0,0,0
WG_METRICS 396,256,768,1.5769,0.0083,0.0069,1.5178,0.0172,0.0267,256,768,196608,393216,129538.2656,259076.5312,0.0000,0,0.0000,0.0000,0,0.0000,0,0.0000,0.0000,0,0.0000,0.0000,0,0,0,0,0,0,0,0,0,0,0,0,0,0,0,0,0,0,0,0,0,0,0,0,0,0.0000,0,32,0,0,0,0,0,0
WG_METRICS 397,256,768,1.9294,0.0088,0.0070,1.8634,0.0178,0.0323,256,768,196608,393216,105508.0938,211016.1875,0.0000,0,0.0000,0.0000,0,0.0000,0,0.0000,0.0000,0,0.0000,0.0000,0,0,0,0,0,0,0,0,0,0,0,0,0,0,0,0,0,0,0,0,0,0,0,0,0,0.0000,0,32,0,0,0,0,0,0
WG_METRICS 398,256,768,1.9561,0.0088,0.0071,1.8904,0.0181,0.0317,256,768,196608,393216,104003.3828,208006.7656,0.0000,0,0.0000,0.0000,0,0.0000,0,0.0000,0.0000,0,0.0000,0.0000,0,0,0,0,0,0,0,0,0,0,0,0,0,0,0,0,0,0,0,0,0,0,0,0,0,0.0000,0,32,0,0,0,0,0,0
WG_METRICS 399,256,768,1.9795,0.0090,0.0071,1.9123,0.0179,0.0333,256,768,196608,393216,102813.3984,205626.7969,0.0000,0,0.0000,0.0000,0,0.0000,0,0.0000,0.0000,0,0.0000,0.0000,0,0,0,0,0,0,0,0,0,0,0,0,0,0,0,0,0,0,0,0,0,0,0,0,0,0.0000,0,32,0,0,0,0,0,0
WG_METRICS 400,256,768,1.9879,0.0091,0.0070,1.9219,0.0178,0.0320,256,768,196608,393216,102299.8281,204599.6562,0.0000,0,0.0000,0.0000,0,0.0000,0,0.0000,0.0000,0,0.0000,0.0000,0,0,0,0,0,0,0,0,0,0,0,0,0,0,0,0,0,0,0,0,0,0,0,0,0,0.0000,0,32,0,0,0,0,0,0
WG_METRICS 401,256,768,1.9821,0.0090,0.0070,1.9230,0.0099,0.0331,256,768,196608,393216,102238.1250,204476.2500,0.0000,0,0.0000,0.0000,0,0.0000,0,0.0000,0.0000,0,0.0000,0.0000,0,0,0,0,0,0,0,0,0,0,0,0,0,0,0,0,0,0,0,0,0,0,0,0,0,0.0000,0,32,0,0,0,0,0,0
WG_METRICS 402,256,768,2.0078,0.0089,0.0071,1.9415,0.0181,0.0322,256,768,196608,393216,101267.0703,202534.1406,0.0000,0,0.0000,0.0000,0,0.0000,0,0.0000,0.0000,0,0.0000,0.0000,0,0,0,0,0,0,0,0,0,0,0,0,0,0,0,0,0,0,0,0,0,0,0,0,0,0.0000,0,32,0,0,0,0,0,0
WG_METRICS 403,256,768,2.0097,0.0090,0.0070,1.9426,0.0179,0.0332,256,768,196608,393216,101208.6875,202417.3750,0.0000,0,0.0000,0.0000,0,0.0000,0,0.0000,0.0000,0,0.0000,0.0000,0,0,0,0,0,0,0,0,0,0,0,0,0,0,0,0,0,0,0,0,0,0,0,0,0,0.0000,0,32,0,0,0,0,0,0
WG_METRICS 404,256,768,1.9611,0.0090,0.0070,1.8945,0.0178,0.0328,256,768,196608,393216,103779.3984,207558.7969,0.0000,0,0.0000,0.0000,0,0.0000,0,0.0000,0.0000,0,0.0000,0.0000,0,0,0,0,0,0,0,0,0,0,0,0,0,0,0,0,0,0,0,0,0,0,0,0,0,0.0000,0,32,0,0,0,0,0,0
WG_METRICS 405,256,768,1.7207,0.0087,0.0070,1.6597,0.0174,0.0279,256,768,196608,393216,118461.3906,236922.7812,0.0000,0,0.0000,0.0000,0,0.0000,0,0.0000,0.0000,0,0.0000,0.0000,0,0,0,0,0,0,0,0,0,0,0,0,0,0,0,0,0,0,0,0,0,0,0,0,0,0.0000,0,32,0,0,0,0,0,0
WG_METRICS 406,256,768,1.5784,0.0084,0.0069,1.5194,0.0171,0.0266,256,768,196608,393216,129401.8594,258803.7188,0.0000,0,0.0000,0.0000,0,0.0000,0,0.0000,0.0000,0,0.0000,0.0000,0,0,0,0,0,0,0,0,0,0,0,0,0,0,0,0,0,0,0,0,0,0,0,0,0,0.0000,0,32,0,0,0,0,0,0
WG_METRICS 407,256,768,1.5041,0.0083,0.0069,1.4477,0.0170,0.0242,256,768,196608,393216,135809.0156,271618.0312,0.0000,0,0.0000,0.0000,0,0.0000,0,0.0000,0.0000,0,0.0000,0.0000,0,0,0,0,0,0,0,0,0,0,0,0,0,0,0,0,0,0,0,0,0,0,0,0,0,0.0000,0,32,0,0,0,0,0,0
WG_METRICS 408,256,768,1.4128,0.0081,0.0069,1.3574,0.0172,0.0232,256,768,196608,393216,144837.3438,289674.6875,0.0000,0,0.0000,0.0000,0,0.0000,0,0.0000,0.0000,0,0.0000,0.0000,0,0,0,0,0,0,0,0,0,0,0,0,0,0,0,0,0,0,0,0,0,0,0,0,0,0.0000,0,32,0,0,0,0,0,0
WG_METRICS 409,256,768,1.3255,0.0080,0.0068,1.2719,0.0169,0.0219,256,768,196608,393216,154575.7656,309151.5312,0.0000,0,0.0000,0.0000,0,0.0000,0,0.0000,0.0000,0,0.0000,0.0000,0,0,0,0,0,0,0,0,0,0,0,0,0,0,0,0,0,0,0,0,0,0,0,0,0,0.0000,0,32,0,0,0,0,0,0
WG_METRICS 410,256,768,1.3104,0.0079,0.0069,1.2574,0.0168,0.0214,256,768,196608,393216,156355.7812,312711.5625,0.0000,0,0.0000,0.0000,0,0.0000,0,0.0000,0.0000,0,0.0000,0.0000,0,0,0,0,0,0,0,0,0,0,0,0,0,0,0,0,0,0,0,0,0,0,0,0,0,0.0000,0,32,0,0,0,0,0,0
WG_METRICS 411,256,768,1.3513,0.0080,0.0069,1.2973,0.0168,0.0223,256,768,196608,393216,151554.0312,303108.0625,0.0000,0,0.0000,0.0000,0,0.0000,0,0.0000,0.0000,0,0.0000,0.0000,0,0,0,0,0,0,0,0,0,0,0,0,0,0,0,0,0,0,0,0,0,0,0,0,0,0.0000,0,32,0,0,0,0,0,0
WG_METRICS 412,256,768,1.4732,0.0082,0.0068,1.4164,0.0173,0.0245,256,768,196608,393216,138808.2500,277616.5000,0.0000,0,0.0000,0.0000,0,0.0000,0,0.0000,0.0000,0,0.0000,0.0000,0,0,0,0,0,0,0,0,0,0,0,0,0,0,0,0,0,0,0,0,0,0,0,0,0,0.0000,0,32,0,0,0,0,0,0
WG_METRICS 413,256,768,1.5661,0.0084,0.0068,1.5120,0.0128,0.0260,256,768,196608,393216,130028.3047,260056.6094,0.0000,0,0.0000,0.0000,0,0.0000,0,0.0000,0.0000,0,0.0000,0.0000,0,0,0,0,0,0,0,0,0,0,0,0,0,0,0,0,0,0,0,0,0,0,0,0,0,0.0000,0,32,0,0,0,0,0,0
WG_METRICS 414,256,768,1.8060,0.0087,0.0070,1.7418,0.0176,0.0310,256,768,196608,393216,112878.9297,225757.8594,0.0000,0,0.0000,0.0000,0,0.0000,0,0.0000,0.0000,0,0.0000,0.0000,0,0,0,0,0,0,0,0,0,0,0,0,0,0,0,0,0,0,0,0,0,0,0,0,0,0.0000,0,32,0,0,0,0,0,0
WG_METRICS 415,256,768,1.9951,0.0089,0.0070,1.9288,0.0179,0.0325,256,768,196608,393216,101932.8125,203865.6250,0.0000,0,0.0000,0.0000,0,0.0000,0,0.0000,0.0000,0,0.0000,0.0000,0,0,0,0,0,0,0,0,0,0,0,0,0,0,0,0,0,0,0,0,0,0,0,0,0,0.0000,0,32,0,0,0,0,0,0
WG_METRICS 416,256,768,2.0106,0.0090,0.0070,1.9456,0.0167,0.0322,256,768,196608,393216,101052.6328,202105.2656,0.0000,0,0.0000,0.0000,0,0.0000,0,0.0000,0.0000,0,0.0000,0.0000,0,0,0,0,0,0,0,0,0,0,0,0,0,0,0,0,0,0,0,0,0,0,0,0,0,0.0000,0,32,0,0,0,0,0,0
WG_METRICS 417,256,768,2.0191,0.0089,0.0070,1.9533,0.0178,0.0321,256,768,196608,393216,100655.3125,201310.6250,0.0000,0,0.0000,0.0000,0,0.0000,0,0.0000,0.0000,0,0.0000,0.0000,0,0,0,0,0,0,0,0,0,0,0,0,0,0,0,0,0,0,0,0,0,0,0,0,0,0.0000,0,32,0,0,0,0,0,0
WG_METRICS 418,256,768,1.9769,0.0089,0.0070,1.9100,0.0181,0.0329,256,768,196608,393216,102936.1250,205872.2500,0.0000,0,0.0000,0.0000,0,0.0000,0,0.0000,0.0000,0,0.0000,0.0000,0,0,0,0,0,0,0,0,0,0,0,0,0,0,0,0,0,0,0,0,0,0,0,0,0,0.0000,0,32,0,0,0,0,0,0
WG_METRICS 419,256,768,1.9675,0.0089,0.0070,1.9010,0.0178,0.0328,256,768,196608,393216,103425.6406,206851.2812,0.0000,0,0.0000,0.0000,0,0.0000,0,0.0000,0.0000,0,0.0000,0.0000,0,0,0,0,0,0,0,0,0,0,0,0,0,0,0,0,0,0,0,0,0,0,0,0,0,0.0000,0,32,0,0,0,0,0,0
WG_METRICS 420,256,768,1.9576,0.0088,0.0070,1.8916,0.0178,0.0322,256,768,196608,393216,103935.2109,207870.4219,0.0000,0,0.0000,0.0000,0,0.0000,0,0.0000,0.0000,0,0.0000,0.0000,0,0,0,0,0,0,0,0,0,0,0,0,0,0,0,0,0,0,0,0,0,0,0,0,0,0.0000,0,32,0,0,0,0,0,0
WG_METRICS 421,256,768,1.9681,0.0089,0.0070,1.8951,0.0251,0.0320,256,768,196608,393216,103744.3516,207488.7031,0.0000,0,0.0000,0.0000,0,0.0000,0,0.0000,0.0000,0,0.0000,0.0000,0,0,0,0,0,0,0,0,0,0,0,0,0,0,0,0,0,0,0,0,0,0,0,0,0,0.0000,0,32,0,0,0,0,0,0
WG_METRICS 422,256,768,1.9787,0.0090,0.0070,1.9126,0.0181,0.0320,256,768,196608,393216,102798.3438,205596.6875,0.0000,0,0.0000,0.0000,0,0.0000,0,0.0000,0.0000,0,0.0000,0.0000,0,0,0,0,0,0,0,0,0,0,0,0,0,0,0,0,0,0,0,0,0,0,0,0,0,0.0000,0,32,0,0,0,0,0,0
WG_METRICS 423,256,768,1.9925,0.0089,0.0070,1.9264,0.0179,0.0322,256,768,196608,393216,102057.6797,204115.3594,0.0000,0,0.0000,0.0000,0,0.0000,0,0.0000,0.0000,0,0.0000,0.0000,0,0,0,0,0,0,0,0,0,0,0,0,0,0,0,0,0,0,0,0,0,0,0,0,0,0.0000,0,32,0,0,0,0,0,0
WG_METRICS 424,256,768,2.0185,0.0091,0.0070,1.9525,0.0178,0.0320,256,768,196608,393216,100694.4844,201388.9688,0.0000,0,0.0000,0.0000,0,0.0000,0,0.0000,0.0000,0,0.0000,0.0000,0,0,0,0,0,0,0,0,0,0,0,0,0,0,0,0,0,0,0,0,0,0,0,0,0,0.0000,0,32,0,0,0,0,0,0
WG_METRICS 425,256,768,2.0042,0.0090,0.0070,1.9381,0.0179,0.0322,256,768,196608,393216,101442.6328,202885.2656,0.0000,0,0.0000,0.0000,0,0.0000,0,0.0000,0.0000,0,0.0000,0.0000,0,0,0,0,0,0,0,0,0,0,0,0,0,0,0,0,0,0,0,0,0,0,0,0,0,0.0000,0,32,0,0,0,0,0,0
WG_METRICS 426,256,768,2.0244,0.0090,0.0071,1.9580,0.0180,0.0324,256,768,196608,393216,100414.7188,200829.4375,0.0000,0,0.0000,0.0000,0,0.0000,0,0.0000,0.0000,0,0.0000,0.0000,0,0,0,0,0,0,0,0,0,0,0,0,0,0,0,0,0,0,0,0,0,0,0,0,0,0.0000,0,32,0,0,0,0,0,0
WG_METRICS 427,256,768,1.9985,0.0089,0.0071,1.9326,0.0179,0.0320,256,768,196608,393216,101730.2812,203460.5625,0.0000,0,0.0000,0.0000,0,0.0000,0,0.0000,0.0000,0,0.0000,0.0000,0,0,0,0,0,0,0,0,0,0,0,0,0,0,0,0,0,0,0,0,0,0,0,0,0,0.0000,0,32,0,0,0,0,0,0
WG_METRICS 428,256,768,2.0113,0.0090,0.0070,1.9448,0.0178,0.0326,256,768,196608,393216,101096.2812,202192.5625,0.0000,0,0.0000,0.0000,0,0.0000,0,0.0000,0.0000,0,0.0000,0.0000,0,0,0,0,0,0,0,0,0,0,0,0,0,0,0,0,0,0,0,0,0,0,0,0,0,0.0000,0,32,0,0,0,0,0,0
WG_METRICS 429,256,768,1.9990,0.0090,0.0071,1.9373,0.0135,0.0321,256,768,196608,393216,101484.5234,202969.0469,0.0000,0,0.0000,0.0000,0,0.0000,0,0.0000,0.0000,0,0.0000,0.0000,0,0,0,0,0,0,0,0,0,0,0,0,0,0,0,0,0,0,0,0,0,0,0,0,0,0.0000,0,32,0,0,0,0,0,0
WG_METRICS 430,256,768,1.9728,0.0089,0.0070,1.8994,0.0251,0.0324,256,768,196608,393216,103510.5859,207021.1719,0.0000,0,0.0000,0.0000,0,0.0000,0,0.0000,0.0000,0,0.0000,0.0000,0,0,0,0,0,0,0,0,0,0,0,0,0,0,0,0,0,0,0,0,0,0,0,0,0,0.0000,0,32,0,0,0,0,0,0
WG_METRICS 431,256,768,1.9970,0.0090,0.0070,1.9308,0.0178,0.0323,256,768,196608,393216,101827.2266,203654.4531,0.0000,0,0.0000,0.0000,0,0.0000,0,0.0000,0.0000,0,0.0000,0.0000,0,0,0,0,0,0,0,0,0,0,0,0,0,0,0,0,0,0,0,0,0,0,0,0,0,0.0000,0,32,0,0,0,0,0,0
WG_METRICS 432,256,768,1.9790,0.0089,0.0070,1.9127,0.0181,0.0322,256,768,196608,393216,102789.7500,205579.5000,0.0000,0,0.0000,0.0000,0,0.0000,0,0.0000,0.0000,0,0.0000,0.0000,0,0,0,0,0,0,0,0,0,0,0,0,0,0,0,0,0,0,0,0,0,0,0,0,0,0.0000,0,32,0,0,0,0,0,0
WG_METRICS 433,256,768,1.9819,0.0089,0.0070,1.9141,0.0178,0.0340,256,768,196608,393216,102714.5625,205429.1250,0.0000,0,0.0000,0.0000,0,0.0000,0,0.0000,0.0000,0,0.0000,0.0000,0,0,0,0,0,0,0,0,0,0,0,0,0,0,0,0,0,0,0,0,0,0,0,0,0,0.0000,0,32,0,0,0,0,0,0
WG_METRICS 434,256,768,1.9986,0.0089,0.0071,1.9329,0.0178,0.0319,256,768,196608,393216,101717.6406,203435.2812,0.0000,0,0.0000,0.0000,0,0.0000,0,0.0000,0.0000,0,0.0000,0.0000,0,0,0,0,0,0,0,0,0,0,0,0,0,0,0,0,0,0,0,0,0,0,0,0,0,0.0000,0,32,0,0,0,0,0,0
WG_METRICS 435,256,768,1.9995,0.0091,0.0070,1.9323,0.0178,0.0332,256,768,196608,393216,101747.1250,203494.2500,0.0000,0,0.0000,0.0000,0,0.0000,0,0.0000,0.0000,0,0.0000,0.0000,0,0,0,0,0,0,0,0,0,0,0,0,0,0,0,0,0,0,0,0,0,0,0,0,0,0.0000,0,32,0,0,0,0,0,0
WG_METRICS 436,256,768,2.0016,0.0089,0.0070,1.9345,0.0180,0.0330,256,768,196608,393216,101631.4141,203262.8281,0.0000,0,0.0000,0.0000,0,0.0000,0,0.0000,0.0000,0,0.0000,0.0000,0,0,0,0,0,0,0,0,0,0,0,0,0,0,0,0,0,0,0,0,0,0,0,0,0,0.0000,0,32,0,0,0,0,0,0
WG_METRICS 437,256,768,1.9755,0.0090,0.0070,1.9082,0.0178,0.0335,256,768,196608,393216,103035.3828,206070.7656,0.0000,0,0.0000,0.0000,0,0.0000,0,0.0000,0.0000,0,0.0000,0.0000,0,0,0,0,0,0,0,0,0,0,0,0,0,0,0,0,0,0,0,0,0,0,0,0,0,0.0000,0,32,0,0,0,0,0,0
WG_METRICS 438,256,768,2.0063,0.0090,0.0070,1.9402,0.0178,0.0322,256,768,196608,393216,101331.7891,202663.5781,0.0000,0,0.0000,0.0000,0,0.0000,0,0.0000,0.0000,0,0.0000,0.0000,0,0,0,0,0,0,0,0,0,0,0,0,0,0,0,0,0,0,0,0,0,0,0,0,0,0.0000,0,32,0,0,0,0,0,0
WG_METRICS 439,256,768,1.9761,0.0089,0.0070,1.9027,0.0252,0.0322,256,768,196608,393216,103329.9688,206659.9375,0.0000,0,0.0000,0.0000,0,0.0000,0,0.0000,0.0000,0,0.0000,0.0000,0,0,0,0,0,0,0,0,0,0,0,0,0,0,0,0,0,0,0,0,0,0,0,0,0,0.0000,0,32,0,0,0,0,0,0
WG_METRICS 440,256,768,1.9908,0.0089,0.0070,1.9245,0.0181,0.0324,256,768,196608,393216,102161.6250,204323.2500,0.0000,0,0.0000,0.0000,0,0.0000,0,0.0000,0.0000,0,0.0000,0.0000,0,0,0,0,0,0,0,0,0,0,0,0,0,0,0,0,0,0,0,0,0,0,0,0,0,0.0000,0,32,0,0,0,0,0,0
WG_METRICS 441,256,768,1.9945,0.0090,0.0070,1.9283,0.0179,0.0323,256,768,196608,393216,101958.1797,203916.3594,0.0000,0,0.0000,0.0000,0,0.0000,0,0.0000,0.0000,0,0.0000,0.0000,0,0,0,0,0,0,0,0,0,0,0,0,0,0,0,0,0,0,0,0,0,0,0,0,0,0.0000,0,32,0,0,0,0,0,0
WG_METRICS 442,256,768,1.9842,0.0088,0.0070,1.9180,0.0178,0.0325,256,768,196608,393216,102504.6406,205009.2812,0.0000,0,0.0000,0.0000,0,0.0000,0,0.0000,0.0000,0,0.0000,0.0000,0,0,0,0,0,0,0,0,0,0,0,0,0,0,0,0,0,0,0,0,0,0,0,0,0,0.0000,0,32,0,0,0,0,0,0
WG_METRICS 443,256,768,1.9554,0.0089,0.0070,1.8902,0.0178,0.0315,256,768,196608,393216,104016.5938,208033.1875,0.0000,0,0.0000,0.0000,0,0.0000,0,0.0000,0.0000,0,0.0000,0.0000,0,0,0,0,0,0,0,0,0,0,0,0,0,0,0,0,0,0,0,0,0,0,0,0,0,0.0000,0,32,0,0,0,0,0,0
WG_METRICS 444,256,768,1.7974,0.0088,0.0070,1.7343,0.0177,0.0296,256,768,196608,393216,113365.7812,226731.5625,0.0000,0,0.0000,0.0000,0,0.0000,0,0.0000,0.0000,0,0.0000,0.0000,0,0,0,0,0,0,0,0,0,0,0,0,0,0,0,0,0,0,0,0,0,0,0,0,0,0.0000,0,32,0,0,0,0,0,0
WG_METRICS 445,256,768,1.6464,0.0085,0.0069,1.5858,0.0173,0.0279,256,768,196608,393216,123983.4531,247966.9062,0.0000,0,0.0000,0.0000,0,0.0000,0,0.0000,0.0000,0,0.0000,0.0000,0,0,0,0,0,0,0,0,0,0,0,0,0,0,0,0,0,0,0,0,0,0,0,0,0,0.0000,0,32,0,0,0,0,0,0
WG_METRICS 446,256,768,1.5479,0.0084,0.0069,1.4899,0.0171,0.0256,256,768,196608,393216,131958.7656,263917.5312,0.0000,0,0.0000,0.0000,0,0.0000,0,0.0000,0.0000,0,0.0000,0.0000,0,0,0,0,0,0,0,0,0,0,0,0,0,0,0,0,0,0,0,0,0,0,0,0,0,0.0000,0,32,0,0,0,0,0,0
WG_METRICS 447,256,768,1.5779,0.0083,0.0069,1.5193,0.0172,0.0262,256,768,196608,393216,129408.6719,258817.3438,0.0000,0,0.0000,0.0000,0,0.0000,0,0.0000,0.0000,0,0.0000,0.0000,0,0,0,0,0,0,0,0,0,0,0,0,0,0,0,0,0,0,0,0,0,0,0,0,0,0.0000,0,32,0,0,0,0,0,0
WG_METRICS 448,256,768,1.6853,0.0084,0.0069,1.6309,0.0107,0.0283,256,768,196608,393216,120550.3594,241100.7188,0.0000,0,0.0000,0.0000,0,0.0000,0,0.0000,0.0000,0,0.0000,0.0000,0,0,0,0,0,0,0,0,0,0,0,0,0,0,0,0,0,0,0,0,0,0,0,0,0,0.0000,0,32,0,0,0,0,0,0
WG_METRICS 449,256,768,1.8483,0.0087,0.0070,1.7831,0.0176,0.0318,256,768,196608,393216,110263.1406,220526.2812,0.0000,0,0.0000,0.0000,0,0.0000,0,0.0000,0.0000,0,0.0000,0.0000,0,0,0,0,0,0,0,0,0,0,0,0,0,0,0,0,0,0,0,0,0,0,0,0,0,0.0000,0,32,0,0,0,0,0,0
WG_METRICS 450,256,768,1.9146,0.0088,0.0070,1.8496,0.0180,0.0313,256,768,196608,393216,106299.8750,212599.7500,0.0000,0,0.0000,0.0000,0,0.0000,0,0.0000,0.0000,0,0.0000,0.0000,0,0,0,0,0,0,0,0,0,0,0,0,0,0,0,0,0,0,0,0,0,0,0,0,0,0.0000,0,32,0,0,0,0,0,0
WG_METRICS 451,256,768,1.9607,0.0088,0.0070,1.8952,0.0177,0.0320,256,768,196608,393216,103742.1641,207484.3281,0.0000,0,0.0000,0.0000,0,0.0000,0,0.0000,0.0000,0,0.0000,0.0000,0,0,0,0,0,0,0,0,0,0,0,0,0,0,0,0,0,0,0,0,0,0,0,0,0,0.0000,0,32,0,0,0,0,0,0
WG_METRICS 452,256,768,1.9499,0.0089,0.0070,1.8847,0.0178,0.0314,256,768,196608,393216,104319.0312,208638.0625,0.0000,0,0.0000,0.0000,0,0.0000,0,0.0000,0.0000,0,0.0000,0.0000,0,0,0,0,0,0,0,0,0,0,0,0,0,0,0,0,0,0,0,0,0,0,0,0,0,0.0000,0,32,0,0,0,0,0,0
WG_METRICS 453,256,768,1.9805,0.0089,0.0070,1.9074,0.0253,0.0319,256,768,196608,393216,103078.6016,206157.2031,0.0000,0,0.0000,0.0000,0,0.0000,0,0.0000,0.0000,0,0.0000,0.0000,0,0,0,0,0,0,0,0,0,0,0,0,0,0,0,0,0,0,0,0,0,0,0,0,0,0.0000,0,32,0,0,0,0,0,0
WG_METRICS 454,256,768,1.9905,0.0089,0.0070,1.8847,0.0590,0.0309,256,768,196608,393216,104319.0312,208638.0625,0.0000,0,0.0000,0.0000,0,0.0000,0,0.0000,0.0000,0,0.0000,0.0000,0,0,0,0,0,0,0,0,0,0,0,0,0,0,0,0,0,0,0,0,0,0,0,0,0,0.0000,0,32,0,0,0,0,0,0
WG_METRICS 455,256,768,1.8323,0.0089,0.0070,1.7704,0.0174,0.0286,256,768,196608,393216,111050.3594,222100.7188,0.0000,0,0.0000,0.0000,0,0.0000,0,0.0000,0.0000,0,0.0000,0.0000,0,0,0,0,0,0,0,0,0,0,0,0,0,0,0,0,0,0,0,0,0,0,0,0,0,0.0000,0,32,0,0,0,0,0,0
WG_METRICS 456,256,768,1.6826,0.0085,0.0069,1.6222,0.0173,0.0277,256,768,196608,393216,121201.3672,242402.7344,0.0000,0,0.0000,0.0000,0,0.0000,0,0.0000,0.0000,0,0.0000,0.0000,0,0,0,0,0,0,0,0,0,0,0,0,0,0,0,0,0,0,0,0,0,0,0,0,0,0.0000,0,32,0,0,0,0,0,0
WG_METRICS 457,256,768,1.6642,0.0085,0.0069,1.6045,0.0174,0.0270,256,768,196608,393216,122536.8984,245073.7969,0.0000,0,0.0000,0.0000,0,0.0000,0,0.0000,0.0000,0,0.0000,0.0000,0,0,0,0,0,0,0,0,0,0,0,0,0,0,0,0,0,0,0,0,0,0,0,0,0,0.0000,0,32,0,0,0,0,0,0
WG_METRICS 458,256,768,1.7558,0.0086,0.0069,1.6866,0.0245,0.0292,256,768,196608,393216,116570.6172,233141.2344,0.0000,0,0.0000,0.0000,0,0.0000,0,0.0000,0.0000,0,0.0000,0.0000,0,0,0,0,0,0,0,0,0,0,0,0,0,0,0,0,0,0,0,0,0,0,0,0,0,0.0000,0,32,0,0,0,0,0,0
WG_METRICS 459,256,768,1.7777,0.0087,0.0069,1.7152,0.0176,0.0293,256,768,196608,393216,114626.8672,229253.7344,0.0000,0,0.0000,0.0000,0,0.0000,0,0.0000,0.0000,0,0.0000,0.0000,0,0,0,0,0,0,0,0,0,0,0,0,0,0,0,0,0,0,0,0,0,0,0,0,0,0.0000,0,32,0,0,0,0,0,0
WG_METRICS 460,256,768,1.7673,0.0087,0.0070,1.7047,0.0178,0.0292,256,768,196608,393216,115334.2578,230668.5156,0.0000,0,0.0000,0.0000,0,0.0000,0,0.0000,0.0000,0,0.0000,0.0000,0,0,0,0,0,0,0,0,0,0,0,0,0,0,0,0,0,0,0,0,0,0,0,0,0,0.0000,0,32,0,0,0,0,0,0
WG_METRICS 461,256,768,1.8472,0.0086,0.0070,1.7834,0.0176,0.0305,256,768,196608,393216,110245.8281,220491.6562,0.0000,0,0.0000,0.0000,0,0.0000,0,0.0000,0.0000,0,0.0000,0.0000,0,0,0,0,0,0,0,0,0,0,0,0,0,0,0,0,0,0,0,0,0,0,0,0,0,0.0000,0,32,0,0,0,0,0,0
WG_METRICS 462,256,768,1.9073,0.0088,0.0070,1.8418,0.0178,0.0319,256,768,196608,393216,106750.0625,213500.1250,0.0000,0,0.0000,0.0000,0,0.0000,0,0.0000,0.0000,0,0.0000,0.0000,0,0,0,0,0,0,0,0,0,0,0,0,0,0,0,0,0,0,0,0,0,0,0,0,0,0.0000,0,32,0,0,0,0,0,0
WG_METRICS 463,256,768,1.9949,0.0089,0.0070,1.9278,0.0178,0.0334,256,768,196608,393216,101987.7969,203975.5938,0.0000,0,0.0000,0.0000,0,0.0000,0,0.0000,0.0000,0,0.0000,0.0000,0,0,0,0,0,0,0,0,0,0,0,0,0,0,0,0,0,0,0,0,0,0,0,0,0,0.0000,0,32,0,0,0,0,0,0
WG_METRICS 464,256,768,1.9352,0.0090,0.0070,1.8716,0.0178,0.0298,256,768,196608,393216,105045.8438,210091.6875,0.0000,0,0.0000,0.0000,0,0.0000,0,0.0000,0.0000,0,0.0000,0.0000,0,0,0,0,0,0,0,0,0,0,0,0,0,0,0,0,0,0,0,0,0,0,0,0,0,0.0000,0,32,0,0,0,0,0,0
WG_METRICS 465,256,768,1.8466,0.0088,0.0070,1.7842,0.0175,0.0291,256,768,196608,393216,110191.4531,220382.9062,0.0000,0,0.0000,0.0000,0,0.0000,0,0.0000,0.0000,0,0.0000,0.0000,0,0,0,0,0,0,0,0,0,0,0,0,0,0,0,0,0,0,0,0,0,0,0,0,0,0.0000,0,32,0,0,0,0,0,0
WG_METRICS 466,256,768,1.8227,0.0086,0.0070,1.7607,0.0175,0.0289,256,768,196608,393216,111663.4062,223326.8125,0.0000,0,0.0000,0.0000,0,0.0000,0,0.0000,0.0000,0,0.0000,0.0000,0,0,0,0,0,0,0,0,0,0,0,0,0,0,0,0,0,0,0,0,0,0,0,0,0,0.0000,0,32,0,0,0,0,0,0
WG_METRICS 467,256,768,1.7720,0.0086,0.0070,1.7186,0.0088,0.0291,256,768,196608,393216,114402.7578,228805.5156,0.0000,0,0.0000,0.0000,0,0.0000,0,0.0000,0.0000,0,0.0000,0.0000,0,0,0,0,0,0,0,0,0,0,0,0,0,0,0,0,0,0,0,0,0,0,0,0,0,0.0000,0,32,0,0,0,0,0,0
WG_METRICS 468,256,768,1.7613,0.0087,0.0070,1.7003,0.0175,0.0278,256,768,196608,393216,115630.0000,231260.0000,0.0000,0,0.0000,0.0000,0,0.0000,0,0.0000,0.0000,0,0.0000,0.0000,0,0,0,0,0,0,0,0,0,0,0,0,0,0,0,0,0,0,0,0,0,0,0,0,0,0.0000,0,32,0,0,0,0,0,0
WG_METRICS 469,256,768,1.6664,0.0086,0.0071,1.6066,0.0173,0.0268,256,768,196608,393216,122375.1953,244750.3906,0.0000,0,0.0000,0.0000,0,0.0000,0,0.0000,0.0000,0,0.0000,0.0000,0,0,0,0,0,0,0,0,0,0,0,0,0,0,0,0,0,0,0,0,0,0,0,0,0,0.0000,0,32,0,0,0,0,0,0
WG_METRICS 470,256,768,1.6021,0.0084,0.0069,1.5429,0.0172,0.0268,256,768,196608,393216,127429.2188,254858.4375,0.0000,0,0.0000,0.0000,0,0.0000,0,0.0000,0.0000,0,0.0000,0.0000,0,0,0,0,0,0,0,0,0,0,0,0,0,0,0,0,0,0,0,0,0,0,0,0,0,0.0000,0,32,0,0,0,0,0,0
WG_METRICS 471,256,768,1.6351,0.0083,0.0069,1.5756,0.0173,0.0270,256,768,196608,393216,124786.1094,249572.2188,0.0000,0,0.0000,0.0000,0,0.0000,0,0.0000,0.0000,0,0.0000,0.0000,0,0,0,0,0,0,0,0,0,0,0,0,0,0,0,0,0,0,0,0,0,0,0,0,0,0.0000,0,32,0,0,0,0,0,0
WG_METRICS 472,256,768,1.7543,0.0084,0.0069,1.6876,0.0203,0.0311,256,768,196608,393216,116504.3047,233008.6094,0.0000,0,0.0000,0.0000,0,0.0000,0,0.0000,0.0000,0,0.0000,0.0000,0,0,0,0,0,0,0,0,0,0,0,0,0,0,0,0,0,0,0,0,0,0,0,0,0,0.0000,0,32,0,0,0,0,0,0
WG_METRICS 473,256,768,1.8475,0.0086,0.0070,1.7537,0.0485,0.0297,256,768,196608,393216,112109.1172,224218.2344,0.0000,0,0.0000,0.0000,0,0.0000,0,0.0000,0.0000,0,0.0000,0.0000,0,0,0,0,0,0,0,0,0,0,0,0,0,0,0,0,0,0,0,0,0,0,0,0,0,0.0000,0,32,0,0,0,0,0,0
WG_METRICS 474,256,768,1.8093,0.0087,0.0070,1.7454,0.0178,0.0305,256,768,196608,393216,112646.1016,225292.2031,0.0000,0,0.0000,0.0000,0,0.0000,0,0.0000,0.0000,0,0.0000,0.0000,0,0,0,0,0,0,0,0,0,0,0,0,0,0,0,0,0,0,0,0,0,0,0,0,0,0.0000,0,32,0,0,0,0,0,0
WG_METRICS 475,256,768,1.8314,0.0087,0.0070,1.7686,0.0176,0.0296,256,768,196608,393216,111165.8984,222331.7969,0.0000,0,0.0000,0.0000,0,0.0000,0,0.0000,0.0000,0,0.0000,0.0000,0,0,0,0,0,0,0,0,0,0,0,0,0,0,0,0,0,0,0,0,0,0,0,0,0,0.0000,0,32,0,0,0,0,0,0
WG_METRICS 476,256,768,1.8652,0.0086,0.0070,1.8021,0.0176,0.0299,256,768,196608,393216,109100.5938,218201.1875,0.0000,0,0.0000,0.0000,0,0.0000,0,0.0000,0.0000,0,0.0000,0.0000,0,0,0,0,0,0,0,0,0,0,0,0,0,0,0,0,0,0,0,0,0,0,0,0,0,0.0000,0,32,0,0,0,0,0,0
WG_METRICS 477,256,768,1.9064,0.0087,0.0070,1.8413,0.0165,0.0329,256,768,196608,393216,106775.5703,213551.1406,0.0000,0,0.0000,0.0000,0,0.0000,0,0.0000,0.0000,0,0.0000,0.0000,0,0,0,0,0,0,0,0,0,0,0,0,0,0,0,0,0,0,0,0,0,0,0,0,0,0.0000,0,32,0,0,0,0,0,0
WG_METRICS 478,256,768,1.9236,0.0089,0.0070,1.8579,0.0180,0.0317,256,768,196608,393216,105821.5625,211643.1250,0.0000,0,0.0000,0.0000,0,0.0000,0,0.0000,0.0000,0,0.0000,0.0000,0,0,0,0,0,0,0,0,0,0,0,0,0,0,0,0,0,0,0,0,0,0,0,0,0,0.0000,0,32,0,0,0,0,0,0
WG_METRICS 479,256,768,1.9086,0.0088,0.0070,1.8451,0.0176,0.0300,256,768,196608,393216,106555.6719,213111.3438,0.0000,0,0.0000,0.0000,0,0.0000,0,0.0000,0.0000,0,0.0000,0.0000,0,0,0,0,0,0,0,0,0,0,0,0,0,0,0,0,0,0,0,0,0,0,0,0,0,0.0000,0,32,0,0,0,0,0,0
WG_METRICS 480,256,768,1.8577,0.0088,0.0070,1.7950,0.0175,0.0294,256,768,196608,393216,109528.4766,219056.9531,0.0000,0,0.0000,0.0000,0,0.0000,0,0.0000,0.0000,0,0.0000,0.0000,0,0,0,0,0,0,0,0,0,0,0,0,0,0,0,0,0,0,0,0,0,0,0,0,0,0.0000,0,32,0,0,0,0,0,0
WG_METRICS 481,256,768,1.8120,0.0087,0.0070,1.7487,0.0176,0.0300,256,768,196608,393216,112432.2344,224864.4688,0.0000,0,0.0000,0.0000,0,0.0000,0,0.0000,0.0000,0,0.0000,0.0000,0,0,0,0,0,0,0,0,0,0,0,0,0,0,0,0,0,0,0,0,0,0,0,0,0,0.0000,0,32,0,0,0,0,0,0
WG_METRICS 482,256,768,1.9461,0.0089,0.0070,1.8733,0.0253,0.0316,256,768,196608,393216,104953.8750,209907.7500,0.0000,0,0.0000,0.0000,0,0.0000,0,0.0000,0.0000,0,0.0000,0.0000,0,0,0,0,0,0,0,0,0,0,0,0,0,0,0,0,0,0,0,0,0,0,0,0,0,0.0000,0,32,0,0,0,0,0,0
WG_METRICS 483,256,768,1.9301,0.0089,0.0070,1.8650,0.0178,0.0314,256,768,196608,393216,105422.1016,210844.2031,0.0000,0,0.0000,0.0000,0,0.0000,0,0.0000,0.0000,0,0.0000,0.0000,0,0,0,0,0,0,0,0,0,0,0,0,0,0,0,0,0,0,0,0,0,0,0,0,0,0.0000,0,32,0,0,0,0,0,0
WG_METRICS 484,256,768,1.8654,0.0088,0.0070,1.8028,0.0177,0.0291,256,768,196608,393216,109059.4453,218118.8906,0.0000,0,0.0000,0.0000,0,0.0000,0,0.0000,0.0000,0,0.0000,0.0000,0,0,0,0,0,0,0,0,0,0,0,0,0,0,0,0,0,0,0,0,0,0,0,0,0,0.0000,0,32,0,0,0,0,0,0
WG_METRICS 485,256,768,1.7775,0.0087,0.0070,1.7150,0.0176,0.0292,256,768,196608,393216,114637.5625,229275.1250,0.0000,0,0.0000,0.0000,0,0.0000,0,0.0000,0.0000,0,0.0000,0.0000,0,0,0,0,0,0,0,0,0,0,0,0,0,0,0,0,0,0,0,0,0,0,0,0,0,0.0000,0,32,0,0,0,0,0,0
WG_METRICS 486,256,768,1.8270,0.0087,0.0070,1.7643,0.0176,0.0294,256,768,196608,393216,111438.0938,222876.1875,0.0000,0,0.0000,0.0000,0,0.0000,0,0.0000,0.0000,0,0.0000,0.0000,0,0,0,0,0,0,0,0,0,0,0,0,0,0,0,0,0,0,0,0,0,0,0,0,0,0.0000,0,32,0,0,0,0,0,0
WG_METRICS 487,256,768,1.8419,0.0087,0.0070,1.7791,0.0176,0.0295,256,768,196608,393216,110508.5703,221017.1406,0.0000,0,0.0000,0.0000,0,0.0000,0,0.0000,0.0000,0,0.0000,0.0000,0,0,0,0,0,0,0,0,0,0,0,0,0,0,0,0,0,0,0,0,0,0,0,0,0,0.0000,0,32,0,0,0,0,0,0
WG_METRICS 488,256,768,1.7279,0.0086,0.0070,1.6661,0.0176,0.0287,256,768,196608,393216,118003.5000,236007.0000,0.0000,0,0.0000,0.0000,0,0.0000,0,0.0000,0.0000,0,0.0000,0.0000,0,0,0,0,0,0,0,0,0,0,0,0,0,0,0,0,0,0,0,0,0,0,0,0,0,0.0000,0,32,0,0,0,0,0,0
WG_METRICS 489,256,768,1.6650,0.0085,0.0069,1.6051,0.0174,0.0271,256,768,196608,393216,122491.0938,244982.1875,0.0000,0,0.0000,0.0000,0,0.0000,0,0.0000,0.0000,0,0.0000,0.0000,0,0,0,0,0,0,0,0,0,0,0,0,0,0,0,0,0,0,0,0,0,0,0,0,0,0.0000,0,32,0,0,0,0,0,0
WG_METRICS 490,256,768,1.6838,0.0085,0.0069,1.6222,0.0173,0.0289,256,768,196608,393216,121195.3906,242390.7812,0.0000,0,0.0000,0.0000,0,0.0000,0,0.0000,0.0000,0,0.0000,0.0000,0,0,0,0,0,0,0,0,0,0,0,0,0,0,0,0,0,0,0,0,0,0,0,0,0,0.0000,0,32,0,0,0,0,0,0
WG_METRICS 491,256,768,1.8571,0.0086,0.0070,1.7944,0.0161,0.0311,256,768,196608,393216,109569.9844,219139.9688,0.0000,0,0.0000,0.0000,0,0.0000,0,0.0000,0.0000,0,0.0000,0.0000,0,0,0,0,0,0,0,0,0,0,0,0,0,0,0,0,0,0,0,0,0,0,0,0,0,0.0000,0,32,0,0,0,0,0,0
WG_METRICS 492,256,768,1.9508,0.0088,0.0071,1.8847,0.0181,0.0321,256,768,196608,393216,104316.8203,208633.6406,0.0000,0,0.0000,0.0000,0,0.0000,0,0.0000,0.0000,0,0.0000,0.0000,0,0,0,0,0,0,0,0,0,0,0,0,0,0,0,0,0,0,0,0,0,0,0,0,0,0.0000,0,32,0,0,0,0,0,0
WG_METRICS 493,256,768,1.9708,0.0090,0.0070,1.9050,0.0178,0.0321,256,768,196608,393216,103208.4609,206416.9219,0.0000,0,0.0000,0.0000,0,0.0000,0,0.0000,0.0000,0,0.0000,0.0000,0,0,0,0,0,0,0,0,0,0,0,0,0,0,0,0,0,0,0,0,0,0,0,0,0,0.0000,0,32,0,0,0,0,0,0
WG_METRICS 494,256,768,1.9792,0.0089,0.0070,1.9115,0.0178,0.0339,256,768,196608,393216,102854.2734,205708.5469,0.0000,0,0.0000,0.0000,0,0.0000,0,0.0000,0.0000,0,0.0000,0.0000,0,0,0,0,0,0,0,0,0,0,0,0,0,0,0,0,0,0,0,0,0,0,0,0,0,0.0000,0,32,0,0,0,0,0,0
WG_METRICS 495,256,768,1.9916,0.0089,0.0070,1.9253,0.0179,0.0325,256,768,196608,393216,102117.0469,204234.0938,0.0000,0,0.0000,0.0000,0,0.0000,0,0.0000,0.0000,0,0.0000,0.0000,0,0,0,0,0,0,0,0,0,0,0,0,0,0,0,0,0,0,0,0,0,0,0,0,0,0.0000,0,32,0,0,0,0,0,0
WG_METRICS 496,256,768,1.9900,0.0090,0.0070,1.9159,0.0251,0.0329,256,768,196608,393216,102618.0625,205236.1250,0.0000,0,0.0000,0.0000,0,0.0000,0,0.0000,0.0000,0,0.0000,0.0000,0,0,0,0,0,0,0,0,0,0,0,0,0,0,0,0,0,0,0,0,0,0,0,0,0,0.0000,0,32,0,0,0,0,0,0
WG_METRICS 497,256,768,2.0021,0.0090,0.0070,1.9343,0.0178,0.0340,256,768,196608,393216,101644.0234,203288.0469,0.0000,0,0.0000,0.0000,0,0.0000,0,0.0000,0.0000,0,0.0000,0.0000,0,0,0,0,0,0,0,0,0,0,0,0,0,0,0,0,0,0,0,0,0,0,0,0,0,0.0000,0,32,0,0,0,0,0,0
WG_METRICS 498,256,768,1.9884,0.0089,0.0070,1.9221,0.0181,0.0322,256,768,196608,393216,102289.1875,204578.3750,0.0000,0,0.0000,0.0000,0,0.0000,0,0.0000,0.0000,0,0.0000,0.0000,0,0,0,0,0,0,0,0,0,0,0,0,0,0,0,0,0,0,0,0,0,0,0,0,0,0.0000,0,32,0,0,0,0,0,0
WG_METRICS 499,256,768,1.9967,0.0091,0.0070,1.9302,0.0178,0.0326,256,768,196608,393216,101856.7656,203713.5312,0.0000,0,0.0000,0.0000,0,0.0000,0,0.0000,0.0000,0,0.0000,0.0000,0,0,0,0,0,0,0,0,0,0,0,0,0,0,0,0,0,0,0,0,0,0,0,0,0,0.0000,0,32,0,0,0,0,0,0
WG_METRICS 500,256,768,1.9756,0.0090,0.0070,1.9097,0.0178,0.0321,256,768,196608,393216,102951.2188,205902.4375,0.0000,0,0.0000,0.0000,0,0.0000,0,0.0000,0.0000,0,0.0000,0.0000,0,0,0,0,0,0,0,0,0,0,0,0,0,0,0,0,0,0,0,0,0,0,0,0,0,0.0000,0,32,0,0,0,0,0,0
WG_METRICS 501,256,768,1.9485,0.0090,0.0070,1.8819,0.0178,0.0328,256,768,196608,393216,104472.0312,208944.0625,0.0000,0,0.0000,0.0000,0,0.0000,0,0.0000,0.0000,0,0.0000,0.0000,0,0,0,0,0,0,0,0,0,0,0,0,0,0,0,0,0,0,0,0,0,0,0,0,0,0.0000,0,32,0,0,0,0,0,0
WG_METRICS 502,256,768,1.9608,0.0090,0.0070,1.8945,0.0180,0.0322,256,768,196608,393216,103777.2109,207554.4219,0.0000,0,0.0000,0.0000,0,0.0000,0,0.0000,0.0000,0,0.0000,0.0000,0,0,0,0,0,0,0,0,0,0,0,0,0,0,0,0,0,0,0,0,0,0,0,0,0,0.0000,0,32,0,0,0,0,0,0
WG_METRICS 503,256,768,1.8071,0.0087,0.0070,1.7443,0.0176,0.0296,256,768,196608,393216,112715.8516,225431.7031,0.0000,0,0.0000,0.0000,0,0.0000,0,0.0000,0.0000,0,0.0000,0.0000,0,0,0,0,0,0,0,0,0,0,0,0,0,0,0,0,0,0,0,0,0,0,0,0,0,0.0000,0,32,0,0,0,0,0,0
WG_METRICS 504,256,768,1.6778,0.0086,0.0069,1.6171,0.0173,0.0278,256,768,196608,393216,121579.1016,243158.2031,0.0000,0,0.0000,0.0000,0,0.0000,0,0.0000,0.0000,0,0.0000,0.0000,0,0,0,0,0,0,0,0,0,0,0,0,0,0,0,0,0,0,0,0,0,0,0,0,0,0.0000,0,32,0,0,0,0,0,0
WG_METRICS 505,256,768,1.6651,0.0084,0.0069,1.6052,0.0173,0.0272,256,768,196608,393216,122478.8828,244957.7656,0.0000,0,0.0000,0.0000,0,0.0000,0,0.0000,0.0000,0,0.0000,0.0000,0,0,0,0,0,0,0,0,0,0,0,0,0,0,0,0,0,0,0,0,0,0,0,0,0,0.0000,0,32,0,0,0,0,0,0
WG_METRICS 506,256,768,1.6438,0.0084,0.0069,1.5839,0.0175,0.0270,256,768,196608,393216,124127.4844,248254.9688,0.0000,0,0.0000,0.0000,0,0.0000,0,0.0000,0.0000,0,0.0000,0.0000,0,0,0,0,0,0,0,0,0,0,0,0,0,0,0,0,0,0,0,0,0,0,0,0,0,0.0000,0,32,0,0,0,0,0,0
WG_METRICS 507,256,768,1.6056,0.0084,0.0069,1.5476,0.0172,0.0256,256,768,196608,393216,127040.5781,254081.1562,0.0000,0,0.0000,0.0000,0,0.0000,0,0.0000,0.0000,0,0.0000,0.0000,0,0,0,0,0,0,0,0,0,0,0,0,0,0,0,0,0,0,0,0,0,0,0,0,0,0.0000,0,32,0,0,0,0,0,0
WG_METRICS 508,256,768,1.6287,0.0084,0.0068,1.5696,0.0173,0.0267,256,768,196608,393216,125263.1250,250526.2500,0.0000,0,0.0000,0.0000,0,0.0000,0,0.0000,0.0000,0,0.0000,0.0000,0,0,0,0,0,0,0,0,0,0,0,0,0,0,0,0,0,0,0,0,0,0,0,0,0,0.0000,0,32,0,0,0,0,0,0
WG_METRICS 509,256,768,1.7264,0.0086,0.0069,1.6647,0.0175,0.0288,256,768,196608,393216,118105.5781,236211.1562,0.0000,0,0.0000,0.0000,0,0.0000,0,0.0000,0.0000,0,0.0000,0.0000,0,0,0,0,0,0,0,0,0,0,0,0,0,0,0,0,0,0,0,0,0,0,0,0,0,0.0000,0,32,0,0,0,0,0,0
WG_METRICS 510,256,768,1.9183,0.0088,0.0070,1.8542,0.0164,0.0319,256,768,196608,393216,106033.8672,212067.7344,0.0000,0,0.0000,0.0000,0,0.0000,0,0.0000,0.0000,0,0.0000,0.0000,0,0,0,0,0,0,0,0,0,0,0,0,0,0,0,0,0,0,0,0,0,0,0,0,0,0.0000,0,32,0,0,0,0,0,0
WG_METRICS 511,256,768,1.9927,0.0089,0.0070,1.9266,0.0178,0.0323,256,768,196608,393216,102051.3203,204102.6406,0.0000,0,0.0000,0.0000,0,0.0000,0,0.0000,0.0000,0,0.0000,0.0000,0,0,0,0,0,0,0,0,0,0,0,0,0,0,0,0,0,0,0,0,0,0,0,0,0,0.0000,0,32,0,0,0,0,0,0
WG_METRICS 512,256,768,1.9860,0.0088,0.0071,1.9201,0.0181,0.0318,256,768,196608,393216,102395.7344,204791.4688,0.0000,0,0.0000,0.0000,0,0.0000,0,0.0000,0.0000,0,0.0000,0.0000,0,0,0,0,0,0,0,0,0,0,0,0,0,0,0,0,0,0,0,0,0,0,0,0,0,0.0000,0,32,0,0,0,0,0,0
WG_METRICS 513,256,768,1.9685,0.0089,0.0070,1.9021,0.0179,0.0326,256,768,196608,393216,103364.7344,206729.4688,0.0000,0,0.0000,0.0000,0,0.0000,0,0.0000,0.0000,0,0.0000,0.0000,0,0,0,0,0,0,0,0,0,0,0,0,0,0,0,0,0,0,0,0,0,0,0,0,0,0.0000,0,32,0,0,0,0,0,0
WG_METRICS 514,256,768,1.9776,0.0090,0.0070,1.9199,0.0088,0.0330,256,768,196608,393216,102406.3984,204812.7969,0.0000,0,0.0000,0.0000,0,0.0000,0,0.0000,0.0000,0,0.0000,0.0000,0,0,0,0,0,0,0,0,0,0,0,0,0,0,0,0,0,0,0,0,0,0,0,0,0,0.0000,0,32,0,0,0,0,0,0
WG_METRICS 515,256,768,2.0478,0.0089,0.0070,1.9819,0.0179,0.0322,256,768,196608,393216,99202.7812,198405.5625,0.0000,0,0.0000,0.0000,0,0.0000,0,0.0000,0.0000,0,0.0000,0.0000,0,0,0,0,0,0,0,0,0,0,0,0,0,0,0,0,0,0,0,0,0,0,0,0,0,0.0000,0,32,0,0,0,0,0,0
WG_METRICS 516,256,768,1.9939,0.0089,0.0070,1.9277,0.0180,0.0322,256,768,196608,393216,101989.9219,203979.8438,0.0000,0,0.0000,0.0000,0,0.0000,0,0.0000,0.0000,0,0.0000,0.0000,0,0,0,0,0,0,0,0,0,0,0,0,0,0,0,0,0,0,0,0,0,0,0,0,0,0.0000,0,32,0,0,0,0,0,0
WG_METRICS 517,256,768,1.9789,0.0089,0.0070,1.9119,0.0178,0.0333,256,768,196608,393216,102834.9062,205669.8125,0.0000,0,0.0000,0.0000,0,0.0000,0,0.0000,0.0000,0,0.0000,0.0000,0,0,0,0,0,0,0,0,0,0,0,0,0,0,0,0,0,0,0,0,0,0,0,0,0,0.0000,0,32,0,0,0,0,0,0
WG_METRICS 518,256,768,1.9884,0.0090,0.0070,1.9226,0.0178,0.0320,256,768,196608,393216,102263.6484,204527.2969,0.0000,0,0.0000,0.0000,0,0.0000,0,0.0000,0.0000,0,0.0000,0.0000,0,0,0,0,0,0,0,0,0,0,0,0,0,0,0,0,0,0,0,0,0,0,0,0,0,0.0000,0,32,0,0,0,0,0,0
WG_METRICS 519,256,768,2.0036,0.0091,0.0070,1.9298,0.0255,0.0321,256,768,196608,393216,101877.8750,203755.7500,0.0000,0,0.0000,0.0000,0,0.0000,0,0.0000,0.0000,0,0.0000,0.0000,0,0,0,0,0,0,0,0,0,0,0,0,0,0,0,0,0,0,0,0,0,0,0,0,0,0.0000,0,32,0,0,0,0,0,0
WG_METRICS 520,256,768,2.0011,0.0090,0.0070,1.9329,0.0181,0.0341,256,768,196608,393216,101717.6406,203435.2812,0.0000,0,0.0000,0.0000,0,0.0000,0,0.0000,0.0000,0,0.0000,0.0000,0,0,0,0,0,0,0,0,0,0,0,0,0,0,0,0,0,0,0,0,0,0,0,0,0,0.0000,0,32,0,0,0,0,0,0
WG_METRICS 521,256,768,1.9740,0.0093,0.0071,1.9076,0.0179,0.0321,256,768,196608,393216,103063.4688,206126.9375,0.0000,0,0.0000,0.0000,0,0.0000,0,0.0000,0.0000,0,0.0000,0.0000,0,0,0,0,0,0,0,0,0,0,0,0,0,0,0,0,0,0,0,0,0,0,0,0,0,0.0000,0,32,0,0,0,0,0,0
WG_METRICS 522,256,768,2.0047,0.0090,0.0070,1.9388,0.0178,0.0321,256,768,196608,393216,101407.0547,202814.1094,0.0000,0,0.0000,0.0000,0,0.0000,0,0.0000,0.0000,0,0.0000,0.0000,0,0,0,0,0,0,0,0,0,0,0,0,0,0,0,0,0,0,0,0,0,0,0,0,0,0.0000,0,32,0,0,0,0,0,0
WG_METRICS 523,256,768,1.9728,0.0090,0.0070,1.9068,0.0178,0.0321,256,768,196608,393216,103106.7109,206213.4219,0.0000,0,0.0000,0.0000,0,0.0000,0,0.0000,0.0000,0,0.0000,0.0000,0,0,0,0,0,0,0,0,0,0,0,0,0,0,0,0,0,0,0,0,0,0,0,0,0,0.0000,0,32,0,0,0,0,0,0
WG_METRICS 524,256,768,2.0208,0.0089,0.0070,1.9544,0.0180,0.0324,256,768,196608,393216,100599.6875,201199.3750,0.0000,0,0.0000,0.0000,0,0.0000,0,0.0000,0.0000,0,0.0000,0.0000,0,0,0,0,0,0,0,0,0,0,0,0,0,0,0,0,0,0,0,0,0,0,0,0,0,0.0000,0,32,0,0,0,0,0,0
WG_METRICS 525,256,768,1.9639,0.0090,0.0071,1.8973,0.0179,0.0326,256,768,196608,393216,103626.2422,207252.4844,0.0000,0,0.0000,0.0000,0,0.0000,0,0.0000,0.0000,0,0.0000,0.0000,0,0,0,0,0,0,0,0,0,0,0,0,0,0,0,0,0,0,0,0,0,0,0,0,0,0.0000,0,32,0,0,0,0,0,0
WG_METRICS 526,256,768,1.9813,0.0090,0.0070,1.9154,0.0178,0.0321,256,768,196608,393216,102645.9219,205291.8438,0.0000,0,0.0000,0.0000,0,0.0000,0,0.0000,0.0000,0,0.0000,0.0000,0,0,0,0,0,0,0,0,0,0,0,0,0,0,0,0,0,0,0,0,0,0,0,0,0,0.0000,0,32,0,0,0,0,0,0
WG_METRICS 527,256,768,1.9970,0.0090,0.0070,1.9308,0.0178,0.0324,256,768,196608,393216,101827.2266,203654.4531,0.0000,0,0.0000,0.0000,0,0.0000,0,0.0000,0.0000,0,0.0000,0.0000,0,0,0,0,0,0,0,0,0,0,0,0,0,0,0,0,0,0,0,0,0,0,0,0,0,0.0000,0,32,0,0,0,0,0,0
WG_METRICS 528,256,768,1.9776,0.0089,0.0071,1.9129,0.0166,0.0322,256,768,196608,393216,102781.1484,205562.2969,0.0000,0,0.0000,0.0000,0,0.0000,0,0.0000,0.0000,0,0.0000,0.0000,0,0,0,0,0,0,0,0,0,0,0,0,0,0,0,0,0,0,0,0,0,0,0,0,0,0.0000,0,32,0,0,0,0,0,0
WG_METRICS 529,256,768,1.9764,0.0089,0.0071,1.9092,0.0178,0.0334,256,768,196608,393216,102977.1016,205954.2031,0.0000,0,0.0000,0.0000,0,0.0000,0,0.0000,0.0000,0,0.0000,0.0000,0,0,0,0,0,0,0,0,0,0,0,0,0,0,0,0,0,0,0,0,0,0,0,0,0,0.0000,0,32,0,0,0,0,0,0
WG_METRICS 530,256,768,1.9799,0.0090,0.0070,1.9137,0.0181,0.0321,256,768,196608,393216,102738.1797,205476.3594,0.0000,0,0.0000,0.0000,0,0.0000,0,0.0000,0.0000,0,0.0000,0.0000,0,0,0,0,0,0,0,0,0,0,0,0,0,0,0,0,0,0,0,0,0,0,0,0,0,0.0000,0,32,0,0,0,0,0,0
WG_METRICS 531,256,768,1.9600,0.0089,0.0070,1.8939,0.0179,0.0322,256,768,196608,393216,103810.0938,207620.1875,0.0000,0,0.0000,0.0000,0,0.0000,0,0.0000,0.0000,0,0.0000,0.0000,0,0,0,0,0,0,0,0,0,0,0,0,0,0,0,0,0,0,0,0,0,0,0,0,0,0.0000,0,32,0,0,0,0,0,0
WG_METRICS 532,256,768,2.0299,0.0089,0.0071,1.9640,0.0178,0.0321,256,768,196608,393216,100105.9062,200211.8125,0.0000,0,0.0000,0.0000,0,0.0000,0,0.0000,0.0000,0,0.0000,0.0000,0,0,0,0,0,0,0,0,0,0,0,0,0,0,0,0,0,0,0,0,0,0,0,0,0,0.0000,0,32,0,0,0,0,0,0
WG_METRICS 533,256,768,2.0653,0.0089,0.0070,1.9920,0.0252,0.0322,256,768,196608,393216,98700.7734,197401.5469,0.0000,0,0.0000,0.0000,0,0.0000,0,0.0000,0.0000,0,0.0000,0.0000,0,0,0,0,0,0,0,0,0,0,0,0,0,0,0,0,0,0,0,0,0,0,0,0,0,0.0000,0,32,0,0,0,0,0,0
WG_METRICS 534,256,768,1.9867,0.0089,0.0071,1.9211,0.0180,0.0316,256,768,196608,393216,102340.2969,204680.5938,0.0000,0,0.0000,0.0000,0,0.0000,0,0.0000,0.0000,0,0.0000,0.0000,0,0,0,0,0,0,0,0,0,0,0,0,0,0,0,0,0,0,0,0,0,0,0,0,0,0.0000,0,32,0,0,0,0,0,0
WG_METRICS 535,256,768,1.8880,0.0090,0.0070,1.8276,0.0133,0.0311,256,768,196608,393216,107574.7891,215149.5781,0.0000,0,0.0000,0.0000,0,0.0000,0,0.0000,0.0000,0,0.0000,0.0000,0,0,0,0,0,0,0,0,0,0,0,0,0,0,0,0,0,0,0,0,0,0,0,0,0,0.0000,0,32,0,0,0,0,0,0
WG_METRICS 536,256,768,1.7974,0.0086,0.0070,1.7351,0.0175,0.0292,256,768,196608,393216,113310.8906,226621.7812,0.0000,0,0.0000,0.0000,0,0.0000,0,0.0000,0.0000,0,0.0000,0.0000,0,0,0,0,0,0,0,0,0,0,0,0,0,0,0,0,0,0,0,0,0,0,0,0,0,0.0000,0,32,0,0,0,0,0,0
WG_METRICS 537,256,768,1.9357,0.0086,0.0070,1.8719,0.0165,0.0318,256,768,196608,393216,105032.3672,210064.7344,0.0000,0,0.0000,0.0000,0,0.0000,0,0.0000,0.0000,0,0.0000,0.0000,0,0,0,0,0,0,0,0,0,0,0,0,0,0,0,0,0,0,0,0,0,0,0,0,0,0.0000,0,32,0,0,0,0,0,0
WG_METRICS 538,256,768,1.9512,0.0090,0.0070,1.8842,0.0181,0.0328,256,768,196608,393216,104343.3906,208686.7812,0.0000,0,0.0000,0.0000,0,0.0000,0,0.0000,0.0000,0,0.0000,0.0000,0,0,0,0,0,0,0,0,0,0,0,0,0,0,0,0,0,0,0,0,0,0,0,0,0,0.0000,0,32,0,0,0,0,0,0
WG_METRICS 539,256,768,2.0271,0.0090,0.0070,1.9610,0.0178,0.0323,256,768,196608,393216,100261.0938,200522.1875,0.0000,0,0.0000,0.0000,0,0.0000,0,0.0000,0.0000,0,0.0000,0.0000,0,0,0,0,0,0,0,0,0,0,0,0,0,0,0,0,0,0,0,0,0,0,0,0,0,0.0000,0,32,0,0,0,0,0,0
WG_METRICS 540,256,768,1.9871,0.0089,0.0071,1.9231,0.0135,0.0345,256,768,196608,393216,102236.0000,204472.0000,0.0000,0,0.0000,0.0000,0,0.0000,0,0.0000,0.0000,0,0.0000,0.0000,0,0,0,0,0,0,0,0,0,0,0,0,0,0,0,0,0,0,0,0,0,0,0,0,0,0.0000,0,32,0,0,0,0,0,0
WG_METRICS 541,256,768,1.9872,0.0090,0.0070,1.9213,0.0178,0.0321,256,768,196608,393216,102331.7812,204663.5625,0.0000,0,0.0000,0.0000,0,0.0000,0,0.0000,0.0000,0,0.0000,0.0000,0,0,0,0,0,0,0,0,0,0,0,0,0,0,0,0,0,0,0,0,0,0,0,0,0,0.0000,0,32,0,0,0,0,0,0
WG_METRICS 542,256,768,1.9767,0.0090,0.0070,1.9147,0.0138,0.0322,256,768,196608,393216,102684.5234,205369.0469,0.0000,0,0.0000,0.0000,0,0.0000,0,0.0000,0.0000,0,0.0000,0.0000,0,0,0,0,0,0,0,0,0,0,0,0,0,0,0,0,0,0,0,0,0,0,0,0,0,0.0000,0,32,0,0,0,0,0,0
WG_METRICS 543,256,768,1.9828,0.0090,0.0070,1.9162,0.0178,0.0326,256,768,196608,393216,102600.9297,205201.8594,0.0000,0,0.0000,0.0000,0,0.0000,0,0.0000,0.0000,0,0.0000,0.0000,0,0,0,0,0,0,0,0,0,0,0,0,0,0,0,0,0,0,0,0,0,0,0,0,0,0.0000,0,32,0,0,0,0,0,0
WG_METRICS 544,256,768,1.9848,0.0089,0.0071,1.9188,0.0179,0.0321,256,768,196608,393216,102466.1797,204932.3594,0.0000,0,0.0000,0.0000,0,0.0000,0,0.0000,0.0000,0,0.0000,0.0000,0,0,0,0,0,0,0,0,0,0,0,0,0,0,0,0,0,0,0,0,0,0,0,0,0,0.0000,0,32,0,0,0,0,0,0
WG_METRICS 545,256,768,1.9891,0.0090,0.0070,1.9232,0.0178,0.0320,256,768,196608,393216,102229.6172,204459.2344,0.0000,0,0.0000,0.0000,0,0.0000,0,0.0000,0.0000,0,0.0000,0.0000,0,0,0,0,0,0,0,0,0,0,0,0,0,0,0,0,0,0,0,0,0,0,0,0,0,0.0000,0,32,0,0,0,0,0,0
WG_METRICS 546,256,768,1.9922,0.0090,0.0071,1.9184,0.0251,0.0326,256,768,196608,393216,102483.2656,204966.5312,0.0000,0,0.0000,0.0000,0,0.0000,0,0.0000,0.0000,0,0.0000,0.0000,0,0,0,0,0,0,0,0,0,0,0,0,0,0,0,0,0,0,0,0,0,0,0,0,0,0.0000,0,32,0,0,0,0,0,0
WG_METRICS 547,256,768,1.9811,0.0090,0.0070,1.9194,0.0135,0.0322,256,768,196608,393216,102432.0078,204864.0156,0.0000,0,0.0000,0.0000,0,0.0000,0,0.0000,0.0000,0,0.0000,0.0000,0,0,0,0,0,0,0,0,0,0,0,0,0,0,0,0,0,0,0,0,0,0,0,0,0,0.0000,0,32,0,0,0,0,0,0
WG_METRICS 548,256,768,1.9782,0.0090,0.0071,1.9107,0.0181,0.0334,256,768,196608,393216,102899.4922,205798.9844,0.0000,0,0.0000,0.0000,0,0.0000,0,0.0000,0.0000,0,0.0000,0.0000,0,0,0,0,0,0,0,0,0,0,0,0,0,0,0,0,0,0,0,0,0,0,0,0,0,0.0000,0,32,0,0,0,0,0,0
WG_METRICS 549,256,768,1.9529,0.0090,0.0070,1.8870,0.0179,0.0320,256,768,196608,393216,104192.9844,208385.9688,0.0000,0,0.0000,0.0000,0,0.0000,0,0.0000,0.0000,0,0.0000,0.0000,0,0,0,0,0,0,0,0,0,0,0,0,0,0,0,0,0,0,0,0,0,0,0,0,0,0.0000,0,32,0,0,0,0,0,0
WG_METRICS 550,256,768,1.9786,0.0089,0.0070,1.9141,0.0164,0.0321,256,768,196608,393216,102716.7109,205433.4219,0.0000,0,0.0000,0.0000,0,0.0000,0,0.0000,0.0000,0,0.0000,0.0000,0,0,0,0,0,0,0,0,0,0,0,0,0,0,0,0,0,0,0,0,0,0,0,0,0,0.0000,0,32,0,0,0,0,0,0
WG_METRICS 551,256,768,2.0004,0.0089,0.0070,1.9342,0.0178,0.0325,256,768,196608,393216,101648.2266,203296.4531,0.0000,0,0.0000,0.0000,0,0.0000,0,0.0000,0.0000,0,0.0000,0.0000,0,0,0,0,0,0,0,0,0,0,0,0,0,0,0,0,0,0,0,0,0,0,0,0,0,0.0000,0,32,0,0,0,0,0,0
WG_METRICS 552,256,768,1.9726,0.0090,0.0070,1.9065,0.0181,0.0320,256,768,196608,393216,103126.1797,206252.3594,0.0000,0,0.0000,0.0000,0,0.0000,0,0.0000,0.0000,0,0.0000,0.0000,0,0,0,0,0,0,0,0,0,0,0,0,0,0,0,0,0,0,0,0,0,0,0,0,0,0.0000,0,32,0,0,0,0,0,0
WG_METRICS 553,256,768,2.0100,0.0089,0.0070,1.9475,0.0135,0.0330,256,768,196608,393216,100953.0078,201906.0156,0.0000,0,0.0000,0.0000,0,0.0000,0,0.0000,0.0000,0,0.0000,0.0000,0,0,0,0,0,0,0,0,0,0,0,0,0,0,0,0,0,0,0,0,0,0,0,0,0,0.0000,0,32,0,0,0,0,0,0
WG_METRICS 554,256,768,1.9707,0.0090,0.0070,1.9046,0.0179,0.0321,256,768,196608,393216,103225.8125,206451.6250,0.0000,0,0.0000,0.0000,0,0.0000,0,0.0000,0.0000,0,0.0000,0.0000,0,0,0,0,0,0,0,0,0,0,0,0,0,0,0,0,0,0,0,0,0,0,0,0,0,0.0000,0,32,0,0,0,0,0,0
WG_METRICS 555,256,768,2.0051,0.0090,0.0070,1.9390,0.0179,0.0322,256,768,196608,393216,101396.5938,202793.1875,0.0000,0,0.0000,0.0000,0,0.0000,0,0.0000,0.0000,0,0.0000,0.0000,0,0,0,0,0,0,0,0,0,0,0,0,0,0,0,0,0,0,0,0,0,0,0,0,0,0.0000,0,32,0,0,0,0,0,0
WG_METRICS 556,256,768,1.9662,0.0090,0.0070,1.9000,0.0182,0.0320,256,768,196608,393216,103477.8984,206955.7969,0.0000,0,0.0000,0.0000,0,0.0000,0,0.0000,0.0000,0,0.0000,0.0000,0,0,0,0,0,0,0,0,0,0,0,0,0,0,0,0,0,0,0,0,0,0,0,0,0,0.0000,0,32,0,0,0,0,0,0
WG_METRICS 557,256,768,1.9783,0.0089,0.0070,1.9123,0.0178,0.0322,256,768,196608,393216,102811.2422,205622.4844,0.0000,0,0.0000,0.0000,0,0.0000,0,0.0000,0.0000,0,0.0000,0.0000,0,0,0,0,0,0,0,0,0,0,0,0,0,0,0,0,0,0,0,0,0,0,0,0,0,0.0000,0,32,0,0,0,0,0,0
WG_METRICS 558,256,768,1.9612,0.0088,0.0071,1.8948,0.0178,0.0328,256,768,196608,393216,103764.0625,207528.1250,0.0000,0,0.0000,0.0000,0,0.0000,0,0.0000,0.0000,0,0.0000,0.0000,0,0,0,0,0,0,0,0,0,0,0,0,0,0,0,0,0,0,0,0,0,0,0,0,0,0.0000,0,32,0,0,0,0,0,0
WG_METRICS 559,256,768,2.0030,0.0090,0.0070,1.9344,0.0208,0.0319,256,768,196608,393216,101639.8203,203279.6406,0.0000,0,0.0000,0.0000,0,0.0000,0,0.0000,0.0000,0,0.0000,0.0000,0,0,0,0,0,0,0,0,0,0,0,0,0,0,0,0,0,0,0,0,0,0,0,0,0,0.0000,0,32,0,0,0,0,0,0
WG_METRICS 560,256,768,1.9779,0.0089,0.0070,1.9158,0.0137,0.0324,256,768,196608,393216,102622.3438,205244.6875,0.0000,0,0.0000,0.0000,0,0.0000,0,0.0000,0.0000,0,0.0000,0.0000,0,0,0,0,0,0,0,0,0,0,0,0,0,0,0,0,0,0,0,0,0,0,0,0,0,0.0000,0,32,0,0,0,0,0,0
WG_METRICS 561,256,768,1.9642,0.0090,0.0070,1.8980,0.0179,0.0322,256,768,196608,393216,103589.1172,207178.2344,0.0000,0,0.0000,0.0000,0,0.0000,0,0.0000,0.0000,0,0.0000,0.0000,0,0,0,0,0,0,0,0,0,0,0,0,0,0,0,0,0,0,0,0,0,0,0,0,0,0.0000,0,32,0,0,0,0,0,0
WG_METRICS 562,256,768,1.9634,0.0088,0.0070,1.8974,0.0178,0.0322,256,768,196608,393216,103617.5078,207235.0156,0.0000,0,0.0000,0.0000,0,0.0000,0,0.0000,0.0000,0,0.0000,0.0000,0,0,0,0,0,0,0,0,0,0,0,0,0,0,0,0,0,0,0,0,0,0,0,0,0,0.0000,0,32,0,0,0,0,0,0
WG_METRICS 563,256,768,1.9794,0.0090,0.0071,1.9200,0.0110,0.0322,256,768,196608,393216,102397.8672,204795.7344,0.0000,0,0.0000,0.0000,0,0.0000,0,0.0000,0.0000,0,0.0000,0.0000,0,0,0,0,0,0,0,0,0,0,0,0,0,0,0,0,0,0,0,0,0,0,0,0,0,0.0000,0,32,0,0,0,0,0,0
WG_METRICS 564,256,768,2.0179,0.0090,0.0070,1.9514,0.0181,0.0323,256,768,196608,393216,100750.2188,201500.4375,0.0000,0,0.0000,0.0000,0,0.0000,0,0.0000,0.0000,0,0.0000,0.0000,0,0,0,0,0,0,0,0,0,0,0,0,0,0,0,0,0,0,0,0,0,0,0,0,0,0.0000,0,32,0,0,0,0,0,0
WG_METRICS 565,256,768,1.9743,0.0089,0.0071,1.9110,0.0136,0.0337,256,768,196608,393216,102882.2578,205764.5156,0.0000,0,0.0000,0.0000,0,0.0000,0,0.0000,0.0000,0,0.0000,0.0000,0,0,0,0,0,0,0,0,0,0,0,0,0,0,0,0,0,0,0,0,0,0,0,0,0,0.0000,0,32,0,0,0,0,0,0
WG_METRICS 566,256,768,1.9772,0.0089,0.0070,1.9102,0.0178,0.0332,256,768,196608,393216,102925.3516,205850.7031,0.0000,0,0.0000,0.0000,0,0.0000,0,0.0000,0.0000,0,0.0000,0.0000,0,0,0,0,0,0,0,0,0,0,0,0,0,0,0,0,0,0,0,0,0,0,0,0,0,0.0000,0,32,0,0,0,0,0,0
WG_METRICS 567,256,768,1.9752,0.0089,0.0070,1.9092,0.0178,0.0322,256,768,196608,393216,102977.1016,205954.2031,0.0000,0,0.0000,0.0000,0,0.0000,0,0.0000,0.0000,0,0.0000,0.0000,0,0,0,0,0,0,0,0,0,0,0,0,0,0,0,0,0,0,0,0,0,0,0,0,0,0.0000,0,32,0,0,0,0,0,0
WG_METRICS 568,256,768,1.9994,0.0089,0.0071,1.9262,0.0250,0.0323,256,768,196608,393216,102072.5156,204145.0312,0.0000,0,0.0000,0.0000,0,0.0000,0,0.0000,0.0000,0,0.0000,0.0000,0,0,0,0,0,0,0,0,0,0,0,0,0,0,0,0,0,0,0,0,0,0,0,0,0,0.0000,0,32,0,0,0,0,0,0
WG_METRICS 569,256,768,2.0495,0.0090,0.0071,1.9831,0.0178,0.0324,256,768,196608,393216,99140.7500,198281.5000,0.0000,0,0.0000,0.0000,0,0.0000,0,0.0000,0.0000,0,0.0000,0.0000,0,0,0,0,0,0,0,0,0,0,0,0,0,0,0,0,0,0,0,0,0,0,0,0,0,0.0000,0,32,0,0,0,0,0,0
WG_METRICS 570,256,768,1.9700,0.0091,0.0071,1.9011,0.0181,0.0346,256,768,196608,393216,103419.1094,206838.2188,0.0000,0,0.0000,0.0000,0,0.0000,0,0.0000,0.0000,0,0.0000,0.0000,0,0,0,0,0,0,0,0,0,0,0,0,0,0,0,0,0,0,0,0,0,0,0,0,0,0.0000,0,32,0,0,0,0,0,0
WG_METRICS 571,256,768,1.9849,0.0090,0.0070,1.9186,0.0178,0.0325,256,768,196608,393216,102472.5859,204945.1719,0.0000,0,0.0000,0.0000,0,0.0000,0,0.0000,0.0000,0,0.0000,0.0000,0,0,0,0,0,0,0,0,0,0,0,0,0,0,0,0,0,0,0,0,0,0,0,0,0,0.0000,0,32,0,0,0,0,0,0
WG_METRICS 572,256,768,1.9676,0.0089,0.0070,1.9107,0.0088,0.0321,256,768,196608,393216,102897.3359,205794.6719,0.0000,0,0.0000,0.0000,0,0.0000,0,0.0000,0.0000,0,0.0000,0.0000,0,0,0,0,0,0,0,0,0,0,0,0,0,0,0,0,0,0,0,0,0,0,0,0,0,0.0000,0,32,0,0,0,0,0,0
WG_METRICS 573,256,768,1.9742,0.0090,0.0070,1.9079,0.0178,0.0324,256,768,196608,393216,103048.3438,206096.6875,0.0000,0,0.0000,0.0000,0,0.0000,0,0.0000,0.0000,0,0.0000,0.0000,0,0,0,0,0,0,0,0,0,0,0,0,0,0,0,0,0,0,0,0,0,0,0,0,0,0.0000,0,32,0,0,0,0,0,0
WG_METRICS 574,256,768,1.9680,0.0090,0.0070,1.9017,0.0181,0.0321,256,768,196608,393216,103384.3047,206768.6094,0.0000,0,0.0000,0.0000,0,0.0000,0,0.0000,0.0000,0,0.0000,0.0000,0,0,0,0,0,0,0,0,0,0,0,0,0,0,0,0,0,0,0,0,0,0,0,0,0,0.0000,0,32,0,0,0,0,0,0
WG_METRICS 575,256,768,1.9738,0.0089,0.0070,1.9078,0.0179,0.0322,256,768,196608,393216,103054.8281,206109.6562,0.0000,0,0.0000,0.0000,0,0.0000,0,0.0000,0.0000,0,0.0000,0.0000,0,0,0,0,0,0,0,0,0,0,0,0,0,0,0,0,0,0,0,0,0,0,0,0,0,0.0000,0,32,0,0,0,0,0,0
WG_METRICS 576,256,768,1.9722,0.0090,0.0070,1.9061,0.0178,0.0323,256,768,196608,393216,103147.8203,206295.6406,0.0000,0,0.0000,0.0000,0,0.0000,0,0.0000,0.0000,0,0.0000,0.0000,0,0,0,0,0,0,0,0,0,0,0,0,0,0,0,0,0,0,0,0,0,0,0,0,0,0.0000,0,32,0,0,0,0,0,0
WG_METRICS 577,256,768,1.9701,0.0089,0.0071,1.9052,0.0166,0.0322,256,768,196608,393216,103195.4609,206390.9219,0.0000,0,0.0000,0.0000,0,0.0000,0,0.0000,0.0000,0,0.0000,0.0000,0,0,0,0,0,0,0,0,0,0,0,0,0,0,0,0,0,0,0,0,0,0,0,0,0,0.0000,0,32,0,0,0,0,0,0
WG_METRICS 578,256,768,1.9936,0.0088,0.0070,1.9272,0.0181,0.0324,256,768,196608,393216,102017.4375,204034.8750,0.0000,0,0.0000,0.0000,0,0.0000,0,0.0000,0.0000,0,0.0000,0.0000,0,0,0,0,0,0,0,0,0,0,0,0,0,0,0,0,0,0,0,0,0,0,0,0,0,0.0000,0,32,0,0,0,0,0,0
WG_METRICS 579,256,768,1.9861,0.0090,0.0070,1.9193,0.0178,0.0330,256,768,196608,393216,102438.4141,204876.8281,0.0000,0,0.0000,0.0000,0,0.0000,0,0.0000,0.0000,0,0.0000,0.0000,0,0,0,0,0,0,0,0,0,0,0,0,0,0,0,0,0,0,0,0,0,0,0,0,0,0.0000,0,32,0,0,0,0,0,0
WG_METRICS 580,256,768,1.8678,0.0088,0.0070,1.8090,0.0132,0.0297,256,768,196608,393216,108680.8516,217361.7031,0.0000,0,0.0000,0.0000,0,0.0000,0,0.0000,0.0000,0,0.0000,0.0000,0,0,0,0,0,0,0,0,0,0,0,0,0,0,0,0,0,0,0,0,0,0,0,0,0,0.0000,0,32,0,0,0,0,0,0
WG_METRICS 581,256,768,1.7637,0.0087,0.0070,1.7032,0.0174,0.0275,256,768,196608,393216,115431.7656,230863.5312,0.0000,0,0.0000,0.0000,0,0.0000,0,0.0000,0.0000,0,0.0000,0.0000,0,0,0,0,0,0,0,0,0,0,0,0,0,0,0,0,0,0,0,0,0,0,0,0,0,0.0000,0,32,0,0,0,0,0,0
WG_METRICS 582,256,768,1.6669,0.0085,0.0069,1.6085,0.0158,0.0272,256,768,196608,393216,122229.1250,244458.2500,0.0000,0,0.0000,0.0000,0,0.0000,0,0.0000,0.0000,0,0.0000,0.0000,0,0,0,0,0,0,0,0,0,0,0,0,0,0,0,0,0,0,0,0,0,0,0,0,0,0.0000,0,32,0,0,0,0,0,0
WG_METRICS 583,256,768,1.6158,0.0084,0.0069,1.5564,0.0172,0.0268,256,768,196608,393216,126319.0391,252638.0781,0.0000,0,0.0000,0.0000,0,0.0000,0,0.0000,0.0000,0,0.0000,0.0000,0,0,0,0,0,0,0,0,0,0,0,0,0,0,0,0,0,0,0,0,0,0,0,0,0,0.0000,0,32,0,0,0,0,0,0
WG_METRICS 584,256,768,1.6114,0.0084,0.0069,1.5151,0.0548,0.0260,256,768,196608,393216,129763.9766,259527.9531,0.0000,0,0.0000,0.0000,0,0.0000,0,0.0000,0.0000,0,0.0000,0.0000,0,0,0,0,0,0,0,0,0,0,0,0,0,0,0,0,0,0,0,0,0,0,0,0,0,0.0000,0,32,0,0,0,0,0,0
WG_METRICS 585,256,768,1.6642,0.0086,0.0069,1.6025,0.0173,0.0290,256,768,196608,393216,122686.7656,245373.5312,0.0000,0,0.0000,0.0000,0,0.0000,0,0.0000,0.0000,0,0.0000,0.0000,0,0,0,0,0,0,0,0,0,0,0,0,0,0,0,0,0,0,0,0,0,0,0,0,0,0.0000,0,32,0,0,0,0,0,0
WG_METRICS 586,256,768,1.7686,0.0085,0.0069,1.7048,0.0175,0.0309,256,768,196608,393216,115326.1406,230652.2812,0.0000,0,0.0000,0.0000,0,0.0000,0,0.0000,0.0000,0,0.0000,0.0000,0,0,0,0,0,0,0,0,0,0,0,0,0,0,0,0,0,0,0,0,0,0,0,0,0,0.0000,0,32,0,0,0,0,0,0
WG_METRICS 587,256,768,1.9545,0.0089,0.0070,1.8806,0.0258,0.0322,256,768,196608,393216,104543.1328,209086.2656,0.0000,0,0.0000,0.0000,0,0.0000,0,0.0000,0.0000,0,0.0000,0.0000,0,0,0,0,0,0,0,0,0,0,0,0,0,0,0,0,0,0,0,0,0,0,0,0,0,0.0000,0,32,0,0,0,0,0,0
WG_METRICS 588,256,768,1.9574,0.0089,0.0071,1.8953,0.0137,0.0324,256,768,196608,393216,103735.5938,207471.1875,0.0000,0,0.0000,0.0000,0,0.0000,0,0.0000,0.0000,0,0.0000,0.0000,0,0,0,0,0,0,0,0,0,0,0,0,0,0,0,0,0,0,0,0,0,0,0,0,0,0.0000,0,32,0,0,0,0,0,0
WG_METRICS 589,256,768,1.9739,0.0090,0.0070,1.9078,0.0179,0.0322,256,768,196608,393216,103054.8281,206109.6562,0.0000,0,0.0000,0.0000,0,0.0000,0,0.0000,0.0000,0,0.0000,0.0000,0,0,0,0,0,0,0,0,0,0,0,0,0,0,0,0,0,0,0,0,0,0,0,0,0,0.0000,0,32,0,0,0,0,0,0
